0,0,0,0,0,15,6,2,0,20,1,0,0,11,5,3
0,0,0,0,15,6,2,3,20,1,0,5,11,5,3,10
0,0,0,0,6,2,3,0,1,0,5,0,5,3,10,0
0,15,6,2,0,20,1,0,0,11,5,3,0,0,0,3
15,6,2,3,20,1,0,5,11,5,3,10,0,0,3,1
6,2,3,0,1,0,5,0,5,3,10,0,0,3,1,0
0,20,1,0,0,11,5,3,0,0,0,3,0,0,0,0
20,1,0,5,11,5,3,10,0,0,3,1,0,0,0,0
1,0,5,0,5,3,10,0,0,3,1,0,0,0,0,0
0,0,0,0,0,0,0,0,0,0,0,0,0,0,0,0
0,0,0,0,0,0,0,0,0,0,0,0,0,0,0,0
0,0,0,0,0,0,0,0,0,0,0,0,0,0,0,0
0,0,0,0,0,0,0,0,0,0,0,0,0,0,0,0
0,0,0,0,0,0,0,0,0,0,0,0,0,0,0,0
0,0,0,0,0,0,0,0,0,0,0,0,0,0,0,0
0,0,0,0,0,0,0,0,0,0,0,0,0,0,0,0
0,0,0,0,0,0,0,0,0,0,0,0,0,0,0,0
0,0,0,0,0,0,0,0,0,0,0,0,0,0,0,0
0,0,0,0,0,0,0,0,0,0,0,0,0,0,0,0
0,0,0,0,0,0,0,0,0,0,0,0,0,0,0,0
0,0,0,0,0,0,0,0,0,0,0,0,0,0,0,0
0,0,0,0,0,0,0,0,0,0,0,0,0,0,0,0
0,0,0,0,0,0,0,0,0,0,0,0,0,0,0,0
0,0,0,0,0,0,0,0,0,0,0,0,0,0,0,0
0,0,0,0,0,0,0,0,0,0,0,0,0,0,0,0
0,0,0,0,0,0,0,0,0,0,0,0,0,0,0,0
0,0,0,0,0,0,0,0,0,0,0,0,0,0,0,0
0,0,0,0,0,16,11,11,0,27,48,24,0,18,26,19
0,0,0,0,16,11,11,21,27,48,24,40,18,26,19,35
0,0,0,0,11,11,21,0,48,24,40,0,26,19,35,0
0,16,11,11,0,27,48,24,0,18,26,19,0,9,8,21
16,11,11,21,27,48,24,40,18,26,19,35,9,8,21,26
11,11,21,0,48,24,40,0,26,19,35,0,8,21,26,0
0,27,48,24,0,18,26,19,0,9,8,21,0,0,0,0
27,48,24,40,18,26,19,35,9,8,21,26,0,0,0,0
48,24,40,0,26,19,35,0,8,21,26,0,0,0,0,0
0,0,0,0,0,0,0,0,0,0,0,0,0,0,3,10
0,0,0,0,0,0,0,0,0,0,0,0,0,3,10,0
0,0,0,0,0,0,0,0,0,0,0,0,3,10,0,0
0,0,0,0,0,0,0,0,0,0,3,10,0,0,0,0
0,0,0,0,0,0,0,0,0,3,10,0,0,0,0,0
0,0,0,0,0,0,0,0,3,10,0,0,0,0,0,0
0,0,0,0,0,0,3,10,0,0,0,0,0,0,0,0
0,0,0,0,0,3,10,0,0,0,0,0,0,0,0,0
0,0,0,0,3,10,0,0,0,0,0,0,0,0,0,0
0,0,0,0,0,11,0,0,0,19,0,0,0,0,0,0
0,0,0,0,11,0,0,0,19,0,0,0,0,0,0,0
0,0,0,0,0,0,0,0,0,0,0,0,0,0,0,0
0,11,0,0,0,19,0,0,0,0,0,0,0,2,0,4
11,0,0,0,19,0,0,0,0,0,0,0,2,0,4,0
0,0,0,0,0,0,0,0,0,0,0,0,0,4,0,0
0,19,0,0,0,0,0,0,0,2,0,4,0,0,0,0
19,0,0,0,0,0,0,0,2,0,4,0,0,0,0,0
0,0,0,0,0,0,0,0,0,4,0,0,0,0,0,0
0,0,0,0,0,2,8,2,0,0,4,12,0,0,0,9
0,0,0,0,2,8,2,5,0,4,12,5,0,0,9,0
0,0,0,0,8,2,5,0,4,12,5,0,0,9,0,0
0,2,8,2,0,0,4,12,0,0,0,9,0,0,0,3
2,8,2,5,0,4,12,5,0,0,9,0,0,0,3,0
8,2,5,0,4,12,5,0,0,9,0,0,0,3,0,0
0,0,4,12,0,0,0,9,0,0,0,3,0,0,0,0
0,4,12,5,0,0,9,0,0,0,3,0,0,0,0,0
4,12,5,0,0,9,0,0,0,3,0,0,0,0,0,0
0,0,0,0,0,16,35,34,0,10,54,53,0,0,20,19
0,0,0,0,16,35,34,36,10,54,53,46,0,20,19,13
0,0,0,0,35,34,36,0,54,53,46,0,20,19,13,0
0,16,35,34,0,10,54,53,0,0,20,19,0,0,18,6
16,35,34,36,10,54,53,46,0,20,19,13,0,18,6,23
35,34,36,0,54,53,46,0,20,19,13,0,18,6,23,0
0,10,54,53,0,0,20,19,0,0,18,6,0,0,0,0
10,54,53,46,0,20,19,13,0,18,6,23,0,0,0,0
54,53,46,0,20,19,13,0,18,6,23,0,0,0,0,0
0,0,0,0,0,19,33,36,0,27,38,33,0,13,9,0
0,0,0,0,19,33,36,36,27,38,33,35,13,9,0,23
0,0,0,0,33,36,36,0,38,33,35,0,9,0,23,0
0,19,33,36,0,27,38,33,0,13,9,0,0,8,8,12
19,33,36,36,27,38,33,35,13,9,0,23,8,8,12,27
33,36,36,0,38,33,35,0,9,0,23,0,8,12,27,0
0,27,38,33,0,13,9,0,0,8,8,12,0,0,0,0
27,38,33,35,13,9,0,23,8,8,12,27,0,0,0,0
38,33,35,0,9,0,23,0,8,12,27,0,0,0,0,0
0,0,0,0,0,13,21,24,0,32,27,13,0,9,0,0
0,0,0,0,13,21,24,27,32,27,13,22,9,0,0,17
0,0,0,0,21,24,27,0,27,13,22,0,0,0,17,0
0,13,21,24,0,32,27,13,0,9,0,0,0,8,2,5
13,21,24,27,32,27,13,22,9,0,0,17,8,2,5,19
21,24,27,0,27,13,22,0,0,0,17,0,2,5,19,0
0,32,27,13,0,9,0,0,0,8,2,5,0,0,0,0
32,27,13,22,9,0,0,17,8,2,5,19,0,0,0,0
27,13,22,0,0,0,17,0,2,5,19,0,0,0,0,0
0,0,0,0,0,29,27,31,0,54,74,62,0,30,37,30
0,0,0,0,29,27,31,21,54,74,62,71,30,37,30,43
0,0,0,0,27,31,21,0,74,62,71,0,37,30,43,0
0,29,27,31,0,54,74,62,0,30,37,30,0,11,16,27
29,27,31,21,54,74,62,71,30,37,30,43,11,16,27,33
27,31,21,0,74,62,71,0,37,30,43,0,16,27,33,0
0,54,74,62,0,30,37,30,0,11,16,27,0,0,0,0
54,74,62,71,30,37,30,43,11,16,27,33,0,0,0,0
74,62,71,0,37,30,43,0,16,27,33,0,0,0,0,0
0,0,0,0,0,0,0,0,0,0,12,4,0,0,9,13
0,0,0,0,0,0,0,2,0,12,4,15,0,9,13,0
0,0,0,0,0,0,2,0,12,4,15,0,9,13,0,0
0,0,0,0,0,0,12,4,0,0,9,13,0,3,3,6
0,0,0,2,0,12,4,15,0,9,13,0,3,3,6,6
0,0,2,0,12,4,15,0,9,13,0,0,3,6,6,0
0,0,12,4,0,0,9,13,0,3,3,6,0,0,0,0
0,12,4,15,0,9,13,0,3,3,6,6,0,0,0,0
12,4,15,0,9,13,0,0,3,6,6,0,0,0,0,0
0,0,0,0,0,38,38,37,0,31,27,0,0,0,0,0
0,0,0,0,38,38,37,37,31,27,0,22,0,0,0,5
0,0,0,0,38,37,37,0,27,0,22,0,0,0,5,0
0,38,38,37,0,31,27,0,0,0,0,0,0,10,0,17
38,38,37,37,31,27,0,22,0,0,0,5,10,0,17,20
38,37,37,0,27,0,22,0,0,0,5,0,0,17,20,0
0,31,27,0,0,0,0,0,0,10,0,17,0,0,0,0
31,27,0,22,0,0,0,5,10,0,17,20,0,0,0,0
27,0,22,0,0,0,5,0,0,17,20,0,0,0,0,0
0,0,0,0,0,0,0,0,0,0,0,5,0,3,10,0
0,0,0,0,0,0,0,0,0,0,5,2,3,10,0,0
0,0,0,0,0,0,0,0,0,5,2,0,10,0,0,0
0,0,0,0,0,0,0,5,0,3,10,0,0,2,1,0
0,0,0,0,0,0,5,2,3,10,0,0,2,1,0,5
0,0,0,0,0,5,2,0,10,0,0,0,1,0,5,0
0,0,0,5,0,3,10,0,0,2,1,0,0,0,0,0
0,0,5,2,3,10,0,0,2,1,0,5,0,0,0,0
0,5,2,0,10,0,0,0,1,0,5,0,0,0,0,0
0,0,0,0,0,0,0,0,0,0,0,0,0,8,5,0
0,0,0,0,0,0,0,0,0,0,0,0,8,5,0,0
0,0,0,0,0,0,0,0,0,0,0,0,5,0,0,0
0,0,0,0,0,0,0,0,0,8,5,0,0,4,5,0
0,0,0,0,0,0,0,0,8,5,0,0,4,5,0,0
0,0,0,0,0,0,0,0,5,0,0,0,5,0,0,0
0,0,0,0,0,8,5,0,0,4,5,0,0,0,0,0
0,0,0,0,8,5,0,0,4,5,0,0,0,0,0,0
0,0,0,0,5,0,0,0,5,0,0,0,0,0,0,0
0,0,0,0,0,0,0,0,0,0,17,41,0,4,24,15
0,0,0,0,0,0,0,0,0,17,41,8,4,24,15,17
0,0,0,0,0,0,0,0,17,41,8,0,24,15,17,0
0,0,0,0,0,0,17,41,0,4,24,15,0,1,6,0
0,0,0,0,0,17,41,8,4,24,15,17,1,6,0,5
0,0,0,0,17,41,8,0,24,15,17,0,6,0,5,0
0,0,17,41,0,4,24,15,0,1,6,0,0,0,0,0
0,17,41,8,4,24,15,17,1,6,0,5,0,0,0,0
17,41,8,0,24,15,17,0,6,0,5,0,0,0,0,0
0,0,0,0,0,10,15,13,0,0,12,6,0,0,4,0
0,0,0,0,10,15,13,15,0,12,6,6,0,4,0,5
0,0,0,0,15,13,15,0,12,6,6,0,4,0,5,0
0,10,15,13,0,0,12,6,0,0,4,0,0,5,0,2
10,15,13,15,0,12,6,6,0,4,0,5,5,0,2,11
15,13,15,0,12,6,6,0,4,0,5,0,0,2,11,0
0,0,12,6,0,0,4,0,0,5,0,2,0,0,0,0
0,12,6,6,0,4,0,5,5,0,2,11,0,0,0,0
12,6,6,0,4,0,5,0,0,2,11,0,0,0,0,0
0,0,0,0,0,0,0,0,0,0,3,11,0,1,1,0
0,0,0,0,0,0,0,0,0,3,11,2,1,1,0,6
0,0,0,0,0,0,0,0,3,11,2,0,1,0,6,0
0,0,0,0,0,0,3,11,0,1,1,0,0,0,0,0
0,0,0,0,0,3,11,2,1,1,0,6,0,0,0,0
0,0,0,0,3,11,2,0,1,0,6,0,0,0,0,0
0,0,3,11,0,1,1,0,0,0,0,0,0,0,0,0
0,3,11,2,1,1,0,6,0,0,0,0,0,0,0,0
3,11,2,0,1,0,6,0,0,0,0,0,0,0,0,0
0,0,0,0,0,9,33,34,0,0,11,8,0,0,0,13
0,0,0,0,9,33,34,34,0,11,8,0,0,0,13,0
0,0,0,0,33,34,34,0,11,8,0,0,0,13,0,0
0,9,33,34,0,0,11,8,0,0,0,13,0,0,0,5
9,33,34,34,0,11,8,0,0,0,13,0,0,0,5,4
33,34,34,0,11,8,0,0,0,13,0,0,0,5,4,0
0,0,11,8,0,0,0,13,0,0,0,5,0,0,0,0
0,11,8,0,0,0,13,0,0,0,5,4,0,0,0,0
11,8,0,0,0,13,0,0,0,5,4,0,0,0,0,0
0,0,0,0,0,0,0,0,0,0,0,0,0,1,0,0
0,0,0,0,0,0,0,0,0,0,0,0,1,0,0,0
0,0,0,0,0,0,0,0,0,0,0,0,0,0,0,0
0,0,0,0,0,0,0,0,0,1,0,0,0,0,0,0
0,0,0,0,0,0,0,0,1,0,0,0,0,0,0,0
0,0,0,0,0,0,0,0,0,0,0,0,0,0,0,0
0,0,0,0,0,1,0,0,0,0,0,0,0,0,0,0
0,0,0,0,1,0,0,0,0,0,0,0,0,0,0,0
0,0,0,0,0,0,0,0,0,0,0,0,0,0,0,0
0,0,0,0,0,0,0,0,0,0,0,0,0,0,0,0
0,0,0,0,0,0,0,0,0,0,0,0,0,0,0,0
0,0,0,0,0,0,0,0,0,0,0,0,0,0,0,0
0,0,0,0,0,0,0,0,0,0,0,0,0,0,0,0
0,0,0,0,0,0,0,0,0,0,0,0,0,0,0,0
0,0,0,0,0,0,0,0,0,0,0,0,0,0,0,0
0,0,0,0,0,0,0,0,0,0,0,0,0,0,0,0
0,0,0,0,0,0,0,0,0,0,0,0,0,0,0,0
0,0,0,0,0,0,0,0,0,0,0,0,0,0,0,0
0,0,0,0,0,0,0,0,0,0,0,0,0,0,0,0
0,0,0,0,0,0,0,0,0,0,0,0,0,0,0,0
0,0,0,0,0,0,0,0,0,0,0,0,0,0,0,0
0,0,0,0,0,0,0,0,0,0,0,0,0,0,0,0
0,0,0,0,0,0,0,0,0,0,0,0,0,0,0,0
0,0,0,0,0,0,0,0,0,0,0,0,0,0,0,0
0,0,0,0,0,0,0,0,0,0,0,0,0,0,0,0
0,0,0,0,0,0,0,0,0,0,0,0,0,0,0,0
0,0,0,0,0,0,0,0,0,0,0,0,0,0,0,0
0,0,0,0,0,3,0,0,0,5,24,10,0,4,31,5
0,0,0,0,3,0,0,0,5,24,10,31,4,31,5,17
0,0,0,0,0,0,0,0,24,10,31,0,31,5,17,0
0,3,0,0,0,5,24,10,0,4,31,5,0,0,10,4
3,0,0,0,5,24,10,31,4,31,5,17,0,10,4,0
0,0,0,0,24,10,31,0,31,5,17,0,10,4,0,0
0,5,24,10,0,4,31,5,0,0,10,4,0,0,0,0
5,24,10,31,4,31,5,17,0,10,4,0,0,0,0,0
24,10,31,0,31,5,17,0,10,4,0,0,0,0,0,0
0,0,0,0,0,0,0,0,0,0,3,13,0,0,2,12
0,0,0,0,0,0,0,6,0,3,13,0,0,2,12,0
0,0,0,0,0,0,6,0,3,13,0,0,2,12,0,0
0,0,0,0,0,0,3,13,0,0,2,12,0,0,11,0
0,0,0,6,0,3,13,0,0,2,12,0,0,11,0,0
0,0,6,0,3,13,0,0,2,12,0,0,11,0,0,0
0,0,3,13,0,0,2,12,0,0,11,0,0,0,0,0
0,3,13,0,0,2,12,0,0,11,0,0,0,0,0,0
3,13,0,0,2,12,0,0,11,0,0,0,0,0,0,0
0,0,0,0,0,0,0,0,0,0,0,0,0,0,0,0
0,0,0,0,0,0,0,0,0,0,0,0,0,0,0,0
0,0,0,0,0,0,0,0,0,0,0,0,0,0,0,0
0,0,0,0,0,0,0,0,0,0,0,0,0,0,0,0
0,0,0,0,0,0,0,0,0,0,0,0,0,0,0,0
0,0,0,0,0,0,0,0,0,0,0,0,0,0,0,0
0,0,0,0,0,0,0,0,0,0,0,0,0,0,0,0
0,0,0,0,0,0,0,0,0,0,0,0,0,0,0,0
0,0,0,0,0,0,0,0,0,0,0,0,0,0,0,0
0,0,0,0,0,0,0,0,0,25,31,21,0,22,32,6
0,0,0,0,0,0,0,0,25,31,21,31,22,32,6,26
0,0,0,0,0,0,0,0,31,21,31,0,32,6,26,0
0,0,0,0,0,25,31,21,0,22,32,6,0,9,9,5
0,0,0,0,25,31,21,31,22,32,6,26,9,9,5,16
0,0,0,0,31,21,31,0,32,6,26,0,9,5,16,0
0,25,31,21,0,22,32,6,0,9,9,5,0,0,0,0
25,31,21,31,22,32,6,26,9,9,5,16,0,0,0,0
31,21,31,0,32,6,26,0,9,5,16,0,0,0,0,0
0,0,0,0,0,0,0,0,0,19,18,20,0,18,23,0
0,0,0,0,0,0,0,0,19,18,20,19,18,23,0,12
0,0,0,0,0,0,0,0,18,20,19,0,23,0,12,0
0,0,0,0,0,19,18,20,0,18,23,0,0,10,2,13
0,0,0,0,19,18,20,19,18,23,0,12,10,2,13,0
0,0,0,0,18,20,19,0,23,0,12,0,2,13,0,0
0,19,18,20,0,18,23,0,0,10,2,13,0,0,0,0
19,18,20,19,18,23,0,12,10,2,13,0,0,0,0,0
18,20,19,0,23,0,12,0,2,13,0,0,0,0,0,0
0,0,0,0,0,0,11,11,0,0,10,20,0,0,0,4
0,0,0,0,0,11,11,19,0,10,20,11,0,0,4,0
0,0,0,0,11,11,19,0,10,20,11,0,0,4,0,0
0,0,11,11,0,0,10,20,0,0,0,4,0,0,6,0
0,11,11,19,0,10,20,11,0,0,4,0,0,6,0,0
11,11,19,0,10,20,11,0,0,4,0,0,6,0,0,0
0,0,10,20,0,0,0,4,0,0,6,0,0,0,0,0
0,10,20,11,0,0,4,0,0,6,0,0,0,0,0,0
10,20,11,0,0,4,0,0,6,0,0,0,0,0,0,0
0,0,0,0,0,37,38,38,0,23,40,13,0,9,12,6
0,0,0,0,37,38,38,40,23,40,13,35,9,12,6,11
0,0,0,0,38,38,40,0,40,13,35,0,12,6,11,0
0,37,38,38,0,23,40,13,0,9,12,6,0,8,11,9
37,38,38,40,23,40,13,35,9,12,6,11,8,11,9,24
38,38,40,0,40,13,35,0,12,6,11,0,11,9,24,0
0,23,40,13,0,9,12,6,0,8,11,9,0,0,0,0
23,40,13,35,9,12,6,11,8,11,9,24,0,0,0,0
40,13,35,0,12,6,11,0,11,9,24,0,0,0,0,0
0,0,0,0,0,0,0,0,0,0,0,0,0,0,0,0
0,0,0,0,0,0,0,0,0,0,0,0,0,0,0,0
0,0,0,0,0,0,0,0,0,0,0,0,0,0,0,0
0,0,0,0,0,0,0,0,0,0,0,0,0,0,0,0
0,0,0,0,0,0,0,0,0,0,0,0,0,0,0,0
0,0,0,0,0,0,0,0,0,0,0,0,0,0,0,0
0,0,0,0,0,0,0,0,0,0,0,0,0,0,0,0
0,0,0,0,0,0,0,0,0,0,0,0,0,0,0,0
0,0,0,0,0,0,0,0,0,0,0,0,0,0,0,0
0,0,0,0,0,10,20,23,0,11,0,0,0,11,0,0
0,0,0,0,10,20,23,17,11,0,0,0,11,0,0,0
0,0,0,0,20,23,17,0,0,0,0,0,0,0,0,0
0,10,20,23,0,11,0,0,0,11,0,0,0,5,0,0
10,20,23,17,11,0,0,0,11,0,0,0,5,0,0,0
20,23,17,0,0,0,0,0,0,0,0,0,0,0,0,0
0,11,0,0,0,11,0,0,0,5,0,0,0,0,0,0
11,0,0,0,11,0,0,0,5,0,0,0,0,0,0,0
0,0,0,0,0,0,0,0,0,0,0,0,0,0,0,0
0,0,0,0,0,32,36,35,0,38,53,37,0,17,25,23
0,0,0,0,32,36,35,42,38,53,37,41,17,25,23,32
0,0,0,0,36,35,42,0,53,37,41,0,25,23,32,0
0,32,36,35,0,38,53,37,0,17,25,23,0,10,9,22
32,36,35,42,38,53,37,41,17,25,23,32,10,9,22,22
36,35,42,0,53,37,41,0,25,23,32,0,9,22,22,0
0,38,53,37,0,17,25,23,0,10,9,22,0,0,0,0
38,53,37,41,17,25,23,32,10,9,22,22,0,0,0,0
53,37,41,0,25,23,32,0,9,22,22,0,0,0,0,0
0,0,0,0,0,0,0,0,0,0,10,21,0,0,12,16
0,0,0,0,0,0,0,0,0,10,21,5,0,12,16,0
0,0,0,0,0,0,0,0,10,21,5,0,12,16,0,0
0,0,0,0,0,0,10,21,0,0,12,16,0,8,17,0
0,0,0,0,0,10,21,5,0,12,16,0,8,17,0,2
0,0,0,0,10,21,5,0,12,16,0,0,17,0,2,0
0,0,10,21,0,0,12,16,0,8,17,0,0,0,0,0
0,10,21,5,0,12,16,0,8,17,0,2,0,0,0,0
10,21,5,0,12,16,0,0,17,0,2,0,0,0,0,0
0,0,0,0,0,20,43,50,0,22,40,23,0,8,13,13
0,0,0,0,20,43,50,47,22,40,23,27,8,13,13,16
0,0,0,0,43,50,47,0,40,23,27,0,13,13,16,0
0,20,43,50,0,22,40,23,0,8,13,13,0,5,0,11
20,43,50,47,22,40,23,27,8,13,13,16,5,0,11,17
43,50,47,0,40,23,27,0,13,13,16,0,0,11,17,0
0,22,40,23,0,8,13,13,0,5,0,11,0,0,0,0
22,40,23,27,8,13,13,16,5,0,11,17,0,0,0,0
40,23,27,0,13,13,16,0,0,11,17,0,0,0,0,0
0,0,0,0,0,10,17,22,0,27,52,44,0,13,24,0
0,0,0,0,10,17,22,12,27,52,44,32,13,24,0,27
0,0,0,0,17,22,12,0,52,44,32,0,24,0,27,0
0,10,17,22,0,27,52,44,0,13,24,0,0,3,0,0
10,17,22,12,27,52,44,32,13,24,0,27,3,0,0,22
17,22,12,0,52,44,32,0,24,0,27,0,0,0,22,0
0,27,52,44,0,13,24,0,0,3,0,0,0,0,0,0
27,52,44,32,13,24,0,27,3,0,0,22,0,0,0,0
52,44,32,0,24,0,27,0,0,0,22,0,0,0,0,0
0,0,0,0,0,10,15,13,0,6,12,13,0,4,0,0
0,0,0,0,10,15,13,15,6,12,13,0,4,0,0,2
0,0,0,0,15,13,15,0,12,13,0,0,0,0,2,0
0,10,15,13,0,6,12,13,0,4,0,0,0,4,0,0
10,15,13,15,6,12,13,0,4,0,0,2,4,0,0,5
15,13,15,0,12,13,0,0,0,0,2,0,0,0,5,0
0,6,12,13,0,4,0,0,0,4,0,0,0,0,0,0
6,12,13,0,4,0,0,2,4,0,0,5,0,0,0,0
12,13,0,0,0,0,2,0,0,0,5,0,0,0,0,0
0,0,0,0,0,0,0,0,0,0,0,0,0,0,0,0
0,0,0,0,0,0,0,0,0,0,0,0,0,0,0,0
0,0,0,0,0,0,0,0,0,0,0,0,0,0,0,0
0,0,0,0,0,0,0,0,0,0,0,0,0,0,0,0
0,0,0,0,0,0,0,0,0,0,0,0,0,0,0,0
0,0,0,0,0,0,0,0,0,0,0,0,0,0,0,0
0,0,0,0,0,0,0,0,0,0,0,0,0,0,0,0
0,0,0,0,0,0,0,0,0,0,0,0,0,0,0,0
0,0,0,0,0,0,0,0,0,0,0,0,0,0,0,0
0,0,0,0,0,0,0,0,0,0,5,1,0,3,5,8
0,0,0,0,0,0,0,0,0,5,1,0,3,5,8,0
0,0,0,0,0,0,0,0,5,1,0,0,5,8,0,0
0,0,0,0,0,0,5,1,0,3,5,8,0,1,2,2
0,0,0,0,0,5,1,0,3,5,8,0,1,2,2,0
0,0,0,0,5,1,0,0,5,8,0,0,2,2,0,0
0,0,5,1,0,3,5,8,0,1,2,2,0,0,0,0
0,5,1,0,3,5,8,0,1,2,2,0,0,0,0,0
5,1,0,0,5,8,0,0,2,2,0,0,0,0,0,0
0,0,0,0,0,0,3,0,0,1,16,44,0,17,24,13
0,0,0,0,0,3,0,9,1,16,44,26,17,24,13,22
0,0,0,0,3,0,9,0,16,44,26,0,24,13,22,0
0,0,3,0,0,1,16,44,0,17,24,13,0,10,13,0
0,3,0,9,1,16,44,26,17,24,13,22,10,13,0,12
3,0,9,0,16,44,26,0,24,13,22,0,13,0,12,0
0,1,16,44,0,17,24,13,0,10,13,0,0,0,0,0
1,16,44,26,17,24,13,22,10,13,0,12,0,0,0,0
16,44,26,0,24,13,22,0,13,0,12,0,0,0,0,0
0,0,0,0,0,0,6,9,0,24,42,67,0,17,26,6
0,0,0,0,0,6,9,8,24,42,67,27,17,26,6,13
0,0,0,0,6,9,8,0,42,67,27,0,26,6,13,0
0,0,6,9,0,24,42,67,0,17,26,6,0,6,1,4
0,6,9,8,24,42,67,27,17,26,6,13,6,1,4,12
6,9,8,0,42,67,27,0,26,6,13,0,1,4,12,0
0,24,42,67,0,17,26,6,0,6,1,4,0,0,0,0
24,42,67,27,17,26,6,13,6,1,4,12,0,0,0,0
42,67,27,0,26,6,13,0,1,4,12,0,0,0,0,0
0,0,0,0,0,5,18,17,0,0,0,6,0,0,0,2
0,0,0,0,5,18,17,21,0,0,6,0,0,0,2,0
0,0,0,0,18,17,21,0,0,6,0,0,0,2,0,0
0,5,18,17,0,0,0,6,0,0,0,2,0,0,0,0
5,18,17,21,0,0,6,0,0,0,2,0,0,0,0,6
18,17,21,0,0,6,0,0,0,2,0,0,0,0,6,0
0,0,0,6,0,0,0,2,0,0,0,0,0,0,0,0
0,0,6,0,0,0,2,0,0,0,0,6,0,0,0,0
0,6,0,0,0,2,0,0,0,0,6,0,0,0,0,0
0,0,0,0,0,27,47,46,0,30,55,23,0,6,5,0
0,0,0,0,27,47,46,53,30,55,23,37,6,5,0,23
0,0,0,0,47,46,53,0,55,23,37,0,5,0,23,0
0,27,47,46,0,30,55,23,0,6,5,0,0,4,0,6
27,47,46,53,30,55,23,37,6,5,0,23,4,0,6,27
47,46,53,0,55,23,37,0,5,0,23,0,0,6,27,0
0,30,55,23,0,6,5,0,0,4,0,6,0,0,0,0
30,55,23,37,6,5,0,23,4,0,6,27,0,0,0,0
55,23,37,0,5,0,23,0,0,6,27,0,0,0,0,0
0,0,0,0,0,6,9,10,0,42,62,58,0,32,34,20
0,0,0,0,6,9,10,13,42,62,58,44,32,34,20,27
0,0,0,0,9,10,13,0,62,58,44,0,34,20,27,0
0,6,9,10,0,42,62,58,0,32,34,20,0,13,11,12
6,9,10,13,42,62,58,44,32,34,20,27,13,11,12,23
9,10,13,0,62,58,44,0,34,20,27,0,11,12,23,0
0,42,62,58,0,32,34,20,0,13,11,12,0,0,0,0
42,62,58,44,32,34,20,27,13,11,12,23,0,0,0,0
62,58,44,0,34,20,27,0,11,12,23,0,0,0,0,0
0,0,0,0,0,0,0,0,0,0,0,0,0,0,0,0
0,0,0,0,0,0,0,0,0,0,0,0,0,0,0,0
0,0,0,0,0,0,0,0,0,0,0,0,0,0,0,0
0,0,0,0,0,0,0,0,0,0,0,0,0,4,2,0
0,0,0,0,0,0,0,0,0,0,0,0,4,2,0,0
0,0,0,0,0,0,0,0,0,0,0,0,2,0,0,0
0,0,0,0,0,0,0,0,0,4,2,0,0,0,0,0
0,0,0,0,0,0,0,0,4,2,0,0,0,0,0,0
0,0,0,0,0,0,0,0,2,0,0,0,0,0,0,0
0,0,0,0,0,21,37,40,0,42,44,29,0,18,11,6
0,0,0,0,21,37,40,38,42,44,29,22,18,11,6,21
0,0,0,0,37,40,38,0,44,29,22,0,11,6,21,0
0,21,37,40,0,42,44,29,0,18,11,6,0,6,5,16
21,37,40,38,42,44,29,22,18,11,6,21,6,5,16,21
37,40,38,0,44,29,22,0,11,6,21,0,5,16,21,0
0,42,44,29,0,18,11,6,0,6,5,16,0,0,0,0
42,44,29,22,18,11,6,21,6,5,16,21,0,0,0,0
44,29,22,0,11,6,21,0,5,16,21,0,0,0,0,0
0,0,0,0,0,11,3,1,0,17,19,27,0,18,27,32
0,0,0,0,11,3,1,3,17,19,27,17,18,27,32,17
0,0,0,0,3,1,3,0,19,27,17,0,27,32,17,0
0,11,3,1,0,17,19,27,0,18,27,32,0,13,9,15
11,3,1,3,17,19,27,17,18,27,32,17,13,9,15,11
3,1,3,0,19,27,17,0,27,32,17,0,9,15,11,0
0,17,19,27,0,18,27,32,0,13,9,15,0,0,0,0
17,19,27,17,18,27,32,17,13,9,15,11,0,0,0,0
19,27,17,0,27,32,17,0,9,15,11,0,0,0,0,0
0,0,0,0,0,6,11,13,0,2,11,17,0,2,0,2
0,0,0,0,6,11,13,10,2,11,17,9,2,0,2,0
0,0,0,0,11,13,10,0,11,17,9,0,0,2,0,0
0,6,11,13,0,2,11,17,0,2,0,2,0,3,0,0
6,11,13,10,2,11,17,9,2,0,2,0,3,0,0,4
11,13,10,0,11,17,9,0,0,2,0,0,0,0,4,0
0,2,11,17,0,2,0,2,0,3,0,0,0,0,0,0
2,11,17,9,2,0,2,0,3,0,0,4,0,0,0,0
11,17,9,0,0,2,0,0,0,0,4,0,0,0,0,0
0,0,0,0,0,4,19,15,0,5,32,19,0,3,19,13
0,0,0,0,4,19,15,17,5,32,19,37,3,19,13,22
0,0,0,0,19,15,17,0,32,19,37,0,19,13,22,0
0,4,19,15,0,5,32,19,0,3,19,13,0,0,0,6
4,19,15,17,5,32,19,37,3,19,13,22,0,0,6,24
19,15,17,0,32,19,37,0,19,13,22,0,0,6,24,0
0,5,32,19,0,3,19,13,0,0,0,6,0,0,0,0
5,32,19,37,3,19,13,22,0,0,6,24,0,0,0,0
32,19,37,0,19,13,22,0,0,6,24,0,0,0,0,0
0,0,0,0,0,0,18,17,0,13,54,57,0,0,30,8
0,0,0,0,0,18,17,19,13,54,57,54,0,30,8,29
0,0,0,0,18,17,19,0,54,57,54,0,30,8,29,0
0,0,18,17,0,13,54,57,0,0,30,8,0,0,0,3
0,18,17,19,13,54,57,54,0,30,8,29,0,0,3,21
18,17,19,0,54,57,54,0,30,8,29,0,0,3,21,0
0,13,54,57,0,0,30,8,0,0,0,3,0,0,0,0
13,54,57,54,0,30,8,29,0,0,3,21,0,0,0,0
54,57,54,0,30,8,29,0,0,3,21,0,0,0,0,0
0,0,0,0,0,0,0,0,0,0,0,0,0,0,0,0
0,0,0,0,0,0,0,0,0,0,0,0,0,0,0,0
0,0,0,0,0,0,0,0,0,0,0,0,0,0,0,0
0,0,0,0,0,0,0,0,0,0,0,0,0,0,0,0
0,0,0,0,0,0,0,0,0,0,0,0,0,0,0,0
0,0,0,0,0,0,0,0,0,0,0,0,0,0,0,0
0,0,0,0,0,0,0,0,0,0,0,0,0,0,0,0
0,0,0,0,0,0,0,0,0,0,0,0,0,0,0,0
0,0,0,0,0,0,0,0,0,0,0,0,0,0,0,0
0,0,0,0,0,0,0,0,0,0,0,0,0,0,0,4
0,0,0,0,0,0,0,0,0,0,0,0,0,0,4,0
0,0,0,0,0,0,0,0,0,0,0,0,0,4,0,0
0,0,0,0,0,0,0,0,0,0,0,4,0,0,3,1
0,0,0,0,0,0,0,0,0,0,4,0,0,3,1,0
0,0,0,0,0,0,0,0,0,4,0,0,3,1,0,0
0,0,0,0,0,0,0,4,0,0,3,1,0,0,0,0
0,0,0,0,0,0,4,0,0,3,1,0,0,0,0,0
0,0,0,0,0,4,0,0,3,1,0,0,0,0,0,0
0,0,0,0,0,0,0,0,0,0,0,0,0,0,0,0
0,0,0,0,0,0,0,0,0,0,0,0,0,0,0,5
0,0,0,0,0,0,0,0,0,0,0,0,0,0,5,0
0,0,0,0,0,0,0,0,0,0,0,0,0,0,4,4
0,0,0,0,0,0,0,0,0,0,0,5,0,4,4,0
0,0,0,0,0,0,0,0,0,0,5,0,4,4,0,0
0,0,0,0,0,0,0,0,0,0,4,4,0,0,0,0
0,0,0,0,0,0,0,5,0,4,4,0,0,0,0,0
0,0,0,0,0,0,5,0,4,4,0,0,0,0,0,0
0,0,0,0,0,25,19,15,0,38,40,13,0,11,17,18
0,0,0,0,25,19,15,18,38,40,13,50,11,17,18,15
0,0,0,0,19,15,18,0,40,13,50,0,17,18,15,0
0,25,19,15,0,38,40,13,0,11,17,18,0,2,2,12
25,19,15,18,38,40,13,50,11,17,18,15,2,2,12,19
19,15,18,0,40,13,50,0,17,18,15,0,2,12,19,0
0,38,40,13,0,11,17,18,0,2,2,12,0,0,0,0
38,40,13,50,11,17,18,15,2,2,12,19,0,0,0,0
40,13,50,0,17,18,15,0,2,12,19,0,0,0,0,0
0,0,0,0,0,0,0,0,0,0,0,0,0,0,0,9
0,0,0,0,0,0,0,0,0,0,0,0,0,0,9,0
0,0,0,0,0,0,0,0,0,0,0,0,0,9,0,0
0,0,0,0,0,0,0,0,0,0,0,9,0,1,6,5
0,0,0,0,0,0,0,0,0,0,9,0,1,6,5,0
0,0,0,0,0,0,0,0,0,9,0,0,6,5,0,0
0,0,0,0,0,0,0,9,0,1,6,5,0,0,0,0
0,0,0,0,0,0,9,0,1,6,5,0,0,0,0,0
0,0,0,0,0,9,0,0,6,5,0,0,0,0,0,0
0,0,0,0,0,0,0,0,0,0,0,0,0,0,0,0
0,0,0,0,0,0,0,0,0,0,0,0,0,0,0,0
0,0,0,0,0,0,0,0,0,0,0,0,0,0,0,0
0,0,0,0,0,0,0,0,0,0,0,0,0,0,0,0
0,0,0,0,0,0,0,0,0,0,0,0,0,0,0,0
0,0,0,0,0,0,0,0,0,0,0,0,0,0,0,0
0,0,0,0,0,0,0,0,0,0,0,0,0,0,0,0
0,0,0,0,0,0,0,0,0,0,0,0,0,0,0,0
0,0,0,0,0,0,0,0,0,0,0,0,0,0,0,0
0,0,0,0,0,29,35,33,0,49,46,23,0,19,22,10
0,0,0,0,29,35,33,44,49,46,23,46,19,22,10,27
0,0,0,0,35,33,44,0,46,23,46,0,22,10,27,0
0,29,35,33,0,49,46,23,0,19,22,10,0,6,20,24
29,35,33,44,49,46,23,46,19,22,10,27,6,20,24,32
35,33,44,0,46,23,46,0,22,10,27,0,20,24,32,0
0,49,46,23,0,19,22,10,0,6,20,24,0,0,0,0
49,46,23,46,19,22,10,27,6,20,24,32,0,0,0,0
46,23,46,0,22,10,27,0,20,24,32,0,0,0,0,0
0,0,0,0,0,6,0,0,0,13,0,0,0,0,0,0
0,0,0,0,6,0,0,0,13,0,0,0,0,0,0,0
0,0,0,0,0,0,0,0,0,0,0,0,0,0,0,0
0,6,0,0,0,13,0,0,0,0,0,0,0,0,0,0
6,0,0,0,13,0,0,0,0,0,0,0,0,0,0,0
0,0,0,0,0,0,0,0,0,0,0,0,0,0,0,0
0,13,0,0,0,0,0,0,0,0,0,0,0,0,0,0
13,0,0,0,0,0,0,0,0,0,0,0,0,0,0,0
0,0,0,0,0,0,0,0,0,0,0,0,0,0,0,0
0,0,0,0,0,0,0,0,0,0,0,0,0,4,0,0
0,0,0,0,0,0,0,0,0,0,0,0,4,0,0,0
0,0,0,0,0,0,0,0,0,0,0,0,0,0,0,0
0,0,0,0,0,0,0,0,0,4,0,0,0,9,0,0
0,0,0,0,0,0,0,0,4,0,0,0,9,0,0,0
0,0,0,0,0,0,0,0,0,0,0,0,0,0,0,0
0,0,0,0,0,4,0,0,0,9,0,0,0,0,0,0
0,0,0,0,4,0,0,0,9,0,0,0,0,0,0,0
0,0,0,0,0,0,0,0,0,0,0,0,0,0,0,0
0,0,0,0,0,0,0,0,0,10,0,0,0,8,0,0
0,0,0,0,0,0,0,0,10,0,0,0,8,0,0,0
0,0,0,0,0,0,0,0,0,0,0,0,0,0,0,0
0,0,0,0,0,10,0,0,0,8,0,0,0,0,1,0
0,0,0,0,10,0,0,0,8,0,0,0,0,1,0,0
0,0,0,0,0,0,0,0,0,0,0,0,1,0,0,0
0,10,0,0,0,8,0,0,0,0,1,0,0,0,0,0
10,0,0,0,8,0,0,0,0,1,0,0,0,0,0,0
0,0,0,0,0,0,0,0,1,0,0,0,0,0,0,0
0,0,0,0,0,27,40,41,0,15,26,3,0,0,0,3
0,0,0,0,27,40,41,37,15,26,3,18,0,0,3,0
0,0,0,0,40,41,37,0,26,3,18,0,0,3,0,0
0,27,40,41,0,15,26,3,0,0,0,3,0,4,0,9
27,40,41,37,15,26,3,18,0,0,3,0,4,0,9,15
40,41,37,0,26,3,18,0,0,3,0,0,0,9,15,0
0,15,26,3,0,0,0,3,0,4,0,9,0,0,0,0
15,26,3,18,0,0,3,0,4,0,9,15,0,0,0,0
26,3,18,0,0,3,0,0,0,9,15,0,0,0,0,0
0,0,0,0,0,9,46,48,0,10,64,53,0,4,16,22
0,0,0,0,9,46,48,48,10,64,53,46,4,16,22,10
0,0,0,0,46,48,48,0,64,53,46,0,16,22,10,0
0,9,46,48,0,10,64,53,0,4,16,22,0,2,0,6
9,46,48,48,10,64,53,46,4,16,22,10,2,0,6,24
46,48,48,0,64,53,46,0,16,22,10,0,0,6,24,0
0,10,64,53,0,4,16,22,0,2,0,6,0,0,0,0
10,64,53,46,4,16,22,10,2,0,6,24,0,0,0,0
64,53,46,0,16,22,10,0,0,6,24,0,0,0,0,0
0,0,0,0,0,0,0,0,0,0,16,9,0,0,18,13
0,0,0,0,0,0,0,0,0,16,9,20,0,18,13,9
0,0,0,0,0,0,0,0,16,9,20,0,18,13,9,0
0,0,0,0,0,0,16,9,0,0,18,13,0,1,2,0
0,0,0,0,0,16,9,20,0,18,13,9,1,2,0,6
0,0,0,0,16,9,20,0,18,13,9,0,2,0,6,0
0,0,16,9,0,0,18,13,0,1,2,0,0,0,0,0
0,16,9,20,0,18,13,9,1,2,0,6,0,0,0,0
16,9,20,0,18,13,9,0,2,0,6,0,0,0,0,0
0,0,0,0,0,0,9,6,0,0,0,0,0,4,0,0
0,0,0,0,0,9,6,17,0,0,0,0,4,0,0,0
0,0,0,0,9,6,17,0,0,0,0,0,0,0,0,0
0,0,9,6,0,0,0,0,0,4,0,0,0,2,0,0
0,9,6,17,0,0,0,0,4,0,0,0,2,0,0,2
9,6,17,0,0,0,0,0,0,0,0,0,0,0,2,0
0,0,0,0,0,4,0,0,0,2,0,0,0,0,0,0
0,0,0,0,4,0,0,0,2,0,0,2,0,0,0,0
0,0,0,0,0,0,0,0,0,0,2,0,0,0,0,0
0,0,0,0,0,6,19,22,0,6,12,5,0,0,6,0
0,0,0,0,6,19,22,24,6,12,5,16,0,6,0,12
0,0,0,0,19,22,24,0,12,5,16,0,6,0,12,0
0,6,19,22,0,6,12,5,0,0,6,0,0,1,0,4
6,19,22,24,6,12,5,16,0,6,0,12,1,0,4,8
19,22,24,0,12,5,16,0,6,0,12,0,0,4,8,0
0,6,12,5,0,0,6,0,0,1,0,4,0,0,0,0
6,12,5,16,0,6,0,12,1,0,4,8,0,0,0,0
12,5,16,0,6,0,12,0,0,4,8,0,0,0,0,0
0,0,0,0,0,0,0,0,0,0,0,16,0,9,27,9
0,0,0,0,0,0,0,0,0,0,16,0,9,27,9,10
0,0,0,0,0,0,0,0,0,16,0,0,27,9,10,0
0,0,0,0,0,0,0,16,0,9,27,9,0,0,8,1
0,0,0,0,0,0,16,0,9,27,9,10,0,8,1,0
0,0,0,0,0,16,0,0,27,9,10,0,8,1,0,0
0,0,0,16,0,9,27,9,0,0,8,1,0,0,0,0
0,0,16,0,9,27,9,10,0,8,1,0,0,0,0,0
0,16,0,0,27,9,10,0,8,1,0,0,0,0,0,0
0,0,0,0,0,0,0,0,0,0,0,0,0,0,0,0
0,0,0,0,0,0,0,0,0,0,0,0,0,0,0,0
0,0,0,0,0,0,0,0,0,0,0,0,0,0,0,0
0,0,0,0,0,0,0,0,0,0,0,0,0,2,0,0
0,0,0,0,0,0,0,0,0,0,0,0,2,0,0,0
0,0,0,0,0,0,0,0,0,0,0,0,0,0,0,0
0,0,0,0,0,0,0,0,0,2,0,0,0,0,0,0
0,0,0,0,0,0,0,0,2,0,0,0,0,0,0,0
0,0,0,0,0,0,0,0,0,0,0,0,0,0,0,0
0,0,0,0,0,4,1,2,0,22,51,46,0,12,24,17
0,0,0,0,4,1,2,1,22,51,46,48,12,24,17,21
0,0,0,0,1,2,1,0,51,46,48,0,24,17,21,0
0,4,1,2,0,22,51,46,0,12,24,17,0,0,15,4
4,1,2,1,22,51,46,48,12,24,17,21,0,15,4,17
1,2,1,0,51,46,48,0,24,17,21,0,15,4,17,0
0,22,51,46,0,12,24,17,0,0,15,4,0,0,0,0
22,51,46,48,12,24,17,21,0,15,4,17,0,0,0,0
51,46,48,0,24,17,21,0,15,4,17,0,0,0,0,0
0,0,0,0,0,4,0,0,0,0,0,0,0,1,0,0
0,0,0,0,4,0,0,0,0,0,0,0,1,0,0,4
0,0,0,0,0,0,0,0,0,0,0,0,0,0,4,0
0,4,0,0,0,0,0,0,0,1,0,0,0,0,0,0
4,0,0,0,0,0,0,0,1,0,0,4,0,0,0,0
0,0,0,0,0,0,0,0,0,0,4,0,0,0,0,0
0,0,0,0,0,1,0,0,0,0,0,0,0,0,0,0
0,0,0,0,1,0,0,4,0,0,0,0,0,0,0,0
0,0,0,0,0,0,4,0,0,0,0,0,0,0,0,0
0,0,0,0,0,22,13,16,0,22,15,0,0,3,1,0
0,0,0,0,22,13,16,6,22,15,0,12,3,1,0,6
0,0,0,0,13,16,6,0,15,0,12,0,1,0,6,0
0,22,13,16,0,22,15,0,0,3,1,0,0,0,0,1
22,13,16,6,22,15,0,12,3,1,0,6,0,0,1,11
13,16,6,0,15,0,12,0,1,0,6,0,0,1,11,0
0,22,15,0,0,3,1,0,0,0,0,1,0,0,0,0
22,15,0,12,3,1,0,6,0,0,1,11,0,0,0,0
15,0,12,0,1,0,6,0,0,1,11,0,0,0,0,0
0,0,0,0,0,36,68,76,0,30,37,0,0,4,0,0
0,0,0,0,36,68,76,71,30,37,0,17,4,0,0,6
0,0,0,0,68,76,71,0,37,0,17,0,0,0,6,0
0,36,68,76,0,30,37,0,0,4,0,0,0,0,6,16
36,68,76,71,30,37,0,17,4,0,0,6,0,6,16,23
68,76,71,0,37,0,17,0,0,0,6,0,6,16,23,0
0,30,37,0,0,4,0,0,0,0,6,16,0,0,0,0
30,37,0,17,4,0,0,6,0,6,16,23,0,0,0,0
37,0,17,0,0,0,6,0,6,16,23,0,0,0,0,0
0,0,0,0,0,10,36,39,0,20,54,50,0,5,19,23
0,0,0,0,10,36,39,36,20,54,50,40,5,19,23,17
0,0,0,0,36,39,36,0,54,50,40,0,19,23,17,0
0,10,36,39,0,20,54,50,0,5,19,23,0,8,6,10
10,36,39,36,20,54,50,40,5,19,23,17,8,6,10,21
36,39,36,0,54,50,40,0,19,23,17,0,6,10,21,0
0,20,54,50,0,5,19,23,0,8,6,10,0,0,0,0
20,54,50,40,5,19,23,17,8,6,10,21,0,0,0,0
54,50,40,0,19,23,17,0,6,10,21,0,0,0,0,0
0,0,0,0,0,9,23,24,0,2,37,41,0,0,15,17
0,0,0,0,9,23,24,17,2,37,41,25,0,15,17,0
0,0,0,0,23,24,17,0,37,41,25,0,15,17,0,0
0,9,23,24,0,2,37,41,0,0,15,17,0,1,6,4
9,23,24,17,2,37,41,25,0,15,17,0,1,6,4,8
23,24,17,0,37,41,25,0,15,17,0,0,6,4,8,0
0,2,37,41,0,0,15,17,0,1,6,4,0,0,0,0
2,37,41,25,0,15,17,0,1,6,4,8,0,0,0,0
37,41,25,0,15,17,0,0,6,4,8,0,0,0,0,0
0,0,0,0,0,0,0,0,0,0,0,0,0,0,0,0
0,0,0,0,0,0,0,0,0,0,0,0,0,0,0,0
0,0,0,0,0,0,0,0,0,0,0,0,0,0,0,0
0,0,0,0,0,0,0,0,0,0,0,0,0,0,0,0
0,0,0,0,0,0,0,0,0,0,0,0,0,0,0,0
0,0,0,0,0,0,0,0,0,0,0,0,0,0,0,0
0,0,0,0,0,0,0,0,0,0,0,0,0,0,0,0
0,0,0,0,0,0,0,0,0,0,0,0,0,0,0,0
0,0,0,0,0,0,0,0,0,0,0,0,0,0,0,0
0,0,0,0,0,27,38,37,0,38,48,22,0,11,1,11
0,0,0,0,27,38,37,42,38,48,22,34,11,1,11,13
0,0,0,0,38,37,42,0,48,22,34,0,1,11,13,0
0,27,38,37,0,38,48,22,0,11,1,11,0,8,8,21
27,38,37,42,38,48,22,34,11,1,11,13,8,8,21,21
38,37,42,0,48,22,34,0,1,11,13,0,8,21,21,0
0,38,48,22,0,11,1,11,0,8,8,21,0,0,0,0
38,48,22,34,11,1,11,13,8,8,21,21,0,0,0,0
48,22,34,0,1,11,13,0,8,21,21,0,0,0,0,0
0,0,0,0,0,11,39,44,0,0,36,42,0,0,6,9
0,0,0,0,11,39,44,44,0,36,42,24,0,6,9,6
0,0,0,0,39,44,44,0,36,42,24,0,6,9,6,0
0,11,39,44,0,0,36,42,0,0,6,9,0,0,0,1
11,39,44,44,0,36,42,24,0,6,9,6,0,0,1,15
39,44,44,0,36,42,24,0,6,9,6,0,0,1,15,0
0,0,36,42,0,0,6,9,0,0,0,1,0,0,0,0
0,36,42,24,0,6,9,6,0,0,1,15,0,0,0,0
36,42,24,0,6,9,6,0,0,1,15,0,0,0,0,0
0,0,0,0,0,17,30,27,0,0,3,0,0,0,0,2
0,0,0,0,17,30,27,27,0,3,0,8,0,0,2,0
0,0,0,0,30,27,27,0,3,0,8,0,0,2,0,0
0,17,30,27,0,0,3,0,0,0,0,2,0,0,3,4
17,30,27,27,0,3,0,8,0,0,2,0,0,3,4,0
30,27,27,0,3,0,8,0,0,2,0,0,3,4,0,0
0,0,3,0,0,0,0,2,0,0,3,4,0,0,0,0
0,3,0,8,0,0,2,0,0,3,4,0,0,0,0,0
3,0,8,0,0,2,0,0,3,4,0,0,0,0,0,0
0,0,0,0,0,10,9,4,0,0,11,6,0,0,0,6
0,0,0,0,10,9,4,1,0,11,6,0,0,0,6,0
0,0,0,0,9,4,1,0,11,6,0,0,0,6,0,0
0,10,9,4,0,0,11,6,0,0,0,6,0,0,0,1
10,9,4,1,0,11,6,0,0,0,6,0,0,0,1,0
9,4,1,0,11,6,0,0,0,6,0,0,0,1,0,0
0,0,11,6,0,0,0,6,0,0,0,1,0,0,0,0
0,11,6,0,0,0,6,0,0,0,1,0,0,0,0,0
11,6,0,0,0,6,0,0,0,1,0,0,0,0,0,0
0,0,0,0,0,0,1,1,0,0,0,2,0,0,0,0
0,0,0,0,0,1,1,0,0,0,2,0,0,0,0,0
0,0,0,0,1,1,0,0,0,2,0,0,0,0,0,0
0,0,1,1,0,0,0,2,0,0,0,0,0,0,0,0
0,1,1,0,0,0,2,0,0,0,0,0,0,0,0,0
1,1,0,0,0,2,0,0,0,0,0,0,0,0,0,0
0,0,0,2,0,0,0,0,0,0,0,0,0,0,0,0
0,0,2,0,0,0,0,0,0,0,0,0,0,0,0,0
0,2,0,0,0,0,0,0,0,0,0,0,0,0,0,0
0,0,0,0,0,1,0,0,0,0,0,0,0,0,0,10
0,0,0,0,1,0,0,0,0,0,0,0,0,0,10,9
0,0,0,0,0,0,0,0,0,0,0,0,0,10,9,0
0,1,0,0,0,0,0,0,0,0,0,10,0,0,0,0
1,0,0,0,0,0,0,0,0,0,10,9,0,0,0,0
0,0,0,0,0,0,0,0,0,10,9,0,0,0,0,0
0,0,0,0,0,0,0,10,0,0,0,0,0,0,0,0
0,0,0,0,0,0,10,9,0,0,0,0,0,0,0,0
0,0,0,0,0,10,9,0,0,0,0,0,0,0,0,0
0,0,0,0,0,0,0,0,0,9,30,53,0,19,27,10
0,0,0,0,0,0,0,0,9,30,53,23,19,27,10,25
0,0,0,0,0,0,0,0,30,53,23,0,27,10,25,0
0,0,0,0,0,9,30,53,0,19,27,10,0,9,6,6
0,0,0,0,9,30,53,23,19,27,10,25,9,6,6,3
0,0,0,0,30,53,23,0,27,10,25,0,6,6,3,0
0,9,30,53,0,19,27,10,0,9,6,6,0,0,0,0
9,30,53,23,19,27,10,25,9,6,6,3,0,0,0,0
30,53,23,0,27,10,25,0,6,6,3,0,0,0,0,0
0,0,0,0,0,0,0,0,0,12,16,32,0,17,18,8
0,0,0,0,0,0,0,0,12,16,32,30,17,18,8,20
0,0,0,0,0,0,0,0,16,32,30,0,18,8,20,0
0,0,0,0,0,12,16,32,0,17,18,8,0,8,12,5
0,0,0,0,12,16,32,30,17,18,8,20,8,12,5,0
0,0,0,0,16,32,30,0,18,8,20,0,12,5,0,0
0,12,16,32,0,17,18,8,0,8,12,5,0,0,0,0
12,16,32,30,17,18,8,20,8,12,5,0,0,0,0,0
16,32,30,0,18,8,20,0,12,5,0,0,0,0,0,0
0,0,0,0,0,0,0,0,0,0,0,11,0,0,8,13
0,0,0,0,0,0,0,0,0,0,11,0,0,8,13,1
0,0,0,0,0,0,0,0,0,11,0,0,8,13,1,0
0,0,0,0,0,0,0,11,0,0,8,13,0,0,8,0
0,0,0,0,0,0,11,0,0,8,13,1,0,8,0,0
0,0,0,0,0,11,0,0,8,13,1,0,8,0,0,0
0,0,0,11,0,0,8,13,0,0,8,0,0,0,0,0
0,0,11,0,0,8,13,1,0,8,0,0,0,0,0,0
0,11,0,0,8,13,1,0,8,0,0,0,0,0,0,0
0,0,0,0,0,2,0,0,0,6,0,0,0,0,0,0
0,0,0,0,2,0,0,0,6,0,0,2,0,0,0,0
0,0,0,0,0,0,0,0,0,0,2,0,0,0,0,0
0,2,0,0,0,6,0,0,0,0,0,0,0,0,0,0
2,0,0,0,6,0,0,2,0,0,0,0,0,0,0,0
0,0,0,0,0,0,2,0,0,0,0,0,0,0,0,0
0,6,0,0,0,0,0,0,0,0,0,0,0,0,0,0
6,0,0,2,0,0,0,0,0,0,0,0,0,0,0,0
0,0,2,0,0,0,0,0,0,0,0,0,0,0,0,0
0,0,0,0,0,18,10,9,0,27,29,24,0,16,12,6
0,0,0,0,18,10,9,1,27,29,24,26,16,12,6,0
0,0,0,0,10,9,1,0,29,24,26,0,12,6,0,0
0,18,10,9,0,27,29,24,0,16,12,6,0,6,9,13
18,10,9,1,27,29,24,26,16,12,6,0,6,9,13,10
10,9,1,0,29,24,26,0,12,6,0,0,9,13,10,0
0,27,29,24,0,16,12,6,0,6,9,13,0,0,0,0
27,29,24,26,16,12,6,0,6,9,13,10,0,0,0,0
29,24,26,0,12,6,0,0,9,13,10,0,0,0,0,0
0,0,0,0,0,3,5,6,0,3,0,0,0,9,0,2
0,0,0,0,3,5,6,4,3,0,0,12,9,0,2,8
0,0,0,0,5,6,4,0,0,0,12,0,0,2,8,0
0,3,5,6,0,3,0,0,0,9,0,2,0,1,11,1
3,5,6,4,3,0,0,12,9,0,2,8,1,11,1,11
5,6,4,0,0,0,12,0,0,2,8,0,11,1,11,0
0,3,0,0,0,9,0,2,0,1,11,1,0,0,0,0
3,0,0,12,9,0,2,8,1,11,1,11,0,0,0,0
0,0,12,0,0,2,8,0,11,1,11,0,0,0,0,0
0,0,0,0,0,23,37,37,0,15,26,9,0,9,1,0
0,0,0,0,23,37,37,44,15,26,9,23,9,1,0,11
0,0,0,0,37,37,44,0,26,9,23,0,1,0,11,0
0,23,37,37,0,15,26,9,0,9,1,0,0,2,6,6
23,37,37,44,15,26,9,23,9,1,0,11,2,6,6,10
37,37,44,0,26,9,23,0,1,0,11,0,6,6,10,0
0,15,26,9,0,9,1,0,0,2,6,6,0,0,0,0
15,26,9,23,9,1,0,11,2,6,6,10,0,0,0,0
26,9,23,0,1,0,11,0,6,6,10,0,0,0,0,0
0,0,0,0,0,4,0,0,0,6,4,21,0,13,30,10
0,0,0,0,4,0,0,0,6,4,21,19,13,30,10,13
0,0,0,0,0,0,0,0,4,21,19,0,30,10,13,0
0,4,0,0,0,6,4,21,0,13,30,10,0,9,1,0
4,0,0,0,6,4,21,19,13,30,10,13,9,1,0,0
0,0,0,0,4,21,19,0,30,10,13,0,1,0,0,0
0,6,4,21,0,13,30,10,0,9,1,0,0,0,0,0
6,4,21,19,13,30,10,13,9,1,0,0,0,0,0,0
4,21,19,0,30,10,13,0,1,0,0,0,0,0,0,0
0,0,0,0,0,0,0,0,0,0,0,0,0,0,0,0
0,0,0,0,0,0,0,0,0,0,0,0,0,0,0,0
0,0,0,0,0,0,0,0,0,0,0,0,0,0,0,0
0,0,0,0,0,0,0,0,0,0,0,0,0,0,0,0
0,0,0,0,0,0,0,0,0,0,0,0,0,0,0,0
0,0,0,0,0,0,0,0,0,0,0,0,0,0,0,0
0,0,0,0,0,0,0,0,0,0,0,0,0,0,0,0
0,0,0,0,0,0,0,0,0,0,0,0,0,0,0,0
0,0,0,0,0,0,0,0,0,0,0,0,0,0,0,0
0,0,0,0,0,8,33,32,0,5,37,41,0,0,10,21
0,0,0,0,8,33,32,32,5,37,41,22,0,10,21,11
0,0,0,0,33,32,32,0,37,41,22,0,10,21,11,0
0,8,33,32,0,5,37,41,0,0,10,21,0,0,4,5
8,33,32,32,5,37,41,22,0,10,21,11,0,4,5,17
33,32,32,0,37,41,22,0,10,21,11,0,4,5,17,0
0,5,37,41,0,0,10,21,0,0,4,5,0,0,0,0
5,37,41,22,0,10,21,11,0,4,5,17,0,0,0,0
37,41,22,0,10,21,11,0,4,5,17,0,0,0,0,0
0,0,0,0,0,8,2,0,0,0,0,0,0,0,0,0
0,0,0,0,8,2,0,0,0,0,0,0,0,0,0,0
0,0,0,0,2,0,0,0,0,0,0,0,0,0,0,0
0,8,2,0,0,0,0,0,0,0,0,0,0,0,0,0
8,2,0,0,0,0,0,0,0,0,0,0,0,0,0,0
2,0,0,0,0,0,0,0,0,0,0,0,0,0,0,0
0,0,0,0,0,0,0,0,0,0,0,0,0,0,0,0
0,0,0,0,0,0,0,0,0,0,0,0,0,0,0,0
0,0,0,0,0,0,0,0,0,0,0,0,0,0,0,0
0,0,0,0,0,13,5,8,0,9,11,5,0,0,8,15
0,0,0,0,13,5,8,8,9,11,5,12,0,8,15,10
0,0,0,0,5,8,8,0,11,5,12,0,8,15,10,0
0,13,5,8,0,9,11,5,0,0,8,15,0,2,1,9
13,5,8,8,9,11,5,12,0,8,15,10,2,1,9,6
5,8,8,0,11,5,12,0,8,15,10,0,1,9,6,0
0,9,11,5,0,0,8,15,0,2,1,9,0,0,0,0
9,11,5,12,0,8,15,10,2,1,9,6,0,0,0,0
11,5,12,0,8,15,10,0,1,9,6,0,0,0,0,0
0,0,0,0,0,13,2,0,0,0,1,0,0,0,0,11
0,0,0,0,13,2,0,0,0,1,0,3,0,0,11,3
0,0,0,0,2,0,0,0,1,0,3,0,0,11,3,0
0,13,2,0,0,0,1,0,0,0,0,11,0,0,3,9
13,2,0,0,0,1,0,3,0,0,11,3,0,3,9,3
2,0,0,0,1,0,3,0,0,11,3,0,3,9,3,0
0,0,1,0,0,0,0,11,0,0,3,9,0,0,0,0
0,1,0,3,0,0,11,3,0,3,9,3,0,0,0,0
1,0,3,0,0,11,3,0,3,9,3,0,0,0,0,0
0,0,0,0,0,3,8,13,0,1,13,4,0,0,0,0
0,0,0,0,3,8,13,13,1,13,4,15,0,0,0,5
0,0,0,0,8,13,13,0,13,4,15,0,0,0,5,0
0,3,8,13,0,1,13,4,0,0,0,0,0,0,0,5
3,8,13,13,1,13,4,15,0,0,0,5,0,0,5,6
8,13,13,0,13,4,15,0,0,0,5,0,0,5,6,0
0,1,13,4,0,0,0,0,0,0,0,5,0,0,0,0
1,13,4,15,0,0,0,5,0,0,5,6,0,0,0,0
13,4,15,0,0,0,5,0,0,5,6,0,0,0,0,0
0,0,0,0,0,15,1,6,0,21,16,17,0,10,8,3
0,0,0,0,15,1,6,0,21,16,17,19,10,8,3,13
0,0,0,0,1,6,0,0,16,17,19,0,8,3,13,0
0,15,1,6,0,21,16,17,0,10,8,3,0,3,10,0
15,1,6,0,21,16,17,19,10,8,3,13,3,10,0,9
1,6,0,0,16,17,19,0,8,3,13,0,10,0,9,0
0,21,16,17,0,10,8,3,0,3,10,0,0,0,0,0
21,16,17,19,10,8,3,13,3,10,0,9,0,0,0,0
16,17,19,0,8,3,13,0,10,0,9,0,0,0,0,0
0,0,0,0,0,0,0,8,0,0,0,0,0,0,0,0
0,0,0,0,0,0,8,5,0,0,0,0,0,0,0,0
0,0,0,0,0,8,5,0,0,0,0,0,0,0,0,0
0,0,0,8,0,0,0,0,0,0,0,0,0,0,0,0
0,0,8,5,0,0,0,0,0,0,0,0,0,0,0,0
0,8,5,0,0,0,0,0,0,0,0,0,0,0,0,0
0,0,0,0,0,0,0,0,0,0,0,0,0,0,0,0
0,0,0,0,0,0,0,0,0,0,0,0,0,0,0,0
0,0,0,0,0,0,0,0,0,0,0,0,0,0,0,0
0,0,0,0,0,0,0,0,0,0,0,0,0,0,0,0
0,0,0,0,0,0,0,0,0,0,0,0,0,0,0,0
0,0,0,0,0,0,0,0,0,0,0,0,0,0,0,0
0,0,0,0,0,0,0,0,0,0,0,0,0,0,0,0
0,0,0,0,0,0,0,0,0,0,0,0,0,0,0,0
0,0,0,0,0,0,0,0,0,0,0,0,0,0,0,0
0,0,0,0,0,0,0,0,0,0,0,0,0,0,0,0
0,0,0,0,0,0,0,0,0,0,0,0,0,0,0,0
0,0,0,0,0,0,0,0,0,0,0,0,0,0,0,0
0,0,0,0,0,6,0,0,0,10,0,0,0,9,0,0
0,0,0,0,6,0,0,0,10,0,0,0,9,0,0,0
0,0,0,0,0,0,0,0,0,0,0,0,0,0,0,0
0,6,0,0,0,10,0,0,0,9,0,0,0,0,0,6
6,0,0,0,10,0,0,0,9,0,0,0,0,0,6,0
0,0,0,0,0,0,0,0,0,0,0,0,0,6,0,0
0,10,0,0,0,9,0,0,0,0,0,6,0,0,0,0
10,0,0,0,9,0,0,0,0,0,6,0,0,0,0,0
0,0,0,0,0,0,0,0,0,6,0,0,0,0,0,0
0,0,0,0,0,0,0,0,0,0,0,0,0,0,0,0
0,0,0,0,0,0,0,0,0,0,0,0,0,0,0,0
0,0,0,0,0,0,0,0,0,0,0,0,0,0,0,0
0,0,0,0,0,0,0,0,0,0,0,0,0,0,0,0
0,0,0,0,0,0,0,0,0,0,0,0,0,0,0,0
0,0,0,0,0,0,0,0,0,0,0,0,0,0,0,0
0,0,0,0,0,0,0,0,0,0,0,0,0,0,0,0
0,0,0,0,0,0,0,0,0,0,0,0,0,0,0,0
0,0,0,0,0,0,0,0,0,0,0,0,0,0,0,0
0,0,0,0,0,15,17,17,0,24,33,17,0,13,6,0
0,0,0,0,15,17,17,22,24,33,17,39,13,6,0,22
0,0,0,0,17,17,22,0,33,17,39,0,6,0,22,0
0,15,17,17,0,24,33,17,0,13,6,0,0,8,0,9
15,17,17,22,24,33,17,39,13,6,0,22,8,0,9,15
17,17,22,0,33,17,39,0,6,0,22,0,0,9,15,0
0,24,33,17,0,13,6,0,0,8,0,9,0,0,0,0
24,33,17,39,13,6,0,22,8,0,9,15,0,0,0,0
33,17,39,0,6,0,22,0,0,9,15,0,0,0,0,0
0,0,0,0,0,8,16,19,0,19,21,12,0,0,11,4
0,0,0,0,8,16,19,18,19,21,12,27,0,11,4,12
0,0,0,0,16,19,18,0,21,12,27,0,11,4,12,0
0,8,16,19,0,19,21,12,0,0,11,4,0,6,3,6
8,16,19,18,19,21,12,27,0,11,4,12,6,3,6,19
16,19,18,0,21,12,27,0,11,4,12,0,3,6,19,0
0,19,21,12,0,0,11,4,0,6,3,6,0,0,0,0
19,21,12,27,0,11,4,12,6,3,6,19,0,0,0,0
21,12,27,0,11,4,12,0,3,6,19,0,0,0,0,0
0,0,0,0,0,0,0,0,0,8,13,8,0,10,18,12
0,0,0,0,0,0,0,0,8,13,8,20,10,18,12,23
0,0,0,0,0,0,0,0,13,8,20,0,18,12,23,0
0,0,0,0,0,8,13,8,0,10,18,12,0,0,0,3
0,0,0,0,8,13,8,20,10,18,12,23,0,0,3,3
0,0,0,0,13,8,20,0,18,12,23,0,0,3,3,0
0,8,13,8,0,10,18,12,0,0,0,3,0,0,0,0
8,13,8,20,10,18,12,23,0,0,3,3,0,0,0,0
13,8,20,0,18,12,23,0,0,3,3,0,0,0,0,0
0,0,0,0,0,10,5,1,0,13,10,9,0,8,13,3
0,0,0,0,10,5,1,0,13,10,9,4,8,13,3,1
0,0,0,0,5,1,0,0,10,9,4,0,13,3,1,0
0,10,5,1,0,13,10,9,0,8,13,3,0,10,3,6
10,5,1,0,13,10,9,4,8,13,3,1,10,3,6,0
5,1,0,0,10,9,4,0,13,3,1,0,3,6,0,0
0,13,10,9,0,8,13,3,0,10,3,6,0,0,0,0
13,10,9,4,8,13,3,1,10,3,6,0,0,0,0,0
10,9,4,0,13,3,1,0,3,6,0,0,0,0,0,0
0,0,0,0,0,15,17,18,0,6,13,0,0,0,0,6
0,0,0,0,15,17,18,13,6,13,0,0,0,0,6,1
0,0,0,0,17,18,13,0,13,0,0,0,0,6,1,0
0,15,17,18,0,6,13,0,0,0,0,6,0,0,6,2
15,17,18,13,6,13,0,0,0,0,6,1,0,6,2,5
17,18,13,0,13,0,0,0,0,6,1,0,6,2,5,0
0,6,13,0,0,0,0,6,0,0,6,2,0,0,0,0
6,13,0,0,0,0,6,1,0,6,2,5,0,0,0,0
13,0,0,0,0,6,1,0,6,2,5,0,0,0,0,0
0,0,0,0,0,4,0,0,0,0,0,0,0,0,0,0
0,0,0,0,4,0,0,0,0,0,0,0,0,0,0,0
0,0,0,0,0,0,0,0,0,0,0,0,0,0,0,0
0,4,0,0,0,0,0,0,0,0,0,0,0,0,0,0
4,0,0,0,0,0,0,0,0,0,0,0,0,0,0,0
0,0,0,0,0,0,0,0,0,0,0,0,0,0,0,0
0,0,0,0,0,0,0,0,0,0,0,0,0,0,0,0
0,0,0,0,0,0,0,0,0,0,0,0,0,0,0,0
0,0,0,0,0,0,0,0,0,0,0,0,0,0,0,0
0,0,0,0,0,26,60,64,0,50,86,76,0,36,44,27
0,0,0,0,26,60,64,57,50,86,76,73,36,44,27,47
0,0,0,0,60,64,57,0,86,76,73,0,44,27,47,0
0,26,60,64,0,50,86,76,0,36,44,27,0,22,21,22
26,60,64,57,50,86,76,73,36,44,27,47,22,21,22,42
60,64,57,0,86,76,73,0,44,27,47,0,21,22,42,0
0,50,86,76,0,36,44,27,0,22,21,22,0,0,0,0
50,86,76,73,36,44,27,47,22,21,22,42,0,0,0,0
86,76,73,0,44,27,47,0,21,22,42,0,0,0,0,0
0,0,0,0,0,11,2,0,0,4,0,0,0,0,0,0
0,0,0,0,11,2,0,1,4,0,0,0,0,0,0,0
0,0,0,0,2,0,1,0,0,0,0,0,0,0,0,0
0,11,2,0,0,4,0,0,0,0,0,0,0,1,0,0
11,2,0,1,4,0,0,0,0,0,0,0,1,0,0,0
2,0,1,0,0,0,0,0,0,0,0,0,0,0,0,0
0,4,0,0,0,0,0,0,0,1,0,0,0,0,0,0
4,0,0,0,0,0,0,0,1,0,0,0,0,0,0,0
0,0,0,0,0,0,0,0,0,0,0,0,0,0,0,0
0,0,0,0,0,0,0,0,0,0,0,0,0,0,0,0
0,0,0,0,0,0,0,0,0,0,0,0,0,0,0,0
0,0,0,0,0,0,0,0,0,0,0,0,0,0,0,0
0,0,0,0,0,0,0,0,0,0,0,0,0,0,0,0
0,0,0,0,0,0,0,0,0,0,0,0,0,0,0,0
0,0,0,0,0,0,0,0,0,0,0,0,0,0,0,0
0,0,0,0,0,0,0,0,0,0,0,0,0,0,0,0
0,0,0,0,0,0,0,0,0,0,0,0,0,0,0,0
0,0,0,0,0,0,0,0,0,0,0,0,0,0,0,0
0,0,0,0,0,2,0,4,0,6,0,0,0,5,0,0
0,0,0,0,2,0,4,0,6,0,0,0,5,0,0,1
0,0,0,0,0,4,0,0,0,0,0,0,0,0,1,0
0,2,0,4,0,6,0,0,0,5,0,0,0,1,4,0
2,0,4,0,6,0,0,0,5,0,0,1,1,4,0,0
0,4,0,0,0,0,0,0,0,0,1,0,4,0,0,0
0,6,0,0,0,5,0,0,0,1,4,0,0,0,0,0
6,0,0,0,5,0,0,1,1,4,0,0,0,0,0,0
0,0,0,0,0,0,1,0,4,0,0,0,0,0,0,0
0,0,0,0,0,0,0,0,0,0,0,0,0,0,0,0
0,0,0,0,0,0,0,0,0,0,0,0,0,0,0,0
0,0,0,0,0,0,0,0,0,0,0,0,0,0,0,0
0,0,0,0,0,0,0,0,0,0,0,0,0,0,0,0
0,0,0,0,0,0,0,0,0,0,0,0,0,0,0,0
0,0,0,0,0,0,0,0,0,0,0,0,0,0,0,0
0,0,0,0,0,0,0,0,0,0,0,0,0,0,0,0
0,0,0,0,0,0,0,0,0,0,0,0,0,0,0,0
0,0,0,0,0,0,0,0,0,0,0,0,0,0,0,0
0,0,0,0,0,0,0,0,0,9,0,0,0,8,0,0
0,0,0,0,0,0,0,0,9,0,0,0,8,0,0,5
0,0,0,0,0,0,0,0,0,0,0,0,0,0,5,0
0,0,0,0,0,9,0,0,0,8,0,0,0,2,4,0
0,0,0,0,9,0,0,0,8,0,0,5,2,4,0,0
0,0,0,0,0,0,0,0,0,0,5,0,4,0,0,0
0,9,0,0,0,8,0,0,0,2,4,0,0,0,0,0
9,0,0,0,8,0,0,5,2,4,0,0,0,0,0,0
0,0,0,0,0,0,5,0,4,0,0,0,0,0,0,0
0,0,0,0,0,2,1,0,0,0,0,0,0,0,0,0
0,0,0,0,2,1,0,3,0,0,0,0,0,0,0,0
0,0,0,0,1,0,3,0,0,0,0,0,0,0,0,0
0,2,1,0,0,0,0,0,0,0,0,0,0,0,0,0
2,1,0,3,0,0,0,0,0,0,0,0,0,0,0,0
1,0,3,0,0,0,0,0,0,0,0,0,0,0,0,0
0,0,0,0,0,0,0,0,0,0,0,0,0,0,0,0
0,0,0,0,0,0,0,0,0,0,0,0,0,0,0,0
0,0,0,0,0,0,0,0,0,0,0,0,0,0,0,0
0,0,0,0,0,0,0,0,0,0,0,0,0,0,0,0
0,0,0,0,0,0,0,0,0,0,0,0,0,0,0,0
0,0,0,0,0,0,0,0,0,0,0,0,0,0,0,0
0,0,0,0,0,0,0,0,0,0,0,0,0,0,0,0
0,0,0,0,0,0,0,0,0,0,0,0,0,0,0,0
0,0,0,0,0,0,0,0,0,0,0,0,0,0,0,0
0,0,0,0,0,0,0,0,0,0,0,0,0,0,0,0
0,0,0,0,0,0,0,0,0,0,0,0,0,0,0,0
0,0,0,0,0,0,0,0,0,0,0,0,0,0,0,0
0,0,0,0,0,0,5,13,0,18,32,42,0,16,27,27
0,0,0,0,0,5,13,6,18,32,42,35,16,27,27,16
0,0,0,0,5,13,6,0,32,42,35,0,27,27,16,0
0,0,5,13,0,18,32,42,0,16,27,27,0,16,23,5
0,5,13,6,18,32,42,35,16,27,27,16,16,23,5,4
5,13,6,0,32,42,35,0,27,27,16,0,23,5,4,0
0,18,32,42,0,16,27,27,0,16,23,5,0,0,0,0
18,32,42,35,16,27,27,16,16,23,5,4,0,0,0,0
32,42,35,0,27,27,16,0,23,5,4,0,0,0,0,0
0,0,0,0,0,23,44,44,0,40,64,47,0,25,24,5
0,0,0,0,23,44,44,51,40,64,47,52,25,24,5,29
0,0,0,0,44,44,51,0,64,47,52,0,24,5,29,0
0,23,44,44,0,40,64,47,0,25,24,5,0,6,11,11
23,44,44,51,40,64,47,52,25,24,5,29,6,11,11,32
44,44,51,0,64,47,52,0,24,5,29,0,11,11,32,0
0,40,64,47,0,25,24,5,0,6,11,11,0,0,0,0
40,64,47,52,25,24,5,29,6,11,11,32,0,0,0,0
64,47,52,0,24,5,29,0,11,11,32,0,0,0,0,0
0,0,0,0,0,0,1,6,0,0,0,0,0,0,0,0
0,0,0,0,0,1,6,8,0,0,0,0,0,0,0,0
0,0,0,0,1,6,8,0,0,0,0,0,0,0,0,0
0,0,1,6,0,0,0,0,0,0,0,0,0,0,0,0
0,1,6,8,0,0,0,0,0,0,0,0,0,0,0,0
1,6,8,0,0,0,0,0,0,0,0,0,0,0,0,0
0,0,0,0,0,0,0,0,0,0,0,0,0,0,0,0
0,0,0,0,0,0,0,0,0,0,0,0,0,0,0,0
0,0,0,0,0,0,0,0,0,0,0,0,0,0,0,0
0,0,0,0,0,10,3,4,0,1,0,0,0,0,0,0
0,0,0,0,10,3,4,6,1,0,0,0,0,0,0,0
0,0,0,0,3,4,6,0,0,0,0,0,0,0,0,0
0,10,3,4,0,1,0,0,0,0,0,0,0,0,0,0
10,3,4,6,1,0,0,0,0,0,0,0,0,0,0,0
3,4,6,0,0,0,0,0,0,0,0,0,0,0,0,0
0,1,0,0,0,0,0,0,0,0,0,0,0,0,0,0
1,0,0,0,0,0,0,0,0,0,0,0,0,0,0,0
0,0,0,0,0,0,0,0,0,0,0,0,0,0,0,0
0,0,0,0,0,29,43,44,0,36,49,39,0,17,20,6
0,0,0,0,29,43,44,38,36,49,39,36,17,20,6,20
0,0,0,0,43,44,38,0,49,39,36,0,20,6,20,0
0,29,43,44,0,36,49,39,0,17,20,6,0,8,0,15
29,43,44,38,36,49,39,36,17,20,6,20,8,0,15,31
43,44,38,0,49,39,36,0,20,6,20,0,0,15,31,0
0,36,49,39,0,17,20,6,0,8,0,15,0,0,0,0
36,49,39,36,17,20,6,20,8,0,15,31,0,0,0,0
49,39,36,0,20,6,20,0,0,15,31,0,0,0,0,0
0,0,0,0,0,0,6,1,0,10,31,31,0,11,24,11
0,0,0,0,0,6,1,1,10,31,31,25,11,24,11,25
0,0,0,0,6,1,1,0,31,31,25,0,24,11,25,0
0,0,6,1,0,10,31,31,0,11,24,11,0,0,6,0
0,6,1,1,10,31,31,25,11,24,11,25,0,6,0,5
6,1,1,0,31,31,25,0,24,11,25,0,6,0,5,0
0,10,31,31,0,11,24,11,0,0,6,0,0,0,0,0
10,31,31,25,11,24,11,25,0,6,0,5,0,0,0,0
31,31,25,0,24,11,25,0,6,0,5,0,0,0,0,0
0,0,0,0,0,0,0,0,0,0,0,0,0,0,0,0
0,0,0,0,0,0,0,0,0,0,0,0,0,0,0,0
0,0,0,0,0,0,0,0,0,0,0,0,0,0,0,0
0,0,0,0,0,0,0,0,0,0,0,0,0,0,0,0
0,0,0,0,0,0,0,0,0,0,0,0,0,0,0,0
0,0,0,0,0,0,0,0,0,0,0,0,0,0,0,0
0,0,0,0,0,0,0,0,0,0,0,0,0,0,0,0
0,0,0,0,0,0,0,0,0,0,0,0,0,0,0,0
0,0,0,0,0,0,0,0,0,0,0,0,0,0,0,0
0,0,0,0,0,0,0,0,0,0,0,0,0,4,6,0
0,0,0,0,0,0,0,0,0,0,0,0,4,6,0,0
0,0,0,0,0,0,0,0,0,0,0,0,6,0,0,0
0,0,0,0,0,0,0,0,0,4,6,0,0,5,0,0
0,0,0,0,0,0,0,0,4,6,0,0,5,0,0,0
0,0,0,0,0,0,0,0,6,0,0,0,0,0,0,0
0,0,0,0,0,4,6,0,0,5,0,0,0,0,0,0
0,0,0,0,4,6,0,0,5,0,0,0,0,0,0,0
0,0,0,0,6,0,0,0,0,0,0,0,0,0,0,0
0,0,0,0,0,6,6,8,0,0,0,0,0,0,0,0
0,0,0,0,6,6,8,6,0,0,0,0,0,0,0,0
0,0,0,0,6,8,6,0,0,0,0,0,0,0,0,0
0,6,6,8,0,0,0,0,0,0,0,0,0,0,0,0
6,6,8,6,0,0,0,0,0,0,0,0,0,0,0,0
6,8,6,0,0,0,0,0,0,0,0,0,0,0,0,0
0,0,0,0,0,0,0,0,0,0,0,0,0,0,0,0
0,0,0,0,0,0,0,0,0,0,0,0,0,0,0,0
0,0,0,0,0,0,0,0,0,0,0,0,0,0,0,0
0,0,0,0,0,0,0,0,0,0,0,0,0,0,5,4
0,0,0,0,0,0,0,0,0,0,0,0,0,5,4,0
0,0,0,0,0,0,0,0,0,0,0,0,5,4,0,0
0,0,0,0,0,0,0,0,0,0,5,4,0,3,4,0
0,0,0,0,0,0,0,0,0,5,4,0,3,4,0,0
0,0,0,0,0,0,0,0,5,4,0,0,4,0,0,0
0,0,0,0,0,0,5,4,0,3,4,0,0,0,0,0
0,0,0,0,0,5,4,0,3,4,0,0,0,0,0,0
0,0,0,0,5,4,0,0,4,0,0,0,0,0,0,0
0,0,0,0,0,17,19,13,0,16,13,4,0,10,0,9
0,0,0,0,17,19,13,12,16,13,4,9,10,0,9,5
0,0,0,0,19,13,12,0,13,4,9,0,0,9,5,0
0,17,19,13,0,16,13,4,0,10,0,9,0,5,2,2
17,19,13,12,16,13,4,9,10,0,9,5,5,2,2,1
19,13,12,0,13,4,9,0,0,9,5,0,2,2,1,0
0,16,13,4,0,10,0,9,0,5,2,2,0,0,0,0
16,13,4,9,10,0,9,5,5,2,2,1,0,0,0,0
13,4,9,0,0,9,5,0,2,2,1,0,0,0,0,0
0,0,0,0,0,11,0,0,0,0,0,0,0,0,0,0
0,0,0,0,11,0,0,0,0,0,0,0,0,0,0,0
0,0,0,0,0,0,0,0,0,0,0,0,0,0,0,0
0,11,0,0,0,0,0,0,0,0,0,0,0,0,0,0
11,0,0,0,0,0,0,0,0,0,0,0,0,0,0,0
0,0,0,0,0,0,0,0,0,0,0,0,0,0,0,0
0,0,0,0,0,0,0,0,0,0,0,0,0,0,0,0
0,0,0,0,0,0,0,0,0,0,0,0,0,0,0,0
0,0,0,0,0,0,0,0,0,0,0,0,0,0,0,0
0,0,0,0,0,12,10,6,0,18,33,22,0,12,15,11
0,0,0,0,12,10,6,6,18,33,22,27,12,15,11,17
0,0,0,0,10,6,6,0,33,22,27,0,15,11,17,0
0,12,10,6,0,18,33,22,0,12,15,11,0,11,6,8
12,10,6,6,18,33,22,27,12,15,11,17,11,6,8,9
10,6,6,0,33,22,27,0,15,11,17,0,6,8,9,0
0,18,33,22,0,12,15,11,0,11,6,8,0,0,0,0
18,33,22,27,12,15,11,17,11,6,8,9,0,0,0,0
33,22,27,0,15,11,17,0,6,8,9,0,0,0,0,0
0,0,0,0,0,6,13,11,0,0,12,8,0,0,8,0
0,0,0,0,6,13,11,9,0,12,8,0,0,8,0,0
0,0,0,0,13,11,9,0,12,8,0,0,8,0,0,0
0,6,13,11,0,0,12,8,0,0,8,0,0,2,5,1
6,13,11,9,0,12,8,0,0,8,0,0,2,5,1,8
13,11,9,0,12,8,0,0,8,0,0,0,5,1,8,0
0,0,12,8,0,0,8,0,0,2,5,1,0,0,0,0
0,12,8,0,0,8,0,0,2,5,1,8,0,0,0,0
12,8,0,0,8,0,0,0,5,1,8,0,0,0,0,0
0,0,0,0,0,0,0,1,0,0,0,0,0,0,0,0
0,0,0,0,0,0,1,1,0,0,0,2,0,0,0,0
0,0,0,0,0,1,1,0,0,0,2,0,0,0,0,0
0,0,0,1,0,0,0,0,0,0,0,0,0,0,0,0
0,0,1,1,0,0,0,2,0,0,0,0,0,0,0,0
0,1,1,0,0,0,2,0,0,0,0,0,0,0,0,0
0,0,0,0,0,0,0,0,0,0,0,0,0,0,0,0
0,0,0,2,0,0,0,0,0,0,0,0,0,0,0,0
0,0,2,0,0,0,0,0,0,0,0,0,0,0,0,0
0,0,0,0,0,4,11,12,0,0,4,0,0,0,6,5
0,0,0,0,4,11,12,8,0,4,0,6,0,6,5,6
0,0,0,0,11,12,8,0,4,0,6,0,6,5,6,0
0,4,11,12,0,0,4,0,0,0,6,5,0,0,0,2
4,11,12,8,0,4,0,6,0,6,5,6,0,0,2,6
11,12,8,0,4,0,6,0,6,5,6,0,0,2,6,0
0,0,4,0,0,0,6,5,0,0,0,2,0,0,0,0
0,4,0,6,0,6,5,6,0,0,2,6,0,0,0,0
4,0,6,0,6,5,6,0,0,2,6,0,0,0,0,0
0,0,0,0,0,0,9,6,0,0,27,32,0,0,16,2
0,0,0,0,0,9,6,20,0,27,32,19,0,16,2,13
0,0,0,0,9,6,20,0,27,32,19,0,16,2,13,0
0,0,9,6,0,0,27,32,0,0,16,2,0,0,0,0
0,9,6,20,0,27,32,19,0,16,2,13,0,0,0,6
9,6,20,0,27,32,19,0,16,2,13,0,0,0,6,0
0,0,27,32,0,0,16,2,0,0,0,0,0,0,0,0
0,27,32,19,0,16,2,13,0,0,0,6,0,0,0,0
27,32,19,0,16,2,13,0,0,0,6,0,0,0,0,0
0,0,0,0,0,0,0,0,0,0,23,44,0,0,22,39
0,0,0,0,0,0,0,0,0,23,44,9,0,22,39,0
0,0,0,0,0,0,0,0,23,44,9,0,22,39,0,0
0,0,0,0,0,0,23,44,0,0,22,39,0,0,13,0
0,0,0,0,0,23,44,9,0,22,39,0,0,13,0,9
0,0,0,0,23,44,9,0,22,39,0,0,13,0,9,0
0,0,23,44,0,0,22,39,0,0,13,0,0,0,0,0
0,23,44,9,0,22,39,0,0,13,0,9,0,0,0,0
23,44,9,0,22,39,0,0,13,0,9,0,0,0,0,0
0,0,0,0,0,0,0,0,0,0,0,0,0,0,6,13
0,0,0,0,0,0,0,0,0,0,0,0,0,6,13,0
0,0,0,0,0,0,0,0,0,0,0,0,6,13,0,0
0,0,0,0,0,0,0,0,0,0,6,13,0,6,5,1
0,0,0,0,0,0,0,0,0,6,13,0,6,5,1,0
0,0,0,0,0,0,0,0,6,13,0,0,5,1,0,0
0,0,0,0,0,0,6,13,0,6,5,1,0,0,0,0
0,0,0,0,0,6,13,0,6,5,1,0,0,0,0,0
0,0,0,0,6,13,0,0,5,1,0,0,0,0,0,0
0,0,0,0,0,0,0,0,0,0,0,0,0,0,0,6
0,0,0,0,0,0,0,0,0,0,0,0,0,0,6,0
0,0,0,0,0,0,0,0,0,0,0,0,0,6,0,0
0,0,0,0,0,0,0,0,0,0,0,6,0,0,3,12
0,0,0,0,0,0,0,0,0,0,6,0,0,3,12,0
0,0,0,0,0,0,0,0,0,6,0,0,3,12,0,0
0,0,0,0,0,0,0,6,0,0,3,12,0,0,0,0
0,0,0,0,0,0,6,0,0,3,12,0,0,0,0,0
0,0,0,0,0,6,0,0,3,12,0,0,0,0,0,0
0,0,0,0,0,0,0,0,0,0,0,0,0,2,0,0
0,0,0,0,0,0,0,0,0,0,0,0,2,0,0,6
0,0,0,0,0,0,0,0,0,0,0,0,0,0,6,0
0,0,0,0,0,0,0,0,0,2,0,0,0,0,5,5
0,0,0,0,0,0,0,0,2,0,0,6,0,5,5,0
0,0,0,0,0,0,0,0,0,0,6,0,5,5,0,0
0,0,0,0,0,2,0,0,0,0,5,5,0,0,0,0
0,0,0,0,2,0,0,6,0,5,5,0,0,0,0,0
0,0,0,0,0,0,6,0,5,5,0,0,0,0,0,0
0,0,0,0,0,3,0,0,0,12,20,35,0,12,15,19
0,0,0,0,3,0,0,0,12,20,35,15,12,15,19,13
0,0,0,0,0,0,0,0,20,35,15,0,15,19,13,0
0,3,0,0,0,12,20,35,0,12,15,19,0,1,5,13
3,0,0,0,12,20,35,15,12,15,19,13,1,5,13,10
0,0,0,0,20,35,15,0,15,19,13,0,5,13,10,0
0,12,20,35,0,12,15,19,0,1,5,13,0,0,0,0
12,20,35,15,12,15,19,13,1,5,13,10,0,0,0,0
20,35,15,0,15,19,13,0,5,13,10,0,0,0,0,0
0,0,0,0,0,0,0,0,0,0,0,0,0,5,0,6
0,0,0,0,0,0,0,0,0,0,0,0,5,0,6,0
0,0,0,0,0,0,0,0,0,0,0,0,0,6,0,0
0,0,0,0,0,0,0,0,0,5,0,6,0,6,2,0
0,0,0,0,0,0,0,0,5,0,6,0,6,2,0,0
0,0,0,0,0,0,0,0,0,6,0,0,2,0,0,0
0,0,0,0,0,5,0,6,0,6,2,0,0,0,0,0
0,0,0,0,5,0,6,0,6,2,0,0,0,0,0,0
0,0,0,0,0,6,0,0,2,0,0,0,0,0,0,0
0,0,0,0,0,4,0,3,0,13,13,11,0,6,0,8
0,0,0,0,4,0,3,1,13,13,11,12,6,0,8,0
0,0,0,0,0,3,1,0,13,11,12,0,0,8,0,0
0,4,0,3,0,13,13,11,0,6,0,8,0,0,0,0
4,0,3,1,13,13,11,12,6,0,8,0,0,0,0,0
0,3,1,0,13,11,12,0,0,8,0,0,0,0,0,0
0,13,13,11,0,6,0,8,0,0,0,0,0,0,0,0
13,13,11,12,6,0,8,0,0,0,0,0,0,0,0,0
13,11,12,0,0,8,0,0,0,0,0,0,0,0,0,0
0,0,0,0,0,0,0,0,0,0,0,0,0,0,0,0
0,0,0,0,0,0,0,0,0,0,0,0,0,0,0,0
0,0,0,0,0,0,0,0,0,0,0,0,0,0,0,0
0,0,0,0,0,0,0,0,0,0,0,0,0,0,0,0
0,0,0,0,0,0,0,0,0,0,0,0,0,0,0,0
0,0,0,0,0,0,0,0,0,0,0,0,0,0,0,0
0,0,0,0,0,0,0,0,0,0,0,0,0,0,0,0
0,0,0,0,0,0,0,0,0,0,0,0,0,0,0,0
0,0,0,0,0,0,0,0,0,0,0,0,0,0,0,0
0,0,0,0,0,0,0,0,0,0,0,0,0,0,0,0
0,0,0,0,0,0,0,0,0,0,0,0,0,0,0,0
0,0,0,0,0,0,0,0,0,0,0,0,0,0,0,0
0,0,0,0,0,0,0,0,0,0,0,0,0,0,0,0
0,0,0,0,0,0,0,0,0,0,0,0,0,0,0,0
0,0,0,0,0,0,0,0,0,0,0,0,0,0,0,0
0,0,0,0,0,0,0,0,0,0,0,0,0,0,0,0
0,0,0,0,0,0,0,0,0,0,0,0,0,0,0,0
0,0,0,0,0,0,0,0,0,0,0,0,0,0,0,0
0,0,0,0,0,15,11,21,0,11,19,8,0,0,8,17
0,0,0,0,15,11,21,18,11,19,8,22,0,8,17,0
0,0,0,0,11,21,18,0,19,8,22,0,8,17,0,0
0,15,11,21,0,11,19,8,0,0,8,17,0,3,0,15
15,11,21,18,11,19,8,22,0,8,17,0,3,0,15,13
11,21,18,0,19,8,22,0,8,17,0,0,0,15,13,0
0,11,19,8,0,0,8,17,0,3,0,15,0,0,0,0
11,19,8,22,0,8,17,0,3,0,15,13,0,0,0,0
19,8,22,0,8,17,0,0,0,15,13,0,0,0,0,0
0,0,0,0,0,0,0,0,0,1,0,0,0,10,0,0
0,0,0,0,0,0,0,0,1,0,0,0,10,0,0,0
0,0,0,0,0,0,0,0,0,0,0,0,0,0,0,0
0,0,0,0,0,1,0,0,0,10,0,0,0,0,0,0
0,0,0,0,1,0,0,0,10,0,0,0,0,0,0,0
0,0,0,0,0,0,0,0,0,0,0,0,0,0,0,0
0,1,0,0,0,10,0,0,0,0,0,0,0,0,0,0
1,0,0,0,10,0,0,0,0,0,0,0,0,0,0,0
0,0,0,0,0,0,0,0,0,0,0,0,0,0,0,0
0,0,0,0,0,6,0,0,0,30,49,40,0,19,31,17
0,0,0,0,6,0,0,2,30,49,40,38,19,31,17,27
0,0,0,0,0,0,2,0,49,40,38,0,31,17,27,0
0,6,0,0,0,30,49,40,0,19,31,17,0,12,0,11
6,0,0,2,30,49,40,38,19,31,17,27,12,0,11,10
0,0,2,0,49,40,38,0,31,17,27,0,0,11,10,0
0,30,49,40,0,19,31,17,0,12,0,11,0,0,0,0
30,49,40,38,19,31,17,27,12,0,11,10,0,0,0,0
49,40,38,0,31,17,27,0,0,11,10,0,0,0,0,0
0,0,0,0,0,0,0,0,0,0,0,0,0,0,0,0
0,0,0,0,0,0,0,0,0,0,0,0,0,0,0,0
0,0,0,0,0,0,0,0,0,0,0,0,0,0,0,0
0,0,0,0,0,0,0,0,0,0,0,0,0,0,0,0
0,0,0,0,0,0,0,0,0,0,0,0,0,0,0,0
0,0,0,0,0,0,0,0,0,0,0,0,0,0,0,0
0,0,0,0,0,0,0,0,0,0,0,0,0,0,0,0
0,0,0,0,0,0,0,0,0,0,0,0,0,0,0,0
0,0,0,0,0,0,0,0,0,0,0,0,0,0,0,0
0,0,0,0,0,0,3,1,0,21,25,25,0,17,20,0
0,0,0,0,0,3,1,9,21,25,25,25,17,20,0,22
0,0,0,0,3,1,9,0,25,25,25,0,20,0,22,0
0,0,3,1,0,21,25,25,0,17,20,0,0,1,1,0
0,3,1,9,21,25,25,25,17,20,0,22,1,1,0,0
3,1,9,0,25,25,25,0,20,0,22,0,1,0,0,0
0,21,25,25,0,17,20,0,0,1,1,0,0,0,0,0
21,25,25,25,17,20,0,22,1,1,0,0,0,0,0,0
25,25,25,0,20,0,22,0,1,0,0,0,0,0,0,0
0,0,0,0,0,3,0,0,0,0,0,0,0,0,0,0
0,0,0,0,3,0,0,4,0,0,0,5,0,0,0,4
0,0,0,0,0,0,4,0,0,0,5,0,0,0,4,0
0,3,0,0,0,0,0,0,0,0,0,0,0,0,0,0
3,0,0,4,0,0,0,5,0,0,0,4,0,0,0,3
0,0,4,0,0,0,5,0,0,0,4,0,0,0,3,0
0,0,0,0,0,0,0,0,0,0,0,0,0,0,0,0
0,0,0,5,0,0,0,4,0,0,0,3,0,0,0,0
0,0,5,0,0,0,4,0,0,0,3,0,0,0,0,0
0,0,0,0,0,0,0,0,0,0,0,20,0,0,13,26
0,0,0,0,0,0,0,0,0,0,20,13,0,13,26,0
0,0,0,0,0,0,0,0,0,20,13,0,13,26,0,0
0,0,0,0,0,0,0,20,0,0,13,26,0,4,6,6
0,0,0,0,0,0,20,13,0,13,26,0,4,6,6,4
0,0,0,0,0,20,13,0,13,26,0,0,6,6,4,0
0,0,0,20,0,0,13,26,0,4,6,6,0,0,0,0
0,0,20,13,0,13,26,0,4,6,6,4,0,0,0,0
0,20,13,0,13,26,0,0,6,6,4,0,0,0,0,0
0,0,0,0,0,0,0,0,0,0,0,0,0,0,0,0
0,0,0,0,0,0,0,0,0,0,0,0,0,0,0,0
0,0,0,0,0,0,0,0,0,0,0,0,0,0,0,0
0,0,0,0,0,0,0,0,0,0,0,0,0,0,0,1
0,0,0,0,0,0,0,0,0,0,0,0,0,0,1,0
0,0,0,0,0,0,0,0,0,0,0,0,0,1,0,0
0,0,0,0,0,0,0,0,0,0,0,1,0,0,0,0
0,0,0,0,0,0,0,0,0,0,1,0,0,0,0,0
0,0,0,0,0,0,0,0,0,1,0,0,0,0,0,0
0,0,0,0,0,0,0,0,0,0,0,0,0,0,0,0
0,0,0,0,0,0,0,0,0,0,0,0,0,0,0,0
0,0,0,0,0,0,0,0,0,0,0,0,0,0,0,0
0,0,0,0,0,0,0,0,0,0,0,0,0,0,0,0
0,0,0,0,0,0,0,0,0,0,0,0,0,0,0,0
0,0,0,0,0,0,0,0,0,0,0,0,0,0,0,0
0,0,0,0,0,0,0,0,0,0,0,0,0,0,0,0
0,0,0,0,0,0,0,0,0,0,0,0,0,0,0,0
0,0,0,0,0,0,0,0,0,0,0,0,0,0,0,0
0,0,0,0,0,19,36,34,0,54,79,55,0,32,41,21
0,0,0,0,19,36,34,32,54,79,55,63,32,41,21,44
0,0,0,0,36,34,32,0,79,55,63,0,41,21,44,0
0,19,36,34,0,54,79,55,0,32,41,21,0,11,9,15
19,36,34,32,54,79,55,63,32,41,21,44,11,9,15,39
36,34,32,0,79,55,63,0,41,21,44,0,9,15,39,0
0,54,79,55,0,32,41,21,0,11,9,15,0,0,0,0
54,79,55,63,32,41,21,44,11,9,15,39,0,0,0,0
79,55,63,0,41,21,44,0,9,15,39,0,0,0,0,0
0,0,0,0,0,0,0,0,0,0,0,0,0,0,0,0
0,0,0,0,0,0,0,0,0,0,0,0,0,0,0,0
0,0,0,0,0,0,0,0,0,0,0,0,0,0,0,0
0,0,0,0,0,0,0,0,0,0,0,0,0,0,0,0
0,0,0,0,0,0,0,0,0,0,0,0,0,0,0,0
0,0,0,0,0,0,0,0,0,0,0,0,0,0,0,0
0,0,0,0,0,0,0,0,0,0,0,0,0,0,0,0
0,0,0,0,0,0,0,0,0,0,0,0,0,0,0,0
0,0,0,0,0,0,0,0,0,0,0,0,0,0,0,0
0,0,0,0,0,0,2,0,0,0,0,0,0,0,1,3
0,0,0,0,0,2,0,5,0,0,0,0,0,1,3,2
0,0,0,0,2,0,5,0,0,0,0,0,1,3,2,0
0,0,2,0,0,0,0,0,0,0,1,3,0,0,9,0
0,2,0,5,0,0,0,0,0,1,3,2,0,9,0,0
2,0,5,0,0,0,0,0,1,3,2,0,9,0,0,0
0,0,0,0,0,0,1,3,0,0,9,0,0,0,0,0
0,0,0,0,0,1,3,2,0,9,0,0,0,0,0,0
0,0,0,0,1,3,2,0,9,0,0,0,0,0,0,0
0,0,0,0,0,13,33,30,0,15,39,39,0,6,25,16
0,0,0,0,13,33,30,36,15,39,39,44,6,25,16,15
0,0,0,0,33,30,36,0,39,39,44,0,25,16,15,0
0,13,33,30,0,15,39,39,0,6,25,16,0,6,4,13
13,33,30,36,15,39,39,44,6,25,16,15,6,4,13,5
33,30,36,0,39,39,44,0,25,16,15,0,4,13,5,0
0,15,39,39,0,6,25,16,0,6,4,13,0,0,0,0
15,39,39,44,6,25,16,15,6,4,13,5,0,0,0,0
39,39,44,0,25,16,15,0,4,13,5,0,0,0,0,0
0,0,0,0,0,20,15,13,0,3,13,5,0,2,3,0
0,0,0,0,20,15,13,12,3,13,5,12,2,3,0,0
0,0,0,0,15,13,12,0,13,5,12,0,3,0,0,0
0,20,15,13,0,3,13,5,0,2,3,0,0,8,12,1
20,15,13,12,3,13,5,12,2,3,0,0,8,12,1,0
15,13,12,0,13,5,12,0,3,0,0,0,12,1,0,0
0,3,13,5,0,2,3,0,0,8,12,1,0,0,0,0
3,13,5,12,2,3,0,0,8,12,1,0,0,0,0,0
13,5,12,0,3,0,0,0,12,1,0,0,0,0,0,0
0,0,0,0,0,0,0,0,0,0,0,0,0,0,0,9
0,0,0,0,0,0,0,0,0,0,0,0,0,0,9,0
0,0,0,0,0,0,0,0,0,0,0,0,0,9,0,0
0,0,0,0,0,0,0,0,0,0,0,9,0,0,0,0
0,0,0,0,0,0,0,0,0,0,9,0,0,0,0,0
0,0,0,0,0,0,0,0,0,9,0,0,0,0,0,0
0,0,0,0,0,0,0,9,0,0,0,0,0,0,0,0
0,0,0,0,0,0,9,0,0,0,0,0,0,0,0,0
0,0,0,0,0,9,0,0,0,0,0,0,0,0,0,0
0,0,0,0,0,13,34,35,0,16,47,19,0,0,1,6
0,0,0,0,13,34,35,37,16,47,19,44,0,1,6,6
0,0,0,0,34,35,37,0,47,19,44,0,1,6,6,0
0,13,34,35,0,16,47,19,0,0,1,6,0,0,2,16
13,34,35,37,16,47,19,44,0,1,6,6,0,2,16,23
34,35,37,0,47,19,44,0,1,6,6,0,2,16,23,0
0,16,47,19,0,0,1,6,0,0,2,16,0,0,0,0
16,47,19,44,0,1,6,6,0,2,16,23,0,0,0,0
47,19,44,0,1,6,6,0,2,16,23,0,0,0,0,0
0,0,0,0,0,8,0,0,0,0,0,0,0,0,0,0
0,0,0,0,8,0,0,8,0,0,0,0,0,0,0,0
0,0,0,0,0,0,8,0,0,0,0,0,0,0,0,0
0,8,0,0,0,0,0,0,0,0,0,0,0,0,0,0
8,0,0,8,0,0,0,0,0,0,0,0,0,0,0,0
0,0,8,0,0,0,0,0,0,0,0,0,0,0,0,0
0,0,0,0,0,0,0,0,0,0,0,0,0,0,0,0
0,0,0,0,0,0,0,0,0,0,0,0,0,0,0,0
0,0,0,0,0,0,0,0,0,0,0,0,0,0,0,0
0,0,0,0,0,6,0,0,0,0,0,0,0,0,0,0
0,0,0,0,6,0,0,0,0,0,0,0,0,0,0,0
0,0,0,0,0,0,0,0,0,0,0,0,0,0,0,0
0,6,0,0,0,0,0,0,0,0,0,0,0,0,0,0
6,0,0,0,0,0,0,0,0,0,0,0,0,0,0,0
0,0,0,0,0,0,0,0,0,0,0,0,0,0,0,0
0,0,0,0,0,0,0,0,0,0,0,0,0,0,0,0
0,0,0,0,0,0,0,0,0,0,0,0,0,0,0,0
0,0,0,0,0,0,0,0,0,0,0,0,0,0,0,0
0,0,0,0,0,0,0,0,0,0,0,0,0,0,0,0
0,0,0,0,0,0,0,0,0,0,0,0,0,0,0,0
0,0,0,0,0,0,0,0,0,0,0,0,0,0,0,0
0,0,0,0,0,0,0,0,0,0,0,0,0,0,0,0
0,0,0,0,0,0,0,0,0,0,0,0,0,0,0,0
0,0,0,0,0,0,0,0,0,0,0,0,0,0,0,0
0,0,0,0,0,0,0,0,0,0,0,0,0,0,0,0
0,0,0,0,0,0,0,0,0,0,0,0,0,0,0,0
0,0,0,0,0,0,0,0,0,0,0,0,0,0,0,0
0,0,0,0,0,0,27,30,0,0,22,32,0,0,11,11
0,0,0,0,0,27,30,32,0,22,32,8,0,11,11,5
0,0,0,0,27,30,32,0,22,32,8,0,11,11,5,0
0,0,27,30,0,0,22,32,0,0,11,11,0,6,9,3
0,27,30,32,0,22,32,8,0,11,11,5,6,9,3,3
27,30,32,0,22,32,8,0,11,11,5,0,9,3,3,0
0,0,22,32,0,0,11,11,0,6,9,3,0,0,0,0
0,22,32,8,0,11,11,5,6,9,3,3,0,0,0,0
22,32,8,0,11,11,5,0,9,3,3,0,0,0,0,0
0,0,0,0,0,20,29,30,0,32,50,44,0,12,21,24
0,0,0,0,20,29,30,35,32,50,44,48,12,21,24,27
0,0,0,0,29,30,35,0,50,44,48,0,21,24,27,0
0,20,29,30,0,32,50,44,0,12,21,24,0,12,15,8
20,29,30,35,32,50,44,48,12,21,24,27,12,15,8,29
29,30,35,0,50,44,48,0,21,24,27,0,15,8,29,0
0,32,50,44,0,12,21,24,0,12,15,8,0,0,0,0
32,50,44,48,12,21,24,27,12,15,8,29,0,0,0,0
50,44,48,0,21,24,27,0,15,8,29,0,0,0,0,0
0,0,0,0,0,13,0,0,0,24,0,0,0,13,0,0
0,0,0,0,13,0,0,0,24,0,0,0,13,0,0,0
0,0,0,0,0,0,0,0,0,0,0,0,0,0,0,0
0,13,0,0,0,24,0,0,0,13,0,0,0,4,1,0
13,0,0,0,24,0,0,0,13,0,0,0,4,1,0,0
0,0,0,0,0,0,0,0,0,0,0,0,1,0,0,0
0,24,0,0,0,13,0,0,0,4,1,0,0,0,0,0
24,0,0,0,13,0,0,0,4,1,0,0,0,0,0,0
0,0,0,0,0,0,0,0,1,0,0,0,0,0,0,0
0,0,0,0,0,0,13,6,0,0,0,0,0,0,0,0
0,0,0,0,0,13,6,9,0,0,0,0,0,0,0,0
0,0,0,0,13,6,9,0,0,0,0,0,0,0,0,0
0,0,13,6,0,0,0,0,0,0,0,0,0,0,6,0
0,13,6,9,0,0,0,0,0,0,0,0,0,6,0,0
13,6,9,0,0,0,0,0,0,0,0,0,6,0,0,0
0,0,0,0,0,0,0,0,0,0,6,0,0,0,0,0
0,0,0,0,0,0,0,0,0,6,0,0,0,0,0,0
0,0,0,0,0,0,0,0,6,0,0,0,0,0,0,0
0,0,0,0,0,0,0,0,0,0,0,0,0,0,0,0
0,0,0,0,0,0,0,0,0,0,0,0,0,0,0,0
0,0,0,0,0,0,0,0,0,0,0,0,0,0,0,0
0,0,0,0,0,0,0,0,0,0,0,0,0,0,0,0
0,0,0,0,0,0,0,0,0,0,0,0,0,0,0,0
0,0,0,0,0,0,0,0,0,0,0,0,0,0,0,0
0,0,0,0,0,0,0,0,0,0,0,0,0,0,0,0
0,0,0,0,0,0,0,0,0,0,0,0,0,0,0,0
0,0,0,0,0,0,0,0,0,0,0,0,0,0,0,0
0,0,0,0,0,0,0,0,0,0,0,0,0,0,0,0
0,0,0,0,0,0,0,0,0,0,0,0,0,0,0,0
0,0,0,0,0,0,0,0,0,0,0,0,0,0,0,0
0,0,0,0,0,0,0,0,0,0,0,0,0,6,5,1
0,0,0,0,0,0,0,0,0,0,0,0,6,5,1,0
0,0,0,0,0,0,0,0,0,0,0,0,5,1,0,0
0,0,0,0,0,0,0,0,0,6,5,1,0,0,0,0
0,0,0,0,0,0,0,0,6,5,1,0,0,0,0,0
0,0,0,0,0,0,0,0,5,1,0,0,0,0,0,0
0,0,0,0,0,0,0,1,0,0,8,32,0,0,9,19
0,0,0,0,0,0,1,0,0,8,32,19,0,9,19,0
0,0,0,0,0,1,0,0,8,32,19,0,9,19,0,0
0,0,0,1,0,0,8,32,0,0,9,19,0,0,6,0
0,0,1,0,0,8,32,19,0,9,19,0,0,6,0,2
0,1,0,0,8,32,19,0,9,19,0,0,6,0,2,0
0,0,8,32,0,0,9,19,0,0,6,0,0,0,0,0
0,8,32,19,0,9,19,0,0,6,0,2,0,0,0,0
8,32,19,0,9,19,0,0,6,0,2,0,0,0,0,0
0,0,0,0,0,19,29,30,0,31,64,53,0,11,25,17
0,0,0,0,19,29,30,27,31,64,53,43,11,25,17,15
0,0,0,0,29,30,27,0,64,53,43,0,25,17,15,0
0,19,29,30,0,31,64,53,0,11,25,17,0,8,21,10
19,29,30,27,31,64,53,43,11,25,17,15,8,21,10,20
29,30,27,0,64,53,43,0,25,17,15,0,21,10,20,0
0,31,64,53,0,11,25,17,0,8,21,10,0,0,0,0
31,64,53,43,11,25,17,15,8,21,10,20,0,0,0,0
64,53,43,0,25,17,15,0,21,10,20,0,0,0,0,0
0,0,0,0,0,15,11,12,0,0,0,0,0,0,0,0
0,0,0,0,15,11,12,11,0,0,0,0,0,0,0,0
0,0,0,0,11,12,11,0,0,0,0,0,0,0,0,0
0,15,11,12,0,0,0,0,0,0,0,0,0,4,0,0
15,11,12,11,0,0,0,0,0,0,0,0,4,0,0,0
11,12,11,0,0,0,0,0,0,0,0,0,0,0,0,0
0,0,0,0,0,0,0,0,0,4,0,0,0,0,0,0
0,0,0,0,0,0,0,0,4,0,0,0,0,0,0,0
0,0,0,0,0,0,0,0,0,0,0,0,0,0,0,0
0,0,0,0,0,13,30,31,0,20,55,44,0,4,30,39
0,0,0,0,13,30,31,26,20,55,44,51,4,30,39,17
0,0,0,0,30,31,26,0,55,44,51,0,30,39,17,0
0,13,30,31,0,20,55,44,0,4,30,39,0,2,2,16
13,30,31,26,20,55,44,51,4,30,39,17,2,2,16,20
30,31,26,0,55,44,51,0,30,39,17,0,2,16,20,0
0,20,55,44,0,4,30,39,0,2,2,16,0,0,0,0
20,55,44,51,4,30,39,17,2,2,16,20,0,0,0,0
55,44,51,0,30,39,17,0,2,16,20,0,0,0,0,0
0,0,0,0,0,1,0,0,0,0,0,3,0,0,6,17
0,0,0,0,1,0,0,0,0,0,3,0,0,6,17,0
0,0,0,0,0,0,0,0,0,3,0,0,6,17,0,0
0,1,0,0,0,0,0,3,0,0,6,17,0,0,1,0
1,0,0,0,0,0,3,0,0,6,17,0,0,1,0,0
0,0,0,0,0,3,0,0,6,17,0,0,1,0,0,0
0,0,0,3,0,0,6,17,0,0,1,0,0,0,0,0
0,0,3,0,0,6,17,0,0,1,0,0,0,0,0,0
0,3,0,0,6,17,0,0,1,0,0,0,0,0,0,0
0,0,0,0,0,13,0,0,0,11,0,0,0,4,0,0
0,0,0,0,13,0,0,0,11,0,0,0,4,0,0,0
0,0,0,0,0,0,0,0,0,0,0,0,0,0,0,0
0,13,0,0,0,11,0,0,0,4,0,0,0,4,0,0
13,0,0,0,11,0,0,0,4,0,0,0,4,0,0,0
0,0,0,0,0,0,0,0,0,0,0,0,0,0,0,0
0,11,0,0,0,4,0,0,0,4,0,0,0,0,0,0
11,0,0,0,4,0,0,0,4,0,0,0,0,0,0,0
0,0,0,0,0,0,0,0,0,0,0,0,0,0,0,0
0,0,0,0,0,6,31,36,0,0,26,25,0,0,0,13
0,0,0,0,6,31,36,34,0,26,25,3,0,0,13,6
0,0,0,0,31,36,34,0,26,25,3,0,0,13,6,0
0,6,31,36,0,0,26,25,0,0,0,13,0,0,0,5
6,31,36,34,0,26,25,3,0,0,13,6,0,0,5,20
31,36,34,0,26,25,3,0,0,13,6,0,0,5,20,0
0,0,26,25,0,0,0,13,0,0,0,5,0,0,0,0
0,26,25,3,0,0,13,6,0,0,5,20,0,0,0,0
26,25,3,0,0,13,6,0,0,5,20,0,0,0,0,0
0,0,0,0,0,4,17,15,0,20,41,47,0,13,27,17
0,0,0,0,4,17,15,19,20,41,47,22,13,27,17,8
0,0,0,0,17,15,19,0,41,47,22,0,27,17,8,0
0,4,17,15,0,20,41,47,0,13,27,17,0,13,9,18
4,17,15,19,20,41,47,22,13,27,17,8,13,9,18,21
17,15,19,0,41,47,22,0,27,17,8,0,9,18,21,0
0,20,41,47,0,13,27,17,0,13,9,18,0,0,0,0
20,41,47,22,13,27,17,8,13,9,18,21,0,0,0,0
41,47,22,0,27,17,8,0,9,18,21,0,0,0,0,0
0,0,0,0,0,22,26,29,0,44,41,32,0,27,44,8
0,0,0,0,22,26,29,24,44,41,32,51,27,44,8,43
0,0,0,0,26,29,24,0,41,32,51,0,44,8,43,0
0,22,26,29,0,44,41,32,0,27,44,8,0,15,9,10
22,26,29,24,44,41,32,51,27,44,8,43,15,9,10,18
26,29,24,0,41,32,51,0,44,8,43,0,9,10,18,0
0,44,41,32,0,27,44,8,0,15,9,10,0,0,0,0
44,41,32,51,27,44,8,43,15,9,10,18,0,0,0,0
41,32,51,0,44,8,43,0,9,10,18,0,0,0,0,0
0,0,0,0,0,0,6,6,0,0,0,0,0,0,1,0
0,0,0,0,0,6,6,6,0,0,0,4,0,1,0,9
0,0,0,0,6,6,6,0,0,0,4,0,1,0,9,0
0,0,6,6,0,0,0,0,0,0,1,0,0,0,3,0
0,6,6,6,0,0,0,4,0,1,0,9,0,3,0,0
6,6,6,0,0,0,4,0,1,0,9,0,3,0,0,0
0,0,0,0,0,0,1,0,0,0,3,0,0,0,0,0
0,0,0,4,0,1,0,9,0,3,0,0,0,0,0,0
0,0,4,0,1,0,9,0,3,0,0,0,0,0,0,0
0,0,0,0,0,0,0,0,0,0,0,0,0,2,9,15
0,0,0,0,0,0,0,0,0,0,0,0,2,9,15,0
0,0,0,0,0,0,0,0,0,0,0,0,9,15,0,0
0,0,0,0,0,0,0,0,0,2,9,15,0,0,0,0
0,0,0,0,0,0,0,0,2,9,15,0,0,0,0,0
0,0,0,0,0,0,0,0,9,15,0,0,0,0,0,0
0,0,0,0,0,2,9,15,0,0,0,0,0,0,0,0
0,0,0,0,2,9,15,0,0,0,0,0,0,0,0,0
0,0,0,0,9,15,0,0,0,0,0,0,0,0,0,0
0,0,0,0,0,0,0,0,0,0,0,0,0,0,0,0
0,0,0,0,0,0,0,0,0,0,0,0,0,0,0,0
0,0,0,0,0,0,0,0,0,0,0,0,0,0,0,0
0,0,0,0,0,0,0,0,0,0,0,0,0,0,0,0
0,0,0,0,0,0,0,0,0,0,0,0,0,0,0,0
0,0,0,0,0,0,0,0,0,0,0,0,0,0,0,0
0,0,0,0,0,0,0,0,0,0,0,0,0,0,0,0
0,0,0,0,0,0,0,0,0,0,0,0,0,0,0,0
0,0,0,0,0,0,0,0,0,0,0,0,0,0,0,0
0,0,0,0,0,0,5,5,0,0,17,22,0,2,11,8
0,0,0,0,0,5,5,8,0,17,22,15,2,11,8,5
0,0,0,0,5,5,8,0,17,22,15,0,11,8,5,0
0,0,5,5,0,0,17,22,0,2,11,8,0,0,0,1
0,5,5,8,0,17,22,15,2,11,8,5,0,0,1,11
5,5,8,0,17,22,15,0,11,8,5,0,0,1,11,0
0,0,17,22,0,2,11,8,0,0,0,1,0,0,0,0
0,17,22,15,2,11,8,5,0,0,1,11,0,0,0,0
17,22,15,0,11,8,5,0,0,1,11,0,0,0,0,0
0,0,0,0,0,34,51,53,0,29,46,29,0,11,6,8
0,0,0,0,34,51,53,54,29,46,29,36,11,6,8,13
0,0,0,0,51,53,54,0,46,29,36,0,6,8,13,0
0,34,51,53,0,29,46,29,0,11,6,8,0,11,6,10
34,51,53,54,29,46,29,36,11,6,8,13,11,6,10,29
51,53,54,0,46,29,36,0,6,8,13,0,6,10,29,0
0,29,46,29,0,11,6,8,0,11,6,10,0,0,0,0
29,46,29,36,11,6,8,13,11,6,10,29,0,0,0,0
46,29,36,0,6,8,13,0,6,10,29,0,0,0,0,0
0,0,0,0,0,0,0,0,0,0,0,0,0,0,0,0
0,0,0,0,0,0,0,0,0,0,0,0,0,0,0,0
0,0,0,0,0,0,0,0,0,0,0,0,0,0,0,0
0,0,0,0,0,0,0,0,0,0,0,0,0,0,0,0
0,0,0,0,0,0,0,0,0,0,0,0,0,0,0,0
0,0,0,0,0,0,0,0,0,0,0,0,0,0,0,0
0,0,0,0,0,0,0,0,0,0,0,0,0,0,0,0
0,0,0,0,0,0,0,0,0,0,0,0,0,0,0,0
0,0,0,0,0,0,0,0,0,0,0,0,0,0,0,0
0,0,0,0,0,10,39,42,0,29,49,38,0,11,23,15
0,0,0,0,10,39,42,44,29,49,38,31,11,23,15,22
0,0,0,0,39,42,44,0,49,38,31,0,23,15,22,0
0,10,39,42,0,29,49,38,0,11,23,15,0,2,10,15
10,39,42,44,29,49,38,31,11,23,15,22,2,10,15,20
39,42,44,0,49,38,31,0,23,15,22,0,10,15,20,0
0,29,49,38,0,11,23,15,0,2,10,15,0,0,0,0
29,49,38,31,11,23,15,22,2,10,15,20,0,0,0,0
49,38,31,0,23,15,22,0,10,15,20,0,0,0,0,0
0,0,0,0,0,3,0,0,0,0,0,0,0,0,0,0
0,0,0,0,3,0,0,0,0,0,0,0,0,0,0,0
0,0,0,0,0,0,0,0,0,0,0,0,0,0,0,0
0,3,0,0,0,0,0,0,0,0,0,0,0,0,0,0
3,0,0,0,0,0,0,0,0,0,0,0,0,0,0,0
0,0,0,0,0,0,0,0,0,0,0,0,0,0,0,0
0,0,0,0,0,0,0,0,0,0,0,0,0,0,0,0
0,0,0,0,0,0,0,0,0,0,0,0,0,0,0,0
0,0,0,0,0,0,0,0,0,0,0,0,0,0,0,0
0,0,0,0,0,2,3,1,0,0,0,0,0,0,0,0
0,0,0,0,2,3,1,11,0,0,0,0,0,0,0,0
0,0,0,0,3,1,11,0,0,0,0,0,0,0,0,0
0,2,3,1,0,0,0,0,0,0,0,0,0,0,1,2
2,3,1,11,0,0,0,0,0,0,0,0,0,1,2,0
3,1,11,0,0,0,0,0,0,0,0,0,1,2,0,0
0,0,0,0,0,0,0,0,0,0,1,2,0,0,0,0
0,0,0,0,0,0,0,0,0,1,2,0,0,0,0,0
0,0,0,0,0,0,0,0,1,2,0,0,0,0,0,0
0,0,0,0,0,4,12,11,0,0,0,0,0,0,0,0
0,0,0,0,4,12,11,6,0,0,0,0,0,0,0,0
0,0,0,0,12,11,6,0,0,0,0,0,0,0,0,0
0,4,12,11,0,0,0,0,0,0,0,0,0,0,0,0
4,12,11,6,0,0,0,0,0,0,0,0,0,0,0,1
12,11,6,0,0,0,0,0,0,0,0,0,0,0,1,0
0,0,0,0,0,0,0,0,0,0,0,0,0,0,0,0
0,0,0,0,0,0,0,0,0,0,0,1,0,0,0,0
0,0,0,0,0,0,0,0,0,0,1,0,0,0,0,0
0,0,0,0,0,0,0,0,0,1,0,0,0,8,9,8
0,0,0,0,0,0,0,0,1,0,0,6,8,9,8,6
0,0,0,0,0,0,0,0,0,0,6,0,9,8,6,0
0,0,0,0,0,1,0,0,0,8,9,8,0,3,5,0
0,0,0,0,1,0,0,6,8,9,8,6,3,5,0,0
0,0,0,0,0,0,6,0,9,8,6,0,5,0,0,0
0,1,0,0,0,8,9,8,0,3,5,0,0,0,0,0
1,0,0,6,8,9,8,6,3,5,0,0,0,0,0,0
0,0,6,0,9,8,6,0,5,0,0,0,0,0,0,0
0,0,0,0,0,5,6,8,0,31,27,16,0,21,21,1
0,0,0,0,5,6,8,6,31,27,16,24,21,21,1,10
0,0,0,0,6,8,6,0,27,16,24,0,21,1,10,0
0,5,6,8,0,31,27,16,0,21,21,1,0,13,6,13
5,6,8,6,31,27,16,24,21,21,1,10,13,6,13,13
6,8,6,0,27,16,24,0,21,1,10,0,6,13,13,0
0,31,27,16,0,21,21,1,0,13,6,13,0,0,0,0
31,27,16,24,21,21,1,10,13,6,13,13,0,0,0,0
27,16,24,0,21,1,10,0,6,13,13,0,0,0,0,0
0,0,0,0,0,0,0,0,0,9,25,21,0,13,17,0
0,0,0,0,0,0,0,3,9,25,21,25,13,17,0,27
0,0,0,0,0,0,3,0,25,21,25,0,17,0,27,0
0,0,0,0,0,9,25,21,0,13,17,0,0,0,0,0
0,0,0,3,9,25,21,25,13,17,0,27,0,0,0,4
0,0,3,0,25,21,25,0,17,0,27,0,0,0,4,0
0,9,25,21,0,13,17,0,0,0,0,0,0,0,0,0
9,25,21,25,13,17,0,27,0,0,0,4,0,0,0,0
25,21,25,0,17,0,27,0,0,0,4,0,0,0,0,0
0,0,0,0,0,0,0,0,0,13,8,0,0,11,3,0
0,0,0,0,0,0,0,0,13,8,0,0,11,3,0,0
0,0,0,0,0,0,0,0,8,0,0,0,3,0,0,0
0,0,0,0,0,13,8,0,0,11,3,0,0,0,1,0
0,0,0,0,13,8,0,0,11,3,0,0,0,1,0,0
0,0,0,0,8,0,0,0,3,0,0,0,1,0,0,0
0,13,8,0,0,11,3,0,0,0,1,0,0,0,0,0
13,8,0,0,11,3,0,0,0,1,0,0,0,0,0,0
8,0,0,0,3,0,0,0,1,0,0,0,0,0,0,0
0,0,0,0,0,5,3,4,0,15,27,33,0,18,36,27
0,0,0,0,5,3,4,1,15,27,33,27,18,36,27,15
0,0,0,0,3,4,1,0,27,33,27,0,36,27,15,0
0,5,3,4,0,15,27,33,0,18,36,27,0,8,1,13
5,3,4,1,15,27,33,27,18,36,27,15,8,1,13,13
3,4,1,0,27,33,27,0,36,27,15,0,1,13,13,0
0,15,27,33,0,18,36,27,0,8,1,13,0,0,0,0
15,27,33,27,18,36,27,15,8,1,13,13,0,0,0,0
27,33,27,0,36,27,15,0,1,13,13,0,0,0,0,0
0,0,0,0,0,16,35,37,0,29,31,12,0,15,19,6
0,0,0,0,16,35,37,34,29,31,12,43,15,19,6,24
0,0,0,0,35,37,34,0,31,12,43,0,19,6,24,0
0,16,35,37,0,29,31,12,0,15,19,6,0,5,15,13
16,35,37,34,29,31,12,43,15,19,6,24,5,15,13,15
35,37,34,0,31,12,43,0,19,6,24,0,15,13,15,0
0,29,31,12,0,15,19,6,0,5,15,13,0,0,0,0
29,31,12,43,15,19,6,24,5,15,13,15,0,0,0,0
31,12,43,0,19,6,24,0,15,13,15,0,0,0,0,0
0,0,0,0,0,0,0,0,0,9,8,16,0,18,13,2
0,0,0,0,0,0,0,0,9,8,16,16,18,13,2,16
0,0,0,0,0,0,0,0,8,16,16,0,13,2,16,0
0,0,0,0,0,9,8,16,0,18,13,2,0,1,1,4
0,0,0,0,9,8,16,16,18,13,2,16,1,1,4,3
0,0,0,0,8,16,16,0,13,2,16,0,1,4,3,0
0,9,8,16,0,18,13,2,0,1,1,4,0,0,0,0
9,8,16,16,18,13,2,16,1,1,4,3,0,0,0,0
8,16,16,0,13,2,16,0,1,4,3,0,0,0,0,0
0,0,0,0,0,0,0,0,0,0,0,0,0,0,0,0
0,0,0,0,0,0,0,0,0,0,0,0,0,0,0,0
0,0,0,0,0,0,0,0,0,0,0,0,0,0,0,0
0,0,0,0,0,0,0,0,0,0,0,0,0,0,0,0
0,0,0,0,0,0,0,0,0,0,0,0,0,0,0,0
0,0,0,0,0,0,0,0,0,0,0,0,0,0,0,0
0,0,0,0,0,0,0,0,0,0,0,0,0,0,0,0
0,0,0,0,0,0,0,0,0,0,0,0,0,0,0,0
0,0,0,0,0,0,0,0,0,0,0,0,0,0,0,0
0,0,0,0,0,6,31,37,0,29,84,74,0,15,36,20
0,0,0,0,6,31,37,41,29,84,74,82,15,36,20,41
0,0,0,0,31,37,41,0,84,74,82,0,36,20,41,0
0,6,31,37,0,29,84,74,0,15,36,20,0,6,17,12
6,31,37,41,29,84,74,82,15,36,20,41,6,17,12,33
31,37,41,0,84,74,82,0,36,20,41,0,17,12,33,0
0,29,84,74,0,15,36,20,0,6,17,12,0,0,0,0
29,84,74,82,15,36,20,41,6,17,12,33,0,0,0,0
84,74,82,0,36,20,41,0,17,12,33,0,0,0,0,0
0,0,0,0,0,0,0,0,0,0,0,0,0,0,0,0
0,0,0,0,0,0,0,0,0,0,0,0,0,0,0,0
0,0,0,0,0,0,0,0,0,0,0,0,0,0,0,0
0,0,0,0,0,0,0,0,0,0,0,0,0,0,0,0
0,0,0,0,0,0,0,0,0,0,0,0,0,0,0,0
0,0,0,0,0,0,0,0,0,0,0,0,0,0,0,0
0,0,0,0,0,0,0,0,0,0,0,0,0,0,0,0
0,0,0,0,0,0,0,0,0,0,0,0,0,0,0,0
0,0,0,0,0,0,0,0,0,0,0,0,0,0,0,0
0,0,0,0,0,0,6,9,0,0,0,0,0,0,0,0
0,0,0,0,0,6,9,3,0,0,0,0,0,0,0,0
0,0,0,0,6,9,3,0,0,0,0,0,0,0,0,0
0,0,6,9,0,0,0,0,0,0,0,0,0,0,0,0
0,6,9,3,0,0,0,0,0,0,0,0,0,0,0,0
6,9,3,0,0,0,0,0,0,0,0,0,0,0,0,0
0,0,0,0,0,0,0,0,0,0,0,0,0,0,0,0
0,0,0,0,0,0,0,0,0,0,0,0,0,0,0,0
0,0,0,0,0,0,0,0,0,0,0,0,0,0,0,0
0,0,0,0,0,17,10,12,0,15,21,13,0,6,15,4
0,0,0,0,17,10,12,11,15,21,13,23,6,15,4,12
0,0,0,0,10,12,11,0,21,13,23,0,15,4,12,0
0,17,10,12,0,15,21,13,0,6,15,4,0,4,1,8
17,10,12,11,15,21,13,23,6,15,4,12,4,1,8,16
10,12,11,0,21,13,23,0,15,4,12,0,1,8,16,0
0,15,21,13,0,6,15,4,0,4,1,8,0,0,0,0
15,21,13,23,6,15,4,12,4,1,8,16,0,0,0,0
21,13,23,0,15,4,12,0,1,8,16,0,0,0,0,0
0,0,0,0,0,0,11,13,0,0,8,16,0,0,1,6
0,0,0,0,0,11,13,12,0,8,16,6,0,1,6,0
0,0,0,0,11,13,12,0,8,16,6,0,1,6,0,0
0,0,11,13,0,0,8,16,0,0,1,6,0,0,0,0
0,11,13,12,0,8,16,6,0,1,6,0,0,0,0,0
11,13,12,0,8,16,6,0,1,6,0,0,0,0,0,0
0,0,8,16,0,0,1,6,0,0,0,0,0,0,0,0
0,8,16,6,0,1,6,0,0,0,0,0,0,0,0,0
8,16,6,0,1,6,0,0,0,0,0,0,0,0,0,0
0,0,0,0,0,13,29,33,0,10,18,0,0,6,6,6
0,0,0,0,13,29,33,41,10,18,0,27,6,6,6,6
0,0,0,0,29,33,41,0,18,0,27,0,6,6,6,0
0,13,29,33,0,10,18,0,0,6,6,6,0,0,5,9
13,29,33,41,10,18,0,27,6,6,6,6,0,5,9,12
29,33,41,0,18,0,27,0,6,6,6,0,5,9,12,0
0,10,18,0,0,6,6,6,0,0,5,9,0,0,0,0
10,18,0,27,6,6,6,6,0,5,9,12,0,0,0,0
18,0,27,0,6,6,6,0,5,9,12,0,0,0,0,0
0,0,0,0,0,22,0,0,0,19,0,0,0,10,0,0
0,0,0,0,22,0,0,0,19,0,0,0,10,0,0,1
0,0,0,0,0,0,0,0,0,0,0,0,0,0,1,0
0,22,0,0,0,19,0,0,0,10,0,0,0,1,0,0
22,0,0,0,19,0,0,0,10,0,0,1,1,0,0,0
0,0,0,0,0,0,0,0,0,0,1,0,0,0,0,0
0,19,0,0,0,10,0,0,0,1,0,0,0,0,0,0
19,0,0,0,10,0,0,1,1,0,0,0,0,0,0,0
0,0,0,0,0,0,1,0,0,0,0,0,0,0,0,0
0,0,0,0,0,19,25,25,0,13,23,18,0,4,0,6
0,0,0,0,19,25,25,25,13,23,18,29,4,0,6,11
0,0,0,0,25,25,25,0,23,18,29,0,0,6,11,0
0,19,25,25,0,13,23,18,0,4,0,6,0,0,4,2
19,25,25,25,13,23,18,29,4,0,6,11,0,4,2,27
25,25,25,0,23,18,29,0,0,6,11,0,4,2,27,0
0,13,23,18,0,4,0,6,0,0,4,2,0,0,0,0
13,23,18,29,4,0,6,11,0,4,2,27,0,0,0,0
23,18,29,0,0,6,11,0,4,2,27,0,0,0,0,0
0,0,0,0,0,4,12,11,0,0,3,0,0,0,0,1
0,0,0,0,4,12,11,9,0,3,0,4,0,0,1,0
0,0,0,0,12,11,9,0,3,0,4,0,0,1,0,0
0,4,12,11,0,0,3,0,0,0,0,1,0,0,0,0
4,12,11,9,0,3,0,4,0,0,1,0,0,0,0,6
12,11,9,0,3,0,4,0,0,1,0,0,0,0,6,0
0,0,3,0,0,0,0,1,0,0,0,0,0,0,0,0
0,3,0,4,0,0,1,0,0,0,0,6,0,0,0,0
3,0,4,0,0,1,0,0,0,0,6,0,0,0,0,0
0,0,0,0,0,0,0,0,0,9,10,3,0,2,15,0
0,0,0,0,0,0,0,0,9,10,3,33,2,15,0,10
0,0,0,0,0,0,0,0,10,3,33,0,15,0,10,0
0,0,0,0,0,9,10,3,0,2,15,0,0,0,0,0
0,0,0,0,9,10,3,33,2,15,0,10,0,0,0,0
0,0,0,0,10,3,33,0,15,0,10,0,0,0,0,0
0,9,10,3,0,2,15,0,0,0,0,0,0,0,0,0
9,10,3,33,2,15,0,10,0,0,0,0,0,0,0,0
10,3,33,0,15,0,10,0,0,0,0,0,0,0,0,0
0,0,0,0,0,1,24,24,0,8,3,1,0,9,0,0
0,0,0,0,1,24,24,32,8,3,1,0,9,0,0,13
0,0,0,0,24,24,32,0,3,1,0,0,0,0,13,0
0,1,24,24,0,8,3,1,0,9,0,0,0,1,0,9
1,24,24,32,8,3,1,0,9,0,0,13,1,0,9,13
24,24,32,0,3,1,0,0,0,0,13,0,0,9,13,0
0,8,3,1,0,9,0,0,0,1,0,9,0,0,0,0
8,3,1,0,9,0,0,13,1,0,9,13,0,0,0,0
3,1,0,0,0,0,13,0,0,9,13,0,0,0,0,0
0,0,0,0,0,0,0,0,0,0,0,9,0,3,8,5
0,0,0,0,0,0,0,0,0,0,9,0,3,8,5,0
0,0,0,0,0,0,0,0,0,9,0,0,8,5,0,0
0,0,0,0,0,0,0,9,0,3,8,5,0,0,1,6
0,0,0,0,0,0,9,0,3,8,5,0,0,1,6,0
0,0,0,0,0,9,0,0,8,5,0,0,1,6,0,0
0,0,0,9,0,3,8,5,0,0,1,6,0,0,0,0
0,0,9,0,3,8,5,0,0,1,6,0,0,0,0,0
0,9,0,0,8,5,0,0,1,6,0,0,0,0,0,0
0,0,0,0,0,0,12,13,0,0,34,30,0,0,11,16
0,0,0,0,0,12,13,18,0,34,30,25,0,11,16,8
0,0,0,0,12,13,18,0,34,30,25,0,11,16,8,0
0,0,12,13,0,0,34,30,0,0,11,16,0,0,2,1
0,12,13,18,0,34,30,25,0,11,16,8,0,2,1,8
12,13,18,0,34,30,25,0,11,16,8,0,2,1,8,0
0,0,34,30,0,0,11,16,0,0,2,1,0,0,0,0
0,34,30,25,0,11,16,8,0,2,1,8,0,0,0,0
34,30,25,0,11,16,8,0,2,1,8,0,0,0,0,0
0,0,0,0,0,0,0,0,0,20,31,46,0,20,41,31
0,0,0,0,0,0,0,0,20,31,46,38,20,41,31,30
0,0,0,0,0,0,0,0,31,46,38,0,41,31,30,0
0,0,0,0,0,20,31,46,0,20,41,31,0,4,12,13
0,0,0,0,20,31,46,38,20,41,31,30,4,12,13,11
0,0,0,0,31,46,38,0,41,31,30,0,12,13,11,0
0,20,31,46,0,20,41,31,0,4,12,13,0,0,0,0
20,31,46,38,20,41,31,30,4,12,13,11,0,0,0,0
31,46,38,0,41,31,30,0,12,13,11,0,0,0,0,0
0,0,0,0,0,27,36,40,0,50,60,63,0,21,36,17
0,0,0,0,27,36,40,37,50,60,63,48,21,36,17,32
0,0,0,0,36,40,37,0,60,63,48,0,36,17,32,0
0,27,36,40,0,50,60,63,0,21,36,17,0,8,10,9
27,36,40,37,50,60,63,48,21,36,17,32,8,10,9,20
36,40,37,0,60,63,48,0,36,17,32,0,10,9,20,0
0,50,60,63,0,21,36,17,0,8,10,9,0,0,0,0
50,60,63,48,21,36,17,32,8,10,9,20,0,0,0,0
60,63,48,0,36,17,32,0,10,9,20,0,0,0,0,0
0,0,0,0,0,13,29,27,0,11,26,19,0,11,5,16
0,0,0,0,13,29,27,31,11,26,19,29,11,5,16,12
0,0,0,0,29,27,31,0,26,19,29,0,5,16,12,0
0,13,29,27,0,11,26,19,0,11,5,16,0,9,9,6
13,29,27,31,11,26,19,29,11,5,16,12,9,9,6,16
29,27,31,0,26,19,29,0,5,16,12,0,9,6,16,0
0,11,26,19,0,11,5,16,0,9,9,6,0,0,0,0
11,26,19,29,11,5,16,12,9,9,6,16,0,0,0,0
26,19,29,0,5,16,12,0,9,6,16,0,0,0,0,0
0,0,0,0,0,2,13,18,0,0,0,0,0,0,0,6
0,0,0,0,2,13,18,24,0,0,0,1,0,0,6,0
0,0,0,0,13,18,24,0,0,0,1,0,0,6,0,0
0,2,13,18,0,0,0,0,0,0,0,6,0,0,2,0
2,13,18,24,0,0,0,1,0,0,6,0,0,2,0,6
13,18,24,0,0,0,1,0,0,6,0,0,2,0,6,0
0,0,0,0,0,0,0,6,0,0,2,0,0,0,0,0
0,0,0,1,0,0,6,0,0,2,0,6,0,0,0,0
0,0,1,0,0,6,0,0,2,0,6,0,0,0,0,0
0,0,0,0,0,0,0,0,0,6,19,25,0,16,24,0
0,0,0,0,0,0,0,1,6,19,25,21,16,24,0,32
0,0,0,0,0,0,1,0,19,25,21,0,24,0,32,0
0,0,0,0,0,6,19,25,0,16,24,0,0,0,2,5
0,0,0,1,6,19,25,21,16,24,0,32,0,2,5,6
0,0,1,0,19,25,21,0,24,0,32,0,2,5,6,0
0,6,19,25,0,16,24,0,0,0,2,5,0,0,0,0
6,19,25,21,16,24,0,32,0,2,5,6,0,0,0,0
19,25,21,0,24,0,32,0,2,5,6,0,0,0,0,0
0,0,0,0,0,13,0,0,0,0,0,0,0,0,0,0
0,0,0,0,13,0,0,0,0,0,0,0,0,0,0,0
0,0,0,0,0,0,0,0,0,0,0,0,0,0,0,0
0,13,0,0,0,0,0,0,0,0,0,0,0,2,0,5
13,0,0,0,0,0,0,0,0,0,0,0,2,0,5,0
0,0,0,0,0,0,0,0,0,0,0,0,0,5,0,0
0,0,0,0,0,0,0,0,0,2,0,5,0,0,0,0
0,0,0,0,0,0,0,0,2,0,5,0,0,0,0,0
0,0,0,0,0,0,0,0,0,5,0,0,0,0,0,0
0,0,0,0,0,8,6,9,0,42,33,22,0,21,18,0
0,0,0,0,8,6,9,12,42,33,22,32,21,18,0,23
0,0,0,0,6,9,12,0,33,22,32,0,18,0,23,0
0,8,6,9,0,42,33,22,0,21,18,0,0,8,1,13
8,6,9,12,42,33,22,32,21,18,0,23,8,1,13,13
6,9,12,0,33,22,32,0,18,0,23,0,1,13,13,0
0,42,33,22,0,21,18,0,0,8,1,13,0,0,0,0
42,33,22,32,21,18,0,23,8,1,13,13,0,0,0,0
33,22,32,0,18,0,23,0,1,13,13,0,0,0,0,0
0,0,0,0,0,23,39,39,0,40,61,46,0,20,25,21
0,0,0,0,23,39,39,35,40,61,46,54,20,25,21,20
0,0,0,0,39,39,35,0,61,46,54,0,25,21,20,0
0,23,39,39,0,40,61,46,0,20,25,21,0,10,11,19
23,39,39,35,40,61,46,54,20,25,21,20,10,11,19,27
39,39,35,0,61,46,54,0,25,21,20,0,11,19,27,0
0,40,61,46,0,20,25,21,0,10,11,19,0,0,0,0
40,61,46,54,20,25,21,20,10,11,19,27,0,0,0,0
61,46,54,0,25,21,20,0,11,19,27,0,0,0,0,0
0,0,0,0,0,0,5,4,0,12,33,30,0,12,31,20
0,0,0,0,0,5,4,6,12,33,30,44,12,31,20,27
0,0,0,0,5,4,6,0,33,30,44,0,31,20,27,0
0,0,5,4,0,12,33,30,0,12,31,20,0,0,4,4
0,5,4,6,12,33,30,44,12,31,20,27,0,4,4,19
5,4,6,0,33,30,44,0,31,20,27,0,4,4,19,0
0,12,33,30,0,12,31,20,0,0,4,4,0,0,0,0
12,33,30,44,12,31,20,27,0,4,4,19,0,0,0,0
33,30,44,0,31,20,27,0,4,4,19,0,0,0,0,0
0,0,0,0,0,44,29,27,0,57,26,0,0,23,0,0
0,0,0,0,44,29,27,24,57,26,0,20,23,0,0,15
0,0,0,0,29,27,24,0,26,0,20,0,0,0,15,0
0,44,29,27,0,57,26,0,0,23,0,0,0,6,0,12
44,29,27,24,57,26,0,20,23,0,0,15,6,0,12,5
29,27,24,0,26,0,20,0,0,0,15,0,0,12,5,0
0,57,26,0,0,23,0,0,0,6,0,12,0,0,0,0
57,26,0,20,23,0,0,15,6,0,12,5,0,0,0,0
26,0,20,0,0,0,15,0,0,12,5,0,0,0,0,0
0,0,0,0,0,3,0,0,0,37,37,49,0,39,49,17
0,0,0,0,3,0,0,0,37,37,49,54,39,49,17,46
0,0,0,0,0,0,0,0,37,49,54,0,49,17,46,0
0,3,0,0,0,37,37,49,0,39,49,17,0,15,6,13
3,0,0,0,37,37,49,54,39,49,17,46,15,6,13,17
0,0,0,0,37,49,54,0,49,17,46,0,6,13,17,0
0,37,37,49,0,39,49,17,0,15,6,13,0,0,0,0
37,37,49,54,39,49,17,46,15,6,13,17,0,0,0,0
37,49,54,0,49,17,46,0,6,13,17,0,0,0,0,0
0,0,0,0,0,0,0,0,0,0,0,0,0,0,0,1
0,0,0,0,0,0,0,0,0,0,0,0,0,0,1,0
0,0,0,0,0,0,0,0,0,0,0,0,0,1,0,0
0,0,0,0,0,0,0,0,0,0,0,1,0,2,0,0
0,0,0,0,0,0,0,0,0,0,1,0,2,0,0,0
0,0,0,0,0,0,0,0,0,1,0,0,0,0,0,0
0,0,0,0,0,0,0,1,0,2,0,0,0,0,0,0
0,0,0,0,0,0,1,0,2,0,0,0,0,0,0,0
0,0,0,0,0,1,0,0,0,0,0,0,0,0,0,0
0,0,0,0,0,6,0,0,0,0,0,0,0,5,9,6
0,0,0,0,6,0,0,0,0,0,0,0,5,9,6,0
0,0,0,0,0,0,0,0,0,0,0,0,9,6,0,0
0,6,0,0,0,0,0,0,0,5,9,6,0,1,2,2
6,0,0,0,0,0,0,0,5,9,6,0,1,2,2,0
0,0,0,0,0,0,0,0,9,6,0,0,2,2,0,0
0,0,0,0,0,5,9,6,0,1,2,2,0,0,0,0
0,0,0,0,5,9,6,0,1,2,2,0,0,0,0,0
0,0,0,0,9,6,0,0,2,2,0,0,0,0,0,0
0,0,0,0,0,5,11,15,0,0,0,0,0,0,0,0
0,0,0,0,5,11,15,13,0,0,0,0,0,0,0,0
0,0,0,0,11,15,13,0,0,0,0,0,0,0,0,0
0,5,11,15,0,0,0,0,0,0,0,0,0,0,0,6
5,11,15,13,0,0,0,0,0,0,0,0,0,0,6,6
11,15,13,0,0,0,0,0,0,0,0,0,0,6,6,0
0,0,0,0,0,0,0,0,0,0,0,6,0,0,0,0
0,0,0,0,0,0,0,0,0,0,6,6,0,0,0,0
0,0,0,0,0,0,0,0,0,6,6,0,0,0,0,0
0,0,0,0,0,0,0,0,0,0,0,0,0,0,0,0
0,0,0,0,0,0,0,0,0,0,0,0,0,0,0,0
0,0,0,0,0,0,0,0,0,0,0,0,0,0,0,0
0,0,0,0,0,0,0,0,0,0,0,0,0,0,0,0
0,0,0,0,0,0,0,0,0,0,0,0,0,0,0,0
0,0,0,0,0,0,0,0,0,0,0,0,0,0,0,0
0,0,0,0,0,0,0,0,0,0,0,0,0,0,0,0
0,0,0,0,0,0,0,0,0,0,0,0,0,0,0,0
0,0,0,0,0,0,0,0,0,0,0,0,0,0,0,0
0,0,0,0,0,0,1,0,0,0,1,0,0,0,0,20
0,0,0,0,0,1,0,1,0,1,0,6,0,0,20,0
0,0,0,0,1,0,1,0,1,0,6,0,0,20,0,0
0,0,1,0,0,0,1,0,0,0,0,20,0,0,4,0
0,1,0,1,0,1,0,6,0,0,20,0,0,4,0,0
1,0,1,0,1,0,6,0,0,20,0,0,4,0,0,0
0,0,1,0,0,0,0,20,0,0,4,0,0,0,0,0
0,1,0,6,0,0,20,0,0,4,0,0,0,0,0,0
1,0,6,0,0,20,0,0,4,0,0,0,0,0,0,0
0,0,0,0,0,0,0,0,0,1,0,0,0,9,0,0
0,0,0,0,0,0,0,0,1,0,0,0,9,0,0,9
0,0,0,0,0,0,0,0,0,0,0,0,0,0,9,0
0,0,0,0,0,1,0,0,0,9,0,0,0,4,0,0
0,0,0,0,1,0,0,0,9,0,0,9,4,0,0,0
0,0,0,0,0,0,0,0,0,0,9,0,0,0,0,0
0,1,0,0,0,9,0,0,0,4,0,0,0,0,0,0
1,0,0,0,9,0,0,9,4,0,0,0,0,0,0,0
0,0,0,0,0,0,9,0,0,0,0,0,0,0,0,0
0,0,0,0,0,15,41,44,0,58,103,92,0,41,55,30
0,0,0,0,15,41,44,48,58,103,92,92,41,55,30,39
0,0,0,0,41,44,48,0,103,92,92,0,55,30,39,0
0,15,41,44,0,58,103,92,0,41,55,30,0,13,11,19
15,41,44,48,58,103,92,92,41,55,30,39,13,11,19,35
41,44,48,0,103,92,92,0,55,30,39,0,11,19,35,0
0,58,103,92,0,41,55,30,0,13,11,19,0,0,0,0
58,103,92,92,41,55,30,39,13,11,19,35,0,0,0,0
103,92,92,0,55,30,39,0,11,19,35,0,0,0,0,0
0,0,0,0,0,24,11,13,0,3,0,0,0,0,0,0
0,0,0,0,24,11,13,23,3,0,0,0,0,0,0,0
0,0,0,0,11,13,23,0,0,0,0,0,0,0,0,0
0,24,11,13,0,3,0,0,0,0,0,0,0,1,0,3
24,11,13,23,3,0,0,0,0,0,0,0,1,0,3,6
11,13,23,0,0,0,0,0,0,0,0,0,0,3,6,0
0,3,0,0,0,0,0,0,0,1,0,3,0,0,0,0
3,0,0,0,0,0,0,0,1,0,3,6,0,0,0,0
0,0,0,0,0,0,0,0,0,3,6,0,0,0,0,0
0,0,0,0,0,13,24,22,0,22,34,15,0,24,27,15
0,0,0,0,13,24,22,23,22,34,15,49,24,27,15,27
0,0,0,0,24,22,23,0,34,15,49,0,27,15,27,0
0,13,24,22,0,22,34,15,0,24,27,15,0,2,3,9
13,24,22,23,22,34,15,49,24,27,15,27,2,3,9,12
24,22,23,0,34,15,49,0,27,15,27,0,3,9,12,0
0,22,34,15,0,24,27,15,0,2,3,9,0,0,0,0
22,34,15,49,24,27,15,27,2,3,9,12,0,0,0,0
34,15,49,0,27,15,27,0,3,9,12,0,0,0,0,0
0,0,0,0,0,0,0,0,0,0,0,0,0,0,0,0
0,0,0,0,0,0,0,0,0,0,0,0,0,0,0,0
0,0,0,0,0,0,0,0,0,0,0,0,0,0,0,0
0,0,0,0,0,0,0,0,0,0,0,0,0,0,0,0
0,0,0,0,0,0,0,0,0,0,0,0,0,0,0,0
0,0,0,0,0,0,0,0,0,0,0,0,0,0,0,0
0,0,0,0,0,0,0,0,0,0,0,0,0,0,0,0
0,0,0,0,0,0,0,0,0,0,0,0,0,0,0,0
0,0,0,0,0,0,0,0,0,0,0,0,0,0,0,0
0,0,0,0,0,20,46,46,0,21,69,50,0,9,33,11
0,0,0,0,20,46,46,54,21,69,50,65,9,33,11,27
0,0,0,0,46,46,54,0,69,50,65,0,33,11,27,0
0,20,46,46,0,21,69,50,0,9,33,11,0,0,0,0
20,46,46,54,21,69,50,65,9,33,11,27,0,0,0,33
46,46,54,0,69,50,65,0,33,11,27,0,0,0,33,0
0,21,69,50,0,9,33,11,0,0,0,0,0,0,0,0
21,69,50,65,9,33,11,27,0,0,0,33,0,0,0,0
69,50,65,0,33,11,27,0,0,0,33,0,0,0,0,0
0,0,0,0,0,0,0,0,0,0,0,4,0,0,0,9
0,0,0,0,0,0,0,0,0,0,4,0,0,0,9,4
0,0,0,0,0,0,0,0,0,4,0,0,0,9,4,0
0,0,0,0,0,0,0,4,0,0,0,9,0,0,5,0
0,0,0,0,0,0,4,0,0,0,9,4,0,5,0,0
0,0,0,0,0,4,0,0,0,9,4,0,5,0,0,0
0,0,0,4,0,0,0,9,0,0,5,0,0,0,0,0
0,0,4,0,0,0,9,4,0,5,0,0,0,0,0,0
0,4,0,0,0,9,4,0,5,0,0,0,0,0,0,0
0,0,0,0,0,11,9,8,0,13,25,16,0,0,16,5
0,0,0,0,11,9,8,10,13,25,16,33,0,16,5,6
0,0,0,0,9,8,10,0,25,16,33,0,16,5,6,0
0,11,9,8,0,13,25,16,0,0,16,5,0,0,2,3
11,9,8,10,13,25,16,33,0,16,5,6,0,2,3,2
9,8,10,0,25,16,33,0,16,5,6,0,2,3,2,0
0,13,25,16,0,0,16,5,0,0,2,3,0,0,0,0
13,25,16,33,0,16,5,6,0,2,3,2,0,0,0,0
25,16,33,0,16,5,6,0,2,3,2,0,0,0,0,0
0,0,0,0,0,8,29,33,0,22,57,38,0,15,16,0
0,0,0,0,8,29,33,41,22,57,38,47,15,16,0,32
0,0,0,0,29,33,41,0,57,38,47,0,16,0,32,0
0,8,29,33,0,22,57,38,0,15,16,0,0,6,6,5
8,29,33,41,22,57,38,47,15,16,0,32,6,6,5,19
29,33,41,0,57,38,47,0,16,0,32,0,6,5,19,0
0,22,57,38,0,15,16,0,0,6,6,5,0,0,0,0
22,57,38,47,15,16,0,32,6,6,5,19,0,0,0,0
57,38,47,0,16,0,32,0,6,5,19,0,0,0,0,0
0,0,0,0,0,0,0,0,0,0,0,0,0,0,0,0
0,0,0,0,0,0,0,0,0,0,0,0,0,0,0,5
0,0,0,0,0,0,0,0,0,0,0,0,0,0,5,0
0,0,0,0,0,0,0,0,0,0,0,0,0,0,0,0
0,0,0,0,0,0,0,0,0,0,0,5,0,0,0,0
0,0,0,0,0,0,0,0,0,0,5,0,0,0,0,0
0,0,0,0,0,0,0,0,0,0,0,0,0,0,0,0
0,0,0,0,0,0,0,5,0,0,0,0,0,0,0,0
0,0,0,0,0,0,5,0,0,0,0,0,0,0,0,0
0,0,0,0,0,0,4,6,0,0,0,0,0,0,0,0
0,0,0,0,0,4,6,2,0,0,0,0,0,0,0,0
0,0,0,0,4,6,2,0,0,0,0,0,0,0,0,0
0,0,4,6,0,0,0,0,0,0,0,0,0,0,0,0
0,4,6,2,0,0,0,0,0,0,0,0,0,0,0,0
4,6,2,0,0,0,0,0,0,0,0,0,0,0,0,0
0,0,0,0,0,0,0,0,0,0,0,0,0,0,0,0
0,0,0,0,0,0,0,0,0,0,0,0,0,0,0,0
0,0,0,0,0,0,0,0,0,0,0,0,0,0,0,0
0,0,0,0,0,18,35,37,0,17,41,39,0,0,9,27
0,0,0,0,18,35,37,32,17,41,39,39,0,9,27,13
0,0,0,0,35,37,32,0,41,39,39,0,9,27,13,0
0,18,35,37,0,17,41,39,0,0,9,27,0,0,15,11
18,35,37,32,17,41,39,39,0,9,27,13,0,15,11,17
35,37,32,0,41,39,39,0,9,27,13,0,15,11,17,0
0,17,41,39,0,0,9,27,0,0,15,11,0,0,0,0
17,41,39,39,0,9,27,13,0,15,11,17,0,0,0,0
41,39,39,0,9,27,13,0,15,11,17,0,0,0,0,0
0,0,0,0,0,30,23,30,0,57,39,9,0,25,16,0
0,0,0,0,30,23,30,27,57,39,9,41,25,16,0,29
0,0,0,0,23,30,27,0,39,9,41,0,16,0,29,0
0,30,23,30,0,57,39,9,0,25,16,0,0,8,2,12
30,23,30,27,57,39,9,41,25,16,0,29,8,2,12,29
23,30,27,0,39,9,41,0,16,0,29,0,2,12,29,0
0,57,39,9,0,25,16,0,0,8,2,12,0,0,0,0
57,39,9,41,25,16,0,29,8,2,12,29,0,0,0,0
39,9,41,0,16,0,29,0,2,12,29,0,0,0,0,0
0,0,0,0,0,0,0,0,0,0,0,6,0,0,0,0
0,0,0,0,0,0,0,0,0,0,6,0,0,0,0,0
0,0,0,0,0,0,0,0,0,6,0,0,0,0,0,0
0,0,0,0,0,0,0,6,0,0,0,0,0,0,0,0
0,0,0,0,0,0,6,0,0,0,0,0,0,0,0,0
0,0,0,0,0,6,0,0,0,0,0,0,0,0,0,0
0,0,0,6,0,0,0,0,0,0,0,0,0,0,0,0
0,0,6,0,0,0,0,0,0,0,0,0,0,0,0,0
0,6,0,0,0,0,0,0,0,0,0,0,0,0,0,0
0,0,0,0,0,0,0,0,0,0,0,8,0,0,0,0
0,0,0,0,0,0,0,0,0,0,8,0,0,0,0,0
0,0,0,0,0,0,0,0,0,8,0,0,0,0,0,0
0,0,0,0,0,0,0,8,0,0,0,0,0,0,0,0
0,0,0,0,0,0,8,0,0,0,0,0,0,0,0,0
0,0,0,0,0,8,0,0,0,0,0,0,0,0,0,0
0,0,0,8,0,0,0,0,0,0,0,0,0,0,0,0
0,0,8,0,0,0,0,0,0,0,0,0,0,0,0,0
0,8,0,0,0,0,0,0,0,0,0,0,0,0,0,0
0,0,0,0,0,0,0,0,0,0,0,0,0,0,0,0
0,0,0,0,0,0,0,0,0,0,0,0,0,0,0,0
0,0,0,0,0,0,0,0,0,0,0,0,0,0,0,0
0,0,0,0,0,0,0,0,0,0,0,0,0,1,8,9
0,0,0,0,0,0,0,0,0,0,0,0,1,8,9,0
0,0,0,0,0,0,0,0,0,0,0,0,8,9,0,0
0,0,0,0,0,0,0,0,0,1,8,9,0,0,0,0
0,0,0,0,0,0,0,0,1,8,9,0,0,0,0,0
0,0,0,0,0,0,0,0,8,9,0,0,0,0,0,0
0,0,0,0,0,3,20,18,0,13,21,27,0,12,6,8
0,0,0,0,3,20,18,19,13,21,27,13,12,6,8,13
0,0,0,0,20,18,19,0,21,27,13,0,6,8,13,0
0,3,20,18,0,13,21,27,0,12,6,8,0,0,1,3
3,20,18,19,13,21,27,13,12,6,8,13,0,1,3,10
20,18,19,0,21,27,13,0,6,8,13,0,1,3,10,0
0,13,21,27,0,12,6,8,0,0,1,3,0,0,0,0
13,21,27,13,12,6,8,13,0,1,3,10,0,0,0,0
21,27,13,0,6,8,13,0,1,3,10,0,0,0,0,0
0,0,0,0,0,0,0,0,0,0,0,0,0,1,0,0
0,0,0,0,0,0,0,0,0,0,0,0,1,0,0,0
0,0,0,0,0,0,0,0,0,0,0,0,0,0,0,0
0,0,0,0,0,0,0,0,0,1,0,0,0,6,3,0
0,0,0,0,0,0,0,0,1,0,0,0,6,3,0,0
0,0,0,0,0,0,0,0,0,0,0,0,3,0,0,0
0,0,0,0,0,1,0,0,0,6,3,0,0,0,0,0
0,0,0,0,1,0,0,0,6,3,0,0,0,0,0,0
0,0,0,0,0,0,0,0,3,0,0,0,0,0,0,0
0,0,0,0,0,11,15,12,0,24,34,38,0,18,30,13
0,0,0,0,11,15,12,12,24,34,38,36,18,30,13,23
0,0,0,0,15,12,12,0,34,38,36,0,30,13,23,0
0,11,15,12,0,24,34,38,0,18,30,13,0,5,1,10
11,15,12,12,24,34,38,36,18,30,13,23,5,1,10,17
15,12,12,0,34,38,36,0,30,13,23,0,1,10,17,0
0,24,34,38,0,18,30,13,0,5,1,10,0,0,0,0
24,34,38,36,18,30,13,23,5,1,10,17,0,0,0,0
34,38,36,0,30,13,23,0,1,10,17,0,0,0,0,0
0,0,0,0,0,0,0,0,0,6,22,38,0,8,20,10
0,0,0,0,0,0,0,0,6,22,38,22,8,20,10,13
0,0,0,0,0,0,0,0,22,38,22,0,20,10,13,0
0,0,0,0,0,6,22,38,0,8,20,10,0,4,0,6
0,0,0,0,6,22,38,22,8,20,10,13,4,0,6,0
0,0,0,0,22,38,22,0,20,10,13,0,0,6,0,0
0,6,22,38,0,8,20,10,0,4,0,6,0,0,0,0
6,22,38,22,8,20,10,13,4,0,6,0,0,0,0,0
22,38,22,0,20,10,13,0,0,6,0,0,0,0,0,0
0,0,0,0,0,26,38,36,0,29,34,9,0,11,13,17
0,0,0,0,26,38,36,43,29,34,9,33,11,13,17,30
0,0,0,0,38,36,43,0,34,9,33,0,13,17,30,0
0,26,38,36,0,29,34,9,0,11,13,17,0,10,10,25
26,38,36,43,29,34,9,33,11,13,17,30,10,10,25,33
38,36,43,0,34,9,33,0,13,17,30,0,10,25,33,0
0,29,34,9,0,11,13,17,0,10,10,25,0,0,0,0
29,34,9,33,11,13,17,30,10,10,25,33,0,0,0,0
34,9,33,0,13,17,30,0,10,25,33,0,0,0,0,0
0,0,0,0,0,0,0,0,0,0,0,2,0,3,15,6
0,0,0,0,0,0,0,0,0,0,2,8,3,15,6,13
0,0,0,0,0,0,0,0,0,2,8,0,15,6,13,0
0,0,0,0,0,0,0,2,0,3,15,6,0,1,6,0
0,0,0,0,0,0,2,8,3,15,6,13,1,6,0,0
0,0,0,0,0,2,8,0,15,6,13,0,6,0,0,0
0,0,0,2,0,3,15,6,0,1,6,0,0,0,0,0
0,0,2,8,3,15,6,13,1,6,0,0,0,0,0,0
0,2,8,0,15,6,13,0,6,0,0,0,0,0,0,0
0,0,0,0,0,0,0,1,0,5,24,30,0,11,10,1
0,0,0,0,0,0,1,1,5,24,30,15,11,10,1,11
0,0,0,0,0,1,1,0,24,30,15,0,10,1,11,0
0,0,0,1,0,5,24,30,0,11,10,1,0,0,6,0
0,0,1,1,5,24,30,15,11,10,1,11,0,6,0,1
0,1,1,0,24,30,15,0,10,1,11,0,6,0,1,0
0,5,24,30,0,11,10,1,0,0,6,0,0,0,0,0
5,24,30,15,11,10,1,11,0,6,0,1,0,0,0,0
24,30,15,0,10,1,11,0,6,0,1,0,0,0,0,0
0,0,0,0,0,0,16,20,0,11,9,19,0,12,0,1
0,0,0,0,0,16,20,11,11,9,19,0,12,0,1,5
0,0,0,0,16,20,11,0,9,19,0,0,0,1,5,0
0,0,16,20,0,11,9,19,0,12,0,1,0,1,2,6
0,16,20,11,11,9,19,0,12,0,1,5,1,2,6,3
16,20,11,0,9,19,0,0,0,1,5,0,2,6,3,0
0,11,9,19,0,12,0,1,0,1,2,6,0,0,0,0
11,9,19,0,12,0,1,5,1,2,6,3,0,0,0,0
9,19,0,0,0,1,5,0,2,6,3,0,0,0,0,0
0,0,0,0,0,0,0,0,0,0,0,0,0,0,0,0
0,0,0,0,0,0,0,4,0,0,0,0,0,0,0,0
0,0,0,0,0,0,4,0,0,0,0,0,0,0,0,0
0,0,0,0,0,0,0,0,0,0,0,0,0,2,0,0
0,0,0,4,0,0,0,0,0,0,0,0,2,0,0,0
0,0,4,0,0,0,0,0,0,0,0,0,0,0,0,0
0,0,0,0,0,0,0,0,0,2,0,0,0,0,0,0
0,0,0,0,0,0,0,0,2,0,0,0,0,0,0,0
0,0,0,0,0,0,0,0,0,0,0,0,0,0,0,0
0,0,0,0,0,17,44,49,0,18,48,41,0,0,3,0
0,0,0,0,17,44,49,44,18,48,41,44,0,3,0,15
0,0,0,0,44,49,44,0,48,41,44,0,3,0,15,0
0,17,44,49,0,18,48,41,0,0,3,0,0,0,0,5
17,44,49,44,18,48,41,44,0,3,0,15,0,0,5,22
44,49,44,0,48,41,44,0,3,0,15,0,0,5,22,0
0,18,48,41,0,0,3,0,0,0,0,5,0,0,0,0
18,48,41,44,0,3,0,15,0,0,5,22,0,0,0,0
48,41,44,0,3,0,15,0,0,5,22,0,0,0,0,0
0,0,0,0,0,0,0,0,0,0,0,0,0,0,0,0
0,0,0,0,0,0,0,0,0,0,0,0,0,0,0,0
0,0,0,0,0,0,0,0,0,0,0,0,0,0,0,0
0,0,0,0,0,0,0,0,0,0,0,0,0,0,0,0
0,0,0,0,0,0,0,0,0,0,0,0,0,0,0,0
0,0,0,0,0,0,0,0,0,0,0,0,0,0,0,0
0,0,0,0,0,0,0,0,0,0,0,0,0,0,0,0
0,0,0,0,0,0,0,0,0,0,0,0,0,0,0,0
0,0,0,0,0,0,0,0,0,0,0,0,0,0,0,0
0,0,0,0,0,0,1,10,0,0,9,25,0,0,3,6
0,0,0,0,0,1,10,4,0,9,25,4,0,3,6,0
0,0,0,0,1,10,4,0,9,25,4,0,3,6,0,0
0,0,1,10,0,0,9,25,0,0,3,6,0,0,11,0
0,1,10,4,0,9,25,4,0,3,6,0,0,11,0,0
1,10,4,0,9,25,4,0,3,6,0,0,11,0,0,0
0,0,9,25,0,0,3,6,0,0,11,0,0,0,0,0
0,9,25,4,0,3,6,0,0,11,0,0,0,0,0,0
9,25,4,0,3,6,0,0,11,0,0,0,0,0,0,0
0,0,0,0,0,0,0,0,0,11,25,29,0,10,27,0
0,0,0,0,0,0,0,0,11,25,29,37,10,27,0,25
0,0,0,0,0,0,0,0,25,29,37,0,27,0,25,0
0,0,0,0,0,11,25,29,0,10,27,0,0,8,8,1
0,0,0,0,11,25,29,37,10,27,0,25,8,8,1,10
0,0,0,0,25,29,37,0,27,0,25,0,8,1,10,0
0,11,25,29,0,10,27,0,0,8,8,1,0,0,0,0
11,25,29,37,10,27,0,25,8,8,1,10,0,0,0,0
25,29,37,0,27,0,25,0,8,1,10,0,0,0,0,0
0,0,0,0,0,0,0,0,0,0,0,0,0,0,0,0
0,0,0,0,0,0,0,0,0,0,0,0,0,0,0,0
0,0,0,0,0,0,0,0,0,0,0,0,0,0,0,0
0,0,0,0,0,0,0,0,0,0,0,0,0,0,0,0
0,0,0,0,0,0,0,0,0,0,0,0,0,0,0,0
0,0,0,0,0,0,0,0,0,0,0,0,0,0,0,0
0,0,0,0,0,0,0,0,0,0,0,0,0,0,0,0
0,0,0,0,0,0,0,0,0,0,0,0,0,0,0,0
0,0,0,0,0,0,0,0,0,0,0,0,0,0,0,0
0,0,0,0,0,10,0,0,0,12,23,13,0,2,9,11
0,0,0,0,10,0,0,0,12,23,13,30,2,9,11,6
0,0,0,0,0,0,0,0,23,13,30,0,9,11,6,0
0,10,0,0,0,12,23,13,0,2,9,11,0,0,11,2
10,0,0,0,12,23,13,30,2,9,11,6,0,11,2,6
0,0,0,0,23,13,30,0,9,11,6,0,11,2,6,0
0,12,23,13,0,2,9,11,0,0,11,2,0,0,0,0
12,23,13,30,2,9,11,6,0,11,2,6,0,0,0,0
23,13,30,0,9,11,6,0,11,2,6,0,0,0,0,0
0,0,0,0,0,0,0,0,0,0,0,0,0,0,0,0
0,0,0,0,0,0,0,0,0,0,0,0,0,0,0,0
0,0,0,0,0,0,0,0,0,0,0,0,0,0,0,0
0,0,0,0,0,0,0,0,0,0,0,0,0,0,0,0
0,0,0,0,0,0,0,0,0,0,0,0,0,0,0,0
0,0,0,0,0,0,0,0,0,0,0,0,0,0,0,0
0,0,0,0,0,0,0,0,0,0,0,0,0,0,0,0
0,0,0,0,0,0,0,0,0,0,0,0,0,0,0,0
0,0,0,0,0,0,0,0,0,0,0,0,0,0,0,0
0,0,0,0,0,13,66,72,0,27,83,75,0,16,38,34
0,0,0,0,13,66,72,74,27,83,75,54,16,38,34,32
0,0,0,0,66,72,74,0,83,75,54,0,38,34,32,0
0,13,66,72,0,27,83,75,0,16,38,34,0,6,15,15
13,66,72,74,27,83,75,54,16,38,34,32,6,15,15,33
66,72,74,0,83,75,54,0,38,34,32,0,15,15,33,0
0,27,83,75,0,16,38,34,0,6,15,15,0,0,0,0
27,83,75,54,16,38,34,32,6,15,15,33,0,0,0,0
83,75,54,0,38,34,32,0,15,15,33,0,0,0,0,0
0,0,0,0,0,8,0,0,0,0,0,0,0,0,0,0
0,0,0,0,8,0,0,0,0,0,0,3,0,0,0,0
0,0,0,0,0,0,0,0,0,0,3,0,0,0,0,0
0,8,0,0,0,0,0,0,0,0,0,0,0,0,0,0
8,0,0,0,0,0,0,3,0,0,0,0,0,0,0,0
0,0,0,0,0,0,3,0,0,0,0,0,0,0,0,0
0,0,0,0,0,0,0,0,0,0,0,0,0,0,0,0
0,0,0,3,0,0,0,0,0,0,0,0,0,0,0,0
0,0,3,0,0,0,0,0,0,0,0,0,0,0,0,0
0,0,0,0,0,5,0,0,0,0,9,0,0,0,0,0
0,0,0,0,5,0,0,2,0,9,0,10,0,0,0,0
0,0,0,0,0,0,2,0,9,0,10,0,0,0,0,0
0,5,0,0,0,0,9,0,0,0,0,0,0,0,0,0
5,0,0,2,0,9,0,10,0,0,0,0,0,0,0,0
0,0,2,0,9,0,10,0,0,0,0,0,0,0,0,0
0,0,9,0,0,0,0,0,0,0,0,0,0,0,0,0
0,9,0,10,0,0,0,0,0,0,0,0,0,0,0,0
9,0,10,0,0,0,0,0,0,0,0,0,0,0,0,0
0,0,0,0,0,0,11,12,0,0,4,26,0,8,6,0
0,0,0,0,0,11,12,10,0,4,26,0,8,6,0,0
0,0,0,0,11,12,10,0,4,26,0,0,6,0,0,0
0,0,11,12,0,0,4,26,0,8,6,0,0,0,2,0
0,11,12,10,0,4,26,0,8,6,0,0,0,2,0,0
11,12,10,0,4,26,0,0,6,0,0,0,2,0,0,0
0,0,4,26,0,8,6,0,0,0,2,0,0,0,0,0
0,4,26,0,8,6,0,0,0,2,0,0,0,0,0,0
4,26,0,0,6,0,0,0,2,0,0,0,0,0,0,0
0,0,0,0,0,18,12,11,0,0,0,0,0,0,0,0
0,0,0,0,18,12,11,2,0,0,0,0,0,0,0,0
0,0,0,0,12,11,2,0,0,0,0,0,0,0,0,0
0,18,12,11,0,0,0,0,0,0,0,0,0,12,10,0
18,12,11,2,0,0,0,0,0,0,0,0,12,10,0,1
12,11,2,0,0,0,0,0,0,0,0,0,10,0,1,0
0,0,0,0,0,0,0,0,0,12,10,0,0,0,0,0
0,0,0,0,0,0,0,0,12,10,0,1,0,0,0,0
0,0,0,0,0,0,0,0,10,0,1,0,0,0,0,0
0,0,0,0,0,0,0,0,0,0,0,0,0,0,0,0
0,0,0,0,0,0,0,0,0,0,0,0,0,0,0,0
0,0,0,0,0,0,0,0,0,0,0,0,0,0,0,0
0,0,0,0,0,0,0,0,0,0,0,0,0,0,0,0
0,0,0,0,0,0,0,0,0,0,0,0,0,0,0,0
0,0,0,0,0,0,0,0,0,0,0,0,0,0,0,0
0,0,0,0,0,0,0,0,0,0,0,0,0,0,0,0
0,0,0,0,0,0,0,0,0,0,0,0,0,0,0,0
0,0,0,0,0,0,0,0,0,0,0,0,0,0,0,0
0,0,0,0,0,13,23,27,0,8,0,0,0,0,0,0
0,0,0,0,13,23,27,23,8,0,0,0,0,0,0,0
0,0,0,0,23,27,23,0,0,0,0,0,0,0,0,0
0,13,23,27,0,8,0,0,0,0,0,0,0,0,0,0
13,23,27,23,8,0,0,0,0,0,0,0,0,0,0,0
23,27,23,0,0,0,0,0,0,0,0,0,0,0,0,0
0,8,0,0,0,0,0,0,0,0,0,0,0,0,0,0
8,0,0,0,0,0,0,0,0,0,0,0,0,0,0,0
0,0,0,0,0,0,0,0,0,0,0,0,0,0,0,0
0,0,0,0,0,12,13,11,0,0,9,0,0,0,0,3
0,0,0,0,12,13,11,16,0,9,0,6,0,0,3,0
0,0,0,0,13,11,16,0,9,0,6,0,0,3,0,0
0,12,13,11,0,0,9,0,0,0,0,3,0,0,0,5
12,13,11,16,0,9,0,6,0,0,3,0,0,0,5,4
13,11,16,0,9,0,6,0,0,3,0,0,0,5,4,0
0,0,9,0,0,0,0,3,0,0,0,5,0,0,0,0
0,9,0,6,0,0,3,0,0,0,5,4,0,0,0,0
9,0,6,0,0,3,0,0,0,5,4,0,0,0,0,0
0,0,0,0,0,27,44,52,0,27,9,0,0,5,0,0
0,0,0,0,27,44,52,46,27,9,0,15,5,0,0,11
0,0,0,0,44,52,46,0,9,0,15,0,0,0,11,0
0,27,44,52,0,27,9,0,0,5,0,0,0,4,4,9
27,44,52,46,27,9,0,15,5,0,0,11,4,4,9,12
44,52,46,0,9,0,15,0,0,0,11,0,4,9,12,0
0,27,9,0,0,5,0,0,0,4,4,9,0,0,0,0
27,9,0,15,5,0,0,11,4,4,9,12,0,0,0,0
9,0,15,0,0,0,11,0,4,9,12,0,0,0,0,0
0,0,0,0,0,3,9,3,0,19,11,1,0,13,1,0
0,0,0,0,3,9,3,6,19,11,1,13,13,1,0,17
0,0,0,0,9,3,6,0,11,1,13,0,1,0,17,0
0,3,9,3,0,19,11,1,0,13,1,0,0,6,0,13
3,9,3,6,19,11,1,13,13,1,0,17,6,0,13,9
9,3,6,0,11,1,13,0,1,0,17,0,0,13,9,0
0,19,11,1,0,13,1,0,0,6,0,13,0,0,0,0
19,11,1,13,13,1,0,17,6,0,13,9,0,0,0,0
11,1,13,0,1,0,17,0,0,13,9,0,0,0,0,0
0,0,0,0,0,0,0,0,0,0,0,0,0,0,0,0
0,0,0,0,0,0,0,0,0,0,0,0,0,0,0,0
0,0,0,0,0,0,0,0,0,0,0,0,0,0,0,0
0,0,0,0,0,0,0,0,0,0,0,0,0,0,0,0
0,0,0,0,0,0,0,0,0,0,0,0,0,0,0,0
0,0,0,0,0,0,0,0,0,0,0,0,0,0,0,0
0,0,0,0,0,0,0,0,0,0,0,0,0,0,0,0
0,0,0,0,0,0,0,0,0,0,0,0,0,0,0,0
0,0,0,0,0,0,0,0,0,0,0,0,0,0,0,0
0,0,0,0,0,16,16,10,0,10,6,0,0,0,0,0
0,0,0,0,16,16,10,11,10,6,0,17,0,0,0,0
0,0,0,0,16,10,11,0,6,0,17,0,0,0,0,0
0,16,16,10,0,10,6,0,0,0,0,0,0,0,0,9
16,16,10,11,10,6,0,17,0,0,0,0,0,0,9,0
16,10,11,0,6,0,17,0,0,0,0,0,0,9,0,0
0,10,6,0,0,0,0,0,0,0,0,9,0,0,0,0
10,6,0,17,0,0,0,0,0,0,9,0,0,0,0,0
6,0,17,0,0,0,0,0,0,9,0,0,0,0,0,0
0,0,0,0,0,22,26,25,0,24,42,27,0,13,19,13
0,0,0,0,22,26,25,23,24,42,27,35,13,19,13,18
0,0,0,0,26,25,23,0,42,27,35,0,19,13,18,0
0,22,26,25,0,24,42,27,0,13,19,13,0,8,2,12
22,26,25,23,24,42,27,35,13,19,13,18,8,2,12,27
26,25,23,0,42,27,35,0,19,13,18,0,2,12,27,0
0,24,42,27,0,13,19,13,0,8,2,12,0,0,0,0
24,42,27,35,13,19,13,18,8,2,12,27,0,0,0,0
42,27,35,0,19,13,18,0,2,12,27,0,0,0,0,0
0,0,0,0,0,6,20,20,0,34,65,55,0,13,42,38
0,0,0,0,6,20,20,26,34,65,55,69,13,42,38,44
0,0,0,0,20,20,26,0,65,55,69,0,42,38,44,0
0,6,20,20,0,34,65,55,0,13,42,38,0,6,13,23
6,20,20,26,34,65,55,69,13,42,38,44,6,13,23,36
20,20,26,0,65,55,69,0,42,38,44,0,13,23,36,0
0,34,65,55,0,13,42,38,0,6,13,23,0,0,0,0
34,65,55,69,13,42,38,44,6,13,23,36,0,0,0,0
65,55,69,0,42,38,44,0,13,23,36,0,0,0,0,0
0,0,0,0,0,0,0,0,0,8,6,9,0,8,15,4
0,0,0,0,0,0,0,0,8,6,9,9,8,15,4,24
0,0,0,0,0,0,0,0,6,9,9,0,15,4,24,0
0,0,0,0,0,8,6,9,0,8,15,4,0,0,0,8
0,0,0,0,8,6,9,9,8,15,4,24,0,0,8,0
0,0,0,0,6,9,9,0,15,4,24,0,0,8,0,0
0,8,6,9,0,8,15,4,0,0,0,8,0,0,0,0
8,6,9,9,8,15,4,24,0,0,8,0,0,0,0,0
6,9,9,0,15,4,24,0,0,8,0,0,0,0,0,0
0,0,0,0,0,13,4,2,0,44,33,30,0,34,31,27
0,0,0,0,13,4,2,0,44,33,30,44,34,31,27,35
0,0,0,0,4,2,0,0,33,30,44,0,31,27,35,0
0,13,4,2,0,44,33,30,0,34,31,27,0,5,6,15
13,4,2,0,44,33,30,44,34,31,27,35,5,6,15,18
4,2,0,0,33,30,44,0,31,27,35,0,6,15,18,0
0,44,33,30,0,34,31,27,0,5,6,15,0,0,0,0
44,33,30,44,34,31,27,35,5,6,15,18,0,0,0,0
33,30,44,0,31,27,35,0,6,15,18,0,0,0,0,0
0,0,0,0,0,0,0,0,0,0,0,0,0,0,0,0
0,0,0,0,0,0,0,0,0,0,0,0,0,0,0,0
0,0,0,0,0,0,0,0,0,0,0,0,0,0,0,0
0,0,0,0,0,0,0,0,0,0,0,0,0,0,0,0
0,0,0,0,0,0,0,0,0,0,0,0,0,0,0,0
0,0,0,0,0,0,0,0,0,0,0,0,0,0,0,0
0,0,0,0,0,0,0,0,0,0,0,0,0,0,0,0
0,0,0,0,0,0,0,0,0,0,0,0,0,0,0,0
0,0,0,0,0,0,0,0,0,0,0,0,0,0,0,0
0,0,0,0,0,0,0,0,0,11,16,10,0,8,13,8
0,0,0,0,0,0,0,0,11,16,10,10,8,13,8,12
0,0,0,0,0,0,0,0,16,10,10,0,13,8,12,0
0,0,0,0,0,11,16,10,0,8,13,8,0,1,1,0
0,0,0,0,11,16,10,10,8,13,8,12,1,1,0,1
0,0,0,0,16,10,10,0,13,8,12,0,1,0,1,0
0,11,16,10,0,8,13,8,0,1,1,0,0,0,0,0
11,16,10,10,8,13,8,12,1,1,0,1,0,0,0,0
16,10,10,0,13,8,12,0,1,0,1,0,0,0,0,0
0,0,0,0,0,9,13,10,0,6,13,9,0,12,3,0
0,0,0,0,9,13,10,13,6,13,9,2,12,3,0,0
0,0,0,0,13,10,13,0,13,9,2,0,3,0,0,0
0,9,13,10,0,6,13,9,0,12,3,0,0,5,6,0
9,13,10,13,6,13,9,2,12,3,0,0,5,6,0,0
13,10,13,0,13,9,2,0,3,0,0,0,6,0,0,0
0,6,13,9,0,12,3,0,0,5,6,0,0,0,0,0
6,13,9,2,12,3,0,0,5,6,0,0,0,0,0,0
13,9,2,0,3,0,0,0,6,0,0,0,0,0,0,0
0,0,0,0,0,0,0,0,0,0,0,0,0,0,1,0
0,0,0,0,0,0,0,0,0,0,0,0,0,1,0,0
0,0,0,0,0,0,0,0,0,0,0,0,1,0,0,0
0,0,0,0,0,0,0,0,0,0,1,0,0,0,0,0
0,0,0,0,0,0,0,0,0,1,0,0,0,0,0,0
0,0,0,0,0,0,0,0,1,0,0,0,0,0,0,0
0,0,0,0,0,0,1,0,0,0,0,0,0,0,0,0
0,0,0,0,0,1,0,0,0,0,0,0,0,0,0,0
0,0,0,0,1,0,0,0,0,0,0,0,0,0,0,0
0,0,0,0,0,41,63,61,0,73,93,65,0,42,39,11
0,0,0,0,41,63,61,66,73,93,65,105,42,39,11,60
0,0,0,0,63,61,66,0,93,65,105,0,39,11,60,0
0,41,63,61,0,73,93,65,0,42,39,11,0,21,11,13
41,63,61,66,73,93,65,105,42,39,11,60,21,11,13,42
63,61,66,0,93,65,105,0,39,11,60,0,11,13,42,0
0,73,93,65,0,42,39,11,0,21,11,13,0,0,0,0
73,93,65,105,42,39,11,60,21,11,13,42,0,0,0,0
93,65,105,0,39,11,60,0,11,13,42,0,0,0,0,0
0,0,0,0,0,0,0,0,0,1,6,27,0,17,11,18
0,0,0,0,0,0,0,0,1,6,27,8,17,11,18,22
0,0,0,0,0,0,0,0,6,27,8,0,11,18,22,0
0,0,0,0,0,1,6,27,0,17,11,18,0,9,10,1
0,0,0,0,1,6,27,8,17,11,18,22,9,10,1,0
0,0,0,0,6,27,8,0,11,18,22,0,10,1,0,0
0,1,6,27,0,17,11,18,0,9,10,1,0,0,0,0
1,6,27,8,17,11,18,22,9,10,1,0,0,0,0,0
6,27,8,0,11,18,22,0,10,1,0,0,0,0,0,0
0,0,0,0,0,0,6,6,0,0,0,0,0,0,0,0
0,0,0,0,0,6,6,11,0,0,0,0,0,0,0,0
0,0,0,0,6,6,11,0,0,0,0,0,0,0,0,0
0,0,6,6,0,0,0,0,0,0,0,0,0,0,0,0
0,6,6,11,0,0,0,0,0,0,0,0,0,0,0,0
6,6,11,0,0,0,0,0,0,0,0,0,0,0,0,0
0,0,0,0,0,0,0,0,0,0,0,0,0,0,0,0
0,0,0,0,0,0,0,0,0,0,0,0,0,0,0,0
0,0,0,0,0,0,0,0,0,0,0,0,0,0,0,0
0,0,0,0,0,0,0,0,0,0,0,0,0,0,0,1
0,0,0,0,0,0,0,0,0,0,0,0,0,0,1,0
0,0,0,0,0,0,0,0,0,0,0,0,0,1,0,0
0,0,0,0,0,0,0,0,0,0,0,1,0,0,0,0
0,0,0,0,0,0,0,0,0,0,1,0,0,0,0,0
0,0,0,0,0,0,0,0,0,1,0,0,0,0,0,0
0,0,0,0,0,0,0,1,0,0,0,0,0,0,0,0
0,0,0,0,0,0,1,0,0,0,0,0,0,0,0,0
0,0,0,0,0,1,0,0,0,0,0,0,0,0,0,0
0,0,0,0,0,11,2,1,0,0,0,0,0,0,0,0
0,0,0,0,11,2,1,0,0,0,0,0,0,0,0,0
0,0,0,0,2,1,0,0,0,0,0,0,0,0,0,0
0,11,2,1,0,0,0,0,0,0,0,0,0,6,0,0
11,2,1,0,0,0,0,0,0,0,0,0,6,0,0,0
2,1,0,0,0,0,0,0,0,0,0,0,0,0,0,0
0,0,0,0,0,0,0,0,0,6,0,0,0,0,0,0
0,0,0,0,0,0,0,0,6,0,0,0,0,0,0,0
0,0,0,0,0,0,0,0,0,0,0,0,0,0,0,0
0,0,0,0,0,4,0,0,0,11,2,0,0,10,0,0
0,0,0,0,4,0,0,0,11,2,0,0,10,0,0,0
0,0,0,0,0,0,0,0,2,0,0,0,0,0,0,0
0,4,0,0,0,11,2,0,0,10,0,0,0,1,0,0
4,0,0,0,11,2,0,0,10,0,0,0,1,0,0,1
0,0,0,0,2,0,0,0,0,0,0,0,0,0,1,0
0,11,2,0,0,10,0,0,0,1,0,0,0,0,0,0
11,2,0,0,10,0,0,0,1,0,0,1,0,0,0,0
2,0,0,0,0,0,0,0,0,0,1,0,0,0,0,0
0,0,0,0,0,29,50,51,0,33,59,37,0,12,15,17
0,0,0,0,29,50,51,62,33,59,37,47,12,15,17,17
0,0,0,0,50,51,62,0,59,37,47,0,15,17,17,0
0,29,50,51,0,33,59,37,0,12,15,17,0,11,13,16
29,50,51,62,33,59,37,47,12,15,17,17,11,13,16,23
50,51,62,0,59,37,47,0,15,17,17,0,13,16,23,0
0,33,59,37,0,12,15,17,0,11,13,16,0,0,0,0
33,59,37,47,12,15,17,17,11,13,16,23,0,0,0,0
59,37,47,0,15,17,17,0,13,16,23,0,0,0,0,0
0,0,0,0,0,0,16,19,0,0,10,3,0,2,2,5
0,0,0,0,0,16,19,26,0,10,3,0,2,2,5,1
0,0,0,0,16,19,26,0,10,3,0,0,2,5,1,0
0,0,16,19,0,0,10,3,0,2,2,5,0,0,0,2
0,16,19,26,0,10,3,0,2,2,5,1,0,0,2,10
16,19,26,0,10,3,0,0,2,5,1,0,0,2,10,0
0,0,10,3,0,2,2,5,0,0,0,2,0,0,0,0
0,10,3,0,2,2,5,1,0,0,2,10,0,0,0,0
10,3,0,0,2,5,1,0,0,2,10,0,0,0,0,0
0,0,0,0,0,6,8,12,0,0,0,0,0,0,0,0
0,0,0,0,6,8,12,15,0,0,0,0,0,0,0,0
0,0,0,0,8,12,15,0,0,0,0,0,0,0,0,0
0,6,8,12,0,0,0,0,0,0,0,0,0,0,0,0
6,8,12,15,0,0,0,0,0,0,0,0,0,0,0,0
8,12,15,0,0,0,0,0,0,0,0,0,0,0,0,0
0,0,0,0,0,0,0,0,0,0,0,0,0,0,0,0
0,0,0,0,0,0,0,0,0,0,0,0,0,0,0,0
0,0,0,0,0,0,0,0,0,0,0,0,0,0,0,0
0,0,0,0,0,0,20,27,0,22,42,23,0,15,21,2
0,0,0,0,0,20,27,27,22,42,23,41,15,21,2,17
0,0,0,0,20,27,27,0,42,23,41,0,21,2,17,0
0,0,20,27,0,22,42,23,0,15,21,2,0,9,18,5
0,20,27,27,22,42,23,41,15,21,2,17,9,18,5,13
20,27,27,0,42,23,41,0,21,2,17,0,18,5,13,0
0,22,42,23,0,15,21,2,0,9,18,5,0,0,0,0
22,42,23,41,15,21,2,17,9,18,5,13,0,0,0,0
42,23,41,0,21,2,17,0,18,5,13,0,0,0,0,0
0,0,0,0,0,22,27,31,0,13,35,31,0,1,10,20
0,0,0,0,22,27,31,33,13,35,31,30,1,10,20,5
0,0,0,0,27,31,33,0,35,31,30,0,10,20,5,0
0,22,27,31,0,13,35,31,0,1,10,20,0,8,11,13
22,27,31,33,13,35,31,30,1,10,20,5,8,11,13,17
27,31,33,0,35,31,30,0,10,20,5,0,11,13,17,0
0,13,35,31,0,1,10,20,0,8,11,13,0,0,0,0
13,35,31,30,1,10,20,5,8,11,13,17,0,0,0,0
35,31,30,0,10,20,5,0,11,13,17,0,0,0,0,0
0,0,0,0,0,0,0,0,0,10,0,0,0,12,0,0
0,0,0,0,0,0,0,3,10,0,0,0,12,0,0,5
0,0,0,0,0,0,3,0,0,0,0,0,0,0,5,0
0,0,0,0,0,10,0,0,0,12,0,0,0,0,0,0
0,0,0,3,10,0,0,0,12,0,0,5,0,0,0,0
0,0,3,0,0,0,0,0,0,0,5,0,0,0,0,0
0,10,0,0,0,12,0,0,0,0,0,0,0,0,0,0
10,0,0,0,12,0,0,5,0,0,0,0,0,0,0,0
0,0,0,0,0,0,5,0,0,0,0,0,0,0,0,0
0,0,0,0,0,0,0,0,0,0,0,16,0,8,21,20
0,0,0,0,0,0,0,0,0,0,16,0,8,21,20,5
0,0,0,0,0,0,0,0,0,16,0,0,21,20,5,0
0,0,0,0,0,0,0,16,0,8,21,20,0,0,10,0
0,0,0,0,0,0,16,0,8,21,20,5,0,10,0,0
0,0,0,0,0,16,0,0,21,20,5,0,10,0,0,0
0,0,0,16,0,8,21,20,0,0,10,0,0,0,0,0
0,0,16,0,8,21,20,5,0,10,0,0,0,0,0,0
0,16,0,0,21,20,5,0,10,0,0,0,0,0,0,0
0,0,0,0,0,0,0,0,0,0,0,0,0,1,0,0
0,0,0,0,0,0,0,0,0,0,0,0,1,0,0,0
0,0,0,0,0,0,0,0,0,0,0,0,0,0,0,0
0,0,0,0,0,0,0,0,0,1,0,0,0,6,0,0
0,0,0,0,0,0,0,0,1,0,0,0,6,0,0,0
0,0,0,0,0,0,0,0,0,0,0,0,0,0,0,0
0,0,0,0,0,1,0,0,0,6,0,0,0,0,0,0
0,0,0,0,1,0,0,0,6,0,0,0,0,0,0,0
0,0,0,0,0,0,0,0,0,0,0,0,0,0,0,0
0,0,0,0,0,0,0,0,0,0,0,6,0,6,0,0
0,0,0,0,0,0,0,0,0,0,6,0,6,0,0,0
0,0,0,0,0,0,0,0,0,6,0,0,0,0,0,0
0,0,0,0,0,0,0,6,0,6,0,0,0,5,0,0
0,0,0,0,0,0,6,0,6,0,0,0,5,0,0,0
0,0,0,0,0,6,0,0,0,0,0,0,0,0,0,0
0,0,0,6,0,6,0,0,0,5,0,0,0,0,0,0
0,0,6,0,6,0,0,0,5,0,0,0,0,0,0,0
0,6,0,0,0,0,0,0,0,0,0,0,0,0,0,0
0,0,0,0,0,27,24,27,0,35,46,34,0,23,33,13
0,0,0,0,27,24,27,23,35,46,34,40,23,33,13,17
0,0,0,0,24,27,23,0,46,34,40,0,33,13,17,0
0,27,24,27,0,35,46,34,0,23,33,13,0,8,6,15
27,24,27,23,35,46,34,40,23,33,13,17,8,6,15,23
24,27,23,0,46,34,40,0,33,13,17,0,6,15,23,0
0,35,46,34,0,23,33,13,0,8,6,15,0,0,0,0
35,46,34,40,23,33,13,17,8,6,15,23,0,0,0,0
46,34,40,0,33,13,17,0,6,15,23,0,0,0,0,0
0,0,0,0,0,0,0,0,0,0,0,13,0,10,20,13
0,0,0,0,0,0,0,0,0,0,13,1,10,20,13,10
0,0,0,0,0,0,0,0,0,13,1,0,20,13,10,0
0,0,0,0,0,0,0,13,0,10,20,13,0,8,0,2
0,0,0,0,0,0,13,1,10,20,13,10,8,0,2,1
0,0,0,0,0,13,1,0,20,13,10,0,0,2,1,0
0,0,0,13,0,10,20,13,0,8,0,2,0,0,0,0
0,0,13,1,10,20,13,10,8,0,2,1,0,0,0,0
0,13,1,0,20,13,10,0,0,2,1,0,0,0,0,0
0,0,0,0,0,0,0,0,0,0,0,0,0,0,0,13
0,0,0,0,0,0,0,0,0,0,0,0,0,0,13,0
0,0,0,0,0,0,0,0,0,0,0,0,0,13,0,0
0,0,0,0,0,0,0,0,0,0,0,13,0,0,10,0
0,0,0,0,0,0,0,0,0,0,13,0,0,10,0,0
0,0,0,0,0,0,0,0,0,13,0,0,10,0,0,0
0,0,0,0,0,0,0,13,0,0,10,0,0,0,0,0
0,0,0,0,0,0,13,0,0,10,0,0,0,0,0,0
0,0,0,0,0,13,0,0,10,0,0,0,0,0,0,0
0,0,0,0,0,0,0,0,0,0,0,0,0,0,0,0
0,0,0,0,0,0,0,0,0,0,0,0,0,0,0,0
0,0,0,0,0,0,0,0,0,0,0,0,0,0,0,0
0,0,0,0,0,0,0,0,0,0,0,0,0,0,0,0
0,0,0,0,0,0,0,0,0,0,0,0,0,0,0,0
0,0,0,0,0,0,0,0,0,0,0,0,0,0,0,0
0,0,0,0,0,0,0,0,0,0,0,0,0,0,0,0
0,0,0,0,0,0,0,0,0,0,0,0,0,0,0,0
0,0,0,0,0,0,0,0,0,0,0,0,0,0,0,0
0,0,0,0,0,29,0,0,0,41,0,0,0,17,0,0
0,0,0,0,29,0,0,0,41,0,0,18,17,0,0,10
0,0,0,0,0,0,0,0,0,0,18,0,0,0,10,0
0,29,0,0,0,41,0,0,0,17,0,0,0,6,0,13
29,0,0,0,41,0,0,18,17,0,0,10,6,0,13,4
0,0,0,0,0,0,18,0,0,0,10,0,0,13,4,0
0,41,0,0,0,17,0,0,0,6,0,13,0,0,0,0
41,0,0,18,17,0,0,10,6,0,13,4,0,0,0,0
0,0,18,0,0,0,10,0,0,13,4,0,0,0,0,0
0,0,0,0,0,15,6,5,0,6,0,0,0,0,0,0
0,0,0,0,15,6,5,3,6,0,0,0,0,0,0,0
0,0,0,0,6,5,3,0,0,0,0,0,0,0,0,0
0,15,6,5,0,6,0,0,0,0,0,0,0,0,0,0
15,6,5,3,6,0,0,0,0,0,0,0,0,0,0,0
6,5,3,0,0,0,0,0,0,0,0,0,0,0,0,0
0,6,0,0,0,0,0,0,0,0,0,0,0,0,0,0
6,0,0,0,0,0,0,0,0,0,0,0,0,0,0,0
0,0,0,0,0,0,0,0,0,0,0,0,0,0,0,0
0,0,0,0,0,1,0,0,0,6,0,0,0,1,0,0
0,0,0,0,1,0,0,0,6,0,0,0,1,0,0,0
0,0,0,0,0,0,0,0,0,0,0,0,0,0,0,0
0,1,0,0,0,6,0,0,0,1,0,0,0,0,0,4
1,0,0,0,6,0,0,0,1,0,0,0,0,0,4,0
0,0,0,0,0,0,0,0,0,0,0,0,0,4,0,0
0,6,0,0,0,1,0,0,0,0,0,4,0,0,0,0
6,0,0,0,1,0,0,0,0,0,4,0,0,0,0,0
0,0,0,0,0,0,0,0,0,4,0,0,0,0,0,0
0,0,0,0,0,2,23,29,0,6,25,13,0,0,11,0
0,0,0,0,2,23,29,25,6,25,13,30,0,11,0,23
0,0,0,0,23,29,25,0,25,13,30,0,11,0,23,0
0,2,23,29,0,6,25,13,0,0,11,0,0,0,5,6
2,23,29,25,6,25,13,30,0,11,0,23,0,5,6,23
23,29,25,0,25,13,30,0,11,0,23,0,5,6,23,0
0,6,25,13,0,0,11,0,0,0,5,6,0,0,0,0
6,25,13,30,0,11,0,23,0,5,6,23,0,0,0,0
25,13,30,0,11,0,23,0,5,6,23,0,0,0,0,0
0,0,0,0,0,0,13,17,0,0,0,0,0,0,0,4
0,0,0,0,0,13,17,18,0,0,0,0,0,0,4,0
0,0,0,0,13,17,18,0,0,0,0,0,0,4,0,0
0,0,13,17,0,0,0,0,0,0,0,4,0,1,6,0
0,13,17,18,0,0,0,0,0,0,4,0,1,6,0,0
13,17,18,0,0,0,0,0,0,4,0,0,6,0,0,0
0,0,0,0,0,0,0,4,0,1,6,0,0,0,0,0
0,0,0,0,0,0,4,0,1,6,0,0,0,0,0,0
0,0,0,0,0,4,0,0,6,0,0,0,0,0,0,0
0,0,0,0,0,3,13,13,0,10,16,13,0,3,15,0
0,0,0,0,3,13,13,11,10,16,13,13,3,15,0,13
0,0,0,0,13,13,11,0,16,13,13,0,15,0,13,0
0,3,13,13,0,10,16,13,0,3,15,0,0,0,0,1
3,13,13,11,10,16,13,13,3,15,0,13,0,0,1,9
13,13,11,0,16,13,13,0,15,0,13,0,0,1,9,0
0,10,16,13,0,3,15,0,0,0,0,1,0,0,0,0
10,16,13,13,3,15,0,13,0,0,1,9,0,0,0,0
16,13,13,0,15,0,13,0,0,1,9,0,0,0,0,0
0,0,0,0,0,6,0,0,0,13,13,16,0,12,23,27
0,0,0,0,6,0,0,0,13,13,16,21,12,23,27,1
0,0,0,0,0,0,0,0,13,16,21,0,23,27,1,0
0,6,0,0,0,13,13,16,0,12,23,27,0,11,6,13
6,0,0,0,13,13,16,21,12,23,27,1,11,6,13,0
0,0,0,0,13,16,21,0,23,27,1,0,6,13,0,0
0,13,13,16,0,12,23,27,0,11,6,13,0,0,0,0
13,13,16,21,12,23,27,1,11,6,13,0,0,0,0,0
13,16,21,0,23,27,1,0,6,13,0,0,0,0,0,0
0,0,0,0,0,0,0,0,0,0,0,0,0,3,4,0
0,0,0,0,0,0,0,0,0,0,0,0,3,4,0,0
0,0,0,0,0,0,0,0,0,0,0,0,4,0,0,0
0,0,0,0,0,0,0,0,0,3,4,0,0,0,0,0
0,0,0,0,0,0,0,0,3,4,0,0,0,0,0,0
0,0,0,0,0,0,0,0,4,0,0,0,0,0,0,0
0,0,0,0,0,3,4,0,0,0,0,0,0,0,0,0
0,0,0,0,3,4,0,0,0,0,0,0,0,0,0,0
0,0,0,0,4,0,0,0,0,0,0,0,0,0,0,0
0,0,0,0,0,6,26,33,0,22,30,41,0,21,17,9
0,0,0,0,6,26,33,27,22,30,41,3,21,17,9,2
0,0,0,0,26,33,27,0,30,41,3,0,17,9,2,0
0,6,26,33,0,22,30,41,0,21,17,9,0,2,10,4
6,26,33,27,22,30,41,3,21,17,9,2,2,10,4,13
26,33,27,0,30,41,3,0,17,9,2,0,10,4,13,0
0,22,30,41,0,21,17,9,0,2,10,4,0,0,0,0
22,30,41,3,21,17,9,2,2,10,4,13,0,0,0,0
30,41,3,0,17,9,2,0,10,4,13,0,0,0,0,0
0,0,0,0,0,0,0,0,0,2,0,0,0,0,6,0
0,0,0,0,0,0,0,0,2,0,0,5,0,6,0,3
0,0,0,0,0,0,0,0,0,0,5,0,6,0,3,0
0,0,0,0,0,2,0,0,0,0,6,0,0,0,0,6
0,0,0,0,2,0,0,5,0,6,0,3,0,0,6,0
0,0,0,0,0,0,5,0,6,0,3,0,0,6,0,0
0,2,0,0,0,0,6,0,0,0,0,6,0,0,0,0
2,0,0,5,0,6,0,3,0,0,6,0,0,0,0,0
0,0,5,0,6,0,3,0,0,6,0,0,0,0,0,0
0,0,0,0,0,5,0,0,0,0,0,0,0,0,0,0
0,0,0,0,5,0,0,0,0,0,0,0,0,0,0,0
0,0,0,0,0,0,0,0,0,0,0,0,0,0,0,0
0,5,0,0,0,0,0,0,0,0,0,0,0,0,0,0
5,0,0,0,0,0,0,0,0,0,0,0,0,0,0,0
0,0,0,0,0,0,0,0,0,0,0,0,0,0,0,0
0,0,0,0,0,0,0,0,0,0,0,0,0,0,0,0
0,0,0,0,0,0,0,0,0,0,0,0,0,0,0,0
0,0,0,0,0,0,0,0,0,0,0,0,0,0,0,0
0,0,0,0,0,0,0,0,0,0,0,0,0,0,0,0
0,0,0,0,0,0,0,0,0,0,0,0,0,0,0,0
0,0,0,0,0,0,0,0,0,0,0,0,0,0,0,0
0,0,0,0,0,0,0,0,0,0,0,0,0,0,4,0
0,0,0,0,0,0,0,0,0,0,0,0,0,4,0,0
0,0,0,0,0,0,0,0,0,0,0,0,4,0,0,0
0,0,0,0,0,0,0,0,0,0,4,0,0,0,0,0
0,0,0,0,0,0,0,0,0,4,0,0,0,0,0,0
0,0,0,0,0,0,0,0,4,0,0,0,0,0,0,0
0,0,0,0,0,0,0,0,0,0,0,0,0,0,0,0
0,0,0,0,0,0,0,0,0,0,0,0,0,0,0,0
0,0,0,0,0,0,0,0,0,0,0,0,0,0,0,0
0,0,0,0,0,0,0,0,0,0,0,0,0,0,4,0
0,0,0,0,0,0,0,0,0,0,0,0,0,4,0,0
0,0,0,0,0,0,0,0,0,0,0,0,4,0,0,0
0,0,0,0,0,0,0,0,0,0,4,0,0,0,0,0
0,0,0,0,0,0,0,0,0,4,0,0,0,0,0,0
0,0,0,0,0,0,0,0,4,0,0,0,0,0,0,0
0,0,0,0,0,9,0,0,0,0,0,0,0,0,0,4
0,0,0,0,9,0,0,0,0,0,0,5,0,0,4,0
0,0,0,0,0,0,0,0,0,0,5,0,0,4,0,0
0,9,0,0,0,0,0,0,0,0,0,4,0,1,4,0
9,0,0,0,0,0,0,5,0,0,4,0,1,4,0,0
0,0,0,0,0,0,5,0,0,4,0,0,4,0,0,0
0,0,0,0,0,0,0,4,0,1,4,0,0,0,0,0
0,0,0,5,0,0,4,0,1,4,0,0,0,0,0,0
0,0,5,0,0,4,0,0,4,0,0,0,0,0,0,0
0,0,0,0,0,0,0,0,0,9,0,0,0,6,0,0
0,0,0,0,0,0,0,0,9,0,0,0,6,0,0,0
0,0,0,0,0,0,0,0,0,0,0,0,0,0,0,0
0,0,0,0,0,9,0,0,0,6,0,0,0,0,0,2
0,0,0,0,9,0,0,0,6,0,0,0,0,0,2,0
0,0,0,0,0,0,0,0,0,0,0,0,0,2,0,0
0,9,0,0,0,6,0,0,0,0,0,2,0,0,0,0
9,0,0,0,6,0,0,0,0,0,2,0,0,0,0,0
0,0,0,0,0,0,0,0,0,2,0,0,0,0,0,0
0,0,0,0,0,11,11,11,0,3,0,0,0,0,0,0
0,0,0,0,11,11,11,16,3,0,0,1,0,0,0,0
0,0,0,0,11,11,16,0,0,0,1,0,0,0,0,0
0,11,11,11,0,3,0,0,0,0,0,0,0,0,6,5
11,11,11,16,3,0,0,1,0,0,0,0,0,6,5,0
11,11,16,0,0,0,1,0,0,0,0,0,6,5,0,0
0,3,0,0,0,0,0,0,0,0,6,5,0,0,0,0
3,0,0,1,0,0,0,0,0,6,5,0,0,0,0,0
0,0,1,0,0,0,0,0,6,5,0,0,0,0,0,0
0,0,0,0,0,0,0,0,0,0,0,4,0,2,0,0
0,0,0,0,0,0,0,0,0,0,4,0,2,0,0,0
0,0,0,0,0,0,0,0,0,4,0,0,0,0,0,0
0,0,0,0,0,0,0,4,0,2,0,0,0,0,1,0
0,0,0,0,0,0,4,0,2,0,0,0,0,1,0,0
0,0,0,0,0,4,0,0,0,0,0,0,1,0,0,0
0,0,0,4,0,2,0,0,0,0,1,0,0,0,0,0
0,0,4,0,2,0,0,0,0,1,0,0,0,0,0,0
0,4,0,0,0,0,0,0,1,0,0,0,0,0,0,0
0,0,0,0,0,0,0,0,0,0,0,0,0,0,0,0
0,0,0,0,0,0,0,0,0,0,0,0,0,0,0,0
0,0,0,0,0,0,0,0,0,0,0,0,0,0,0,0
0,0,0,0,0,0,0,0,0,0,0,0,0,0,0,0
0,0,0,0,0,0,0,0,0,0,0,0,0,0,0,0
0,0,0,0,0,0,0,0,0,0,0,0,0,0,0,0
0,0,0,0,0,0,0,0,0,0,0,0,0,0,0,0
0,0,0,0,0,0,0,0,0,0,0,0,0,0,0,0
0,0,0,0,0,0,0,0,0,0,0,0,0,0,0,0
0,0,0,0,0,1,0,6,0,0,21,22,0,0,3,6
0,0,0,0,1,0,6,4,0,21,22,15,0,3,6,9
0,0,0,0,0,6,4,0,21,22,15,0,3,6,9,0
0,1,0,6,0,0,21,22,0,0,3,6,0,3,3,0
1,0,6,4,0,21,22,15,0,3,6,9,3,3,0,5
0,6,4,0,21,22,15,0,3,6,9,0,3,0,5,0
0,0,21,22,0,0,3,6,0,3,3,0,0,0,0,0
0,21,22,15,0,3,6,9,3,3,0,5,0,0,0,0
21,22,15,0,3,6,9,0,3,0,5,0,0,0,0,0
0,0,0,0,0,2,0,0,0,0,6,9,0,0,0,9
0,0,0,0,2,0,0,0,0,6,9,12,0,0,9,0
0,0,0,0,0,0,0,0,6,9,12,0,0,9,0,0
0,2,0,0,0,0,6,9,0,0,0,9,0,0,0,4
2,0,0,0,0,6,9,12,0,0,9,0,0,0,4,0
0,0,0,0,6,9,12,0,0,9,0,0,0,4,0,0
0,0,6,9,0,0,0,9,0,0,0,4,0,0,0,0
0,6,9,12,0,0,9,0,0,0,4,0,0,0,0,0
6,9,12,0,0,9,0,0,0,4,0,0,0,0,0,0
0,0,0,0,0,0,5,5,0,0,13,33,0,0,10,23
0,0,0,0,0,5,5,10,0,13,33,12,0,10,23,0
0,0,0,0,5,5,10,0,13,33,12,0,10,23,0,0
0,0,5,5,0,0,13,33,0,0,10,23,0,4,5,2
0,5,5,10,0,13,33,12,0,10,23,0,4,5,2,5
5,5,10,0,13,33,12,0,10,23,0,0,5,2,5,0
0,0,13,33,0,0,10,23,0,4,5,2,0,0,0,0
0,13,33,12,0,10,23,0,4,5,2,5,0,0,0,0
13,33,12,0,10,23,0,0,5,2,5,0,0,0,0,0
0,0,0,0,0,25,23,27,0,24,34,9,0,6,0,8
0,0,0,0,25,23,27,24,24,34,9,20,6,0,8,4
0,0,0,0,23,27,24,0,34,9,20,0,0,8,4,0
0,25,23,27,0,24,34,9,0,6,0,8,0,5,5,12
25,23,27,24,24,34,9,20,6,0,8,4,5,5,12,6
23,27,24,0,34,9,20,0,0,8,4,0,5,12,6,0
0,24,34,9,0,6,0,8,0,5,5,12,0,0,0,0
24,34,9,20,6,0,8,4,5,5,12,6,0,0,0,0
34,9,20,0,0,8,4,0,5,12,6,0,0,0,0,0
0,0,0,0,0,8,22,24,0,1,19,18,0,4,15,11
0,0,0,0,8,22,24,23,1,19,18,19,4,15,11,20
0,0,0,0,22,24,23,0,19,18,19,0,15,11,20,0
0,8,22,24,0,1,19,18,0,4,15,11,0,0,0,3
8,22,24,23,1,19,18,19,4,15,11,20,0,0,3,8
22,24,23,0,19,18,19,0,15,11,20,0,0,3,8,0
0,1,19,18,0,4,15,11,0,0,0,3,0,0,0,0
1,19,18,19,4,15,11,20,0,0,3,8,0,0,0,0
19,18,19,0,15,11,20,0,0,3,8,0,0,0,0,0
0,0,0,0,0,0,0,0,0,0,0,0,0,0,0,0
0,0,0,0,0,0,0,0,0,0,0,0,0,0,0,0
0,0,0,0,0,0,0,0,0,0,0,0,0,0,0,0
0,0,0,0,0,0,0,0,0,0,0,0,0,0,0,0
0,0,0,0,0,0,0,0,0,0,0,0,0,0,0,0
0,0,0,0,0,0,0,0,0,0,0,0,0,0,0,0
0,0,0,0,0,0,0,0,0,0,0,0,0,0,0,0
0,0,0,0,0,0,0,0,0,0,0,0,0,0,0,0
0,0,0,0,0,0,0,0,0,0,0,0,0,0,0,0
0,0,0,0,0,13,3,0,0,20,26,24,0,8,27,24
0,0,0,0,13,3,0,0,20,26,24,27,8,27,24,20
0,0,0,0,3,0,0,0,26,24,27,0,27,24,20,0
0,13,3,0,0,20,26,24,0,8,27,24,0,8,6,13
13,3,0,0,20,26,24,27,8,27,24,20,8,6,13,5
3,0,0,0,26,24,27,0,27,24,20,0,6,13,5,0
0,20,26,24,0,8,27,24,0,8,6,13,0,0,0,0
20,26,24,27,8,27,24,20,8,6,13,5,0,0,0,0
26,24,27,0,27,24,20,0,6,13,5,0,0,0,0,0
0,0,0,0,0,0,4,2,0,0,0,0,0,0,0,0
0,0,0,0,0,4,2,0,0,0,0,0,0,0,0,0
0,0,0,0,4,2,0,0,0,0,0,0,0,0,0,0
0,0,4,2,0,0,0,0,0,0,0,0,0,1,0,0
0,4,2,0,0,0,0,0,0,0,0,0,1,0,0,0
4,2,0,0,0,0,0,0,0,0,0,0,0,0,0,0
0,0,0,0,0,0,0,0,0,1,0,0,0,0,0,0
0,0,0,0,0,0,0,0,1,0,0,0,0,0,0,0
0,0,0,0,0,0,0,0,0,0,0,0,0,0,0,0
0,0,0,0,0,0,6,10,0,0,0,0,0,0,0,0
0,0,0,0,0,6,10,2,0,0,0,0,0,0,0,0
0,0,0,0,6,10,2,0,0,0,0,0,0,0,0,0
0,0,6,10,0,0,0,0,0,0,0,0,0,0,0,0
0,6,10,2,0,0,0,0,0,0,0,0,0,0,0,0
6,10,2,0,0,0,0,0,0,0,0,0,0,0,0,0
0,0,0,0,0,0,0,0,0,0,0,0,0,0,0,0
0,0,0,0,0,0,0,0,0,0,0,0,0,0,0,0
0,0,0,0,0,0,0,0,0,0,0,0,0,0,0,0
0,0,0,0,0,0,0,0,0,0,0,1,0,0,0,4
0,0,0,0,0,0,0,0,0,0,1,0,0,0,4,0
0,0,0,0,0,0,0,0,0,1,0,0,0,4,0,0
0,0,0,0,0,0,0,1,0,0,0,4,0,0,0,0
0,0,0,0,0,0,1,0,0,0,4,0,0,0,0,0
0,0,0,0,0,1,0,0,0,4,0,0,0,0,0,0
0,0,0,1,0,0,0,4,0,0,0,0,0,0,0,0
0,0,1,0,0,0,4,0,0,0,0,0,0,0,0,0
0,1,0,0,0,4,0,0,0,0,0,0,0,0,0,0
0,0,0,0,0,0,0,0,0,0,0,0,0,0,0,0
0,0,0,0,0,0,0,0,0,0,0,0,0,0,0,0
0,0,0,0,0,0,0,0,0,0,0,0,0,0,0,0
0,0,0,0,0,0,0,0,0,0,0,0,0,5,0,0
0,0,0,0,0,0,0,0,0,0,0,0,5,0,0,0
0,0,0,0,0,0,0,0,0,0,0,0,0,0,0,0
0,0,0,0,0,0,0,0,0,5,0,0,0,0,0,0
0,0,0,0,0,0,0,0,5,0,0,0,0,0,0,0
0,0,0,0,0,0,0,0,0,0,0,0,0,0,0,0
0,0,0,0,0,0,0,0,0,2,10,21,0,6,4,10
0,0,0,0,0,0,0,0,2,10,21,12,6,4,10,17
0,0,0,0,0,0,0,0,10,21,12,0,4,10,17,0
0,0,0,0,0,2,10,21,0,6,4,10,0,3,1,0
0,0,0,0,2,10,21,12,6,4,10,17,3,1,0,1
0,0,0,0,10,21,12,0,4,10,17,0,1,0,1,0
0,2,10,21,0,6,4,10,0,3,1,0,0,0,0,0
2,10,21,12,6,4,10,17,3,1,0,1,0,0,0,0
10,21,12,0,4,10,17,0,1,0,1,0,0,0,0,0
0,0,0,0,0,8,8,5,0,20,24,13,0,12,12,12
0,0,0,0,8,8,5,8,20,24,13,21,12,12,12,15
0,0,0,0,8,5,8,0,24,13,21,0,12,12,15,0
0,8,8,5,0,20,24,13,0,12,12,12,0,5,3,5
8,8,5,8,20,24,13,21,12,12,12,15,5,3,5,6
8,5,8,0,24,13,21,0,12,12,15,0,3,5,6,0
0,20,24,13,0,12,12,12,0,5,3,5,0,0,0,0
20,24,13,21,12,12,12,15,5,3,5,6,0,0,0,0
24,13,21,0,12,12,15,0,3,5,6,0,0,0,0,0
0,0,0,0,0,0,0,0,0,0,0,0,0,4,0,1
0,0,0,0,0,0,0,0,0,0,0,0,4,0,1,0
0,0,0,0,0,0,0,0,0,0,0,0,0,1,0,0
0,0,0,0,0,0,0,0,0,4,0,1,0,3,0,0
0,0,0,0,0,0,0,0,4,0,1,0,3,0,0,0
0,0,0,0,0,0,0,0,0,1,0,0,0,0,0,0
0,0,0,0,0,4,0,1,0,3,0,0,0,0,0,0
0,0,0,0,4,0,1,0,3,0,0,0,0,0,0,0
0,0,0,0,0,1,0,0,0,0,0,0,0,0,0,0
0,0,0,0,0,0,0,0,0,0,0,13,0,0,1,23
0,0,0,0,0,0,0,0,0,0,13,0,0,1,23,0
0,0,0,0,0,0,0,0,0,13,0,0,1,23,0,0
0,0,0,0,0,0,0,13,0,0,1,23,0,0,5,2
0,0,0,0,0,0,13,0,0,1,23,0,0,5,2,2
0,0,0,0,0,13,0,0,1,23,0,0,5,2,2,0
0,0,0,13,0,0,1,23,0,0,5,2,0,0,0,0
0,0,13,0,0,1,23,0,0,5,2,2,0,0,0,0
0,13,0,0,1,23,0,0,5,2,2,0,0,0,0,0
0,0,0,0,0,20,32,37,0,10,39,39,0,2,13,19
0,0,0,0,20,32,37,42,10,39,39,24,2,13,19,9
0,0,0,0,32,37,42,0,39,39,24,0,13,19,9,0
0,20,32,37,0,10,39,39,0,2,13,19,0,5,5,10
20,32,37,42,10,39,39,24,2,13,19,9,5,5,10,23
32,37,42,0,39,39,24,0,13,19,9,0,5,10,23,0
0,10,39,39,0,2,13,19,0,5,5,10,0,0,0,0
10,39,39,24,2,13,19,9,5,5,10,23,0,0,0,0
39,39,24,0,13,19,9,0,5,10,23,0,0,0,0,0
0,0,0,0,0,32,41,38,0,6,0,0,0,0,0,0
0,0,0,0,32,41,38,39,6,0,0,0,0,0,0,0
0,0,0,0,41,38,39,0,0,0,0,0,0,0,0,0
0,32,41,38,0,6,0,0,0,0,0,0,0,0,0,0
32,41,38,39,6,0,0,0,0,0,0,0,0,0,0,0
41,38,39,0,0,0,0,0,0,0,0,0,0,0,0,0
0,6,0,0,0,0,0,0,0,0,0,0,0,0,0,0
6,0,0,0,0,0,0,0,0,0,0,0,0,0,0,0
0,0,0,0,0,0,0,0,0,0,0,0,0,0,0,0
0,0,0,0,0,0,0,0,0,0,0,12,0,0,0,0
0,0,0,0,0,0,0,0,0,0,12,0,0,0,0,0
0,0,0,0,0,0,0,0,0,12,0,0,0,0,0,0
0,0,0,0,0,0,0,12,0,0,0,0,0,0,0,0
0,0,0,0,0,0,12,0,0,0,0,0,0,0,0,0
0,0,0,0,0,12,0,0,0,0,0,0,0,0,0,0
0,0,0,12,0,0,0,0,0,0,0,0,0,0,0,0
0,0,12,0,0,0,0,0,0,0,0,0,0,0,0,0
0,12,0,0,0,0,0,0,0,0,0,0,0,0,0,0
0,0,0,0,0,0,0,0,0,0,0,0,0,0,0,0
0,0,0,0,0,0,0,0,0,0,0,0,0,0,0,0
0,0,0,0,0,0,0,0,0,0,0,0,0,0,0,0
0,0,0,0,0,0,0,0,0,0,0,0,0,0,0,0
0,0,0,0,0,0,0,0,0,0,0,0,0,0,0,0
0,0,0,0,0,0,0,0,0,0,0,0,0,0,0,0
0,0,0,0,0,0,0,0,0,0,0,0,0,0,0,0
0,0,0,0,0,0,0,0,0,0,0,0,0,0,0,0
0,0,0,0,0,0,0,0,0,0,0,0,0,0,0,0
0,0,0,0,0,0,0,0,0,5,0,0,0,8,0,0
0,0,0,0,0,0,0,0,5,0,0,0,8,0,0,4
0,0,0,0,0,0,0,0,0,0,0,0,0,0,4,0
0,0,0,0,0,5,0,0,0,8,0,0,0,0,0,6
0,0,0,0,5,0,0,0,8,0,0,4,0,0,6,0
0,0,0,0,0,0,0,0,0,0,4,0,0,6,0,0
0,5,0,0,0,8,0,0,0,0,0,6,0,0,0,0
5,0,0,0,8,0,0,4,0,0,6,0,0,0,0,0
0,0,0,0,0,0,4,0,0,6,0,0,0,0,0,0
0,0,0,0,0,0,19,20,0,0,0,5,0,0,0,2
0,0,0,0,0,19,20,18,0,0,5,0,0,0,2,0
0,0,0,0,19,20,18,0,0,5,0,0,0,2,0,0
0,0,19,20,0,0,0,5,0,0,0,2,0,0,0,6
0,19,20,18,0,0,5,0,0,0,2,0,0,0,6,4
19,20,18,0,0,5,0,0,0,2,0,0,0,6,4,0
0,0,0,5,0,0,0,2,0,0,0,6,0,0,0,0
0,0,5,0,0,0,2,0,0,0,6,4,0,0,0,0
0,5,0,0,0,2,0,0,0,6,4,0,0,0,0,0
0,0,0,0,0,0,13,17,0,0,13,20,0,0,0,0
0,0,0,0,0,13,17,15,0,13,20,11,0,0,0,0
0,0,0,0,13,17,15,0,13,20,11,0,0,0,0,0
0,0,13,17,0,0,13,20,0,0,0,0,0,0,0,0
0,13,17,15,0,13,20,11,0,0,0,0,0,0,0,3
13,17,15,0,13,20,11,0,0,0,0,0,0,0,3,0
0,0,13,20,0,0,0,0,0,0,0,0,0,0,0,0
0,13,20,11,0,0,0,0,0,0,0,3,0,0,0,0
13,20,11,0,0,0,0,0,0,0,3,0,0,0,0,0
0,0,0,0,0,0,0,0,0,0,0,0,0,0,0,0
0,0,0,0,0,0,0,0,0,0,0,0,0,0,0,0
0,0,0,0,0,0,0,0,0,0,0,0,0,0,0,0
0,0,0,0,0,0,0,0,0,0,0,0,0,0,0,0
0,0,0,0,0,0,0,0,0,0,0,0,0,0,0,0
0,0,0,0,0,0,0,0,0,0,0,0,0,0,0,0
0,0,0,0,0,0,0,0,0,0,0,0,0,0,0,0
0,0,0,0,0,0,0,0,0,0,0,0,0,0,0,0
0,0,0,0,0,0,0,0,0,0,0,0,0,0,0,0
0,0,0,0,0,0,0,0,0,6,0,0,0,8,3,0
0,0,0,0,0,0,0,0,6,0,0,0,8,3,0,0
0,0,0,0,0,0,0,0,0,0,0,0,3,0,0,0
0,0,0,0,0,6,0,0,0,8,3,0,0,0,0,0
0,0,0,0,6,0,0,0,8,3,0,0,0,0,0,0
0,0,0,0,0,0,0,0,3,0,0,0,0,0,0,0
0,6,0,0,0,8,3,0,0,0,0,0,0,0,0,0
6,0,0,0,8,3,0,0,0,0,0,0,0,0,0,0
0,0,0,0,3,0,0,0,0,0,0,0,0,0,0,0
0,0,0,0,0,0,0,0,0,10,26,46,0,20,26,1
0,0,0,0,0,0,0,0,10,26,46,11,20,26,1,18
0,0,0,0,0,0,0,0,26,46,11,0,26,1,18,0
0,0,0,0,0,10,26,46,0,20,26,1,0,2,6,1
0,0,0,0,10,26,46,11,20,26,1,18,2,6,1,1
0,0,0,0,26,46,11,0,26,1,18,0,6,1,1,0
0,10,26,46,0,20,26,1,0,2,6,1,0,0,0,0
10,26,46,11,20,26,1,18,2,6,1,1,0,0,0,0
26,46,11,0,26,1,18,0,6,1,1,0,0,0,0,0
0,0,0,0,0,5,32,32,0,5,38,44,0,0,23,12
0,0,0,0,5,32,32,31,5,38,44,33,0,23,12,13
0,0,0,0,32,32,31,0,38,44,33,0,23,12,13,0
0,5,32,32,0,5,38,44,0,0,23,12,0,4,8,6
5,32,32,31,5,38,44,33,0,23,12,13,4,8,6,11
32,32,31,0,38,44,33,0,23,12,13,0,8,6,11,0
0,5,38,44,0,0,23,12,0,4,8,6,0,0,0,0
5,38,44,33,0,23,12,13,4,8,6,11,0,0,0,0
38,44,33,0,23,12,13,0,8,6,11,0,0,0,0,0
0,0,0,0,0,0,0,0,0,0,0,0,0,0,0,0
0,0,0,0,0,0,0,0,0,0,0,0,0,0,0,0
0,0,0,0,0,0,0,0,0,0,0,0,0,0,0,0
0,0,0,0,0,0,0,0,0,0,0,0,0,0,0,0
0,0,0,0,0,0,0,0,0,0,0,0,0,0,0,0
0,0,0,0,0,0,0,0,0,0,0,0,0,0,0,0
0,0,0,0,0,0,0,0,0,0,0,0,0,0,0,0
0,0,0,0,0,0,0,0,0,0,0,0,0,0,0,0
0,0,0,0,0,0,0,0,0,0,0,0,0,0,0,0
0,0,0,0,0,0,0,0,0,0,0,0,0,0,0,0
0,0,0,0,0,0,0,0,0,0,0,0,0,0,0,0
0,0,0,0,0,0,0,0,0,0,0,0,0,0,0,0
0,0,0,0,0,0,0,0,0,0,0,0,0,0,5,0
0,0,0,0,0,0,0,0,0,0,0,0,0,5,0,0
0,0,0,0,0,0,0,0,0,0,0,0,5,0,0,0
0,0,0,0,0,0,0,0,0,0,5,0,0,0,0,0
0,0,0,0,0,0,0,0,0,5,0,0,0,0,0,0
0,0,0,0,0,0,0,0,5,0,0,0,0,0,0,0
0,0,0,0,0,15,0,0,0,0,0,0,0,0,0,5
0,0,0,0,15,0,0,0,0,0,0,0,0,0,5,0
0,0,0,0,0,0,0,0,0,0,0,0,0,5,0,0
0,15,0,0,0,0,0,0,0,0,0,5,0,2,0,2
15,0,0,0,0,0,0,0,0,0,5,0,2,0,2,0
0,0,0,0,0,0,0,0,0,5,0,0,0,2,0,0
0,0,0,0,0,0,0,5,0,2,0,2,0,0,0,0
0,0,0,0,0,0,5,0,2,0,2,0,0,0,0,0
0,0,0,0,0,5,0,0,0,2,0,0,0,0,0,0
0,0,0,0,0,0,0,0,0,0,0,1,0,0,0,0
0,0,0,0,0,0,0,0,0,0,1,0,0,0,0,0
0,0,0,0,0,0,0,0,0,1,0,0,0,0,0,0
0,0,0,0,0,0,0,1,0,0,0,0,0,0,0,0
0,0,0,0,0,0,1,0,0,0,0,0,0,0,0,0
0,0,0,0,0,1,0,0,0,0,0,0,0,0,0,0
0,0,0,1,0,0,0,0,0,0,0,0,0,0,0,0
0,0,1,0,0,0,0,0,0,0,0,0,0,0,0,0
0,1,0,0,0,0,0,0,0,0,0,0,0,0,0,0
0,0,0,0,0,0,0,0,0,0,0,0,0,0,0,0
0,0,0,0,0,0,0,0,0,0,0,0,0,0,0,0
0,0,0,0,0,0,0,0,0,0,0,0,0,0,0,0
0,0,0,0,0,0,0,0,0,0,0,0,0,0,0,4
0,0,0,0,0,0,0,0,0,0,0,0,0,0,4,0
0,0,0,0,0,0,0,0,0,0,0,0,0,4,0,0
0,0,0,0,0,0,0,0,0,0,0,4,0,0,0,0
0,0,0,0,0,0,0,0,0,0,4,0,0,0,0,0
0,0,0,0,0,0,0,0,0,4,0,0,0,0,0,0
0,0,0,0,0,0,5,10,0,0,3,22,0,0,10,6
0,0,0,0,0,5,10,9,0,3,22,5,0,10,6,13
0,0,0,0,5,10,9,0,3,22,5,0,10,6,13,0
0,0,5,10,0,0,3,22,0,0,10,6,0,0,6,5
0,5,10,9,0,3,22,5,0,10,6,13,0,6,5,4
5,10,9,0,3,22,5,0,10,6,13,0,6,5,4,0
0,0,3,22,0,0,10,6,0,0,6,5,0,0,0,0
0,3,22,5,0,10,6,13,0,6,5,4,0,0,0,0
3,22,5,0,10,6,13,0,6,5,4,0,0,0,0,0
0,0,0,0,0,1,0,1,0,6,2,0,0,0,0,0
0,0,0,0,1,0,1,5,6,2,0,6,0,0,0,0
0,0,0,0,0,1,5,0,2,0,6,0,0,0,0,0
0,1,0,1,0,6,2,0,0,0,0,0,0,0,0,0
1,0,1,5,6,2,0,6,0,0,0,0,0,0,0,1
0,1,5,0,2,0,6,0,0,0,0,0,0,0,1,0
0,6,2,0,0,0,0,0,0,0,0,0,0,0,0,0
6,2,0,6,0,0,0,0,0,0,0,1,0,0,0,0
2,0,6,0,0,0,0,0,0,0,1,0,0,0,0,0
0,0,0,0,0,0,0,0,0,12,0,0,0,6,6,0
0,0,0,0,0,0,0,0,12,0,0,5,6,6,0,13
0,0,0,0,0,0,0,0,0,0,5,0,6,0,13,0
0,0,0,0,0,12,0,0,0,6,6,0,0,0,0,0
0,0,0,0,12,0,0,5,6,6,0,13,0,0,0,0
0,0,0,0,0,0,5,0,6,0,13,0,0,0,0,0
0,12,0,0,0,6,6,0,0,0,0,0,0,0,0,0
12,0,0,5,6,6,0,13,0,0,0,0,0,0,0,0
0,0,5,0,6,0,13,0,0,0,0,0,0,0,0,0
0,0,0,0,0,2,0,0,0,16,27,22,0,6,15,25
0,0,0,0,2,0,0,0,16,27,22,33,6,15,25,6
0,0,0,0,0,0,0,0,27,22,33,0,15,25,6,0
0,2,0,0,0,16,27,22,0,6,15,25,0,2,0,9
2,0,0,0,16,27,22,33,6,15,25,6,2,0,9,3
0,0,0,0,27,22,33,0,15,25,6,0,0,9,3,0
0,16,27,22,0,6,15,25,0,2,0,9,0,0,0,0
16,27,22,33,6,15,25,6,2,0,9,3,0,0,0,0
27,22,33,0,15,25,6,0,0,9,3,0,0,0,0,0
0,0,0,0,0,0,0,0,0,0,0,0,0,0,0,0
0,0,0,0,0,0,0,0,0,0,0,0,0,0,0,0
0,0,0,0,0,0,0,0,0,0,0,0,0,0,0,0
0,0,0,0,0,0,0,0,0,0,0,0,0,0,0,0
0,0,0,0,0,0,0,0,0,0,0,0,0,0,0,0
0,0,0,0,0,0,0,0,0,0,0,0,0,0,0,0
0,0,0,0,0,0,0,0,0,0,0,0,0,0,0,0
0,0,0,0,0,0,0,0,0,0,0,0,0,0,0,0
0,0,0,0,0,0,0,0,0,0,0,0,0,0,0,0
0,0,0,0,0,13,49,44,0,32,55,46,0,20,30,13
0,0,0,0,13,49,44,47,32,55,46,42,20,30,13,47
0,0,0,0,49,44,47,0,55,46,42,0,30,13,47,0
0,13,49,44,0,32,55,46,0,20,30,13,0,13,15,20
13,49,44,47,32,55,46,42,20,30,13,47,13,15,20,27
49,44,47,0,55,46,42,0,30,13,47,0,15,20,27,0
0,32,55,46,0,20,30,13,0,13,15,20,0,0,0,0
32,55,46,42,20,30,13,47,13,15,20,27,0,0,0,0
55,46,42,0,30,13,47,0,15,20,27,0,0,0,0,0
0,0,0,0,0,32,27,30,0,43,52,32,0,22,35,12
0,0,0,0,32,27,30,31,43,52,32,63,22,35,12,34
0,0,0,0,27,30,31,0,52,32,63,0,35,12,34,0
0,32,27,30,0,43,52,32,0,22,35,12,0,9,8,19
32,27,30,31,43,52,32,63,22,35,12,34,9,8,19,22
27,30,31,0,52,32,63,0,35,12,34,0,8,19,22,0
0,43,52,32,0,22,35,12,0,9,8,19,0,0,0,0
43,52,32,63,22,35,12,34,9,8,19,22,0,0,0,0
52,32,63,0,35,12,34,0,8,19,22,0,0,0,0,0
0,0,0,0,0,2,17,19,0,0,0,0,0,0,0,0
0,0,0,0,2,17,19,21,0,0,0,0,0,0,0,0
0,0,0,0,17,19,21,0,0,0,0,0,0,0,0,0
0,2,17,19,0,0,0,0,0,0,0,0,0,0,1,0
2,17,19,21,0,0,0,0,0,0,0,0,0,1,0,5
17,19,21,0,0,0,0,0,0,0,0,0,1,0,5,0
0,0,0,0,0,0,0,0,0,0,1,0,0,0,0,0
0,0,0,0,0,0,0,0,0,1,0,5,0,0,0,0
0,0,0,0,0,0,0,0,1,0,5,0,0,0,0,0
0,0,0,0,0,11,13,17,0,13,19,17,0,20,23,13
0,0,0,0,11,13,17,12,13,19,17,18,20,23,13,17
0,0,0,0,13,17,12,0,19,17,18,0,23,13,17,0
0,11,13,17,0,13,19,17,0,20,23,13,0,12,6,3
11,13,17,12,13,19,17,18,20,23,13,17,12,6,3,13
13,17,12,0,19,17,18,0,23,13,17,0,6,3,13,0
0,13,19,17,0,20,23,13,0,12,6,3,0,0,0,0
13,19,17,18,20,23,13,17,12,6,3,13,0,0,0,0
19,17,18,0,23,13,17,0,6,3,13,0,0,0,0,0
0,0,0,0,0,0,2,0,0,0,0,0,0,0,0,0
0,0,0,0,0,2,0,0,0,0,0,0,0,0,0,0
0,0,0,0,2,0,0,0,0,0,0,0,0,0,0,0
0,0,2,0,0,0,0,0,0,0,0,0,0,0,0,0
0,2,0,0,0,0,0,0,0,0,0,0,0,0,0,0
2,0,0,0,0,0,0,0,0,0,0,0,0,0,0,0
0,0,0,0,0,0,0,0,0,0,0,0,0,0,0,0
0,0,0,0,0,0,0,0,0,0,0,0,0,0,0,0
0,0,0,0,0,0,0,0,0,0,0,0,0,0,0,0
0,0,0,0,0,0,0,0,0,0,0,1,0,3,2,0
0,0,0,0,0,0,0,0,0,0,1,0,3,2,0,0
0,0,0,0,0,0,0,0,0,1,0,0,2,0,0,0
0,0,0,0,0,0,0,1,0,3,2,0,0,0,0,0
0,0,0,0,0,0,1,0,3,2,0,0,0,0,0,0
0,0,0,0,0,1,0,0,2,0,0,0,0,0,0,0
0,0,0,1,0,3,2,0,0,0,0,0,0,0,0,0
0,0,1,0,3,2,0,0,0,0,0,0,0,0,0,0
0,1,0,0,2,0,0,0,0,0,0,0,0,0,0,0
0,0,0,0,0,0,0,0,0,2,0,6,0,5,13,0
0,0,0,0,0,0,0,0,2,0,6,3,5,13,0,8
0,0,0,0,0,0,0,0,0,6,3,0,13,0,8,0
0,0,0,0,0,2,0,6,0,5,13,0,0,0,0,0
0,0,0,0,2,0,6,3,5,13,0,8,0,0,0,0
0,0,0,0,0,6,3,0,13,0,8,0,0,0,0,0
0,2,0,6,0,5,13,0,0,0,0,0,0,0,0,0
2,0,6,3,5,13,0,8,0,0,0,0,0,0,0,0
0,6,3,0,13,0,8,0,0,0,0,0,0,0,0,0
0,0,0,0,0,0,0,0,0,0,0,6,0,0,0,4
0,0,0,0,0,0,0,0,0,0,6,0,0,0,4,0
0,0,0,0,0,0,0,0,0,6,0,0,0,4,0,0
0,0,0,0,0,0,0,6,0,0,0,4,0,0,0,0
0,0,0,0,0,0,6,0,0,0,4,0,0,0,0,0
0,0,0,0,0,6,0,0,0,4,0,0,0,0,0,0
0,0,0,6,0,0,0,4,0,0,0,0,0,0,0,0
0,0,6,0,0,0,4,0,0,0,0,0,0,0,0,0
0,6,0,0,0,4,0,0,0,0,0,0,0,0,0,0
0,0,0,0,0,0,0,0,0,0,0,0,0,0,0,3
0,0,0,0,0,0,0,0,0,0,0,0,0,0,3,0
0,0,0,0,0,0,0,0,0,0,0,0,0,3,0,0
0,0,0,0,0,0,0,0,0,0,0,3,0,2,0,0
0,0,0,0,0,0,0,0,0,0,3,0,2,0,0,0
0,0,0,0,0,0,0,0,0,3,0,0,0,0,0,0
0,0,0,0,0,0,0,3,0,2,0,0,0,0,0,0
0,0,0,0,0,0,3,0,2,0,0,0,0,0,0,0
0,0,0,0,0,3,0,0,0,0,0,0,0,0,0,0
0,0,0,0,0,4,24,25,0,1,29,34,0,0,6,20
0,0,0,0,4,24,25,31,1,29,34,27,0,6,20,9
0,0,0,0,24,25,31,0,29,34,27,0,6,20,9,0
0,4,24,25,0,1,29,34,0,0,6,20,0,0,9,2
4,24,25,31,1,29,34,27,0,6,20,9,0,9,2,8
24,25,31,0,29,34,27,0,6,20,9,0,9,2,8,0
0,1,29,34,0,0,6,20,0,0,9,2,0,0,0,0
1,29,34,27,0,6,20,9,0,9,2,8,0,0,0,0
29,34,27,0,6,20,9,0,9,2,8,0,0,0,0,0
0,0,0,0,0,29,39,41,0,27,49,47,0,15,29,23
0,0,0,0,29,39,41,44,27,49,47,58,15,29,23,36
0,0,0,0,39,41,44,0,49,47,58,0,29,23,36,0
0,29,39,41,0,27,49,47,0,15,29,23,0,9,12,19
29,39,41,44,27,49,47,58,15,29,23,36,9,12,19,35
39,41,44,0,49,47,58,0,29,23,36,0,12,19,35,0
0,27,49,47,0,15,29,23,0,9,12,19,0,0,0,0
27,49,47,58,15,29,23,36,9,12,19,35,0,0,0,0
49,47,58,0,29,23,36,0,12,19,35,0,0,0,0,0
0,0,0,0,0,0,0,0,0,0,0,0,0,8,0,0
0,0,0,0,0,0,0,0,0,0,0,0,8,0,0,0
0,0,0,0,0,0,0,0,0,0,0,0,0,0,0,0
0,0,0,0,0,0,0,0,0,8,0,0,0,0,0,0
0,0,0,0,0,0,0,0,8,0,0,0,0,0,0,0
0,0,0,0,0,0,0,0,0,0,0,0,0,0,0,0
0,0,0,0,0,8,0,0,0,0,0,0,0,0,0,0
0,0,0,0,8,0,0,0,0,0,0,0,0,0,0,0
0,0,0,0,0,0,0,0,0,0,0,0,0,0,0,0
0,0,0,0,0,5,29,34,0,2,33,40,0,5,20,30
0,0,0,0,5,29,34,37,2,33,40,23,5,20,30,6
0,0,0,0,29,34,37,0,33,40,23,0,20,30,6,0
0,5,29,34,0,2,33,40,0,5,20,30,0,5,15,11
5,29,34,37,2,33,40,23,5,20,30,6,5,15,11,12
29,34,37,0,33,40,23,0,20,30,6,0,15,11,12,0
0,2,33,40,0,5,20,30,0,5,15,11,0,0,0,0
2,33,40,23,5,20,30,6,5,15,11,12,0,0,0,0
33,40,23,0,20,30,6,0,15,11,12,0,0,0,0,0
0,0,0,0,0,6,0,0,0,4,0,0,0,6,0,4
0,0,0,0,6,0,0,0,4,0,0,0,6,0,4,0
0,0,0,0,0,0,0,0,0,0,0,0,0,4,0,0
0,6,0,0,0,4,0,0,0,6,0,4,0,6,6,2
6,0,0,0,4,0,0,0,6,0,4,0,6,6,2,0
0,0,0,0,0,0,0,0,0,4,0,0,6,2,0,0
0,4,0,0,0,6,0,4,0,6,6,2,0,0,0,0
4,0,0,0,6,0,4,0,6,6,2,0,0,0,0,0
0,0,0,0,0,4,0,0,6,2,0,0,0,0,0,0
0,0,0,0,0,0,2,0,0,0,0,0,0,0,0,0
0,0,0,0,0,2,0,0,0,0,0,0,0,0,0,0
0,0,0,0,2,0,0,0,0,0,0,0,0,0,0,0
0,0,2,0,0,0,0,0,0,0,0,0,0,1,0,0
0,2,0,0,0,0,0,0,0,0,0,0,1,0,0,0
2,0,0,0,0,0,0,0,0,0,0,0,0,0,0,0
0,0,0,0,0,0,0,0,0,1,0,0,0,0,0,0
0,0,0,0,0,0,0,0,1,0,0,0,0,0,0,0
0,0,0,0,0,0,0,0,0,0,0,0,0,0,0,0
0,0,0,0,0,0,0,0,0,0,0,12,0,0,6,0
0,0,0,0,0,0,0,0,0,0,12,0,0,6,0,0
0,0,0,0,0,0,0,0,0,12,0,0,6,0,0,0
0,0,0,0,0,0,0,12,0,0,6,0,0,0,0,0
0,0,0,0,0,0,12,0,0,6,0,0,0,0,0,0
0,0,0,0,0,12,0,0,6,0,0,0,0,0,0,0
0,0,0,12,0,0,6,0,0,0,0,0,0,0,0,0
0,0,12,0,0,6,0,0,0,0,0,0,0,0,0,0
0,12,0,0,6,0,0,0,0,0,0,0,0,0,0,0
0,0,0,0,0,41,10,6,0,42,6,0,0,19,1,0
0,0,0,0,41,10,6,6,42,6,0,15,19,1,0,9
0,0,0,0,10,6,6,0,6,0,15,0,1,0,9,0
0,41,10,6,0,42,6,0,0,19,1,0,0,13,2,13
41,10,6,6,42,6,0,15,19,1,0,9,13,2,13,8
10,6,6,0,6,0,15,0,1,0,9,0,2,13,8,0
0,42,6,0,0,19,1,0,0,13,2,13,0,0,0,0
42,6,0,15,19,1,0,9,13,2,13,8,0,0,0,0
6,0,15,0,1,0,9,0,2,13,8,0,0,0,0,0
0,0,0,0,0,2,0,0,0,10,24,21,0,10,22,15
0,0,0,0,2,0,0,0,10,24,21,20,10,22,15,17
0,0,0,0,0,0,0,0,24,21,20,0,22,15,17,0
0,2,0,0,0,10,24,21,0,10,22,15,0,2,12,5
2,0,0,0,10,24,21,20,10,22,15,17,2,12,5,12
0,0,0,0,24,21,20,0,22,15,17,0,12,5,12,0
0,10,24,21,0,10,22,15,0,2,12,5,0,0,0,0
10,24,21,20,10,22,15,17,2,12,5,12,0,0,0,0
24,21,20,0,22,15,17,0,12,5,12,0,0,0,0,0
0,0,0,0,0,0,0,0,0,0,0,4,0,0,6,6
0,0,0,0,0,0,0,0,0,0,4,5,0,6,6,0
0,0,0,0,0,0,0,0,0,4,5,0,6,6,0,0
0,0,0,0,0,0,0,4,0,0,6,6,0,1,0,0
0,0,0,0,0,0,4,5,0,6,6,0,1,0,0,0
0,0,0,0,0,4,5,0,6,6,0,0,0,0,0,0
0,0,0,4,0,0,6,6,0,1,0,0,0,0,0,0
0,0,4,5,0,6,6,0,1,0,0,0,0,0,0,0
0,4,5,0,6,6,0,0,0,0,0,0,0,0,0,0
0,0,0,0,0,6,5,6,0,18,2,0,0,10,4,0
0,0,0,0,6,5,6,0,18,2,0,0,10,4,0,6
0,0,0,0,5,6,0,0,2,0,0,0,4,0,6,0
0,6,5,6,0,18,2,0,0,10,4,0,0,2,6,0
6,5,6,0,18,2,0,0,10,4,0,6,2,6,0,11
5,6,0,0,2,0,0,0,4,0,6,0,6,0,11,0
0,18,2,0,0,10,4,0,0,2,6,0,0,0,0,0
18,2,0,0,10,4,0,6,2,6,0,11,0,0,0,0
2,0,0,0,4,0,6,0,6,0,11,0,0,0,0,0
0,0,0,0,0,12,1,6,0,6,0,0,0,0,0,0
0,0,0,0,12,1,6,5,6,0,0,0,0,0,0,0
0,0,0,0,1,6,5,0,0,0,0,0,0,0,0,0
0,12,1,6,0,6,0,0,0,0,0,0,0,0,0,0
12,1,6,5,6,0,0,0,0,0,0,0,0,0,0,0
1,6,5,0,0,0,0,0,0,0,0,0,0,0,0,0
0,6,0,0,0,0,0,0,0,0,0,0,0,0,0,0
6,0,0,0,0,0,0,0,0,0,0,0,0,0,0,0
0,0,0,0,0,0,0,0,0,0,0,0,0,0,0,0
0,0,0,0,0,11,0,0,0,13,4,0,0,5,2,1
0,0,0,0,11,0,0,0,13,4,0,15,5,2,1,4
0,0,0,0,0,0,0,0,4,0,15,0,2,1,4,0
0,11,0,0,0,13,4,0,0,5,2,1,0,6,13,11
11,0,0,0,13,4,0,15,5,2,1,4,6,13,11,8
0,0,0,0,4,0,15,0,2,1,4,0,13,11,8,0
0,13,4,0,0,5,2,1,0,6,13,11,0,0,0,0
13,4,0,15,5,2,1,4,6,13,11,8,0,0,0,0
4,0,15,0,2,1,4,0,13,11,8,0,0,0,0,0
0,0,0,0,0,0,0,0,0,4,0,0,0,12,8,0
0,0,0,0,0,0,0,0,4,0,0,0,12,8,0,0
0,0,0,0,0,0,0,0,0,0,0,0,8,0,0,0
0,0,0,0,0,4,0,0,0,12,8,0,0,4,2,0
0,0,0,0,4,0,0,0,12,8,0,0,4,2,0,0
0,0,0,0,0,0,0,0,8,0,0,0,2,0,0,0
0,4,0,0,0,12,8,0,0,4,2,0,0,0,0,0
4,0,0,0,12,8,0,0,4,2,0,0,0,0,0,0
0,0,0,0,8,0,0,0,2,0,0,0,0,0,0,0
0,0,0,0,0,0,0,1,0,0,11,26,0,11,23,0
0,0,0,0,0,0,1,0,0,11,26,20,11,23,0,18
0,0,0,0,0,1,0,0,11,26,20,0,23,0,18,0
0,0,0,1,0,0,11,26,0,11,23,0,0,3,0,0
0,0,1,0,0,11,26,20,11,23,0,18,3,0,0,4
0,1,0,0,11,26,20,0,23,0,18,0,0,0,4,0
0,0,11,26,0,11,23,0,0,3,0,0,0,0,0,0
0,11,26,20,11,23,0,18,3,0,0,4,0,0,0,0
11,26,20,0,23,0,18,0,0,0,4,0,0,0,0,0
0,0,0,0,0,0,0,0,0,6,0,0,0,1,0,0
0,0,0,0,0,0,0,0,6,0,0,0,1,0,0,0
0,0,0,0,0,0,0,0,0,0,0,0,0,0,0,0
0,0,0,0,0,6,0,0,0,1,0,0,0,3,0,0
0,0,0,0,6,0,0,0,1,0,0,0,3,0,0,0
0,0,0,0,0,0,0,0,0,0,0,0,0,0,0,0
0,6,0,0,0,1,0,0,0,3,0,0,0,0,0,0
6,0,0,0,1,0,0,0,3,0,0,0,0,0,0,0
0,0,0,0,0,0,0,0,0,0,0,0,0,0,0,0
0,0,0,0,0,0,6,13,0,0,10,9,0,0,0,3
0,0,0,0,0,6,13,8,0,10,9,8,0,0,3,6
0,0,0,0,6,13,8,0,10,9,8,0,0,3,6,0
0,0,6,13,0,0,10,9,0,0,0,3,0,0,3,0
0,6,13,8,0,10,9,8,0,0,3,6,0,3,0,3
6,13,8,0,10,9,8,0,0,3,6,0,3,0,3,0
0,0,10,9,0,0,0,3,0,0,3,0,0,0,0,0
0,10,9,8,0,0,3,6,0,3,0,3,0,0,0,0
10,9,8,0,0,3,6,0,3,0,3,0,0,0,0,0
0,0,0,0,0,0,0,0,0,0,8,16,0,0,16,16
0,0,0,0,0,0,0,0,0,8,16,0,0,16,16,0
0,0,0,0,0,0,0,0,8,16,0,0,16,16,0,0
0,0,0,0,0,0,8,16,0,0,16,16,0,0,6,6
0,0,0,0,0,8,16,0,0,16,16,0,0,6,6,0
0,0,0,0,8,16,0,0,16,16,0,0,6,6,0,0
0,0,8,16,0,0,16,16,0,0,6,6,0,0,0,0
0,8,16,0,0,16,16,0,0,6,6,0,0,0,0,0
8,16,0,0,16,16,0,0,6,6,0,0,0,0,0,0
0,0,0,0,0,27,12,8,0,9,0,0,0,0,0,0
0,0,0,0,27,12,8,18,9,0,0,0,0,0,0,0
0,0,0,0,12,8,18,0,0,0,0,0,0,0,0,0
0,27,12,8,0,9,0,0,0,0,0,0,0,5,0,0
27,12,8,18,9,0,0,0,0,0,0,0,5,0,0,0
12,8,18,0,0,0,0,0,0,0,0,0,0,0,0,0
0,9,0,0,0,0,0,0,0,5,0,0,0,0,0,0
9,0,0,0,0,0,0,0,5,0,0,0,0,0,0,0
0,0,0,0,0,0,0,0,0,0,0,0,0,0,0,0
0,0,0,0,0,4,27,29,0,16,27,29,0,20,11,0
0,0,0,0,4,27,29,30,16,27,29,16,20,11,0,18
0,0,0,0,27,29,30,0,27,29,16,0,11,0,18,0
0,4,27,29,0,16,27,29,0,20,11,0,0,3,3,0
4,27,29,30,16,27,29,16,20,11,0,18,3,3,0,16
27,29,30,0,27,29,16,0,11,0,18,0,3,0,16,0
0,16,27,29,0,20,11,0,0,3,3,0,0,0,0,0
16,27,29,16,20,11,0,18,3,3,0,16,0,0,0,0
27,29,16,0,11,0,18,0,3,0,16,0,0,0,0,0
0,0,0,0,0,0,0,0,0,8,19,34,0,12,32,13
0,0,0,0,0,0,0,0,8,19,34,33,12,32,13,21
0,0,0,0,0,0,0,0,19,34,33,0,32,13,21,0
0,0,0,0,0,8,19,34,0,12,32,13,0,0,0,0
0,0,0,0,8,19,34,33,12,32,13,21,0,0,0,0
0,0,0,0,19,34,33,0,32,13,21,0,0,0,0,0
0,8,19,34,0,12,32,13,0,0,0,0,0,0,0,0
8,19,34,33,12,32,13,21,0,0,0,0,0,0,0,0
19,34,33,0,32,13,21,0,0,0,0,0,0,0,0,0
0,0,0,0,0,6,20,17,0,8,17,22,0,3,9,0
0,0,0,0,6,20,17,13,8,17,22,6,3,9,0,17
0,0,0,0,20,17,13,0,17,22,6,0,9,0,17,0
0,6,20,17,0,8,17,22,0,3,9,0,0,3,3,2
6,20,17,13,8,17,22,6,3,9,0,17,3,3,2,9
20,17,13,0,17,22,6,0,9,0,17,0,3,2,9,0
0,8,17,22,0,3,9,0,0,3,3,2,0,0,0,0
8,17,22,6,3,9,0,17,3,3,2,9,0,0,0,0
17,22,6,0,9,0,17,0,3,2,9,0,0,0,0,0
0,0,0,0,0,0,0,2,0,18,27,39,0,25,30,15
0,0,0,0,0,0,2,4,18,27,39,31,25,30,15,29
0,0,0,0,0,2,4,0,27,39,31,0,30,15,29,0
0,0,0,2,0,18,27,39,0,25,30,15,0,6,6,6
0,0,2,4,18,27,39,31,25,30,15,29,6,6,6,18
0,2,4,0,27,39,31,0,30,15,29,0,6,6,18,0
0,18,27,39,0,25,30,15,0,6,6,6,0,0,0,0
18,27,39,31,25,30,15,29,6,6,6,18,0,0,0,0
27,39,31,0,30,15,29,0,6,6,18,0,0,0,0,0
0,0,0,0,0,0,0,0,0,0,0,0,0,0,0,0
0,0,0,0,0,0,0,0,0,0,0,0,0,0,0,0
0,0,0,0,0,0,0,0,0,0,0,0,0,0,0,0
0,0,0,0,0,0,0,0,0,0,0,0,0,0,0,0
0,0,0,0,0,0,0,0,0,0,0,0,0,0,0,0
0,0,0,0,0,0,0,0,0,0,0,0,0,0,0,0
0,0,0,0,0,0,0,0,0,0,0,0,0,0,0,0
0,0,0,0,0,0,0,0,0,0,0,0,0,0,0,0
0,0,0,0,0,0,0,0,0,0,0,0,0,0,0,0
0,0,0,0,0,13,40,42,0,16,21,17,0,9,10,0
0,0,0,0,13,40,42,40,16,21,17,17,9,10,0,12
0,0,0,0,40,42,40,0,21,17,17,0,10,0,12,0
0,13,40,42,0,16,21,17,0,9,10,0,0,4,8,8
13,40,42,40,16,21,17,17,9,10,0,12,4,8,8,10
40,42,40,0,21,17,17,0,10,0,12,0,8,8,10,0
0,16,21,17,0,9,10,0,0,4,8,8,0,0,0,0
16,21,17,17,9,10,0,12,4,8,8,10,0,0,0,0
21,17,17,0,10,0,12,0,8,8,10,0,0,0,0,0
0,0,0,0,0,0,0,0,0,0,0,0,0,0,0,0
0,0,0,0,0,0,0,0,0,0,0,0,0,0,0,0
0,0,0,0,0,0,0,0,0,0,0,0,0,0,0,0
0,0,0,0,0,0,0,0,0,0,0,0,0,0,0,0
0,0,0,0,0,0,0,0,0,0,0,0,0,0,0,0
0,0,0,0,0,0,0,0,0,0,0,0,0,0,0,0
0,0,0,0,0,0,0,0,0,0,0,0,0,0,0,0
0,0,0,0,0,0,0,0,0,0,0,0,0,0,0,0
0,0,0,0,0,0,0,0,0,0,0,0,0,0,0,0
0,0,0,0,0,0,0,0,0,0,0,0,0,1,6,0
0,0,0,0,0,0,0,0,0,0,0,0,1,6,0,0
0,0,0,0,0,0,0,0,0,0,0,0,6,0,0,0
0,0,0,0,0,0,0,0,0,1,6,0,0,0,0,0
0,0,0,0,0,0,0,0,1,6,0,0,0,0,0,0
0,0,0,0,0,0,0,0,6,0,0,0,0,0,0,0
0,0,0,0,0,1,6,0,0,0,0,0,0,0,0,0
0,0,0,0,1,6,0,0,0,0,0,0,0,0,0,0
0,0,0,0,6,0,0,0,0,0,0,0,0,0,0,0
0,0,0,0,0,11,16,16,0,13,32,33,0,10,12,23
0,0,0,0,11,16,16,10,13,32,33,17,10,12,23,15
0,0,0,0,16,16,10,0,32,33,17,0,12,23,15,0
0,11,16,16,0,13,32,33,0,10,12,23,0,10,3,3
11,16,16,10,13,32,33,17,10,12,23,15,10,3,3,10
16,16,10,0,32,33,17,0,12,23,15,0,3,3,10,0
0,13,32,33,0,10,12,23,0,10,3,3,0,0,0,0
13,32,33,17,10,12,23,15,10,3,3,10,0,0,0,0
32,33,17,0,12,23,15,0,3,3,10,0,0,0,0,0
0,0,0,0,0,4,0,0,0,0,0,0,0,0,0,0
0,0,0,0,4,0,0,0,0,0,0,0,0,0,0,0
0,0,0,0,0,0,0,0,0,0,0,0,0,0,0,0
0,4,0,0,0,0,0,0,0,0,0,0,0,0,0,0
4,0,0,0,0,0,0,0,0,0,0,0,0,0,0,0
0,0,0,0,0,0,0,0,0,0,0,0,0,0,0,0
0,0,0,0,0,0,0,0,0,0,0,0,0,0,0,0
0,0,0,0,0,0,0,0,0,0,0,0,0,0,0,0
0,0,0,0,0,0,0,0,0,0,0,0,0,0,0,0
0,0,0,0,0,0,0,0,0,0,0,0,0,0,0,0
0,0,0,0,0,0,0,0,0,0,0,0,0,0,0,0
0,0,0,0,0,0,0,0,0,0,0,0,0,0,0,0
0,0,0,0,0,0,0,0,0,0,0,0,0,0,0,5
0,0,0,0,0,0,0,0,0,0,0,0,0,0,5,0
0,0,0,0,0,0,0,0,0,0,0,0,0,5,0,0
0,0,0,0,0,0,0,0,0,0,0,5,0,0,0,0
0,0,0,0,0,0,0,0,0,0,5,0,0,0,0,0
0,0,0,0,0,0,0,0,0,5,0,0,0,0,0,0
0,0,0,0,0,4,0,4,0,0,0,0,0,0,0,0
0,0,0,0,4,0,4,10,0,0,0,6,0,0,0,2
0,0,0,0,0,4,10,0,0,0,6,0,0,0,2,0
0,4,0,4,0,0,0,0,0,0,0,0,0,0,4,0
4,0,4,10,0,0,0,6,0,0,0,2,0,4,0,0
0,4,10,0,0,0,6,0,0,0,2,0,4,0,0,0
0,0,0,0,0,0,0,0,0,0,4,0,0,0,0,0
0,0,0,6,0,0,0,2,0,4,0,0,0,0,0,0
0,0,6,0,0,0,2,0,4,0,0,0,0,0,0,0
0,0,0,0,0,0,8,16,0,0,0,13,0,0,0,19
0,0,0,0,0,8,16,18,0,0,13,0,0,0,19,0
0,0,0,0,8,16,18,0,0,13,0,0,0,19,0,0
0,0,8,16,0,0,0,13,0,0,0,19,0,0,6,2
0,8,16,18,0,0,13,0,0,0,19,0,0,6,2,0
8,16,18,0,0,13,0,0,0,19,0,0,6,2,0,0
0,0,0,13,0,0,0,19,0,0,6,2,0,0,0,0
0,0,13,0,0,0,19,0,0,6,2,0,0,0,0,0
0,13,0,0,0,19,0,0,6,2,0,0,0,0,0,0
0,0,0,0,0,13,0,0,0,0,0,0,0,0,0,0
0,0,0,0,13,0,0,0,0,0,0,0,0,0,0,0
0,0,0,0,0,0,0,0,0,0,0,0,0,0,0,0
0,13,0,0,0,0,0,0,0,0,0,0,0,2,0,0
13,0,0,0,0,0,0,0,0,0,0,0,2,0,0,0
0,0,0,0,0,0,0,0,0,0,0,0,0,0,0,0
0,0,0,0,0,0,0,0,0,2,0,0,0,0,0,0
0,0,0,0,0,0,0,0,2,0,0,0,0,0,0,0
0,0,0,0,0,0,0,0,0,0,0,0,0,0,0,0
0,0,0,0,0,0,0,0,0,0,0,0,0,0,0,0
0,0,0,0,0,0,0,0,0,0,0,0,0,0,0,0
0,0,0,0,0,0,0,0,0,0,0,0,0,0,0,0
0,0,0,0,0,0,0,0,0,0,0,0,0,0,0,0
0,0,0,0,0,0,0,0,0,0,0,0,0,0,0,0
0,0,0,0,0,0,0,0,0,0,0,0,0,0,0,0
0,0,0,0,0,0,0,0,0,0,0,0,0,0,0,0
0,0,0,0,0,0,0,0,0,0,0,0,0,0,0,0
0,0,0,0,0,0,0,0,0,0,0,0,0,0,0,0
0,0,0,0,0,15,18,27,0,1,13,9,0,0,5,8
0,0,0,0,15,18,27,21,1,13,9,11,0,5,8,9
0,0,0,0,18,27,21,0,13,9,11,0,5,8,9,0
0,15,18,27,0,1,13,9,0,0,5,8,0,10,13,13
15,18,27,21,1,13,9,11,0,5,8,9,10,13,13,10
18,27,21,0,13,9,11,0,5,8,9,0,13,13,10,0
0,1,13,9,0,0,5,8,0,10,13,13,0,0,0,0
1,13,9,11,0,5,8,9,10,13,13,10,0,0,0,0
13,9,11,0,5,8,9,0,13,13,10,0,0,0,0,0
0,0,0,0,0,6,19,18,0,29,61,54,0,23,44,20
0,0,0,0,6,19,18,27,29,61,54,77,23,44,20,51
0,0,0,0,19,18,27,0,61,54,77,0,44,20,51,0
0,6,19,18,0,29,61,54,0,23,44,20,0,4,12,12
6,19,18,27,29,61,54,77,23,44,20,51,4,12,12,36
19,18,27,0,61,54,77,0,44,20,51,0,12,12,36,0
0,29,61,54,0,23,44,20,0,4,12,12,0,0,0,0
29,61,54,77,23,44,20,51,4,12,12,36,0,0,0,0
61,54,77,0,44,20,51,0,12,12,36,0,0,0,0,0
0,0,0,0,0,8,6,6,0,0,0,0,0,3,0,0
0,0,0,0,8,6,6,8,0,0,0,0,3,0,0,0
0,0,0,0,6,6,8,0,0,0,0,0,0,0,0,0
0,8,6,6,0,0,0,0,0,3,0,0,0,2,0,0
8,6,6,8,0,0,0,0,3,0,0,0,2,0,0,0
6,6,8,0,0,0,0,0,0,0,0,0,0,0,0,0
0,0,0,0,0,3,0,0,0,2,0,0,0,0,0,0
0,0,0,0,3,0,0,0,2,0,0,0,0,0,0,0
0,0,0,0,0,0,0,0,0,0,0,0,0,0,0,0
0,0,0,0,0,1,3,1,0,0,0,0,0,0,0,0
0,0,0,0,1,3,1,0,0,0,0,0,0,0,0,0
0,0,0,0,3,1,0,0,0,0,0,0,0,0,0,0
0,1,3,1,0,0,0,0,0,0,0,0,0,0,0,0
1,3,1,0,0,0,0,0,0,0,0,0,0,0,0,0
3,1,0,0,0,0,0,0,0,0,0,0,0,0,0,0
0,0,0,0,0,0,0,0,0,0,0,0,0,0,0,0
0,0,0,0,0,0,0,0,0,0,0,0,0,0,0,0
0,0,0,0,0,0,0,0,0,0,0,0,0,0,0,0
0,0,0,0,0,24,29,29,0,15,18,10,0,6,15,5
0,0,0,0,24,29,29,24,15,18,10,22,6,15,5,16
0,0,0,0,29,29,24,0,18,10,22,0,15,5,16,0
0,24,29,29,0,15,18,10,0,6,15,5,0,5,0,8
24,29,29,24,15,18,10,22,6,15,5,16,5,0,8,11
29,29,24,0,18,10,22,0,15,5,16,0,0,8,11,0
0,15,18,10,0,6,15,5,0,5,0,8,0,0,0,0
15,18,10,22,6,15,5,16,5,0,8,11,0,0,0,0
18,10,22,0,15,5,16,0,0,8,11,0,0,0,0,0
0,0,0,0,0,0,13,13,0,6,27,27,0,10,18,5
0,0,0,0,0,13,13,12,6,27,27,19,10,18,5,13
0,0,0,0,13,13,12,0,27,27,19,0,18,5,13,0
0,0,13,13,0,6,27,27,0,10,18,5,0,0,8,3
0,13,13,12,6,27,27,19,10,18,5,13,0,8,3,22
13,13,12,0,27,27,19,0,18,5,13,0,8,3,22,0
0,6,27,27,0,10,18,5,0,0,8,3,0,0,0,0
6,27,27,19,10,18,5,13,0,8,3,22,0,0,0,0
27,27,19,0,18,5,13,0,8,3,22,0,0,0,0,0
0,0,0,0,0,0,0,0,0,0,0,0,0,0,0,0
0,0,0,0,0,0,0,0,0,0,0,0,0,0,0,0
0,0,0,0,0,0,0,0,0,0,0,0,0,0,0,0
0,0,0,0,0,0,0,0,0,0,0,0,0,0,0,0
0,0,0,0,0,0,0,0,0,0,0,0,0,0,0,0
0,0,0,0,0,0,0,0,0,0,0,0,0,0,0,0
0,0,0,0,0,0,0,0,0,0,0,0,0,0,0,0
0,0,0,0,0,0,0,0,0,0,0,0,0,0,0,0
0,0,0,0,0,0,0,0,0,0,0,0,0,0,0,0
0,0,0,0,0,0,0,0,0,0,0,0,0,0,0,0
0,0,0,0,0,0,0,0,0,0,0,0,0,0,0,0
0,0,0,0,0,0,0,0,0,0,0,0,0,0,0,0
0,0,0,0,0,0,0,0,0,0,0,0,0,0,0,0
0,0,0,0,0,0,0,0,0,0,0,0,0,0,0,0
0,0,0,0,0,0,0,0,0,0,0,0,0,0,0,0
0,0,0,0,0,0,0,0,0,0,0,0,0,0,0,0
0,0,0,0,0,0,0,0,0,0,0,0,0,0,0,0
0,0,0,0,0,0,0,0,0,0,0,0,0,0,0,0
0,0,0,0,0,0,0,0,0,0,13,16,0,5,18,4
0,0,0,0,0,0,0,0,0,13,16,9,5,18,4,6
0,0,0,0,0,0,0,0,13,16,9,0,18,4,6,0
0,0,0,0,0,0,13,16,0,5,18,4,0,0,0,0
0,0,0,0,0,13,16,9,5,18,4,6,0,0,0,6
0,0,0,0,13,16,9,0,18,4,6,0,0,0,6,0
0,0,13,16,0,5,18,4,0,0,0,0,0,0,0,0
0,13,16,9,5,18,4,6,0,0,0,6,0,0,0,0
13,16,9,0,18,4,6,0,0,0,6,0,0,0,0,0
0,0,0,0,0,0,0,0,0,0,0,0,0,0,0,0
0,0,0,0,0,0,0,0,0,0,0,0,0,0,0,0
0,0,0,0,0,0,0,0,0,0,0,0,0,0,0,0
0,0,0,0,0,0,0,0,0,0,0,0,0,5,0,0
0,0,0,0,0,0,0,0,0,0,0,0,5,0,0,0
0,0,0,0,0,0,0,0,0,0,0,0,0,0,0,0
0,0,0,0,0,0,0,0,0,5,0,0,0,0,0,0
0,0,0,0,0,0,0,0,5,0,0,0,0,0,0,0
0,0,0,0,0,0,0,0,0,0,0,0,0,0,0,0
0,0,0,0,0,10,0,0,0,0,0,0,0,0,0,0
0,0,0,0,10,0,0,0,0,0,0,0,0,0,0,0
0,0,0,0,0,0,0,0,0,0,0,0,0,0,0,0
0,10,0,0,0,0,0,0,0,0,0,0,0,1,2,0
10,0,0,0,0,0,0,0,0,0,0,0,1,2,0,0
0,0,0,0,0,0,0,0,0,0,0,0,2,0,0,0
0,0,0,0,0,0,0,0,0,1,2,0,0,0,0,0
0,0,0,0,0,0,0,0,1,2,0,0,0,0,0,0
0,0,0,0,0,0,0,0,2,0,0,0,0,0,0,0
0,0,0,0,0,0,0,0,0,0,11,20,0,0,15,16
0,0,0,0,0,0,0,0,0,11,20,27,0,15,16,8
0,0,0,0,0,0,0,0,11,20,27,0,15,16,8,0
0,0,0,0,0,0,11,20,0,0,15,16,0,1,3,0
0,0,0,0,0,11,20,27,0,15,16,8,1,3,0,0
0,0,0,0,11,20,27,0,15,16,8,0,3,0,0,0
0,0,11,20,0,0,15,16,0,1,3,0,0,0,0,0
0,11,20,27,0,15,16,8,1,3,0,0,0,0,0,0
11,20,27,0,15,16,8,0,3,0,0,0,0,0,0,0
0,0,0,0,0,0,15,15,0,0,13,24,0,0,6,17
0,0,0,0,0,15,15,17,0,13,24,8,0,6,17,5
0,0,0,0,15,15,17,0,13,24,8,0,6,17,5,0
0,0,15,15,0,0,13,24,0,0,6,17,0,5,0,8
0,15,15,17,0,13,24,8,0,6,17,5,5,0,8,13
15,15,17,0,13,24,8,0,6,17,5,0,0,8,13,0
0,0,13,24,0,0,6,17,0,5,0,8,0,0,0,0
0,13,24,8,0,6,17,5,5,0,8,13,0,0,0,0
13,24,8,0,6,17,5,0,0,8,13,0,0,0,0,0
0,0,0,0,0,10,0,2,0,0,0,0,0,0,0,0
0,0,0,0,10,0,2,0,0,0,0,0,0,0,0,0
0,0,0,0,0,2,0,0,0,0,0,0,0,0,0,0
0,10,0,2,0,0,0,0,0,0,0,0,0,0,0,0
10,0,2,0,0,0,0,0,0,0,0,0,0,0,0,0
0,2,0,0,0,0,0,0,0,0,0,0,0,0,0,0
0,0,0,0,0,0,0,0,0,0,0,0,0,0,0,0
0,0,0,0,0,0,0,0,0,0,0,0,0,0,0,0
0,0,0,0,0,0,0,0,0,0,0,0,0,0,0,0
0,0,0,0,0,10,42,44,0,0,21,15,0,0,0,0
0,0,0,0,10,42,44,54,0,21,15,10,0,0,0,0
0,0,0,0,42,44,54,0,21,15,10,0,0,0,0,0
0,10,42,44,0,0,21,15,0,0,0,0,0,0,0,0
10,42,44,54,0,21,15,10,0,0,0,0,0,0,0,12
42,44,54,0,21,15,10,0,0,0,0,0,0,0,12,0
0,0,21,15,0,0,0,0,0,0,0,0,0,0,0,0
0,21,15,10,0,0,0,0,0,0,0,12,0,0,0,0
21,15,10,0,0,0,0,0,0,0,12,0,0,0,0,0
0,0,0,0,0,0,21,22,0,0,0,0,0,0,0,0
0,0,0,0,0,21,22,22,0,0,0,0,0,0,0,0
0,0,0,0,21,22,22,0,0,0,0,0,0,0,0,0
0,0,21,22,0,0,0,0,0,0,0,0,0,0,0,0
0,21,22,22,0,0,0,0,0,0,0,0,0,0,0,0
21,22,22,0,0,0,0,0,0,0,0,0,0,0,0,0
0,0,0,0,0,0,0,0,0,0,0,0,0,0,0,0
0,0,0,0,0,0,0,0,0,0,0,0,0,0,0,0
0,0,0,0,0,0,0,0,0,0,0,0,0,0,0,0
0,0,0,0,0,0,6,8,0,0,0,4,0,0,2,0
0,0,0,0,0,6,8,2,0,0,4,5,0,2,0,0
0,0,0,0,6,8,2,0,0,4,5,0,2,0,0,0
0,0,6,8,0,0,0,4,0,0,2,0,0,2,0,0
0,6,8,2,0,0,4,5,0,2,0,0,2,0,0,2
6,8,2,0,0,4,5,0,2,0,0,0,0,0,2,0
0,0,0,4,0,0,2,0,0,2,0,0,0,0,0,0
0,0,4,5,0,2,0,0,2,0,0,2,0,0,0,0
0,4,5,0,2,0,0,0,0,0,2,0,0,0,0,0
0,0,0,0,0,22,27,27,0,44,54,34,0,18,26,6
0,0,0,0,22,27,27,33,44,54,34,52,18,26,6,31
0,0,0,0,27,27,33,0,54,34,52,0,26,6,31,0
0,22,27,27,0,44,54,34,0,18,26,6,0,10,13,5
22,27,27,33,44,54,34,52,18,26,6,31,10,13,5,27
27,27,33,0,54,34,52,0,26,6,31,0,13,5,27,0
0,44,54,34,0,18,26,6,0,10,13,5,0,0,0,0
44,54,34,52,18,26,6,31,10,13,5,27,0,0,0,0
54,34,52,0,26,6,31,0,13,5,27,0,0,0,0,0
0,0,0,0,0,0,0,0,0,0,0,0,0,0,0,0
0,0,0,0,0,0,0,0,0,0,0,0,0,0,0,0
0,0,0,0,0,0,0,0,0,0,0,0,0,0,0,0
0,0,0,0,0,0,0,0,0,0,0,0,0,0,0,0
0,0,0,0,0,0,0,0,0,0,0,0,0,0,0,0
0,0,0,0,0,0,0,0,0,0,0,0,0,0,0,0
0,0,0,0,0,0,0,0,0,0,0,0,0,0,0,0
0,0,0,0,0,0,0,0,0,0,0,0,0,0,0,0
0,0,0,0,0,0,0,0,0,0,0,0,0,0,0,0
0,0,0,0,0,0,0,0,0,0,0,0,0,0,0,0
0,0,0,0,0,0,0,0,0,0,0,0,0,0,0,0
0,0,0,0,0,0,0,0,0,0,0,0,0,0,0,0
0,0,0,0,0,0,0,0,0,0,0,0,0,1,0,0
0,0,0,0,0,0,0,0,0,0,0,0,1,0,0,0
0,0,0,0,0,0,0,0,0,0,0,0,0,0,0,0
0,0,0,0,0,0,0,0,0,1,0,0,0,0,0,0
0,0,0,0,0,0,0,0,1,0,0,0,0,0,0,0
0,0,0,0,0,0,0,0,0,0,0,0,0,0,0,0
0,0,0,0,0,0,0,0,0,2,23,27,0,9,16,4
0,0,0,0,0,0,0,0,2,23,27,24,9,16,4,18
0,0,0,0,0,0,0,0,23,27,24,0,16,4,18,0
0,0,0,0,0,2,23,27,0,9,16,4,0,1,9,6
0,0,0,0,2,23,27,24,9,16,4,18,1,9,6,0
0,0,0,0,23,27,24,0,16,4,18,0,9,6,0,0
0,2,23,27,0,9,16,4,0,1,9,6,0,0,0,0
2,23,27,24,9,16,4,18,1,9,6,0,0,0,0,0
23,27,24,0,16,4,18,0,9,6,0,0,0,0,0,0
0,0,0,0,0,24,15,21,0,6,0,8,0,2,1,4
0,0,0,0,24,15,21,16,6,0,8,6,2,1,4,6
0,0,0,0,15,21,16,0,0,8,6,0,1,4,6,0
0,24,15,21,0,6,0,8,0,2,1,4,0,0,2,12
24,15,21,16,6,0,8,6,2,1,4,6,0,2,12,4
15,21,16,0,0,8,6,0,1,4,6,0,2,12,4,0
0,6,0,8,0,2,1,4,0,0,2,12,0,0,0,0
6,0,8,6,2,1,4,6,0,2,12,4,0,0,0,0
0,8,6,0,1,4,6,0,2,12,4,0,0,0,0,0
0,0,0,0,0,23,44,49,0,18,12,5,0,0,0,0
0,0,0,0,23,44,49,48,18,12,5,0,0,0,0,0
0,0,0,0,44,49,48,0,12,5,0,0,0,0,0,0
0,23,44,49,0,18,12,5,0,0,0,0,0,9,5,9
23,44,49,48,18,12,5,0,0,0,0,0,9,5,9,4
44,49,48,0,12,5,0,0,0,0,0,0,5,9,4,0
0,18,12,5,0,0,0,0,0,9,5,9,0,0,0,0
18,12,5,0,0,0,0,0,9,5,9,4,0,0,0,0
12,5,0,0,0,0,0,0,5,9,4,0,0,0,0,0
0,0,0,0,0,0,5,3,0,0,38,43,0,3,26,6
0,0,0,0,0,5,3,1,0,38,43,19,3,26,6,21
0,0,0,0,5,3,1,0,38,43,19,0,26,6,21,0
0,0,5,3,0,0,38,43,0,3,26,6,0,0,0,0
0,5,3,1,0,38,43,19,3,26,6,21,0,0,0,11
5,3,1,0,38,43,19,0,26,6,21,0,0,0,11,0
0,0,38,43,0,3,26,6,0,0,0,0,0,0,0,0
0,38,43,19,3,26,6,21,0,0,0,11,0,0,0,0
38,43,19,0,26,6,21,0,0,0,11,0,0,0,0,0
0,0,0,0,0,3,1,0,0,13,18,16,0,15,16,12
0,0,0,0,3,1,0,1,13,18,16,15,15,16,12,17
0,0,0,0,1,0,1,0,18,16,15,0,16,12,17,0
0,3,1,0,0,13,18,16,0,15,16,12,0,5,9,8
3,1,0,1,13,18,16,15,15,16,12,17,5,9,8,13
1,0,1,0,18,16,15,0,16,12,17,0,9,8,13,0
0,13,18,16,0,15,16,12,0,5,9,8,0,0,0,0
13,18,16,15,15,16,12,17,5,9,8,13,0,0,0,0
18,16,15,0,16,12,17,0,9,8,13,0,0,0,0,0
0,0,0,0,0,26,40,42,0,33,44,17,0,11,3,0
0,0,0,0,26,40,42,46,33,44,17,41,11,3,0,13
0,0,0,0,40,42,46,0,44,17,41,0,3,0,13,0
0,26,40,42,0,33,44,17,0,11,3,0,0,0,0,13
26,40,42,46,33,44,17,41,11,3,0,13,0,0,13,25
40,42,46,0,44,17,41,0,3,0,13,0,0,13,25,0
0,33,44,17,0,11,3,0,0,0,0,13,0,0,0,0
33,44,17,41,11,3,0,13,0,0,13,25,0,0,0,0
44,17,41,0,3,0,13,0,0,13,25,0,0,0,0,0
0,0,0,0,0,0,0,0,0,0,0,13,0,0,8,11
0,0,0,0,0,0,0,0,0,0,13,0,0,8,11,0
0,0,0,0,0,0,0,0,0,13,0,0,8,11,0,0
0,0,0,0,0,0,0,13,0,0,8,11,0,0,0,0
0,0,0,0,0,0,13,0,0,8,11,0,0,0,0,0
0,0,0,0,0,13,0,0,8,11,0,0,0,0,0,0
0,0,0,13,0,0,8,11,0,0,0,0,0,0,0,0
0,0,13,0,0,8,11,0,0,0,0,0,0,0,0,0
0,13,0,0,8,11,0,0,0,0,0,0,0,0,0,0
0,0,0,0,0,6,0,0,0,10,0,0,0,6,0,0
0,0,0,0,6,0,0,0,10,0,0,0,6,0,0,0
0,0,0,0,0,0,0,0,0,0,0,0,0,0,0,0
0,6,0,0,0,10,0,0,0,6,0,0,0,5,0,0
6,0,0,0,10,0,0,0,6,0,0,0,5,0,0,0
0,0,0,0,0,0,0,0,0,0,0,0,0,0,0,0
0,10,0,0,0,6,0,0,0,5,0,0,0,0,0,0
10,0,0,0,6,0,0,0,5,0,0,0,0,0,0,0
0,0,0,0,0,0,0,0,0,0,0,0,0,0,0,0
0,0,0,0,0,0,0,0,0,0,34,44,0,0,19,18
0,0,0,0,0,0,0,0,0,34,44,27,0,19,18,13
0,0,0,0,0,0,0,0,34,44,27,0,19,18,13,0
0,0,0,0,0,0,34,44,0,0,19,18,0,0,6,0
0,0,0,0,0,34,44,27,0,19,18,13,0,6,0,6
0,0,0,0,34,44,27,0,19,18,13,0,6,0,6,0
0,0,34,44,0,0,19,18,0,0,6,0,0,0,0,0
0,34,44,27,0,19,18,13,0,6,0,6,0,0,0,0
34,44,27,0,19,18,13,0,6,0,6,0,0,0,0,0
0,0,0,0,0,0,6,6,0,0,0,0,0,0,0,0
0,0,0,0,0,6,6,5,0,0,0,0,0,0,0,0
0,0,0,0,6,6,5,0,0,0,0,0,0,0,0,0
0,0,6,6,0,0,0,0,0,0,0,0,0,0,0,0
0,6,6,5,0,0,0,0,0,0,0,0,0,0,0,0
6,6,5,0,0,0,0,0,0,0,0,0,0,0,0,0
0,0,0,0,0,0,0,0,0,0,0,0,0,0,0,0
0,0,0,0,0,0,0,0,0,0,0,0,0,0,0,0
0,0,0,0,0,0,0,0,0,0,0,0,0,0,0,0
0,0,0,0,0,6,0,0,0,0,0,0,0,0,0,0
0,0,0,0,6,0,0,0,0,0,0,0,0,0,0,0
0,0,0,0,0,0,0,0,0,0,0,0,0,0,0,0
0,6,0,0,0,0,0,0,0,0,0,0,0,0,0,0
6,0,0,0,0,0,0,0,0,0,0,0,0,0,0,0
0,0,0,0,0,0,0,0,0,0,0,0,0,0,0,0
0,0,0,0,0,0,0,0,0,0,0,0,0,0,0,0
0,0,0,0,0,0,0,0,0,0,0,0,0,0,0,0
0,0,0,0,0,0,0,0,0,0,0,0,0,0,0,0
0,0,0,0,0,16,9,10,0,0,0,0,0,0,0,0
0,0,0,0,16,9,10,8,0,0,0,0,0,0,0,0
0,0,0,0,9,10,8,0,0,0,0,0,0,0,0,0
0,16,9,10,0,0,0,0,0,0,0,0,0,4,1,2
16,9,10,8,0,0,0,0,0,0,0,0,4,1,2,0
9,10,8,0,0,0,0,0,0,0,0,0,1,2,0,0
0,0,0,0,0,0,0,0,0,4,1,2,0,0,0,0
0,0,0,0,0,0,0,0,4,1,2,0,0,0,0,0
0,0,0,0,0,0,0,0,1,2,0,0,0,0,0,0
0,0,0,0,0,2,10,16,0,33,49,47,0,21,29,9
0,0,0,0,2,10,16,21,33,49,47,47,21,29,9,13
0,0,0,0,10,16,21,0,49,47,47,0,29,9,13,0
0,2,10,16,0,33,49,47,0,21,29,9,0,20,6,13
2,10,16,21,33,49,47,47,21,29,9,13,20,6,13,17
10,16,21,0,49,47,47,0,29,9,13,0,6,13,17,0
0,33,49,47,0,21,29,9,0,20,6,13,0,0,0,0
33,49,47,47,21,29,9,13,20,6,13,17,0,0,0,0
49,47,47,0,29,9,13,0,6,13,17,0,0,0,0,0
0,0,0,0,0,0,0,0,0,0,0,0,0,0,0,0
0,0,0,0,0,0,0,0,0,0,0,0,0,0,0,0
0,0,0,0,0,0,0,0,0,0,0,0,0,0,0,0
0,0,0,0,0,0,0,0,0,0,0,0,0,0,0,0
0,0,0,0,0,0,0,0,0,0,0,0,0,0,0,0
0,0,0,0,0,0,0,0,0,0,0,0,0,0,0,0
0,0,0,0,0,0,0,0,0,0,0,0,0,0,0,0
0,0,0,0,0,0,0,0,0,0,0,0,0,0,0,0
0,0,0,0,0,0,0,0,0,0,0,0,0,0,0,0
0,0,0,0,0,2,0,0,0,1,0,0,0,3,1,0
0,0,0,0,2,0,0,0,1,0,0,0,3,1,0,0
0,0,0,0,0,0,0,0,0,0,0,0,1,0,0,0
0,2,0,0,0,1,0,0,0,3,1,0,0,0,0,1
2,0,0,0,1,0,0,0,3,1,0,0,0,0,1,0
0,0,0,0,0,0,0,0,1,0,0,0,0,1,0,0
0,1,0,0,0,3,1,0,0,0,0,1,0,0,0,0
1,0,0,0,3,1,0,0,0,0,1,0,0,0,0,0
0,0,0,0,1,0,0,0,0,1,0,0,0,0,0,0
0,0,0,0,0,8,3,6,0,6,0,0,0,0,0,0
0,0,0,0,8,3,6,0,6,0,0,0,0,0,0,0
0,0,0,0,3,6,0,0,0,0,0,0,0,0,0,0
0,8,3,6,0,6,0,0,0,0,0,0,0,0,0,3
8,3,6,0,6,0,0,0,0,0,0,0,0,0,3,0
3,6,0,0,0,0,0,0,0,0,0,0,0,3,0,0
0,6,0,0,0,0,0,0,0,0,0,3,0,0,0,0
6,0,0,0,0,0,0,0,0,0,3,0,0,0,0,0
0,0,0,0,0,0,0,0,0,3,0,0,0,0,0,0
0,0,0,0,0,0,0,0,0,0,0,0,0,0,0,0
0,0,0,0,0,0,0,0,0,0,0,0,0,0,0,0
0,0,0,0,0,0,0,0,0,0,0,0,0,0,0,0
0,0,0,0,0,0,0,0,0,0,0,0,0,0,0,0
0,0,0,0,0,0,0,0,0,0,0,0,0,0,0,0
0,0,0,0,0,0,0,0,0,0,0,0,0,0,0,0
0,0,0,0,0,0,0,0,0,0,0,0,0,0,0,0
0,0,0,0,0,0,0,0,0,0,0,0,0,0,0,0
0,0,0,0,0,0,0,0,0,0,0,0,0,0,0,0
0,0,0,0,0,9,17,13,0,6,0,0,0,5,0,0
0,0,0,0,9,17,13,12,6,0,0,0,5,0,0,6
0,0,0,0,17,13,12,0,0,0,0,0,0,0,6,0
0,9,17,13,0,6,0,0,0,5,0,0,0,0,1,6
9,17,13,12,6,0,0,0,5,0,0,6,0,1,6,1
17,13,12,0,0,0,0,0,0,0,6,0,1,6,1,0
0,6,0,0,0,5,0,0,0,0,1,6,0,0,0,0
6,0,0,0,5,0,0,6,0,1,6,1,0,0,0,0
0,0,0,0,0,0,6,0,1,6,1,0,0,0,0,0
0,0,0,0,0,0,0,0,0,5,8,8,0,3,11,0
0,0,0,0,0,0,0,0,5,8,8,6,3,11,0,0
0,0,0,0,0,0,0,0,8,8,6,0,11,0,0,0
0,0,0,0,0,5,8,8,0,3,11,0,0,0,1,0
0,0,0,0,5,8,8,6,3,11,0,0,0,1,0,3
0,0,0,0,8,8,6,0,11,0,0,0,1,0,3,0
0,5,8,8,0,3,11,0,0,0,1,0,0,0,0,0
5,8,8,6,3,11,0,0,0,1,0,3,0,0,0,0
8,8,6,0,11,0,0,0,1,0,3,0,0,0,0,0
0,0,0,0,0,47,44,47,0,39,25,0,0,6,0,0
0,0,0,0,47,44,47,50,39,25,0,31,6,0,0,6
0,0,0,0,44,47,50,0,25,0,31,0,0,0,6,0
0,47,44,47,0,39,25,0,0,6,0,0,0,12,0,17
47,44,47,50,39,25,0,31,6,0,0,6,12,0,17,17
44,47,50,0,25,0,31,0,0,0,6,0,0,17,17,0
0,39,25,0,0,6,0,0,0,12,0,17,0,0,0,0
39,25,0,31,6,0,0,6,12,0,17,17,0,0,0,0
25,0,31,0,0,0,6,0,0,17,17,0,0,0,0,0
0,0,0,0,0,20,22,16,0,35,34,27,0,16,21,6
0,0,0,0,20,22,16,21,35,34,27,19,16,21,6,25
0,0,0,0,22,16,21,0,34,27,19,0,21,6,25,0
0,20,22,16,0,35,34,27,0,16,21,6,0,0,5,16
20,22,16,21,35,34,27,19,16,21,6,25,0,5,16,17
22,16,21,0,34,27,19,0,21,6,25,0,5,16,17,0
0,35,34,27,0,16,21,6,0,0,5,16,0,0,0,0
35,34,27,19,16,21,6,25,0,5,16,17,0,0,0,0
34,27,19,0,21,6,25,0,5,16,17,0,0,0,0,0
0,0,0,0,0,0,0,0,0,0,0,23,0,0,21,31
0,0,0,0,0,0,0,0,0,0,23,0,0,21,31,0
0,0,0,0,0,0,0,0,0,23,0,0,21,31,0,0
0,0,0,0,0,0,0,23,0,0,21,31,0,0,3,1
0,0,0,0,0,0,23,0,0,21,31,0,0,3,1,0
0,0,0,0,0,23,0,0,21,31,0,0,3,1,0,0
0,0,0,23,0,0,21,31,0,0,3,1,0,0,0,0
0,0,23,0,0,21,31,0,0,3,1,0,0,0,0,0
0,23,0,0,21,31,0,0,3,1,0,0,0,0,0,0
0,0,0,0,0,13,27,32,0,0,0,0,0,0,0,0
0,0,0,0,13,27,32,35,0,0,0,0,0,0,0,0
0,0,0,0,27,32,35,0,0,0,0,0,0,0,0,0
0,13,27,32,0,0,0,0,0,0,0,0,0,0,0,4
13,27,32,35,0,0,0,0,0,0,0,0,0,0,4,0
27,32,35,0,0,0,0,0,0,0,0,0,0,4,0,0
0,0,0,0,0,0,0,0,0,0,0,4,0,0,0,0
0,0,0,0,0,0,0,0,0,0,4,0,0,0,0,0
0,0,0,0,0,0,0,0,0,4,0,0,0,0,0,0
0,0,0,0,0,0,0,0,0,0,0,0,0,0,0,0
0,0,0,0,0,0,0,0,0,0,0,0,0,0,0,0
0,0,0,0,0,0,0,0,0,0,0,0,0,0,0,0
0,0,0,0,0,0,0,0,0,0,0,0,0,0,0,0
0,0,0,0,0,0,0,0,0,0,0,0,0,0,0,0
0,0,0,0,0,0,0,0,0,0,0,0,0,0,0,0
0,0,0,0,0,0,0,0,0,0,0,0,0,0,0,0
0,0,0,0,0,0,0,0,0,0,0,0,0,0,0,0
0,0,0,0,0,0,0,0,0,0,0,0,0,0,0,0
0,0,0,0,0,0,0,0,0,0,0,0,0,0,0,0
0,0,0,0,0,0,0,0,0,0,0,0,0,0,0,0
0,0,0,0,0,0,0,0,0,0,0,0,0,0,0,0
0,0,0,0,0,0,0,0,0,0,0,0,0,0,0,0
0,0,0,0,0,0,0,0,0,0,0,0,0,0,0,0
0,0,0,0,0,0,0,0,0,0,0,0,0,0,0,0
0,0,0,0,0,0,0,0,0,0,0,0,0,0,0,0
0,0,0,0,0,0,0,0,0,0,0,0,0,0,0,0
0,0,0,0,0,0,0,0,0,0,0,0,0,0,0,0
0,0,0,0,0,0,0,0,0,0,0,0,0,1,0,0
0,0,0,0,0,0,0,0,0,0,0,0,1,0,0,0
0,0,0,0,0,0,0,0,0,0,0,0,0,0,0,0
0,0,0,0,0,0,0,0,0,1,0,0,0,1,1,0
0,0,0,0,0,0,0,0,1,0,0,0,1,1,0,0
0,0,0,0,0,0,0,0,0,0,0,0,1,0,0,0
0,0,0,0,0,1,0,0,0,1,1,0,0,0,0,0
0,0,0,0,1,0,0,0,1,1,0,0,0,0,0,0
0,0,0,0,0,0,0,0,1,0,0,0,0,0,0,0
0,0,0,0,0,12,31,34,0,0,30,24,0,0,13,18
0,0,0,0,12,31,34,33,0,30,24,32,0,13,18,18
0,0,0,0,31,34,33,0,30,24,32,0,13,18,18,0
0,12,31,34,0,0,30,24,0,0,13,18,0,0,6,11
12,31,34,33,0,30,24,32,0,13,18,18,0,6,11,20
31,34,33,0,30,24,32,0,13,18,18,0,6,11,20,0
0,0,30,24,0,0,13,18,0,0,6,11,0,0,0,0
0,30,24,32,0,13,18,18,0,6,11,20,0,0,0,0
30,24,32,0,13,18,18,0,6,11,20,0,0,0,0,0
0,0,0,0,0,0,0,0,0,6,40,53,0,8,40,26
0,0,0,0,0,0,0,0,6,40,53,36,8,40,26,25
0,0,0,0,0,0,0,0,40,53,36,0,40,26,25,0
0,0,0,0,0,6,40,53,0,8,40,26,0,0,6,5
0,0,0,0,6,40,53,36,8,40,26,25,0,6,5,4
0,0,0,0,40,53,36,0,40,26,25,0,6,5,4,0
0,6,40,53,0,8,40,26,0,0,6,5,0,0,0,0
6,40,53,36,8,40,26,25,0,6,5,4,0,0,0,0
40,53,36,0,40,26,25,0,6,5,4,0,0,0,0,0
0,0,0,0,0,19,11,10,0,0,0,0,0,0,0,0
0,0,0,0,19,11,10,4,0,0,0,0,0,0,0,0
0,0,0,0,11,10,4,0,0,0,0,0,0,0,0,0
0,19,11,10,0,0,0,0,0,0,0,0,0,0,0,0
19,11,10,4,0,0,0,0,0,0,0,0,0,0,0,0
11,10,4,0,0,0,0,0,0,0,0,0,0,0,0,0
0,0,0,0,0,0,0,0,0,0,0,0,0,0,0,0
0,0,0,0,0,0,0,0,0,0,0,0,0,0,0,0
0,0,0,0,0,0,0,0,0,0,0,0,0,0,0,0
0,0,0,0,0,0,0,0,0,0,0,0,0,0,0,0
0,0,0,0,0,0,0,0,0,0,0,0,0,0,0,10
0,0,0,0,0,0,0,0,0,0,0,0,0,0,10,0
0,0,0,0,0,0,0,0,0,0,0,0,0,0,0,0
0,0,0,0,0,0,0,0,0,0,0,10,0,0,0,0
0,0,0,0,0,0,0,0,0,0,10,0,0,0,0,0
0,0,0,0,0,0,0,0,0,0,0,0,0,0,0,0
0,0,0,0,0,0,0,10,0,0,0,0,0,0,0,0
0,0,0,0,0,0,10,0,0,0,0,0,0,0,0,0
0,0,0,0,0,0,0,0,0,0,0,0,0,0,0,0
0,0,0,0,0,0,0,0,0,0,0,0,0,0,0,0
0,0,0,0,0,0,0,0,0,0,0,0,0,0,0,0
0,0,0,0,0,0,0,0,0,0,0,0,0,0,0,0
0,0,0,0,0,0,0,0,0,0,0,0,0,0,0,0
0,0,0,0,0,0,0,0,0,0,0,0,0,0,0,0
0,0,0,0,0,0,0,0,0,0,0,0,0,0,0,0
0,0,0,0,0,0,0,0,0,0,0,0,0,0,0,0
0,0,0,0,0,0,0,0,0,0,0,0,0,0,0,0
0,0,0,0,0,0,0,0,0,0,0,0,0,0,0,0
0,0,0,0,0,0,0,0,0,0,0,0,0,0,0,0
0,0,0,0,0,0,0,0,0,0,0,0,0,0,0,0
0,0,0,0,0,0,0,0,0,0,0,0,0,0,0,0
0,0,0,0,0,0,0,0,0,0,0,0,0,0,0,0
0,0,0,0,0,0,0,0,0,0,0,0,0,0,0,0
0,0,0,0,0,0,0,0,0,0,0,0,0,0,0,0
0,0,0,0,0,0,0,0,0,0,0,0,0,0,0,0
0,0,0,0,0,0,0,0,0,0,0,0,0,0,0,0
0,0,0,0,0,0,0,0,0,0,0,2,0,0,0,0
0,0,0,0,0,0,0,0,0,0,2,0,0,0,0,0
0,0,0,0,0,0,0,0,0,2,0,0,0,0,0,0
0,0,0,0,0,0,0,2,0,0,0,0,0,0,0,0
0,0,0,0,0,0,2,0,0,0,0,0,0,0,0,0
0,0,0,0,0,2,0,0,0,0,0,0,0,0,0,0
0,0,0,2,0,0,0,0,0,0,0,0,0,0,0,0
0,0,2,0,0,0,0,0,0,0,0,0,0,0,0,0
0,2,0,0,0,0,0,0,0,0,0,0,0,0,0,0
0,0,0,0,0,12,8,5,0,0,0,0,0,0,0,9
0,0,0,0,12,8,5,6,0,0,0,0,0,0,9,0
0,0,0,0,8,5,6,0,0,0,0,0,0,9,0,0
0,12,8,5,0,0,0,0,0,0,0,9,0,0,0,3
12,8,5,6,0,0,0,0,0,0,9,0,0,0,3,8
8,5,6,0,0,0,0,0,0,9,0,0,0,3,8,0
0,0,0,0,0,0,0,9,0,0,0,3,0,0,0,0
0,0,0,0,0,0,9,0,0,0,3,8,0,0,0,0
0,0,0,0,0,9,0,0,0,3,8,0,0,0,0,0
0,0,0,0,0,0,0,0,0,2,2,9,0,0,12,21
0,0,0,0,0,0,0,0,2,2,9,17,0,12,21,0
0,0,0,0,0,0,0,0,2,9,17,0,12,21,0,0
0,0,0,0,0,2,2,9,0,0,12,21,0,5,5,0
0,0,0,0,2,2,9,17,0,12,21,0,5,5,0,0
0,0,0,0,2,9,17,0,12,21,0,0,5,0,0,0
0,2,2,9,0,0,12,21,0,5,5,0,0,0,0,0
2,2,9,17,0,12,21,0,5,5,0,0,0,0,0,0
2,9,17,0,12,21,0,0,5,0,0,0,0,0,0,0
0,0,0,0,0,24,23,23,0,1,5,11,0,0,0,16
0,0,0,0,24,23,23,26,1,5,11,11,0,0,16,12
0,0,0,0,23,23,26,0,5,11,11,0,0,16,12,0
0,24,23,23,0,1,5,11,0,0,0,16,0,0,12,9
24,23,23,26,1,5,11,11,0,0,16,12,0,12,9,15
23,23,26,0,5,11,11,0,0,16,12,0,12,9,15,0
0,1,5,11,0,0,0,16,0,0,12,9,0,0,0,0
1,5,11,11,0,0,16,12,0,12,9,15,0,0,0,0
5,11,11,0,0,16,12,0,12,9,15,0,0,0,0,0
0,0,0,0,0,3,0,0,0,8,13,12,0,6,17,12
0,0,0,0,3,0,0,0,8,13,12,13,6,17,12,4
0,0,0,0,0,0,0,0,13,12,13,0,17,12,4,0
0,3,0,0,0,8,13,12,0,6,17,12,0,1,0,6
3,0,0,0,8,13,12,13,6,17,12,4,1,0,6,0
0,0,0,0,13,12,13,0,17,12,4,0,0,6,0,0
0,8,13,12,0,6,17,12,0,1,0,6,0,0,0,0
8,13,12,13,6,17,12,4,1,0,6,0,0,0,0,0
13,12,13,0,17,12,4,0,0,6,0,0,0,0,0,0
0,0,0,0,0,0,0,0,0,0,0,0,0,0,0,0
0,0,0,0,0,0,0,0,0,0,0,0,0,0,0,0
0,0,0,0,0,0,0,0,0,0,0,0,0,0,0,0
0,0,0,0,0,0,0,0,0,0,0,0,0,0,0,0
0,0,0,0,0,0,0,0,0,0,0,0,0,0,0,0
0,0,0,0,0,0,0,0,0,0,0,0,0,0,0,0
0,0,0,0,0,0,0,0,0,0,0,0,0,0,0,0
0,0,0,0,0,0,0,0,0,0,0,0,0,0,0,0
0,0,0,0,0,0,0,0,0,0,0,0,0,0,0,0
0,0,0,0,0,0,0,0,0,11,0,0,0,13,18,6
0,0,0,0,0,0,0,0,11,0,0,0,13,18,6,0
0,0,0,0,0,0,0,0,0,0,0,0,18,6,0,0
0,0,0,0,0,11,0,0,0,13,18,6,0,2,5,2
0,0,0,0,11,0,0,0,13,18,6,0,2,5,2,0
0,0,0,0,0,0,0,0,18,6,0,0,5,2,0,0
0,11,0,0,0,13,18,6,0,2,5,2,0,0,0,0
11,0,0,0,13,18,6,0,2,5,2,0,0,0,0,0
0,0,0,0,18,6,0,0,5,2,0,0,0,0,0,0
0,0,0,0,0,11,0,0,0,0,0,0,0,0,0,0
0,0,0,0,11,0,0,0,0,0,0,0,0,0,0,0
0,0,0,0,0,0,0,0,0,0,0,0,0,0,0,0
0,11,0,0,0,0,0,0,0,0,0,0,0,1,0,1
11,0,0,0,0,0,0,0,0,0,0,0,1,0,1,0
0,0,0,0,0,0,0,0,0,0,0,0,0,1,0,0
0,0,0,0,0,0,0,0,0,1,0,1,0,0,0,0
0,0,0,0,0,0,0,0,1,0,1,0,0,0,0,0
0,0,0,0,0,0,0,0,0,1,0,0,0,0,0,0
0,0,0,0,0,0,2,6,0,0,24,32,0,0,17,23
0,0,0,0,0,2,6,4,0,24,32,27,0,17,23,13
0,0,0,0,2,6,4,0,24,32,27,0,17,23,13,0
0,0,2,6,0,0,24,32,0,0,17,23,0,5,12,4
0,2,6,4,0,24,32,27,0,17,23,13,5,12,4,6
2,6,4,0,24,32,27,0,17,23,13,0,12,4,6,0
0,0,24,32,0,0,17,23,0,5,12,4,0,0,0,0
0,24,32,27,0,17,23,13,5,12,4,6,0,0,0,0
24,32,27,0,17,23,13,0,12,4,6,0,0,0,0,0
0,0,0,0,0,16,30,34,0,38,51,52,0,27,39,31
0,0,0,0,16,30,34,27,38,51,52,50,27,39,31,35
0,0,0,0,30,34,27,0,51,52,50,0,39,31,35,0
0,16,30,34,0,38,51,52,0,27,39,31,0,12,15,17
16,30,34,27,38,51,52,50,27,39,31,35,12,15,17,31
30,34,27,0,51,52,50,0,39,31,35,0,15,17,31,0
0,38,51,52,0,27,39,31,0,12,15,17,0,0,0,0
38,51,52,50,27,39,31,35,12,15,17,31,0,0,0,0
51,52,50,0,39,31,35,0,15,17,31,0,0,0,0,0
0,0,0,0,0,0,18,22,0,0,9,30,0,0,9,10
0,0,0,0,0,18,22,21,0,9,30,6,0,9,10,6
0,0,0,0,18,22,21,0,9,30,6,0,9,10,6,0
0,0,18,22,0,0,9,30,0,0,9,10,0,1,3,0
0,18,22,21,0,9,30,6,0,9,10,6,1,3,0,10
18,22,21,0,9,30,6,0,9,10,6,0,3,0,10,0
0,0,9,30,0,0,9,10,0,1,3,0,0,0,0,0
0,9,30,6,0,9,10,6,1,3,0,10,0,0,0,0
9,30,6,0,9,10,6,0,3,0,10,0,0,0,0,0
0,0,0,0,0,15,0,0,0,25,27,13,0,15,22,18
0,0,0,0,15,0,0,0,25,27,13,36,15,22,18,21
0,0,0,0,0,0,0,0,27,13,36,0,22,18,21,0
0,15,0,0,0,25,27,13,0,15,22,18,0,4,6,10
15,0,0,0,25,27,13,36,15,22,18,21,4,6,10,2
0,0,0,0,27,13,36,0,22,18,21,0,6,10,2,0
0,25,27,13,0,15,22,18,0,4,6,10,0,0,0,0
25,27,13,36,15,22,18,21,4,6,10,2,0,0,0,0
27,13,36,0,22,18,21,0,6,10,2,0,0,0,0,0
0,0,0,0,0,0,0,0,0,0,4,12,0,0,5,4
0,0,0,0,0,0,0,0,0,4,12,5,0,5,4,3
0,0,0,0,0,0,0,0,4,12,5,0,5,4,3,0
0,0,0,0,0,0,4,12,0,0,5,4,0,0,2,0
0,0,0,0,0,4,12,5,0,5,4,3,0,2,0,0
0,0,0,0,4,12,5,0,5,4,3,0,2,0,0,0
0,0,4,12,0,0,5,4,0,0,2,0,0,0,0,0
0,4,12,5,0,5,4,3,0,2,0,0,0,0,0,0
4,12,5,0,5,4,3,0,2,0,0,0,0,0,0,0
0,0,0,0,0,27,38,36,0,50,61,30,0,27,25,2
0,0,0,0,27,38,36,37,50,61,30,38,27,25,2,35
0,0,0,0,38,36,37,0,61,30,38,0,25,2,35,0
0,27,38,36,0,50,61,30,0,27,25,2,0,11,13,17
27,38,36,37,50,61,30,38,27,25,2,35,11,13,17,27
38,36,37,0,61,30,38,0,25,2,35,0,13,17,27,0
0,50,61,30,0,27,25,2,0,11,13,17,0,0,0,0
50,61,30,38,27,25,2,35,11,13,17,27,0,0,0,0
61,30,38,0,25,2,35,0,13,17,27,0,0,0,0,0
0,0,0,0,0,0,0,0,0,0,0,0,0,0,0,1
0,0,0,0,0,0,0,0,0,0,0,0,0,0,1,0
0,0,0,0,0,0,0,0,0,0,0,0,0,1,0,0
0,0,0,0,0,0,0,0,0,0,0,1,0,0,0,2
0,0,0,0,0,0,0,0,0,0,1,0,0,0,2,0
0,0,0,0,0,0,0,0,0,1,0,0,0,2,0,0
0,0,0,0,0,0,0,1,0,0,0,2,0,0,0,0
0,0,0,0,0,0,1,0,0,0,2,0,0,0,0,0
0,0,0,0,0,1,0,0,0,2,0,0,0,0,0,0
0,0,0,0,0,0,0,0,0,0,0,0,0,0,0,0
0,0,0,0,0,0,0,0,0,0,0,0,0,0,0,0
0,0,0,0,0,0,0,0,0,0,0,0,0,0,0,0
0,0,0,0,0,0,0,0,0,0,0,0,0,0,0,0
0,0,0,0,0,0,0,0,0,0,0,0,0,0,0,0
0,0,0,0,0,0,0,0,0,0,0,0,0,0,0,0
0,0,0,0,0,0,0,0,0,0,0,0,0,0,0,0
0,0,0,0,0,0,0,0,0,0,0,0,0,0,0,0
0,0,0,0,0,0,0,0,0,0,0,0,0,0,0,0
0,0,0,0,0,15,17,21,0,12,9,4,0,13,4,0
0,0,0,0,15,17,21,23,12,9,4,10,13,4,0,3
0,0,0,0,17,21,23,0,9,4,10,0,4,0,3,0
0,15,17,21,0,12,9,4,0,13,4,0,0,10,12,9
15,17,21,23,12,9,4,10,13,4,0,3,10,12,9,4
17,21,23,0,9,4,10,0,4,0,3,0,12,9,4,0
0,12,9,4,0,13,4,0,0,10,12,9,0,0,0,0
12,9,4,10,13,4,0,3,10,12,9,4,0,0,0,0
9,4,10,0,4,0,3,0,12,9,4,0,0,0,0,0
0,0,0,0,0,0,0,0,0,0,0,0,0,0,0,0
0,0,0,0,0,0,0,0,0,0,0,0,0,0,0,0
0,0,0,0,0,0,0,0,0,0,0,0,0,0,0,0
0,0,0,0,0,0,0,0,0,0,0,0,0,0,0,0
0,0,0,0,0,0,0,0,0,0,0,0,0,0,0,0
0,0,0,0,0,0,0,0,0,0,0,0,0,0,0,0
0,0,0,0,0,0,0,0,0,0,0,0,0,0,0,0
0,0,0,0,0,0,0,0,0,0,0,0,0,0,0,0
0,0,0,0,0,0,0,0,0,0,0,0,0,0,0,0
0,0,0,0,0,0,0,0,0,0,0,0,0,0,0,0
0,0,0,0,0,0,0,0,0,0,0,0,0,0,0,0
0,0,0,0,0,0,0,0,0,0,0,0,0,0,0,0
0,0,0,0,0,0,0,0,0,0,0,0,0,0,0,0
0,0,0,0,0,0,0,0,0,0,0,0,0,0,0,0
0,0,0,0,0,0,0,0,0,0,0,0,0,0,0,0
0,0,0,0,0,0,0,0,0,0,0,0,0,0,0,0
0,0,0,0,0,0,0,0,0,0,0,0,0,0,0,0
0,0,0,0,0,0,0,0,0,0,0,0,0,0,0,0
0,0,0,0,0,0,0,0,0,9,10,6,0,12,0,0
0,0,0,0,0,0,0,5,9,10,6,0,12,0,0,6
0,0,0,0,0,0,5,0,10,6,0,0,0,0,6,0
0,0,0,0,0,9,10,6,0,12,0,0,0,0,0,6
0,0,0,5,9,10,6,0,12,0,0,6,0,0,6,3
0,0,5,0,10,6,0,0,0,0,6,0,0,6,3,0
0,9,10,6,0,12,0,0,0,0,0,6,0,0,0,0
9,10,6,0,12,0,0,6,0,0,6,3,0,0,0,0
10,6,0,0,0,0,6,0,0,6,3,0,0,0,0,0
0,0,0,0,0,20,42,42,0,32,38,26,0,9,2,0
0,0,0,0,20,42,42,33,32,38,26,27,9,2,0,20
0,0,0,0,42,42,33,0,38,26,27,0,2,0,20,0
0,20,42,42,0,32,38,26,0,9,2,0,0,8,2,9
20,42,42,33,32,38,26,27,9,2,0,20,8,2,9,16
42,42,33,0,38,26,27,0,2,0,20,0,2,9,16,0
0,32,38,26,0,9,2,0,0,8,2,9,0,0,0,0
32,38,26,27,9,2,0,20,8,2,9,16,0,0,0,0
38,26,27,0,2,0,20,0,2,9,16,0,0,0,0,0
0,0,0,0,0,0,0,0,0,0,0,0,0,1,0,0
0,0,0,0,0,0,0,0,0,0,0,0,1,0,0,0
0,0,0,0,0,0,0,0,0,0,0,0,0,0,0,0
0,0,0,0,0,0,0,0,0,1,0,0,0,1,0,0
0,0,0,0,0,0,0,0,1,0,0,0,1,0,0,0
0,0,0,0,0,0,0,0,0,0,0,0,0,0,0,0
0,0,0,0,0,1,0,0,0,1,0,0,0,0,0,0
0,0,0,0,1,0,0,0,1,0,0,0,0,0,0,0
0,0,0,0,0,0,0,0,0,0,0,0,0,0,0,0
0,0,0,0,0,0,0,0,0,11,27,27,0,17,27,8
0,0,0,0,0,0,0,0,11,27,27,30,17,27,8,13
0,0,0,0,0,0,0,0,27,27,30,0,27,8,13,0
0,0,0,0,0,11,27,27,0,17,27,8,0,3,0,6
0,0,0,0,11,27,27,30,17,27,8,13,3,0,6,6
0,0,0,0,27,27,30,0,27,8,13,0,0,6,6,0
0,11,27,27,0,17,27,8,0,3,0,6,0,0,0,0
11,27,27,30,17,27,8,13,3,0,6,6,0,0,0,0
27,27,30,0,27,8,13,0,0,6,6,0,0,0,0,0
0,0,0,0,0,9,0,0,0,0,0,6,0,0,0,6
0,0,0,0,9,0,0,0,0,0,6,6,0,0,6,3
0,0,0,0,0,0,0,0,0,6,6,0,0,6,3,0
0,9,0,0,0,0,0,6,0,0,0,6,0,1,0,0
9,0,0,0,0,0,6,6,0,0,6,3,1,0,0,6
0,0,0,0,0,6,6,0,0,6,3,0,0,0,6,0
0,0,0,6,0,0,0,6,0,1,0,0,0,0,0,0
0,0,6,6,0,0,6,3,1,0,0,6,0,0,0,0
0,6,6,0,0,6,3,0,0,0,6,0,0,0,0,0
0,0,0,0,0,0,0,0,0,0,0,0,0,0,0,0
0,0,0,0,0,0,0,0,0,0,0,0,0,0,0,0
0,0,0,0,0,0,0,0,0,0,0,0,0,0,0,0
0,0,0,0,0,0,0,0,0,0,0,0,0,0,0,0
0,0,0,0,0,0,0,0,0,0,0,0,0,0,0,0
0,0,0,0,0,0,0,0,0,0,0,0,0,0,0,0
0,0,0,0,0,0,0,0,0,0,0,0,0,0,0,0
0,0,0,0,0,0,0,0,0,0,0,0,0,0,0,0
0,0,0,0,0,0,0,0,0,0,0,0,0,0,0,0
0,0,0,0,0,4,33,34,0,0,5,2,0,0,0,9
0,0,0,0,4,33,34,33,0,5,2,0,0,0,9,0
0,0,0,0,33,34,33,0,5,2,0,0,0,9,0,0
0,4,33,34,0,0,5,2,0,0,0,9,0,0,6,5
4,33,34,33,0,5,2,0,0,0,9,0,0,6,5,9
33,34,33,0,5,2,0,0,0,9,0,0,6,5,9,0
0,0,5,2,0,0,0,9,0,0,6,5,0,0,0,0
0,5,2,0,0,0,9,0,0,6,5,9,0,0,0,0
5,2,0,0,0,9,0,0,6,5,9,0,0,0,0,0
0,0,0,0,0,3,0,0,0,21,0,0,0,8,0,0
0,0,0,0,3,0,0,0,21,0,0,5,8,0,0,1
0,0,0,0,0,0,0,0,0,0,5,0,0,0,1,0
0,3,0,0,0,21,0,0,0,8,0,0,0,0,0,0
3,0,0,0,21,0,0,5,8,0,0,1,0,0,0,0
0,0,0,0,0,0,5,0,0,0,1,0,0,0,0,0
0,21,0,0,0,8,0,0,0,0,0,0,0,0,0,0
21,0,0,5,8,0,0,1,0,0,0,0,0,0,0,0
0,0,5,0,0,0,1,0,0,0,0,0,0,0,0,0
0,0,0,0,0,0,0,0,0,13,30,34,0,25,42,20
0,0,0,0,0,0,0,0,13,30,34,46,25,42,20,21
0,0,0,0,0,0,0,0,30,34,46,0,42,20,21,0
0,0,0,0,0,13,30,34,0,25,42,20,0,9,8,4
0,0,0,0,13,30,34,46,25,42,20,21,9,8,4,11
0,0,0,0,30,34,46,0,42,20,21,0,8,4,11,0
0,13,30,34,0,25,42,20,0,9,8,4,0,0,0,0
13,30,34,46,25,42,20,21,9,8,4,11,0,0,0,0
30,34,46,0,42,20,21,0,8,4,11,0,0,0,0,0
0,0,0,0,0,5,0,0,0,23,27,20,0,19,26,11
0,0,0,0,5,0,0,0,23,27,20,27,19,26,11,22
0,0,0,0,0,0,0,0,27,20,27,0,26,11,22,0
0,5,0,0,0,23,27,20,0,19,26,11,0,6,13,11
5,0,0,0,23,27,20,27,19,26,11,22,6,13,11,18
0,0,0,0,27,20,27,0,26,11,22,0,13,11,18,0
0,23,27,20,0,19,26,11,0,6,13,11,0,0,0,0
23,27,20,27,19,26,11,22,6,13,11,18,0,0,0,0
27,20,27,0,26,11,22,0,13,11,18,0,0,0,0,0
0,0,0,0,0,25,24,27,0,32,43,33,0,21,25,22
0,0,0,0,25,24,27,25,32,43,33,44,21,25,22,29
0,0,0,0,24,27,25,0,43,33,44,0,25,22,29,0
0,25,24,27,0,32,43,33,0,21,25,22,0,9,6,13
25,24,27,25,32,43,33,44,21,25,22,29,9,6,13,20
24,27,25,0,43,33,44,0,25,22,29,0,6,13,20,0
0,32,43,33,0,21,25,22,0,9,6,13,0,0,0,0
32,43,33,44,21,25,22,29,9,6,13,20,0,0,0,0
43,33,44,0,25,22,29,0,6,13,20,0,0,0,0,0
0,0,0,0,0,12,0,0,0,13,13,0,0,13,24,21
0,0,0,0,12,0,0,0,13,13,0,32,13,24,21,21
0,0,0,0,0,0,0,0,13,0,32,0,24,21,21,0
0,12,0,0,0,13,13,0,0,13,24,21,0,3,6,12
12,0,0,0,13,13,0,32,13,24,21,21,3,6,12,11
0,0,0,0,13,0,32,0,24,21,21,0,6,12,11,0
0,13,13,0,0,13,24,21,0,3,6,12,0,0,0,0
13,13,0,32,13,24,21,21,3,6,12,11,0,0,0,0
13,0,32,0,24,21,21,0,6,12,11,0,0,0,0,0
0,0,0,0,0,0,0,0,0,0,0,0,0,5,4,0
0,0,0,0,0,0,0,0,0,0,0,0,5,4,0,0
0,0,0,0,0,0,0,0,0,0,0,0,4,0,0,0
0,0,0,0,0,0,0,0,0,5,4,0,0,6,0,0
0,0,0,0,0,0,0,0,5,4,0,0,6,0,0,0
0,0,0,0,0,0,0,0,4,0,0,0,0,0,0,0
0,0,0,0,0,5,4,0,0,6,0,0,0,0,0,0
0,0,0,0,5,4,0,0,6,0,0,0,0,0,0,0
0,0,0,0,4,0,0,0,0,0,0,0,0,0,0,0
0,0,0,0,0,5,0,0,0,0,0,0,0,0,0,0
0,0,0,0,5,0,0,0,0,0,0,0,0,0,0,0
0,0,0,0,0,0,0,0,0,0,0,0,0,0,0,0
0,5,0,0,0,0,0,0,0,0,0,0,0,0,0,0
5,0,0,0,0,0,0,0,0,0,0,0,0,0,0,0
0,0,0,0,0,0,0,0,0,0,0,0,0,0,0,0
0,0,0,0,0,0,0,0,0,0,0,0,0,0,0,0
0,0,0,0,0,0,0,0,0,0,0,0,0,0,0,0
0,0,0,0,0,0,0,0,0,0,0,0,0,0,0,0
0,0,0,0,0,0,15,16,0,0,0,0,0,0,0,0
0,0,0,0,0,15,16,23,0,0,0,0,0,0,0,0
0,0,0,0,15,16,23,0,0,0,0,0,0,0,0,0
0,0,15,16,0,0,0,0,0,0,0,0,0,0,0,0
0,15,16,23,0,0,0,0,0,0,0,0,0,0,0,0
15,16,23,0,0,0,0,0,0,0,0,0,0,0,0,0
0,0,0,0,0,0,0,0,0,0,0,0,0,0,0,0
0,0,0,0,0,0,0,0,0,0,0,0,0,0,0,0
0,0,0,0,0,0,0,0,0,0,0,0,0,0,0,0
0,0,0,0,0,0,0,0,0,0,0,20,0,6,18,9
0,0,0,0,0,0,0,0,0,0,20,2,6,18,9,4
0,0,0,0,0,0,0,0,0,20,2,0,18,9,4,0
0,0,0,0,0,0,0,20,0,6,18,9,0,2,0,0
0,0,0,0,0,0,20,2,6,18,9,4,2,0,0,0
0,0,0,0,0,20,2,0,18,9,4,0,0,0,0,0
0,0,0,20,0,6,18,9,0,2,0,0,0,0,0,0
0,0,20,2,6,18,9,4,2,0,0,0,0,0,0,0
0,20,2,0,18,9,4,0,0,0,0,0,0,0,0,0
0,0,0,0,0,0,0,0,0,0,0,11,0,0,0,2
0,0,0,0,0,0,0,0,0,0,11,4,0,0,2,13
0,0,0,0,0,0,0,0,0,11,4,0,0,2,13,0
0,0,0,0,0,0,0,11,0,0,0,2,0,0,4,0
0,0,0,0,0,0,11,4,0,0,2,13,0,4,0,6
0,0,0,0,0,11,4,0,0,2,13,0,4,0,6,0
0,0,0,11,0,0,0,2,0,0,4,0,0,0,0,0
0,0,11,4,0,0,2,13,0,4,0,6,0,0,0,0
0,11,4,0,0,2,13,0,4,0,6,0,0,0,0,0
0,0,0,0,0,11,5,3,0,20,1,0,0,13,5,0
0,0,0,0,11,5,3,0,20,1,0,2,13,5,0,11
0,0,0,0,5,3,0,0,1,0,2,0,5,0,11,0
0,11,5,3,0,20,1,0,0,13,5,0,0,3,2,9
11,5,3,0,20,1,0,2,13,5,0,11,3,2,9,8
5,3,0,0,1,0,2,0,5,0,11,0,2,9,8,0
0,20,1,0,0,13,5,0,0,3,2,9,0,0,0,0
20,1,0,2,13,5,0,11,3,2,9,8,0,0,0,0
1,0,2,0,5,0,11,0,2,9,8,0,0,0,0,0
0,0,0,0,0,0,0,0,0,0,0,0,0,0,0,0
0,0,0,0,0,0,0,0,0,0,0,0,0,0,0,0
0,0,0,0,0,0,0,0,0,0,0,0,0,0,0,0
0,0,0,0,0,0,0,0,0,0,0,0,0,0,0,0
0,0,0,0,0,0,0,0,0,0,0,0,0,0,0,0
0,0,0,0,0,0,0,0,0,0,0,0,0,0,0,0
0,0,0,0,0,0,0,0,0,0,0,0,0,0,0,0
0,0,0,0,0,0,0,0,0,0,0,0,0,0,0,0
0,0,0,0,0,0,0,0,0,0,0,0,0,0,0,0
0,0,0,0,0,30,13,13,0,35,34,26,0,16,27,22
0,0,0,0,30,13,13,16,35,34,26,59,16,27,22,26
0,0,0,0,13,13,16,0,34,26,59,0,27,22,26,0
0,30,13,13,0,35,34,26,0,16,27,22,0,6,12,11
30,13,13,16,35,34,26,59,16,27,22,26,6,12,11,21
13,13,16,0,34,26,59,0,27,22,26,0,12,11,21,0
0,35,34,26,0,16,27,22,0,6,12,11,0,0,0,0
35,34,26,59,16,27,22,26,6,12,11,21,0,0,0,0
34,26,59,0,27,22,26,0,12,11,21,0,0,0,0,0
0,0,0,0,0,10,26,26,0,17,24,13,0,0,10,3
0,0,0,0,10,26,26,27,17,24,13,20,0,10,3,10
0,0,0,0,26,26,27,0,24,13,20,0,10,3,10,0
0,10,26,26,0,17,24,13,0,0,10,3,0,6,0,5
10,26,26,27,17,24,13,20,0,10,3,10,6,0,5,3
26,26,27,0,24,13,20,0,10,3,10,0,0,5,3,0
0,17,24,13,0,0,10,3,0,6,0,5,0,0,0,0
17,24,13,20,0,10,3,10,6,0,5,3,0,0,0,0
24,13,20,0,10,3,10,0,0,5,3,0,0,0,0,0
0,0,0,0,0,4,0,1,0,0,5,2,0,0,1,16
0,0,0,0,4,0,1,0,0,5,2,6,0,1,16,0
0,0,0,0,0,1,0,0,5,2,6,0,1,16,0,0
0,4,0,1,0,0,5,2,0,0,1,16,0,0,0,0
4,0,1,0,0,5,2,6,0,1,16,0,0,0,0,1
0,1,0,0,5,2,6,0,1,16,0,0,0,0,1,0
0,0,5,2,0,0,1,16,0,0,0,0,0,0,0,0
0,5,2,6,0,1,16,0,0,0,0,1,0,0,0,0
5,2,6,0,1,16,0,0,0,0,1,0,0,0,0,0
0,0,0,0,0,0,0,0,0,0,0,0,0,0,0,0
0,0,0,0,0,0,0,0,0,0,0,0,0,0,0,0
0,0,0,0,0,0,0,0,0,0,0,0,0,0,0,0
0,0,0,0,0,0,0,0,0,0,0,0,0,1,0,0
0,0,0,0,0,0,0,0,0,0,0,0,1,0,0,0
0,0,0,0,0,0,0,0,0,0,0,0,0,0,0,0
0,0,0,0,0,0,0,0,0,1,0,0,0,0,0,0
0,0,0,0,0,0,0,0,1,0,0,0,0,0,0,0
0,0,0,0,0,0,0,0,0,0,0,0,0,0,0,0
0,0,0,0,0,0,0,0,0,0,13,23,0,0,13,19
0,0,0,0,0,0,0,0,0,13,23,13,0,13,19,2
0,0,0,0,0,0,0,0,13,23,13,0,13,19,2,0
0,0,0,0,0,0,13,23,0,0,13,19,0,2,8,3
0,0,0,0,0,13,23,13,0,13,19,2,2,8,3,1
0,0,0,0,13,23,13,0,13,19,2,0,8,3,1,0
0,0,13,23,0,0,13,19,0,2,8,3,0,0,0,0
0,13,23,13,0,13,19,2,2,8,3,1,0,0,0,0
13,23,13,0,13,19,2,0,8,3,1,0,0,0,0,0
0,0,0,0,0,0,0,0,0,0,0,0,0,0,0,0
0,0,0,0,0,0,0,0,0,0,0,0,0,0,0,0
0,0,0,0,0,0,0,0,0,0,0,0,0,0,0,0
0,0,0,0,0,0,0,0,0,0,0,0,0,0,0,0
0,0,0,0,0,0,0,0,0,0,0,0,0,0,0,0
0,0,0,0,0,0,0,0,0,0,0,0,0,0,0,0
0,0,0,0,0,0,0,0,0,0,0,0,0,0,0,0
0,0,0,0,0,0,0,0,0,0,0,0,0,0,0,0
0,0,0,0,0,0,0,0,0,0,0,0,0,0,0,0
0,0,0,0,0,12,6,10,0,19,19,21,0,8,8,10
0,0,0,0,12,6,10,6,19,19,21,13,8,8,10,6
0,0,0,0,6,10,6,0,19,21,13,0,8,10,6,0
0,12,6,10,0,19,19,21,0,8,8,10,0,2,1,11
12,6,10,6,19,19,21,13,8,8,10,6,2,1,11,9
6,10,6,0,19,21,13,0,8,10,6,0,1,11,9,0
0,19,19,21,0,8,8,10,0,2,1,11,0,0,0,0
19,19,21,13,8,8,10,6,2,1,11,9,0,0,0,0
19,21,13,0,8,10,6,0,1,11,9,0,0,0,0,0
0,0,0,0,0,0,0,1,0,0,0,0,0,0,0,0
0,0,0,0,0,0,1,0,0,0,0,0,0,0,0,0
0,0,0,0,0,1,0,0,0,0,0,0,0,0,0,0
0,0,0,1,0,0,0,0,0,0,0,0,0,1,0,0
0,0,1,0,0,0,0,0,0,0,0,0,1,0,0,0
0,1,0,0,0,0,0,0,0,0,0,0,0,0,0,0
0,0,0,0,0,0,0,0,0,1,0,0,0,0,0,0
0,0,0,0,0,0,0,0,1,0,0,0,0,0,0,0
0,0,0,0,0,0,0,0,0,0,0,0,0,0,0,0
0,0,0,0,0,0,0,3,0,13,0,6,0,11,3,0
0,0,0,0,0,0,3,0,13,0,6,0,11,3,0,16
0,0,0,0,0,3,0,0,0,6,0,0,3,0,16,0
0,0,0,3,0,13,0,6,0,11,3,0,0,5,4,0
0,0,3,0,13,0,6,0,11,3,0,16,5,4,0,2
0,3,0,0,0,6,0,0,3,0,16,0,4,0,2,0
0,13,0,6,0,11,3,0,0,5,4,0,0,0,0,0
13,0,6,0,11,3,0,16,5,4,0,2,0,0,0,0
0,6,0,0,3,0,16,0,4,0,2,0,0,0,0,0
0,0,0,0,0,5,0,0,0,18,0,0,0,8,5,0
0,0,0,0,5,0,0,0,18,0,0,6,8,5,0,0
0,0,0,0,0,0,0,0,0,0,6,0,5,0,0,0
0,5,0,0,0,18,0,0,0,8,5,0,0,1,0,0
5,0,0,0,18,0,0,6,8,5,0,0,1,0,0,0
0,0,0,0,0,0,6,0,5,0,0,0,0,0,0,0
0,18,0,0,0,8,5,0,0,1,0,0,0,0,0,0
18,0,0,6,8,5,0,0,1,0,0,0,0,0,0,0
0,0,6,0,5,0,0,0,0,0,0,0,0,0,0,0
0,0,0,0,0,25,20,26,0,30,46,26,0,12,18,16
0,0,0,0,25,20,26,21,30,46,26,47,12,18,16,12
0,0,0,0,20,26,21,0,46,26,47,0,18,16,12,0
0,25,20,26,0,30,46,26,0,12,18,16,0,3,0,12
25,20,26,21,30,46,26,47,12,18,16,12,3,0,12,27
20,26,21,0,46,26,47,0,18,16,12,0,0,12,27,0
0,30,46,26,0,12,18,16,0,3,0,12,0,0,0,0
30,46,26,47,12,18,16,12,3,0,12,27,0,0,0,0
46,26,47,0,18,16,12,0,0,12,27,0,0,0,0,0
0,0,0,0,0,0,0,0,0,0,0,21,0,8,3,10
0,0,0,0,0,0,0,0,0,0,21,0,8,3,10,10
0,0,0,0,0,0,0,0,0,21,0,0,3,10,10,0
0,0,0,0,0,0,0,21,0,8,3,10,0,3,13,0
0,0,0,0,0,0,21,0,8,3,10,10,3,13,0,0
0,0,0,0,0,21,0,0,3,10,10,0,13,0,0,0
0,0,0,21,0,8,3,10,0,3,13,0,0,0,0,0
0,0,21,0,8,3,10,10,3,13,0,0,0,0,0,0
0,21,0,0,3,10,10,0,13,0,0,0,0,0,0,0
0,0,0,0,0,0,0,0,0,0,0,0,0,0,0,0
0,0,0,0,0,0,0,0,0,0,0,0,0,0,0,0
0,0,0,0,0,0,0,0,0,0,0,0,0,0,0,0
0,0,0,0,0,0,0,0,0,0,0,0,0,0,0,0
0,0,0,0,0,0,0,0,0,0,0,0,0,0,0,0
0,0,0,0,0,0,0,0,0,0,0,0,0,0,0,0
0,0,0,0,0,0,0,0,0,0,0,0,0,0,0,0
0,0,0,0,0,0,0,0,0,0,0,0,0,0,0,0
0,0,0,0,0,0,0,0,0,0,0,0,0,0,0,0
0,0,0,0,0,4,0,0,0,0,0,0,0,0,0,0
0,0,0,0,4,0,0,0,0,0,0,0,0,0,0,0
0,0,0,0,0,0,0,0,0,0,0,0,0,0,0,0
0,4,0,0,0,0,0,0,0,0,0,0,0,1,0,0
4,0,0,0,0,0,0,0,0,0,0,0,1,0,0,0
0,0,0,0,0,0,0,0,0,0,0,0,0,0,0,0
0,0,0,0,0,0,0,0,0,1,0,0,0,0,0,0
0,0,0,0,0,0,0,0,1,0,0,0,0,0,0,0
0,0,0,0,0,0,0,0,0,0,0,0,0,0,0,0
0,0,0,0,0,12,8,6,0,1,0,0,0,0,0,0
0,0,0,0,12,8,6,3,1,0,0,0,0,0,0,0
0,0,0,0,8,6,3,0,0,0,0,0,0,0,0,0
0,12,8,6,0,1,0,0,0,0,0,0,0,0,0,0
12,8,6,3,1,0,0,0,0,0,0,0,0,0,0,0
8,6,3,0,0,0,0,0,0,0,0,0,0,0,0,0
0,1,0,0,0,0,0,0,0,0,0,0,0,0,0,0
1,0,0,0,0,0,0,0,0,0,0,0,0,0,0,0
0,0,0,0,0,0,0,0,0,0,0,0,0,0,0,0
0,0,0,0,0,0,0,0,0,0,0,0,0,1,9,3
0,0,0,0,0,0,0,0,0,0,0,0,1,9,3,0
0,0,0,0,0,0,0,0,0,0,0,0,9,3,0,0
0,0,0,0,0,0,0,0,0,1,9,3,0,0,6,0
0,0,0,0,0,0,0,0,1,9,3,0,0,6,0,0
0,0,0,0,0,0,0,0,9,3,0,0,6,0,0,0
0,0,0,0,0,1,9,3,0,0,6,0,0,0,0,0
0,0,0,0,1,9,3,0,0,6,0,0,0,0,0,0
0,0,0,0,9,3,0,0,6,0,0,0,0,0,0,0
0,0,0,0,0,0,0,0,0,0,0,4,0,0,0,18
0,0,0,0,0,0,0,0,0,0,4,0,0,0,18,0
0,0,0,0,0,0,0,0,0,4,0,0,0,18,0,0
0,0,0,0,0,0,0,4,0,0,0,18,0,0,0,0
0,0,0,0,0,0,4,0,0,0,18,0,0,0,0,0
0,0,0,0,0,4,0,0,0,18,0,0,0,0,0,0
0,0,0,4,0,0,0,18,0,0,0,0,0,0,0,0
0,0,4,0,0,0,18,0,0,0,0,0,0,0,0,0
0,4,0,0,0,18,0,0,0,0,0,0,0,0,0,0
0,0,0,0,0,13,24,26,0,0,29,27,0,0,3,6
0,0,0,0,13,24,26,31,0,29,27,6,0,3,6,0
0,0,0,0,24,26,31,0,29,27,6,0,3,6,0,0
0,13,24,26,0,0,29,27,0,0,3,6,0,0,0,0
13,24,26,31,0,29,27,6,0,3,6,0,0,0,0,8
24,26,31,0,29,27,6,0,3,6,0,0,0,0,8,0
0,0,29,27,0,0,3,6,0,0,0,0,0,0,0,0
0,29,27,6,0,3,6,0,0,0,0,8,0,0,0,0
29,27,6,0,3,6,0,0,0,0,8,0,0,0,0,0
0,0,0,0,0,15,0,0,0,22,17,26,0,16,17,18
0,0,0,0,15,0,0,0,22,17,26,31,16,17,18,12
0,0,0,0,0,0,0,0,17,26,31,0,17,18,12,0
0,15,0,0,0,22,17,26,0,16,17,18,0,5,2,9
15,0,0,0,22,17,26,31,16,17,18,12,5,2,9,6
0,0,0,0,17,26,31,0,17,18,12,0,2,9,6,0
0,22,17,26,0,16,17,18,0,5,2,9,0,0,0,0
22,17,26,31,16,17,18,12,5,2,9,6,0,0,0,0
17,26,31,0,17,18,12,0,2,9,6,0,0,0,0,0
0,0,0,0,0,2,0,0,0,0,0,0,0,0,0,0
0,0,0,0,2,0,0,0,0,0,0,0,0,0,0,0
0,0,0,0,0,0,0,0,0,0,0,0,0,0,0,0
0,2,0,0,0,0,0,0,0,0,0,0,0,0,0,0
2,0,0,0,0,0,0,0,0,0,0,0,0,0,0,0
0,0,0,0,0,0,0,0,0,0,0,0,0,0,0,0
0,0,0,0,0,0,0,0,0,0,0,0,0,0,0,0
0,0,0,0,0,0,0,0,0,0,0,0,0,0,0,0
0,0,0,0,0,0,0,0,0,0,0,0,0,0,0,0
0,0,0,0,0,18,43,48,0,8,18,11,0,0,0,8
0,0,0,0,18,43,48,44,8,18,11,6,0,0,8,0
0,0,0,0,43,48,44,0,18,11,6,0,0,8,0,0
0,18,43,48,0,8,18,11,0,0,0,8,0,0,3,13
18,43,48,44,8,18,11,6,0,0,8,0,0,3,13,6
43,48,44,0,18,11,6,0,0,8,0,0,3,13,6,0
0,8,18,11,0,0,0,8,0,0,3,13,0,0,0,0
8,18,11,6,0,0,8,0,0,3,13,6,0,0,0,0
18,11,6,0,0,8,0,0,3,13,6,0,0,0,0,0
0,0,0,0,0,0,0,0,0,0,0,0,0,10,0,0
0,0,0,0,0,0,0,0,0,0,0,0,10,0,0,6
0,0,0,0,0,0,0,0,0,0,0,0,0,0,6,0
0,0,0,0,0,0,0,0,0,10,0,0,0,2,0,0
0,0,0,0,0,0,0,0,10,0,0,6,2,0,0,0
0,0,0,0,0,0,0,0,0,0,6,0,0,0,0,0
0,0,0,0,0,10,0,0,0,2,0,0,0,0,0,0
0,0,0,0,10,0,0,6,2,0,0,0,0,0,0,0
0,0,0,0,0,0,6,0,0,0,0,0,0,0,0,0
0,0,0,0,0,0,6,5,0,17,39,38,0,20,26,17
0,0,0,0,0,6,5,15,17,39,38,33,20,26,17,18
0,0,0,0,6,5,15,0,39,38,33,0,26,17,18,0
0,0,6,5,0,17,39,38,0,20,26,17,0,8,5,11
0,6,5,15,17,39,38,33,20,26,17,18,8,5,11,9
6,5,15,0,39,38,33,0,26,17,18,0,5,11,9,0
0,17,39,38,0,20,26,17,0,8,5,11,0,0,0,0
17,39,38,33,20,26,17,18,8,5,11,9,0,0,0,0
39,38,33,0,26,17,18,0,5,11,9,0,0,0,0,0
0,0,0,0,0,0,4,9,0,17,26,47,0,17,25,19
0,0,0,0,0,4,9,0,17,26,47,31,17,25,19,18
0,0,0,0,4,9,0,0,26,47,31,0,25,19,18,0
0,0,4,9,0,17,26,47,0,17,25,19,0,6,19,9
0,4,9,0,17,26,47,31,17,25,19,18,6,19,9,3
4,9,0,0,26,47,31,0,25,19,18,0,19,9,3,0
0,17,26,47,0,17,25,19,0,6,19,9,0,0,0,0
17,26,47,31,17,25,19,18,6,19,9,3,0,0,0,0
26,47,31,0,25,19,18,0,19,9,3,0,0,0,0,0
0,0,0,0,0,2,0,0,0,0,0,0,0,0,0,0
0,0,0,0,2,0,0,0,0,0,0,0,0,0,0,0
0,0,0,0,0,0,0,0,0,0,0,0,0,0,0,0
0,2,0,0,0,0,0,0,0,0,0,0,0,0,0,0
2,0,0,0,0,0,0,0,0,0,0,0,0,0,0,0
0,0,0,0,0,0,0,0,0,0,0,0,0,0,0,0
0,0,0,0,0,0,0,0,0,0,0,0,0,0,0,0
0,0,0,0,0,0,0,0,0,0,0,0,0,0,0,0
0,0,0,0,0,0,0,0,0,0,0,0,0,0,0,0
0,0,0,0,0,0,0,0,0,0,0,0,0,0,1,5
0,0,0,0,0,0,0,0,0,0,0,9,0,1,5,9
0,0,0,0,0,0,0,0,0,0,9,0,1,5,9,0
0,0,0,0,0,0,0,0,0,0,1,5,0,0,0,0
0,0,0,0,0,0,0,9,0,1,5,9,0,0,0,0
0,0,0,0,0,0,9,0,1,5,9,0,0,0,0,0
0,0,0,0,0,0,1,5,0,0,0,0,0,0,0,0
0,0,0,9,0,1,5,9,0,0,0,0,0,0,0,0
0,0,9,0,1,5,9,0,0,0,0,0,0,0,0,0
0,0,0,0,0,9,42,48,0,0,21,25,0,0,8,13
0,0,0,0,9,42,48,49,0,21,25,2,0,8,13,0
0,0,0,0,42,48,49,0,21,25,2,0,8,13,0,0
0,9,42,48,0,0,21,25,0,0,8,13,0,1,13,15
9,42,48,49,0,21,25,2,0,8,13,0,1,13,15,22
42,48,49,0,21,25,2,0,8,13,0,0,13,15,22,0
0,0,21,25,0,0,8,13,0,1,13,15,0,0,0,0
0,21,25,2,0,8,13,0,1,13,15,22,0,0,0,0
21,25,2,0,8,13,0,0,13,15,22,0,0,0,0,0
0,0,0,0,0,17,35,38,0,31,48,46,0,20,19,15
0,0,0,0,17,35,38,30,31,48,46,37,20,19,15,20
0,0,0,0,35,38,30,0,48,46,37,0,19,15,20,0
0,17,35,38,0,31,48,46,0,20,19,15,0,6,4,3
17,35,38,30,31,48,46,37,20,19,15,20,6,4,3,13
35,38,30,0,48,46,37,0,19,15,20,0,4,3,13,0
0,31,48,46,0,20,19,15,0,6,4,3,0,0,0,0
31,48,46,37,20,19,15,20,6,4,3,13,0,0,0,0
48,46,37,0,19,15,20,0,4,3,13,0,0,0,0,0
0,0,0,0,0,2,8,6,0,6,17,2,0,3,4,9
0,0,0,0,2,8,6,10,6,17,2,12,3,4,9,2
0,0,0,0,8,6,10,0,17,2,12,0,4,9,2,0
0,2,8,6,0,6,17,2,0,3,4,9,0,9,0,10
2,8,6,10,6,17,2,12,3,4,9,2,9,0,10,0
8,6,10,0,17,2,12,0,4,9,2,0,0,10,0,0
0,6,17,2,0,3,4,9,0,9,0,10,0,0,0,0
6,17,2,12,3,4,9,2,9,0,10,0,0,0,0,0
17,2,12,0,4,9,2,0,0,10,0,0,0,0,0,0
0,0,0,0,0,10,8,8,0,26,29,27,0,12,20,12
0,0,0,0,10,8,8,13,26,29,27,21,12,20,12,15
0,0,0,0,8,8,13,0,29,27,21,0,20,12,15,0
0,10,8,8,0,26,29,27,0,12,20,12,0,6,17,15
10,8,8,13,26,29,27,21,12,20,12,15,6,17,15,19
8,8,13,0,29,27,21,0,20,12,15,0,17,15,19,0
0,26,29,27,0,12,20,12,0,6,17,15,0,0,0,0
26,29,27,21,12,20,12,15,6,17,15,19,0,0,0,0
29,27,21,0,20,12,15,0,17,15,19,0,0,0,0,0
0,0,0,0,0,0,0,0,0,0,0,0,0,0,0,2
0,0,0,0,0,0,0,0,0,0,0,0,0,0,2,0
0,0,0,0,0,0,0,0,0,0,0,0,0,2,0,0
0,0,0,0,0,0,0,0,0,0,0,2,0,0,0,0
0,0,0,0,0,0,0,0,0,0,2,0,0,0,0,0
0,0,0,0,0,0,0,0,0,2,0,0,0,0,0,0
0,0,0,0,0,0,0,2,0,0,0,0,0,0,0,0
0,0,0,0,0,0,2,0,0,0,0,0,0,0,0,0
0,0,0,0,0,2,0,0,0,0,0,0,0,0,0,0
0,0,0,0,0,6,29,26,0,0,5,1,0,0,0,0
0,0,0,0,6,29,26,33,0,5,1,3,0,0,0,0
0,0,0,0,29,26,33,0,5,1,3,0,0,0,0,0
0,6,29,26,0,0,5,1,0,0,0,0,0,5,6,0
6,29,26,33,0,5,1,3,0,0,0,0,5,6,0,13
29,26,33,0,5,1,3,0,0,0,0,0,6,0,13,0
0,0,5,1,0,0,0,0,0,5,6,0,0,0,0,0
0,5,1,3,0,0,0,0,5,6,0,13,0,0,0,0
5,1,3,0,0,0,0,0,6,0,13,0,0,0,0,0
0,0,0,0,0,21,0,0,0,31,51,35,0,13,31,32
0,0,0,0,21,0,0,0,31,51,35,60,13,31,32,27
0,0,0,0,0,0,0,0,51,35,60,0,31,32,27,0
0,21,0,0,0,31,51,35,0,13,31,32,0,13,13,17
21,0,0,0,31,51,35,60,13,31,32,27,13,13,17,19
0,0,0,0,51,35,60,0,31,32,27,0,13,17,19,0
0,31,51,35,0,13,31,32,0,13,13,17,0,0,0,0
31,51,35,60,13,31,32,27,13,13,17,19,0,0,0,0
51,35,60,0,31,32,27,0,13,17,19,0,0,0,0,0
0,0,0,0,0,5,22,26,0,2,29,44,0,4,23,17
0,0,0,0,5,22,26,27,2,29,44,38,4,23,17,11
0,0,0,0,22,26,27,0,29,44,38,0,23,17,11,0
0,5,22,26,0,2,29,44,0,4,23,17,0,8,6,2
5,22,26,27,2,29,44,38,4,23,17,11,8,6,2,6
22,26,27,0,29,44,38,0,23,17,11,0,6,2,6,0
0,2,29,44,0,4,23,17,0,8,6,2,0,0,0,0
2,29,44,38,4,23,17,11,8,6,2,6,0,0,0,0
29,44,38,0,23,17,11,0,6,2,6,0,0,0,0,0
0,0,0,0,0,0,8,15,0,0,3,18,0,0,0,1
0,0,0,0,0,8,15,12,0,3,18,0,0,0,1,0
0,0,0,0,8,15,12,0,3,18,0,0,0,1,0,0
0,0,8,15,0,0,3,18,0,0,0,1,0,0,1,0
0,8,15,12,0,3,18,0,0,0,1,0,0,1,0,6
8,15,12,0,3,18,0,0,0,1,0,0,1,0,6,0
0,0,3,18,0,0,0,1,0,0,1,0,0,0,0,0
0,3,18,0,0,0,1,0,0,1,0,6,0,0,0,0
3,18,0,0,0,1,0,0,1,0,6,0,0,0,0,0
