136,128,110,113,108,110,107,109,110,112,111,119,118,126,135,121,131,136,124,107,115,105,103,109,111,111,119,115,122,125,127,126,121,137,124,133,131,130,124,134,119,126,130,131,133,134,128,128,124,126,133,137,128,135,131,137,127,137,131,128,126,137,121,131,121,118,125,137,143,130,128,131,134,128,127,122,131,128,124,121,122,121,128,134,131,136,133,131,131,121,125,128,121,124,126,117,115,124,115,127,137,131,133,128,127,128,128,128,122,119,119,124,124,122,113,131,128,131,128,126,127,130,137,137,128,116,128,131,115,119,113,126,125,127,124,122,122,134,135,134,130,140,125,127,117,117,121,127,128,137,127,130,130,136,131,137,137,126,122,127,117,118,126,133,128,128,131,136,124,131,127,128,142,131,125,126,118,127,122,128,130,131,128,139,130,131,131,131,149,139,127,110,121,124,128,139,131,128,135,137,131,134,144,135,144,141,131,118,110,130,126,144,131,137,142,145,124,128,124,124,117,118,125,125,103,115,128,146,131,121,124,128,118,115,117,111,124,121,115,113,105,121,131,147,128,110,118,108,116,109,110,97,112,107,113,104
131,122,126,122,124,125,125,127,121,122,125,124,118,121,133,130,121,139,143,122,130,119,124,113,115,111,112,119,118,124,127,127,119,134,121,108,115,124,110,108,110,116,117,115,113,112,122,134,125,130,119,121,121,118,124,115,124,128,119,116,116,118,119,133,116,133,124,115,116,131,121,115,125,124,124,136,126,125,134,131,124,131,126,124,115,124,131,126,124,124,116,127,130,130,134,124,121,122,122,128,118,130,131,128,128,124,124,130,130,131,122,137,124,122,122,122,124,126,127,117,121,121,122,128,128,130,127,134,122,122,124,121,127,139,136,128,127,119,124,121,115,118,121,135,125,116,124,121,117,122,113,119,110,115,108,110,118,117,124,131,128,119,131,124,113,130,126,119,124,128,125,125,125,118,117,137,128,121,125,135,121,131,131,124,119,122,124,124,115,121,106,130,122,124,133,124,121,127,124,128,116,121,106,108,109,124,119,128,124,127,134,121,121,119,112,103,104,107,111,121,131,137,127,126,113,131,117,128,118,121,128,133,131,137,143,136,144,121,115,119,118,128,131,130,135,137,131,128,121,116,115,116,119,128,134,131
126,124,119,113,121,121,118,122,124,121,122,124,126,127,134,137,130,125,133,130,131,136,140,136,135,137,133,139,128,131,119,136,125,128,124,130,130,134,128,128,126,121,113,130,118,116,131,135,128,124,121,125,124,124,126,121,130,125,116,128,127,116,133,137,131,128,119,127,115,125,119,122,121,127,125,126,116,113,128,134,136,127,126,115,125,121,124,124,126,124,131,137,122,112,130,137,119,115,128,116,118,115,128,126,125,121,128,126,131,136,124,131,121,124,131,122,122,111,118,121,127,125,117,128,124,126,131,130,117,124,124,127,125,124,126,119,128,124,125,133,134,128,125,130,124,119,121,126,133,135,127,136,136,136,134,131,128,128,133,135,131,128,131,126,124,128,128,126,131,121,113,124,111,117,131,135,127,128,128,136,124,125,117,109,117,122,121,119,122,124,125,130,121,126,130,124,119,116,117,109,108,104,115,125,137,130,121,133,121,128,136,131,127,124,127,116,118,117,124,121,133,128,121,125,126,118,117,128,126,122,121,117,121,124,128,133,142,126,119,128,135,136,131,127,121,135,131,133,127,118,131,127,131,128,134,128
145,137,149,148,127,131,130,126,133,131,133,141,154,137,133,141,136,121,131,128,124,121,124,121,125,124,128,135,140,143,133,128,141,139,142,136,124,128,124,121,130,124,117,116,127,131,126,131,137,137,141,137,126,113,119,115,121,118,117,128,136,134,115,130,135,130,128,130,124,126,118,110,126,121,103,108,117,126,118,130,134,128,127,125,128,121,111,106,118,122,110,103,113,119,112,128,134,128,130,131,136,124,116,107,112,126,121,115,118,131,115,131,135,124,127,125,134,121,113,122,118,128,121,116,124,119,109,127,128,131,130,124,125,116,115,105,105,105,109,111,112,115,117,130,126,127,125,124,112,113,111,107,101,104,113,118,126,117,109,127,118,124,119,128,124,116,121,115,121,117,116,119,122,127,103,134,121,124,118,119,124,128,127,118,122,119,111,108,128,130,113,131,137,130,126,134,118,116,117,119,113,110,112,117,135,137,118,115,137,131,128,137,121,124,125,117,128,131,130,126,124,124,117,115,125,108,104,130,131,133,128,115,116,111,103,106,115,119,97,112,117,119,124,128,117,119,121,124,118,111,110,137,128,115,104,124
127,131,128,130,128,130,131,134,141,137,136,139,141,137,137,128,131,140,137,136,139,140,139,134,131,134,133,131,142,139,153,151,124,145,148,140,151,146,156,146,140,141,143,142,131,134,126,136,124,128,136,134,146,152,149,142,139,140,146,144,137,131,121,133,124,128,134,148,146,140,144,151,140,147,152,143,136,135,133,126,122,124,142,140,145,147,142,148,143,143,145,144,139,136,137,124,122,124,135,135,140,142,155,145,143,145,134,143,134,137,128,128,124,126,134,134,144,145,149,152,144,146,141,139,137,131,124,126,124,122,124,128,142,134,136,145,136,143,136,127,131,131,128,128,122,122,124,128,137,136,141,137,137,137,135,140,136,130,124,121,124,124,128,131,130,135,131,128,133,130,140,146,131,134,126,121,119,121,119,127,135,141,142,144,145,130,133,134,131,131,125,112,116,124,117,116,127,131,128,136,142,124,126,125,116,121,124,128,106,108,117,121,121,124,122,128,124,115,121,133,136,122,125,121,113,127,121,116,119,124,126,130,124,135,142,146,128,133,131,124,124,117,124,124,136,133,134,134,143,137,140,126,124,115,133,124
135,124,128,136,131,126,128,130,134,137,135,137,126,133,128,128,126,117,122,135,124,127,137,136,141,145,142,146,141,124,142,128,124,135,136,141,136,128,140,144,137,126,133,136,135,122,124,117,115,127,131,139,124,131,133,137,121,121,124,128,122,131,117,118,124,137,131,128,133,137,136,131,130,121,125,126,134,121,126,115,122,137,137,128,119,134,137,125,127,126,109,116,135,117,119,124,117,131,127,121,118,124,128,130,124,121,113,117,121,118,130,118,118,126,130,126,125,128,128,121,119,125,122,125,133,116,124,121,115,124,128,118,130,131,134,119,113,117,122,121,119,110,124,115,118,127,130,127,117,124,124,128,125,130,115,113,126,116,124,119,118,130,137,115,121,121,121,125,121,124,113,118,128,121,124,115,119,128,135,118,116,125,131,124,119,126,125,125,124,116,128,107,121,128,141,125,124,131,130,136,139,135,131,131,122,128,128,121,115,121,141,126,125,124,128,140,122,115,124,127,135,136,146,119,124,121,134,128,122,128,126,128,115,121,121,128,135,133,133,112,117,118,140,144,135,125,124,128,117,121,111,117,124,115,110,116
121,125,124,131,119,124,135,135,125,127,128,133,130,125,115,107,135,149,137,122,117,127,126,128,127,127,125,124,125,124,149,122,128,153,152,128,134,137,131,133,133,121,115,124,126,128,143,125,121,131,136,127,127,137,115,131,115,115,118,126,137,130,133,122,124,131,137,124,131,127,134,131,125,125,121,118,126,121,121,119,118,134,127,113,113,122,119,118,104,110,112,115,112,121,124,122,115,141,128,115,124,118,105,124,103,122,121,116,124,135,133,124,119,133,127,117,128,127,131,134,122,136,125,115,131,131,124,119,124,143,142,143,136,133,126,126,122,139,124,127,136,131,133,121,121,146,142,124,133,127,124,139,131,127,133,136,131,140,130,117,124,144,137,141,141,127,128,137,130,131,133,131,141,136,137,115,126,135,140,139,135,142,140,137,136,135,121,127,134,113,127,124,117,131,128,128,124,125,121,105,117,125,115,124,124,126,124,125,110,128,130,121,113,124,125,126,126,118,122,126,122,133,131,126,125,116,133,127,128,127,130,131,125,124,130,128,136,112,118,119,111,115,112,128,115,121,127,130,119,122,116,111,119,116,117,115
137,119,124,125,128,131,133,133,134,131,131,130,137,134,111,131,108,122,121,124,135,135,143,143,131,133,137,133,137,128,121,115,125,110,126,128,126,126,131,127,130,131,131,131,126,116,124,128,125,121,125,128,117,128,137,137,126,128,134,127,121,117,130,135,126,121,128,131,139,130,128,125,127,134,126,133,126,121,128,136,130,118,137,133,126,134,140,139,134,131,131,134,127,115,131,140,128,119,127,137,128,134,137,137,136,131,137,130,127,131,128,127,131,121,127,144,130,128,142,137,135,122,128,137,128,131,131,124,124,127,128,133,139,127,131,139,131,126,127,131,124,121,128,121,119,127,121,137,131,139,134,133,140,135,135,127,130,121,130,117,113,125,124,131,133,133,130,139,136,133,143,137,134,121,131,108,121,126,121,137,141,137,136,136,130,135,140,131,121,124,141,136,118,124,125,116,127,131,134,145,130,124,131,121,125,125,135,131,121,121,124,128,134,128,134,137,131,135,128,131,127,127,128,131,135,108,121,128,125,124,131,135,137,130,139,139,121,131,126,134,137,117,115,127,118,124,119,127,125,122,128,121,121,117,124,125
124,117,131,128,139,136,137,141,136,141,131,130,118,125,110,126,94,93,115,141,134,156,156,158,157,149,162,155,154,148,119,98,113,92,141,153,166,169,180,179,177,177,179,173,177,173,130,101,109,106,137,158,162,173,182,184,186,178,182,179,178,169,128,104,115,112,141,148,163,167,187,186,186,189,181,186,177,166,144,113,112,109,140,153,158,165,173,179,175,187,176,170,173,161,142,113,121,115,148,160,165,166,159,165,182,169,170,186,168,157,130,111,117,122,135,156,176,164,169,173,175,169,173,173,173,165,131,115,107,126,139,158,173,169,171,178,181,184,179,180,184,164,140,107,115,126,131,156,167,155,169,163,175,169,175,180,160,166,128,113,121,125,124,153,162,175,173,159,175,173,175,176,164,163,124,103,121,128,117,149,172,163,167,164,161,165,173,173,160,154,124,106,105,116,103,133,157,162,156,146,148,147,149,161,149,153,121,109,109,115,95,133,156,142,155,144,153,153,148,142,130,122,118,115,115,100,115,128,144,147,145,134,140,137,130,127,122,111,111,144,136,122,106,133,111,128,135,134,137,141,140,140,130,127,117,141
124,121,121,124,125,126,126,117,111,109,111,119,121,134,133,131,124,121,136,124,127,125,125,134,125,128,121,119,121,131,126,128,124,118,124,127,131,135,135,136,131,130,124,127,127,127,115,121,126,130,115,124,134,142,144,139,131,124,131,128,127,117,113,125,131,118,111,128,124,127,124,128,118,115,130,122,113,122,115,127,122,121,116,130,125,124,126,135,125,115,127,131,126,124,115,128,124,126,119,128,131,124,131,131,130,128,136,135,124,131,119,121,121,130,119,125,128,124,130,136,125,127,130,128,122,121,121,124,140,136,121,124,124,125,122,125,128,119,126,127,121,133,121,137,134,136,126,133,137,137,135,134,124,128,137,136,125,135,126,140,128,134,128,126,140,140,141,137,134,122,136,126,119,125,121,140,133,141,133,122,131,130,125,130,115,122,131,125,124,115,116,128,128,126,122,95,124,124,121,117,109,113,115,118,115,108,105,112,135,131,124,100,121,119,121,121,121,121,115,117,115,109,121,108,115,130,127,117,115,117,125,126,112,115,119,124,104,110,117,122,137,133,118,124,121,127,121,126,124,128,119,130,121,117,130,121
130,122,115,121,118,113,113,111,119,125,128,133,134,137,136,131,131,133,124,117,121,122,117,116,115,117,121,115,121,118,126,133,128,133,126,115,119,115,110,115,121,124,103,112,101,118,127,130,128,127,134,118,121,108,112,109,103,111,109,100,105,106,126,128,122,127,118,107,118,109,105,95,117,110,108,103,109,112,126,125,121,124,117,110,112,115,112,106,119,108,103,115,116,106,118,131,124,121,121,107,117,109,128,121,108,113,111,106,115,116,118,125,127,117,119,111,115,115,113,108,103,125,128,116,121,113,116,127,128,127,116,111,105,115,110,97,97,118,106,110,116,112,112,133,133,124,119,118,107,115,107,109,111,112,103,119,115,118,121,137,131,127,121,107,103,105,107,112,106,104,97,103,110,115,126,137,137,126,119,111,110,107,105,107,111,122,112,103,119,134,126,137,135,119,119,110,106,111,121,115,121,130,112,113,109,111,124,134,126,131,128,121,107,112,112,110,115,116,116,112,112,118,133,131,116,125,127,124,111,115,117,116,103,113,133,124,121,119,124,127,135,131,112,121,109,128,128,127,131,121,117,115,124,124,128,126
124,119,109,115,113,112,115,118,128,127,128,128,136,131,135,142,133,136,124,128,115,115,118,121,118,111,121,121,109,124,127,143,126,116,115,119,108,110,110,124,111,113,113,110,103,119,117,121,118,115,108,124,112,112,122,121,118,121,115,121,113,118,119,119,125,122,113,121,121,121,126,121,128,128,121,140,121,116,139,128,125,119,124,124,111,125,124,121,128,124,118,137,115,105,140,124,122,118,122,113,109,115,124,130,130,124,128,126,128,135,124,126,116,124,116,124,118,118,121,125,127,116,128,130,127,133,126,127,128,128,118,130,124,126,124,135,126,121,131,128,117,107,119,131,133,126,112,125,121,124,109,121,121,119,112,112,124,124,124,128,135,124,115,110,108,121,121,130,128,135,139,141,126,131,126,128,128,118,111,113,126,121,117,118,125,121,124,124,110,130,119,125,125,118,115,115,124,121,125,124,125,121,117,128,121,126,115,127,130,118,113,115,118,119,131,122,126,126,130,127,124,116,113,121,130,125,106,112,126,124,125,124,133,128,127,121,128,121,115,121,139,133,115,121,127,116,121,117,122,130,119,110,115,115,130,149
122,131,109,115,128,126,127,124,115,117,116,130,122,124,118,121,137,130,125,121,126,124,125,118,119,122,121,128,131,128,135,133,124,139,144,130,135,134,134,117,121,119,116,130,133,112,141,127,113,134,136,113,116,124,115,112,118,121,119,127,126,124,131,124,124,133,131,124,131,122,117,122,124,124,133,122,124,124,124,139,121,126,125,121,131,124,113,124,118,112,124,118,113,118,128,134,122,127,128,115,124,111,118,124,119,113,125,115,119,127,137,124,122,124,133,133,115,112,121,124,131,115,115,122,126,121,126,126,134,141,143,144,136,127,128,133,128,127,126,126,124,124,130,137,131,134,137,127,127,128,131,125,121,122,118,126,135,116,141,137,134,135,139,133,128,119,128,126,126,125,136,128,125,115,140,137,131,137,144,128,124,121,126,127,124,121,126,127,122,119,142,137,121,124,131,121,128,137,128,127,125,121,124,128,116,115,124,134,128,134,133,115,119,136,131,126,125,128,131,137,130,127,128,133,118,135,128,126,141,131,134,139,131,128,131,136,128,124,131,121,124,126,124,121,136,130,135,130,121,127,130,137,128,133,124,118
128,121,136,135,137,137,133,136,134,131,139,140,134,121,108,119,124,137,147,128,134,125,127,134,135,136,127,121,130,142,137,124,135,128,140,126,134,127,122,134,126,116,131,131,119,142,141,131,131,131,137,124,127,124,126,119,125,127,137,131,128,127,142,136,130,122,137,128,125,124,118,117,117,115,127,128,115,118,137,137,128,133,128,111,117,124,118,115,122,121,130,134,126,128,141,136,125,133,130,115,121,135,124,122,130,136,133,127,122,119,131,137,133,128,131,113,119,124,118,130,128,139,124,124,119,128,142,139,128,137,128,130,126,136,128,127,128,130,126,124,119,125,139,128,124,130,131,113,117,134,121,126,130,128,128,134,124,125,139,126,128,127,131,121,126,130,128,128,128,128,131,128,125,112,133,119,128,128,135,127,128,128,126,116,118,116,115,113,113,115,134,110,121,116,131,125,121,110,110,105,115,107,112,106,115,112,115,116,107,115,128,126,117,122,119,118,113,115,118,115,119,112,121,127,116,128,137,122,118,128,122,122,127,126,116,117,131,126,124,128,118,128,139,117,124,121,125,121,118,125,121,130,131,141,128,133
141,122,124,127,121,117,122,122,127,126,121,121,126,121,128,149,119,116,118,130,127,130,121,119,121,121,128,119,124,124,112,119,127,115,117,119,127,128,126,119,128,137,136,131,136,137,124,122,125,127,131,131,131,133,128,139,128,134,151,118,139,134,125,125,121,133,131,121,137,126,136,134,131,131,131,126,140,142,130,131,124,117,128,136,139,128,130,137,140,140,141,135,137,135,131,128,128,119,127,128,140,136,127,135,135,130,134,135,137,128,117,128,130,121,115,126,128,122,121,127,133,112,134,130,125,124,116,124,126,128,122,121,130,124,131,137,137,128,135,146,134,130,121,124,124,128,122,134,136,148,142,141,141,143,146,140,125,126,115,124,115,124,121,130,142,135,140,137,128,115,125,125,130,121,115,124,111,121,118,125,130,124,125,139,124,131,137,139,136,131,119,118,124,121,121,124,137,135,131,124,115,124,128,128,125,121,116,121,135,121,113,121,134,125,124,127,121,121,113,108,115,112,115,124,119,112,112,113,117,118,115,117,115,110,122,118,116,110,111,124,128,128,115,108,115,115,111,109,104,112,118,108,103,115,121,116
128,131,128,127,115,115,124,125,122,125,118,118,130,131,142,121,125,130,139,128,118,117,124,124,124,112,118,124,125,122,131,139,119,137,135,124,118,121,116,111,124,122,124,124,135,140,121,133,121,128,131,130,121,122,115,124,127,116,121,121,133,131,124,125,126,130,126,124,121,111,121,119,124,128,115,113,130,127,125,117,127,124,124,126,122,122,117,118,128,127,124,121,127,127,126,116,128,126,118,121,128,127,109,113,111,115,124,110,115,128,127,125,130,125,119,125,122,111,113,110,110,113,116,112,111,115,121,124,139,134,127,128,121,121,121,118,126,125,122,128,128,128,134,131,139,131,130,128,137,136,131,131,125,128,127,136,134,134,130,133,131,126,127,127,133,135,127,128,127,124,117,118,131,131,131,128,126,124,135,136,127,126,121,124,121,131,124,126,134,137,131,139,125,115,125,133,130,131,127,128,130,130,124,126,139,131,122,127,134,136,136,121,124,124,124,127,124,122,115,128,134,130,135,133,121,141,133,127,119,126,130,131,121,125,127,124,128,128,124,124,107,124,135,131,137,134,137,136,125,128,125,125,134,137,126,113
134,127,133,130,122,126,128,128,131,133,133,126,118,106,109,125,133,133,121,124,117,128,127,128,131,128,135,137,124,130,118,124,124,111,124,124,137,133,140,139,143,135,130,130,131,128,125,113,116,112,118,128,133,130,137,124,141,126,126,136,131,131,136,118,119,116,125,133,126,124,130,115,143,140,142,140,130,128,131,119,117,117,121,117,133,128,137,135,133,124,134,126,122,130,126,117,119,121,125,124,127,121,133,133,137,131,126,134,124,117,118,117,125,126,125,126,128,128,127,126,122,131,137,133,125,135,133,124,115,124,121,130,125,143,137,130,131,128,128,131,124,130,125,121,116,124,124,128,126,133,127,127,131,135,128,124,121,137,128,127,121,127,113,124,122,124,131,124,128,124,136,147,137,144,135,127,124,128,115,137,128,128,131,128,134,137,134,144,135,131,136,141,122,108,108,128,119,121,122,121,124,124,128,131,130,131,126,145,124,121,117,122,131,119,117,115,124,121,121,127,134,137,139,146,136,131,111,124,116,125,121,128,127,140,133,137,146,142,140,137,121,134,121,134,131,142,144,146,137,127,137,143,142,142,125,128
131,147,141,137,133,134,137,133,140,144,128,128,115,111,128,128,134,128,122,131,124,135,131,141,143,137,140,137,128,134,121,137,136,118,130,141,127,128,135,125,124,137,136,131,139,130,128,133,128,125,128,146,135,125,137,142,134,143,133,135,133,140,131,131,139,128,135,161,142,131,128,134,127,137,115,128,131,133,140,128,139,121,135,145,131,135,143,131,146,143,135,124,136,121,144,133,142,124,134,133,128,134,131,137,142,153,128,135,142,127,139,137,141,127,135,141,141,142,139,127,135,137,137,131,140,128,133,135,142,131,136,143,147,137,133,143,137,137,135,144,137,134,137,135,134,128,133,139,133,131,137,131,136,135,130,131,131,134,128,128,130,118,127,149,140,124,121,137,125,130,127,122,126,133,124,135,134,127,131,155,144,137,137,137,136,135,137,118,127,137,134,121,140,121,121,145,139,135,136,136,131,131,136,127,143,145,127,113,128,122,115,144,149,128,139,131,124,127,128,124,126,131,133,122,121,118,111,137,131,124,127,128,133,131,128,125,119,149,143,121,134,126,119,135,131,109,124,122,128,124,122,119,118,113,130,121
122,124,121,116,124,124,115,115,116,117,125,127,131,128,134,136,124,130,144,131,127,125,118,124,121,119,130,128,126,127,131,127,117,135,139,128,130,131,127,126,124,128,121,124,118,124,131,130,118,124,121,121,118,119,127,116,121,122,113,124,112,116,126,128,122,124,113,121,113,124,110,113,112,113,119,134,133,124,124,124,124,128,122,118,119,118,118,116,115,110,118,119,133,119,122,127,124,128,119,119,124,118,121,124,124,116,125,119,116,118,124,128,128,125,118,127,122,119,110,122,122,125,115,124,116,124,133,131,124,118,115,127,121,124,108,111,113,126,126,122,112,125,121,127,131,116,110,111,124,119,118,117,113,115,124,124,117,124,125,131,133,121,113,117,122,124,127,130,118,121,124,124,121,130,125,139,127,124,115,121,126,124,118,125,121,121,127,133,131,115,115,119,131,121,119,121,131,130,128,116,113,117,119,119,128,121,121,115,124,113,124,118,124,128,131,121,113,121,107,105,109,108,118,117,115,107,118,115,109,107,106,110,111,115,108,106,108,110,119,131,124,121,111,106,117,115,106,112,119,121,118,118,124,121,128,128
126,116,126,134,134,136,137,134,133,137,133,133,126,112,117,128,124,134,122,117,118,117,118,125,121,121,128,122,117,118,113,115,126,115,122,122,117,124,127,124,125,127,126,121,121,124,117,116,124,121,121,127,124,121,121,122,128,131,121,128,124,115,115,115,130,124,118,124,108,116,115,128,128,122,121,121,121,133,117,122,125,128,113,121,128,121,125,121,124,124,124,117,115,126,113,126,126,128,122,140,134,125,131,130,124,134,125,127,124,122,113,130,124,131,118,126,133,140,127,128,125,139,125,127,124,119,119,128,121,135,117,115,124,131,121,119,124,133,124,130,111,135,118,130,122,134,121,128,124,128,124,126,124,124,127,128,118,131,119,136,124,131,116,124,122,128,121,130,118,127,128,140,124,126,119,128,124,137,116,121,126,135,126,137,133,131,125,128,136,131,118,122,126,131,115,131,131,125,121,135,121,125,128,124,131,128,125,121,119,124,121,126,130,126,127,118,122,124,124,117,122,117,117,122,121,137,126,119,112,116,121,118,121,119,121,124,128,126,115,124,121,127,127,115,126,119,125,124,121,119,128,118,115,118,122,121
119,113,128,137,122,124,121,126,130,128,128,122,125,131,121,127,117,128,133,144,128,140,131,131,130,136,128,126,131,134,122,117,116,135,130,148,139,124,131,147,140,140,140,139,134,144,144,131,126,136,140,147,134,126,130,137,131,130,128,118,131,137,144,137,122,137,142,147,130,124,124,128,124,126,117,111,128,128,133,121,124,137,142,134,125,131,124,121,122,126,118,126,127,133,128,122,126,137,141,137,121,128,128,115,109,118,121,112,121,124,130,115,124,125,141,127,115,117,103,107,110,118,111,112,121,109,131,113,137,135,149,143,125,131,115,107,109,112,117,122,126,131,143,113,134,134,147,135,125,133,119,121,122,117,115,130,130,127,147,121,131,139,149,146,128,124,124,122,121,119,118,121,122,125,147,124,128,127,142,130,121,117,121,108,108,119,116,115,131,119,146,131,107,122,131,128,117,109,121,115,105,108,115,112,124,136,155,128,115,124,133,127,122,110,113,115,115,110,119,117,130,139,155,125,127,128,128,136,128,124,121,124,124,127,125,125,134,139,125,103,127,119,139,137,133,124,135,128,126,117,121,119,131,124,111,115
122,126,115,118,118,118,121,121,121,117,110,109,119,121,118,107,103,116,122,109,112,116,117,121,124,124,128,126,124,136,122,116,110,121,126,127,131,127,124,126,124,124,128,124,127,130,115,107,113,112,119,131,133,131,121,135,125,124,118,122,128,134,117,109,113,117,112,128,128,131,118,118,124,118,128,121,124,131,122,126,113,108,118,127,124,128,128,134,124,122,118,117,133,124,115,116,110,109,113,115,126,135,126,130,126,125,128,121,122,126,108,124,113,118,103,115,122,116,124,117,121,118,121,124,121,128,112,118,130,113,113,116,113,128,119,126,125,126,118,121,122,131,119,119,126,115,110,127,128,130,124,126,122,115,111,118,122,128,118,124,128,117,115,122,131,126,131,139,133,124,115,113,117,128,117,121,128,117,106,124,131,121,121,137,135,134,125,116,124,117,109,111,124,115,108,126,128,128,130,126,111,128,113,130,122,119,115,115,108,130,115,119,124,117,118,128,112,115,112,98,94,118,119,112,115,131,121,104,118,113,101,106,103,100,115,116,115,113,130,119,124,131,122,130,127,118,105,115,119,115,133,121,117,122,131,109
128,124,128,126,125,122,121,124,122,121,124,117,121,118,124,126,111,112,124,136,118,126,115,125,126,137,119,121,116,124,104,121,124,110,116,126,119,121,119,121,131,137,131,128,133,134,115,122,133,122,124,115,124,126,130,119,130,131,149,128,133,135,128,115,124,115,124,112,126,128,131,124,128,128,124,130,131,133,122,130,130,116,125,118,125,137,131,122,130,133,124,131,135,137,130,136,128,124,128,124,136,141,149,134,128,133,126,136,143,137,127,140,128,124,126,115,137,144,139,136,137,137,131,128,128,127,126,137,133,124,125,122,127,141,124,122,133,137,124,133,137,131,131,142,136,126,125,125,136,147,133,136,144,142,142,141,131,130,131,139,140,130,125,131,140,131,126,131,137,117,115,117,122,133,128,139,140,128,125,119,127,124,124,125,130,131,131,131,130,131,135,130,139,125,121,127,121,122,131,128,137,131,131,126,137,128,128,128,131,118,124,133,133,130,131,140,137,128,126,116,118,131,127,122,125,125,122,131,128,121,113,116,111,117,125,126,125,122,119,126,131,127,112,131,124,135,128,133,125,141,148,147,146,145,139,145
137,118,119,119,130,128,126,122,117,116,113,116,124,113,119,140,119,107,100,96,104,106,115,115,119,106,122,124,124,115,116,125,109,108,111,108,115,124,127,108,118,128,133,125,136,124,121,115,113,104,112,121,127,133,131,122,124,128,131,131,131,131,125,116,116,113,117,121,122,130,122,131,116,124,134,136,131,131,128,121,124,116,115,137,118,140,136,126,137,137,130,147,126,131,128,127,119,112,125,127,126,133,131,142,134,139,133,136,131,137,115,121,124,121,116,122,137,134,137,137,137,136,131,127,126,124,127,121,112,115,121,109,121,128,126,128,131,124,117,125,124,119,124,121,119,116,118,127,127,126,125,128,126,128,124,131,121,121,119,124,128,119,121,121,126,128,126,124,125,124,124,128,113,121,115,119,130,119,116,122,126,137,135,131,133,136,131,119,131,124,125,105,124,115,121,133,126,126,127,131,125,131,131,134,124,125,126,119,112,118,112,133,137,128,134,125,137,134,131,121,112,128,128,124,121,118,125,131,128,127,124,127,130,118,113,121,110,125,133,147,141,126,122,133,130,119,128,125,131,137,130,124,125,126,137,145
118,124,119,117,116,122,122,119,116,116,119,118,111,116,104,115,103,127,131,128,121,124,125,124,124,127,127,135,135,130,117,101,106,118,128,126,125,136,124,118,130,126,124,130,133,134,116,97,111,122,124,125,126,128,128,121,127,126,119,130,143,131,121,100,116,119,124,125,127,124,121,119,124,127,128,133,141,140,131,105,109,121,126,130,122,127,115,124,122,124,116,126,133,143,128,112,105,124,122,134,124,125,124,117,112,116,125,121,130,135,119,106,103,122,121,131,122,119,121,119,131,124,126,125,137,133,116,107,110,109,116,122,127,122,121,119,118,121,115,111,128,136,122,103,111,115,117,128,122,125,117,119,109,112,118,122,131,134,113,111,112,121,119,125,125,126,134,134,125,127,127,125,141,142,111,112,112,116,116,130,126,125,131,133,127,127,126,110,124,133,116,111,125,116,118,124,126,126,122,125,121,124,124,121,115,122,127,113,124,117,121,119,125,121,125,122,116,115,110,111,121,128,127,115,113,108,126,131,121,121,117,113,117,115,119,108,127,118,116,109,127,113,119,142,116,119,125,121,131,139,125,121,127,128,119,125
137,139,139,142,136,137,137,136,140,139,131,130,131,131,124,134,145,124,131,121,131,133,141,142,135,130,133,134,125,119,124,140,141,121,121,106,122,118,119,116,131,115,115,115,108,104,122,136,137,125,115,93,100,110,108,112,115,108,109,124,110,107,121,130,131,131,121,105,113,118,118,124,124,113,115,113,115,112,115,141,130,126,119,113,121,105,110,113,109,110,117,109,119,116,111,135,130,124,117,107,119,117,115,115,115,119,116,113,110,115,131,135,131,131,125,111,118,111,116,113,112,121,112,113,117,113,128,137,131,131,124,130,124,128,122,119,119,121,118,119,121,121,128,137,137,128,126,110,124,124,122,108,111,121,118,116,117,121,134,139,134,130,131,116,118,119,119,111,115,124,112,119,121,115,137,131,130,141,137,128,127,124,117,117,124,124,117,122,116,112,137,128,137,139,130,136,119,128,118,112,122,121,105,111,113,116,121,141,136,136,134,115,110,115,106,121,117,121,121,124,124,126,122,147,134,141,128,124,124,128,124,124,124,124,128,137,126,135,142,141,126,134,131,122,127,133,135,135,139,130,130,128,126,126,117,121
128,124,140,137,130,135,128,134,131,137,147,145,149,154,125,122,122,147,142,137,137,134,149,142,148,140,146,152,156,147,146,125,121,141,134,145,136,135,128,135,136,124,115,121,118,131,147,141,125,145,131,142,133,115,133,126,127,127,118,128,131,141,140,142,124,139,125,131,128,124,135,126,127,130,119,127,124,122,130,134,124,133,126,131,115,119,121,118,125,118,109,115,121,128,127,121,124,137,121,128,124,126,128,122,121,131,115,124,128,130,142,124,124,133,128,128,124,118,121,121,118,135,128,125,130,144,136,124,115,137,135,140,136,124,126,131,124,127,126,117,128,121,128,113,117,137,134,130,131,121,115,116,111,115,116,124,141,131,142,122,119,139,134,131,124,133,126,128,124,128,131,125,119,128,136,115,115,134,133,133,124,128,122,122,121,124,124,126,124,126,124,115,121,130,130,127,124,119,115,103,109,112,103,125,134,134,131,134,122,136,140,126,109,131,118,110,121,119,121,137,141,128,133,146,126,127,131,125,117,134,135,131,131,131,141,142,142,127,131,127,128,140,113,121,131,143,135,139,126,117,122,121,130,131,124,121
134,136,131,131,127,131,130,135,143,137,140,149,144,146,128,136,118,136,119,149,127,142,139,137,140,135,149,155,146,152,131,119,128,133,137,137,143,144,133,137,134,137,134,136,136,146,127,127,127,125,137,143,141,130,141,136,134,133,128,137,137,140,128,127,130,125,130,144,146,144,140,131,133,128,136,134,131,141,144,136,134,124,141,136,130,130,135,147,126,124,122,125,133,137,145,126,131,122,127,133,131,128,141,141,134,139,137,140,149,136,115,131,135,119,121,126,130,127,131,131,126,140,139,147,146,147,118,124,137,124,121,137,136,137,135,131,145,133,143,134,137,131,126,128,131,125,121,137,127,137,126,135,128,135,131,128,135,131,117,124,133,126,126,126,131,145,147,139,143,147,140,134,137,137,112,133,128,128,124,135,141,137,136,136,141,143,139,136,137,151,124,124,130,139,131,131,131,134,135,137,152,147,137,139,137,137,121,139,135,135,136,130,122,137,139,141,140,142,140,124,126,128,135,144,133,122,119,117,125,127,121,127,121,121,136,140,148,119,112,121,128,136,122,131,124,130,139,142,133,128,131,116,131,134,136,107
130,141,131,130,131,128,127,131,127,134,135,149,140,137,126,119,128,126,128,124,143,128,133,126,131,125,140,139,152,149,125,121,131,139,137,130,143,135,135,127,124,128,127,131,137,128,144,124,124,127,121,117,127,125,130,122,116,117,115,122,121,131,137,115,124,124,121,124,121,122,117,113,118,122,124,122,124,128,128,107,117,124,124,126,130,113,118,121,125,116,115,113,121,122,121,107,116,121,122,126,121,115,125,128,118,113,118,109,121,124,121,110,119,121,128,121,122,119,118,116,124,119,124,127,125,124,122,112,115,128,136,133,139,128,124,128,128,130,131,119,124,137,142,119,116,128,127,135,139,109,121,124,125,122,116,117,134,128,140,118,115,136,139,131,135,118,124,126,122,136,140,133,133,135,143,113,119,137,130,135,134,127,131,136,140,137,130,122,127,137,137,118,127,139,140,133,137,137,121,126,127,136,118,126,131,143,139,134,121,139,141,137,130,124,122,124,128,135,128,126,124,128,133,136,134,153,155,148,140,130,131,131,131,136,141,137,134,137,139,127,122,133,131,142,128,137,126,124,128,128,117,124,115,124,128,121
121,124,131,137,128,127,128,128,137,131,121,111,117,119,140,121,121,115,128,122,125,115,119,118,113,118,115,109,109,107,122,139,121,125,119,112,112,100,109,117,111,118,113,111,106,118,118,134,125,121,108,108,119,108,98,109,108,107,116,104,99,115,115,134,122,118,106,124,124,116,118,107,125,115,107,100,109,112,103,115,115,117,112,124,126,105,103,105,107,113,103,92,105,100,103,124,115,115,104,115,117,95,93,94,116,110,106,109,99,106,125,118,112,115,115,118,121,107,109,105,116,124,121,115,121,117,116,116,116,113,105,124,130,128,128,124,112,116,124,122,112,115,109,111,108,109,105,117,117,106,116,99,92,94,106,116,110,112,112,111,112,109,103,108,108,110,109,113,101,125,117,124,121,127,116,119,107,113,108,118,131,131,131,124,122,117,119,117,124,116,115,121,112,106,106,118,122,115,107,118,111,109,103,101,113,109,109,111,106,96,110,111,103,111,110,109,105,96,95,115,117,122,117,115,128,116,127,113,103,115,119,121,111,121,115,121,115,122,121,109,124,135,137,146,136,125,124,126,126,131,125,122,124,125,118,105
135,131,128,131,130,128,130,124,125,128,131,127,117,126,131,133,131,124,122,115,125,109,118,110,115,117,121,112,131,121,127,130,133,118,124,125,130,130,140,126,124,131,131,139,135,128,112,119,133,124,117,124,121,124,118,133,124,122,135,124,125,133,115,126,139,126,125,131,137,124,124,131,122,124,130,115,130,128,119,128,142,122,133,128,130,125,122,124,128,131,136,124,128,134,121,131,134,126,125,137,131,128,124,127,121,133,134,127,136,125,125,128,137,122,128,128,122,126,130,127,124,139,131,125,131,125,118,128,135,128,128,128,128,133,124,127,116,127,128,131,137,131,121,128,133,133,136,131,133,130,130,134,136,131,137,133,136,124,127,125,131,134,136,130,139,122,127,137,121,128,131,122,126,127,115,127,130,133,131,127,131,128,128,124,122,126,124,125,130,134,121,126,139,141,136,131,131,128,124,133,144,137,131,131,130,139,130,131,127,136,127,133,128,128,130,139,143,137,128,133,133,127,130,141,134,131,126,136,133,136,135,131,128,126,133,136,131,128,128,136,133,128,133,124,115,130,131,135,131,137,137,137,142,139,135,119
145,141,127,126,131,127,128,124,124,124,127,128,128,128,131,146,141,133,131,128,112,124,124,124,116,126,127,127,130,131,143,140,141,131,143,131,128,135,126,121,124,118,128,122,128,134,131,135,137,128,136,133,124,134,125,125,130,141,136,133,136,131,131,135,128,128,137,137,137,134,121,122,121,124,133,133,117,124,126,125,125,128,133,134,105,125,122,126,111,113,110,130,121,131,126,131,122,124,140,131,115,124,124,124,122,128,137,137,137,142,127,121,118,122,128,128,115,127,130,135,128,136,133,137,137,128,121,124,127,127,136,137,121,117,124,126,133,124,124,128,121,109,126,116,119,128,137,128,108,117,109,108,116,115,113,121,126,119,115,115,121,130,137,131,109,112,116,117,144,136,135,130,133,131,112,115,118,125,131,121,115,119,124,116,121,125,128,121,124,118,119,117,121,108,117,115,111,105,104,109,107,119,109,108,103,104,101,126,99,113,116,121,115,106,108,111,107,109,107,115,117,115,108,124,106,128,130,125,109,112,113,115,113,115,117,116,110,126,121,122,139,121,134,115,115,121,110,122,121,130,128,137,139,131,134,145
117,119,122,118,118,115,108,108,110,115,118,110,121,122,126,117,106,115,117,124,113,121,112,118,121,124,126,126,121,131,137,110,106,117,136,124,122,119,121,116,111,113,118,126,118,116,135,118,111,116,126,121,126,116,121,115,124,125,122,121,122,122,130,118,99,108,121,115,115,117,111,116,115,111,116,115,118,124,121,109,103,107,115,115,115,113,115,110,124,125,128,131,122,121,128,116,103,104,117,124,121,118,125,127,116,107,119,110,117,122,125,110,104,104,117,115,115,115,111,115,104,104,107,112,112,115,128,107,111,124,133,122,124,124,128,119,112,115,121,126,136,131,141,118,113,125,126,126,124,124,121,134,128,125,127,135,127,124,134,122,115,126,125,124,126,126,127,118,108,111,115,119,131,126,131,118,103,124,121,115,112,121,115,111,105,109,103,118,125,118,131,121,108,112,111,125,110,109,118,111,109,113,111,124,139,128,125,110,113,117,112,121,113,124,122,127,121,124,134,128,122,119,115,100,125,125,125,118,126,128,117,113,112,107,104,105,110,117,122,112,117,119,115,106,104,101,100,94,83,83,93,99,101,109,118,118
113,121,115,119,115,108,111,118,116,121,119,128,116,115,113,99,118,128,127,137,130,131,128,131,133,133,127,128,119,122,126,116,128,126,119,125,117,113,118,125,115,116,113,111,112,119,127,128,128,135,127,124,126,106,122,118,119,121,128,111,115,116,131,130,131,131,131,124,121,121,118,118,119,118,111,113,118,115,128,127,127,131,131,122,124,113,113,115,121,116,109,118,118,113,130,131,127,126,134,127,116,113,115,115,115,124,119,112,113,115,134,128,124,121,137,127,115,117,116,115,121,131,128,118,112,115,131,127,116,119,133,122,124,118,115,115,117,124,116,109,108,112,130,124,113,115,128,119,116,124,117,116,115,117,111,119,111,107,133,111,115,112,127,121,112,111,103,121,107,117,115,111,115,118,130,110,108,113,127,113,116,127,124,122,128,117,117,113,116,124,126,103,112,122,128,121,115,111,124,124,122,119,118,115,115,122,133,124,107,121,117,118,116,121,117,118,112,110,128,128,128,117,131,124,121,124,126,122,124,125,122,130,126,125,122,130,130,121,121,111,121,124,125,134,122,119,127,121,121,115,124,111,113,112,121,113
143,143,136,133,117,122,122,119,118,124,121,115,125,130,142,139,135,133,128,127,115,117,113,121,115,115,116,122,122,126,126,133,130,125,135,142,124,121,122,122,128,128,124,131,146,137,131,133,131,130,139,137,126,125,121,131,127,124,130,131,146,146,133,134,133,128,143,140,133,119,127,128,126,130,109,115,140,140,137,137,135,125,143,140,122,128,127,118,128,125,118,122,139,147,145,137,144,125,137,139,122,127,124,110,128,131,124,128,140,133,133,141,143,130,131,151,133,131,133,126,131,136,131,130,149,139,125,137,121,126,124,128,115,112,110,119,122,121,113,126,124,128,133,111,121,118,124,137,126,121,117,121,122,126,121,128,131,137,124,117,121,113,117,142,128,121,112,118,124,116,121,116,141,136,125,116,127,116,118,128,117,112,117,127,116,121,121,107,130,143,131,118,131,126,121,140,133,127,131,135,131,121,142,124,130,137,127,137,128,136,133,147,145,126,131,139,137,133,126,127,137,146,139,135,145,139,137,149,137,121,128,124,125,128,135,131,142,141,128,130,137,137,134,144,134,140,133,134,128,126,130,133,137,139,128,127
140,128,137,139,131,130,130,130,131,135,126,126,131,131,131,131,124,131,115,124,115,127,125,135,139,131,133,137,130,124,112,116,137,100,106,116,116,111,105,117,115,116,115,117,111,118,107,128,136,116,106,112,107,99,119,118,103,110,111,95,103,98,112,131,127,109,98,106,108,104,106,121,112,111,110,111,108,112,116,124,124,110,103,137,116,116,124,116,118,112,113,115,113,113,111,124,122,113,103,117,106,116,124,122,105,110,115,107,101,105,117,124,124,115,103,115,111,117,121,112,98,119,116,117,112,107,121,126,122,121,116,128,116,131,121,118,111,109,110,124,116,121,128,117,122,124,117,128,124,131,118,121,116,119,115,119,111,121,127,124,118,128,121,121,122,116,115,121,115,113,115,116,112,113,125,121,117,127,117,119,128,119,119,122,112,112,122,121,122,128,137,135,124,133,122,112,116,97,113,124,130,112,121,101,110,122,137,147,135,136,131,133,127,103,106,117,116,115,121,115,119,133,139,146,153,130,136,146,128,121,115,124,116,124,128,146,133,128,131,139,144,142,131,151,121,137,141,140,143,143,148,147,142,141,131,144
124,126,122,124,121,121,121,116,116,118,124,118,116,105,112,115,122,116,131,126,110,121,113,118,121,118,134,124,128,128,125,128,121,115,128,128,133,131,130,121,137,128,135,122,127,124,119,118,121,124,122,125,121,128,121,131,133,131,130,125,131,124,127,124,125,121,122,124,131,130,133,141,137,140,142,153,136,127,135,128,121,121,124,124,128,130,140,140,128,125,125,131,135,128,137,133,124,122,124,124,124,124,137,131,122,126,127,131,126,131,110,128,121,125,119,125,127,131,133,128,126,119,124,130,121,127,122,122,133,125,117,134,134,126,127,133,145,134,141,140,134,125,121,124,121,122,124,122,128,131,122,136,131,128,133,131,128,130,115,124,124,119,118,124,128,130,127,131,131,119,133,131,131,127,116,124,128,124,119,128,131,130,131,136,124,136,131,124,127,126,113,137,121,118,108,136,136,135,139,131,137,134,135,128,128,131,111,116,124,131,110,122,130,125,130,131,131,134,121,103,108,131,126,109,121,131,119,133,121,109,108,115,112,110,131,126,133,131,122,115,116,119,130,137,128,126,124,131,121,115,121,122,122,117,121,116
136,135,133,135,134,136,140,137,137,134,126,117,122,130,128,128,134,137,137,133,126,137,135,134,131,130,125,122,124,124,135,124,137,135,145,131,140,135,134,128,128,125,121,124,118,131,124,131,134,127,137,124,126,134,133,128,131,131,128,136,121,131,124,128,140,136,144,137,136,140,134,127,134,136,126,137,134,128,124,142,137,127,145,136,125,121,130,124,130,126,130,147,135,128,134,144,143,136,148,137,131,128,131,144,130,130,131,126,127,146,131,135,141,137,136,141,127,127,130,134,133,135,130,128,137,131,128,137,137,139,137,148,137,133,137,130,121,126,126,133,135,125,133,139,134,143,135,135,134,130,130,141,137,137,130,130,126,121,130,135,135,137,127,140,136,130,130,137,128,128,122,121,130,136,125,130,134,142,133,128,128,134,133,135,133,142,116,126,113,130,122,143,139,136,128,135,137,135,137,128,149,151,133,141,127,135,130,141,128,131,128,127,122,128,126,137,146,137,135,137,130,137,125,131,139,137,139,131,128,124,130,135,143,140,141,141,134,121,130,148,146,130,126,124,122,126,133,133,139,140,134,143,131,127,135,154
134,140,127,122,127,130,131,124,119,117,121,125,125,128,134,127,128,127,117,116,116,124,122,124,121,113,121,121,122,124,116,131,137,128,130,122,122,128,130,115,126,124,117,122,121,107,119,118,121,125,126,117,121,121,125,113,121,118,110,124,124,119,118,115,118,122,128,126,141,139,119,119,128,130,125,133,122,118,127,116,111,116,124,126,122,119,130,124,124,111,112,124,116,111,119,116,113,115,126,111,101,105,119,124,124,109,128,121,131,134,113,115,109,117,122,136,134,124,140,135,135,124,128,133,141,137,111,110,107,125,134,142,147,125,139,137,125,118,124,119,122,115,118,110,109,125,128,127,128,115,117,126,115,112,110,108,126,126,124,98,112,127,122,119,112,113,117,131,127,124,136,137,146,139,128,96,113,131,125,145,133,137,137,128,127,125,115,126,116,115,124,124,121,137,126,131,118,113,113,112,110,101,103,110,115,125,133,131,112,131,128,121,106,113,106,111,110,113,112,140,152,144,130,134,115,142,131,130,127,126,133,137,126,134,140,133,131,131,137,126,117,126,128,124,136,128,119,121,121,121,131,130,121,121,124,117
128,142,124,124,125,122,121,115,124,125,124,121,125,127,140,122,128,126,140,139,126,135,115,121,119,126,124,124,124,131,133,133,125,136,137,124,124,127,122,124,136,133,127,133,131,124,128,125,127,113,122,127,125,136,124,124,128,134,126,128,130,128,139,127,118,111,118,126,118,128,126,121,127,118,125,126,131,124,137,113,125,108,127,124,113,122,119,116,122,122,124,128,128,135,141,117,127,115,131,131,121,131,130,130,125,121,128,122,143,139,133,122,128,126,126,126,121,124,124,126,127,117,126,118,126,127,130,116,131,130,124,134,124,108,119,115,112,117,107,115,126,121,134,115,131,126,126,126,128,124,131,131,124,124,117,117,124,131,131,115,127,128,124,124,125,121,125,136,121,117,113,112,119,125,128,122,124,137,122,133,131,119,121,121,117,137,113,115,108,130,130,133,128,133,124,131,122,118,113,125,128,136,104,121,108,121,118,140,141,147,141,116,112,113,109,121,117,116,106,111,128,125,127,136,137,149,136,121,115,106,118,121,106,117,133,131,137,121,128,147,134,152,134,131,131,133,126,134,124,128,128,130,134,143,154,144
121,134,131,124,121,121,118,122,131,127,124,119,126,121,115,128,124,111,124,127,122,116,135,130,134,131,126,127,119,131,110,99,124,117,122,121,121,125,124,117,128,125,128,117,116,118,109,110,117,117,113,111,116,117,118,109,115,116,117,124,117,111,109,110,117,117,115,113,112,122,122,121,125,121,124,115,118,119,111,119,115,117,122,115,128,118,113,121,115,110,122,118,122,117,110,116,111,117,117,106,122,116,111,121,124,125,121,124,116,133,115,109,105,117,112,115,115,112,110,127,128,119,116,119,118,126,116,105,118,124,117,124,116,121,125,127,124,117,128,126,116,124,121,113,121,118,113,112,121,124,121,124,111,118,124,121,131,130,119,116,117,119,117,105,119,124,127,118,126,130,130,125,118,127,118,131,115,122,117,116,119,119,113,124,131,121,118,124,122,111,126,118,113,125,126,113,124,122,117,111,108,109,110,121,119,128,122,118,117,126,128,121,112,124,118,117,117,122,122,124,121,126,127,111,130,116,124,135,128,131,124,119,125,121,110,119,116,118,116,121,126,109,119,124,112,124,121,126,115,117,126,116,117,119,133,119
108,106,115,116,122,118,117,121,116,117,115,106,101,100,108,133,110,119,116,111,121,121,124,128,128,130,121,130,121,122,97,103,103,99,105,118,118,115,122,133,113,116,134,139,131,115,110,103,108,113,107,116,119,124,133,133,128,127,131,124,122,126,116,107,115,115,105,122,121,113,122,111,121,113,118,115,134,125,116,115,122,112,103,112,119,121,124,126,115,118,111,127,135,124,124,117,118,122,115,122,126,121,126,121,136,131,127,130,134,128,113,115,121,134,109,127,137,141,119,124,128,133,139,140,135,131,103,122,121,126,115,124,119,122,113,125,118,128,122,124,125,122,119,116,127,121,111,121,117,122,121,111,115,115,122,116,134,126,121,124,110,124,115,124,131,128,133,115,125,131,133,127,127,126,104,112,103,127,112,119,124,121,121,113,118,115,131,128,122,124,112,108,107,115,112,124,125,134,127,112,108,115,122,116,121,115,117,115,93,106,115,126,122,124,124,121,121,117,121,128,133,137,134,124,105,121,136,115,115,124,124,128,131,117,106,105,115,139,137,127,134,125,131,149,131,118,111,115,122,119,115,124,122,131,131,130
116,115,111,119,118,122,124,125,121,121,121,124,133,122,125,113,128,128,111,98,119,115,116,115,110,115,124,121,117,115,124,133,118,117,106,112,112,117,121,124,130,122,128,131,113,119,121,115,119,117,107,112,126,118,124,136,117,113,136,116,113,107,130,117,136,125,121,115,117,110,128,131,128,125,122,119,126,121,128,126,136,134,124,122,124,125,113,119,118,134,139,130,119,122,125,122,133,137,128,134,126,131,113,130,124,124,117,122,116,113,137,136,135,135,127,133,127,130,126,137,125,139,139,124,119,117,136,135,125,125,121,121,113,112,112,119,113,118,111,113,130,124,134,126,126,124,118,121,130,115,124,131,130,111,124,117,118,113,141,124,127,126,121,112,127,106,109,121,110,118,112,110,110,115,131,119,121,125,115,111,116,112,111,115,110,122,117,105,109,117,128,130,118,119,116,108,126,126,113,117,117,130,111,106,116,99,121,124,118,131,128,111,124,118,118,128,124,108,115,121,125,124,119,128,139,141,121,111,108,119,118,128,125,128,142,131,133,144,152,143,131,134,125,117,130,127,126,128,122,122,126,135,128,127,137,149
128,136,127,122,113,121,124,124,124,122,127,135,136,137,140,135,128,115,128,130,137,131,131,122,128,127,125,128,128,124,135,133,133,137,126,124,124,118,124,131,137,131,130,128,128,136,134,141,131,140,133,131,130,124,121,131,125,124,124,124,130,130,133,139,128,135,133,128,125,125,124,119,131,130,115,116,126,125,134,139,127,136,137,137,122,121,121,118,125,128,121,117,125,124,131,125,134,134,125,134,122,125,115,115,121,118,115,121,121,125,139,134,128,128,128,126,127,119,117,119,116,110,118,115,118,122,133,126,128,131,133,126,128,131,130,124,118,121,117,124,121,126,137,131,131,131,135,145,136,134,127,122,121,115,116,126,128,124,131,128,130,127,139,136,126,121,124,125,115,119,122,126,130,128,133,131,128,124,136,127,125,121,121,133,128,137,128,127,126,130,131,133,126,126,137,119,124,128,128,135,131,128,126,127,128,124,124,143,126,135,131,116,125,127,125,133,126,124,128,140,154,126,130,148,133,135,128,108,124,131,133,131,130,137,128,131,137,131,143,137,115,134,126,96,126,126,122,116,121,124,121,119,130,135,130,117
137,130,125,124,134,131,128,126,128,127,128,128,117,118,128,139,124,124,121,121,119,127,128,133,140,137,136,141,127,131,137,128,128,133,136,121,137,143,135,124,131,131,137,139,142,137,139,117,126,127,139,131,139,133,126,131,130,126,137,135,137,144,133,116,128,128,152,122,134,142,130,121,128,128,133,143,149,149,140,131,128,131,145,140,139,137,139,126,133,133,128,124,133,142,128,131,133,137,146,137,131,130,128,126,135,137,131,133,144,148,133,117,134,130,146,131,134,131,131,124,126,130,139,136,142,144,135,130,134,121,134,127,134,134,140,130,133,131,135,136,137,128,137,140,127,118,131,136,131,128,135,121,125,121,121,126,141,137,136,136,130,118,124,142,130,133,137,128,133,134,134,127,144,146,137,142,128,121,131,137,140,141,136,134,140,139,133,128,137,147,143,140,137,121,128,141,142,137,133,137,142,137,134,136,128,134,125,127,127,122,139,137,130,140,130,135,131,133,144,142,139,133,126,115,121,133,131,137,137,137,134,131,142,140,130,128,124,127,134,131,137,121,137,131,134,124,122,121,124,121,121,124,122,115,118,130
125,124,122,122,119,121,119,121,118,119,119,127,116,119,125,128,134,121,119,133,128,125,124,121,119,124,121,117,124,121,119,127,128,131,118,126,128,125,127,135,136,136,137,126,119,118,133,139,128,128,117,127,128,130,136,133,133,137,133,122,124,122,130,135,133,136,128,128,128,125,136,136,141,142,144,128,130,136,134,135,131,135,133,134,140,121,135,143,144,145,140,133,126,133,139,136,133,130,128,137,130,126,140,133,134,116,130,126,119,119,141,137,128,130,137,136,130,130,118,130,128,130,133,137,119,121,145,137,125,128,136,131,121,130,124,119,128,118,130,135,127,125,128,131,131,128,140,137,131,128,125,127,136,134,131,124,118,119,139,128,126,131,140,121,118,128,134,125,124,128,126,117,115,115,146,119,130,128,140,124,133,125,125,127,124,137,139,131,121,122,145,112,122,128,141,122,125,122,133,131,131,128,131,119,115,113,142,124,115,125,127,121,121,119,131,124,126,122,130,128,133,119,143,143,115,137,137,121,131,133,124,131,125,135,128,140,146,130,136,136,115,124,137,136,133,127,125,124,139,126,133,131,131,134,127,119
117,115,115,117,121,116,121,121,115,117,115,128,110,115,122,115,116,122,122,124,131,122,130,128,131,128,121,124,122,121,97,105,117,122,115,131,121,124,128,125,128,133,136,135,128,124,126,107,121,128,133,135,134,134,128,133,128,137,139,131,124,122,128,104,124,125,131,139,142,125,124,131,125,121,127,127,124,122,128,115,119,124,133,131,126,131,134,135,125,133,128,130,124,121,131,125,115,124,128,130,128,133,136,135,124,128,131,128,133,133,131,116,119,124,131,131,117,125,125,124,118,118,126,121,128,124,128,121,117,124,127,116,122,127,121,128,130,124,121,131,126,117,127,121,110,118,130,130,127,130,137,128,128,122,127,119,128,124,130,118,111,124,131,124,122,121,128,131,115,124,121,121,131,119,135,118,109,127,136,125,116,117,119,121,118,128,124,128,135,113,139,116,115,128,130,121,119,116,126,110,110,126,124,127,131,130,128,119,126,134,133,126,124,125,127,124,121,119,121,130,131,117,121,121,109,134,137,125,121,126,126,127,124,124,127,119,131,133,135,122,117,115,137,121,121,121,113,118,119,109,117,111,115,116,133,112
117,117,126,126,135,135,134,133,128,134,136,134,128,127,124,133,106,137,134,131,124,131,137,144,145,140,141,144,133,139,116,113,109,124,115,141,131,145,144,137,141,125,126,128,125,131,117,113,110,128,122,121,111,127,145,139,139,140,124,146,144,128,124,116,117,134,130,143,141,151,149,147,149,145,134,149,128,121,124,115,121,135,118,125,126,130,154,147,139,127,116,128,131,126,126,118,122,127,121,108,121,131,131,139,149,167,137,161,142,128,113,124,119,126,125,122,161,160,164,145,147,172,166,168,169,151,109,124,124,126,130,149,165,159,173,161,160,151,163,151,151,127,119,111,128,122,127,124,130,141,140,133,116,137,133,131,152,134,122,115,131,119,125,133,128,158,142,131,152,173,171,169,152,135,116,115,135,111,124,144,140,164,172,143,149,135,143,147,134,139,110,131,125,95,110,145,135,136,140,128,148,119,139,140,152,137,109,128,122,92,93,141,137,147,145,131,143,139,142,131,125,103,98,127,126,105,100,143,137,135,136,135,141,141,136,140,125,88,98,109,142,144,96,111,105,141,157,157,148,143,137,126,145,137,131,128
127,130,133,136,136,140,137,136,133,131,128,126,140,128,126,115,130,133,128,130,128,136,136,137,130,130,135,144,136,124,130,124,128,124,149,145,146,142,141,119,137,124,124,125,119,113,128,124,124,125,141,128,125,130,126,124,128,124,121,139,134,122,130,128,126,130,146,145,128,140,124,119,125,125,122,121,125,115,119,128,127,128,130,142,134,127,131,128,125,115,115,105,124,118,119,126,127,135,139,121,125,119,124,126,128,125,121,122,119,117,137,121,124,126,141,135,133,140,140,130,133,128,125,128,125,128,135,124,121,124,133,142,139,121,145,135,128,115,130,124,117,117,128,125,121,121,133,124,117,112,122,110,108,116,121,117,128,115,131,119,121,119,124,128,124,131,135,116,127,135,128,131,128,121,136,124,119,115,127,145,131,142,146,130,124,115,124,130,119,122,130,130,137,128,134,146,135,137,131,128,128,121,137,141,137,137,137,125,137,128,137,143,125,141,131,131,135,137,136,128,124,137,140,125,130,121,128,135,131,128,128,131,128,130,131,128,115,127,118,124,127,125,113,119,124,143,137,148,130,130,136,139,131,124,118,126
137,133,124,124,124,122,124,122,130,133,128,117,130,130,134,135,135,127,135,128,128,116,110,115,110,116,110,104,124,121,119,137,124,125,126,133,133,128,130,128,131,128,131,128,121,125,126,136,126,124,130,139,135,126,128,140,130,130,128,133,125,116,137,142,124,124,128,131,128,139,128,139,137,137,141,146,122,124,133,136,131,126,137,135,131,127,141,139,136,128,126,144,124,117,127,136,135,131,133,124,126,131,133,137,130,130,135,125,126,131,131,141,135,134,133,130,134,136,135,143,135,137,128,121,117,119,135,141,135,139,137,139,145,139,141,152,145,148,142,143,135,136,141,149,142,145,143,143,136,142,139,144,136,135,136,136,141,140,149,153,137,142,141,135,136,137,131,144,137,139,140,139,140,137,151,144,133,142,143,133,146,142,141,145,142,134,139,143,134,135,151,137,140,149,141,125,141,136,127,126,125,124,135,144,139,141,147,124,137,149,147,117,124,135,133,128,128,137,131,134,137,141,140,126,124,131,141,128,131,130,133,128,130,131,133,131,136,135,126,124,131,118,128,124,122,124,131,131,128,136,137,135,130,128,139,145
128,127,139,141,126,131,141,141,140,140,146,142,140,139,130,125,118,127,131,136,130,122,121,128,128,127,128,128,133,131,124,115,124,128,125,131,121,115,116,112,122,130,121,121,127,124,121,126,127,136,128,125,117,118,124,118,128,127,127,118,127,125,128,128,128,143,131,128,124,116,124,122,139,137,131,135,128,134,137,133,128,142,142,149,131,125,125,131,133,131,137,128,136,135,128,131,134,137,137,139,128,128,134,131,128,134,126,136,131,119,128,131,137,135,133,136,126,124,134,116,118,122,126,128,128,124,137,133,130,124,128,124,122,131,137,128,127,121,131,133,131,135,124,141,131,130,135,128,121,134,115,127,126,128,134,131,121,128,119,141,134,131,134,134,121,136,130,121,127,124,124,125,130,128,118,141,128,125,134,135,135,131,137,137,133,139,137,139,143,128,128,139,131,131,135,147,136,135,140,131,136,140,153,144,149,149,134,122,155,131,140,147,144,139,143,136,148,147,157,131,121,131,112,108,144,125,126,137,144,145,141,135,139,131,122,111,110,126,124,117,116,116,107,128,118,116,124,121,117,117,113,108,121,121,111,121
134,137,141,139,133,130,130,135,133,128,136,149,137,136,137,144,137,140,133,136,127,130,127,135,136,135,136,134,146,147,145,141,130,130,140,156,144,137,135,156,133,130,142,137,137,149,136,130,124,122,143,151,149,149,148,154,153,152,148,147,146,155,127,125,124,124,136,137,146,141,148,143,130,131,130,144,135,140,130,130,121,117,133,133,134,130,131,139,121,134,119,135,131,139,135,126,126,124,128,153,137,142,121,128,131,135,130,148,149,145,128,127,126,122,127,162,160,157,153,154,143,137,130,136,145,137,122,128,121,113,126,158,144,146,134,141,137,139,137,131,151,145,119,125,124,116,121,140,135,128,124,128,128,133,135,135,142,149,115,126,125,112,124,134,135,140,128,131,139,143,137,143,144,137,118,124,128,124,125,140,136,134,137,127,131,122,131,136,130,127,121,121,122,121,119,125,133,143,141,115,124,121,131,143,137,137,116,128,131,130,126,130,137,141,140,140,143,144,128,130,124,140,133,127,121,133,137,137,136,137,130,131,128,126,128,131,137,140,143,108,124,131,148,151,140,126,137,130,127,126,126,107,124,136,128,124
124,133,124,118,124,121,122,124,125,127,121,115,117,119,136,115,142,121,122,133,121,131,124,136,128,128,133,130,135,137,124,131,127,126,128,135,131,139,135,141,126,130,137,147,142,135,121,122,131,124,126,131,128,134,135,134,130,127,125,131,130,136,127,125,137,119,126,145,119,121,115,121,113,116,121,131,126,131,143,117,143,124,128,134,119,122,124,126,122,127,130,131,136,128,144,121,137,124,135,145,128,124,131,131,122,119,125,127,143,137,122,124,135,131,128,143,135,128,124,122,122,118,126,128,131,136,128,121,135,124,131,140,130,134,128,137,131,135,130,127,134,143,130,125,131,124,131,140,139,128,134,146,136,135,131,127,128,141,128,119,133,119,121,149,135,135,133,131,128,116,134,128,134,128,122,122,128,121,118,145,131,124,128,133,126,126,121,128,130,131,126,128,113,108,106,137,124,124,128,112,107,115,127,128,134,128,121,131,124,118,106,135,128,126,128,128,121,126,115,116,121,105,116,125,125,137,119,119,117,117,127,128,116,128,135,133,130,119,135,131,124,121,126,119,124,124,131,134,128,128,127,121,116,121,134,127
124,124,131,131,124,124,124,124,121,118,117,115,118,121,122,124,124,103,115,128,131,130,136,122,125,128,127,126,134,124,115,126,121,124,125,128,130,128,133,118,119,124,115,115,121,116,130,126,119,128,124,115,121,128,125,115,111,108,118,117,118,131,125,124,121,127,115,115,124,121,121,127,115,115,130,117,106,115,107,127,117,125,115,115,126,108,115,124,113,112,121,127,110,104,109,124,128,127,119,112,124,106,121,131,122,112,136,127,115,127,128,117,125,125,124,116,128,117,125,137,131,113,122,124,124,125,117,126,122,121,121,113,119,125,124,127,115,115,125,109,116,116,121,122,126,121,113,107,121,108,121,124,105,108,121,125,121,122,124,124,125,121,117,107,124,133,139,128,127,121,127,121,128,126,121,124,122,121,118,121,122,117,117,112,115,119,117,121,115,111,121,131,122,125,117,116,121,121,113,111,107,107,104,113,121,119,124,142,131,128,121,121,116,127,121,115,115,122,121,139,148,131,124,137,143,131,128,124,127,133,139,139,134,140,135,134,135,124,128,125,134,131,124,112,135,130,131,124,131,125,118,110,111,119,122,122
121,133,126,127,124,127,131,135,135,131,128,134,130,128,140,113,137,131,134,139,122,137,124,127,126,126,128,119,124,118,134,136,128,141,137,142,142,137,133,144,131,146,149,140,151,140,115,122,131,127,139,144,157,159,143,155,151,149,157,146,147,146,118,118,128,131,141,149,147,131,159,152,145,149,133,126,151,147,131,125,124,130,133,153,145,146,144,136,146,149,137,115,136,153,134,117,125,134,131,161,148,147,128,111,143,144,117,143,141,115,124,130,128,127,122,160,156,149,147,136,135,143,136,137,139,130,113,131,131,133,128,146,140,146,142,139,141,156,144,144,139,144,131,137,130,135,135,147,139,144,137,139,151,143,146,142,141,136,124,134,128,131,124,149,136,141,127,126,131,139,128,144,140,139,125,137,128,131,136,145,148,145,148,144,152,143,149,146,148,133,131,134,133,136,131,141,137,152,152,137,130,143,146,135,135,135,126,134,142,139,136,133,135,135,135,133,137,139,131,128,128,126,121,137,122,146,142,121,128,124,122,124,115,124,131,128,128,126,128,115,117,131,151,122,145,133,131,130,136,131,133,128,131,139,109,110
122,113,117,115,128,131,128,126,124,125,128,130,118,112,118,121,112,135,133,128,135,136,137,137,136,136,142,148,128,125,104,111,131,124,119,128,134,131,137,137,137,134,143,136,128,141,118,126,131,135,131,131,149,145,140,140,140,130,141,139,130,130,127,131,131,127,122,131,128,130,133,131,128,128,135,128,131,128,130,131,131,125,133,139,143,142,134,134,136,137,137,131,128,131,126,135,128,124,130,137,140,140,137,128,137,135,124,137,127,116,122,130,130,121,124,124,128,130,126,124,128,131,131,134,128,122,124,127,135,131,130,131,124,135,128,124,133,133,131,133,137,128,128,131,128,127,130,134,135,135,135,121,131,131,128,127,118,127,121,124,128,131,128,115,122,134,126,115,126,128,122,121,115,134,113,121,130,128,131,125,121,121,121,128,128,121,133,122,117,136,119,137,122,121,126,126,133,134,127,145,142,139,139,124,116,118,113,146,130,124,126,115,127,121,119,128,124,118,117,115,113,121,121,141,145,139,121,115,115,124,117,119,121,125,124,122,121,121,121,134,125,139,124,113,122,119,121,128,124,133,125,142,137,142,131,121
144,127,145,143,137,142,137,136,130,134,134,130,128,121,103,131,128,139,116,111,121,115,125,124,121,117,128,124,124,112,100,109,136,105,103,119,117,116,128,118,107,106,128,116,115,121,115,121,126,124,121,113,128,115,122,113,117,121,121,109,101,113,117,119,133,130,119,115,111,124,115,125,107,116,130,126,119,121,124,121,126,136,121,127,131,130,127,130,122,121,133,136,121,110,115,124,134,136,126,115,126,130,139,142,121,121,126,119,122,125,121,124,140,131,134,99,122,131,121,124,122,137,113,113,112,121,122,122,116,135,130,121,119,133,131,128,128,130,122,119,121,115,121,113,121,137,128,115,124,128,137,124,127,126,124,130,110,106,121,118,131,141,133,115,122,130,134,121,128,133,117,115,100,107,124,115,128,137,125,127,118,127,128,126,131,111,119,122,122,128,109,113,131,122,128,135,126,134,124,115,116,103,118,118,109,106,112,109,115,109,109,118,115,128,121,117,107,109,122,121,117,100,90,131,111,98,111,125,125,131,122,115,119,126,124,135,130,115,107,131,121,122,91,126,115,125,133,130,136,141,130,137,126,130,131,119
121,125,122,126,130,127,126,133,127,131,134,140,131,124,100,121,112,131,121,136,137,136,139,131,128,130,133,136,128,135,137,108,119,122,141,130,134,135,131,133,131,126,124,128,128,124,134,112,115,137,134,124,124,128,133,118,126,119,116,130,134,127,126,104,115,127,124,116,122,131,128,127,134,124,137,137,122,125,121,107,115,130,116,109,127,117,124,130,121,115,125,130,126,116,124,110,108,133,122,109,108,108,119,124,119,117,127,122,124,118,109,109,107,126,115,110,126,121,119,128,124,112,125,131,117,124,117,113,119,142,128,127,122,127,127,133,134,125,140,130,133,125,126,119,121,134,121,118,126,126,126,133,126,124,127,124,117,124,124,119,121,136,121,115,126,131,130,113,124,122,131,131,130,131,122,110,121,133,121,130,122,122,124,121,125,126,128,131,131,125,131,131,118,130,118,139,119,124,127,118,116,121,119,121,127,121,126,131,121,119,119,131,125,126,126,103,108,121,117,115,104,117,113,124,140,121,127,131,124,128,124,113,115,113,109,112,108,112,101,128,134,117,103,115,103,122,117,125,117,115,126,119,119,116,124,126
124,97,115,115,126,124,128,130,125,128,127,135,118,106,93,131,103,121,121,112,121,107,118,122,124,121,130,122,124,115,100,111,118,107,115,124,113,121,136,124,127,128,112,122,124,118,125,117,118,121,125,116,115,131,131,116,121,119,115,127,127,118,135,124,117,117,124,115,121,121,128,121,131,131,125,128,121,118,128,122,111,117,124,117,111,128,121,122,128,124,125,128,126,124,131,128,116,122,128,128,111,117,121,124,119,115,134,125,133,136,125,115,118,121,127,124,116,109,117,128,134,116,117,121,126,126,128,128,118,118,124,122,124,118,116,124,122,130,126,119,135,116,127,125,121,118,122,121,128,118,121,128,128,133,127,131,140,121,128,125,124,124,128,122,126,137,128,125,128,121,128,116,130,121,134,131,125,124,125,115,122,119,115,119,111,126,116,121,117,117,128,122,130,122,124,109,121,116,119,117,119,124,118,130,117,116,115,137,122,122,126,121,109,122,121,112,118,127,128,137,133,121,118,141,126,110,121,111,109,117,128,125,127,139,137,134,134,107,101,143,128,128,136,121,124,131,134,134,136,133,135,122,122,115,122,136
131,121,126,126,122,117,121,122,121,118,115,124,115,124,130,128,111,112,131,144,127,117,119,121,117,126,125,121,122,122,125,109,121,131,131,137,125,124,121,121,118,124,125,122,121,108,137,131,122,134,134,134,117,115,121,124,119,135,124,121,130,121,137,131,128,137,130,116,127,127,122,135,124,124,124,126,109,119,119,131,128,133,131,122,117,124,122,122,128,137,121,136,127,125,121,126,131,133,134,119,116,135,135,131,121,122,127,125,134,148,131,137,126,134,133,121,124,126,124,126,121,113,121,122,131,128,137,131,131,131,140,124,146,130,131,134,121,122,130,131,146,134,131,137,135,130,137,141,144,135,128,147,134,136,135,128,149,142,136,137,144,131,143,141,136,136,125,137,126,125,128,130,135,131,131,137,145,137,140,130,124,122,124,124,121,127,133,131,128,141,131,115,137,137,131,137,139,131,128,131,128,131,128,133,133,140,124,128,128,121,125,149,141,139,140,139,134,131,127,125,119,122,117,127,121,119,121,140,128,131,130,117,124,124,131,130,131,119,115,116,128,124,110,118,118,126,128,131,137,133,131,117,112,121,121,121
139,121,125,130,121,130,128,122,128,128,126,136,128,117,135,141,131,135,127,119,131,119,124,122,127,122,121,124,121,128,111,125,136,142,110,124,118,113,127,127,139,131,135,128,126,127,124,136,135,137,125,126,141,137,125,127,133,125,135,133,130,121,119,127,131,137,118,122,118,127,128,128,140,137,126,128,134,134,121,133,126,135,121,115,134,133,121,121,124,125,125,122,128,127,116,127,122,128,124,128,130,128,116,119,131,135,127,127,121,125,124,127,119,127,121,137,126,125,130,134,139,136,136,133,131,125,126,131,128,133,133,133,131,122,131,134,137,146,131,130,124,140,133,141,128,131,137,130,127,125,127,126,131,124,124,115,133,125,130,137,128,136,136,125,128,122,124,128,128,134,135,126,126,136,131,142,128,136,137,131,137,135,131,135,136,144,134,126,124,130,126,127,141,141,139,134,128,126,122,135,131,143,127,126,133,119,126,110,136,131,131,128,128,125,127,121,121,117,119,118,113,119,117,128,113,113,115,127,118,122,122,121,124,116,122,117,117,119,115,133,131,119,112,122,119,113,109,122,121,127,126,136,137,128,124,128
116,124,125,128,128,126,127,128,130,125,128,131,140,143,140,115,128,142,130,119,126,121,122,128,133,131,131,131,134,131,142,126,124,118,122,137,135,131,126,131,141,134,133,135,131,137,121,117,124,124,119,125,131,125,121,128,126,122,126,131,131,124,121,121,131,124,125,124,126,127,135,130,131,127,115,113,130,115,121,128,131,128,126,125,124,125,122,117,131,137,117,121,131,121,117,124,127,125,119,118,118,121,116,124,121,135,116,121,125,113,126,131,124,118,121,121,124,119,119,122,122,142,135,124,135,121,119,118,137,125,124,128,136,131,121,125,118,136,124,125,127,117,128,128,128,127,128,130,122,124,118,125,121,116,126,131,131,115,122,125,136,128,121,124,125,115,110,122,118,121,124,125,131,126,124,133,136,121,126,124,124,130,134,130,126,124,116,112,121,119,125,131,131,128,134,135,131,118,117,117,136,131,127,118,128,122,124,128,136,130,137,133,116,128,127,137,131,127,137,131,124,135,122,121,142,119,119,136,133,125,121,124,124,126,125,125,124,137,127,115,106,121,113,131,111,118,125,124,124,125,125,121,119,121,109,109
124,128,121,119,118,115,115,118,113,117,117,122,128,131,118,116,124,131,125,127,137,119,124,119,131,133,131,130,139,131,134,127,115,137,137,124,133,137,128,119,122,122,124,116,128,109,137,121,113,128,130,111,115,125,124,125,119,117,122,125,130,125,139,118,112,121,126,130,128,131,128,124,116,117,136,146,131,122,130,126,112,115,128,139,124,121,117,117,116,111,126,141,130,128,126,134,115,115,124,121,124,115,116,142,112,113,141,124,131,151,133,124,115,121,126,133,128,124,127,137,128,122,122,127,133,143,130,127,119,117,121,131,131,124,119,121,121,115,124,127,127,128,125,130,124,121,125,122,124,125,122,143,127,124,130,115,137,128,128,124,117,118,128,124,131,127,121,137,124,118,128,128,124,115,126,131,122,124,133,131,124,128,125,113,115,109,121,127,112,113,128,121,137,143,146,135,135,125,121,112,121,121,128,144,140,149,146,128,134,149,149,142,134,148,137,134,130,137,127,126,131,154,155,131,124,137,153,146,136,134,128,127,128,128,131,124,140,155,142,125,148,131,146,142,143,126,119,124,128,133,135,131,124,127,142,137
112,117,124,119,125,128,128,135,131,136,134,135,127,125,115,116,112,128,116,128,124,133,133,131,128,121,130,128,126,125,121,115,109,116,116,119,124,128,124,121,119,116,121,122,109,111,115,121,109,105,115,113,113,111,119,115,118,119,113,113,100,101,115,121,118,116,116,121,122,128,118,119,118,130,122,136,117,113,113,119,115,115,124,118,109,122,126,125,124,128,117,131,119,112,110,112,125,113,119,126,115,128,136,122,128,133,128,135,131,119,121,121,126,115,122,119,117,124,121,116,116,121,124,128,121,124,126,126,121,111,124,124,128,130,128,133,130,126,136,128,124,119,115,121,131,119,121,122,116,125,118,121,128,136,127,135,119,122,116,131,135,124,125,124,121,135,127,128,131,139,128,131,117,111,119,136,137,126,119,135,124,128,134,118,124,126,135,137,125,125,110,119,125,118,122,126,124,128,133,128,133,124,131,131,127,131,118,103,136,119,121,128,128,128,131,140,136,135,141,128,110,117,134,103,117,100,117,131,139,134,121,121,130,118,112,109,109,119,122,107,111,112,113,147,113,109,121,112,109,118,118,97,98,110,113,118
126,115,107,107,104,103,105,104,113,107,112,112,121,128,135,136,115,111,103,93,97,93,92,90,90,97,99,92,108,106,105,122,106,97,96,93,97,95,90,84,83,87,86,87,95,96,108,128,107,98,94,89,81,87,83,84,90,98,98,95,105,101,108,130,105,88,91,87,90,96,81,91,85,84,108,108,86,81,93,128,105,84,94,79,79,76,79,76,84,87,98,112,92,87,97,131,110,87,92,88,85,81,96,100,87,92,117,97,101,115,115,126,111,94,103,85,87,90,91,103,95,91,88,90,91,87,109,130,118,103,99,85,97,85,91,85,80,76,82,79,88,89,105,127,117,106,100,68,82,80,86,104,95,92,89,84,95,87,121,127,110,108,109,83,85,85,88,105,95,95,93,96,90,91,115,127,108,106,105,88,80,101,95,88,88,83,79,91,94,93,113,131,112,118,108,93,84,84,82,82,89,86,91,107,107,115,117,119,118,133,121,100,86,105,99,94,100,98,105,130,128,117,118,112,133,128,124,111,110,125,131,128,128,130,128,128,122,125,137,118,127,115,131,124,121,124,127,121,124,117,126,116,109,115,124,122
124,121,116,116,131,126,124,124,111,116,116,112,103,104,124,128,131,134,130,134,126,124,113,119,117,126,121,115,104,121,127,134,124,127,127,133,127,134,122,126,125,124,121,125,124,124,131,122,121,125,131,134,128,121,121,127,131,128,127,126,131,130,128,121,124,122,125,137,127,125,130,131,131,128,144,145,126,135,131,124,119,124,125,130,131,121,124,128,125,133,147,137,133,142,142,128,127,125,128,128,124,116,124,137,134,139,136,140,134,128,136,124,121,121,125,134,139,139,134,137,131,142,140,135,134,137,128,126,121,122,122,133,133,134,133,133,133,136,133,134,143,143,137,121,122,125,126,133,130,134,136,146,143,141,145,143,134,135,124,118,128,122,117,143,134,137,130,134,128,133,128,139,131,142,117,117,124,126,121,140,130,145,139,131,131,125,130,139,142,144,122,142,122,125,116,128,130,130,131,133,137,134,139,139,140,135,127,128,136,119,110,135,145,141,137,125,135,136,136,121,119,115,125,131,134,128,115,122,124,116,110,107,121,122,119,121,124,136,135,130,124,136,131,128,121,121,118,116,119,115,124,122,125,121,128,126
119,144,130,142,149,145,141,147,140,140,133,128,121,127,136,111,136,137,139,136,137,142,137,142,137,137,124,124,124,118,144,135,119,118,134,131,140,130,134,136,128,130,140,131,131,133,126,124,116,111,124,135,145,133,141,140,137,133,139,131,125,136,127,128,118,116,126,137,133,130,133,128,128,131,131,131,133,128,128,121,121,122,124,127,124,131,136,133,131,131,131,139,128,128,133,126,121,122,124,122,128,134,128,128,139,133,130,137,121,110,133,124,127,126,133,126,142,145,147,144,149,142,141,137,133,128,136,130,116,137,134,122,131,137,144,137,137,134,131,140,130,137,144,122,124,139,131,125,127,140,142,128,147,136,136,137,122,133,140,125,125,142,128,121,126,139,142,127,137,147,137,143,131,131,135,119,131,139,128,131,140,142,145,140,142,140,143,128,135,139,130,134,122,128,121,130,128,128,131,145,131,116,134,125,131,126,134,118,137,131,117,117,128,122,136,137,130,130,139,131,126,121,130,119,134,122,122,118,127,137,137,136,136,145,137,131,128,137,133,127,115,121,131,121,115,115,124,131,128,128,122,125,131,130,124,134
117,124,128,119,130,128,126,125,127,128,127,117,125,124,131,104,119,121,134,135,134,137,137,143,133,128,133,135,128,130,125,116,121,113,121,121,118,126,126,116,134,133,128,128,124,127,124,121,128,128,124,121,116,121,124,119,121,111,121,131,128,116,128,127,128,128,118,108,108,115,115,115,131,122,113,124,116,128,130,124,131,136,127,121,117,133,128,116,115,115,118,121,119,121,121,124,126,133,126,124,122,119,128,121,113,119,110,112,125,118,126,137,125,145,127,110,112,109,117,117,106,118,124,111,127,125,134,134,126,140,130,117,119,118,128,121,115,121,124,128,121,134,143,127,128,144,128,118,126,125,121,126,118,119,130,118,137,136,137,128,125,147,137,115,124,118,112,128,119,115,128,116,134,136,137,128,125,151,133,124,130,124,115,122,119,124,116,128,128,118,141,134,124,140,139,128,127,127,126,116,112,115,117,126,136,131,140,131,149,144,141,124,119,128,121,115,121,125,128,137,126,134,133,128,135,137,128,134,135,134,134,135,141,139,136,142,128,131,144,134,115,136,124,117,130,134,137,137,133,126,124,119,118,119,122,113
115,115,125,126,110,112,115,115,109,112,116,121,116,105,80,89,109,119,124,115,103,101,105,110,111,110,113,116,105,110,98,97,112,118,124,130,126,122,124,134,121,125,128,128,125,121,112,109,119,119,131,134,140,128,141,135,136,131,143,121,126,128,110,111,104,118,126,128,137,112,134,125,125,126,116,84,134,141,116,101,112,111,121,139,145,144,131,136,139,133,125,79,131,140,113,99,108,110,118,130,142,133,126,101,131,131,90,122,111,84,106,99,113,107,116,131,139,131,130,106,127,131,127,124,116,112,106,98,107,121,121,126,135,135,122,121,131,137,136,135,130,136,118,94,107,112,118,127,131,137,121,99,124,133,126,142,121,122,106,87,97,109,121,130,126,134,124,111,124,128,137,126,131,128,115,93,103,108,116,131,137,128,127,136,131,130,128,124,131,133,128,93,105,115,118,137,131,130,128,135,127,121,130,126,131,136,128,112,105,111,125,130,137,124,124,126,126,121,121,104,111,121,124,115,100,108,126,128,121,112,107,105,108,108,110,115,124,116,101,105,70,103,109,118,112,121,121,124,106,104,107,116,125,121,72,59
118,119,117,121,124,118,119,124,127,126,124,131,131,133,131,124,124,118,124,127,133,135,136,133,133,131,128,131,127,121,126,117,113,115,108,119,131,127,124,128,131,133,131,128,115,115,111,115,116,116,109,117,124,124,126,133,128,127,137,128,121,118,115,110,113,117,105,113,134,122,127,133,124,128,122,124,116,115,124,110,108,110,117,118,124,135,127,128,133,134,122,121,128,121,118,101,113,109,104,115,128,125,124,124,124,122,118,117,128,122,110,118,107,106,105,113,126,127,131,134,127,128,130,124,128,112,115,109,119,119,121,118,136,131,136,137,128,134,130,137,128,117,124,118,119,121,118,119,131,137,118,121,130,125,131,142,131,118,121,118,110,116,121,117,128,121,119,124,125,124,135,130,140,131,126,119,109,115,121,124,137,128,131,137,128,128,127,128,125,133,134,121,117,124,115,135,135,127,121,126,127,127,126,124,124,122,121,125,119,117,124,135,125,127,122,135,134,131,122,124,117,116,115,118,127,126,121,130,133,122,126,128,125,121,137,135,117,113,121,121,125,118,115,121,119,118,119,119,118,118,124,127,128,126,121,128
119,121,134,133,135,136,134,124,126,117,125,128,122,125,133,131,113,110,115,124,131,135,131,124,128,134,122,121,116,122,108,100,130,121,118,121,128,125,124,121,139,135,135,139,125,121,121,126,135,127,126,122,124,124,110,125,130,140,135,131,127,130,127,136,125,124,128,131,142,139,121,127,147,139,133,134,115,117,105,131,128,128,130,124,131,128,128,124,124,127,131,127,116,113,107,128,137,128,124,122,133,136,130,139,119,128,143,126,128,145,126,128,135,131,137,126,141,144,137,139,124,131,131,121,124,124,130,128,130,115,118,130,131,139,131,137,131,128,126,127,131,117,101,131,137,124,125,121,128,127,126,136,135,130,136,134,128,137,128,143,142,131,124,124,131,134,131,141,130,131,122,137,124,136,131,157,139,133,136,121,124,135,133,137,128,137,124,131,122,115,121,146,140,136,135,137,126,121,124,118,127,133,115,130,134,127,115,131,147,131,137,126,124,133,134,142,137,142,131,146,147,119,126,128,118,137,133,124,126,136,137,137,135,137,131,133,137,124,133,118,121,124,122,121,135,124,128,121,127,126,130,134,137,139,134,137
125,126,133,137,141,137,141,142,139,142,139,145,137,126,131,133,143,131,131,131,146,145,143,137,137,137,139,139,131,127,117,137,140,133,115,125,130,146,143,131,145,135,122,128,119,116,113,135,134,141,128,109,119,136,131,125,131,125,109,139,131,122,126,139,127,127,125,136,126,153,134,131,141,147,144,148,127,122,128,139,126,121,118,116,128,126,131,131,116,112,121,124,124,122,124,143,128,128,124,119,119,127,121,121,119,134,136,136,122,131,121,128,130,134,117,125,137,142,137,139,134,135,144,141,130,135,126,134,136,145,131,146,141,147,153,146,147,144,153,137,135,130,126,130,133,143,136,130,127,133,136,135,130,125,133,130,124,131,121,131,126,133,128,133,137,139,147,127,142,142,145,145,136,122,124,128,128,139,137,140,131,146,153,134,141,149,135,142,135,122,133,134,142,144,141,130,131,137,131,117,121,121,124,134,122,124,127,124,135,145,125,124,126,124,122,128,139,141,134,128,118,130,134,131,118,121,134,139,133,133,137,133,137,137,137,140,128,130,124,121,121,117,126,145,141,149,134,137,147,135,131,136,121,119,121,119
131,121,124,121,119,116,118,119,115,116,117,124,128,118,117,144,121,127,117,124,127,124,128,124,122,124,136,141,130,140,125,115,135,130,128,137,133,131,137,145,135,133,128,135,135,144,141,131,130,131,143,140,130,136,137,141,135,128,124,124,127,139,139,127,126,131,142,131,133,133,137,128,131,131,128,127,137,147,143,124,130,126,149,134,135,139,137,134,133,128,131,131,128,131,144,125,127,125,141,130,131,131,136,127,131,131,124,126,140,127,131,117,125,121,135,140,144,139,137,137,128,133,131,130,128,135,136,122,137,128,142,131,131,135,130,137,135,136,135,137,142,147,145,124,133,124,137,145,142,141,143,142,137,134,134,131,142,151,134,122,128,124,142,149,146,144,137,137,139,128,133,133,141,155,140,126,124,127,137,137,140,145,139,148,142,153,148,140,145,154,141,105,127,126,131,133,147,148,147,142,141,151,137,139,148,149,137,125,119,125,127,152,146,143,144,144,143,139,137,124,122,158,152,130,113,117,133,144,149,139,130,127,126,119,117,122,121,131,127,130,148,133,131,153,130,131,133,126,131,127,128,133,134,126,131,131
144,149,134,128,142,135,134,136,130,131,135,130,144,140,149,156,149,131,128,128,137,128,121,122,125,131,127,125,122,131,141,149,137,144,125,124,124,124,126,121,126,112,116,121,124,128,134,139,130,128,124,137,131,115,127,122,122,127,124,109,119,126,131,139,126,127,127,133,124,117,117,121,115,116,131,125,116,122,126,135,126,128,124,131,125,122,119,128,124,121,131,125,124,113,131,137,131,121,119,128,112,121,133,128,128,115,124,121,118,124,121,124,134,121,124,135,126,121,121,124,127,116,119,119,111,121,126,134,134,124,128,131,112,115,126,128,122,121,118,128,128,131,135,131,134,131,121,128,127,124,130,131,131,128,121,128,118,131,134,141,143,136,131,121,124,127,128,121,130,124,128,122,124,121,134,139,145,130,128,135,128,115,113,118,121,130,128,131,134,137,127,125,140,139,136,131,128,125,122,133,135,126,136,128,126,122,140,128,135,133,130,125,137,121,124,127,130,131,124,119,127,133,142,142,135,139,130,125,128,128,121,113,127,133,134,128,137,144,148,140,137,142,137,124,134,139,124,136,136,141,134,134,131,137,140,137
115,137,121,124,134,134,143,140,130,135,135,142,126,137,142,118,116,131,134,117,135,125,130,124,126,122,119,115,128,125,127,125,110,116,116,118,134,135,131,145,125,130,135,137,130,124,121,119,119,117,113,121,122,127,141,142,128,133,131,137,131,126,124,126,121,131,119,115,124,122,139,131,137,128,121,133,121,119,118,121,127,136,115,122,118,122,131,124,124,130,128,133,125,116,115,122,125,141,119,126,128,121,133,134,131,131,125,139,131,125,126,128,130,137,124,139,139,131,137,141,125,127,137,134,124,121,125,130,119,128,122,121,125,117,125,131,125,131,125,126,122,128,119,124,121,128,125,121,127,124,124,137,131,134,136,128,124,128,127,133,121,128,125,124,124,124,122,133,124,131,119,131,122,111,124,128,121,133,131,121,124,131,131,130,128,124,118,128,121,121,131,122,121,128,122,112,130,124,125,131,134,122,128,119,127,125,128,127,119,140,136,133,134,133,141,140,139,134,147,140,136,141,148,141,119,128,135,130,136,136,144,151,141,142,149,148,137,140,141,128,130,128,134,135,140,141,142,142,149,142,143,131,134,136,130,142
131,121,118,113,109,107,105,106,111,115,110,110,119,121,126,124,127,118,126,124,124,116,124,126,126,124,124,124,118,128,119,121,128,115,116,127,124,121,121,121,136,141,143,133,134,126,135,122,126,125,133,130,131,135,128,136,135,139,136,135,137,137,140,115,119,133,143,131,124,122,135,126,133,134,116,117,133,137,139,116,119,130,131,140,134,142,133,128,141,141,113,117,137,130,128,111,118,128,144,139,136,136,121,124,128,137,127,122,128,118,125,108,119,127,145,136,124,116,124,121,126,130,117,122,127,126,125,112,122,137,146,127,128,119,124,121,131,136,130,136,128,135,137,125,124,128,141,130,130,126,121,119,128,124,124,131,140,131,131,126,122,127,136,128,134,122,125,125,131,130,128,131,133,131,147,124,121,126,137,124,130,121,127,130,127,127,121,119,131,124,145,106,116,121,125,115,118,110,112,117,111,117,115,117,128,137,134,121,109,128,127,122,118,109,112,125,121,121,121,110,110,121,125,127,110,116,135,133,122,112,115,107,118,111,115,106,115,128,125,118,110,117,121,113,112,101,96,107,103,104,110,109,115,118,116,112
140,137,124,126,121,124,122,124,121,124,119,124,128,133,124,135,131,121,121,121,116,121,124,125,124,124,127,131,115,109,122,124,131,115,115,125,124,130,136,118,124,116,118,127,134,131,137,125,131,122,131,117,121,134,126,108,119,113,111,130,128,121,135,121,135,128,131,134,124,136,125,124,115,122,126,126,141,142,137,130,136,131,136,128,127,128,121,131,115,124,125,124,136,139,140,134,140,133,136,124,128,124,128,125,117,116,124,127,135,131,146,124,137,131,135,128,121,125,126,130,128,128,117,124,141,128,146,130,121,124,128,122,119,116,121,126,118,115,115,111,127,128,134,128,128,127,130,126,121,115,130,116,117,117,124,128,121,122,136,131,131,131,130,133,124,131,130,117,117,121,121,115,124,128,135,122,126,128,121,124,117,118,116,122,117,113,122,107,126,109,124,128,119,116,115,119,107,118,113,113,110,108,125,125,124,112,134,121,128,131,122,115,113,126,131,130,131,128,128,128,127,137,145,124,126,133,131,115,124,139,128,122,121,124,128,126,124,127,131,137,131,116,128,131,127,122,124,127,124,131,124,124,122,116,126,146
131,140,137,147,149,151,152,154,152,149,147,140,141,137,143,139,128,144,128,144,149,163,157,148,144,149,143,144,147,142,136,152,119,125,125,131,146,152,145,139,135,128,128,128,118,131,133,126,126,136,121,113,124,127,135,121,117,117,121,128,122,119,134,127,130,134,131,128,134,143,127,131,125,128,153,140,118,118,137,131,128,136,116,118,131,124,128,131,128,119,142,127,117,131,135,137,125,137,125,117,122,124,128,133,130,127,140,135,118,137,131,124,128,137,131,121,133,137,137,139,137,145,147,149,136,133,131,128,131,139,133,131,140,144,147,137,135,135,137,124,121,136,145,133,125,134,134,115,130,128,137,126,125,126,126,131,126,128,140,130,124,131,131,115,124,130,136,135,134,149,149,141,126,140,133,121,124,130,127,124,131,146,137,131,137,124,128,128,121,110,124,136,135,126,124,112,127,136,125,110,109,124,122,131,122,115,128,155,126,124,122,116,122,141,128,121,117,122,131,135,144,144,152,140,149,140,116,128,127,144,142,143,135,139,148,139,141,152,151,136,146,140,145,142,142,154,154,146,141,131,126,130,126,125,127,119
137,119,128,130,131,131,128,131,130,133,130,135,139,133,116,134,116,144,131,131,133,128,128,127,127,125,125,127,134,131,124,112,126,131,139,136,139,139,133,121,134,135,128,125,130,121,128,122,128,134,126,137,128,125,127,116,122,119,131,124,130,128,124,125,121,130,131,143,130,130,121,125,119,124,128,109,119,122,125,130,118,130,130,127,124,128,127,124,137,141,126,124,126,121,125,134,119,130,128,128,119,127,128,118,118,118,118,119,124,125,119,126,124,128,124,127,125,121,115,119,119,118,128,124,111,115,118,131,131,134,124,136,121,110,113,116,128,122,121,126,130,117,117,124,128,126,125,135,126,121,126,125,131,130,124,116,115,112,117,124,124,126,124,130,122,122,122,121,121,121,121,116,124,121,119,125,134,128,127,142,125,117,118,119,125,137,118,117,126,136,116,122,131,124,127,127,131,135,137,140,144,142,131,126,131,124,116,121,125,127,125,121,122,130,131,135,137,139,146,131,134,127,124,116,113,103,115,116,137,139,137,131,127,128,128,127,124,108,106,121,124,115,111,130,124,137,134,137,137,135,130,127,130,121,117,118
146,127,136,131,142,139,137,134,137,136,131,131,121,115,122,153,136,131,118,95,126,111,116,113,103,106,113,103,100,109,108,137,131,124,124,122,131,134,131,133,130,134,115,122,127,121,116,124,128,110,116,125,141,139,122,131,131,131,134,131,130,125,113,127,133,131,121,133,137,128,127,136,126,128,136,128,124,131,121,128,134,131,127,130,130,125,115,126,115,116,121,121,121,136,128,127,135,136,119,125,137,135,115,125,121,128,133,131,125,131,113,128,133,136,116,121,128,136,131,139,130,131,131,124,119,137,113,125,135,137,122,115,128,144,133,133,125,127,130,124,125,131,112,131,137,139,122,119,128,124,121,124,125,128,142,134,128,134,113,126,133,135,117,133,137,134,131,131,126,139,140,134,131,128,124,127,130,130,112,125,133,121,125,135,126,136,133,131,125,124,124,117,126,116,106,113,130,128,127,122,121,128,113,130,128,128,111,121,126,108,112,108,119,127,124,124,121,127,117,118,112,125,115,127,118,121,119,121,126,127,125,126,121,127,128,131,121,124,126,122,139,121,105,125,135,124,128,127,142,141,126,131,125,127,128,137
136,130,122,115,122,117,118,124,124,121,126,131,121,125,137,134,127,124,128,127,131,137,134,128,134,131,128,131,117,125,122,131,128,133,117,128,128,127,127,133,125,130,134,137,140,131,128,135,121,131,125,131,139,122,137,125,131,128,117,131,130,128,135,126,127,127,128,127,124,124,124,119,126,131,131,134,128,134,135,128,128,127,124,137,133,124,128,128,128,124,128,122,126,126,122,125,126,124,122,131,124,121,118,121,131,131,127,124,115,115,126,135,121,119,116,133,121,117,115,116,122,124,124,127,116,124,125,128,134,124,121,135,128,124,135,130,137,130,140,128,124,134,128,131,133,121,121,134,117,113,131,121,124,121,124,115,116,131,128,128,137,121,121,130,126,125,124,119,124,136,142,144,128,139,133,128,142,118,128,142,140,131,142,130,140,133,149,135,124,139,125,115,133,125,128,130,137,127,141,145,148,130,128,124,124,116,121,115,134,126,115,119,122,121,126,136,130,127,133,133,128,124,128,118,121,122,124,119,128,134,127,125,136,142,124,117,131,131,128,126,112,127,137,137,128,121,125,124,119,124,127,109,117,133,139,125
133,124,127,124,139,139,137,139,141,142,148,148,131,143,135,137,128,131,128,139,146,141,146,145,152,154,140,140,131,128,122,134,135,128,121,130,124,116,117,116,119,118,117,121,119,116,127,139,131,125,121,116,107,116,109,122,130,128,125,128,127,117,128,135,137,128,122,131,128,124,115,115,128,118,130,133,112,110,111,128,139,134,113,108,105,105,118,121,104,103,119,121,103,113,121,137,141,125,118,108,108,111,106,115,117,126,130,127,119,131,146,133,140,128,127,110,128,130,128,131,124,128,126,125,121,124,134,128,136,137,139,121,126,131,121,121,126,113,119,121,121,116,133,124,137,141,140,110,115,108,111,124,119,111,117,113,118,119,131,126,141,142,146,113,111,111,115,124,135,131,124,130,121,126,134,119,147,137,147,124,109,124,128,121,128,126,116,124,115,115,137,130,122,136,141,121,118,115,115,111,119,124,126,128,125,122,144,126,133,137,125,131,122,127,124,116,127,128,141,144,131,121,128,127,139,126,140,135,140,146,144,142,151,145,140,135,125,112,125,131,128,128,125,124,127,133,136,131,133,135,136,148,133,131,126,137
124,116,128,121,128,124,121,119,121,117,118,111,121,122,137,131,124,140,140,128,124,119,116,124,118,121,107,113,115,130,130,128,139,133,122,124,115,108,113,116,117,125,125,127,127,134,137,152,148,141,130,133,122,121,115,124,117,119,127,112,117,130,133,153,136,126,124,112,109,101,107,112,117,124,111,107,118,131,119,124,137,131,119,115,112,121,113,115,124,131,125,128,121,135,128,121,127,125,121,135,121,122,121,111,128,122,117,111,125,111,136,131,131,130,128,133,124,119,115,118,121,118,121,121,121,115,131,141,118,121,126,116,106,118,116,113,115,121,110,119,119,128,128,124,118,115,124,143,119,128,128,122,128,125,127,122,119,125,130,119,121,121,128,137,126,121,117,119,118,113,128,110,118,130,131,122,121,127,130,115,119,111,110,117,115,119,124,118,121,137,131,130,135,133,135,126,117,126,134,149,131,135,135,119,128,126,149,135,124,131,137,142,137,124,128,124,122,124,115,122,126,126,125,146,128,137,130,136,117,128,133,131,124,128,130,131,131,137,130,128,127,131,127,131,128,147,136,141,140,135,140,140,143,128,128,119
131,126,118,122,118,117,121,130,128,131,128,133,128,127,133,121,124,124,137,134,124,130,124,131,128,133,127,128,124,130,124,119,133,111,124,127,127,127,130,126,122,124,125,115,115,126,119,134,128,128,124,125,126,128,121,124,115,118,112,118,112,113,121,139,124,127,124,113,115,119,128,134,110,118,131,115,121,133,130,131,124,121,116,124,133,134,119,126,121,124,122,121,115,131,124,130,125,121,115,126,130,124,109,117,117,113,127,121,109,121,117,134,126,121,116,127,117,119,110,131,124,121,115,121,110,119,127,121,128,127,133,124,119,125,110,126,125,127,124,126,113,135,126,131,128,126,122,131,134,127,112,125,119,122,122,124,124,136,128,128,131,128,131,126,135,125,128,139,121,124,131,127,130,133,128,134,128,128,128,122,130,118,121,136,124,133,128,131,128,133,128,143,126,126,128,121,127,124,122,125,122,130,119,125,125,122,125,151,136,128,126,121,128,127,121,118,121,122,115,121,124,119,116,135,141,124,119,111,113,124,118,121,115,113,116,126,140,116,117,115,121,135,115,113,125,128,126,124,121,122,121,111,117,124,128,124
144,115,121,124,121,122,121,126,122,126,128,118,103,94,107,157,115,115,111,131,127,128,124,127,121,131,124,117,130,136,121,121,140,124,137,137,143,137,128,149,126,140,139,116,128,148,137,139,142,139,142,165,161,142,147,149,149,159,147,121,137,147,134,137,140,141,144,156,158,141,139,137,131,130,139,134,134,147,137,144,139,144,131,148,149,147,143,159,157,147,154,145,136,148,149,152,145,140,148,160,149,154,149,137,154,135,143,151,145,139,137,141,149,136,144,140,136,139,134,125,135,125,140,144,131,144,142,143,152,141,146,141,131,141,125,139,137,125,143,154,147,156,147,148,152,152,146,149,154,156,145,140,146,146,144,154,128,144,149,158,157,146,148,156,142,159,145,142,147,135,134,131,124,131,137,158,166,135,148,136,145,128,119,134,128,131,164,144,149,144,141,137,153,135,146,149,149,148,158,156,142,141,158,157,146,145,144,119,147,130,124,161,171,161,160,142,134,137,143,121,106,115,134,113,145,119,128,144,141,140,121,117,122,113,109,115,105,96,103,131,158,141,127,142,119,117,119,113,115,121,121,109,113,109,100,131
137,119,113,113,111,110,110,112,103,112,115,121,104,104,115,119,122,135,112,95,100,96,103,99,108,98,106,110,107,111,121,134,131,135,119,104,101,115,101,95,106,101,92,109,103,85,105,128,127,145,128,92,97,103,106,88,97,99,92,110,110,105,105,128,133,145,131,109,112,117,91,94,104,109,96,103,110,103,97,125,137,140,125,105,104,121,109,93,94,88,98,97,115,118,98,128,128,143,119,103,113,118,115,115,101,108,109,100,126,128,122,135,136,141,124,106,107,111,115,94,103,105,104,116,126,119,108,136,131,137,128,112,113,98,121,110,103,97,107,115,117,115,109,126,130,140,131,103,110,103,111,121,131,124,111,104,122,110,109,127,128,133,128,110,109,101,105,111,108,103,104,106,122,88,108,111,131,131,127,108,98,111,119,106,105,112,101,115,105,90,112,89,137,124,125,107,99,105,115,103,119,119,110,122,121,103,115,95,105,118,115,124,109,111,105,112,122,111,96,105,98,115,139,108,85,119,122,121,105,99,106,106,105,111,128,128,110,121,122,128,125,106,113,124,117,137,116,116,117,121,130,141,124,121,116,133
124,125,115,116,111,111,113,117,121,125,128,131,121,113,115,124,101,124,141,124,126,124,122,119,121,128,127,124,128,121,112,128,121,121,134,130,128,124,118,124,127,128,115,126,121,124,117,131,121,134,124,127,115,116,124,126,124,124,124,128,125,124,111,137,121,139,127,127,117,112,107,118,122,111,115,115,116,121,111,134,124,137,126,126,115,115,117,121,118,119,115,121,125,128,116,131,124,139,122,121,119,121,124,131,125,126,119,124,127,122,124,128,128,128,127,136,124,124,121,122,124,122,124,124,127,118,118,135,139,131,133,133,119,112,112,113,124,131,118,122,115,126,119,144,139,136,131,128,122,122,119,118,115,115,124,125,126,130,128,149,143,130,128,125,124,124,118,128,121,115,118,121,121,112,126,147,143,130,131,137,131,126,126,124,124,121,117,126,124,108,121,115,137,131,125,134,122,121,133,117,122,128,128,124,131,131,126,127,131,128,124,136,117,125,130,130,130,131,127,121,125,126,130,131,115,139,126,140,137,125,119,121,121,127,130,130,128,128,130,128,131,124,126,131,137,124,124,125,122,127,130,126,115,125,126,117
119,111,135,134,136,137,137,136,139,144,135,133,131,121,109,121,97,134,131,131,137,136,140,137,142,144,140,135,133,137,105,98,110,115,117,139,135,131,126,126,135,134,137,133,128,143,116,105,109,109,124,149,137,139,131,135,131,141,134,130,124,136,118,103,115,110,116,128,133,122,124,128,126,121,125,124,131,133,128,108,122,108,121,139,133,134,131,133,139,135,126,122,126,131,128,108,122,110,125,127,141,136,131,135,131,128,133,130,125,124,109,113,118,112,115,121,130,133,124,122,131,133,139,143,125,124,107,113,116,119,110,118,127,121,121,122,127,128,130,134,128,124,115,118,126,111,110,119,134,133,124,124,124,128,131,128,127,128,109,116,124,112,113,122,133,128,128,134,136,133,137,131,127,128,119,130,121,116,111,115,124,139,136,133,137,130,128,124,128,139,119,135,142,126,121,121,128,122,124,131,136,135,130,126,137,141,119,136,139,126,126,128,128,131,130,131,130,133,127,126,134,124,106,128,128,119,105,128,137,135,134,135,124,124,128,127,128,118,99,135,127,127,107,124,131,140,131,133,133,133,134,128,133,127,122,119
141,147,134,133,141,134,135,130,128,131,127,121,137,133,147,137,151,145,145,140,135,137,146,143,137,137,145,136,133,137,144,157,140,134,146,139,142,143,143,135,130,133,136,135,141,137,137,134,140,126,137,130,128,130,130,128,124,128,126,137,131,145,136,130,133,122,131,140,125,137,125,128,121,122,137,141,118,124,137,131,131,122,133,131,131,124,124,124,109,115,124,128,116,125,133,124,127,124,127,121,127,121,119,133,122,131,124,136,124,124,121,139,128,131,125,128,131,130,130,141,130,137,121,130,128,137,125,126,139,137,136,145,137,142,142,155,135,137,141,126,131,131,124,134,131,136,131,127,131,121,121,127,122,116,130,130,128,140,121,127,136,137,133,130,128,134,122,121,126,139,134,140,133,134,124,131,137,139,135,153,139,140,141,137,139,124,130,131,130,128,125,148,131,131,128,137,134,133,126,121,126,121,121,124,128,134,115,140,137,142,133,122,119,131,126,117,124,130,124,125,121,130,131,127,144,146,135,135,124,124,133,128,136,133,126,125,121,134,137,118,116,128,128,133,131,118,128,121,122,125,119,121,115,119,127,128
124,119,109,110,113,111,110,117,116,115,110,111,108,117,121,116,124,119,115,126,122,121,115,122,122,124,122,121,115,115,125,124,121,119,117,119,110,118,115,116,118,116,131,122,115,117,121,115,128,118,122,122,112,127,128,128,117,109,126,117,119,121,126,124,130,115,124,122,128,128,124,121,118,116,119,115,121,117,126,125,126,116,124,117,110,133,140,128,137,139,125,127,128,121,131,131,126,122,121,121,126,128,137,133,128,131,124,124,124,125,131,124,126,116,124,116,131,135,139,133,122,128,119,127,130,121,126,131,112,112,110,95,101,109,111,99,106,112,110,106,109,106,115,115,110,113,119,105,103,127,110,117,116,117,113,111,124,115,122,115,116,111,116,119,116,130,122,126,118,125,118,105,117,111,121,111,115,113,116,108,118,116,113,116,112,113,110,113,115,112,117,116,110,113,110,116,113,116,115,117,121,121,117,124,128,130,121,116,112,119,124,122,118,122,117,122,122,121,136,134,128,128,131,115,110,121,124,118,126,139,130,124,122,124,121,119,109,134,134,109,115,110,121,112,109,109,117,119,124,121,124,122,119,116,115,112
131,128,128,133,137,131,130,125,135,130,130,128,134,135,131,140,121,127,135,121,133,110,116,111,119,122,115,115,124,121,121,137,121,134,128,110,109,107,110,106,110,103,106,110,124,124,126,146,124,134,117,119,115,115,113,116,121,122,119,113,125,124,128,149,131,134,113,119,107,116,108,116,107,107,115,101,109,115,115,142,131,128,117,109,109,106,104,115,115,124,116,118,121,117,118,135,134,125,115,118,110,111,113,116,118,107,125,112,116,121,124,145,136,131,126,122,119,113,115,119,127,111,110,109,113,118,124,145,143,136,125,111,111,109,106,101,103,91,95,96,106,107,121,146,144,136,126,110,105,104,105,111,105,105,105,105,118,107,126,146,141,131,130,111,115,108,115,116,107,108,107,105,110,115,121,140,137,131,130,117,109,105,103,103,99,97,97,104,109,119,119,142,143,135,137,122,108,111,108,116,113,110,108,116,124,134,133,127,137,135,140,124,117,119,117,115,115,116,112,126,131,136,126,126,131,136,136,131,118,125,124,128,125,122,117,121,128,134,127,124,130,134,141,128,136,119,121,122,121,121,118,121,131,131,131,125
125,116,115,121,121,115,118,121,121,118,121,121,135,135,131,127,112,118,122,125,130,124,128,121,126,127,124,122,127,125,136,122,115,121,128,136,134,124,124,127,128,128,121,121,134,126,125,127,115,121,121,130,130,131,122,130,131,137,125,131,134,134,125,127,118,122,124,131,131,124,124,127,127,133,119,137,126,125,122,121,113,116,127,139,125,135,121,121,118,124,119,136,122,130,125,130,121,115,122,131,131,128,117,126,117,117,125,124,131,131,130,141,115,116,119,136,124,128,127,131,131,117,126,125,134,127,127,128,121,127,122,134,141,131,135,130,124,121,124,124,127,122,116,128,118,116,117,134,121,116,124,126,124,121,124,127,125,122,126,125,121,112,121,131,124,117,115,133,124,115,121,131,139,124,135,126,128,119,124,128,118,122,128,125,124,124,119,118,128,125,128,115,130,130,126,131,127,131,125,121,122,127,125,127,131,137,128,125,122,130,130,128,128,125,128,121,133,131,121,131,130,119,126,124,131,131,121,121,124,122,124,128,127,128,131,131,135,125,131,128,131,124,118,125,112,128,131,131,131,136,131,131,127,124,128,136
127,128,124,131,117,119,121,124,126,124,124,118,116,124,128,122,137,121,126,125,126,128,126,124,122,131,124,124,115,117,140,140,117,137,117,108,115,111,115,127,118,126,128,124,127,128,130,128,116,130,113,117,119,110,122,128,115,121,126,107,115,130,119,126,112,128,108,111,126,121,128,115,124,121,107,112,130,124,124,118,115,124,117,131,122,137,127,124,139,131,124,117,125,124,124,118,118,121,100,121,122,121,124,118,128,124,119,117,128,124,111,117,116,121,105,117,130,124,122,112,122,127,126,122,135,133,119,122,121,128,112,116,130,124,121,131,124,135,134,127,131,124,117,124,125,124,118,128,127,128,118,119,124,124,118,134,137,137,113,128,127,119,121,121,118,126,116,124,121,133,121,128,131,148,116,136,128,115,124,125,137,137,128,131,141,128,125,119,128,137,121,153,128,116,128,126,130,121,124,127,134,128,112,118,119,134,115,145,148,137,151,115,121,124,124,125,121,121,128,124,134,139,121,128,141,128,117,108,125,130,130,136,126,128,131,130,131,131,125,139,121,128,124,113,136,133,131,130,131,124,119,111,124,125,119,130
115,128,137,142,130,131,131,131,126,124,118,111,124,131,113,117,115,118,131,133,133,137,144,145,141,144,137,139,145,143,128,111,124,128,136,137,133,131,134,134,131,128,137,135,147,142,141,116,126,140,149,142,128,146,122,135,124,122,137,130,134,136,136,115,128,139,141,140,131,125,128,135,121,124,137,126,136,144,136,121,128,135,131,141,134,134,118,125,127,131,146,131,135,131,134,116,130,137,135,141,131,128,131,124,119,121,128,124,127,121,143,124,124,131,134,131,118,124,125,131,128,126,126,130,135,127,137,121,122,121,131,137,118,119,121,124,122,128,119,126,127,140,140,115,122,122,126,135,128,128,136,137,128,119,134,128,127,131,128,110,124,127,128,124,128,117,133,131,131,112,118,116,124,118,127,106,118,126,122,127,119,115,117,121,113,128,119,121,128,124,134,103,117,133,121,137,124,118,119,127,121,128,124,124,133,125,144,107,118,108,104,127,131,128,125,124,125,125,121,116,112,128,126,110,107,112,124,125,124,121,124,128,128,116,118,107,107,135,133,115,121,119,131,128,127,115,110,112,108,115,118,131,119,115,121,113
148,137,155,149,152,149,141,137,137,134,144,146,141,126,125,151,143,115,124,110,137,110,124,119,121,116,117,117,118,125,119,127,144,121,122,115,111,115,110,105,121,121,97,105,103,106,131,145,140,121,117,107,105,111,109,99,109,113,104,115,119,110,131,149,147,124,121,104,103,116,105,106,116,101,109,106,105,113,115,137,153,134,122,103,113,104,89,109,104,90,105,104,117,118,115,128,151,133,131,115,113,115,103,107,107,110,124,110,110,115,128,136,159,137,139,99,101,109,99,111,119,116,106,106,96,117,130,144,146,125,125,113,109,100,103,107,103,105,105,101,108,115,116,142,157,130,124,115,122,112,115,108,100,105,105,107,118,117,128,155,156,135,125,107,110,115,119,125,113,115,108,115,97,113,127,158,149,131,126,112,118,109,103,110,107,115,112,115,111,115,119,143,141,130,137,119,111,112,116,117,109,124,109,118,124,108,122,131,137,125,130,115,116,131,130,110,103,116,113,117,127,99,98,127,137,128,118,104,109,116,119,112,122,128,122,115,117,111,105,124,122,125,124,101,126,121,122,121,113,113,121,107,119,127,127,116
85,116,121,112,124,122,122,118,122,119,119,115,106,121,113,95,107,106,124,128,115,124,117,119,121,125,124,116,117,125,115,115,117,100,122,136,133,136,133,137,122,128,124,133,128,118,128,110,124,106,130,127,122,126,128,131,135,134,128,125,131,125,131,115,133,113,134,134,134,131,134,139,128,125,136,128,118,126,128,111,136,125,139,128,131,128,126,128,124,127,137,136,124,133,139,112,128,126,139,126,141,133,127,142,128,137,151,136,131,134,136,130,126,127,136,131,137,137,133,136,134,135,126,133,124,130,137,122,128,116,133,121,127,133,121,131,131,130,137,134,140,139,133,124,128,125,133,118,136,121,117,139,137,136,141,131,128,137,140,125,136,128,131,128,137,125,131,148,135,131,135,131,117,118,139,130,136,124,121,118,121,116,125,126,127,128,115,133,131,124,137,121,113,121,121,121,125,124,126,121,128,128,116,134,137,137,139,108,118,127,122,130,124,137,137,133,137,136,140,126,112,124,124,82,116,115,126,131,134,128,126,112,125,116,112,103,109,117,115,94,106,108,113,118,109,97,108,99,100,101,104,101,94,110,113,103
130,109,125,130,125,127,130,131,124,124,119,115,113,126,124,124,109,115,121,122,133,131,128,127,127,133,126,124,126,124,98,113,127,108,105,126,124,124,126,134,131,128,135,137,137,130,121,126,133,124,117,124,119,131,137,130,125,133,131,127,126,121,128,127,127,133,121,103,115,121,137,131,119,124,113,103,128,125,126,131,131,128,124,121,112,137,128,127,137,144,124,118,133,128,125,131,127,128,118,118,121,128,125,112,130,126,124,125,133,122,127,135,127,125,119,117,119,117,121,112,124,124,119,124,126,126,126,131,128,131,122,108,115,115,112,122,131,133,127,131,139,122,122,135,131,128,124,131,135,128,131,124,145,142,133,131,141,127,128,135,133,128,125,124,134,134,131,135,130,121,124,115,128,131,126,131,134,126,130,104,118,116,116,125,121,130,136,124,116,125,121,130,134,128,117,109,131,122,135,130,136,134,134,126,128,122,113,131,121,115,112,127,130,130,131,136,130,121,118,124,118,115,109,124,121,119,117,111,118,126,121,121,117,115,128,131,124,96,106,122,124,124,110,115,122,135,131,128,124,126,124,117,118,121,113,103
131,124,133,128,128,128,128,125,126,121,121,117,115,115,137,126,128,110,110,112,117,121,115,121,119,119,113,115,111,118,126,119,143,108,112,111,107,115,117,118,124,131,121,112,115,121,124,133,143,110,117,112,111,121,127,112,115,115,121,115,115,118,124,137,136,111,128,128,121,127,131,131,130,135,121,118,119,125,131,128,128,118,117,117,126,128,133,125,131,134,130,109,119,128,131,127,127,118,126,131,124,137,140,124,126,130,107,124,113,109,128,130,127,122,121,121,121,124,127,121,121,126,127,128,112,113,127,130,126,124,128,115,112,121,117,115,124,131,124,121,117,121,134,125,127,122,128,126,125,133,135,121,131,128,127,128,109,115,136,128,125,121,124,137,133,128,127,109,126,131,121,119,111,116,130,135,128,121,124,125,125,125,122,125,124,131,127,119,115,115,127,118,119,109,118,122,117,126,127,121,115,128,125,115,116,119,127,115,116,116,121,130,128,119,124,118,128,131,131,131,115,126,119,128,119,121,122,134,127,131,134,128,133,136,128,130,122,116,116,131,121,124,107,121,106,134,131,128,131,131,131,125,122,121,119,113
135,134,131,125,140,141,137,136,134,137,146,145,125,119,136,133,136,122,128,115,136,131,134,128,131,127,125,131,131,115,121,135,128,134,125,115,119,130,122,119,122,116,121,121,124,121,125,139,128,136,125,106,105,128,109,115,117,107,109,117,116,112,121,142,128,140,131,115,115,122,131,131,113,112,121,119,121,121,111,131,127,139,116,104,118,119,115,121,110,112,121,117,117,121,105,135,136,136,118,115,125,125,115,108,112,115,117,118,107,121,134,137,135,130,127,116,117,116,122,121,115,113,116,118,115,111,131,131,128,128,124,105,117,109,117,118,115,116,115,113,110,113,121,131,130,124,125,117,115,110,116,112,111,108,108,111,104,112,124,131,131,122,125,115,115,115,117,116,110,116,116,113,107,104,121,131,137,117,125,115,111,115,116,115,113,119,109,105,113,105,113,125,136,124,131,125,108,108,110,113,113,116,115,112,126,118,122,126,128,137,137,124,116,115,119,115,106,115,119,126,126,133,136,137,121,147,127,116,113,127,126,131,130,131,131,130,139,136,135,121,121,126,136,128,134,139,133,137,125,125,121,116,121,131,128,122
140,135,118,119,121,121,119,116,131,127,117,119,130,127,131,127,135,135,149,136,128,124,124,128,131,125,127,124,126,128,137,130,119,131,135,126,124,119,124,115,115,112,115,124,128,118,126,109,112,121,124,130,125,128,128,126,125,124,118,136,131,126,122,108,121,115,121,128,128,127,135,130,125,124,124,135,131,122,117,116,119,116,126,136,134,125,128,134,112,118,124,134,128,130,124,111,121,117,125,119,130,133,124,141,128,131,139,128,130,143,121,107,115,119,127,133,139,131,134,136,135,131,128,126,131,139,121,105,121,121,122,131,130,131,131,137,121,125,128,121,124,126,121,113,124,121,124,118,133,115,119,136,124,128,126,122,139,137,121,112,125,124,124,121,128,130,125,136,127,130,124,128,128,126,124,121,122,118,128,130,134,128,133,131,131,117,122,131,125,117,119,121,128,127,128,117,124,130,116,118,115,106,117,130,125,128,121,118,128,126,130,124,124,127,124,131,124,124,119,121,121,126,115,113,126,133,131,127,131,126,124,121,116,111,115,117,119,124,121,112,137,130,137,116,128,119,122,119,117,124,117,115,103,115,128,131
125,113,133,135,137,128,133,133,136,131,135,125,124,115,109,130,115,140,135,126,121,115,122,124,126,131,122,125,122,121,108,110,121,131,119,115,116,119,124,115,115,107,119,121,117,124,126,122,124,131,130,115,112,115,106,104,110,103,112,121,121,124,128,118,128,125,128,119,111,128,110,121,107,103,125,124,110,115,119,121,125,127,128,117,124,113,111,111,104,106,124,125,106,118,117,128,124,128,126,107,119,110,121,128,111,115,128,110,110,124,121,131,126,127,127,108,118,126,115,125,119,116,117,113,115,119,124,125,118,125,124,119,130,126,130,125,118,122,119,113,108,112,124,125,116,124,121,111,121,111,121,124,118,115,118,116,125,119,128,124,121,131,125,111,116,115,124,130,115,128,124,124,121,122,131,124,117,131,128,130,119,131,131,119,116,116,103,124,125,119,124,134,116,128,126,127,113,115,107,109,107,108,99,118,121,119,124,124,130,135,131,116,106,118,115,103,106,108,113,125,119,121,115,116,140,122,124,125,115,122,121,127,128,128,121,122,127,124,115,116,125,121,119,121,115,115,128,134,121,118,122,116,121,122,131,122
131,124,118,113,121,121,124,121,122,118,121,119,121,124,134,135,121,98,117,124,136,128,130,128,128,125,131,128,128,124,121,121,119,108,128,107,119,125,124,121,126,124,113,115,117,119,130,121,122,115,118,103,113,118,113,113,117,107,111,117,126,117,131,122,122,119,124,93,108,122,126,125,124,118,118,121,109,106,126,131,121,116,128,99,110,117,113,105,104,103,111,121,113,112,125,124,125,112,127,98,109,107,112,112,108,115,134,125,115,126,121,131,118,113,124,108,113,116,124,131,128,115,118,122,118,117,124,124,130,122,128,122,126,130,121,124,126,121,119,121,124,115,128,128,133,121,124,113,121,119,115,131,115,115,128,112,131,115,124,126,137,126,136,103,122,121,122,137,124,113,124,119,122,109,125,128,131,121,126,111,119,113,106,117,112,119,119,127,115,108,125,121,128,126,128,122,119,117,117,107,109,116,113,128,121,124,131,143,136,134,134,121,112,127,124,109,115,122,115,121,125,137,140,128,131,130,121,126,122,126,131,122,124,128,127,131,125,140,136,127,131,137,146,137,139,135,133,135,127,127,137,119,115,122,133,121
115,128,127,128,133,134,131,136,131,139,131,127,125,131,115,124,109,124,124,127,130,135,140,144,147,147,148,144,143,136,131,113,122,106,113,118,126,139,139,130,137,128,124,131,137,126,128,115,127,124,124,107,121,131,142,128,136,134,137,128,137,131,135,121,124,119,131,122,141,142,149,149,143,145,141,142,127,124,124,117,121,124,131,124,137,136,137,143,133,128,136,144,136,135,134,124,124,130,136,131,141,139,145,154,135,139,148,147,143,140,137,115,121,125,139,126,139,140,149,147,145,135,133,137,124,134,137,115,136,139,149,127,145,135,149,146,142,135,141,144,142,128,149,112,131,142,146,124,143,136,140,145,139,136,140,145,137,131,146,117,127,142,137,128,145,143,143,144,143,140,143,140,126,115,145,103,128,137,133,134,139,136,143,131,134,142,126,135,127,116,144,115,124,126,128,113,121,122,125,113,121,127,116,128,115,122,137,135,115,117,127,124,128,125,121,127,131,134,134,134,122,137,136,130,140,125,130,148,141,131,136,139,133,130,137,134,121,143,137,131,136,130,140,135,133,137,137,135,128,125,125,122,121,122,130,130
121,119,137,135,137,144,148,149,143,145,140,137,124,131,124,127,127,128,130,146,137,151,151,151,145,149,147,148,139,149,121,119,117,122,117,133,133,137,140,133,134,133,130,133,128,133,121,111,122,118,119,137,136,122,137,125,124,126,128,125,124,127,127,112,122,110,113,124,122,127,124,122,111,115,118,118,119,124,124,121,121,115,116,130,122,121,128,121,128,130,130,131,126,124,126,131,119,117,130,128,128,128,145,130,131,131,130,130,131,113,122,118,121,126,122,128,125,128,131,126,124,128,127,130,122,128,121,115,119,127,124,124,121,135,133,134,134,121,122,135,127,119,121,110,115,124,122,139,125,140,140,128,128,133,127,134,124,131,122,110,113,124,119,124,135,131,146,131,141,127,128,122,121,122,130,118,115,125,121,121,128,130,131,130,124,122,128,127,131,117,125,124,134,128,121,121,128,131,141,133,128,131,141,136,137,128,124,107,151,131,130,140,148,149,154,146,149,148,145,130,128,127,121,98,125,116,119,136,152,147,140,137,144,126,115,111,112,141,145,108,128,113,118,131,127,117,118,117,119,124,124,122,109,108,115,109
124,124,115,117,124,122,124,121,124,124,121,117,116,117,131,117,137,121,131,126,130,124,115,115,110,112,112,106,111,115,124,144,131,127,125,119,115,111,117,116,119,121,116,113,117,110,111,135,131,117,111,111,110,119,122,118,116,119,118,109,105,111,112,137,134,125,111,115,110,118,128,122,127,126,131,131,113,115,125,135,137,125,127,115,112,119,121,121,127,130,130,144,124,117,124,134,133,121,121,115,115,118,127,128,125,118,137,126,118,130,115,143,131,124,121,122,128,127,126,143,137,125,128,130,121,124,124,137,128,128,121,127,128,130,131,139,131,134,127,124,126,127,119,131,127,128,124,115,135,116,125,139,126,128,124,118,126,127,131,127,131,127,128,110,130,127,131,134,128,131,128,133,124,128,124,124,127,126,121,122,135,131,135,140,128,131,125,131,118,126,118,137,117,118,128,110,125,128,122,128,126,135,115,122,122,127,125,126,119,143,148,121,116,124,121,119,125,124,115,124,124,154,142,127,133,152,136,121,118,130,134,131,124,133,137,133,131,161,151,126,126,126,137,128,141,136,133,131,136,137,130,122,121,131,145,130
124,126,124,125,126,121,119,126,121,126,130,136,131,137,134,128,139,126,158,140,140,125,128,130,134,142,125,128,128,135,139,135,124,143,140,142,148,137,142,142,146,134,128,131,141,137,136,121,113,130,137,131,130,131,133,131,133,134,131,131,139,143,131,118,112,130,133,126,127,131,128,127,124,128,124,130,145,125,127,124,109,121,127,130,118,143,124,111,131,131,121,137,139,143,133,125,127,117,131,137,136,131,122,124,126,126,121,119,141,137,130,128,118,117,127,135,131,130,133,124,137,126,126,113,137,131,125,121,121,124,130,127,137,125,127,126,128,127,117,125,135,117,128,128,124,121,124,134,131,122,127,124,126,125,121,137,130,137,121,121,115,110,128,139,133,121,118,127,122,124,126,135,149,147,124,121,121,107,128,124,127,137,136,131,131,136,117,131,133,130,116,128,128,117,128,142,141,124,127,124,134,130,121,134,128,140,115,124,131,125,130,131,121,125,128,140,141,137,140,135,128,131,131,124,130,130,137,139,140,131,124,126,128,122,128,128,136,124,136,131,125,126,135,137,131,122,124,131,128,131,126,128,124,128,127,136
112,135,115,116,109,111,113,113,115,115,117,117,119,136,128,124,121,124,125,128,118,128,122,127,128,122,126,127,128,125,135,116,115,131,133,128,128,130,130,127,135,136,124,126,119,124,125,124,116,124,127,116,127,124,115,116,127,126,124,128,115,126,130,126,122,124,124,118,122,115,115,121,121,128,128,121,125,126,137,124,124,122,131,110,119,125,111,111,131,127,126,128,121,121,133,127,118,121,128,115,124,121,110,112,126,128,126,124,127,128,130,117,121,112,122,115,113,118,121,121,134,127,118,124,125,122,127,121,115,109,125,107,119,124,117,119,127,122,121,124,116,122,131,103,117,119,127,128,121,124,122,121,119,124,122,135,128,124,131,115,118,124,131,131,128,126,122,128,130,127,128,121,128,137,128,113,115,118,121,118,118,124,124,125,125,121,134,130,133,139,137,124,126,124,124,137,121,126,124,116,121,124,124,134,125,130,136,115,125,128,128,136,127,125,135,124,127,131,128,121,112,135,121,128,115,109,127,128,130,121,109,115,115,105,121,121,121,121,119,119,125,109,113,116,100,110,117,117,122,124,124,122,131,124,116,121
127,131,127,128,117,119,121,121,128,128,124,121,137,142,135,134,140,136,131,116,117,113,118,116,121,124,124,124,130,131,147,141,130,147,144,125,130,124,131,133,128,125,107,122,128,127,136,140,128,137,133,124,131,131,131,119,130,126,115,134,137,128,124,140,135,135,126,127,125,130,131,118,135,143,126,125,133,134,121,141,134,128,126,130,131,131,126,121,125,128,118,121,130,133,121,140,133,128,125,113,121,119,119,118,131,130,124,124,133,137,124,134,131,127,134,122,131,130,131,121,131,130,136,128,147,146,124,133,130,124,124,126,133,130,137,127,128,133,133,124,131,144,124,140,128,125,125,127,128,121,119,115,118,127,128,128,142,141,124,143,128,122,131,119,118,125,122,128,127,131,128,122,142,139,124,137,124,121,126,121,131,128,127,124,137,134,137,134,136,131,125,131,131,127,139,119,125,141,131,125,126,133,128,137,128,126,124,139,119,128,136,118,124,130,127,115,130,124,117,113,119,128,133,137,124,117,131,115,109,115,119,119,122,128,137,137,143,112,106,135,119,125,131,130,128,133,128,131,141,131,119,113,127,128,124,131
118,116,115,116,121,121,119,121,121,117,121,117,103,115,118,122,116,110,122,126,124,125,112,121,124,131,124,122,116,116,108,121,116,116,124,136,128,128,134,122,125,128,124,125,121,135,122,118,122,118,128,130,133,124,124,118,127,115,128,121,121,128,126,124,128,115,125,139,121,118,121,130,125,128,124,117,121,117,119,116,131,121,128,124,128,133,115,126,121,124,121,118,124,122,118,115,130,112,124,121,125,133,125,124,127,137,131,133,122,111,116,121,133,115,126,128,128,128,122,128,140,135,124,128,116,116,121,133,116,96,112,124,115,115,110,112,118,122,115,117,108,115,113,108,119,101,116,113,116,127,116,109,117,122,121,126,113,115,115,118,124,106,122,117,118,126,131,130,134,124,128,118,113,116,115,124,121,103,110,133,128,124,119,121,117,124,118,125,126,116,105,122,121,109,113,118,121,124,121,125,125,119,122,128,127,124,115,142,115,124,105,117,126,143,152,146,141,135,131,124,134,131,110,133,125,128,115,115,127,119,122,121,131,130,128,121,131,131,121,124,124,124,126,110,135,125,122,128,131,135,131,134,151,139,131,124
111,128,136,128,131,130,130,125,124,124,124,128,135,136,130,108,124,128,115,130,135,131,136,130,128,124,130,137,127,137,124,124,137,118,111,121,131,124,115,121,121,131,131,107,126,136,135,126,141,124,122,141,137,104,130,126,131,131,124,118,125,131,137,124,135,121,124,124,116,121,115,110,124,121,121,124,118,121,140,121,137,124,110,126,135,122,134,126,137,127,116,106,121,128,135,119,139,125,128,131,131,125,124,125,136,141,115,127,125,103,130,128,141,131,135,116,124,128,128,107,115,134,119,127,113,124,137,131,136,128,128,121,134,135,136,125,128,127,137,122,110,115,135,135,134,125,131,121,126,128,121,115,111,115,110,124,117,117,135,130,135,121,128,121,122,128,122,124,128,143,127,133,107,116,128,139,140,130,131,116,128,141,143,128,135,119,121,127,118,121,126,135,131,119,124,115,119,126,121,121,116,113,113,117,119,119,109,131,137,125,115,137,128,131,124,113,119,126,141,149,143,121,108,115,125,135,122,135,144,147,143,144,152,145,135,128,131,121,121,106,99,130,128,128,137,131,131,131,121,127,127,134,131,137,133,110
127,130,128,133,128,124,130,126,136,131,119,115,137,137,135,121,127,121,125,121,117,127,124,131,124,124,128,119,119,111,127,135,130,130,118,115,121,112,130,122,128,133,119,124,115,105,122,134,135,124,125,108,127,124,116,119,119,118,119,122,109,111,126,131,133,131,131,119,121,122,124,126,124,133,124,111,116,118,128,137,137,127,135,121,134,124,122,124,121,125,128,110,113,113,126,137,131,128,130,118,127,124,124,126,125,126,124,121,121,127,131,137,128,134,124,127,121,121,124,128,128,125,124,124,115,124,127,130,135,136,128,130,128,128,137,135,135,141,130,128,116,128,124,131,124,128,125,131,136,127,134,137,139,135,137,133,121,124,125,124,124,127,119,121,125,134,130,128,127,130,130,126,124,128,131,118,128,134,117,131,140,137,140,147,140,145,134,137,128,124,124,128,118,130,109,124,135,131,131,128,131,128,126,128,130,117,116,125,121,118,116,112,118,128,125,122,130,131,130,128,125,116,103,108,139,113,113,111,124,126,128,133,133,131,131,131,125,116,115,121,117,124,113,115,122,118,122,121,115,119,124,119,116,107,121,122
131,137,135,134,146,141,139,137,142,141,140,137,137,140,143,131,133,131,128,130,137,137,133,136,134,139,131,133,131,136,147,142,126,137,128,122,131,128,130,128,125,128,131,134,134,139,131,131,133,122,121,134,128,124,128,124,121,125,131,121,122,134,134,131,135,126,121,130,115,110,116,113,115,118,121,110,122,133,139,134,134,130,127,128,112,118,119,121,135,131,130,127,124,131,136,141,134,125,128,134,111,118,127,125,127,119,122,119,121,113,124,131,133,126,128,130,115,110,109,118,124,118,115,118,121,121,135,135,134,128,131,126,112,116,122,121,125,124,125,126,119,131,135,128,128,127,134,130,124,124,126,121,128,124,121,124,122,128,137,128,130,128,131,136,121,121,122,125,122,119,126,125,124,134,136,128,131,127,128,139,128,124,124,127,130,125,131,134,140,131,133,128,119,121,125,135,133,128,131,136,135,125,134,131,122,124,131,117,131,131,131,130,131,131,134,134,131,135,140,131,118,137,137,115,133,124,124,127,136,131,133,134,139,131,128,125,124,133,124,126,126,124,128,141,135,125,134,128,131,134,130,135,131,130,124,136
122,139,136,137,134,135,131,136,131,131,137,135,131,133,136,126,121,111,125,135,126,131,131,133,133,139,128,126,121,116,113,128,126,135,118,121,116,121,118,124,127,124,128,121,118,121,121,137,131,130,127,119,124,124,122,124,131,131,127,128,128,124,128,133,128,128,130,124,122,118,131,130,124,133,126,122,121,115,121,135,131,130,124,121,130,126,122,118,126,127,124,115,122,122,124,137,126,126,128,121,130,130,121,115,125,127,127,125,124,124,128,131,131,130,131,124,135,133,134,125,124,128,128,122,121,118,128,139,122,118,124,121,128,124,126,134,128,121,124,121,125,118,128,135,127,125,125,128,127,126,121,124,128,127,128,122,124,121,128,137,121,124,126,122,124,128,125,125,125,124,126,127,125,116,119,131,128,127,125,124,122,130,130,118,130,127,121,111,110,121,126,140,125,128,124,126,128,124,125,124,119,124,128,124,124,125,119,127,137,135,125,118,122,118,121,126,122,127,131,135,131,124,131,110,124,139,126,115,121,133,137,134,136,135,140,131,128,135,136,110,115,112,141,124,137,135,130,131,130,126,133,124,116,117,130,110
139,124,121,118,121,122,124,121,126,124,122,116,109,122,137,126,125,127,121,121,119,126,127,126,121,127,128,128,118,116,135,131,119,126,131,131,128,135,137,126,125,124,127,127,136,145,135,131,121,135,133,139,134,144,125,128,124,116,130,124,128,134,130,124,127,133,140,122,112,112,145,131,121,125,112,121,137,144,137,126,124,133,142,145,128,146,128,128,124,139,141,130,133,147,137,124,121,134,139,144,137,136,124,110,134,126,119,140,131,117,155,126,118,128,137,142,117,111,121,128,128,117,121,124,134,142,148,125,118,124,137,115,110,121,118,131,133,131,124,134,130,141,152,124,122,136,142,140,124,125,126,113,124,118,133,142,144,144,148,134,124,134,140,147,133,133,125,126,135,115,127,130,137,149,137,131,124,130,135,131,128,127,125,134,134,126,144,127,140,131,145,119,115,130,131,142,136,128,133,140,137,135,153,131,140,136,154,117,119,119,133,145,144,131,141,140,145,144,154,137,122,153,142,118,124,126,148,143,146,139,131,131,145,124,115,111,115,159,153,134,121,118,140,163,131,115,112,111,118,124,116,104,103,115,121,118
124,124,124,126,133,135,134,131,134,130,135,142,131,134,135,128,135,122,122,121,130,125,130,136,128,128,131,133,135,134,136,148,128,130,126,125,134,134,131,142,131,131,122,130,128,145,131,137,134,133,133,137,148,142,143,145,141,143,141,139,137,137,130,137,144,137,137,136,146,137,140,128,133,128,134,137,126,133,126,134,146,142,136,142,139,140,135,140,133,133,136,130,130,140,131,133,134,146,140,134,139,133,131,131,139,136,137,137,139,137,137,131,134,142,142,126,128,130,147,135,142,128,143,136,139,143,135,131,131,137,141,133,147,143,142,143,135,128,141,134,139,142,137,128,127,141,139,146,141,147,135,133,128,133,137,139,139,142,137,134,133,140,144,146,145,144,140,139,140,137,153,145,146,134,139,133,131,135,137,128,146,140,137,139,143,133,149,143,145,139,135,122,126,131,134,128,136,148,146,139,139,140,140,145,135,128,136,127,121,124,124,134,141,143,141,137,134,137,136,133,117,128,128,124,127,121,126,126,135,141,140,131,131,126,121,121,116,131,133,124,131,122,130,125,134,124,115,119,119,128,121,121,131,125,133,131
119,116,113,100,103,105,106,108,105,105,103,106,105,115,111,124,128,117,111,110,104,108,117,128,118,116,130,124,128,124,136,111,128,116,124,130,131,125,128,124,121,141,135,117,124,131,145,124,121,118,149,142,143,142,137,134,133,144,142,131,133,131,142,111,121,112,146,136,135,128,128,143,130,137,119,136,128,137,148,126,113,111,143,153,140,158,144,134,139,130,117,118,146,145,149,127,126,115,143,141,141,156,137,124,125,131,119,136,134,115,142,107,124,115,142,142,137,139,137,135,134,128,116,125,125,128,142,113,115,111,144,137,128,130,124,136,131,128,121,130,115,127,140,106,119,126,149,133,131,145,125,124,113,125,124,124,115,124,137,117,119,124,136,128,128,131,125,131,128,122,121,125,119,134,141,112,118,124,136,131,130,122,121,128,131,119,136,128,122,131,139,111,121,121,131,141,134,113,115,122,115,109,128,127,134,125,146,113,115,109,115,133,130,117,122,126,116,125,137,134,131,133,155,124,121,127,145,139,142,137,124,117,134,128,121,115,113,135,141,108,115,113,143,153,136,117,110,110,118,116,119,103,106,115,115,109
145,133,142,137,149,136,130,126,130,128,128,139,133,128,119,154,130,122,126,128,137,136,124,127,121,127,121,124,121,133,144,128,136,136,135,115,118,117,117,131,117,115,126,116,117,126,133,131,137,134,124,115,119,118,117,124,118,116,124,116,113,115,124,124,128,134,128,121,115,115,121,116,127,121,121,127,118,117,113,121,131,131,125,117,119,119,119,112,119,117,121,131,105,106,118,124,124,127,124,131,124,115,117,115,125,117,136,113,106,121,128,122,124,131,126,122,115,115,113,121,121,106,112,109,99,101,121,118,126,139,131,128,125,124,121,116,121,107,121,118,119,119,137,124,128,135,134,125,122,112,115,121,110,116,121,115,121,115,128,128,136,140,140,128,127,112,119,122,118,131,117,125,117,107,130,131,134,137,134,125,117,110,115,108,108,117,115,121,119,124,134,112,133,139,142,115,103,111,109,109,111,115,98,109,119,121,131,124,133,126,139,128,115,116,117,100,112,112,125,135,133,124,125,118,139,112,128,136,128,131,128,131,139,136,124,121,117,100,112,128,141,136,115,126,107,122,128,131,128,126,118,116,116,124,137,152
115,124,124,126,110,116,121,121,125,128,130,128,126,127,119,110,131,112,107,121,111,117,115,124,121,124,124,125,128,119,127,117,130,122,124,125,131,126,133,142,128,140,135,135,142,128,121,125,127,126,131,124,131,135,137,137,134,135,137,130,131,130,115,122,127,121,125,128,131,121,136,140,128,124,124,116,128,127,107,122,124,124,125,126,134,137,136,134,136,134,126,124,130,126,115,124,124,124,128,128,128,126,124,122,137,134,130,140,127,121,117,118,121,125,130,124,133,131,124,126,131,133,130,130,128,126,117,116,125,136,137,122,131,125,119,122,128,133,137,135,131,124,124,124,125,134,137,130,135,128,128,127,128,134,140,133,131,117,125,122,124,128,131,131,133,128,130,130,127,124,131,131,122,105,121,119,126,122,128,124,127,119,122,126,124,118,126,121,127,115,122,105,117,117,121,106,126,125,130,127,121,122,125,124,118,109,115,126,116,107,113,126,128,131,135,126,125,126,119,115,116,112,111,118,126,115,117,119,121,115,119,117,112,117,115,118,127,119,112,111,118,121,128,116,128,126,133,134,135,137,126,116,125,127,122,119
139,134,125,125,122,127,124,118,115,115,116,110,121,136,161,143,139,144,125,130,125,118,115,118,112,115,106,101,119,118,137,145,130,143,131,134,130,131,130,127,124,128,125,124,127,135,127,140,128,131,124,139,130,121,124,134,121,121,134,117,115,131,125,141,128,133,125,137,137,128,128,135,131,131,143,137,130,136,136,141,126,142,137,131,130,128,128,133,134,136,145,137,133,143,139,140,131,141,131,139,133,130,141,144,130,125,127,128,134,137,143,128,133,130,126,126,128,135,131,133,126,126,130,118,124,131,140,133,124,119,118,121,122,124,122,128,127,135,125,121,128,124,127,128,121,124,118,121,131,128,128,131,137,130,133,126,128,128,127,125,126,126,127,126,124,121,126,130,124,119,124,111,112,125,124,124,122,125,118,111,116,113,110,127,125,124,119,124,130,124,115,118,121,125,122,141,131,128,124,126,128,134,124,124,127,135,125,128,124,117,126,131,127,121,122,121,118,111,109,108,115,121,124,124,124,137,124,127,115,107,107,103,109,106,111,117,113,130,141,133,128,116,124,124,115,115,106,110,117,118,118,131,128,119,136,145
115,117,128,127,128,131,130,126,128,124,128,127,118,108,119,136,124,101,122,130,128,136,128,124,125,127,124,124,122,124,104,130,141,121,121,140,133,134,128,130,126,136,146,137,139,131,130,141,133,131,134,143,133,128,128,148,133,135,136,131,131,131,128,137,131,121,121,133,127,124,127,127,131,126,139,146,140,137,134,131,128,126,121,137,122,124,148,149,133,139,134,127,131,133,140,131,128,127,126,131,131,137,117,128,137,141,131,137,130,116,119,128,128,127,124,126,141,142,133,128,125,134,134,128,122,131,117,133,140,131,134,130,133,140,139,136,139,137,148,128,135,136,135,148,139,135,136,133,131,134,135,127,125,128,128,131,125,143,130,149,137,135,127,144,134,149,135,124,141,144,137,148,131,137,124,164,139,134,135,139,137,142,145,142,140,130,128,128,134,136,125,148,135,136,137,136,137,128,121,135,133,127,128,124,130,141,127,128,143,128,130,128,134,126,124,130,119,126,131,130,142,131,125,131,131,133,126,126,122,125,124,128,127,133,124,128,135,128,131,133,124,146,124,115,126,115,126,128,131,137,125,128,136,145,135,130
135,137,135,133,131,126,130,136,131,139,143,148,144,145,135,130,125,147,149,136,137,139,127,128,124,133,135,135,148,151,139,137,131,131,131,134,128,133,125,124,119,119,112,117,124,118,127,135,128,131,115,101,117,111,119,108,109,118,105,117,125,122,124,127,127,137,127,108,128,128,127,128,121,122,122,117,119,115,128,135,127,128,125,105,127,121,122,117,121,112,121,124,116,117,128,127,127,137,126,103,121,113,127,130,128,124,131,125,126,125,135,134,127,134,131,104,119,118,124,128,133,124,124,127,127,130,128,131,135,133,131,108,121,117,116,115,125,122,121,128,124,112,131,133,127,128,126,103,124,121,124,131,128,134,125,117,128,115,131,131,121,121,118,112,124,118,122,131,139,128,126,116,116,119,131,128,126,124,127,105,115,107,112,119,125,122,126,122,115,124,140,135,135,148,142,124,125,118,128,122,125,125,130,125,131,133,135,130,151,153,140,147,131,139,134,124,128,128,133,128,127,137,140,136,135,149,158,154,145,133,122,122,126,121,128,133,134,131,131,131,130,141,142,135,128,131,131,137,140,136,139,140,146,140,126,124
131,134,142,149,152,148,144,147,148,149,149,145,131,130,122,119,144,118,131,146,126,143,136,136,137,149,137,134,124,121,115,121,137,131,126,124,127,135,130,139,135,127,131,149,126,121,124,134,143,133,136,126,124,130,135,144,134,131,128,136,117,121,127,136,142,140,135,119,115,121,137,139,137,131,128,130,137,137,133,134,140,136,136,124,124,127,133,127,134,135,131,130,127,136,134,133,145,139,134,141,131,139,136,131,128,131,121,117,130,122,139,137,141,140,135,124,119,133,121,139,125,135,127,118,111,111,136,136,148,141,131,121,117,117,117,118,124,131,121,124,125,128,131,135,143,143,135,127,125,118,131,127,130,131,125,109,113,117,134,140,140,147,141,128,131,116,115,118,119,121,110,101,118,121,137,130,137,149,137,122,112,105,115,124,121,122,108,111,107,130,136,139,133,140,131,119,107,115,121,115,107,122,118,112,113,109,127,135,121,139,121,121,124,108,115,118,124,121,103,109,115,111,116,128,128,130,116,103,101,117,115,115,109,115,111,124,124,131,135,130,117,118,110,103,117,115,124,127,127,116,115,118,116,112,115,111
136,135,141,137,136,135,136,133,131,127,127,127,134,133,126,128,126,126,133,131,134,128,125,125,134,128,124,124,127,124,127,121,131,124,131,124,125,122,133,128,133,127,126,126,121,122,121,131,131,128,128,126,118,124,126,124,133,133,131,131,128,124,125,135,131,127,121,128,127,128,125,125,130,128,128,119,121,124,119,131,136,128,124,113,131,121,122,122,134,133,130,127,124,125,121,127,140,127,128,128,131,116,117,121,128,128,131,128,131,121,128,136,144,134,137,128,136,128,124,127,125,131,125,131,130,125,128,135,124,124,131,122,121,122,130,124,128,125,121,121,124,121,122,122,122,126,128,127,128,124,124,128,126,121,127,128,131,126,127,125,118,124,128,118,117,125,125,128,130,124,125,133,130,128,122,124,121,122,128,127,131,133,127,117,126,122,128,125,130,127,119,131,121,131,133,133,131,137,128,135,134,131,131,128,136,128,134,126,127,126,127,125,128,130,126,121,128,128,127,136,148,127,122,127,131,134,131,136,122,124,131,128,139,137,136,131,135,135,125,125,124,128,128,131,142,135,128,131,131,131,134,131,127,130,135,118
125,118,131,134,124,124,128,124,124,119,121,118,121,122,128,124,121,130,128,137,126,125,121,124,115,115,116,121,127,131,119,126,127,118,124,139,125,126,128,137,127,128,136,134,141,154,124,127,133,131,133,149,141,139,145,136,131,135,136,131,140,137,131,134,124,121,124,133,124,122,131,121,113,115,104,112,117,122,128,112,125,131,121,145,117,134,128,126,125,127,118,124,124,128,126,115,121,127,124,148,130,131,128,128,121,125,115,124,126,119,113,126,121,125,117,137,121,125,124,125,112,122,117,117,131,124,117,116,118,116,116,137,126,128,130,125,121,119,128,127,131,124,119,119,115,113,116,145,128,131,121,122,121,125,131,130,128,128,115,121,121,115,117,133,125,128,124,127,124,127,131,119,140,128,118,125,121,115,119,137,131,134,139,134,130,121,131,131,137,130,117,130,124,118,122,137,122,134,139,137,141,137,137,133,137,137,116,109,127,119,121,141,131,128,133,142,145,137,131,131,127,137,136,122,115,128,127,128,134,131,128,128,128,119,125,124,131,128,126,124,121,116,126,134,109,115,117,117,106,121,121,117,121,125,124,125
119,118,121,109,121,121,124,121,122,124,128,128,118,131,121,124,136,125,135,125,128,126,131,126,133,128,131,140,124,112,125,128,126,131,128,130,131,131,139,122,128,135,135,135,134,115,145,130,127,137,133,113,118,131,128,116,126,119,118,119,130,116,141,128,121,128,131,103,110,112,127,142,130,122,137,122,126,116,107,107,122,134,117,110,125,124,115,116,115,126,128,145,122,115,112,96,124,128,124,121,130,128,128,137,119,118,128,126,115,121,133,118,122,125,131,115,116,113,119,139,121,122,118,121,99,116,128,117,122,116,131,122,116,124,121,127,127,119,127,127,127,119,128,116,126,126,130,104,134,128,133,145,128,145,146,134,125,128,143,126,128,131,136,119,137,136,139,125,128,119,124,121,110,101,139,133,121,127,136,112,106,118,116,109,104,127,130,135,119,103,130,127,117,128,142,111,104,124,122,100,109,122,124,126,127,118,127,119,133,124,128,121,119,131,127,108,128,131,122,122,124,109,105,110,122,104,111,118,115,121,113,105,124,122,107,108,116,103,103,116,130,121,113,112,107,106,124,117,113,117,106,104,111,121,122,124
110,113,110,106,115,115,121,119,116,116,108,108,103,107,113,109,125,110,124,112,122,128,124,127,133,131,126,127,130,118,133,122,128,115,121,117,115,119,119,112,124,118,115,113,124,126,137,137,130,119,131,112,125,121,119,121,124,122,108,118,128,126,146,136,127,124,134,126,127,118,130,137,130,130,122,122,124,124,130,131,124,118,128,130,135,127,124,122,108,112,110,118,128,125,133,128,124,116,134,126,135,136,124,124,125,131,128,127,124,127,146,131,119,119,139,134,141,137,134,131,141,141,137,127,127,128,141,131,119,124,139,134,139,137,136,122,119,124,118,119,116,128,144,128,125,130,137,121,116,121,125,125,121,131,128,134,136,121,152,130,122,130,137,137,128,135,130,126,128,128,130,131,133,112,156,131,118,124,134,130,125,137,133,125,126,113,121,124,122,118,144,124,115,128,125,110,121,128,133,126,122,117,128,128,128,122,139,124,121,115,124,121,131,131,137,133,137,140,131,128,122,130,135,112,108,99,117,131,134,137,139,118,130,127,118,116,124,122,111,103,115,119,121,119,128,117,126,115,108,112,111,113,112,111,111,108
126,121,116,119,125,119,124,130,135,135,128,128,134,125,116,128,118,130,125,121,113,128,121,126,128,136,131,136,135,148,146,121,119,135,148,141,139,139,143,146,141,142,137,139,137,159,131,103,115,118,134,149,149,147,137,142,133,139,145,137,139,153,125,105,118,119,131,136,137,142,147,131,141,137,136,130,139,142,134,116,118,117,136,140,143,145,134,140,139,134,131,119,127,141,137,133,117,122,133,137,149,133,130,130,141,134,124,140,134,128,117,113,122,121,122,137,137,137,139,135,141,139,131,133,137,137,115,118,107,109,111,126,116,124,124,119,124,128,126,128,128,134,113,109,108,112,107,128,124,133,122,119,131,121,128,137,128,131,98,107,111,115,99,125,125,127,124,119,124,124,118,124,126,139,99,109,115,113,101,124,128,117,115,121,131,125,126,124,127,126,117,135,121,112,105,115,101,122,112,112,106,118,107,125,133,135,109,133,107,113,115,125,107,119,116,116,118,113,115,113,106,119,101,128,130,115,99,131,117,97,97,107,104,116,131,134,121,105,105,139,126,127,103,115,113,128,121,130,133,134,128,134,135,127,119,125
124,128,135,131,133,133,128,128,133,130,128,121,104,116,121,131,121,131,130,128,127,119,116,116,115,124,126,128,115,121,112,122,130,128,133,134,128,127,121,125,125,130,133,134,118,115,121,124,131,137,137,128,126,121,124,128,128,140,128,130,116,122,122,124,131,125,135,139,128,124,121,116,128,128,124,131,128,128,125,121,134,124,126,149,128,124,128,130,133,135,121,128,127,124,125,126,131,128,125,143,124,128,126,125,134,133,125,125,128,128,108,126,135,128,124,142,131,128,124,115,124,131,134,133,121,128,115,131,134,128,128,143,137,134,126,136,131,139,135,134,136,128,124,137,136,128,136,137,137,131,127,128,130,131,128,134,128,136,124,135,131,122,130,156,140,136,131,128,131,137,133,144,136,143,127,135,128,128,137,155,140,142,142,143,154,149,140,137,134,143,127,125,143,135,141,149,145,143,143,131,134,149,139,137,135,141,128,118,137,136,135,149,145,137,141,148,143,136,136,130,128,134,131,119,118,126,135,145,139,131,134,131,125,127,128,128,124,115,111,124,131,127,128,148,130,143,131,133,130,128,135,145,131,130,128,124
117,126,121,121,124,122,125,124,125,121,118,121,127,124,128,112,121,128,131,121,121,116,111,109,115,112,110,112,115,116,125,122,119,121,125,113,107,116,111,107,108,112,109,108,118,131,121,117,119,121,128,121,122,118,118,116,124,119,112,115,124,130,119,121,121,128,124,118,109,109,109,108,111,118,121,122,119,125,122,122,124,131,126,115,106,108,112,108,124,122,131,131,125,124,125,125,124,134,131,111,116,115,126,116,126,124,126,130,131,137,127,128,125,133,131,124,117,110,121,121,124,124,118,115,130,130,125,130,122,131,131,117,124,117,121,115,119,116,115,121,130,131,128,133,128,131,128,122,113,127,130,122,116,130,121,124,127,125,135,137,128,135,128,121,115,115,115,116,109,115,112,117,117,119,127,125,133,135,128,117,115,125,122,112,113,115,116,121,121,121,121,133,119,127,124,122,116,124,118,118,121,126,130,124,126,124,122,112,121,118,128,128,130,124,119,121,109,111,116,121,121,124,127,125,121,125,124,130,117,117,121,124,119,125,121,112,117,125,126,131,117,119,118,128,137,119,116,115,115,124,113,125,122,127,128,125
122,111,119,121,126,125,127,130,128,131,131,131,127,121,115,122,117,145,121,127,133,145,137,131,130,140,137,140,131,127,128,118,122,151,131,125,131,135,133,121,134,127,127,130,124,115,137,124,124,139,135,108,117,137,121,126,126,133,131,137,135,131,134,121,127,146,140,115,122,134,136,145,130,128,145,144,140,126,126,128,128,137,135,118,126,117,119,124,112,117,124,134,142,131,124,116,136,144,134,124,121,130,128,137,119,124,131,130,128,127,137,121,133,141,136,124,128,128,127,143,135,130,128,134,135,134,134,127,128,141,137,130,125,128,134,130,124,135,134,126,140,135,131,121,128,139,137,121,133,126,124,131,125,117,131,125,131,131,122,125,127,137,131,128,136,128,134,131,131,127,124,134,128,124,119,125,126,135,128,110,115,119,124,126,121,119,126,145,137,135,125,124,127,126,121,113,135,128,126,115,119,117,115,142,133,125,128,141,121,128,110,128,126,142,137,135,131,133,124,122,118,124,124,115,128,115,128,124,122,115,113,121,124,108,115,119,121,101,117,97,131,126,117,121,113,116,117,115,119,124,121,106,109,112,124,124
137,133,125,125,130,131,128,124,135,136,143,144,127,128,137,128,121,119,115,109,137,121,117,109,116,117,122,122,125,127,128,128,124,121,115,112,124,116,125,128,115,113,121,122,121,124,124,136,127,135,121,125,124,134,133,125,130,124,131,124,124,126,130,137,140,144,128,140,147,136,141,128,127,131,137,147,128,133,131,140,143,137,124,130,126,137,137,144,131,135,131,141,133,137,142,137,144,137,136,146,135,135,133,141,145,137,137,142,136,137,143,154,143,140,145,142,137,130,146,140,147,135,134,143,140,134,135,140,149,131,125,125,135,118,133,137,140,127,133,118,131,124,131,148,144,128,128,141,127,115,118,128,130,126,121,125,126,139,137,141,142,128,130,136,133,128,128,128,137,131,137,136,124,137,134,140,140,131,136,131,136,125,131,131,128,121,131,122,99,139,125,144,130,125,125,125,117,119,115,131,131,122,121,122,115,127,125,136,140,121,119,108,126,119,121,124,130,130,142,145,128,117,118,130,126,126,118,101,131,131,128,131,134,137,153,149,131,115,124,128,128,140,117,124,115,126,133,131,137,131,144,143,126,131,131,134
143,131,131,134,128,121,121,121,122,124,128,131,121,121,127,133,131,139,149,140,128,131,124,127,124,130,124,124,137,137,139,133,131,142,161,143,140,137,134,137,131,130,144,145,140,131,130,125,127,127,141,140,131,128,125,133,130,128,137,134,134,131,128,134,133,136,143,148,147,136,137,130,136,124,124,131,133,124,140,136,131,133,147,136,131,135,137,126,126,124,115,115,130,122,130,136,131,135,140,131,125,130,127,126,131,122,117,126,143,134,128,130,133,141,134,135,121,122,127,124,121,118,133,125,148,140,128,133,128,131,136,145,136,130,131,134,124,128,125,126,134,121,128,125,131,131,131,139,122,115,122,116,122,121,118,112,143,137,124,126,126,135,133,136,124,124,122,124,125,124,126,131,149,136,133,124,134,144,130,143,126,122,126,133,126,131,126,122,115,124,137,131,133,135,122,142,134,125,117,124,121,122,121,124,124,131,128,125,128,142,133,135,126,119,118,134,127,125,115,106,108,144,146,137,128,124,134,149,133,118,121,124,111,109,125,134,127,137,128,139,126,133,128,149,116,131,130,130,121,121,119,121,127,121,116,116
137,125,130,128,127,131,127,126,130,124,127,122,122,127,127,128,118,116,121,131,127,124,128,125,126,121,124,126,137,124,116,121,124,116,121,121,117,118,112,124,136,139,134,128,128,142,113,124,130,134,127,131,128,115,128,128,134,136,127,136,127,136,117,122,117,121,122,131,116,115,103,108,131,130,109,122,128,128,121,126,119,121,122,131,117,115,124,115,130,121,117,109,133,135,124,128,119,118,124,130,124,118,117,111,136,137,122,126,136,126,121,113,121,112,124,128,116,116,118,113,125,133,139,131,140,134,117,122,119,119,121,131,130,131,122,122,125,136,131,131,131,133,119,126,117,126,127,136,128,134,128,121,128,131,127,131,131,136,119,121,111,125,127,127,124,126,130,124,139,141,124,133,140,142,112,119,113,122,131,134,128,133,134,131,139,137,128,130,139,139,111,133,128,128,136,140,136,135,131,131,131,142,133,131,137,137,128,135,125,118,130,128,127,131,124,131,137,131,136,141,146,124,126,133,131,128,131,121,115,128,131,135,135,137,121,130,137,130,126,133,119,126,140,126,133,122,124,124,137,128,142,133,124,121,126,107
113,109,136,139,131,136,133,128,134,128,130,127,126,124,104,122,98,117,108,134,131,145,139,131,135,135,139,137,137,137,107,105,124,105,101,117,111,118,124,124,141,136,121,121,124,133,117,116,131,118,116,134,122,115,116,118,121,122,125,124,124,124,125,119,126,117,122,130,128,128,128,126,131,128,128,125,121,125,137,131,119,115,127,139,122,127,128,126,127,124,131,121,117,128,137,130,121,124,128,136,117,124,126,126,128,128,125,126,124,128,119,124,121,126,125,134,130,127,133,134,128,124,142,122,127,134,125,122,127,133,121,127,128,131,131,131,131,126,128,128,121,121,122,121,116,128,128,133,125,137,137,126,116,124,126,128,128,121,127,111,118,131,124,127,128,127,127,124,127,127,125,121,131,131,126,111,118,141,131,125,128,135,127,128,131,133,128,124,130,131,131,143,109,137,115,130,127,125,137,128,135,141,130,128,121,125,119,128,116,119,116,133,130,133,128,124,134,128,130,133,124,131,131,131,131,135,131,131,131,135,131,140,130,127,111,121,115,122,128,126,137,135,124,134,144,121,124,124,125,135,127,137,145,131,137,141
124,137,130,131,124,128,128,124,128,126,128,131,145,143,151,118,158,158,136,146,136,141,142,141,134,133,131,131,128,128,163,158,130,164,136,148,137,134,144,137,151,151,141,128,140,144,147,133,127,128,137,133,147,131,128,128,140,144,135,145,145,136,144,127,118,124,137,148,140,139,144,136,146,146,121,136,140,134,137,124,116,126,137,134,137,149,136,121,124,118,116,118,136,137,134,124,119,126,131,131,133,145,133,131,130,147,122,135,128,121,133,119,124,124,134,125,137,139,143,144,139,148,137,127,146,133,137,119,122,113,126,147,144,148,149,145,128,144,127,125,122,126,126,119,116,124,136,125,128,145,126,127,115,119,124,127,121,126,127,118,121,125,130,126,125,130,118,128,121,139,128,142,134,154,134,133,124,124,140,137,153,154,149,157,155,139,136,134,136,144,136,144,110,121,133,151,149,133,121,140,144,125,131,128,137,136,144,136,125,127,143,126,126,137,127,142,131,121,143,154,154,155,139,115,145,151,149,131,137,152,152,149,151,143,134,126,130,147,140,94,103,134,149,125,156,143,135,134,122,121,118,118,111,116,121,99
124,137,137,149,133,137,140,148,149,149,149,146,143,137,125,124,125,128,137,139,131,131,142,145,134,128,136,134,134,121,124,135,127,133,143,125,131,133,121,125,128,127,124,112,111,115,119,145,128,128,126,118,121,110,118,118,122,118,106,115,115,109,110,151,137,143,141,131,137,136,121,119,134,128,118,119,125,124,117,141,131,146,134,126,137,125,124,125,124,119,121,113,119,112,115,128,133,147,124,116,128,119,112,124,121,121,117,107,121,119,131,137,137,142,136,113,131,128,125,107,116,128,127,118,121,121,127,141,116,124,117,128,136,126,119,110,112,122,128,119,105,111,104,110,110,124,115,112,121,112,111,110,115,107,103,113,104,91,99,100,110,119,115,105,105,104,98,107,103,115,103,112,110,97,106,96,110,111,119,119,119,127,119,112,124,124,110,110,121,121,116,119,101,119,121,136,127,131,126,127,127,125,112,112,119,122,131,135,104,116,128,115,113,121,115,103,103,112,126,121,135,141,135,130,137,110,119,117,122,131,135,134,126,131,136,133,142,137,121,128,105,121,139,139,141,139,148,136,127,124,117,116,122,122,109,109
131,137,134,137,128,128,125,124,130,124,124,119,135,141,128,128,137,128,127,137,128,137,137,131,131,128,122,117,115,121,117,131,126,107,113,125,121,122,117,125,115,124,131,131,128,134,104,127,125,116,113,136,127,131,130,131,128,128,128,126,122,125,116,128,126,119,115,130,127,119,125,112,109,106,113,137,127,122,113,111,133,124,117,133,116,125,131,131,122,126,127,148,135,124,115,115,131,121,121,131,124,124,126,133,135,131,130,140,135,131,126,130,134,126,130,140,115,115,122,128,124,122,124,130,131,127,122,130,128,130,127,131,117,118,119,127,128,121,124,128,135,124,122,133,130,133,134,144,118,125,128,130,125,133,131,131,137,134,137,134,134,136,136,137,126,130,126,126,128,126,127,128,127,124,134,131,135,136,142,137,126,124,121,121,115,117,128,130,126,126,136,143,136,137,140,122,125,124,128,135,131,124,136,127,128,126,137,128,141,137,136,134,137,127,125,128,131,128,130,126,130,121,134,128,131,144,141,137,139,131,130,134,137,131,127,124,122,131,148,128,121,115,137,128,133,118,117,119,109,103,110,108,112,111,126,137
126,128,124,121,122,116,115,121,127,127,126,130,137,128,121,126,133,131,136,122,118,121,118,117,121,124,126,131,126,128,128,124,127,124,141,124,126,122,122,124,124,124,117,121,119,117,137,124,131,122,135,118,121,124,122,112,122,130,124,125,124,130,137,124,137,127,131,128,137,134,126,126,134,137,134,122,124,122,140,124,137,126,134,117,139,121,121,127,128,131,119,116,135,116,143,130,144,128,135,118,131,126,130,127,122,115,131,121,124,125,136,128,143,130,127,115,131,125,117,121,122,134,131,131,125,128,133,128,137,131,122,131,134,135,118,119,121,125,125,125,131,131,133,131,133,128,116,116,134,122,124,124,127,125,125,128,111,121,126,126,122,128,113,124,131,119,130,125,116,117,113,119,116,131,125,130,124,124,112,125,128,124,128,122,121,135,121,125,126,136,130,143,137,128,115,124,128,130,134,131,124,143,122,126,130,136,131,137,137,142,126,121,127,127,134,135,124,124,128,118,127,131,137,136,145,134,122,126,131,124,118,122,118,119,118,115,127,130,124,136,136,139,149,152,146,131,128,131,128,126,131,137,130,127,121,118
118,112,122,121,116,119,122,125,126,128,128,127,122,118,103,112,115,115,104,125,119,121,124,131,124,121,115,116,116,107,91,110,115,116,112,126,116,121,125,128,122,118,124,122,124,126,108,121,119,112,115,119,115,124,130,128,126,121,121,121,117,122,118,128,122,115,115,124,113,116,131,128,122,125,116,121,136,128,126,134,131,117,130,131,128,131,126,126,121,125,121,126,127,127,127,128,124,110,118,131,134,134,121,125,128,130,115,121,124,117,124,131,127,115,115,124,126,126,128,117,121,118,107,112,116,121,127,134,133,134,127,126,131,137,135,124,121,126,122,121,122,128,144,146,134,131,128,128,130,128,119,117,113,121,121,121,125,127,142,145,141,134,137,124,118,125,116,117,119,124,117,124,119,128,136,137,139,131,131,124,126,122,125,122,122,111,122,128,119,128,130,135,137,142,147,124,124,131,131,128,128,110,121,124,118,126,124,131,140,147,143,128,131,124,127,136,121,116,119,124,131,128,108,126,142,119,124,119,128,126,125,128,119,124,124,126,130,117,116,124,124,124,110,118,119,127,131,133,137,126,128,121,134,131,131,128
130,124,116,125,118,119,119,121,124,122,121,119,131,131,125,134,108,116,134,135,134,131,121,122,125,124,127,119,124,125,121,119,118,121,127,136,130,126,127,136,133,128,131,131,136,133,115,122,122,119,130,131,130,127,131,127,136,137,128,131,137,128,124,130,122,126,130,133,136,141,127,126,135,130,128,115,134,126,128,125,124,133,137,128,121,115,122,126,127,113,127,113,128,121,131,131,125,135,136,128,125,111,121,125,144,137,139,133,137,136,127,131,125,131,134,146,133,126,124,135,145,133,140,140,140,126,131,131,124,124,128,140,127,124,121,118,125,125,127,124,131,121,121,121,116,119,122,124,124,115,125,121,124,126,128,131,135,131,127,122,116,118,121,115,124,127,135,135,140,135,141,127,140,133,139,128,117,119,119,131,137,116,126,140,121,128,125,124,117,116,130,104,124,126,125,125,133,131,128,133,121,109,121,133,137,126,137,124,116,131,137,122,124,124,127,136,131,128,124,122,127,134,135,136,115,131,139,137,131,134,134,130,122,126,148,139,143,130,117,140,128,122,131,128,121,142,133,143,131,125,137,126,135,137,133,121
130,124,130,128,134,134,133,134,135,136,137,133,135,134,130,135,133,137,126,121,127,125,130,134,136,135,130,131,121,115,128,133,127,134,113,115,124,121,124,124,122,119,126,117,111,110,121,121,127,131,118,109,121,118,119,118,127,121,118,118,115,109,117,128,130,141,131,116,124,121,131,130,131,126,137,135,128,125,133,144,130,144,130,116,131,128,124,124,119,125,130,141,124,128,127,131,127,144,130,122,124,128,128,133,119,119,117,125,127,125,130,131,126,143,131,121,139,133,130,139,117,130,128,128,127,128,124,128,124,136,131,115,127,127,125,131,125,119,130,121,128,128,127,121,117,135,131,115,131,131,130,145,131,131,136,125,121,116,121,118,115,131,122,116,124,130,128,128,130,118,124,124,122,112,122,113,118,128,128,112,110,127,128,116,133,127,128,134,128,115,121,128,124,131,133,128,133,142,139,124,131,126,139,142,140,127,137,124,126,118,125,127,140,143,141,131,142,149,137,131,124,128,130,127,126,113,122,124,133,130,128,128,133,128,130,131,131,130,130,128,135,110,124,136,135,127,130,130,127,116,131,128,126,125,142,143
118,119,124,119,119,119,122,121,119,117,124,127,128,124,127,119,116,116,115,126,130,117,117,109,111,116,113,117,119,124,126,127,111,127,126,116,115,110,113,113,116,109,100,109,122,126,122,121,122,130,124,131,119,115,122,115,117,119,118,113,130,136,119,117,117,124,124,121,119,108,118,109,113,113,115,110,113,119,121,124,119,125,115,119,124,109,106,108,107,110,121,121,121,130,119,108,116,124,115,116,122,110,111,109,112,101,107,115,117,122,124,121,118,121,124,122,115,107,109,111,110,104,113,109,110,115,121,121,139,128,133,131,125,130,117,115,116,116,112,115,124,130,124,142,135,127,130,124,125,124,118,125,121,125,127,128,117,121,122,133,137,125,128,125,121,117,118,117,110,111,106,112,122,118,125,140,131,126,135,127,115,110,108,109,106,121,116,121,118,118,116,126,124,118,119,112,118,112,111,107,111,121,119,118,118,115,108,122,125,128,121,107,113,118,118,104,107,115,115,121,121,121,115,118,121,128,112,121,116,117,121,119,116,126,124,121,121,137,136,119,116,115,131,133,130,113,125,121,121,117,122,117,118,121,118,124
131,128,126,127,128,124,124,127,119,124,128,128,133,124,124,131,140,140,131,119,128,124,131,130,130,121,131,128,125,126,130,128,125,124,140,136,130,126,136,134,142,147,133,124,130,125,130,117,128,125,143,135,135,127,127,131,137,141,134,128,134,128,128,112,124,130,140,139,135,133,128,128,141,149,135,128,121,122,134,121,118,122,128,133,134,126,124,128,139,135,128,124,124,124,130,119,124,121,137,128,136,137,124,131,128,128,127,131,121,121,118,115,121,115,139,130,142,139,131,134,136,141,156,142,140,128,126,117,118,121,139,144,147,153,149,140,131,127,140,136,130,127,121,116,111,124,144,125,128,140,128,124,115,117,125,125,122,118,122,111,105,117,133,119,128,137,130,122,130,145,142,145,134,119,118,108,106,113,140,131,136,145,139,124,149,154,144,131,124,122,126,116,119,119,122,141,139,144,133,124,124,143,124,137,131,133,121,137,117,116,133,126,126,131,124,127,128,131,130,126,128,141,126,137,147,133,133,142,134,127,133,135,136,140,154,151,139,119,115,141,144,146,145,137,135,146,140,148,149,140,147,137,148,151,133,140
124,117,109,115,113,109,115,115,109,112,112,122,119,124,135,136,125,141,131,128,125,128,124,128,131,128,135,135,131,124,128,124,124,131,117,119,128,124,128,121,115,119,118,124,125,121,127,134,124,125,111,118,121,128,128,125,124,125,124,131,128,126,135,135,124,128,127,119,124,118,121,131,111,124,126,126,121,121,121,121,121,128,124,131,122,125,124,126,119,124,134,131,128,135,131,128,122,124,128,137,125,130,126,127,121,126,131,121,126,136,136,136,122,127,128,135,124,124,127,131,135,119,110,115,128,127,139,128,115,121,124,128,125,125,117,137,128,131,128,121,122,126,131,131,119,116,117,124,128,126,121,127,125,126,125,124,136,136,137,134,118,121,124,131,125,121,124,131,127,124,127,115,126,131,139,124,122,126,124,130,124,121,121,135,124,119,112,116,124,122,127,124,121,125,117,127,122,116,121,122,131,117,116,113,107,118,125,125,117,121,121,130,126,118,119,128,128,124,124,131,124,115,124,124,112,130,131,124,131,126,126,128,128,125,127,135,121,118,130,133,133,126,122,118,121,126,128,125,125,118,127,124,125,130,137,137
124,127,115,108,115,113,115,111,104,106,105,115,121,122,117,121,124,117,121,107,113,113,113,111,109,115,124,122,115,117,122,118,125,125,128,112,115,113,119,119,122,121,127,117,121,116,116,113,126,126,124,121,128,126,116,124,122,127,130,121,116,116,117,112,133,136,133,124,121,127,124,122,124,117,127,127,134,127,128,131,135,133,130,127,130,125,127,128,130,130,127,128,122,124,128,130,131,133,133,128,128,124,119,122,131,121,125,131,125,121,122,128,133,133,134,135,128,126,128,125,127,121,128,133,133,135,128,125,112,118,117,127,113,121,117,122,128,126,121,124,115,117,115,121,115,109,109,131,118,117,121,119,124,119,116,121,115,115,107,116,110,112,107,118,115,118,117,112,116,118,121,117,124,124,108,115,112,118,109,127,124,113,110,121,121,125,128,121,127,122,110,137,118,122,121,134,131,131,134,134,131,137,137,127,121,124,110,136,126,133,128,115,128,116,121,119,121,130,124,121,125,128,119,126,140,148,127,116,115,109,111,115,116,124,131,131,131,131,122,141,133,136,133,124,121,131,131,127,131,143,136,144,140,136,131,131
122,126,110,115,121,124,124,125,128,126,128,126,119,121,122,127,131,124,135,139,140,131,134,130,127,127,122,125,124,127,143,140,121,136,145,128,131,135,128,133,128,125,128,128,111,117,148,127,117,131,137,128,125,128,124,121,127,127,122,115,122,117,139,124,127,124,134,131,127,133,124,125,128,124,121,121,112,110,134,116,124,128,134,115,124,119,124,121,125,131,121,127,115,109,137,127,122,128,139,122,116,115,119,117,121,113,125,122,116,124,143,113,119,122,141,133,128,131,118,116,119,122,126,130,121,124,135,121,118,125,135,127,122,119,118,115,116,119,112,121,118,121,131,115,119,130,135,134,117,111,125,126,126,124,124,121,128,118,136,122,122,128,127,131,124,121,126,130,128,117,118,121,119,115,133,126,117,128,128,133,122,124,115,112,111,125,124,124,121,111,128,122,113,121,125,128,121,121,127,117,121,130,124,121,121,118,130,118,122,119,122,127,125,125,133,128,130,117,122,127,124,124,128,116,125,124,125,154,139,128,131,128,133,131,124,124,118,131,134,130,124,119,131,149,139,124,131,131,128,119,121,112,111,118,124,121
130,121,128,128,131,130,128,128,127,128,127,128,115,125,115,126,105,109,115,128,126,118,121,128,128,125,127,125,121,135,110,110,116,119,124,142,128,131,126,134,131,131,140,133,133,131,121,124,128,121,128,145,136,136,135,137,143,140,130,134,124,135,124,130,124,117,124,136,126,128,126,116,126,128,108,133,131,130,146,126,126,122,131,141,130,137,136,124,136,135,146,127,124,137,145,131,124,121,133,137,133,136,130,119,130,125,122,117,134,135,125,131,127,121,118,140,119,131,130,124,124,116,124,121,135,136,127,136,128,124,128,148,134,127,137,137,128,128,122,135,124,143,131,126,133,124,131,149,119,134,131,125,137,130,131,121,135,151,127,133,130,133,128,142,124,124,112,126,131,124,118,124,136,146,130,126,131,131,128,144,128,126,130,128,137,126,140,139,131,149,140,126,128,127,128,145,134,127,121,142,133,117,148,131,137,145,139,143,122,117,128,140,151,128,130,146,135,126,128,121,133,137,126,137,135,124,121,141,133,126,128,134,131,131,142,134,143,131,122,136,134,130,126,125,126,143,128,126,122,119,122,126,142,140,141,143
122,105,127,134,130,127,125,119,121,121,115,115,146,142,121,128,99,124,128,125,112,117,115,116,107,115,112,115,118,124,117,103,131,119,128,130,121,117,115,121,116,121,124,116,126,134,122,121,130,134,130,131,128,124,112,122,116,121,122,121,128,121,121,115,126,131,126,124,119,121,115,117,108,106,112,97,107,115,124,119,128,137,122,116,119,117,107,113,115,121,118,115,113,122,115,119,126,139,124,121,124,112,109,116,103,109,124,111,121,121,134,125,124,133,134,117,111,105,115,124,107,108,100,103,124,121,128,119,124,137,131,105,97,100,105,103,104,107,107,111,121,126,127,124,124,136,130,116,115,116,118,119,124,110,124,115,130,121,128,122,128,136,130,125,121,108,113,112,115,103,104,106,116,115,140,125,122,133,131,113,111,106,108,104,103,108,107,105,125,115,131,124,130,133,126,113,109,116,108,108,106,107,106,112,117,107,121,131,122,124,111,124,115,124,119,124,126,117,116,122,124,127,124,130,137,133,126,118,122,118,115,118,122,121,133,139,140,131,131,125,137,139,134,124,124,133,124,130,128,128,130,141,141,135,137,137
136,139,133,128,134,137,134,133,128,124,119,117,121,126,128,125,136,128,133,122,131,119,121,121,112,113,115,115,110,110,117,131,131,128,118,107,113,115,112,116,116,121,121,125,121,124,116,127,135,130,116,121,127,119,117,121,115,124,124,116,116,122,117,128,135,133,113,117,115,118,115,124,121,127,121,118,134,130,124,125,137,135,122,127,124,128,122,115,131,128,121,126,133,131,124,124,137,127,117,128,121,127,130,117,121,124,125,121,133,122,121,125,141,128,122,128,109,115,118,115,128,121,116,118,128,130,122,124,136,133,124,124,121,117,116,115,122,116,113,128,128,128,118,130,137,133,125,128,124,131,126,124,131,134,125,125,117,121,118,130,141,136,130,125,128,116,124,117,124,121,115,121,127,133,124,131,139,131,133,121,121,116,116,124,122,130,124,124,137,141,126,116,137,136,137,124,131,128,128,144,149,135,145,134,127,134,126,121,124,126,135,121,143,126,136,134,131,135,121,119,121,125,124,128,113,125,124,115,122,111,116,118,118,121,122,125,130,124,125,121,117,115,117,109,111,121,126,124,119,126,121,128,130,119,104,111
119,127,139,140,140,134,130,136,131,134,131,131,128,126,118,128,130,126,117,152,130,140,137,141,144,134,131,134,133,140,131,124,145,119,126,131,124,121,126,128,117,118,127,122,137,139,136,140,139,145,131,128,115,121,124,124,127,125,118,122,127,131,137,130,139,139,131,121,116,121,122,128,121,117,127,126,137,131,142,125,135,147,128,126,117,116,119,115,117,117,125,135,130,121,136,124,133,139,135,130,122,126,125,128,127,126,124,127,126,121,143,126,134,139,131,128,118,127,115,124,128,128,121,128,121,124,143,131,122,142,137,128,122,121,116,117,126,124,124,134,119,121,149,117,126,151,135,131,121,116,130,131,134,131,133,128,115,116,137,124,119,153,142,126,122,119,126,121,134,128,128,127,122,115,145,119,117,157,142,134,122,121,127,119,128,119,130,136,144,134,154,125,127,155,145,137,117,124,131,121,119,125,131,125,141,139,161,125,133,137,121,144,134,122,125,124,124,135,140,149,139,137,159,131,144,131,140,157,145,142,145,144,156,148,126,127,116,152,158,136,130,124,128,147,134,131,136,131,128,115,124,124,109,108,115,115
122,109,118,121,122,121,127,130,128,131,134,131,137,128,126,134,115,115,126,115,128,121,130,135,137,131,135,134,133,131,134,136,126,122,111,130,124,125,126,130,131,134,137,127,128,135,137,131,128,127,128,121,136,135,125,131,131,127,137,127,139,128,135,128,121,130,134,127,127,126,131,133,119,121,127,107,124,133,128,119,124,128,130,122,133,130,121,131,127,133,128,121,128,128,126,118,121,125,128,135,135,134,118,115,121,128,121,124,124,116,126,124,121,127,124,124,122,131,119,121,118,127,117,121,111,111,125,121,122,124,130,112,115,131,126,112,124,130,118,116,115,125,126,115,124,121,125,128,126,127,128,124,121,124,122,125,117,113,125,115,118,122,127,121,124,127,128,124,124,124,107,115,108,113,121,119,116,121,128,113,121,124,118,124,124,119,121,110,121,121,124,133,115,112,121,111,118,118,112,115,105,116,116,121,131,112,117,144,128,107,111,118,115,124,119,121,115,124,134,130,137,116,101,162,134,130,115,116,128,125,127,133,128,134,131,140,146,134,128,140,126,146,127,118,130,135,137,148,142,133,131,137,133,140,145,128
126,136,144,133,128,130,128,126,127,130,134,128,127,125,126,128,142,137,128,128,122,130,131,124,130,117,122,124,134,128,147,143,128,137,136,137,133,131,133,121,126,126,134,125,133,131,135,121,126,130,136,139,134,131,131,130,137,131,131,131,137,135,128,124,125,128,127,124,116,125,125,134,113,121,125,125,128,130,130,124,127,124,124,134,131,125,122,124,128,137,137,131,134,131,121,128,128,121,127,134,131,134,133,134,126,130,136,130,124,125,121,124,133,128,131,131,128,128,117,124,127,126,127,125,119,121,125,121,131,130,127,121,121,128,124,127,128,121,121,133,131,130,125,121,131,127,126,130,134,130,127,134,130,137,141,121,131,131,127,121,124,122,124,124,122,121,124,136,127,131,127,127,121,125,128,124,124,119,124,124,112,121,124,122,121,117,131,136,131,131,128,128,122,116,121,122,119,124,121,128,128,118,137,131,126,115,124,118,128,121,109,118,124,121,122,113,130,124,112,116,117,117,115,128,124,121,118,121,112,117,117,124,131,124,119,118,110,127,131,130,134,128,124,121,124,126,128,126,124,125,131,134,140,136,136,131
143,128,131,130,133,127,128,126,121,115,115,121,121,128,122,141,121,116,124,133,131,130,128,127,122,127,125,133,140,128,125,121,135,131,139,135,125,130,117,121,124,124,122,128,128,131,125,124,130,126,134,121,121,118,113,119,113,119,131,113,119,131,119,121,128,130,130,115,119,111,126,116,115,124,113,141,130,117,124,130,130,131,136,128,115,118,110,107,119,115,121,159,122,119,119,130,124,131,133,127,118,115,115,131,117,113,130,121,124,134,128,133,121,135,133,131,115,110,126,128,126,110,112,108,115,105,124,133,115,126,124,113,109,110,111,117,117,108,106,124,125,105,116,124,117,124,125,124,119,117,121,131,118,124,117,117,116,108,125,125,121,122,125,122,124,119,116,130,117,105,115,103,109,111,128,125,119,127,125,115,117,100,100,121,107,105,124,110,110,107,121,115,109,121,122,119,128,118,121,115,121,121,121,127,115,118,105,127,131,113,122,126,116,113,118,124,117,117,118,127,128,115,105,128,131,125,118,130,124,117,126,122,115,121,128,130,119,116,121,128,147,134,112,115,108,128,121,124,121,126,136,136,128,128,141,164
112,110,125,126,121,124,121,117,116,119,126,117,126,124,98,117,117,148,122,124,124,119,126,121,115,127,126,126,131,136,105,106,125,122,130,145,147,144,142,159,136,140,137,130,144,157,128,118,124,126,142,183,175,149,157,159,157,167,156,149,152,147,128,115,124,130,137,181,164,153,149,141,151,152,152,142,146,147,147,112,125,136,139,170,156,157,156,159,161,151,149,139,137,162,147,113,122,127,136,158,148,154,156,153,163,154,137,156,149,137,121,109,131,122,135,155,151,149,140,142,142,160,159,157,154,149,127,109,117,125,137,164,143,142,143,141,128,124,140,135,126,131,127,115,122,127,130,149,143,142,135,124,128,137,128,134,131,134,128,115,124,127,128,137,130,149,145,124,136,147,147,141,136,140,128,117,115,115,118,156,152,145,142,136,147,131,147,135,133,144,121,116,119,118,126,141,130,131,125,128,124,126,131,130,125,127,130,101,105,128,118,124,125,130,126,126,119,105,109,101,105,112,119,101,109,115,117,131,110,117,110,115,104,104,106,104,103,109,101,110,116,106,115,160,121,113,103,99,99,105,101,103,108,104,121,122
130,115,127,128,131,131,130,133,135,135,135,131,115,107,117,131,113,116,125,115,140,122,128,130,127,130,117,124,115,116,121,113,121,117,116,124,128,124,121,122,124,121,121,124,122,126,133,128,122,128,128,131,137,135,118,126,125,131,131,128,121,126,124,122,130,127,124,141,130,128,131,131,125,124,119,128,121,128,115,118,124,126,121,133,135,135,124,124,118,127,128,143,122,131,113,118,126,130,124,131,144,142,140,137,122,130,122,125,135,135,127,122,121,131,127,141,136,144,131,124,128,137,128,124,126,125,125,126,131,128,128,140,137,131,128,128,118,124,117,128,109,126,115,115,127,124,131,128,130,124,121,131,131,128,135,131,126,122,122,126,128,124,133,125,131,113,119,124,117,119,112,116,126,124,124,126,124,130,131,126,135,128,135,128,127,119,113,117,130,118,133,131,131,124,124,111,116,111,113,118,121,122,128,118,125,116,131,131,130,137,128,131,127,121,118,124,128,124,124,124,131,136,133,128,126,148,139,134,128,124,127,126,124,125,139,139,136,134,137,128,128,127,124,140,136,136,131,131,137,131,125,128,128,128,137,137
133,133,110,116,122,113,115,119,115,119,116,124,109,109,141,143,130,117,128,141,128,136,128,135,128,131,135,133,128,128,149,139,122,130,141,121,135,134,133,124,128,121,115,115,119,99,121,133,128,130,125,122,116,119,130,115,122,115,117,135,128,116,119,126,127,124,122,127,128,141,124,134,128,115,126,134,118,107,104,121,121,119,127,115,128,118,127,135,121,103,117,119,133,121,100,125,124,121,119,99,119,124,134,131,127,131,136,131,122,133,116,127,122,122,128,116,124,122,130,140,131,128,143,131,135,135,121,127,131,125,128,119,117,115,117,126,121,124,124,124,116,124,118,121,128,127,126,101,121,126,115,124,119,121,127,112,131,124,124,126,124,125,124,103,121,124,119,131,122,127,133,128,127,121,122,119,118,125,134,133,128,128,126,119,118,122,131,131,118,115,124,111,124,135,122,128,126,122,117,109,109,117,115,127,128,121,133,127,131,142,126,121,115,124,122,96,105,115,113,128,128,142,156,131,135,160,147,133,130,128,130,128,128,128,128,128,133,149,147,127,140,136,162,153,144,137,126,128,128,134,125,130,133,134,128,128
124,112,115,112,130,128,125,128,124,126,128,131,124,122,112,127,125,130,128,121,124,126,121,130,130,133,127,130,128,133,130,127,121,125,135,131,126,137,134,125,136,141,137,135,148,137,128,124,131,133,131,131,134,136,136,131,135,130,140,140,149,134,131,127,135,135,134,127,128,134,136,140,133,137,143,145,151,136,136,136,139,137,142,141,139,149,144,137,143,147,154,141,142,142,139,151,131,139,144,136,140,137,134,128,146,157,140,149,149,131,131,137,137,140,136,136,145,148,146,146,149,151,148,146,151,156,139,141,128,134,131,136,137,149,142,143,146,151,144,152,148,141,131,141,134,131,135,128,136,146,144,140,144,151,159,149,158,149,133,145,135,133,131,136,134,144,136,128,142,140,148,152,155,141,131,142,131,130,128,137,139,140,137,139,142,140,140,145,157,137,135,139,131,137,134,135,137,144,139,128,136,141,136,142,153,154,143,130,131,126,130,141,144,149,154,137,153,151,142,131,128,146,135,118,130,115,134,148,144,133,128,130,128,125,131,128,121,128,118,119,137,124,126,136,127,136,134,137,131,131,134,124,126,124,137,135
124,125,135,124,122,118,115,117,115,118,124,111,111,125,126,115,110,118,126,135,131,116,112,115,121,124,110,109,119,118,115,118,124,112,119,108,108,115,105,103,115,108,110,107,99,101,117,126,125,124,121,109,111,101,110,97,106,110,103,110,112,101,121,122,125,128,121,121,103,111,115,115,111,107,107,110,112,105,116,113,124,124,113,115,108,110,104,98,113,110,103,115,121,111,115,113,121,125,118,110,110,110,124,121,113,115,110,109,118,124,124,115,119,133,125,111,115,111,104,109,110,110,113,108,109,118,124,116,126,126,126,115,112,106,109,104,106,110,103,113,109,108,124,126,125,127,127,108,109,115,106,116,112,115,121,117,115,118,124,131,115,121,125,104,111,109,116,109,112,109,111,121,115,113,125,126,111,124,125,110,108,115,115,104,118,115,109,119,121,111,127,134,115,128,125,128,116,119,115,105,105,111,125,124,130,134,130,118,131,130,119,117,116,112,115,106,121,131,136,133,128,117,127,110,121,139,131,117,126,131,133,128,137,125,127,119,124,103,105,117,118,117,126,112,118,128,115,117,110,110,116,118,121,121,117,115
136,144,131,137,142,137,137,143,149,153,159,173,168,161,160,142,144,180,161,134,148,130,128,118,128,128,127,134,134,128,158,156,133,152,145,118,115,110,101,106,101,103,99,98,97,105,126,145,130,148,128,109,98,100,96,99,97,103,103,95,94,100,117,143,128,147,121,110,105,103,89,98,97,96,100,91,92,104,121,131,128,141,119,108,101,97,94,98,103,101,91,98,97,103,122,127,128,135,121,117,100,85,98,104,86,94,109,92,105,107,131,137,131,133,131,105,101,96,94,96,89,108,103,103,110,106,127,131,137,142,136,118,115,112,96,94,91,103,96,90,100,103,130,140,133,143,137,126,99,97,95,98,93,98,93,101,104,101,137,136,134,144,145,127,109,101,103,108,104,111,105,100,113,122,139,144,131,142,145,118,108,115,110,109,111,111,103,96,105,134,134,148,148,151,151,144,127,126,131,144,137,141,117,117,134,137,160,154,151,168,164,149,141,137,140,136,127,128,134,137,149,169,177,147,157,171,168,170,152,154,145,148,141,136,141,140,151,184,177,117,141,152,164,196,163,144,145,134,136,118,124,117,126,128,140,118
111,131,130,131,137,136,135,137,137,137,137,139,140,133,112,121,118,118,122,128,124,121,125,135,137,137,134,135,127,124,135,125,121,111,127,125,131,124,125,127,128,130,128,116,115,108,121,126,115,121,126,124,128,121,121,121,126,124,127,110,115,121,121,126,115,117,121,108,128,121,127,128,122,124,136,133,116,121,124,130,116,113,118,116,135,139,126,130,130,127,131,128,125,124,121,127,121,112,115,115,134,125,125,124,124,121,131,117,116,121,119,128,121,121,116,116,117,122,124,121,131,113,126,117,107,126,127,128,124,124,118,119,128,128,127,131,133,126,131,128,130,133,119,131,130,124,119,125,137,131,130,128,128,128,125,126,117,124,113,134,126,121,128,128,135,128,142,133,128,121,125,119,124,134,117,126,128,124,119,121,124,124,124,136,136,144,128,128,134,131,119,128,122,113,124,128,137,131,130,135,135,142,134,131,118,121,131,121,126,121,110,124,133,131,135,128,128,133,128,128,128,124,124,122,127,118,126,117,134,131,128,136,131,139,136,134,130,119,121,128,128,126,124,118,140,134,143,137,143,137,128,125,126,128,131,133
119,133,130,131,121,128,130,130,134,134,131,135,139,131,127,103,106,112,131,127,131,131,131,121,125,116,113,117,111,108,137,117,108,130,124,108,104,103,103,105,109,99,113,104,108,106,116,105,111,115,111,112,110,110,107,116,110,103,111,112,112,103,115,109,121,122,107,99,103,109,107,110,112,116,108,112,109,104,112,109,121,117,98,92,107,111,115,115,116,125,117,109,104,105,115,107,117,118,104,105,105,108,117,106,111,108,105,109,98,96,113,111,122,122,112,97,113,111,111,103,108,104,104,107,103,103,115,115,119,130,118,104,104,115,112,101,107,113,104,110,116,110,121,118,115,128,119,103,103,115,117,121,124,116,116,116,96,100,121,111,110,128,115,104,110,110,109,112,109,108,110,117,109,116,121,109,115,135,130,103,105,111,115,109,111,109,108,109,110,104,121,137,116,139,128,118,109,119,115,125,115,117,125,126,127,126,130,131,128,131,116,122,121,119,124,119,121,122,131,137,134,131,130,125,142,121,144,136,133,148,139,137,140,130,121,115,121,141,144,119,113,119,134,118,135,124,117,122,122,121,117,131,135,130,117,113
124,124,131,134,134,135,137,134,128,130,131,128,124,126,115,117,111,117,101,108,128,118,126,124,124,122,127,118,124,113,112,111,121,121,108,121,119,121,122,136,124,113,116,117,115,131,113,118,130,124,119,121,121,124,133,131,125,130,124,116,108,116,113,124,134,125,122,127,130,107,121,121,112,117,117,118,107,122,116,127,127,124,128,128,111,137,124,133,121,128,121,131,113,119,117,136,128,137,121,135,122,127,134,136,128,124,122,122,136,128,115,125,131,137,126,142,127,126,131,130,125,126,119,117,122,124,117,133,127,130,121,125,122,116,112,119,117,115,115,110,124,121,112,131,121,131,126,128,119,116,119,119,128,125,116,119,130,119,117,122,128,130,122,122,117,115,118,118,128,121,122,107,119,115,124,118,128,130,127,130,124,111,113,113,113,109,115,111,112,124,124,124,131,127,121,122,117,117,124,126,125,122,134,121,119,121,118,128,113,121,124,130,131,115,121,128,121,117,117,122,124,115,116,141,131,127,121,115,117,115,125,133,124,135,137,137,142,115,110,131,127,130,128,124,121,145,146,144,145,140,133,137,128,124,126,131
128,131,128,126,130,128,128,126,127,126,127,130,115,110,131,145,128,131,125,127,133,130,128,124,122,118,131,131,133,140,133,137,128,128,128,137,146,140,142,134,139,134,127,135,136,121,124,127,135,130,130,126,136,131,131,131,133,130,130,143,137,128,126,130,141,139,131,144,141,135,127,133,133,140,141,131,139,136,131,137,144,137,130,140,141,128,122,135,125,121,139,136,137,136,131,135,142,139,131,134,131,130,136,131,131,133,137,134,140,130,133,137,143,137,131,135,135,139,139,145,139,142,144,144,143,142,131,137,137,140,134,139,135,135,139,147,142,145,143,134,136,142,137,143,142,140,133,135,136,133,134,134,137,124,139,143,139,141,135,142,137,144,137,131,133,128,135,137,133,143,145,147,147,145,131,137,134,145,136,135,141,140,142,143,136,147,137,148,141,136,131,131,135,136,133,130,139,141,134,124,121,122,118,131,131,133,141,121,134,141,140,131,121,137,136,134,134,137,131,130,126,149,149,127,116,133,137,131,133,128,128,124,122,124,124,121,118,143,142,137,125,116,137,145,143,118,115,119,125,118,122,119,115,121,137,128
97,117,113,115,112,110,115,115,125,134,131,130,137,133,113,106,119,154,124,131,106,128,116,121,121,128,121,121,116,131,121,124,109,140,137,137,126,110,121,130,128,128,137,135,134,147,124,117,124,128,133,145,131,126,122,130,125,128,131,139,133,136,128,113,124,134,135,133,117,137,125,126,131,124,119,119,131,131,127,122,126,134,131,137,127,126,131,125,137,139,135,124,126,121,125,128,121,137,128,142,124,126,136,128,139,137,130,128,131,128,131,128,124,134,130,128,131,124,109,128,125,131,140,134,128,125,128,124,131,141,131,146,124,136,128,131,131,137,131,139,134,128,136,130,127,137,135,140,140,136,144,131,137,139,139,137,127,139,130,134,125,134,125,136,137,134,133,124,131,136,137,140,131,145,128,128,122,131,124,143,141,135,139,139,142,137,141,136,131,136,133,128,108,126,116,139,135,135,133,142,128,130,139,135,136,126,137,110,117,127,124,131,137,131,131,131,134,137,143,130,124,131,137,104,127,121,131,128,140,136,127,127,136,131,121,118,113,137,124,113,122,115,124,141,130,125,115,119,117,113,121,135,121,115,121,118
144,133,135,137,131,135,137,137,136,136,135,130,131,131,135,147,127,116,136,133,140,136,135,134,133,134,124,127,116,113,124,131,135,124,131,126,128,122,118,128,124,131,131,130,118,122,121,130,125,126,119,115,121,115,122,121,122,128,128,115,110,110,121,128,133,121,115,115,122,113,117,131,128,130,125,124,117,118,130,128,128,130,126,121,131,133,122,118,137,135,135,131,109,126,134,126,128,128,127,127,130,124,126,130,130,128,131,116,115,127,126,135,127,127,122,115,124,121,122,121,128,127,122,119,108,112,124,134,128,131,126,121,124,121,122,124,124,128,124,128,111,121,135,131,128,131,126,121,124,121,119,131,127,122,118,122,112,117,135,131,131,134,124,121,115,115,109,125,119,119,125,121,113,124,127,131,124,125,121,113,127,121,119,128,128,126,122,121,116,131,127,122,131,133,127,126,134,131,131,143,137,135,133,121,121,127,131,131,136,140,139,122,122,125,128,128,128,124,128,128,130,117,124,133,144,137,124,128,127,137,135,128,133,127,140,128,125,128,127,149,142,133,128,131,135,130,131,124,127,135,137,141,136,137,141,151
139,125,128,127,130,131,127,128,128,124,128,128,119,128,121,141,126,128,131,125,128,130,125,122,127,130,122,124,121,119,124,128,122,128,126,126,122,128,116,128,110,111,131,133,125,135,119,121,124,118,111,130,125,134,121,142,128,125,143,133,126,121,118,126,126,125,124,124,131,137,135,136,128,124,128,128,124,121,113,136,122,128,125,116,122,124,130,121,119,124,131,133,118,127,127,141,124,137,127,124,131,130,128,125,124,127,134,128,130,141,127,121,125,131,127,124,131,139,137,136,131,121,126,122,127,122,124,128,131,128,124,124,131,124,136,128,122,128,119,127,124,117,113,131,127,128,126,115,119,128,133,131,134,124,128,125,125,126,124,133,127,133,126,121,128,126,128,141,134,121,124,131,121,115,124,135,136,136,134,121,126,127,126,118,122,127,118,126,107,104,118,137,131,131,131,105,106,122,115,119,108,117,124,119,115,109,106,115,130,119,128,116,124,116,115,124,111,106,115,113,111,104,103,118,116,121,106,103,115,112,115,116,112,111,121,110,100,122,131,125,128,117,104,97,104,110,104,118,112,115,111,121,117,109,115,124
118,128,115,122,124,124,127,121,119,112,115,122,127,115,119,111,135,113,105,104,111,111,124,124,121,112,125,128,131,124,133,137,121,130,125,122,124,121,121,122,121,122,124,127,125,111,116,117,121,124,117,115,117,130,127,128,128,128,125,137,133,121,117,111,121,118,115,119,126,126,127,117,128,126,125,128,126,121,110,117,121,122,116,122,125,109,118,125,124,121,130,128,121,110,112,124,121,124,113,126,122,121,117,126,126,117,128,122,125,136,116,124,124,124,115,142,128,125,124,128,124,119,125,128,131,125,107,125,134,121,115,128,134,126,128,126,134,126,133,128,130,130,104,136,134,118,112,125,131,118,128,136,130,135,128,119,142,135,113,131,128,121,111,116,122,124,125,130,133,128,134,134,134,118,113,131,135,130,127,133,131,133,135,127,134,130,131,136,125,112,118,121,137,130,117,119,130,139,137,125,136,131,130,136,134,124,115,117,136,131,128,119,124,134,133,127,137,140,131,131,126,137,146,127,116,140,126,127,125,126,131,137,134,131,125,131,128,137,146,125,112,124,140,133,131,124,133,124,119,116,116,113,116,121,122,122
115,116,121,124,126,127,124,119,117,116,125,121,121,118,121,125,112,133,137,133,131,119,122,124,122,125,128,124,135,126,105,108,115,112,115,121,118,118,127,137,121,121,128,117,115,127,126,112,115,124,130,130,134,127,134,130,127,135,130,117,116,122,126,115,113,110,128,128,119,131,128,124,117,121,131,118,122,124,121,112,116,124,128,135,124,124,117,126,131,131,133,136,131,122,112,121,117,124,125,137,127,134,128,137,127,122,142,125,117,131,124,111,119,122,135,137,116,113,116,126,124,115,117,122,121,115,124,113,125,126,136,128,115,127,124,122,124,122,127,126,137,137,125,127,131,128,140,137,133,128,131,133,134,128,126,131,128,116,130,131,136,130,144,128,124,133,142,133,134,134,128,118,105,106,131,126,137,130,139,118,118,121,121,117,121,124,131,133,128,136,134,117,122,125,146,107,107,111,116,131,130,121,124,126,119,117,133,122,115,115,134,121,119,128,122,115,104,116,121,133,135,119,135,126,113,128,117,122,116,124,131,131,128,135,128,128,125,131,133,130,122,103,122,134,124,122,131,119,133,139,128,131,126,133,124,143
116,126,124,128,131,131,130,135,131,131,131,136,122,121,125,124,128,140,136,142,136,149,148,141,137,135,137,139,136,125,128,134,125,146,148,116,118,126,121,121,124,115,115,110,108,128,137,124,126,137,137,133,135,117,126,122,127,115,121,121,121,126,131,126,128,136,131,128,121,121,122,122,126,126,131,124,116,124,124,118,128,137,127,127,126,117,126,134,121,121,125,125,127,117,126,125,125,141,134,126,117,124,130,130,119,126,124,124,121,119,127,119,124,137,131,124,130,133,131,125,122,131,125,130,122,128,124,121,118,134,131,127,118,127,126,122,126,126,124,115,115,127,130,115,119,131,128,126,121,126,127,124,121,121,119,121,116,116,119,116,124,131,130,119,115,130,136,117,121,137,124,131,121,118,119,116,121,124,118,128,131,135,131,117,122,108,122,128,127,124,121,117,110,119,124,130,124,130,126,121,127,126,125,128,126,124,136,135,127,119,131,115,119,133,131,116,118,121,128,122,124,121,121,124,131,115,110,121,124,128,122,125,124,124,121,128,128,115,111,124,128,127,115,111,124,125,130,131,142,137,130,124,121,125,137,134
143,125,130,128,134,131,131,133,130,127,121,124,128,125,137,156,128,121,122,127,140,141,133,126,125,127,124,125,119,126,110,130,134,127,113,122,131,133,131,127,131,133,134,128,124,133,131,128,127,131,128,134,133,131,130,131,131,134,130,131,130,127,131,128,122,128,139,130,116,125,122,124,130,126,133,131,133,137,128,121,122,128,130,128,134,128,135,128,135,137,144,140,131,140,136,128,128,128,136,139,134,140,142,131,131,128,133,130,127,128,133,128,131,128,131,131,119,128,128,131,126,116,110,124,117,128,128,131,128,134,139,137,121,134,137,134,136,124,128,135,128,140,134,130,131,128,134,131,131,151,148,140,144,143,131,137,125,131,130,131,134,133,127,149,128,137,146,126,142,124,124,126,124,135,128,128,134,131,128,134,134,128,126,131,135,133,140,140,146,131,136,122,135,127,131,131,126,130,131,140,140,131,140,144,133,131,137,135,121,115,127,137,142,133,131,135,128,127,137,125,124,131,134,143,122,122,119,128,126,119,121,126,127,131,131,139,139,118,109,139,141,139,124,137,137,142,147,146,142,137,144,137,136,143,149,149
118,126,131,131,130,140,143,135,141,135,137,133,131,131,125,130,125,122,116,128,128,131,142,130,137,128,135,137,144,137,136,130,124,116,112,122,116,130,124,128,131,121,108,110,121,119,133,131,121,128,118,115,115,118,119,115,127,119,106,128,130,124,139,131,128,136,131,121,115,135,124,115,137,135,131,131,124,118,125,133,134,145,131,103,115,110,119,119,118,96,121,117,110,116,128,131,136,142,128,106,115,105,113,115,112,117,127,121,109,136,146,137,137,140,137,116,110,119,128,125,115,116,131,130,128,131,137,133,134,135,131,133,127,125,126,106,118,110,121,116,116,119,124,131,130,137,134,94,100,104,112,121,112,116,119,103,127,111,125,128,135,142,128,100,101,103,122,124,122,121,118,121,117,105,128,135,126,141,135,110,96,117,113,100,109,124,103,119,118,87,126,113,115,130,133,103,97,113,122,98,100,117,118,131,128,118,127,108,127,106,124,112,110,133,118,99,116,124,125,133,127,127,131,100,95,103,109,130,117,134,131,128,139,128,119,116,113,126,121,103,104,95,117,124,126,118,94,104,88,74,95,107,100,104,121,108
136,148,143,143,135,136,141,140,140,142,144,140,149,159,153,135,151,142,136,145,137,146,145,144,144,146,148,145,151,146,160,149,151,141,149,140,148,147,140,141,145,149,144,149,153,152,164,153,149,145,146,134,131,143,137,140,145,143,142,144,147,155,165,153,149,140,146,143,141,136,142,139,142,142,136,145,152,152,159,143,147,141,144,137,142,139,141,137,137,137,141,135,148,154,157,139,151,144,147,139,141,135,137,134,145,141,131,146,148,136,166,144,151,142,151,143,141,139,137,136,140,142,141,145,151,159,166,149,137,139,145,143,141,139,135,144,143,145,142,139,140,153,166,139,136,147,148,144,143,131,137,131,139,134,135,141,142,149,160,139,133,144,141,148,139,137,133,135,141,139,140,142,148,152,158,140,135,142,145,147,143,140,139,142,144,145,140,140,146,148,159,136,133,149,146,151,149,140,141,143,141,147,145,137,142,148,155,137,131,149,143,148,148,141,144,149,140,147,151,144,144,146,144,136,144,143,149,151,149,145,144,143,147,144,140,143,146,142,147,130,128,140,135,137,133,137,143,143,140,139,131,128,133,137,137,121
131,146,137,149,137,137,142,146,142,137,139,137,127,128,133,126,142,118,128,130,125,130,118,121,127,131,118,119,125,130,155,128,124,134,144,143,142,128,137,137,126,126,146,139,137,133,135,125,119,124,142,144,147,134,131,137,135,139,139,133,131,141,130,118,124,117,141,146,143,131,137,128,128,135,130,139,147,133,131,121,121,119,136,141,131,137,137,133,130,136,133,141,125,131,135,116,127,125,126,131,130,128,137,131,149,143,128,144,140,125,134,113,130,121,135,145,136,137,137,136,149,140,131,141,136,130,128,122,133,115,134,141,126,126,131,135,147,140,127,135,137,133,135,122,133,124,133,131,121,121,143,128,141,140,135,142,128,137,135,125,136,128,127,142,137,137,136,126,137,131,126,134,137,148,134,128,131,128,134,141,137,131,135,146,131,127,141,126,136,142,131,131,131,136,130,136,143,128,136,139,144,119,141,136,128,128,130,117,134,140,136,124,135,136,146,143,143,134,145,137,126,134,152,113,137,135,141,137,146,137,131,127,139,134,124,121,125,124,131,124,115,118,153,141,135,108,124,121,121,124,124,112,111,115,121,133
131,131,146,143,140,144,144,143,143,149,146,137,143,137,135,124,135,131,128,144,136,145,139,137,139,133,140,137,140,128,128,137,140,131,128,124,128,128,122,128,134,133,135,130,128,141,131,141,143,134,135,130,127,119,126,137,133,125,125,126,128,130,137,145,143,137,139,124,127,125,126,125,133,127,119,116,127,133,131,134,148,141,133,131,131,116,124,127,128,136,122,116,128,134,134,135,144,145,135,131,128,122,122,126,135,136,119,128,128,119,140,141,143,143,135,128,131,124,122,117,122,141,133,128,131,127,136,148,139,143,137,124,121,121,121,122,116,131,128,124,131,133,134,146,141,143,131,128,127,126,121,119,121,115,121,134,127,133,131,142,143,142,130,137,121,124,121,115,116,121,122,121,131,139,134,137,143,144,134,128,128,126,124,122,122,109,115,116,121,126,128,131,141,145,134,131,128,128,121,122,121,110,118,113,124,133,134,131,131,136,128,130,117,112,115,131,124,122,128,133,135,130,137,137,122,118,131,127,124,133,136,134,133,133,130,125,125,130,134,139,118,121,121,115,113,113,126,127,137,126,128,124,122,121,115,121
128,128,140,134,135,136,134,134,131,133,142,137,130,130,121,124,118,127,124,127,131,119,124,126,137,136,124,128,135,135,124,115,133,124,107,115,107,113,115,121,117,124,116,119,125,146,131,128,135,140,117,126,121,117,127,122,121,124,124,116,122,131,141,128,134,133,119,117,118,115,125,121,117,111,121,126,122,121,127,137,136,143,127,121,122,121,125,126,126,124,126,121,121,134,128,135,131,139,135,131,134,124,128,122,126,131,126,134,131,122,121,128,133,143,135,128,113,118,115,115,115,128,118,119,124,126,128,137,127,127,127,122,115,125,117,115,119,117,124,130,124,134,133,131,128,134,128,118,119,122,121,115,128,125,127,131,131,137,136,128,128,139,136,131,124,125,121,124,125,124,121,126,118,128,119,127,125,136,131,121,116,118,117,116,124,115,122,116,124,111,118,124,125,131,145,118,121,115,122,124,110,124,131,113,121,131,131,122,128,127,136,135,136,130,128,119,115,118,130,131,136,122,125,127,131,137,145,145,137,142,136,134,137,135,125,122,131,128,137,140,127,130,139,136,134,126,126,121,128,127,126,131,145,137,131,135
125,148,119,116,124,122,125,121,126,124,117,121,125,130,136,124,145,139,131,124,115,126,113,115,118,121,124,124,121,125,144,141,121,135,152,131,136,125,125,121,125,124,125,128,125,128,128,125,118,113,131,125,125,130,125,134,125,122,128,134,124,128,121,121,125,121,131,121,135,131,135,139,126,126,122,124,135,124,117,119,122,111,116,113,124,127,131,134,122,124,118,116,134,119,121,122,126,113,117,119,121,130,130,124,128,137,127,133,143,128,127,124,121,115,117,125,128,133,136,133,131,125,131,128,137,143,124,122,128,127,127,128,131,142,133,133,135,144,131,133,128,130,122,131,131,119,118,127,121,128,124,119,134,127,124,128,137,135,121,127,128,124,118,136,127,124,128,126,130,128,126,131,144,137,127,133,127,130,117,134,131,131,135,140,128,134,126,128,133,135,127,146,124,116,112,127,122,121,135,130,126,124,127,113,116,124,118,139,119,121,116,118,121,117,128,135,130,133,128,136,137,119,118,131,122,131,124,113,125,118,130,137,127,131,128,133,131,125,126,119,118,118,125,110,141,134,135,135,135,131,130,122,122,126,119,113
133,126,126,137,127,125,125,126,128,121,125,124,112,118,131,131,119,115,128,136,137,126,126,125,124,130,121,119,128,126,121,134,134,119,115,127,124,125,127,139,126,118,124,124,117,131,113,134,131,125,122,124,124,127,128,127,124,124,119,115,119,116,116,137,131,128,111,121,117,124,126,124,115,118,121,119,121,124,110,128,131,130,121,117,112,122,119,113,117,117,121,127,122,124,112,131,124,128,115,122,116,115,117,116,111,109,125,116,121,127,124,140,121,125,126,118,121,122,121,126,121,118,116,118,130,126,125,128,126,122,118,116,118,107,109,104,103,107,106,109,122,115,116,121,125,122,122,109,115,104,112,117,111,110,113,112,117,116,126,116,128,124,126,107,116,103,109,119,112,109,113,108,108,116,124,115,131,125,124,106,107,110,107,106,106,108,104,105,97,115,119,116,115,124,126,97,112,110,103,110,121,109,109,107,113,115,117,110,121,119,124,104,103,115,109,104,109,116,113,115,115,130,125,115,113,115,112,118,115,121,126,124,121,125,141,131,124,119,118,119,125,126,115,124,127,134,131,131,128,125,128,113,116,119,125,121
113,131,136,144,142,143,142,139,145,141,137,131,134,121,128,124,131,146,137,133,141,137,136,125,128,128,125,126,126,117,124,128,117,147,122,118,118,128,127,130,130,125,122,122,124,127,117,121,121,137,115,125,125,119,124,124,121,124,124,131,131,128,117,119,118,126,117,124,134,146,139,140,133,131,133,131,117,121,110,124,121,131,113,118,131,115,126,127,128,124,131,121,116,119,110,115,124,134,105,118,126,119,127,131,125,127,130,124,121,121,124,124,121,124,110,115,125,131,140,140,133,134,133,124,126,119,115,121,125,135,115,125,128,134,144,134,131,128,137,128,128,122,116,119,122,133,112,121,124,128,137,133,131,128,133,128,131,125,122,121,126,133,116,125,137,130,141,128,135,135,125,128,115,126,121,128,121,134,126,121,131,128,131,135,136,134,133,128,128,118,107,128,117,124,121,110,110,121,118,126,125,125,126,119,115,121,109,109,124,112,117,103,111,121,121,119,131,131,128,133,134,125,121,117,128,115,109,103,103,117,128,127,130,128,122,124,124,118,111,126,130,128,116,110,116,112,119,118,117,110,121,125,130,124,128,130
106,124,124,131,115,117,121,122,131,128,125,128,147,144,119,116,117,128,115,115,124,116,135,130,121,121,127,131,128,118,121,115,124,124,125,124,130,140,130,130,128,127,119,119,119,113,124,121,119,115,124,121,124,128,122,126,124,118,134,126,121,113,115,126,108,113,121,111,131,122,122,126,119,121,126,119,117,115,95,124,108,124,121,101,124,121,119,128,109,115,118,115,111,121,111,119,108,124,116,108,124,124,121,124,111,117,122,125,119,110,109,116,113,117,110,97,118,121,128,124,115,119,117,127,125,118,107,126,115,125,118,105,116,121,128,111,112,109,124,115,118,113,110,128,119,121,116,116,116,126,125,115,115,115,119,131,121,112,121,134,121,124,113,117,115,134,135,119,126,128,128,131,128,118,125,134,122,116,109,113,124,128,124,115,117,108,125,130,141,115,128,117,127,126,121,128,122,128,128,126,134,121,121,130,133,141,137,137,131,126,131,133,126,136,134,137,127,124,139,139,147,130,119,136,139,130,124,133,128,136,136,137,133,142,135,134,142,119,115,121,124,133,117,127,137,135,136,136,133,121,122,117,131,124,115,118
127,134,156,155,163,161,157,157,156,151,149,144,145,136,126,122,133,141,130,140,141,142,144,147,146,147,142,140,145,141,131,128,141,139,127,126,133,125,131,143,147,148,128,125,127,128,134,137,151,131,124,118,124,133,135,137,144,149,137,137,131,134,134,136,149,139,127,124,128,127,141,121,157,149,113,131,136,128,134,137,151,147,121,122,128,137,137,124,152,134,125,113,137,131,143,136,151,151,137,144,130,131,130,119,143,141,127,130,137,128,137,142,149,153,137,128,137,137,142,127,136,136,147,133,141,145,130,144,159,152,134,128,137,131,135,133,122,133,131,137,137,131,133,153,157,154,137,125,131,137,131,117,121,128,128,121,137,136,131,149,154,154,128,140,128,126,115,118,127,134,140,141,139,142,127,148,157,156,136,125,140,142,133,126,145,143,143,144,122,131,135,139,140,151,135,127,130,131,141,131,125,130,128,135,124,142,130,131,131,135,140,128,131,125,131,122,128,130,143,145,140,145,135,121,136,128,128,131,143,144,146,147,148,143,142,137,128,142,128,124,127,130,122,143,135,148,124,136,128,127,135,127,130,133,137,130
124,128,127,133,130,131,131,127,125,122,127,128,128,136,137,128,151,128,128,128,140,125,124,118,115,119,110,103,113,100,122,149,149,134,124,115,119,107,113,115,113,107,105,106,106,107,107,145,146,134,121,124,117,116,118,121,117,125,118,113,115,117,104,145,136,137,124,128,136,127,124,131,124,126,126,121,113,117,119,156,134,135,128,130,125,128,134,130,127,127,124,136,125,121,121,151,134,135,133,124,119,131,142,141,118,124,134,125,124,126,119,151,134,137,128,125,128,139,133,131,128,131,126,131,119,109,118,149,128,126,124,127,131,136,130,127,119,126,124,115,124,116,113,144,131,124,127,121,128,121,127,131,131,136,128,128,126,113,121,141,128,124,139,125,128,125,127,142,128,128,127,124,122,109,124,137,126,121,125,112,131,131,136,143,131,131,124,121,119,112,112,121,133,121,124,111,128,131,130,125,128,126,122,131,115,104,112,110,135,127,126,124,122,134,131,128,131,131,128,128,128,115,127,125,117,106,121,125,131,133,135,134,134,133,137,136,125,126,125,119,115,113,122,128,133,134,125,118,128,127,140,121,127,121,127,126
116,127,130,127,125,121,116,126,124,124,115,112,131,136,126,108,133,137,134,131,122,135,130,142,143,146,134,136,137,144,137,128,126,122,134,128,135,126,128,137,131,139,131,140,144,139,136,121,121,121,142,130,139,143,134,142,137,142,133,141,144,149,137,122,119,121,137,144,141,139,143,126,144,142,131,145,151,140,136,128,117,125,134,128,139,134,139,139,128,125,131,128,137,142,139,124,118,131,134,127,144,137,119,127,141,145,131,141,143,122,121,117,118,131,128,133,139,137,143,125,128,135,139,133,142,140,125,124,116,121,124,128,137,136,137,143,131,131,139,128,137,135,124,117,121,124,128,125,131,131,131,126,130,124,124,135,128,131,116,121,118,124,122,139,133,135,130,127,131,140,131,140,131,125,117,116,124,131,118,133,134,136,144,139,142,128,136,137,128,119,118,128,115,127,125,125,139,145,147,131,133,137,141,151,137,137,124,131,137,136,121,122,140,143,146,151,146,149,148,145,135,128,137,126,130,139,130,128,145,137,145,145,146,143,134,133,124,124,139,130,119,125,125,115,137,127,127,127,118,119,118,124,127,127,116,128
109,104,115,103,118,115,119,118,115,112,111,105,109,112,121,113,121,137,133,118,128,121,126,124,121,117,107,111,108,107,124,125,121,141,122,108,113,111,117,96,105,104,98,90,103,100,121,109,134,139,118,103,115,113,105,100,106,94,101,106,121,112,122,115,131,140,124,96,103,107,109,115,95,98,95,100,95,103,109,116,135,141,125,103,112,108,91,94,90,91,99,106,105,115,111,115,125,141,124,98,113,101,87,94,91,95,106,97,97,119,116,125,121,146,136,109,109,97,96,103,109,93,96,90,103,103,121,121,136,140,128,110,108,103,106,103,103,98,97,96,88,107,111,115,124,126,127,105,108,93,92,101,80,88,103,89,115,106,126,116,124,128,126,99,109,93,99,112,100,103,105,110,101,97,130,109,128,130,137,106,109,105,101,98,100,87,97,104,88,101,117,115,119,119,128,96,109,105,90,108,96,86,93,97,96,93,112,111,115,126,137,103,108,108,101,99,103,90,91,100,106,124,128,105,117,116,127,108,100,94,108,100,104,108,105,105,113,124,124,107,112,108,133,122,127,100,118,117,121,128,124,100,109,115,108,105
125,124,127,128,128,131,134,131,126,126,128,127,126,117,112,128,128,124,113,115,119,127,133,136,131,131,131,134,125,124,131,128,124,124,128,125,127,131,128,131,131,128,124,128,124,124,127,119,121,131,127,131,131,126,128,130,133,137,124,141,125,126,125,116,127,131,128,128,134,124,121,121,127,118,117,116,118,127,119,124,125,131,125,125,137,119,124,128,124,122,121,109,117,128,128,131,128,139,128,118,135,126,121,117,124,124,124,127,124,124,131,122,130,134,133,121,124,126,128,124,115,124,125,125,124,128,125,127,126,131,128,128,131,124,131,125,117,107,125,113,110,119,130,119,127,134,131,125,121,112,115,113,99,111,116,111,127,122,128,124,124,130,121,124,121,116,121,124,121,124,128,119,128,122,128,128,128,134,121,127,127,127,126,124,124,124,117,115,110,118,133,128,124,131,121,131,125,121,121,117,121,119,119,115,122,126,130,113,135,131,121,117,119,121,122,121,121,124,136,135,128,122,133,121,124,128,130,125,131,131,141,139,133,137,128,128,121,131,127,117,126,119,135,119,137,124,125,128,136,126,127,119,115,119,121,112
92,118,130,131,128,136,136,137,131,133,134,133,125,131,126,90,121,130,139,127,126,130,144,128,137,131,137,135,134,127,133,131,128,143,134,126,130,125,128,117,131,125,124,128,128,116,131,135,131,143,130,121,125,136,124,128,125,124,127,127,126,124,128,135,130,142,125,118,124,130,124,127,126,121,128,124,125,122,118,124,131,144,128,128,124,126,121,121,121,125,128,128,124,127,124,126,125,140,124,135,128,127,124,119,118,116,130,124,122,124,130,131,125,139,131,122,122,118,124,122,127,118,124,117,121,127,130,124,125,128,126,119,122,125,131,128,124,106,131,131,131,126,125,119,124,135,128,119,126,117,127,126,126,128,127,119,128,131,126,121,119,134,135,121,121,121,131,122,124,125,128,130,124,124,128,124,121,131,139,127,119,130,125,124,117,121,117,130,121,117,124,128,111,126,137,117,121,124,110,118,124,125,115,124,115,128,127,121,127,135,137,115,110,131,121,119,128,126,130,144,130,131,126,118,116,119,140,124,118,134,135,125,137,137,128,122,119,125,126,112,101,110,119,127,130,121,124,124,128,130,128,134,131,135,118,112
122,128,117,118,122,117,121,126,126,130,124,125,124,136,145,125,137,141,148,143,139,142,143,145,141,142,136,137,126,134,140,148,128,137,134,128,134,134,131,124,126,122,128,118,117,128,128,128,131,127,131,116,112,124,121,131,127,118,125,124,124,127,131,121,128,124,139,122,118,130,130,128,117,109,124,130,118,116,125,121,126,125,124,113,118,118,121,122,121,127,128,131,131,128,133,124,125,119,133,136,124,126,115,117,128,133,128,135,117,115,142,124,122,124,134,128,125,137,127,125,128,126,124,135,119,127,130,125,115,116,130,117,117,115,124,122,126,121,118,122,126,121,128,111,119,121,130,131,126,121,121,124,118,117,121,128,122,122,128,115,117,118,128,126,118,126,125,121,124,119,115,135,121,113,124,111,117,119,131,122,111,125,121,112,108,107,118,128,118,126,133,106,119,128,127,137,126,116,121,111,113,113,115,124,128,130,146,106,124,124,118,139,131,130,127,121,118,124,130,118,116,131,137,115,117,117,139,142,135,126,121,115,124,118,111,111,118,130,126,121,115,116,125,124,111,117,121,124,124,128,127,124,122,128,117,117
142,140,135,141,139,135,137,136,136,134,136,135,141,135,131,124,140,155,147,140,143,142,140,136,137,139,140,140,137,134,144,133,131,143,143,140,140,141,139,141,140,137,143,142,141,140,134,126,134,145,143,136,139,137,131,135,133,137,140,141,140,137,131,125,133,140,146,148,140,140,137,139,140,142,137,136,147,149,135,124,131,141,137,143,144,139,137,134,140,141,140,134,145,144,131,118,131,146,137,142,140,140,136,130,137,133,130,133,134,134,140,121,131,141,142,145,137,137,131,131,136,139,135,133,143,137,139,121,139,145,141,151,144,143,146,137,140,147,143,145,140,146,140,126,135,144,140,145,141,145,145,134,145,142,147,155,136,142,131,125,136,143,135,149,142,143,141,131,135,137,141,139,143,148,137,130,136,144,137,147,143,140,140,137,140,143,148,142,142,144,149,140,136,137,124,145,141,145,147,143,139,137,146,144,142,146,147,130,141,137,135,137,140,143,147,141,137,145,142,128,127,156,155,128,137,131,141,151,147,137,131,128,127,122,124,119,128,147,145,128,136,133,149,155,144,126,126,124,119,122,116,122,118,115,124,131
124,124,121,121,124,125,126,124,128,126,124,124,142,144,121,135,128,137,117,113,113,115,115,115,124,117,121,118,121,121,128,127,128,116,115,116,107,111,118,109,127,115,111,117,117,115,118,128,121,119,112,99,112,125,118,113,115,93,116,115,119,106,122,124,124,115,113,107,99,118,126,128,111,109,118,124,117,113,103,121,124,117,110,124,112,109,107,115,112,121,127,141,126,128,104,127,122,116,115,124,118,128,135,131,111,107,131,110,111,128,126,130,115,124,122,118,111,110,105,124,116,110,112,113,111,112,131,125,122,116,122,124,116,112,116,125,125,121,113,119,117,111,131,130,134,127,124,124,125,119,125,133,128,128,128,126,119,110,134,131,134,126,133,106,121,121,128,121,124,118,118,116,111,108,128,135,130,124,125,127,118,113,121,115,115,113,110,113,113,124,119,124,118,124,130,135,128,128,117,130,135,128,133,131,122,115,130,140,134,127,126,115,126,126,126,122,134,143,137,140,126,112,121,128,128,119,125,118,133,136,135,137,131,128,127,127,124,108,112,137,130,128,121,121,110,121,131,137,133,130,131,147,137,128,131,145
118,128,140,140,142,145,141,137,137,137,131,125,117,119,116,121,131,125,126,137,130,137,136,146,145,149,137,140,149,148,135,124,140,124,128,133,142,141,139,131,137,135,143,141,141,140,127,124,133,125,126,130,134,126,130,135,137,131,140,128,130,135,128,124,134,131,128,107,122,124,118,131,124,127,128,128,128,137,146,128,131,131,122,131,128,131,136,130,128,131,121,126,128,137,135,128,128,131,130,134,116,124,118,117,130,130,126,128,119,127,137,131,124,137,128,118,125,130,121,121,128,121,117,122,115,135,135,122,124,142,135,119,125,128,128,126,133,127,131,131,136,131,137,128,125,141,136,135,130,122,118,124,117,126,116,128,118,126,130,124,124,133,135,131,125,126,127,126,137,139,136,134,128,134,131,124,127,141,131,124,130,134,131,140,128,119,128,127,128,147,135,137,124,136,127,130,136,130,126,135,126,124,126,124,124,126,128,135,125,133,125,131,127,127,122,122,124,130,127,131,128,115,136,131,136,141,131,119,119,125,131,131,127,128,122,131,126,126,127,124,118,130,131,128,115,124,128,127,131,127,125,127,134,127,115,121
134,118,124,122,115,117,121,115,121,125,124,127,103,103,118,139,115,124,113,116,117,124,121,121,126,130,128,137,131,125,119,124,110,119,124,112,117,124,124,124,126,124,119,128,122,112,116,110,111,111,112,115,110,119,126,109,115,109,113,128,115,115,115,118,107,106,115,108,126,131,119,113,126,124,113,119,121,109,117,125,111,106,116,92,108,115,121,119,126,118,117,118,115,110,116,124,112,104,116,97,115,110,121,121,124,117,117,119,122,124,110,113,118,101,111,101,125,126,122,121,121,122,139,137,137,118,115,118,124,105,118,117,134,131,136,133,121,127,131,131,131,112,116,124,124,110,117,107,119,124,128,121,137,128,127,122,130,125,115,126,124,111,118,109,126,125,126,124,126,135,134,133,141,141,125,140,122,122,122,122,135,143,145,128,136,137,135,131,125,126,131,136,130,122,119,121,122,126,127,121,121,125,126,124,122,124,119,139,136,133,141,121,112,121,112,125,125,122,121,134,128,137,136,142,141,130,136,121,121,128,133,137,128,131,135,137,131,128,128,137,139,135,137,124,128,134,141,136,137,139,131,136,133,137,130,149
143,126,139,127,119,128,121,122,118,119,117,118,109,112,111,137,121,116,103,125,113,115,116,122,118,121,121,128,124,124,121,111,133,121,131,143,121,125,125,121,118,121,115,131,127,133,137,118,121,119,130,136,130,126,131,121,128,121,118,136,133,126,128,117,121,108,130,141,131,135,128,127,128,133,124,126,144,145,136,117,119,113,131,139,131,135,130,130,126,131,128,131,135,137,137,133,115,116,130,145,128,121,135,126,133,128,131,121,137,140,124,113,118,115,117,146,142,135,137,131,133,133,131,125,147,144,116,125,112,122,122,135,130,125,124,124,127,126,134,118,134,139,130,124,124,121,121,141,126,122,126,124,131,134,128,127,152,148,119,127,126,115,115,139,135,134,130,128,134,128,133,133,159,153,121,122,124,118,115,137,126,136,133,124,122,124,126,127,139,144,134,128,131,119,122,131,133,142,141,141,131,135,131,135,142,144,142,133,130,122,124,126,130,133,135,145,146,135,142,137,143,131,121,112,131,105,131,134,146,136,128,128,124,118,121,124,124,106,117,130,125,121,126,131,104,124,131,127,127,118,127,116,127,124,136,131
137,121,116,118,118,117,121,124,121,122,121,121,115,109,115,141,118,109,113,131,130,140,131,122,121,117,135,134,131,122,101,121,130,121,100,125,124,127,124,144,125,124,137,136,135,136,124,128,131,131,122,137,136,125,135,143,139,137,140,135,131,124,128,135,133,136,128,122,134,137,139,139,134,134,136,135,135,141,124,131,133,124,131,135,137,127,149,148,133,133,141,121,128,131,131,136,131,125,128,136,126,126,133,142,140,139,130,133,133,122,148,136,130,125,131,131,133,134,142,137,133,133,136,146,137,131,136,131,140,130,135,128,130,139,139,137,139,149,139,134,144,130,130,126,133,130,131,112,131,137,144,131,134,128,128,133,124,128,128,128,133,131,137,127,141,137,134,119,140,134,141,134,137,143,140,121,134,137,137,125,137,128,137,140,131,117,131,125,128,115,145,126,140,143,145,128,121,134,142,125,115,111,125,128,127,124,135,121,134,131,146,133,136,119,127,130,124,128,121,121,121,125,124,124,125,103,119,124,122,126,118,111,115,115,124,104,107,115,106,115,128,127,121,124,106,121,119,121,121,121,121,128,121,121,113,115
117,127,126,127,133,135,130,124,131,128,121,118,122,126,124,112,126,128,122,124,121,135,133,131,122,116,117,119,115,111,130,124,116,115,116,106,115,115,117,115,108,110,106,99,97,111,115,107,107,104,105,111,116,104,112,118,108,118,110,103,96,106,111,107,111,103,107,110,104,106,103,111,100,110,124,113,108,109,128,127,116,105,99,113,105,103,106,108,121,121,124,119,108,115,126,128,116,103,115,128,108,113,122,118,113,107,119,106,108,115,122,122,117,105,110,118,100,107,112,115,112,121,119,115,118,106,119,121,119,115,115,111,103,110,115,112,115,121,108,109,115,122,130,121,125,116,108,124,108,116,119,119,119,113,112,115,110,118,124,121,127,118,111,119,110,104,107,108,109,116,112,111,106,121,121,118,128,115,105,108,115,110,112,108,115,112,112,112,108,119,115,122,130,111,113,115,121,128,125,128,130,124,121,113,107,101,116,124,139,136,111,112,121,121,124,124,121,116,113,119,115,112,122,125,141,126,122,115,118,124,128,127,128,124,127,131,125,124,135,133,121,116,113,124,115,118,119,122,116,122,122,133,115,116,121,139
121,117,124,126,117,124,125,128,127,124,126,122,124,115,113,112,126,115,126,130,124,134,136,140,139,145,139,140,127,131,122,124,126,116,126,143,140,135,136,145,135,146,146,144,137,140,143,147,133,131,140,140,143,144,131,145,139,139,147,130,126,141,142,141,139,137,142,153,147,136,134,136,134,137,131,113,131,155,141,127,140,135,137,146,146,142,142,149,140,143,133,110,125,147,137,117,131,133,136,151,146,144,126,115,130,137,116,135,127,101,133,141,131,130,134,153,137,144,128,119,118,135,128,133,128,135,135,128,144,140,146,156,137,140,137,136,141,142,139,144,127,155,151,131,141,139,141,165,140,143,136,124,130,133,140,143,131,141,143,131,131,136,144,156,144,141,130,131,130,134,131,130,133,135,145,130,134,135,140,159,143,139,135,137,127,136,140,137,145,144,146,126,128,137,136,144,139,139,146,157,148,137,148,128,139,146,147,121,135,119,134,143,155,135,144,140,143,143,145,115,110,124,127,126,121,115,121,136,141,127,119,116,121,116,109,113,104,131,130,125,104,113,118,130,107,117,115,119,125,127,121,130,125,124,106,103
131,128,124,117,115,124,121,117,124,118,124,126,124,134,128,133,143,122,116,119,121,122,131,121,117,108,110,125,125,125,128,144,137,137,126,119,125,131,121,124,118,115,109,128,125,122,137,153,136,135,126,124,112,119,121,125,115,118,116,125,121,131,133,151,134,134,128,128,136,121,121,127,121,116,128,128,128,126,128,143,137,131,127,121,128,115,131,137,115,124,125,128,125,133,128,135,145,131,128,127,131,125,125,131,131,126,127,127,128,128,142,151,141,133,133,133,128,128,131,124,115,121,126,134,133,137,137,146,136,133,136,126,126,115,130,124,128,121,133,128,130,124,131,146,135,133,131,127,124,118,128,128,130,134,124,128,124,131,131,145,137,131,128,144,128,128,131,128,124,126,125,127,139,130,131,146,141,131,130,137,121,121,124,117,118,119,118,121,128,125,135,147,137,141,140,133,127,125,130,128,131,127,128,125,126,141,144,137,154,147,144,144,143,128,128,136,125,122,136,128,127,124,135,137,142,119,128,148,135,128,128,128,136,130,137,130,126,121,134,133,134,128,116,139,116,128,133,130,130,124,128,128,119,121,124,133
124,119,122,124,122,121,122,124,124,128,125,126,131,125,124,131,127,136,126,134,112,121,124,131,130,126,124,124,131,131,127,113,121,125,125,131,127,126,133,133,134,126,124,124,125,136,133,125,124,131,137,135,128,131,137,131,128,121,121,130,131,137,135,125,121,130,147,131,135,137,133,128,131,130,117,124,128,137,140,128,130,134,141,136,133,130,135,128,137,137,134,137,139,143,142,139,127,136,139,127,137,133,137,140,136,127,131,130,126,136,137,128,130,135,139,137,137,134,131,140,130,128,137,131,130,135,134,135,117,125,131,125,121,125,128,130,131,136,131,135,131,136,143,127,117,130,134,136,135,128,128,133,130,131,136,131,124,135,133,124,122,128,130,139,133,133,125,137,122,121,130,125,128,124,137,126,121,128,135,136,128,128,128,128,127,127,131,143,137,125,144,109,128,124,130,134,136,137,136,128,130,134,144,135,136,127,140,121,133,122,122,141,140,141,137,130,137,137,134,125,121,121,136,124,126,115,134,137,134,131,125,122,126,111,118,121,127,135,128,131,133,130,137,127,117,134,125,124,126,128,128,130,131,133,135,137
115,128,128,126,124,119,124,116,121,118,116,113,131,111,111,119,121,118,124,100,109,98,95,97,93,103,106,100,109,116,110,107,125,100,118,115,124,119,116,121,107,112,118,121,124,122,115,119,127,107,115,121,112,121,124,127,121,122,125,125,128,131,121,121,125,124,127,122,124,115,127,118,119,118,130,131,130,125,127,126,131,126,130,131,119,118,128,125,124,119,122,125,133,128,128,124,137,128,128,111,126,117,115,127,128,133,128,139,135,125,124,135,131,128,126,131,131,128,122,128,128,126,137,131,125,127,124,136,137,133,127,121,124,119,116,135,136,137,134,131,128,125,124,137,137,131,124,124,128,121,119,128,122,124,130,128,121,131,118,137,141,131,119,119,126,115,122,121,128,116,131,130,124,115,126,130,140,128,121,121,121,119,121,124,121,117,122,122,124,111,125,124,145,135,122,133,122,121,119,109,103,109,115,121,117,122,124,113,121,131,128,127,117,110,117,112,113,122,106,103,110,122,122,115,121,126,125,131,111,103,103,97,104,106,111,115,127,108,106,124,121,125,127,124,118,115,118,117,122,130,125,124,121,124,115,130
106,106,112,109,108,109,115,113,115,118,128,128,121,119,115,115,108,111,115,121,122,124,121,126,131,134,128,134,130,139,128,109,110,115,125,139,134,130,137,137,131,130,128,136,139,139,124,125,115,122,125,141,133,142,135,130,137,143,139,136,135,139,126,124,124,121,127,145,143,127,127,130,134,133,147,125,137,146,122,122,125,124,133,142,143,136,139,147,128,124,140,126,128,143,128,121,118,121,122,147,147,143,140,139,143,131,137,136,131,127,124,128,121,121,112,143,137,137,136,128,128,125,128,131,130,133,118,126,130,118,119,139,134,134,130,130,133,128,141,133,131,143,126,125,126,121,116,131,134,136,131,126,142,149,142,145,136,140,124,127,124,122,124,134,134,143,146,128,149,133,144,126,141,139,126,126,130,125,119,140,128,121,131,127,127,128,137,141,148,140,126,128,126,126,126,133,127,146,147,131,133,140,148,142,145,139,131,122,124,131,127,128,140,140,144,144,152,156,139,128,125,121,124,125,124,133,131,128,136,128,127,127,130,124,121,119,128,118,124,128,124,125,121,131,122,124,128,121,126,124,124,128,136,136,121,122
145,152,139,133,135,135,133,131,128,128,127,140,146,144,152,146,135,154,144,130,143,124,128,118,128,122,126,128,128,133,135,128,121,149,134,124,115,124,130,111,118,121,121,128,127,136,127,108,109,133,128,126,124,121,130,112,127,115,125,128,128,137,136,106,111,136,124,139,127,118,108,112,113,112,122,126,112,121,135,122,103,128,125,124,107,115,107,112,116,111,119,127,112,124,131,122,113,137,130,131,118,118,124,127,118,125,128,128,135,145,110,112,110,133,121,136,115,115,131,128,127,111,106,122,131,135,113,113,128,148,133,136,131,125,128,128,131,115,117,125,124,136,136,119,130,141,131,135,124,125,128,126,121,124,119,127,141,137,131,118,126,141,128,133,126,127,131,131,133,130,135,130,128,139,127,122,131,146,133,144,125,127,127,125,119,117,128,131,136,144,127,130,124,137,125,139,127,134,124,121,128,122,124,131,139,154,128,122,135,142,142,149,124,133,130,122,127,128,131,131,131,155,142,107,122,124,134,165,141,126,124,124,128,126,134,128,124,131,136,127,137,131,140,149,135,115,121,115,124,128,133,131,125,130,139,137
121,137,136,143,143,141,136,130,128,125,126,121,128,134,125,124,133,124,131,124,133,135,136,137,134,136,139,134,124,113,115,135,131,127,116,131,125,128,131,139,133,137,128,133,135,130,119,134,135,128,125,125,119,130,131,135,121,128,135,122,121,127,124,128,140,127,124,124,125,115,136,136,131,135,128,141,130,131,127,130,133,131,140,137,131,134,136,130,136,141,139,142,134,124,128,136,142,128,126,121,133,127,133,142,128,131,130,130,128,124,136,131,137,128,126,121,133,133,137,136,135,141,130,126,124,122,131,135,137,125,130,121,135,135,140,131,131,137,134,134,139,135,135,134,140,136,133,128,139,128,133,135,135,134,135,137,130,135,139,134,134,136,135,135,140,126,121,133,128,124,131,135,122,128,133,119,134,135,131,131,137,131,128,137,131,137,135,133,130,133,127,101,141,131,137,135,151,142,145,145,149,145,137,128,125,130,137,117,121,136,131,133,143,131,135,143,144,139,134,131,131,146,135,122,113,142,136,122,136,134,137,128,137,137,137,134,136,165,156,128,141,136,128,124,141,147,135,139,137,139,136,131,133,142,149,152
139,135,131,136,139,133,128,131,141,145,142,140,151,143,137,142,131,135,127,121,133,118,124,124,125,128,137,136,142,142,137,137,134,136,122,119,125,131,131,121,133,126,125,116,135,134,134,136,140,136,119,110,116,125,115,128,118,116,126,125,134,133,131,140,130,137,118,118,125,130,124,126,125,122,131,121,121,116,111,124,134,137,118,116,118,121,121,115,119,116,121,115,117,116,115,119,134,139,118,115,121,116,115,118,124,126,128,116,119,126,128,126,133,139,124,118,128,124,133,126,136,126,131,118,119,130,130,126,131,137,127,135,128,128,133,125,125,131,126,121,111,121,124,133,139,137,131,113,122,124,115,121,124,111,117,118,125,130,131,137,137,139,137,119,126,116,126,126,133,115,119,119,126,128,137,133,137,140,141,131,135,121,126,126,126,135,117,125,124,111,139,121,131,126,127,121,105,110,105,110,109,124,113,116,115,121,128,127,124,131,133,125,121,115,112,107,113,122,115,121,121,137,133,131,122,124,135,128,124,124,128,137,121,117,126,128,124,140,117,131,133,131,131,130,137,139,128,142,137,145,134,147,139,131,127,122
126,115,115,121,130,128,131,133,128,130,126,121,128,119,107,116,128,134,130,122,136,134,131,131,124,128,128,122,122,124,125,119,137,125,125,110,121,124,117,111,122,125,131,118,108,108,124,121,134,131,124,122,121,116,107,117,121,131,130,121,112,112,124,115,126,128,128,115,115,118,109,125,116,121,134,121,113,121,125,116,128,124,126,126,126,118,117,124,126,128,137,136,118,121,127,119,128,121,124,126,131,136,134,128,116,117,128,110,111,118,115,117,127,128,115,113,113,121,113,116,124,121,112,113,93,101,121,121,121,130,119,106,106,115,116,121,133,135,116,125,117,126,134,126,122,134,124,127,131,134,131,133,142,139,139,141,113,125,122,124,128,134,125,124,127,124,124,126,122,115,111,113,103,113,124,124,124,128,121,115,122,106,107,122,124,134,126,122,126,134,131,108,121,128,113,121,130,124,134,137,140,136,134,128,126,124,124,109,118,137,126,117,131,131,136,130,133,137,133,111,106,112,131,117,103,112,116,125,134,112,106,104,119,100,101,104,105,115,124,124,118,107,109,131,106,103,105,113,121,119,124,130,124,121,124,118
125,110,112,109,119,113,115,118,116,122,124,122,109,110,122,130,121,122,110,125,131,135,136,135,131,130,144,146,142,140,137,133,115,115,135,142,133,137,140,125,128,131,127,128,133,128,141,124,121,122,139,128,134,144,125,127,136,131,134,140,145,137,143,121,124,130,143,142,141,146,134,136,128,136,140,148,137,133,140,125,125,133,142,137,125,130,135,133,124,126,131,143,143,137,142,121,124,127,148,128,137,135,135,139,128,130,134,136,141,139,144,131,121,131,141,133,141,137,146,141,143,135,135,139,142,137,139,124,121,121,133,133,143,139,140,139,133,126,135,133,134,137,137,130,126,121,130,110,124,133,131,140,142,137,143,140,134,131,131,134,128,122,127,130,135,131,140,130,135,133,142,139,137,131,130,130,126,122,125,139,131,137,140,130,130,128,127,137,133,119,121,119,122,113,124,134,127,137,136,124,126,133,141,145,134,127,126,121,119,117,121,136,134,149,149,143,145,149,143,124,116,128,133,137,131,148,124,130,145,140,131,126,122,122,122,121,125,130,135,140,139,140,115,136,119,119,124,126,118,124,126,125,112,121,137,130
139,159,154,152,153,146,146,148,147,143,133,131,140,139,145,131,149,137,127,131,124,134,130,133,134,128,128,133,137,139,131,144,131,136,118,118,116,137,131,134,113,116,133,144,147,135,122,131,137,128,121,112,118,142,148,127,128,124,139,149,146,149,127,128,128,121,119,125,124,151,144,137,122,112,124,135,145,130,124,131,134,121,125,127,130,143,151,127,135,137,137,143,158,135,124,141,137,128,121,128,137,139,158,147,137,136,128,145,149,137,127,134,135,128,124,124,142,147,149,145,135,135,128,133,152,137,128,135,124,128,119,115,128,141,141,137,124,122,133,137,145,124,121,130,119,126,124,115,142,145,145,146,144,141,145,131,142,135,124,139,122,131,122,124,143,141,149,141,140,134,133,142,133,119,124,137,124,135,128,125,130,142,142,124,126,124,125,130,136,99,124,142,139,121,126,125,127,130,119,111,106,115,124,130,131,131,115,149,148,118,126,133,128,126,118,125,131,125,118,126,133,131,133,143,141,131,131,124,126,128,128,122,126,131,117,124,128,124,121,152,141,146,143,116,136,135,124,124,130,134,133,144,135,140,128,141
137,148,137,140,137,137,139,140,142,142,140,137,157,158,149,142,151,139,140,143,136,135,128,134,131,134,134,131,136,140,153,155,140,130,142,135,145,141,143,142,137,140,140,140,148,135,133,130,131,126,128,127,135,149,144,137,139,136,135,146,147,141,133,128,134,124,134,136,140,130,142,144,137,140,140,134,144,141,142,133,137,126,135,143,137,143,145,137,130,130,140,127,141,142,135,128,137,133,135,145,141,134,136,136,125,128,127,130,133,134,125,131,131,137,128,144,131,131,128,128,122,113,125,124,133,128,126,126,130,134,128,142,137,128,137,142,135,135,136,133,137,125,128,126,127,134,122,135,131,128,131,131,135,128,135,122,125,137,127,125,126,128,126,131,133,130,128,131,126,118,127,121,141,136,133,122,125,131,117,133,124,124,128,121,127,122,121,126,124,124,127,137,131,141,127,137,127,127,130,117,108,113,115,115,124,115,124,131,133,148,128,130,121,115,121,115,112,119,124,117,125,128,134,116,128,128,131,134,125,124,121,128,128,126,131,134,119,113,124,119,131,119,127,145,122,117,124,121,124,119,121,118,122,128,131,133
127,124,125,127,122,128,135,134,121,118,118,124,126,128,125,127,131,124,128,125,128,126,121,121,113,115,118,112,112,115,119,127,136,124,121,127,131,122,124,122,117,126,119,110,117,111,124,136,130,135,124,121,118,121,121,117,121,124,127,118,118,117,128,136,124,128,124,124,122,122,119,128,118,119,121,117,105,113,117,135,124,128,121,122,121,119,121,126,126,128,124,127,124,126,121,137,125,131,128,117,122,125,128,135,118,124,135,124,122,133,124,131,121,136,131,121,117,117,118,127,122,125,121,119,107,117,128,128,131,137,128,126,131,121,121,134,127,122,126,124,121,127,134,139,127,136,128,109,125,124,117,131,127,128,128,119,124,127,133,131,124,136,125,121,128,124,126,128,124,126,124,122,113,115,136,128,126,131,133,127,126,126,125,121,121,119,117,133,128,115,137,142,127,143,131,126,125,118,113,110,109,117,118,124,137,140,133,130,136,143,133,143,127,133,125,128,126,128,131,124,127,131,122,131,133,139,136,133,134,122,124,128,121,122,124,131,131,137,137,124,126,127,136,134,140,124,127,128,125,124,124,128,125,118,119,121
121,143,126,124,126,128,126,124,119,121,117,121,125,131,133,128,155,142,136,131,126,131,124,122,127,127,134,131,137,136,161,145,131,136,140,136,136,134,128,122,137,131,124,131,135,134,145,118,130,128,139,121,115,125,124,124,128,121,128,139,136,141,136,115,128,124,131,124,136,131,127,134,124,118,137,137,124,126,139,124,119,124,135,111,133,128,119,126,121,124,134,133,128,139,137,122,121,131,136,131,137,124,121,128,131,137,131,137,142,136,137,124,118,130,136,124,131,133,137,141,137,133,127,127,127,142,136,121,115,115,134,130,121,119,124,128,127,131,128,124,135,142,141,113,110,115,126,124,127,127,124,144,124,121,135,128,135,135,130,115,112,118,121,137,136,128,128,131,121,124,131,128,128,121,126,115,110,122,121,130,131,124,124,124,118,121,115,125,131,125,131,106,105,116,119,141,124,119,115,116,115,121,121,126,128,140,147,110,112,116,115,143,133,133,130,117,127,128,125,116,99,118,143,128,117,124,126,140,126,117,116,110,122,109,113,116,106,137,135,133,136,137,121,131,115,106,113,117,115,122,126,134,125,128,140,137
124,124,128,127,121,124,124,121,121,121,118,122,128,119,121,124,117,113,118,128,118,121,130,131,128,126,134,133,140,127,128,122,125,131,108,117,111,112,121,126,124,116,115,111,110,118,119,116,127,134,125,122,128,118,134,124,122,124,124,113,116,119,119,115,124,128,124,128,142,139,139,134,136,130,136,134,127,115,122,128,124,130,124,136,131,126,127,136,127,125,137,131,145,124,119,124,124,128,126,127,134,133,140,142,127,134,136,131,124,122,128,119,121,128,131,128,127,134,143,139,134,131,128,125,125,130,121,124,113,117,113,115,121,117,126,131,119,121,130,121,128,121,116,115,115,118,122,112,124,131,135,127,131,128,133,137,126,124,124,118,121,119,122,118,130,135,137,128,125,131,121,117,112,121,116,121,124,122,124,118,126,124,126,121,118,124,118,124,112,116,108,128,127,121,124,110,121,121,125,116,121,125,118,126,118,112,122,139,135,117,125,119,124,133,127,128,124,122,125,134,142,124,116,131,135,122,113,122,127,141,139,137,134,140,133,126,124,133,135,125,126,137,131,104,140,126,131,124,125,131,124,134,128,133,119,131
125,130,127,130,127,126,128,128,128,125,128,128,134,131,134,124,140,134,134,133,126,131,117,121,118,125,122,113,121,126,115,127,133,126,115,121,131,126,125,125,124,122,113,107,115,124,118,125,130,125,118,125,127,126,128,127,131,131,125,124,126,131,124,127,128,122,116,125,130,136,131,135,133,130,119,128,119,112,128,121,125,124,119,121,127,116,117,124,126,122,118,127,121,124,128,121,127,125,126,128,131,125,115,118,137,135,126,133,117,121,124,118,130,131,128,137,133,131,122,131,133,137,136,131,115,115,126,124,128,133,128,144,144,133,131,130,135,139,139,136,137,133,124,128,131,131,130,136,131,127,122,128,131,136,136,134,118,137,133,127,133,131,128,142,133,131,119,131,135,134,135,139,125,134,131,131,136,137,137,133,140,141,137,134,142,136,131,128,121,131,141,148,128,130,131,125,127,121,126,116,119,119,118,112,117,127,125,128,135,128,128,130,134,121,125,127,126,124,115,121,137,121,125,121,135,128,124,126,126,125,127,127,128,128,126,124,131,126,130,121,121,115,134,127,136,124,115,121,119,119,117,128,137,128,121,128
111,125,131,131,137,136,125,128,124,122,125,113,95,101,124,110,134,126,142,137,141,131,126,128,130,137,131,133,125,110,131,137,127,149,146,134,135,130,124,131,130,142,146,142,125,131,144,136,128,142,143,140,147,125,127,139,140,143,143,126,118,137,137,137,121,125,137,131,125,105,112,125,130,128,125,116,139,133,127,119,121,124,122,128,137,136,117,124,130,136,122,126,144,139,137,109,130,124,124,136,133,139,125,121,130,124,124,112,117,110,128,119,131,121,121,127,117,124,119,104,122,128,110,117,113,117,125,117,126,137,131,126,121,133,121,117,133,134,134,137,122,137,135,127,127,137,130,143,131,144,125,125,128,137,130,149,124,126,130,128,124,130,125,146,125,131,131,124,130,131,117,127,126,121,128,122,130,124,128,128,128,119,118,127,130,131,128,121,142,136,133,115,124,128,135,137,122,124,130,134,125,124,128,118,127,142,140,118,108,116,121,125,126,121,124,119,111,115,126,112,115,126,134,117,111,110,112,135,121,104,112,112,116,121,118,119,128,128,113,111,107,107,131,126,128,126,125,124,131,124,125,124,134,131,116,110
131,117,118,124,124,118,121,124,121,125,121,124,125,125,127,124,131,143,139,133,124,130,124,124,115,128,135,131,136,131,140,137,124,139,137,128,127,126,131,137,128,133,141,142,134,148,131,131,118,124,128,134,137,128,128,143,128,126,131,127,124,127,126,125,115,127,119,117,117,118,135,128,131,139,128,128,137,131,128,124,121,121,121,126,128,134,131,124,135,137,135,128,131,124,122,125,121,119,116,125,125,126,137,118,124,118,113,115,127,121,121,124,119,121,119,121,122,119,119,119,125,124,121,121,131,121,119,122,115,117,113,125,122,127,124,131,122,136,128,131,128,118,113,113,121,106,113,116,121,128,134,118,128,126,124,137,131,116,110,125,130,108,115,111,115,117,125,111,117,121,125,126,124,124,116,124,131,113,115,109,121,124,126,131,128,127,131,135,128,134,121,125,131,124,122,124,121,121,128,131,127,117,130,121,125,130,125,142,134,137,145,127,121,119,128,127,127,122,122,124,128,137,139,136,142,126,131,117,115,113,117,116,121,119,131,133,140,121,115,145,124,130,133,124,117,128,131,130,130,137,131,140,142,139,122,131
131,127,135,126,124,124,118,121,127,124,124,124,119,124,124,128,125,116,133,124,116,115,113,121,121,124,124,121,128,133,122,115,131,125,134,136,134,134,137,136,131,142,151,146,143,145,131,119,128,124,127,144,144,147,130,142,133,142,135,126,127,139,131,118,115,121,128,136,128,124,122,127,127,128,119,133,146,144,142,104,121,118,137,147,128,137,133,128,136,137,124,134,133,136,140,107,122,117,127,135,139,134,126,126,122,112,112,115,125,128,111,106,121,116,112,136,121,121,116,128,122,115,111,113,124,125,115,112,124,128,128,141,130,125,115,131,131,128,124,141,136,149,135,122,131,127,128,145,133,130,131,136,142,122,127,134,118,145,124,122,128,127,125,144,135,115,121,124,118,106,116,121,130,148,124,124,130,126,126,134,131,117,124,137,127,128,131,130,154,160,135,127,128,130,130,140,145,127,137,158,143,134,149,140,135,149,140,137,122,128,131,142,153,122,130,142,131,130,121,117,126,137,143,131,134,124,133,131,127,130,125,115,111,117,113,118,133,113,115,131,128,131,125,134,124,127,124,124,115,118,121,115,119,126,127,119
117,124,122,121,126,128,126,124,121,121,122,124,121,124,119,121,122,126,121,136,137,147,139,137,128,130,128,134,130,128,136,128,121,127,141,131,135,135,126,134,125,131,130,139,135,131,140,124,117,124,143,128,136,130,127,133,125,128,131,128,133,128,134,115,121,124,137,140,137,124,122,118,121,126,130,137,143,135,140,126,119,124,139,135,128,125,124,124,121,124,126,126,137,134,139,125,117,127,136,137,128,125,122,119,125,118,125,124,136,122,140,115,115,122,130,137,128,125,130,115,121,122,118,121,135,128,136,121,117,116,124,133,122,130,127,125,122,126,125,121,125,126,137,111,115,116,125,131,119,121,128,115,124,125,122,124,128,131,133,111,115,115,124,136,128,128,126,119,126,126,128,137,136,135,128,103,115,116,125,137,139,130,125,124,121,118,134,121,128,124,131,117,121,124,126,126,136,127,130,134,127,131,128,124,121,130,128,125,121,131,128,127,134,121,122,131,130,127,124,127,130,127,122,128,109,131,130,133,136,128,130,131,134,128,127,124,126,122,134,127,131,125,133,131,134,134,126,122,130,128,125,126,128,127,118,137
106,113,121,124,121,121,118,124,121,126,128,124,121,125,122,115,110,125,116,127,118,121,124,122,122,121,121,121,124,124,128,115,111,112,128,136,130,127,130,139,137,144,143,125,125,140,126,116,113,124,130,133,126,122,117,128,121,131,128,118,115,134,119,124,115,121,128,110,109,105,119,130,119,125,116,121,130,136,130,108,118,122,117,118,121,116,115,116,126,128,128,124,121,131,124,115,118,121,122,128,124,122,126,112,106,96,116,106,115,117,118,116,117,116,121,113,103,112,106,115,107,107,101,101,110,116,119,115,118,126,118,113,108,124,116,111,116,115,115,119,117,128,118,124,121,122,116,119,116,131,116,121,117,116,115,121,109,124,111,117,116,125,118,125,116,110,115,116,119,105,107,105,115,124,112,118,113,117,118,99,110,101,100,118,110,115,121,116,128,137,109,137,124,119,131,128,124,130,130,143,128,124,131,125,124,131,124,124,135,134,135,124,137,130,131,122,125,125,127,126,118,113,115,109,134,121,121,124,124,124,119,116,124,125,131,125,121,108,108,121,117,109,115,128,121,130,118,127,131,133,130,121,126,122,118,117
109,119,124,128,117,118,119,121,122,121,122,131,136,133,124,116,125,126,133,135,112,127,126,134,131,130,134,136,144,152,152,125,124,136,149,145,134,131,131,141,124,124,133,134,146,144,142,118,121,124,148,131,142,134,131,127,131,133,125,139,149,143,135,116,119,121,144,140,131,134,130,124,130,128,116,119,131,128,136,124,110,121,134,139,121,135,119,124,126,124,109,115,130,128,127,108,110,122,131,136,118,128,121,113,118,131,108,122,131,124,126,117,112,121,124,143,121,121,125,122,122,134,124,118,137,131,121,121,121,128,130,146,127,119,121,117,125,124,122,115,131,137,128,121,127,133,127,137,126,128,118,119,124,133,122,127,143,143,121,128,127,134,124,139,122,134,131,121,131,135,126,137,148,149,121,130,121,141,126,143,125,135,133,124,140,137,128,128,142,148,133,121,128,139,128,142,122,131,127,124,127,137,128,137,148,140,139,113,128,130,136,135,119,130,131,130,128,126,143,126,126,137,131,119,115,117,137,137,133,128,124,124,134,121,116,119,112,136,130,127,134,124,119,141,119,111,113,116,121,113,127,125,122,113,126,127
137,116,127,122,127,124,126,124,124,118,122,124,117,115,127,136,115,112,107,88,121,101,112,106,107,107,118,117,125,125,103,106,124,121,115,130,131,128,140,134,139,134,131,135,131,118,115,121,133,115,116,121,126,131,128,121,131,128,130,131,133,121,108,124,133,126,122,125,124,122,128,131,131,136,124,119,126,116,111,122,137,126,121,128,127,137,127,124,134,134,122,122,128,124,104,124,133,121,116,125,131,130,117,125,124,131,127,121,128,126,110,125,136,124,116,126,128,126,124,128,134,121,115,121,117,117,117,137,149,128,117,130,124,119,122,126,131,135,131,126,121,124,107,149,152,122,115,127,127,125,121,126,128,131,136,133,119,124,125,149,148,122,124,130,128,130,124,126,133,126,126,124,127,122,136,159,151,127,126,127,137,124,122,127,128,125,131,126,130,124,127,134,137,119,121,121,125,124,122,121,121,116,125,126,130,119,103,131,143,124,124,119,115,125,125,131,137,137,135,128,124,109,94,136,108,125,105,118,127,124,130,121,121,125,121,130,125,115,118,122,115,117,100,110,111,121,122,125,127,124,124,115,117,124,119,112
124,115,131,131,130,133,134,133,140,136,137,137,134,124,124,126,116,133,126,113,124,113,124,127,125,117,119,121,119,112,121,124,122,145,115,126,121,126,122,115,130,117,103,111,112,112,106,134,128,136,103,112,98,117,105,110,111,106,119,130,116,108,104,127,125,139,107,108,101,115,115,126,93,110,113,115,106,97,109,136,130,140,111,99,103,117,98,97,109,115,101,122,112,109,99,127,131,126,108,107,108,118,103,109,98,110,124,109,115,128,108,139,133,131,107,109,106,112,110,124,117,119,103,101,110,112,110,133,145,131,113,103,117,110,113,115,119,124,115,116,111,111,108,141,139,124,116,111,115,127,103,125,117,115,116,112,119,105,107,134,133,121,121,115,119,108,106,124,115,105,112,124,110,103,112,137,135,122,121,103,105,122,117,110,115,115,103,124,121,112,104,131,133,126,133,112,121,116,108,113,126,113,115,116,121,127,111,127,136,131,131,121,109,118,115,103,111,117,106,107,109,118,107,125,127,124,121,131,115,101,111,121,119,119,133,134,131,112,110,112,122,125,128,127,137,135,136,137,133,131,131,119,124,119,143,135
121,107,115,113,115,116,117,115,118,121,121,115,122,125,116,134,122,122,124,124,124,126,131,131,126,127,122,128,126,137,124,115,124,134,131,137,140,143,149,149,145,131,130,137,147,139,121,128,131,137,134,121,124,142,136,134,140,140,135,151,149,147,121,131,131,149,137,137,131,148,156,145,139,140,151,153,155,151,131,143,131,146,142,128,140,139,137,131,128,128,153,153,146,149,137,141,130,148,145,142,145,136,137,136,139,149,151,152,149,159,137,131,131,140,142,137,135,146,144,149,148,152,148,149,149,156,131,130,128,142,148,147,148,156,154,155,147,141,149,147,151,153,137,131,128,149,147,140,143,149,159,149,147,147,155,147,160,147,137,130,122,148,152,147,158,149,154,147,149,153,149,157,149,145,131,127,117,146,149,140,137,145,149,142,144,136,147,158,141,141,141,118,111,141,148,144,143,142,145,140,136,137,141,152,151,148,145,116,119,115,143,146,146,155,146,144,148,151,135,126,121,134,124,116,111,108,128,147,137,128,125,130,128,115,103,117,116,125,128,115,133,124,115,135,125,98,104,104,100,91,100,111,119,115,130,134
124,131,140,137,119,122,121,125,124,124,133,137,133,126,128,119,127,92,115,149,128,124,130,134,130,136,131,133,140,140,124,115,139,99,125,135,124,122,117,133,126,127,122,127,125,118,142,140,130,121,137,130,121,118,124,113,128,130,124,131,134,118,142,134,121,112,131,131,133,137,122,117,133,139,128,126,128,121,124,128,116,115,126,122,125,117,124,124,121,117,109,108,126,118,118,125,112,113,125,124,119,116,111,115,122,131,131,124,136,131,119,116,116,111,131,124,117,124,121,115,125,142,135,137,143,124,128,116,115,113,126,137,130,142,130,124,124,130,131,115,112,112,110,106,110,111,130,124,115,112,100,111,115,118,115,112,142,121,118,103,116,111,131,118,115,121,121,122,126,142,125,133,140,127,127,113,115,113,130,133,121,124,131,127,137,126,121,130,126,112,124,106,112,124,144,130,118,131,124,115,118,125,106,121,131,136,137,115,122,112,140,131,112,135,130,121,125,126,135,139,141,137,144,119,113,119,124,149,144,142,134,131,141,135,127,128,143,130,136,103,117,124,121,133,136,124,139,134,133,117,127,107,128,124,126,115
130,137,128,133,131,135,135,139,139,135,134,127,121,130,136,135,145,136,127,133,128,130,137,143,139,131,128,128,125,121,160,140,124,131,139,128,131,121,124,117,130,126,116,119,117,108,134,127,125,124,121,124,119,115,115,113,116,112,115,115,121,109,131,128,125,134,121,121,124,117,124,122,116,121,107,106,108,107,118,141,122,133,121,117,115,128,124,117,118,122,112,115,113,109,117,149,124,139,119,109,113,116,113,113,116,131,125,119,113,118,130,128,125,128,121,122,131,131,135,122,125,127,122,117,124,117,126,133,122,134,126,118,127,121,124,121,125,128,117,111,121,110,128,124,125,141,130,121,118,115,126,117,115,119,115,119,121,119,134,128,122,140,128,119,124,127,119,126,118,127,130,121,115,119,124,122,128,130,121,127,128,124,126,131,125,122,115,115,117,121,124,119,124,124,113,125,116,116,121,115,115,124,110,116,112,109,126,141,116,131,125,124,121,119,115,118,121,122,121,125,127,130,140,149,142,137,140,122,133,135,131,131,126,131,122,142,136,141,145,136,135,131,117,124,124,131,141,137,145,136,130,131,131,131,121,126
135,130,136,126,117,113,112,116,121,121,127,124,126,131,145,133,131,122,128,133,121,128,127,128,128,128,119,126,127,137,144,141,134,131,137,116,126,121,111,125,124,122,122,116,124,122,128,147,131,121,124,124,130,113,117,118,124,127,121,135,133,133,125,135,126,119,122,134,131,140,131,118,147,134,118,128,127,128,125,121,128,117,116,128,131,122,128,128,128,122,121,110,128,130,127,121,124,115,117,124,131,130,121,115,127,131,110,124,116,121,115,121,127,112,110,121,128,127,128,122,117,133,133,127,126,126,113,117,124,105,107,131,127,124,130,127,128,124,131,128,124,119,116,124,118,101,115,121,127,128,134,124,126,128,127,124,118,122,115,121,113,97,108,118,121,128,124,110,121,136,122,128,124,137,112,119,115,103,111,128,136,133,131,124,134,128,127,124,115,140,116,130,117,116,124,121,119,119,124,121,121,127,126,127,119,117,111,113,124,124,121,124,121,121,117,121,119,117,119,126,125,124,126,121,122,121,126,112,115,122,119,121,115,116,108,115,118,122,121,122,111,121,131,127,118,115,112,116,113,108,115,124,122,121,111,119
133,128,131,128,118,119,125,124,125,125,125,128,119,124,119,131,134,128,128,112,113,108,116,109,116,105,121,127,121,124,119,134,133,140,116,122,107,109,126,117,128,126,121,127,125,121,124,128,128,131,119,115,121,124,126,112,121,121,119,133,135,130,127,126,133,135,124,119,118,131,130,122,130,133,121,125,143,131,121,135,135,131,124,125,125,126,125,122,122,118,118,112,134,127,127,137,136,130,124,137,134,128,121,125,126,126,127,122,124,131,118,117,133,131,128,127,118,119,122,126,125,130,131,128,128,127,115,124,134,127,124,128,124,125,133,128,121,115,125,119,134,117,124,118,131,131,128,126,122,117,125,118,115,115,121,121,135,121,131,124,122,134,128,126,126,124,124,116,115,128,122,127,128,128,128,117,125,131,128,121,121,124,126,116,118,125,118,117,118,127,128,126,124,130,128,127,122,118,118,121,128,124,110,121,124,122,125,128,115,121,128,124,112,119,117,121,125,124,124,147,149,126,128,149,115,131,137,128,121,135,136,145,137,141,128,130,131,126,131,131,128,140,133,126,127,124,128,119,126,121,121,115,115,121,124,127
116,134,142,136,139,143,143,142,140,136,134,127,131,136,131,119,131,135,131,124,135,134,142,136,133,121,135,141,131,124,117,113,137,124,121,115,122,133,126,125,127,116,124,128,133,133,121,131,131,137,125,115,121,131,121,127,134,115,126,139,131,126,124,137,130,125,117,105,119,134,134,136,135,130,143,137,139,128,118,135,128,135,121,103,128,125,134,131,126,128,137,139,135,128,110,133,117,133,121,121,130,125,134,137,118,118,135,128,126,130,124,130,119,136,131,113,130,130,137,131,124,122,131,127,131,128,125,128,124,131,121,115,124,130,128,122,128,122,128,128,127,121,122,131,115,130,125,113,128,131,131,128,128,127,136,126,131,115,121,131,116,135,126,110,124,121,137,134,118,124,124,124,118,112,116,127,118,125,125,107,115,118,119,121,116,121,116,118,117,109,105,121,122,127,127,109,113,124,124,128,128,124,118,118,113,110,105,131,116,112,121,111,115,119,121,127,130,121,122,128,130,98,100,134,128,136,115,116,124,122,134,142,126,135,127,142,142,118,118,137,139,137,121,103,133,149,149,151,136,130,131,142,139,136,127,125
142,146,141,131,137,137,135,134,122,124,127,124,126,134,144,146,127,130,130,127,135,130,121,117,128,126,128,131,124,131,141,128,122,113,113,121,111,110,104,101,115,110,115,110,117,131,130,126,119,122,105,115,107,115,113,104,110,117,118,117,121,128,131,126,125,125,111,118,117,113,113,105,122,115,134,121,115,124,133,128,121,128,112,117,107,104,108,117,107,103,104,111,112,119,126,124,122,128,115,113,103,103,112,109,122,117,124,126,113,124,135,124,125,128,121,112,116,110,110,115,121,128,124,126,115,128,134,126,119,124,124,117,116,115,112,115,110,103,113,103,103,100,122,116,116,124,121,109,112,112,105,107,107,110,101,100,108,111,128,117,127,127,128,104,103,111,117,108,133,124,119,128,111,119,135,124,130,124,127,116,118,128,124,115,128,124,119,115,104,111,134,131,137,144,151,113,111,108,103,115,117,122,121,118,128,137,146,130,125,149,151,134,122,121,121,113,113,115,125,131,128,153,161,131,121,137,145,146,134,131,126,119,133,131,127,122,124,148,149,127,125,130,137,148,128,131,124,115,125,139,127,131,128,130,135,134
126,117,125,128,125,121,124,121,121,119,115,121,121,119,125,131,121,130,137,139,116,125,121,130,125,127,117,113,122,130,121,128,119,127,136,137,126,119,128,133,126,124,121,124,125,134,117,133,118,137,134,147,131,128,122,139,128,131,121,119,124,130,118,128,122,135,144,147,144,141,130,130,131,130,134,135,134,135,131,146,128,134,140,140,117,118,128,131,128,128,127,145,128,134,134,146,127,139,142,137,124,122,127,127,127,127,137,131,142,149,133,139,128,137,148,152,131,131,139,137,128,135,141,142,149,149,134,141,118,115,126,131,124,128,124,124,130,117,124,122,131,124,121,127,119,111,130,141,112,115,125,126,122,118,115,118,124,131,115,121,117,108,125,137,117,118,122,122,128,119,131,127,131,131,110,126,118,110,124,125,119,119,122,124,124,135,128,126,136,143,124,141,124,118,124,136,127,126,130,136,139,145,131,128,128,128,128,144,131,113,126,142,137,125,126,121,126,134,134,143,141,121,105,133,133,117,127,134,140,131,137,144,139,137,134,140,130,115,109,122,137,125,118,124,137,137,137,131,126,130,131,142,137,128,130,136
131,127,135,133,144,137,136,131,128,126,128,131,131,124,121,137,127,126,121,126,118,108,112,122,126,122,110,118,108,131,113,116,122,115,118,126,115,119,124,118,124,127,137,134,131,135,115,127,125,126,121,143,126,136,137,133,133,131,131,130,133,133,121,130,128,124,116,121,115,115,122,115,124,124,116,128,137,131,124,133,137,124,119,137,118,142,137,121,148,143,136,140,133,130,127,126,142,131,121,140,126,137,143,122,137,131,127,131,119,128,118,137,143,128,115,131,119,127,124,121,124,111,111,119,115,113,115,137,147,124,111,111,100,119,113,116,134,121,116,135,130,133,124,143,148,126,121,139,124,139,135,131,136,141,128,124,122,131,116,141,146,128,121,136,128,135,126,128,134,115,122,118,118,137,108,144,142,131,124,115,107,105,103,116,112,118,131,135,130,151,125,125,146,124,127,130,135,127,134,154,143,134,146,139,134,130,122,131,144,113,124,137,145,136,131,133,137,133,131,135,131,122,107,125,140,131,127,140,139,131,133,128,133,130,128,131,133,125,135,140,149,149,117,115,124,137,145,135,131,127,136,143,147,148,143,142
126,142,126,126,126,124,125,126,127,126,126,121,131,130,146,115,131,121,136,122,124,116,109,112,113,118,105,97,118,119,131,137,121,122,124,121,121,130,121,121,121,115,106,118,117,115,112,121,128,117,115,110,110,130,122,108,124,113,118,134,127,122,109,124,139,133,127,135,136,135,130,121,130,127,124,137,128,121,115,125,136,125,136,118,124,130,127,125,117,109,124,119,125,126,119,130,137,133,131,119,122,121,118,115,124,125,110,135,133,133,135,135,133,136,121,124,131,137,142,128,131,125,136,131,146,149,119,131,137,131,124,136,145,135,142,144,130,126,131,112,113,115,121,128,128,130,119,131,134,115,121,121,118,119,116,110,135,133,125,122,124,124,116,127,130,136,128,125,134,136,143,134,141,131,121,112,126,126,115,140,143,140,144,142,142,130,127,131,116,115,116,141,134,131,118,147,147,146,145,139,139,146,122,128,127,128,116,118,145,137,130,131,125,137,130,137,131,133,133,126,131,137,128,118,124,131,119,144,139,131,128,131,135,134,130,133,131,139,142,111,112,122,128,143,131,134,135,136,142,124,131,116,126,125,128,109
121,127,128,122,116,117,119,121,121,121,121,127,133,121,125,118,140,131,119,115,116,109,124,121,124,118,128,131,128,125,126,134,136,141,118,122,115,119,104,104,111,110,113,115,121,124,128,134,127,130,126,111,105,108,121,109,113,112,109,128,131,122,131,128,127,121,119,121,113,127,108,111,110,103,116,124,124,121,115,131,127,124,121,121,113,104,115,109,117,107,108,121,127,122,108,133,125,126,117,116,105,110,110,122,121,127,130,115,128,135,121,124,122,124,121,115,124,121,118,118,111,118,108,113,127,128,128,127,128,124,118,121,121,116,119,121,109,110,111,111,118,115,121,126,128,121,115,118,126,115,111,128,105,115,111,105,128,118,125,124,128,121,118,116,124,115,119,124,119,110,110,112,113,112,124,127,128,121,121,115,117,121,121,112,113,109,116,124,119,124,119,136,125,124,115,113,121,113,107,109,117,101,103,126,124,128,113,134,118,121,115,119,115,115,107,111,115,116,103,111,122,124,113,135,119,137,121,116,110,103,106,111,103,105,110,115,126,136,145,118,127,141,131,119,128,124,116,121,124,122,133,118,124,124,134,115
134,137,127,130,133,137,137,136,136,140,137,133,131,137,137,125,137,149,128,145,128,149,136,139,135,137,131,128,144,142,146,135,121,140,140,128,139,143,140,134,133,135,135,131,137,148,131,113,126,130,128,141,139,133,128,144,137,126,139,128,128,148,133,112,130,136,130,139,137,133,139,137,137,139,127,142,140,144,145,124,127,137,134,140,126,136,140,134,131,131,141,134,128,142,146,134,130,145,137,151,131,128,130,135,131,131,122,133,146,140,144,118,130,143,137,142,137,131,133,128,128,131,134,134,147,145,135,124,135,134,133,134,135,125,136,139,136,145,140,136,137,133,135,128,131,128,130,137,128,131,137,137,139,137,131,131,131,137,128,128,133,127,126,130,131,130,122,128,124,127,125,131,127,124,128,131,131,130,127,137,130,131,135,140,133,133,122,126,128,139,125,122,134,125,118,144,143,140,145,153,158,144,146,137,133,133,119,121,131,122,125,130,149,146,142,149,140,148,148,140,124,117,124,113,131,119,121,119,144,139,139,137,131,124,127,131,117,133,131,131,131,117,101,125,117,130,130,128,128,134,130,142,128,122,130,139
109,128,128,128,121,122,131,128,124,128,130,130,131,127,121,108,133,119,136,115,124,124,121,116,119,118,131,137,147,143,128,140,136,136,137,126,135,135,124,125,131,134,118,131,144,130,128,136,133,144,137,126,128,134,125,130,124,121,128,128,141,136,125,133,136,146,131,121,135,134,131,134,122,124,124,106,139,128,131,133,136,136,131,126,122,130,124,124,128,125,115,117,128,126,128,121,131,131,131,126,117,119,110,107,122,121,124,124,117,118,127,139,131,128,126,128,119,115,116,116,125,108,121,126,126,124,119,128,128,125,130,121,124,135,122,110,122,121,130,124,122,108,117,135,119,121,128,124,118,118,113,118,128,128,117,127,125,109,115,121,116,117,122,119,118,121,121,121,119,111,126,121,137,116,121,122,118,118,126,111,121,128,122,128,124,124,121,124,128,117,127,111,130,127,124,118,125,128,133,116,124,139,122,119,121,128,128,116,113,121,125,122,117,110,112,130,133,131,127,125,128,137,130,133,101,121,113,127,135,121,117,133,122,124,116,119,124,142,137,116,116,115,121,136,133,118,121,115,130,126,124,119,122,124,106,110
96,103,119,118,124,124,124,121,124,124,117,121,111,115,113,106,98,108,118,121,116,118,121,121,126,124,122,121,119,130,105,99,121,97,109,115,108,111,121,112,115,116,116,112,115,125,117,116,131,127,116,99,103,113,118,110,113,113,115,121,119,113,121,121,128,126,113,95,99,118,108,108,107,104,99,110,106,97,104,115,127,117,122,106,112,112,108,101,108,115,111,115,111,112,115,121,127,117,121,112,116,109,119,111,115,113,124,119,127,130,118,124,122,126,126,106,122,121,115,130,115,100,116,117,111,124,121,121,133,128,125,110,122,124,115,117,111,110,113,133,125,117,119,121,137,128,127,115,124,122,126,125,115,125,128,135,118,115,124,125,126,125,119,125,121,116,124,112,122,115,131,135,124,122,122,122,128,126,131,105,103,125,121,121,117,119,133,136,136,128,126,115,128,121,125,119,124,126,117,111,108,117,125,128,127,126,121,112,122,124,124,134,125,131,127,121,131,135,126,128,127,118,119,117,111,118,121,124,119,122,124,121,122,121,111,107,115,117,110,119,128,115,124,125,118,109,103,116,113,122,117,130,124,124,116,112
139,128,133,136,139,137,137,136,137,133,131,139,137,133,125,148,137,126,131,134,143,134,137,136,145,137,141,142,136,136,131,128,131,126,115,136,131,134,131,130,134,131,131,121,128,130,125,134,133,124,127,128,130,128,131,126,128,122,130,124,121,121,124,131,124,124,131,124,122,134,131,131,121,124,137,126,115,126,121,127,128,122,122,137,131,125,125,127,128,127,136,128,124,124,125,128,127,118,125,134,124,126,140,128,127,121,142,117,113,130,128,125,127,122,131,121,115,121,121,131,131,137,125,121,110,118,126,118,116,118,130,127,124,131,130,128,139,135,127,131,134,124,119,126,119,115,127,131,135,135,143,133,135,139,133,131,124,118,121,124,124,117,128,121,127,128,137,137,136,134,127,125,121,119,119,124,121,116,126,115,117,124,124,124,130,128,128,131,115,131,115,125,124,116,119,124,126,136,137,137,137,135,142,134,127,124,122,133,119,119,124,126,131,128,133,130,135,131,131,130,136,134,127,131,128,110,127,124,122,131,128,124,134,135,130,130,133,130,128,128,128,130,125,134,124,124,124,119,121,131,128,133,124,127,137,134
126,115,110,119,112,116,117,119,109,115,116,111,124,127,128,122,119,108,128,116,115,115,110,109,109,112,115,113,115,115,124,118,112,127,124,137,127,134,136,124,128,135,117,128,117,121,115,117,118,122,119,128,127,130,130,125,131,128,127,130,127,127,113,119,119,128,130,131,130,128,130,143,127,137,135,137,130,122,121,126,119,125,133,125,127,134,131,135,136,137,130,133,130,131,128,127,124,127,134,137,131,141,137,136,131,127,128,125,127,137,116,133,122,135,128,127,127,127,126,130,136,122,130,127,127,130,118,130,126,127,124,119,128,121,130,126,131,135,128,124,131,128,118,137,130,118,121,131,130,127,127,133,133,137,128,134,125,124,117,131,127,119,121,133,126,124,124,128,125,112,127,121,124,127,115,134,130,118,119,117,126,124,122,126,124,128,127,126,125,127,108,140,141,125,124,128,139,142,145,144,143,141,135,134,140,134,117,145,124,134,135,118,121,125,131,131,140,131,127,127,128,126,122,127,137,126,121,126,128,121,134,131,133,135,153,143,143,115,113,134,134,134,128,124,131,143,142,140,142,135,128,128,130,137,131,140
125,134,137,126,125,130,130,127,121,121,124,128,113,121,126,124,131,127,127,131,127,136,127,122,121,121,126,130,128,131,121,121,125,124,137,135,141,140,136,140,128,137,145,147,143,145,130,125,121,126,133,141,139,142,137,145,143,134,141,144,133,137,126,115,117,118,128,133,146,134,147,126,135,131,124,131,139,134,139,116,117,115,130,124,131,134,141,140,130,125,119,116,118,115,135,118,112,115,128,116,124,115,108,117,131,124,124,134,128,122,121,113,104,115,124,135,137,133,131,130,127,125,131,137,131,125,117,103,110,118,128,134,128,131,124,122,122,122,124,124,125,119,122,113,112,116,124,117,122,118,118,119,111,113,115,119,122,126,126,116,110,115,124,116,124,131,128,133,131,125,130,131,139,126,136,118,112,113,125,127,131,124,125,124,122,116,121,124,126,110,133,121,121,126,134,111,127,130,131,121,121,122,119,127,137,134,125,128,127,125,128,122,128,124,124,135,134,134,124,130,140,121,121,131,119,131,124,124,137,126,128,125,117,121,121,128,141,122,124,127,128,130,131,122,126,135,128,131,125,121,128,131,144,141,131,136
125,118,126,125,140,137,134,134,134,134,134,141,128,128,126,144,139,131,128,115,134,118,128,125,131,128,119,125,118,133,124,130,131,128,118,128,122,121,131,130,133,124,128,126,143,137,143,148,136,131,137,131,133,135,128,130,136,136,137,134,140,131,141,145,130,127,124,134,135,137,139,136,131,128,145,136,131,131,128,135,130,122,128,127,125,124,125,135,126,131,136,148,130,128,131,133,127,119,124,121,135,130,126,130,131,139,140,147,126,131,137,144,121,122,122,124,125,127,131,141,135,131,139,142,131,128,133,140,131,124,126,124,130,137,133,137,140,131,140,145,139,130,135,144,136,131,131,126,139,140,139,137,136,143,152,144,127,130,140,141,131,131,140,133,141,147,143,135,139,139,157,142,130,131,134,139,128,130,137,133,139,131,135,131,137,136,148,139,139,126,135,121,134,135,146,117,131,131,131,122,124,135,131,135,131,128,134,137,119,135,143,124,134,133,134,126,139,134,130,136,139,117,130,149,116,133,133,126,128,141,137,136,139,142,128,131,141,130,134,135,131,134,140,131,128,130,133,137,136,134,131,137,146,142,137,136
137,128,137,136,137,139,136,134,133,134,135,137,144,142,130,137,118,146,131,133,141,144,137,134,133,128,137,141,137,136,122,118,135,131,133,128,128,127,128,125,113,119,133,133,131,128,131,136,135,137,136,118,115,127,124,121,122,121,135,130,137,133,137,137,128,130,142,127,127,127,131,136,121,121,124,131,131,128,131,126,133,135,135,115,121,127,122,124,121,134,136,131,134,128,133,134,127,127,136,127,124,134,127,128,121,124,133,131,139,139,130,128,131,128,134,130,124,126,122,133,127,121,125,131,136,133,140,137,125,128,137,124,131,121,122,126,128,130,128,128,134,139,142,131,135,131,130,126,131,128,128,131,137,131,139,131,148,139,146,139,139,131,131,131,136,133,134,136,137,134,131,135,140,124,148,137,134,126,125,131,126,130,125,118,125,136,134,135,139,128,139,131,130,126,134,128,127,131,131,127,133,140,139,137,145,140,149,135,126,136,136,141,144,140,142,143,144,142,137,130,141,141,146,136,131,128,131,136,142,133,133,131,127,130,133,131,142,131,125,143,137,133,133,147,131,131,136,130,128,137,134,128,137,141,140,147
141,139,131,128,127,131,131,130,136,137,146,155,140,146,139,130,136,134,130,133,135,134,137,139,131,128,128,131,133,128,136,131,133,148,137,143,142,143,139,139,141,146,144,148,146,149,131,136,127,135,135,141,137,145,137,149,130,128,135,130,131,142,128,128,125,127,130,146,145,124,139,135,143,133,124,128,143,142,136,128,127,127,135,151,133,135,136,137,137,134,136,128,136,134,128,127,121,124,126,145,137,144,139,136,134,124,121,121,128,128,127,119,121,119,124,149,130,124,127,126,126,127,130,122,128,128,117,115,133,122,126,143,130,128,124,131,130,140,135,139,135,134,121,126,135,124,131,145,139,140,141,143,144,144,141,131,121,136,124,125,136,121,127,143,128,128,124,130,121,116,121,121,124,127,122,128,141,124,134,141,127,122,124,137,127,136,135,130,133,149,130,121,137,134,137,143,146,139,142,149,159,149,148,127,124,124,131,121,131,126,133,142,145,137,142,152,136,131,125,124,124,127,128,124,126,119,128,141,136,133,137,124,119,121,131,127,136,121,124,131,124,126,116,130,131,131,131,124,121,128,119,127,126,128,124,128
130,124,128,133,133,135,140,140,142,142,137,130,137,133,131,121,133,135,139,124,127,135,145,143,145,143,131,131,127,125,140,142,131,121,136,124,139,140,136,143,152,131,126,128,126,111,134,137,127,127,128,130,131,131,124,130,140,141,118,135,125,119,137,147,128,136,134,127,127,135,133,117,149,137,124,122,140,128,126,139,124,141,128,119,128,124,121,117,115,111,124,115,115,118,130,122,118,141,128,118,131,119,117,117,126,124,118,124,121,127,131,127,121,131,131,126,130,131,127,124,137,142,137,130,124,125,128,130,122,133,133,139,134,127,137,126,122,117,124,134,118,133,135,130,117,139,133,111,115,119,128,119,131,131,130,124,124,115,137,125,118,140,135,130,118,116,121,124,124,126,118,127,121,115,136,126,121,136,131,121,135,137,136,121,127,128,127,130,130,121,130,128,113,128,134,119,126,126,137,121,118,127,127,131,124,125,128,133,115,124,124,135,134,134,137,107,127,133,128,140,135,134,131,126,136,137,130,135,130,142,146,148,154,152,141,137,137,149,146,117,128,122,127,122,142,133,139,136,130,124,124,134,131,135,121,117
121,125,128,128,133,131,133,134,142,142,137,145,140,135,141,124,135,144,117,122,133,140,137,133,139,131,134,137,128,133,133,136,137,128,122,121,121,128,128,139,128,124,128,131,131,139,127,134,135,131,119,128,130,130,134,137,131,122,119,131,131,125,131,124,128,131,125,106,110,125,137,139,124,133,118,127,127,122,135,122,124,133,125,121,122,134,131,128,130,141,126,140,135,124,141,121,124,137,131,125,128,134,131,137,124,128,124,128,124,122,128,126,124,133,130,128,131,136,136,139,134,121,125,126,119,116,134,126,124,130,121,117,124,126,121,121,130,128,110,122,131,124,136,134,116,130,131,125,124,128,128,133,134,126,130,131,112,118,135,135,111,128,124,127,136,128,128,136,133,126,128,124,121,124,131,144,115,134,137,113,128,119,125,135,128,131,130,117,128,124,133,135,133,137,131,112,119,125,131,134,128,137,139,130,131,125,121,139,141,140,137,131,144,125,136,137,136,137,136,140,142,130,142,131,131,144,128,121,131,137,131,131,134,130,121,119,127,128,128,131,125,133,127,121,125,139,118,125,124,127,124,131,128,126,111,135
119,124,119,108,115,113,106,104,98,103,100,100,109,113,122,119,128,115,116,113,115,116,116,116,117,110,116,117,110,109,116,130,104,118,113,109,112,104,109,106,108,119,119,103,110,115,127,115,112,109,115,113,119,116,119,118,115,121,118,105,112,108,124,116,121,110,110,111,121,116,113,122,115,124,115,119,109,116,121,111,122,116,109,124,124,126,127,124,121,121,115,116,106,115,122,119,115,117,109,124,119,119,118,119,109,115,118,109,103,108,124,115,117,118,116,107,121,110,119,113,119,115,108,115,116,113,122,121,119,113,112,105,124,124,125,121,117,115,119,122,119,119,121,117,115,118,107,115,121,122,112,115,111,118,108,109,103,117,122,122,121,119,108,113,116,107,113,115,113,115,116,113,111,122,126,125,119,122,113,107,118,121,121,128,121,115,115,113,121,131,135,121,126,121,116,118,128,122,125,131,134,124,124,117,117,122,134,104,127,128,127,122,128,119,119,121,118,116,117,126,112,128,128,105,127,121,119,124,116,124,128,121,131,117,121,110,98,137,136,122,137,128,109,131,112,117,122,122,115,124,111,115,117,117,124,130
131,125,136,131,145,143,143,141,134,137,142,142,124,124,118,130,116,115,133,133,136,133,141,139,130,122,128,124,119,124,106,115,131,115,122,131,135,140,151,130,124,131,127,130,143,130,112,134,131,127,121,109,128,152,144,126,137,131,115,144,137,128,124,137,128,122,126,119,124,142,133,139,127,134,144,152,131,128,119,131,127,122,124,116,141,140,136,128,122,118,139,142,124,118,115,131,131,126,130,115,136,137,128,135,130,136,130,142,121,137,124,131,134,136,137,115,124,124,139,151,142,134,131,140,126,130,128,133,131,128,135,128,139,139,143,155,151,137,146,144,128,140,124,135,128,125,135,121,133,130,137,144,137,136,142,139,127,124,127,137,121,122,127,131,140,130,131,130,137,133,137,135,131,131,125,133,124,124,137,124,122,133,137,137,139,139,146,145,131,125,124,137,133,126,144,124,128,131,133,131,127,121,128,128,128,126,116,124,130,124,128,124,124,115,121,113,109,116,121,131,140,112,111,131,134,125,119,125,125,121,126,130,125,128,125,121,136,107,111,131,130,128,122,107,117,128,125,121,119,121,118,115,117,126,131,136
124,115,116,118,118,118,121,125,127,134,131,128,139,134,124,121,124,143,149,125,128,124,125,124,131,136,141,139,128,133,137,122,128,151,140,124,126,122,127,121,134,133,128,130,136,128,140,133,126,128,133,124,126,134,124,126,131,126,136,126,139,140,137,128,126,125,131,133,140,124,136,135,136,134,133,126,131,131,127,125,126,119,127,124,128,136,126,125,131,134,130,131,131,131,131,122,124,121,126,127,134,130,131,133,128,124,134,130,128,133,128,124,126,121,124,135,126,116,124,128,131,119,125,128,127,134,124,121,128,118,118,127,116,112,119,118,124,128,128,131,128,124,121,124,121,115,117,131,121,128,126,137,130,128,130,137,125,124,125,128,124,115,115,130,131,135,133,128,128,116,122,118,124,117,122,134,130,117,124,136,137,116,115,121,118,133,133,124,122,131,124,126,135,122,121,135,128,134,135,124,137,143,139,128,127,121,113,125,124,133,130,133,128,124,127,135,141,135,124,118,116,124,117,127,119,130,128,131,127,126,128,127,115,119,125,122,128,140,126,126,122,126,136,119,140,140,127,131,126,131,128,137,134,126,122,125
137,131,128,128,128,121,124,122,131,128,127,130,124,126,135,137,117,110,127,126,124,116,117,115,115,116,115,115,128,125,107,115,124,111,117,118,112,124,124,116,116,109,112,124,128,110,109,124,122,109,113,118,111,119,121,117,115,119,119,115,125,110,105,125,121,115,111,110,131,135,121,125,130,137,140,119,126,118,113,130,125,109,121,119,128,128,135,139,124,113,130,121,127,125,119,136,121,109,115,109,124,127,134,133,122,126,141,121,128,131,121,124,124,111,118,105,128,136,137,124,127,124,128,126,130,124,125,131,121,106,112,112,126,135,134,121,124,126,126,124,125,113,109,122,121,104,109,109,124,127,131,127,127,135,133,127,122,117,113,124,121,108,115,109,126,128,137,131,137,136,124,121,126,110,116,135,121,107,115,111,121,124,125,130,128,134,126,127,126,113,111,118,126,112,121,118,112,127,130,122,124,135,126,131,121,112,115,112,124,122,121,119,115,131,131,121,128,131,124,121,122,127,112,115,103,113,116,121,126,124,125,115,121,125,131,121,125,127,117,124,130,115,131,124,127,130,124,124,131,136,140,142,136,131,131,131
126,126,121,124,115,121,121,124,119,121,124,125,124,125,116,130,135,127,133,130,127,128,127,130,135,126,130,128,137,133,126,130,135,119,127,133,126,121,125,134,131,130,124,128,142,142,131,136,139,128,131,131,137,131,130,131,136,130,133,126,131,136,135,135,130,126,119,121,125,124,124,131,131,131,124,110,130,130,119,121,135,125,124,128,118,126,124,130,126,121,110,110,124,117,116,125,130,122,127,125,118,121,121,113,111,115,131,115,122,127,124,119,128,124,126,111,116,121,115,111,122,116,116,115,117,116,126,121,136,128,127,124,124,125,117,110,116,119,117,117,124,118,125,131,136,125,131,124,121,124,124,118,115,124,121,126,124,122,130,142,134,124,136,124,125,128,126,128,124,125,126,121,134,128,131,142,127,119,131,122,125,125,122,118,122,124,125,115,126,124,127,128,131,126,131,131,119,122,122,121,127,119,119,126,128,127,127,124,128,137,130,128,115,121,121,133,115,112,117,112,119,126,125,133,121,128,136,130,124,127,121,126,115,119,112,117,117,117,115,119,134,119,126,122,126,119,111,121,117,133,131,137,146,130,124,124
124,128,126,131,131,135,131,131,128,130,131,130,128,128,119,113,137,135,131,128,130,140,133,128,130,142,124,119,119,118,128,144,131,136,137,143,135,127,131,134,137,135,131,131,125,119,139,137,128,127,134,142,133,135,133,128,131,139,131,133,131,127,133,131,128,119,134,137,137,126,130,130,134,139,130,126,125,119,126,126,130,130,128,125,130,128,131,131,126,128,128,134,121,134,135,131,126,128,128,131,137,137,131,126,128,128,128,128,126,121,141,130,128,128,127,119,137,143,131,124,126,131,128,127,115,122,130,140,124,131,124,116,127,131,134,126,124,125,119,124,118,126,126,131,122,122,121,121,133,135,134,135,143,143,131,127,121,115,128,126,126,122,121,137,135,134,126,128,128,126,121,127,112,105,117,121,126,118,113,124,124,128,124,125,131,137,125,127,122,117,112,117,126,124,122,115,125,137,137,121,125,131,128,128,127,128,124,122,103,109,119,125,119,126,128,130,133,131,133,127,130,124,117,128,110,127,124,130,131,131,130,126,125,133,130,124,122,124,131,127,127,119,131,127,136,133,128,134,136,124,127,126,121,122,131,124
128,137,131,134,127,124,121,121,122,121,121,124,131,137,149,127,124,125,137,137,133,126,117,125,126,127,121,115,119,134,131,118,128,124,111,121,109,112,122,121,122,122,119,128,118,113,122,119,121,122,111,115,121,116,118,113,110,112,112,105,106,116,121,116,113,117,106,116,117,107,109,116,111,106,115,107,104,116,119,115,112,117,112,109,115,121,112,112,108,110,126,115,110,113,119,109,115,116,108,113,109,121,121,118,109,109,116,110,107,117,112,115,113,118,108,111,103,113,111,111,113,106,107,106,101,113,115,116,115,125,118,109,109,111,113,113,111,112,111,118,117,124,126,124,115,127,116,117,116,121,133,124,130,118,119,115,112,118,128,119,115,128,121,116,113,118,124,126,116,115,115,104,115,121,126,124,121,130,124,122,115,101,98,112,109,121,115,106,111,124,126,127,112,124,117,119,110,111,115,118,121,126,115,110,111,104,113,125,124,115,119,118,110,107,111,118,106,108,112,115,124,112,101,130,125,131,122,116,115,119,124,126,109,113,118,126,128,124,136,134,135,134,125,111,128,130,124,131,131,135,124,143,135,128,135,136
122,126,124,124,125,126,128,124,131,130,135,126,113,116,128,116,130,143,126,124,126,121,124,125,119,128,126,118,128,126,137,143,125,136,128,124,128,126,131,133,124,131,140,140,136,135,136,133,128,126,127,128,133,143,141,131,136,135,134,128,131,145,126,133,135,128,125,137,136,121,126,124,122,128,130,125,136,136,135,126,136,127,126,137,133,139,140,140,131,131,126,119,131,127,133,115,131,130,126,124,130,137,137,127,134,128,115,137,128,117,118,126,131,126,121,134,133,133,128,121,131,124,133,141,135,127,121,124,135,127,125,122,124,122,124,121,139,137,130,128,124,126,118,124,131,128,121,128,124,128,126,115,126,127,127,131,125,134,124,131,128,131,122,121,121,126,124,128,142,134,131,124,133,124,128,134,133,133,122,126,117,124,125,126,128,121,131,121,125,117,122,133,124,131,130,127,126,128,131,128,122,126,133,121,116,112,128,141,126,124,115,118,128,121,124,121,112,121,128,124,118,125,133,131,133,125,122,125,125,122,124,121,117,126,124,127,131,121,109,128,115,126,130,134,118,133,135,136,134,134,134,126,121,127,122,100
124,137,131,131,122,121,124,127,128,130,117,111,144,147,147,131,142,137,137,133,121,125,125,124,118,116,121,117,124,119,128,142,137,137,137,124,124,118,106,113,106,106,109,108,103,122,141,143,131,134,137,115,112,111,105,112,113,101,97,103,111,109,142,140,128,127,131,117,100,113,107,103,103,98,100,99,104,105,131,142,124,125,131,112,99,97,94,94,100,106,96,115,108,99,128,140,128,126,128,108,103,104,94,98,103,103,99,98,105,112,141,139,124,135,137,118,117,106,101,111,99,109,101,95,100,106,146,141,119,131,128,111,105,105,96,93,88,104,94,98,100,118,141,144,118,133,133,121,115,106,103,115,104,104,108,100,104,111,141,137,117,130,128,121,107,108,101,107,95,97,90,98,103,109,140,140,116,128,130,115,103,117,110,103,110,108,98,111,115,113,147,153,121,131,125,118,105,103,94,87,83,101,94,115,119,115,136,140,140,130,127,119,101,108,107,107,106,105,121,124,128,112,126,135,149,124,131,118,115,124,127,131,121,124,124,131,127,116,121,117,128,130,137,133,131,127,135,131,137,126,124,124,121,122,133,124
140,124,124,118,127,133,131,130,126,124,126,130,115,127,133,136,121,90,115,117,127,128,136,139,142,131,134,141,131,135,119,122,137,115,116,118,128,139,131,117,143,133,128,127,126,128,141,134,135,119,131,117,122,136,124,124,124,121,131,122,117,124,151,133,134,121,131,117,133,127,128,131,130,126,128,131,121,127,134,124,134,121,133,128,133,131,127,128,119,121,126,137,125,135,131,128,128,121,137,121,136,133,131,131,121,124,127,126,124,130,147,127,128,121,139,111,131,133,128,128,128,131,124,130,119,127,146,131,137,124,141,125,131,134,131,128,131,126,131,140,128,136,149,133,131,118,140,121,137,131,128,139,126,124,128,133,121,133,140,128,130,116,135,121,137,128,126,144,133,130,124,128,118,121,145,131,128,117,131,116,126,133,131,134,128,133,130,131,124,124,144,145,131,128,126,121,124,118,121,121,128,134,127,131,127,131,130,149,131,131,117,131,121,126,122,139,134,131,136,125,130,121,110,145,143,144,126,128,130,124,124,121,131,128,128,131,144,112,125,130,131,127,117,103,127,131,130,130,122,130,133,128,131,131,137,136
119,124,131,124,131,131,126,121,121,117,115,112,127,130,121,127,110,127,115,115,113,111,115,112,106,110,118,116,119,116,116,112,121,107,116,126,133,127,131,122,131,121,124,128,126,116,121,116,126,113,116,126,127,130,116,134,128,136,133,131,128,121,122,127,127,117,117,124,135,131,124,133,130,135,133,131,126,127,126,124,128,122,127,124,137,128,131,131,130,131,140,131,128,134,131,130,131,122,118,128,143,135,139,137,126,136,135,126,136,130,124,128,130,126,119,122,137,134,137,135,136,145,145,125,133,133,126,128,124,117,113,125,140,133,134,142,127,128,125,121,121,124,118,118,130,124,118,117,126,130,130,128,131,124,124,124,124,131,116,121,134,135,122,121,124,121,126,128,127,141,131,131,134,136,118,130,131,141,124,124,131,137,139,141,140,144,117,127,116,119,122,118,126,128,122,124,121,119,115,124,121,119,119,128,126,128,122,119,115,118,126,118,121,126,126,131,124,125,126,127,126,131,119,125,115,122,113,124,127,127,128,128,124,131,125,131,125,127,137,115,116,124,110,124,130,125,127,125,124,127,131,128,128,134,144,121
142,131,117,117,115,111,115,112,115,115,116,121,124,113,124,140,136,111,118,119,122,115,109,110,111,111,128,130,117,125,134,147,128,122,130,125,126,121,121,116,115,116,134,122,118,128,135,131,122,121,124,141,144,124,122,130,125,121,128,124,128,131,136,128,119,117,124,145,147,131,125,124,121,111,142,133,128,128,136,131,121,108,122,137,131,121,128,137,131,130,136,126,128,122,137,130,128,112,115,126,122,125,131,128,131,133,134,135,119,126,124,131,124,115,115,136,124,126,124,128,124,108,110,131,124,127,126,127,135,121,116,131,124,137,126,128,134,134,135,137,137,125,124,134,135,118,116,128,124,147,135,125,130,130,125,137,128,122,124,128,133,117,117,136,126,136,144,128,130,124,133,125,135,128,139,135,135,125,117,134,124,119,116,128,115,118,127,131,140,145,133,110,131,131,119,145,145,131,133,136,137,131,133,137,137,143,136,130,125,124,119,141,137,137,135,139,135,139,128,117,118,125,117,135,122,131,126,137,137,118,115,117,112,116,117,124,136,137,134,125,133,130,137,119,130,121,128,124,128,131,128,134,136,134,133,130
137,131,140,135,140,146,141,141,140,147,148,142,117,116,151,128,127,121,105,135,124,134,130,135,142,139,131,131,131,137,149,127,131,90,125,134,127,141,137,124,137,145,137,116,116,116,125,131,135,130,119,144,126,121,137,121,134,136,112,121,121,127,128,141,140,127,130,122,115,125,126,145,140,137,131,125,117,135,139,128,137,128,125,127,134,140,136,145,145,162,137,128,139,152,139,131,131,130,136,124,131,139,153,140,128,124,118,131,112,113,124,128,134,131,126,130,137,130,121,124,115,126,130,130,105,122,128,133,127,133,131,128,117,121,122,128,130,135,125,131,117,131,124,135,124,134,126,142,137,137,125,131,143,148,128,131,115,126,128,128,127,134,118,128,118,136,131,115,122,115,119,116,113,128,128,130,128,134,130,119,117,115,113,119,125,128,125,131,121,153,128,141,144,131,134,130,124,116,128,142,124,137,140,124,135,126,128,143,130,137,124,139,141,133,133,121,128,135,140,139,130,136,136,133,140,161,134,131,131,142,145,136,136,136,122,134,133,147,141,130,127,141,136,126,131,157,144,137,139,136,128,135,131,137,131,130
98,125,121,130,124,119,121,125,128,127,121,124,121,130,124,101,131,128,130,124,109,119,121,126,125,127,127,125,128,128,135,124,110,131,145,136,140,136,131,144,136,136,145,141,141,152,125,112,100,126,137,147,155,137,143,146,144,145,153,143,131,146,116,108,106,119,135,146,147,130,142,127,144,146,137,133,148,146,134,113,98,119,134,152,144,147,149,140,146,145,140,128,127,143,137,117,97,117,131,149,141,137,127,121,149,147,125,146,143,127,124,100,96,110,127,139,136,131,141,133,146,149,145,143,148,141,126,108,98,115,134,145,142,143,144,146,140,131,142,139,137,137,137,100,103,127,137,149,142,143,140,124,131,134,131,145,133,137,124,107,99,128,133,149,136,145,137,124,144,145,141,136,146,147,124,100,94,125,131,148,151,149,151,152,149,146,147,133,139,147,135,117,103,130,136,152,144,143,140,144,141,140,135,127,128,137,142,112,105,128,137,136,140,122,130,151,146,135,145,134,128,131,130,111,135,128,133,137,140,131,134,139,133,127,126,125,117,144,144,125,118,116,131,128,131,108,118,113,117,118,116,117,119,115,100,116
115,136,128,133,128,121,122,124,125,124,124,124,134,131,131,110,121,118,128,133,127,124,122,131,127,130,131,133,122,130,141,137,113,121,128,128,119,122,115,122,126,124,124,128,126,128,128,125,118,124,124,124,121,128,131,126,125,115,121,126,133,131,131,124,122,131,127,118,128,122,131,115,121,122,121,121,140,134,131,126,124,128,126,122,128,128,124,121,128,128,115,131,144,122,124,111,128,121,125,126,125,124,124,111,126,125,109,122,131,126,128,127,127,126,125,126,122,113,115,119,113,109,115,113,126,122,125,121,119,130,124,112,124,111,122,121,119,128,124,124,130,126,124,119,122,124,126,121,128,125,116,121,118,124,115,121,125,116,110,112,121,127,128,121,113,122,118,115,115,111,109,115,128,118,111,107,121,116,131,124,122,111,115,113,117,119,109,119,109,115,111,131,118,121,128,131,124,125,121,124,133,131,117,112,115,116,112,127,118,121,122,118,113,115,106,115,106,108,110,127,136,125,116,112,135,128,115,115,110,121,125,134,125,128,135,127,131,130,121,124,118,130,126,113,130,134,131,126,124,121,121,126,122,128,127,124
127,121,121,115,118,118,116,116,125,119,121,116,121,121,125,127,110,121,135,128,117,124,117,122,119,119,116,124,118,127,106,119,135,119,127,131,125,126,128,134,124,126,137,134,133,137,141,127,139,118,135,131,139,135,131,137,139,131,133,128,127,137,134,124,139,115,128,142,139,126,141,128,133,139,139,136,131,139,143,127,141,118,127,127,140,136,141,140,139,137,134,131,124,131,142,140,133,119,130,128,133,127,137,130,143,134,128,140,137,128,128,131,136,116,124,128,143,136,140,131,139,128,143,135,128,128,131,131,134,117,118,127,134,135,130,131,139,135,133,134,128,141,125,134,130,115,121,137,128,127,130,124,128,124,125,128,121,131,124,127,135,116,119,141,130,133,131,128,134,131,137,126,124,135,128,134,133,117,109,136,124,126,126,131,137,133,140,130,128,137,128,128,140,119,109,135,139,134,130,137,128,136,137,133,128,136,131,134,133,126,126,135,144,131,135,134,131,128,128,115,121,130,124,131,127,136,127,137,130,128,124,122,119,118,124,124,128,142,133,127,124,128,122,127,124,128,122,126,121,122,128,128,134,128,126,119
124,131,137,140,140,140,137,139,133,133,135,137,139,139,128,119,143,117,130,133,130,134,140,137,134,128,135,140,143,143,131,137,136,136,131,140,134,134,144,154,147,149,149,152,147,140,147,142,130,137,137,143,147,147,149,151,151,147,155,149,141,135,145,144,125,136,124,140,140,148,148,143,156,158,149,149,139,141,136,135,130,137,143,151,137,144,143,149,141,128,137,128,126,121,128,133,128,137,134,148,136,139,118,131,143,139,142,143,137,131,126,135,128,139,131,145,140,140,141,142,139,126,135,141,135,142,135,127,127,135,126,144,134,136,133,139,143,134,142,127,124,133,127,121,126,134,128,137,131,121,121,124,119,113,128,121,137,137,128,121,126,136,136,121,127,130,139,134,147,137,139,131,122,125,126,117,122,133,119,126,133,113,126,142,127,128,133,135,122,112,116,121,108,125,124,110,128,122,115,125,124,118,117,121,121,119,122,128,119,119,121,109,124,119,113,116,128,130,112,125,135,131,139,134,127,121,128,100,105,127,133,135,137,141,147,145,140,135,128,139,125,131,136,119,142,135,139,143,147,141,139,134,141,148,140,133
130,143,139,134,136,133,128,136,126,131,131,135,128,128,137,126,134,148,137,136,143,146,143,148,140,137,135,137,137,137,153,135,121,137,136,124,128,131,133,140,124,122,128,128,122,130,144,128,118,136,131,128,122,128,131,126,122,128,121,117,115,124,135,118,124,128,131,131,121,131,117,124,117,116,121,125,118,118,142,121,121,131,134,128,118,125,133,130,124,121,126,122,124,125,134,115,116,131,128,121,121,124,137,128,124,127,124,124,127,121,131,124,122,136,133,124,125,137,134,115,113,128,122,125,131,136,137,115,126,130,131,117,127,117,128,121,115,108,117,119,124,128,142,126,128,127,133,121,116,113,128,124,124,124,121,109,125,128,136,130,128,126,128,118,124,121,124,118,111,122,121,124,122,122,125,131,135,126,128,112,119,115,119,110,105,112,115,125,124,128,131,128,121,116,121,105,117,111,115,115,118,116,118,121,118,119,121,115,122,115,115,126,126,121,121,124,122,115,124,122,112,124,124,111,125,131,131,131,139,126,133,128,130,128,126,130,121,131,136,134,131,133,119,130,125,128,133,127,128,128,125,128,126,128,131,131
121,128,128,124,122,121,118,112,126,124,121,116,136,134,136,118,137,121,133,118,124,116,119,115,124,122,121,124,135,126,134,142,128,135,122,119,117,121,107,115,115,118,115,111,112,116,122,137,127,122,117,128,125,119,117,124,110,115,108,115,128,121,126,137,130,128,121,131,124,125,119,118,119,118,121,119,111,116,130,124,131,131,125,122,121,118,124,119,124,122,128,118,126,128,135,118,133,126,124,124,116,113,133,125,118,125,124,118,131,137,127,135,134,131,126,126,126,126,125,117,124,131,125,127,130,136,126,128,134,124,124,127,128,128,127,124,124,122,118,121,117,126,127,128,126,122,119,124,131,124,122,127,128,127,126,121,136,124,125,119,124,118,121,125,121,121,124,131,133,137,124,136,125,122,125,125,124,121,126,136,125,131,128,121,121,125,126,131,134,136,131,126,127,124,126,131,130,125,128,131,125,135,136,137,142,145,141,128,137,126,140,137,133,134,135,116,122,128,131,131,137,141,151,130,118,128,134,142,127,125,128,126,130,131,130,131,136,130,142,131,118,126,142,144,137,121,131,125,125,121,117,124,121,121,124,112
140,143,143,139,146,147,146,143,140,141,143,134,133,140,143,137,144,130,128,135,141,145,137,128,130,125,128,128,136,128,136,152,137,128,131,142,131,126,134,127,124,131,136,128,131,122,130,145,140,121,122,130,125,131,124,131,128,125,133,124,124,126,126,145,135,130,115,131,130,110,128,126,125,128,124,128,124,128,109,131,137,126,118,143,121,122,124,125,124,124,134,124,121,122,107,125,135,124,113,131,117,117,117,121,125,119,117,124,119,121,124,130,131,125,119,130,118,117,116,113,119,115,121,126,118,115,121,130,128,115,115,136,111,115,113,121,124,121,116,127,121,121,116,128,119,112,113,128,115,110,119,121,127,126,124,124,110,113,121,127,119,112,115,116,110,111,110,112,115,110,115,121,103,115,121,121,124,117,115,117,111,112,112,112,113,111,131,125,108,115,121,113,121,122,117,128,133,121,126,131,133,124,137,124,121,124,131,121,109,118,116,121,131,115,121,125,125,124,115,117,117,125,137,137,115,126,121,116,113,119,124,124,116,116,128,130,122,125,137,142,122,137,126,121,122,133,127,131,135,135,131,134,128,127,118,127
108,105,117,121,115,113,113,115,115,115,126,130,139,122,106,116,103,107,124,124,122,128,121,117,122,126,131,139,148,140,122,113,128,119,121,131,146,141,130,131,124,127,135,122,136,128,128,124,121,126,137,147,146,125,128,135,126,127,130,124,137,139,130,124,122,121,131,131,125,125,133,127,124,124,128,131,134,137,131,117,117,117,128,146,141,133,137,135,139,134,124,121,127,130,119,125,115,121,124,130,128,124,130,125,131,127,124,128,124,121,124,117,111,122,127,131,117,112,115,115,124,122,115,131,126,124,124,115,119,125,134,133,126,118,117,119,127,126,131,127,137,131,131,108,117,126,128,135,128,125,122,125,127,133,128,128,133,137,131,107,113,126,117,133,122,124,121,124,130,125,119,127,125,137,134,107,115,125,128,133,124,118,121,121,128,118,125,128,128,134,131,115,121,137,130,131,134,121,122,141,141,133,141,126,131,135,131,128,112,124,124,125,136,128,130,136,133,128,128,126,131,124,121,136,115,118,126,121,131,113,117,124,125,133,139,137,140,119,121,118,127,124,121,105,133,136,137,133,135,131,133,137,131,128,128,115
135,140,131,124,117,121,124,126,133,133,127,124,125,126,126,117,144,125,117,126,115,124,117,118,126,115,121,133,124,121,127,131,130,121,118,116,112,103,108,115,116,121,131,121,113,113,127,125,128,121,124,124,124,117,119,117,128,134,128,127,119,121,128,121,126,125,122,134,113,116,117,121,121,122,118,113,127,124,133,121,127,125,115,128,124,112,121,118,121,128,121,116,121,118,128,122,128,124,117,134,125,121,110,108,125,124,127,121,115,122,128,122,128,121,122,128,108,115,107,112,111,117,110,117,116,118,128,122,122,121,121,125,108,121,117,110,119,110,121,122,112,115,115,119,117,117,121,118,104,108,108,115,124,122,118,115,115,112,108,124,111,115,112,121,111,108,112,115,118,126,109,124,124,119,122,122,116,116,119,131,106,124,128,115,124,118,119,122,115,124,124,122,127,124,118,134,110,113,118,131,130,118,119,116,118,122,124,127,133,121,113,121,109,109,109,124,121,118,125,124,115,111,124,135,133,131,127,124,112,121,117,126,124,125,128,134,128,128,121,130,116,127,130,116,119,117,127,127,127,128,128,131,133,131,121,119
126,124,125,124,124,122,125,121,124,119,125,127,134,128,124,127,110,121,112,103,117,107,112,106,118,112,111,112,112,109,116,115,121,113,115,93,107,112,105,99,103,103,104,101,108,113,121,127,119,115,115,110,109,105,115,111,108,117,115,121,112,115,115,124,115,117,115,124,137,137,103,113,112,115,131,117,106,110,113,118,115,118,112,113,110,105,125,124,124,119,126,117,113,113,111,115,118,115,106,98,100,103,124,133,119,119,124,124,124,128,115,124,122,112,117,107,115,112,124,122,124,124,128,131,137,125,116,121,119,118,118,115,126,118,128,116,119,109,122,115,121,105,112,119,118,124,117,101,113,117,126,125,115,118,117,124,121,112,119,110,124,122,125,99,110,116,130,115,121,125,130,134,140,126,116,113,125,121,125,112,116,124,128,115,111,116,117,121,121,110,109,137,126,113,125,92,111,99,95,106,112,107,105,121,118,124,118,126,121,107,122,95,103,104,103,105,115,112,109,135,130,121,121,109,131,109,121,115,110,125,135,131,131,128,131,121,118,113,110,122,118,112,116,115,125,137,128,116,115,121,121,121,121,119,109,111
128,126,125,133,130,126,128,127,130,127,124,125,131,127,130,128,125,124,128,128,121,121,125,133,128,133,141,130,133,128,135,128,124,124,116,128,130,131,134,137,137,140,140,134,131,143,128,124,122,126,116,130,128,133,128,141,127,126,125,128,119,126,127,121,122,125,111,117,121,126,127,136,135,136,128,122,126,128,128,128,115,122,121,128,118,139,131,133,141,136,122,122,128,121,124,131,116,119,118,124,124,131,128,131,128,128,131,124,126,126,121,119,116,124,116,124,122,122,131,137,130,116,133,122,124,121,126,115,115,124,118,109,127,117,119,133,124,134,126,128,121,124,127,116,115,125,116,124,118,125,117,124,116,113,118,127,126,118,126,122,117,126,124,118,124,121,121,130,124,115,121,116,125,128,131,121,116,131,119,117,118,117,119,131,121,130,127,121,125,128,127,125,117,122,126,124,126,125,121,124,128,127,115,116,121,121,125,130,125,121,124,112,113,115,113,124,110,117,116,119,122,124,133,124,128,128,126,115,115,115,121,131,117,124,137,137,128,121,127,127,119,122,141,133,131,125,139,134,137,137,131,124,127,117,121,118
100,127,128,124,128,127,124,126,121,119,121,122,130,131,124,107,128,124,141,145,131,128,131,128,131,131,135,133,146,147,147,124,128,148,142,143,131,133,134,126,128,131,131,133,149,136,133,118,130,137,137,136,118,125,127,115,130,117,119,127,136,145,133,121,127,124,131,134,115,112,109,116,113,115,124,127,124,131,126,121,125,131,140,140,117,124,113,109,109,108,115,128,126,135,122,121,124,130,137,137,115,115,103,115,115,118,117,118,125,127,131,119,115,128,134,140,111,119,116,121,125,117,121,121,124,124,133,124,107,103,118,106,103,105,108,112,115,98,109,115,111,116,121,109,107,107,116,121,106,110,110,109,107,109,111,106,122,122,122,109,116,112,124,126,121,115,106,118,117,112,116,109,107,113,118,99,116,109,112,118,105,108,104,108,105,103,115,112,122,128,124,105,113,116,122,133,121,118,118,119,122,112,118,115,116,124,118,124,115,119,135,142,118,126,125,115,125,115,103,100,111,106,103,117,134,128,118,133,109,104,107,109,103,113,104,106,110,105,112,122,128,131,105,109,96,106,111,112,111,121,124,119,124,122,122,133
131,115,121,121,122,115,112,112,111,109,115,115,131,124,115,140,118,125,127,103,116,91,91,90,84,100,99,93,97,111,98,111,128,116,115,106,107,106,101,96,92,96,95,101,105,89,110,115,124,106,121,112,108,104,88,105,87,99,115,98,113,100,100,112,118,104,110,111,131,116,98,100,98,93,111,112,98,100,91,117,118,100,117,106,105,115,105,104,99,92,118,109,97,107,94,124,124,104,98,108,117,110,122,113,103,106,127,105,115,124,94,117,122,106,107,111,106,108,111,111,107,103,106,103,113,101,92,115,121,107,103,100,115,111,106,117,103,105,104,105,112,106,89,124,126,111,104,96,109,108,121,110,111,106,109,100,128,112,99,122,137,115,112,106,115,106,103,121,99,99,117,106,115,117,105,130,135,125,111,99,111,97,97,121,100,98,101,103,98,113,101,122,135,124,115,109,119,100,103,124,128,108,103,117,109,105,103,124,125,128,119,113,103,127,118,126,127,119,105,113,117,113,100,124,125,141,124,109,116,121,116,107,103,115,130,128,121,115,128,133,137,133,112,103,119,118,115,118,112,122,130,131,133,128,136,141
137,146,135,141,131,136,135,137,127,128,142,146,139,137,128,126,137,148,149,146,145,137,131,131,130,128,131,127,137,137,128,127,131,139,133,137,128,131,128,136,131,140,135,139,130,131,122,124,128,133,128,128,124,128,133,131,128,135,143,118,126,131,121,128,131,126,119,118,127,121,137,143,127,137,135,128,131,124,119,124,128,130,124,124,122,135,124,121,128,143,134,149,131,130,116,121,131,127,121,131,127,133,133,134,124,125,136,119,134,134,118,131,131,124,128,124,121,118,125,136,137,121,121,116,127,128,126,124,127,121,121,121,118,117,117,121,128,131,121,134,140,133,121,128,133,122,124,128,137,131,131,141,145,151,142,139,137,128,130,131,135,124,136,126,137,125,127,139,131,118,118,115,121,126,126,133,137,117,128,115,127,124,116,130,124,127,130,125,131,136,119,151,135,124,135,128,127,121,131,136,137,142,141,135,127,122,119,127,131,131,130,136,137,128,134,137,135,136,127,133,126,105,110,135,135,134,131,116,125,131,136,136,128,127,137,136,131,126,131,133,153,145,136,118,124,127,131,131,136,148,134,144,136,141,149,144
134,121,128,128,128,125,124,128,131,135,133,124,124,111,121,130,127,126,124,126,142,139,137,128,125,127,133,131,125,121,131,128,131,119,118,118,126,131,141,140,144,133,131,137,128,124,133,128,131,128,131,112,124,130,134,134,136,124,130,131,121,121,135,131,134,128,133,122,116,130,145,128,134,130,140,131,126,125,131,140,137,127,137,130,135,128,126,134,128,135,128,127,130,121,124,127,137,131,135,128,131,133,131,133,131,130,128,131,122,127,140,136,133,133,128,131,135,131,133,137,130,137,140,128,130,127,128,131,136,141,134,121,118,121,118,125,124,137,128,124,124,124,133,136,134,137,131,128,124,131,124,121,126,130,128,128,128,122,128,130,136,136,125,124,125,135,124,131,128,142,130,130,121,128,137,125,135,135,122,133,128,135,128,130,137,131,131,126,108,119,131,128,134,130,119,105,119,125,122,124,131,128,124,126,110,106,125,137,121,139,128,115,122,134,127,124,127,128,122,124,124,130,125,141,122,131,130,116,128,141,130,128,122,127,134,146,147,149,145,141,121,127,128,125,134,141,142,131,144,133,136,122,128,133,124,131
122,130,130,135,136,131,130,124,126,125,125,124,125,128,130,118,127,119,128,136,133,128,116,124,115,125,116,107,122,124,115,124,115,119,124,130,128,124,119,131,127,121,110,127,119,112,103,121,116,112,108,110,109,121,119,122,124,118,115,126,115,113,107,124,119,126,117,118,131,124,121,121,124,118,117,121,113,113,122,133,121,124,124,117,105,116,103,105,108,108,115,125,121,112,125,130,128,124,124,112,117,112,117,128,115,112,124,119,134,144,128,137,122,122,124,134,121,117,124,135,124,121,119,119,137,130,122,125,128,130,121,144,136,121,121,127,113,124,121,116,127,118,115,128,128,127,117,125,122,110,104,125,124,126,124,113,137,125,121,121,133,133,130,125,124,110,108,126,109,121,139,131,139,112,124,131,127,136,131,128,121,121,119,113,122,127,113,127,115,125,128,127,126,133,131,126,128,141,134,128,128,141,124,136,134,131,116,121,125,124,124,127,126,131,131,127,127,128,121,116,121,125,127,113,118,121,116,126,128,115,121,126,128,127,128,128,117,128,124,115,119,113,128,130,124,118,116,112,105,115,112,119,115,118,125,124
131,107,124,124,127,131,130,126,127,125,119,110,101,103,122,131,113,115,115,113,131,128,130,121,119,119,124,121,117,113,107,126,121,121,112,121,124,121,121,115,122,125,122,128,119,121,128,128,121,121,118,124,128,125,127,128,125,135,131,124,119,127,134,131,126,131,137,135,141,135,127,137,130,127,135,131,128,131,136,135,131,134,143,144,139,135,133,141,133,130,137,148,136,136,145,135,128,134,143,131,137,143,149,153,139,130,144,131,128,141,141,144,130,137,139,136,131,128,130,135,133,126,122,126,126,139,139,141,139,137,142,140,133,128,137,147,137,131,137,139,148,141,152,148,142,137,141,139,148,142,151,157,153,154,142,145,140,139,149,145,144,136,139,148,145,135,143,149,146,131,133,128,130,137,146,147,141,128,136,135,135,124,124,141,134,137,131,145,143,145,139,135,128,122,126,122,131,136,137,141,148,147,148,152,131,121,117,116,131,119,115,128,139,142,140,142,137,137,142,137,130,124,109,116,119,115,116,113,128,126,134,141,133,127,126,117,104,115,117,137,128,116,107,113,115,116,116,121,122,136,137,133,130,124,126,131
124,134,137,130,133,133,127,134,140,144,146,137,121,124,130,125,142,110,124,125,131,131,137,139,141,140,140,139,130,115,131,136,139,122,126,117,130,122,126,121,124,136,130,124,121,116,133,127,137,119,115,113,122,117,112,124,121,116,124,121,112,121,131,122,145,126,127,130,130,124,119,118,124,126,115,127,121,118,136,122,143,127,131,135,127,136,125,115,131,128,117,121,110,113,134,126,137,128,130,122,133,124,116,115,119,126,107,121,121,113,130,128,137,131,128,111,117,112,121,113,122,127,119,121,119,118,133,133,146,141,137,127,139,139,137,137,131,137,140,145,121,118,134,128,144,142,137,133,131,125,121,127,124,124,125,136,121,119,131,124,131,136,134,127,126,124,116,116,113,115,124,131,122,119,128,122,137,139,134,128,127,133,134,135,130,124,136,126,124,124,124,128,131,131,137,135,141,131,127,136,144,126,130,121,115,124,121,135,135,139,131,118,117,118,116,131,128,124,137,140,124,121,119,127,131,141,142,125,137,135,133,134,133,128,131,139,122,122,128,122,128,130,125,124,135,130,136,131,128,134,130,130,130,126,119,117
119,135,124,126,119,119,121,126,124,125,124,121,127,127,131,113,130,128,128,144,130,142,133,131,131,130,127,125,131,130,136,135,116,131,131,117,127,125,127,124,128,128,127,130,128,116,115,117,111,121,115,112,125,131,121,125,126,121,128,121,113,113,110,113,116,126,124,115,130,121,130,124,131,128,128,130,137,126,135,119,116,121,121,126,128,130,128,131,125,126,128,134,124,116,133,127,117,124,125,115,125,128,124,124,127,122,113,121,128,121,124,124,117,121,124,116,122,128,124,124,118,117,128,115,115,121,117,118,115,125,124,121,121,122,125,126,128,134,131,137,130,115,126,119,118,124,118,118,127,133,136,127,135,130,126,124,111,115,112,110,111,115,116,118,127,124,117,119,113,121,115,113,115,117,115,108,116,118,117,113,121,121,124,133,130,131,124,127,115,121,127,122,118,117,121,116,127,131,128,121,127,125,124,115,103,112,115,121,124,126,122,116,125,118,116,121,119,122,125,124,128,137,128,127,136,125,135,124,130,128,130,131,121,124,119,124,131,130,133,128,131,125,139,141,137,135,140,139,136,139,143,147,157,145,117,142
108,125,128,128,135,128,128,133,136,139,134,131,126,122,128,118,128,124,128,125,126,128,128,133,136,133,130,131,117,115,122,122,131,131,137,121,131,134,130,128,124,135,141,134,124,115,130,135,133,140,137,128,121,127,136,128,125,137,130,122,117,113,125,130,130,147,128,131,126,126,131,122,131,126,122,116,135,133,122,131,126,142,121,134,141,133,133,140,137,140,145,128,128,118,121,126,133,143,122,124,137,135,135,124,143,141,124,137,131,116,130,125,128,137,126,135,140,137,131,124,115,131,133,133,118,118,125,128,128,135,124,126,117,124,124,127,134,124,126,139,127,126,118,121,131,127,126,127,124,128,137,125,134,137,125,127,111,115,119,124,127,119,126,124,119,131,128,112,126,128,116,119,109,111,116,126,124,119,125,131,128,126,128,125,131,135,131,127,137,128,124,121,127,121,133,125,126,124,133,137,128,131,130,117,125,111,125,131,122,124,128,124,127,124,130,127,126,126,130,137,136,126,128,126,124,133,134,115,131,139,143,133,137,139,124,127,134,142,131,126,115,127,125,125,127,139,147,137,139,128,128,128,136,143,131,128
116,131,124,130,125,122,119,117,118,116,115,117,127,130,131,121,117,107,121,130,127,124,126,121,121,117,125,124,125,124,128,128,131,111,127,133,118,125,121,130,113,122,121,122,133,130,134,118,131,115,133,145,128,128,131,131,131,142,133,128,146,143,137,117,128,118,130,131,134,127,140,130,135,128,125,135,139,140,137,121,125,121,131,133,130,127,140,139,131,128,131,128,140,148,137,117,128,125,135,126,127,124,121,130,134,126,124,139,140,131,135,125,121,126,127,133,128,131,130,130,126,115,137,131,137,146,141,118,111,126,124,126,126,113,124,130,124,122,127,126,133,128,139,118,113,126,116,131,125,121,127,130,127,121,125,126,137,131,137,121,122,126,116,125,122,127,121,124,127,126,121,133,136,124,135,119,125,124,115,134,130,119,121,127,125,121,128,126,124,124,135,115,110,126,112,134,121,118,122,125,122,115,125,121,126,133,137,112,121,124,104,140,126,116,124,116,115,121,122,119,113,133,152,126,121,126,128,119,124,124,121,124,127,119,128,122,118,139,137,130,124,128,128,118,111,106,119,113,115,118,126,118,115,121,125,118
127,128,122,125,134,136,135,128,126,125,121,125,122,133,137,128,133,140,130,112,131,115,117,116,117,116,107,104,104,115,133,134,131,131,124,113,107,110,105,113,104,103,115,111,105,105,126,143,135,131,121,118,117,107,111,101,103,110,108,104,105,101,125,144,142,142,126,127,115,115,107,111,118,115,121,113,110,111,128,141,146,149,127,124,116,106,116,117,117,124,121,124,115,107,124,140,147,145,131,125,116,116,128,119,121,121,121,112,115,124,144,147,143,141,140,121,113,115,108,108,115,124,128,124,128,113,146,145,145,135,136,124,124,113,121,119,124,124,111,117,122,135,149,147,149,135,137,131,121,108,130,119,131,118,115,109,122,112,148,145,149,136,146,126,121,103,118,124,121,122,119,109,111,126,141,135,142,133,139,117,108,116,116,117,124,126,111,105,121,131,139,131,128,117,136,116,109,111,115,124,130,131,124,124,118,113,137,131,115,113,128,128,124,117,119,121,122,117,118,141,133,122,128,140,127,128,121,117,113,130,135,131,141,142,137,125,126,127,131,141,128,133,126,124,130,131,131,128,128,131,128,128,121,124,128,131
110,116,128,122,115,110,113,119,118,121,127,122,118,113,111,110,128,124,118,125,111,119,116,121,117,124,124,118,127,140,110,119,130,122,128,133,137,137,136,136,135,135,122,131,149,134,125,124,126,131,134,140,135,131,131,130,136,128,133,128,139,156,131,126,124,121,131,144,141,127,128,131,128,127,119,124,141,152,139,127,118,127,127,136,141,128,128,139,130,127,122,110,137,140,137,121,111,130,128,139,128,119,122,127,127,124,112,121,127,121,126,122,111,124,128,136,135,134,128,128,128,126,134,131,136,149,124,124,115,124,133,149,136,141,131,133,131,124,143,131,144,148,135,130,112,124,137,136,130,121,121,124,126,124,127,128,131,139,126,127,113,124,127,145,130,128,121,117,125,134,141,137,147,155,133,122,124,122,137,147,137,130,128,135,135,130,131,140,147,145,149,130,115,131,131,146,137,149,145,131,133,136,131,135,144,152,127,116,111,121,122,140,134,130,126,128,130,135,135,128,130,121,124,113,112,122,140,137,122,121,117,124,119,124,119,119,124,117,110,111,110,112,124,117,108,116,113,118,115,112,115,108,113,121,112,115
66,50,39,32,31,29,28,33,32,35,34,45,51,64,80,76,56,47,53,61,49,57,61,55,54,57,57,64,55,63,61,68,66,56,62,68,61,64,64,60,61,60,61,68,68,49,69,59,59,58,69,64,65,68,65,68,58,54,69,64,69,57,70,58,52,49,69,56,60,57,65,69,53,51,71,64,68,68,65,56,46,42,73,64,76,69,63,68,60,61,59,75,66,66,64,59,45,42,73,70,65,60,61,71,57,55,76,62,61,74,74,47,43,39,66,62,59,51,60,65,56,56,50,58,57,64,72,37,40,46,75,57,49,58,54,56,58,57,49,59,60,63,80,44,42,52,76,66,65,57,59,74,56,55,61,50,68,60,73,43,45,55,79,65,69,59,65,79,62,53,48,47,63,69,76,45,42,49,69,56,56,49,46,62,49,50,56,56,66,63,82,52,64,68,76,61,68,59,64,79,72,63,61,57,68,64,82,79,64,71,68,72,70,64,64,68,66,60,54,60,66,73,68,81,71,80,74,68,54,58,54,51,54,57,72,79,79,75,79,93,81,74,72,66,56,65,66,64,76,81,81,84,89,84,92,93
127,134,133,126,122,124,122,125,124,119,119,121,131,137,131,124,135,118,118,126,118,131,130,131,131,128,130,134,127,134,143,128,127,126,140,136,134,137,134,128,124,121,121,131,137,130,137,124,124,124,131,131,122,130,130,128,125,128,125,141,136,139,135,122,119,116,131,145,137,130,122,121,121,125,126,128,131,131,130,121,115,118,128,115,115,112,125,126,117,121,127,111,124,139,140,116,118,116,125,128,117,124,119,119,126,134,112,128,133,107,131,119,116,121,119,124,131,131,125,117,122,137,137,137,148,141,126,121,131,131,131,137,135,133,140,143,136,126,135,131,134,139,137,124,133,131,131,127,125,131,134,127,128,128,126,126,131,131,128,124,135,130,134,136,121,131,128,121,131,146,136,144,136,136,128,126,139,127,131,133,133,140,136,130,131,124,134,142,140,134,133,128,125,125,128,121,124,122,119,118,122,115,128,127,142,148,147,145,105,117,116,122,126,124,124,113,117,119,121,119,131,128,135,141,128,121,128,121,111,112,112,117,125,125,117,119,121,115,124,130,112,136,128,128,115,119,116,119,119,122,118,109,124,124,119,116
159,149,144,153,155,155,160,157,153,148,148,151,139,135,136,167,160,142,131,127,149,140,153,149,144,144,146,151,130,135,134,133,176,155,140,153,155,149,153,149,131,130,135,141,142,133,172,168,181,172,160,160,162,146,142,149,145,145,133,143,145,141,173,171,190,179,172,162,158,143,156,161,141,145,160,152,147,148,159,166,190,180,171,156,159,149,148,162,141,145,159,158,147,153,161,172,190,177,169,147,161,160,158,149,157,162,165,158,148,136,173,176,191,182,168,160,149,160,166,157,163,157,144,151,145,149,177,173,199,179,166,160,149,149,166,163,171,151,158,160,162,172,179,177,197,183,173,158,149,156,172,162,167,166,163,163,153,160,182,179,190,187,184,170,161,165,169,156,166,162,158,157,149,157,170,165,192,179,176,158,157,148,148,152,154,147,159,157,163,175,170,146,189,171,169,149,152,149,157,169,166,153,166,163,146,144,156,154,146,154,149,162,168,159,173,176,171,157,165,155,139,112,126,165,142,131,125,137,148,146,145,147,155,153,159,163,149,117,133,170,161,148,116,115,119,145,161,165,170,173,169,168,161,153,149,169
131,135,133,140,133,133,137,131,135,141,135,131,139,140,130,126,128,135,146,149,128,139,140,143,147,153,157,154,164,153,149,135,133,137,157,140,143,142,136,133,149,137,131,143,153,135,136,125,135,137,149,131,131,143,131,135,145,135,139,147,159,144,133,119,130,125,142,141,134,137,130,133,136,131,130,135,135,124,124,124,125,117,137,127,128,131,121,128,124,125,130,122,141,137,125,128,126,121,134,124,137,134,118,125,125,131,130,124,133,134,122,111,125,126,127,122,136,130,130,121,128,134,139,125,135,125,121,119,127,126,131,139,133,127,125,126,126,144,137,130,140,141,131,130,130,125,131,124,128,127,127,136,135,128,141,137,142,131,121,128,126,122,128,135,136,139,131,124,126,131,134,137,154,134,121,125,128,121,125,131,131,137,131,131,128,134,119,137,137,128,126,128,140,121,126,143,139,146,134,124,131,142,131,146,151,140,126,128,134,133,130,137,131,141,137,147,152,144,135,121,124,130,124,117,116,128,122,128,131,134,125,124,128,124,124,124,128,135,134,121,137,121,109,128,110,131,124,127,137,131,134,125,137,131,126,128
137,121,135,135,131,135,133,131,133,131,128,131,131,128,124,137,111,115,110,122,124,118,124,121,122,121,124,124,121,124,103,119,144,128,110,125,121,130,124,127,119,121,127,125,128,131,116,131,141,134,119,121,128,133,128,124,131,119,122,128,128,131,118,128,135,134,118,136,124,131,136,134,124,130,133,136,131,137,124,128,137,128,126,127,131,137,133,130,128,122,131,119,127,137,122,125,137,124,119,131,126,130,121,115,134,137,124,139,136,128,115,131,137,128,121,130,133,135,135,128,140,125,135,139,140,143,122,131,133,124,118,118,133,131,141,137,139,130,141,126,125,126,112,135,135,124,117,121,121,126,125,111,128,126,130,128,133,133,119,136,131,122,121,119,124,136,139,121,137,142,134,146,137,130,124,139,136,125,124,137,131,147,144,134,142,125,134,131,131,124,118,144,140,128,131,133,125,136,128,126,110,118,128,130,135,124,124,128,142,116,122,119,128,131,127,116,118,135,134,127,122,99,98,121,122,117,112,118,127,122,124,128,131,124,117,118,118,101,91,128,119,117,103,117,108,112,112,121,124,117,117,124,121,121,112,119
145,122,137,134,136,137,137,135,126,125,128,131,127,108,110,133,136,112,106,106,121,112,124,121,121,115,113,113,105,99,113,106,136,118,109,128,111,111,112,111,107,101,106,104,101,101,121,130,142,130,121,126,118,108,96,113,111,115,105,105,113,104,118,133,131,128,116,101,112,115,118,115,106,98,103,103,103,103,105,127,136,130,121,109,109,108,107,111,96,108,101,107,108,98,103,124,136,133,115,106,113,115,103,104,97,99,112,101,99,95,118,125,136,131,116,106,112,115,115,119,110,106,84,94,96,99,119,122,131,131,111,103,107,103,108,109,103,97,95,105,103,106,104,127,133,128,119,109,104,113,106,112,104,96,103,103,115,96,113,131,134,128,121,107,108,100,104,121,106,97,84,95,95,88,112,131,131,125,121,90,103,99,95,103,95,93,89,92,99,100,109,121,134,127,121,98,90,89,94,110,103,101,107,105,111,107,108,121,117,121,119,122,108,107,115,115,112,110,105,106,111,104,95,128,127,107,96,101,99,106,110,104,109,116,119,115,122,109,103,119,137,130,110,84,100,128,126,133,124,128,133,130,134,130,122,128
125,131,131,131,137,135,128,139,137,137,133,137,128,116,135,121,121,133,137,128,140,128,137,128,124,127,134,133,130,121,116,137,122,134,128,121,127,121,113,106,109,124,115,107,110,109,130,128,127,127,137,121,125,111,116,113,109,112,113,107,108,112,131,133,135,141,137,116,121,119,118,125,124,122,118,115,118,125,124,135,130,140,130,126,139,130,108,117,116,113,122,116,117,112,113,131,131,133,134,113,125,119,112,121,116,112,124,115,104,119,122,124,139,140,137,118,131,119,125,121,131,131,141,130,121,130,131,137,131,140,139,122,133,121,128,131,117,122,130,124,113,130,137,137,136,134,139,128,140,124,118,122,115,111,122,133,130,127,141,137,134,128,135,117,121,121,122,133,122,137,131,135,128,131,136,131,135,131,137,128,140,140,134,135,130,136,130,134,124,134,137,134,125,131,121,128,127,128,121,117,115,122,112,121,124,127,121,128,131,146,140,125,112,128,119,113,117,124,128,147,135,149,128,135,122,134,128,128,122,142,139,131,140,141,139,137,131,144,133,136,133,131,131,127,149,137,133,136,145,148,137,139,127,128,128,135
133,121,125,128,112,115,117,117,118,119,118,124,131,130,131,128,131,131,130,117,128,117,121,116,121,110,121,121,124,122,127,131,122,128,124,124,124,113,112,116,121,125,115,116,113,115,139,134,119,125,126,119,121,119,115,119,122,127,121,108,113,115,137,131,116,134,130,137,131,124,121,128,126,130,128,115,117,121,137,130,121,136,136,130,131,128,121,128,130,133,144,128,125,130,133,124,121,131,131,127,136,124,124,131,128,126,128,125,116,118,152,142,124,133,145,134,128,127,130,126,131,131,124,125,128,126,151,128,112,122,122,119,121,110,116,115,106,106,111,121,117,131,133,125,116,117,127,109,130,130,125,134,130,128,130,131,118,111,128,122,121,115,124,119,125,113,118,128,117,115,106,111,101,106,124,127,118,107,122,117,115,111,108,115,107,115,113,125,118,115,125,116,119,115,130,105,111,122,128,118,117,121,128,139,124,121,135,119,131,124,131,121,131,135,133,131,127,127,131,128,128,142,131,128,135,115,128,130,133,124,121,124,131,133,131,121,126,144,140,121,121,119,131,124,130,118,130,125,118,121,121,118,127,136,126,124
127,131,130,137,141,144,140,139,131,131,127,124,124,122,119,124,126,136,125,137,130,134,137,143,131,136,133,128,128,131,121,125,124,128,124,131,131,131,130,127,124,131,131,131,121,134,127,131,133,134,128,128,118,128,131,135,128,125,125,130,124,127,137,135,135,136,121,139,137,131,125,128,133,134,126,146,124,125,125,131,137,133,121,145,125,141,149,143,142,139,125,141,136,125,124,141,140,139,126,139,130,140,142,142,140,149,135,144,144,141,128,141,142,146,131,140,135,137,139,136,131,136,141,135,144,144,134,140,136,135,116,135,133,141,135,140,144,140,141,137,136,131,126,131,131,134,122,140,131,140,130,135,131,135,134,134,136,141,124,131,134,136,127,130,131,136,122,130,136,136,136,140,131,128,119,124,131,136,128,133,131,135,136,137,139,134,137,141,124,134,121,116,131,135,131,140,142,137,136,128,128,128,133,127,126,136,127,133,117,121,127,124,125,125,121,130,128,125,131,128,127,121,134,128,125,116,126,127,134,128,128,128,128,124,128,133,130,126,128,137,127,128,128,134,125,139,140,137,137,128,128,124,131,128,134,135
128,134,124,117,119,116,118,113,118,116,119,121,115,126,137,131,145,128,119,131,121,128,124,124,131,130,127,136,122,110,131,136,121,137,136,119,128,135,134,113,131,124,119,124,131,110,128,124,124,130,137,121,121,125,128,121,122,121,115,122,134,126,125,124,119,130,130,134,127,125,125,131,135,137,130,130,128,125,121,122,124,131,127,131,131,121,141,128,131,119,127,128,117,126,118,122,130,121,121,125,117,116,131,128,122,128,118,127,130,124,121,127,128,117,122,131,130,124,127,124,118,139,128,136,143,124,124,124,131,121,127,145,126,127,131,122,128,115,128,131,128,127,127,135,137,122,128,131,126,124,135,125,116,133,130,115,135,127,125,139,140,124,133,118,121,126,126,115,115,119,124,124,137,113,121,140,139,119,128,135,115,125,130,113,116,122,119,127,128,122,124,124,130,118,128,124,119,115,124,122,128,121,127,126,121,108,112,128,130,115,128,117,128,125,124,118,115,118,115,115,121,127,135,125,128,131,124,107,117,106,112,113,118,128,131,130,131,128,131,119,131,137,145,125,124,137,139,137,136,122,139,136,146,142,128,137
126,113,134,130,127,131,130,134,125,126,131,128,131,126,125,130,124,118,118,115,117,116,131,119,126,115,126,128,122,118,113,121,124,116,115,124,127,128,135,127,124,124,128,135,121,117,130,127,121,121,126,122,124,125,124,121,124,122,121,128,126,121,133,128,119,126,131,122,119,117,135,128,125,135,128,125,130,124,134,125,116,119,128,121,135,131,126,126,121,127,131,122,125,134,126,126,126,127,125,111,133,128,122,128,130,131,128,124,128,124,131,122,125,128,124,111,126,131,128,126,124,133,125,127,122,128,130,119,118,122,124,116,126,136,137,128,121,121,125,119,117,121,124,109,118,125,124,115,121,125,131,121,121,118,121,128,115,118,119,108,110,119,118,119,126,131,128,124,124,128,119,128,117,124,119,104,115,113,117,118,124,131,131,128,131,121,127,119,122,117,117,131,110,112,112,124,117,128,124,124,118,115,121,121,124,117,112,124,98,108,105,117,117,112,117,119,121,115,130,137,133,105,110,115,125,121,104,113,117,128,133,137,133,142,131,128,115,109,121,130,128,124,105,99,116,128,131,135,139,135,125,125,128,125,117,134
124,148,130,124,127,126,125,126,128,125,131,141,117,118,130,113,149,139,128,128,122,122,122,128,136,131,131,135,135,142,148,142,141,130,125,125,125,127,127,128,128,137,130,121,118,128,140,137,125,126,121,121,125,118,128,124,124,131,119,116,115,118,130,130,136,131,139,118,122,124,121,118,121,127,117,125,124,122,135,126,125,135,130,121,128,137,136,126,137,133,124,122,127,125,139,124,126,134,133,125,134,136,128,124,133,128,118,130,126,119,137,128,125,127,128,125,124,135,125,116,128,125,126,130,125,127,139,130,133,127,128,124,131,134,131,122,131,128,125,136,115,118,124,122,128,131,131,141,124,133,125,121,121,122,116,121,113,111,121,118,127,133,130,124,117,119,116,122,121,126,122,121,124,121,115,121,131,135,130,118,134,127,128,121,131,128,131,124,128,118,117,107,124,124,130,140,128,119,128,124,131,130,136,124,126,127,128,115,107,122,118,140,128,121,128,121,118,121,131,127,127,127,137,125,121,125,128,128,137,127,126,121,131,128,119,119,128,146,145,127,111,118,122,118,115,107,118,110,116,111,121,112,127,131,125,101
117,124,128,128,127,131,131,134,135,131,131,127,126,121,127,122,124,126,140,142,134,141,137,141,135,141,131,134,137,144,139,130,122,135,152,146,156,152,147,151,142,141,145,139,136,133,128,118,125,125,130,127,139,146,137,135,141,139,134,141,131,136,127,119,130,127,134,130,125,139,128,122,126,127,127,133,122,115,128,119,130,122,136,121,124,117,126,121,127,124,124,125,125,117,127,115,126,127,143,108,121,121,119,124,130,131,124,131,118,122,131,131,124,131,140,124,131,134,128,130,133,127,133,131,127,121,131,124,131,127,133,128,124,118,124,117,119,112,118,119,119,119,130,131,128,121,133,117,119,126,121,121,115,117,124,117,122,131,128,130,122,121,126,126,122,128,124,121,125,126,130,134,131,139,130,128,122,126,130,133,128,125,130,125,128,115,125,126,128,119,131,133,121,124,122,128,133,131,126,121,119,113,124,122,115,118,121,134,131,124,130,124,128,125,121,125,124,119,119,124,131,128,128,124,128,124,124,122,124,115,121,121,121,124,128,122,131,118,116,118,124,122,137,128,125,131,121,124,113,112,121,119,122,131,131,137
131,130,130,125,127,130,126,125,130,128,131,127,137,143,125,124,121,141,131,131,128,122,122,121,124,124,118,121,122,121,137,133,118,128,130,133,117,121,124,131,121,121,128,130,131,128,122,124,122,119,126,145,131,134,127,134,122,130,131,119,124,130,116,124,106,117,112,125,121,117,127,128,119,124,128,121,125,128,116,121,111,118,124,130,119,121,124,124,128,137,128,127,124,122,117,115,110,116,115,134,121,122,121,122,121,121,121,121,118,119,107,121,111,111,110,128,109,115,108,121,115,109,105,111,108,115,110,116,119,115,115,122,121,121,118,113,119,117,115,115,122,124,108,128,125,115,116,127,115,110,124,121,115,125,122,124,118,116,119,131,128,121,125,125,124,117,124,118,117,116,111,115,113,116,119,134,122,115,116,115,112,106,107,116,111,116,117,115,125,126,106,137,125,115,121,119,116,112,124,121,125,124,121,121,124,115,115,131,134,139,133,118,125,119,124,121,119,119,110,115,121,137,133,137,141,146,135,103,117,124,118,116,115,112,109,109,130,145,140,141,121,131,143,131,141,128,118,122,131,134,124,130,135,137,127,128
121,131,128,128,125,135,131,136,137,137,139,139,136,135,122,121,122,126,130,137,122,137,137,144,139,139,131,128,121,119,121,119,122,125,139,142,137,143,137,146,141,141,139,143,136,126,124,126,128,128,142,144,149,147,140,151,145,140,137,134,134,126,125,128,134,125,140,149,141,144,149,143,148,148,133,134,144,143,131,136,137,130,145,148,155,155,149,149,137,140,137,131,142,136,131,135,137,131,143,139,144,143,140,135,141,147,141,136,133,128,134,127,135,128,137,142,140,139,139,130,137,142,128,130,125,126,131,133,131,125,133,131,127,135,134,124,128,133,126,131,133,128,130,121,130,127,135,130,130,133,141,131,140,137,137,128,118,112,135,121,127,125,130,133,137,136,139,137,131,131,127,124,115,113,127,121,125,121,130,125,131,130,131,128,128,131,136,135,137,125,131,125,128,126,133,128,131,131,134,137,137,131,144,134,135,124,131,128,128,124,128,128,133,130,134,139,143,136,134,122,128,121,107,134,124,124,125,118,126,134,128,122,125,119,122,121,126,128,124,124,134,131,122,115,119,130,124,135,137,140,133,142,141,130,122,128
151,121,121,115,115,121,121,117,119,118,121,110,121,125,115,128,97,99,96,106,105,108,109,109,111,111,115,111,127,127,111,89,124,98,113,122,121,121,134,131,128,125,122,125,136,143,121,119,128,116,121,133,140,124,139,127,130,124,131,122,127,139,127,126,131,113,115,137,131,121,125,124,127,125,128,128,124,136,135,125,131,116,115,136,128,127,131,130,121,124,126,128,131,141,128,124,131,109,121,142,124,121,137,125,133,130,121,131,121,113,117,124,131,116,116,139,128,130,128,125,131,135,136,128,122,125,124,121,141,121,113,131,124,128,124,121,130,130,125,125,131,140,131,126,137,121,116,143,128,121,135,124,125,137,135,135,128,139,137,131,139,121,124,131,131,128,126,122,125,133,143,128,137,136,139,130,143,118,117,141,128,124,124,134,131,128,135,121,127,145,137,122,137,116,117,134,131,131,128,134,130,127,134,126,128,131,139,122,131,122,117,131,136,122,128,130,131,124,126,119,124,124,121,128,135,125,115,128,128,128,125,121,121,124,118,117,121,127,134,137,137,133,115,126,112,128,119,128,128,136,135,140,135,124,117,139
121,119,112,113,118,115,112,113,112,117,117,117,117,118,125,121,121,110,112,125,127,122,122,121,121,122,121,122,117,119,131,122,116,117,122,125,124,121,126,124,131,133,128,134,130,121,137,124,107,113,126,127,128,128,128,119,122,136,133,125,121,124,134,124,113,116,127,119,118,110,117,121,124,124,116,121,133,124,127,108,113,115,131,121,116,126,115,112,133,136,121,134,136,121,130,115,116,116,126,122,115,127,112,121,128,121,121,124,130,115,130,118,113,115,127,126,119,122,115,121,125,121,128,121,126,124,127,116,112,118,128,121,112,109,117,117,115,119,115,118,130,117,130,110,118,116,126,126,124,115,126,119,121,128,119,122,121,121,135,118,119,117,128,128,124,122,124,119,119,116,121,121,128,122,137,119,121,117,122,128,119,121,121,113,115,124,122,121,126,127,131,121,124,121,126,124,118,121,125,126,130,134,128,122,121,117,124,125,121,126,128,127,124,124,128,121,125,126,126,131,133,118,124,130,125,131,130,115,117,124,124,126,126,128,128,117,126,128,130,126,122,127,139,124,125,131,131,121,130,131,128,117,117,130,131,121
126,118,115,113,121,116,115,116,119,121,116,105,122,128,135,126,110,110,110,121,112,133,126,126,118,122,124,121,117,115,125,118,115,106,125,137,137,143,133,131,124,121,121,124,130,131,126,124,118,117,134,128,133,135,124,126,125,122,124,125,128,124,134,127,113,109,131,124,121,124,127,130,113,121,134,126,125,119,127,116,115,113,131,117,124,116,117,122,113,116,119,122,124,124,124,109,112,116,133,124,121,121,124,121,118,121,122,118,115,109,124,116,117,117,127,122,111,115,113,121,122,128,112,116,115,105,128,121,133,126,144,148,143,143,141,134,134,137,125,128,143,141,148,139,130,131,143,144,137,144,147,135,136,137,133,135,126,126,144,136,126,126,134,147,142,144,147,137,136,139,130,131,137,136,139,128,124,126,124,141,137,133,137,137,135,133,126,130,143,133,134,116,121,124,124,131,125,133,133,122,113,119,127,134,137,134,137,116,108,125,118,128,128,130,135,128,128,125,122,113,115,115,116,121,121,122,117,128,126,127,112,107,118,124,119,113,124,116,126,115,115,126,115,126,118,127,126,128,128,125,125,124,121,128,124,121
131,126,134,143,142,146,144,145,133,136,136,133,131,133,126,125,125,144,152,134,142,137,137,137,133,141,134,128,135,140,139,140,127,144,136,126,131,131,128,128,126,126,134,137,125,131,134,127,131,135,131,140,131,124,126,131,130,128,128,128,125,130,135,130,133,131,126,124,121,124,107,109,126,121,124,125,122,119,128,128,133,137,127,121,112,112,124,118,127,127,127,121,117,118,134,134,128,137,125,111,115,112,131,128,127,126,118,112,121,117,119,118,133,140,127,115,119,121,126,121,119,124,118,110,115,113,124,128,125,133,127,116,116,130,119,122,126,131,121,124,127,133,137,128,124,135,131,115,110,127,121,122,125,125,124,133,126,125,131,126,121,130,124,121,111,112,112,122,116,116,121,116,125,127,121,116,116,122,118,115,113,121,121,124,126,130,124,128,131,140,121,127,121,125,115,142,131,126,127,124,131,141,135,133,137,142,131,131,119,122,124,130,131,131,130,139,139,128,134,128,131,131,137,136,133,125,134,127,124,124,124,131,128,128,133,135,124,119,125,149,130,126,127,149,119,126,135,128,141,141,137,135,131,130,131,136
124,140,131,133,137,136,141,142,139,140,134,135,137,139,140,117,142,144,137,140,137,145,137,137,137,134,137,141,134,135,147,141,136,142,143,116,136,137,131,130,124,126,128,130,128,130,143,121,128,130,137,122,127,131,131,135,128,134,125,131,128,128,143,121,125,137,141,118,128,131,128,128,133,125,137,152,139,134,140,126,119,131,131,110,128,118,127,126,124,130,131,147,141,131,145,117,122,133,140,119,128,131,127,137,134,131,139,142,139,131,137,124,122,127,137,121,130,128,137,141,141,131,130,134,137,142,139,124,111,128,143,141,135,139,139,141,136,134,130,135,139,131,135,124,107,128,137,115,126,130,131,131,127,133,130,137,121,136,131,126,110,130,131,127,128,121,131,131,133,128,134,135,128,131,137,118,109,128,126,131,128,131,133,131,130,133,137,141,130,130,126,121,98,119,112,126,121,121,121,110,113,124,124,125,118,124,128,112,98,121,118,111,122,112,119,111,111,126,121,115,106,131,131,106,98,122,131,121,112,111,111,115,115,99,94,96,103,124,115,100,118,109,134,131,127,97,100,103,106,115,105,103,105,103,113,121
124,124,125,125,131,131,131,135,131,131,136,131,128,128,126,130,130,141,137,134,131,134,130,131,128,128,126,126,136,137,133,137,127,141,137,126,121,134,126,119,126,127,121,124,128,127,130,137,130,136,135,133,118,121,122,118,119,128,118,122,130,126,128,137,136,144,133,127,121,127,121,116,121,122,133,135,128,122,137,145,139,146,131,131,105,121,126,121,136,136,141,136,134,128,137,151,137,141,131,121,106,118,128,127,131,121,133,134,141,136,130,139,141,131,131,131,124,128,134,130,130,121,128,125,131,137,131,143,122,128,128,139,121,131,128,124,124,117,115,115,124,110,125,131,130,137,128,137,126,130,131,126,122,130,115,115,121,117,122,128,126,136,130,122,110,126,134,115,124,124,126,134,122,119,121,112,125,133,125,141,125,128,126,110,116,117,127,125,118,121,113,122,117,118,124,131,116,115,112,110,115,110,104,109,103,108,111,113,110,119,122,115,107,104,103,107,113,109,112,115,116,124,127,125,128,117,126,118,116,116,116,112,115,121,116,116,127,108,117,139,117,118,122,118,111,110,113,112,124,128,131,119,118,124,127,128
118,117,122,125,128,127,128,128,125,124,128,128,111,116,124,117,127,116,121,124,133,124,135,128,136,128,128,127,127,125,110,115,125,131,121,125,128,136,131,134,135,127,130,126,122,119,117,117,113,121,122,134,130,126,128,136,139,136,131,130,124,121,118,122,117,111,124,125,126,127,134,142,124,122,134,131,121,124,104,122,115,110,126,131,130,131,128,131,126,125,131,134,117,115,105,116,119,115,121,139,130,140,133,131,136,142,136,139,131,128,113,115,117,117,122,131,130,141,137,142,134,139,140,128,118,116,103,119,115,110,122,126,135,141,137,140,131,128,135,137,128,118,107,121,115,115,118,124,128,139,135,135,131,131,136,131,133,115,103,118,113,112,122,127,134,139,137,135,140,131,139,137,125,110,104,119,108,119,117,127,128,135,139,125,134,124,136,135,128,121,103,128,118,121,115,130,128,137,137,136,133,121,141,135,140,135,115,133,128,121,109,136,137,137,137,135,137,139,130,140,139,128,125,135,121,128,140,141,128,128,136,143,143,143,145,147,143,122,119,139,137,127,137,131,140,136,141,137,143,143,142,137,133,137,134,142
124,128,117,111,118,113,111,117,113,119,117,121,149,143,136,135,128,116,133,133,136,147,142,137,140,137,145,149,128,135,144,136,119,133,128,137,140,134,143,124,117,118,141,146,131,112,146,149,124,131,136,121,137,142,145,130,124,128,145,137,142,131,143,149,116,126,128,115,140,133,127,146,122,130,163,131,127,139,140,155,117,127,135,124,148,135,144,153,144,139,149,144,133,125,141,145,124,135,124,137,137,137,160,151,124,127,145,131,137,135,131,149,122,137,121,124,131,131,136,146,133,126,115,137,125,130,134,144,128,134,124,128,136,134,144,137,140,131,143,140,151,145,127,148,126,122,112,124,143,154,148,147,156,158,148,131,137,139,126,140,121,118,116,131,147,145,158,137,135,130,142,135,131,124,134,137,121,115,115,134,137,131,137,128,125,130,124,140,142,121,128,136,117,115,115,124,131,149,131,119,117,122,126,140,146,145,139,148,137,109,117,133,133,146,141,122,134,137,116,117,131,127,128,146,137,128,135,131,124,119,122,119,128,131,128,134,128,141,130,127,134,145,127,131,142,139,131,134,140,136,140,135,137,142,136,116
155,137,128,133,121,121,122,122,119,121,127,128,121,122,140,137,127,127,118,126,126,130,115,113,110,121,110,107,115,124,136,128,116,127,139,136,121,117,126,128,107,110,125,121,131,139,126,127,115,124,128,142,141,140,131,137,134,145,133,135,140,133,121,121,107,113,131,142,136,130,135,133,122,118,110,121,133,136,124,118,112,109,126,133,133,130,115,126,122,131,118,124,137,140,124,113,116,118,118,152,149,147,135,124,128,127,118,134,130,122,122,115,119,112,124,145,133,136,122,133,131,136,116,124,131,113,121,119,107,113,118,137,126,126,108,116,110,128,111,116,126,134,130,119,110,112,116,125,124,127,121,121,133,127,128,128,117,126,124,124,112,115,115,137,125,126,125,124,112,125,116,126,119,125,121,122,110,116,115,137,133,125,124,131,128,119,124,118,135,127,134,128,117,116,122,128,128,136,128,135,124,130,131,131,136,135,137,124,126,121,124,131,141,126,134,142,126,121,113,111,118,122,133,116,135,124,124,127,118,121,112,109,112,112,111,108,113,121,115,136,128,121,128,140,128,115,121,112,121,107,109,105,100,101,113,122
130,121,128,131,126,126,126,128,126,128,133,126,119,127,109,126,124,130,111,113,103,111,107,117,118,125,105,98,104,115,99,92,118,112,113,128,121,122,108,128,105,108,115,133,117,103,98,111,108,111,112,128,110,105,115,134,121,124,121,118,110,104,99,117,107,108,104,135,136,118,116,110,121,118,113,112,115,111,104,110,106,105,107,128,107,117,126,124,122,121,100,113,112,100,105,111,122,105,103,108,105,116,121,115,121,122,113,109,128,115,104,109,117,98,100,122,127,128,124,109,113,124,133,115,134,110,96,108,119,98,100,122,124,117,119,118,113,124,111,103,108,98,98,103,118,104,100,116,100,104,108,108,112,115,101,101,115,109,97,104,115,103,108,122,115,115,105,115,112,116,109,113,121,115,88,109,115,101,110,118,110,121,127,118,127,116,118,99,101,111,100,137,126,103,99,113,103,104,108,112,121,121,111,101,100,100,87,115,115,98,92,110,101,94,101,122,119,108,113,116,117,94,96,126,122,101,93,107,111,108,117,121,115,124,118,121,103,83,93,125,125,118,104,98,105,126,118,127,130,131,126,130,133,121,106,131
97,115,121,122,131,137,140,134,122,119,119,122,107,112,103,104,115,116,110,100,122,124,134,131,127,128,125,124,121,116,111,106,112,121,109,118,131,130,128,131,131,130,117,125,116,121,115,103,124,117,119,124,134,124,131,125,124,124,126,136,124,121,119,116,134,137,124,131,137,131,124,119,133,143,139,146,127,116,137,125,137,139,130,127,128,135,144,136,122,119,130,130,124,121,140,127,136,137,131,122,127,133,134,136,127,135,128,140,135,130,130,133,139,137,131,115,146,146,147,124,131,143,144,144,145,147,130,136,133,130,130,133,137,135,137,133,128,142,136,125,125,133,126,135,135,128,127,115,121,128,124,133,133,126,126,135,127,133,128,134,140,131,134,115,118,128,121,130,124,135,135,133,128,135,128,133,137,130,127,124,135,148,141,139,141,131,125,126,115,117,118,142,124,122,121,118,130,130,133,115,128,117,119,128,115,124,104,128,124,122,116,107,109,126,124,131,122,116,127,124,124,115,106,124,125,115,108,109,125,124,131,131,134,128,131,130,128,106,107,117,109,121,115,105,119,128,126,135,130,119,127,121,122,119,127,118
124,124,119,113,115,105,103,105,107,109,111,126,118,125,118,126,115,126,107,115,124,111,105,101,105,108,109,110,115,131,113,117,124,124,112,115,105,103,116,113,109,121,124,126,122,117,115,122,121,116,111,117,118,128,122,119,116,122,126,118,121,121,115,126,119,115,113,119,116,117,118,124,112,111,121,111,115,113,125,128,126,112,122,131,111,127,119,121,117,119,115,113,119,115,121,130,124,113,115,122,113,121,118,110,107,115,125,119,124,115,115,125,126,111,109,118,110,116,118,117,117,106,106,112,121,121,119,121,125,119,121,121,116,119,111,124,117,121,104,115,118,115,126,126,127,117,118,131,124,130,127,112,111,112,110,116,131,126,127,111,124,121,121,121,121,117,127,127,119,110,118,115,128,121,118,110,127,118,112,127,121,112,112,121,112,119,116,109,122,124,127,124,115,121,119,124,125,113,121,126,128,125,124,111,115,122,130,115,105,126,124,122,124,111,122,128,116,113,101,109,119,124,126,121,109,111,121,119,118,104,109,113,104,107,112,115,118,118,131,118,113,107,97,128,111,115,121,115,128,128,126,124,124,118,121,100
137,128,131,128,127,128,124,122,126,125,126,125,121,119,126,124,136,137,125,121,135,118,126,121,117,115,118,124,122,124,131,136,136,146,140,133,130,128,128,135,125,130,124,128,127,125,131,130,131,137,139,133,137,139,128,131,127,126,131,134,130,137,124,128,122,149,140,153,144,126,145,128,131,137,131,141,149,152,154,143,126,149,140,137,139,143,144,137,135,137,128,125,145,152,151,136,125,152,137,134,131,131,119,121,136,139,119,136,153,136,137,126,127,141,127,149,140,143,152,136,140,142,142,140,163,165,137,124,117,128,122,137,127,131,131,133,125,128,124,118,128,140,126,119,116,122,116,140,124,125,124,116,128,117,121,121,137,141,111,112,116,122,118,137,126,124,121,121,127,127,121,124,145,148,115,111,116,115,117,142,133,128,137,139,135,124,131,125,135,143,121,115,121,118,121,137,137,139,133,139,128,125,134,128,139,153,135,121,124,112,115,136,140,131,131,136,133,131,122,109,106,135,136,131,121,106,115,144,137,127,121,121,105,97,103,108,104,121,115,124,119,131,108,131,125,121,121,124,109,121,113,115,113,116,119,126
124,144,131,126,125,125,119,126,124,121,118,121,124,133,124,128,144,137,135,130,124,141,135,135,131,128,130,137,131,137,137,130,140,139,149,135,131,146,128,127,127,124,124,126,140,141,133,122,128,140,143,131,128,137,121,135,131,124,124,136,146,154,136,118,127,135,149,133,128,135,137,133,124,115,119,131,134,142,135,130,125,130,141,131,133,125,128,119,124,126,131,130,133,140,142,128,124,131,143,136,134,128,127,125,136,127,121,133,124,128,131,110,121,133,140,143,128,130,131,136,137,128,135,140,135,137,126,116,115,115,131,130,128,128,126,127,128,124,124,135,137,127,133,108,115,118,128,131,126,127,130,125,118,121,133,126,136,134,131,107,121,118,124,131,136,121,126,126,134,124,127,127,131,130,133,124,111,131,128,130,126,125,124,118,124,124,131,118,128,130,149,119,101,126,118,137,128,111,122,124,125,125,121,124,130,131,126,137,116,126,124,131,133,121,128,127,136,137,124,131,143,134,130,137,127,145,134,137,131,128,130,131,130,126,124,124,131,134,139,149,137,141,135,128,145,131,110,124,124,134,124,134,137,136,140,142
107,104,115,116,122,115,111,113,112,115,109,115,97,108,116,113,109,90,115,133,119,137,133,137,131,134,135,128,134,128,124,133,115,106,131,131,131,134,133,131,130,127,115,127,124,112,125,122,115,113,133,116,125,124,121,112,121,122,112,125,122,127,128,126,121,110,137,126,124,136,131,128,118,122,119,122,121,110,122,121,117,109,131,121,122,122,115,108,116,121,127,121,126,122,121,131,108,111,136,109,118,121,126,119,113,130,127,119,136,137,128,111,108,117,137,118,115,125,125,116,124,130,125,124,126,131,126,115,115,108,131,118,125,124,128,122,117,131,125,127,130,122,124,103,113,105,131,122,115,125,131,122,131,125,124,121,128,121,126,108,112,100,121,124,121,111,121,115,112,124,117,131,122,124,128,111,115,115,124,121,118,133,131,116,128,130,118,122,127,128,136,121,107,117,121,124,115,127,128,118,128,135,122,133,140,136,134,109,124,121,113,131,112,131,134,121,134,131,128,127,131,131,115,111,115,115,113,128,142,134,136,135,130,128,119,122,115,117,109,128,122,112,110,118,122,130,130,122,109,116,115,131,121,113,116,135
134,125,111,110,107,110,110,112,106,110,110,111,118,116,119,128,125,128,122,110,111,106,103,95,101,91,101,104,115,115,115,119,119,122,112,105,110,110,106,107,115,110,108,107,117,126,110,118,117,119,107,107,108,112,115,107,116,103,117,110,115,115,117,117,118,115,105,103,103,108,110,112,109,116,117,122,113,115,127,118,116,116,110,101,103,100,103,107,117,109,109,121,116,109,128,115,118,118,116,113,105,92,93,112,115,100,116,113,103,113,115,118,118,117,115,121,101,95,105,115,115,90,106,112,105,115,121,122,109,115,115,111,109,103,106,110,118,108,117,111,122,115,127,122,116,118,121,125,118,98,100,111,103,106,108,106,108,118,127,121,127,115,119,124,121,115,111,124,124,115,126,109,124,115,128,124,128,115,122,121,124,100,103,118,106,115,111,113,110,126,133,108,133,125,126,122,119,117,116,117,117,121,109,116,113,118,121,124,127,125,127,124,117,111,109,109,107,112,106,97,106,113,115,131,124,121,116,130,107,98,96,99,93,96,101,113,124,115,118,131,134,135,122,115,106,115,109,107,108,115,113,124,128,131,131,137
128,131,131,130,131,134,133,131,128,131,134,134,133,125,115,124,121,135,124,111,121,111,109,105,112,110,113,115,115,122,116,115,124,110,107,131,122,121,131,128,141,131,131,139,142,144,105,111,125,121,121,144,134,122,128,124,130,124,130,137,131,139,106,121,134,131,124,131,124,125,124,134,117,115,137,125,126,137,119,127,130,125,124,141,125,131,118,135,117,117,127,131,130,137,112,130,131,133,118,131,117,136,128,130,121,119,131,121,121,121,110,126,128,134,118,127,107,110,110,125,121,125,115,121,109,121,109,121,137,135,122,125,113,112,119,121,126,113,116,128,128,115,105,119,126,131,119,124,126,128,131,127,130,143,128,118,113,116,111,119,127,131,121,125,136,121,124,126,121,126,126,117,116,115,113,116,128,131,122,127,125,117,117,128,117,133,128,113,115,121,106,99,125,127,115,124,133,124,131,139,137,131,134,125,133,128,115,108,94,118,108,137,137,126,125,122,124,121,100,103,109,136,119,117,108,121,128,131,116,104,107,107,107,118,117,124,131,124,121,108,130,133,143,134,142,131,124,134,111,117,127,140,134,127,121,115
124,121,113,113,112,113,117,115,116,122,124,134,130,135,131,130,115,111,125,131,130,128,124,117,127,127,131,128,137,122,122,115,124,134,122,128,131,135,133,137,130,135,141,144,131,130,136,126,127,131,125,128,135,137,135,137,134,133,137,131,126,128,127,125,115,122,124,124,130,128,133,134,122,126,125,122,133,139,128,125,121,121,133,124,139,146,134,133,139,143,141,125,141,139,124,131,124,115,128,127,142,137,141,137,135,131,122,128,127,117,127,131,128,113,128,122,122,118,128,131,135,135,128,128,131,118,125,131,128,115,128,122,126,131,130,131,128,141,128,145,128,128,131,128,127,117,126,128,143,139,144,130,143,133,135,145,130,131,122,130,121,115,126,131,134,131,133,130,127,128,130,124,141,133,131,130,124,116,128,122,130,125,128,143,133,131,135,131,145,133,130,107,137,124,135,126,131,137,137,140,133,128,135,128,133,127,130,117,133,121,126,131,133,128,131,134,136,130,128,137,134,119,112,128,103,112,124,124,131,136,128,131,131,128,131,131,136,119,128,127,121,124,115,112,122,130,127,125,128,141,136,128,136,131,127,111
111,115,104,103,116,121,122,122,121,126,127,124,119,124,125,124,109,112,124,124,128,135,127,124,127,128,126,125,125,121,127,119,110,117,124,125,131,128,131,126,121,128,130,128,131,133,115,113,107,116,121,130,130,130,121,134,127,126,127,131,130,134,110,109,115,121,126,130,124,124,134,131,128,136,124,144,134,128,137,137,111,115,125,131,131,140,144,134,139,134,124,130,125,128,133,131,118,115,130,125,135,133,118,124,142,141,125,136,126,121,124,119,116,116,121,128,137,135,131,125,137,130,128,131,127,137,125,126,122,115,118,128,126,124,131,140,139,137,137,135,128,126,116,124,117,113,122,126,128,134,128,125,121,121,127,131,122,139,117,118,113,103,113,119,121,131,126,127,130,139,139,143,137,137,119,121,118,106,118,127,146,133,136,136,136,128,131,128,124,115,118,131,125,118,116,125,136,126,128,124,116,121,126,130,119,125,118,130,127,127,118,104,124,121,125,131,125,122,128,116,117,113,115,127,117,118,116,109,126,117,115,117,122,121,121,113,115,115,121,124,122,121,119,109,124,118,117,125,124,124,124,115,121,124,125,126
128,136,134,131,137,130,127,128,126,121,118,125,130,130,126,122,149,133,136,137,128,130,128,124,128,127,124,128,128,124,137,144,137,145,122,131,118,122,119,124,112,116,127,126,134,145,124,119,140,139,130,139,125,115,122,122,117,113,119,117,124,133,122,115,131,139,128,124,115,117,124,124,121,128,121,131,133,134,127,127,128,135,128,136,124,124,131,121,125,128,117,124,122,126,124,130,128,136,124,131,117,124,115,117,122,122,113,125,125,121,127,122,127,136,121,130,121,124,130,121,124,119,115,130,127,124,122,119,124,137,128,124,126,124,125,125,126,115,126,128,134,134,135,124,121,136,128,143,128,127,121,126,122,115,122,122,126,135,126,126,121,134,133,136,137,131,126,130,133,128,124,128,121,128,124,126,127,133,131,128,128,121,130,128,133,124,131,131,130,139,122,149,126,127,128,125,124,130,124,128,130,118,128,128,121,124,124,144,136,125,127,124,128,115,117,126,122,111,121,124,128,126,124,136,127,128,127,121,121,125,124,126,121,116,110,113,118,124,124,121,121,131,127,128,124,124,115,119,115,118,119,115,122,121,118,115
94,79,91,95,99,104,106,107,100,100,97,94,85,91,80,107,72,93,83,103,100,121,121,124,125,119,121,115,110,112,85,69,91,86,97,128,126,137,134,142,135,140,140,143,135,136,99,82,97,95,108,134,131,144,149,158,149,143,144,139,140,136,105,85,97,97,106,134,137,139,154,155,143,143,151,145,141,141,122,97,101,99,124,143,139,149,162,158,155,158,158,157,145,146,122,106,108,104,122,144,144,152,163,158,151,147,158,148,143,130,109,93,106,101,104,142,148,149,146,145,142,141,135,137,134,128,107,95,101,100,108,127,126,139,141,140,145,135,140,146,149,141,111,90,105,98,107,144,145,149,154,159,153,155,152,142,131,135,99,91,103,98,106,143,149,156,155,151,148,131,133,131,125,122,94,83,105,92,99,128,136,128,128,131,131,131,139,130,137,137,104,81,106,91,94,121,140,139,148,156,153,151,146,139,131,130,104,92,85,83,92,131,149,133,142,149,142,133,115,87,90,103,93,96,83,74,89,112,116,95,87,90,91,81,84,89,94,89,88,104,115,95,77,107,79,92,91,93,108,116,111,115,111,108,110,115
121,141,139,137,139,145,142,139,137,133,137,141,135,137,130,111,128,141,144,148,142,137,135,137,130,130,128,128,126,139,128,121,125,134,135,136,136,137,130,137,134,127,121,124,124,134,127,125,126,135,127,137,125,122,136,130,134,135,137,139,128,128,127,124,125,124,124,122,122,128,128,127,135,135,139,133,130,127,124,115,125,131,124,109,122,111,130,126,137,137,135,128,137,135,127,115,121,130,124,118,119,124,128,128,137,131,135,134,130,131,131,118,122,135,126,119,131,137,136,135,137,146,142,137,131,127,126,113,116,124,121,121,130,131,130,125,126,131,122,113,117,122,122,110,118,130,128,110,130,134,128,128,139,136,124,125,121,126,126,112,124,134,134,117,125,131,128,134,130,141,134,142,124,131,126,117,119,136,133,121,140,146,142,136,137,137,124,133,119,128,128,124,115,136,131,125,121,119,118,124,125,119,113,119,121,137,137,137,135,146,145,135,124,127,124,124,121,121,127,140,153,147,135,137,153,143,137,155,136,139,144,144,131,144,152,153,154,131,128,133,127,148,147,154,156,153,149,144,149,137,140,137,126,124,128,127
124,133,131,130,126,128,128,128,117,117,115,110,124,124,117,125,124,131,125,131,124,124,118,118,119,121,127,124,135,135,124,119,134,130,128,137,133,121,128,136,125,131,133,128,128,131,128,131,131,139,126,135,131,126,127,133,126,124,130,121,118,119,130,131,128,140,124,146,124,118,127,124,127,128,121,115,126,125,128,115,130,140,135,148,121,126,115,124,126,130,128,122,131,125,131,122,126,130,128,149,122,117,124,124,128,119,124,122,131,124,135,133,127,134,130,149,137,131,127,119,128,128,135,127,137,143,143,128,121,130,128,141,126,125,124,125,122,122,124,118,133,131,125,121,121,128,126,142,131,121,127,125,130,131,130,127,127,137,131,125,122,131,131,135,127,124,121,125,122,124,122,124,121,126,128,118,121,128,122,139,128,131,125,119,118,122,122,121,131,141,121,107,119,126,113,136,130,127,130,141,134,137,133,124,124,131,128,112,101,131,124,141,142,118,126,131,125,118,107,99,111,117,122,124,107,145,135,135,115,108,113,115,106,110,121,126,119,125,125,126,137,140,137,131,117,124,122,119,118,128,127,122,133,137,141,125
111,117,113,110,115,118,121,121,121,122,118,119,124,121,103,118,117,130,122,131,128,134,141,141,139,131,137,141,136,137,133,126,121,130,128,145,139,142,146,142,142,141,145,144,148,142,143,126,121,137,142,147,146,152,142,147,137,142,142,143,136,146,137,122,115,125,131,141,140,134,145,148,131,131,134,142,137,133,136,117,115,128,137,134,145,137,149,149,141,147,148,149,137,137,135,115,115,124,137,133,137,142,145,149,135,131,131,137,130,131,130,116,115,122,135,137,128,133,139,143,133,134,131,135,139,140,133,115,111,119,134,142,130,126,134,133,134,121,134,139,140,137,140,115,113,124,136,144,140,144,149,141,136,137,139,135,133,134,133,118,115,128,133,146,139,137,137,131,134,133,134,128,134,133,128,117,115,126,128,142,131,131,135,139,134,130,136,139,146,145,130,109,115,118,122,121,130,131,134,141,131,122,139,127,126,127,128,121,112,115,115,133,140,130,130,141,141,135,137,139,122,133,122,113,118,115,121,128,133,130,134,124,137,128,128,127,121,130,130,119,124,128,121,127,131,115,113,108,111,126,117,121,121,127,128,131
118,106,116,115,124,121,125,122,128,128,131,124,121,119,121,122,105,118,106,100,108,109,115,115,116,115,125,127,115,117,107,104,121,110,118,122,124,131,131,125,131,122,116,124,128,131,119,116,117,122,121,124,116,124,118,115,127,119,115,122,127,131,124,124,116,122,119,119,117,125,121,121,119,115,121,109,119,124,116,112,113,122,125,124,130,117,111,119,113,108,119,105,113,124,112,109,121,125,118,118,118,113,107,113,119,115,119,121,109,119,122,127,122,121,124,131,124,121,116,131,122,115,125,124,121,124,121,126,117,128,126,125,128,126,128,124,126,121,135,125,115,119,124,121,118,125,128,133,126,124,122,115,116,112,127,122,128,124,119,116,119,125,121,133,125,133,135,121,128,135,134,130,135,127,126,118,119,121,125,145,133,136,131,131,136,140,137,131,131,128,118,121,122,122,124,143,134,143,131,126,133,137,130,139,135,122,107,131,119,111,121,140,133,136,139,128,134,142,136,136,128,131,108,140,133,115,115,134,135,136,142,130,131,143,140,136,145,118,103,145,133,146,117,134,144,152,152,157,158,156,149,152,151,160,136,141
133,125,113,119,122,122,122,121,126,127,130,125,134,139,133,125,141,140,122,119,117,127,119,124,124,136,131,137,141,141,141,142,137,128,137,143,143,143,135,140,134,136,133,144,134,136,141,133,137,118,130,158,155,133,131,137,125,137,121,130,126,131,146,140,144,124,134,142,134,125,130,124,135,141,128,127,135,131,140,134,145,133,136,133,136,124,134,131,142,141,142,131,141,125,140,137,142,134,131,117,125,128,128,124,144,133,131,131,131,127,134,135,144,131,134,134,128,128,135,127,142,131,124,137,134,142,137,140,134,133,127,137,137,137,142,134,136,135,125,134,137,143,134,142,134,134,131,136,128,130,140,125,135,136,127,140,133,143,139,134,137,137,127,143,131,131,131,133,131,124,125,133,137,139,144,131,137,142,131,144,142,133,133,134,128,127,128,137,144,135,141,121,140,149,139,131,133,131,131,140,137,128,145,144,135,145,139,137,122,137,135,139,146,137,149,134,142,141,131,125,128,135,141,141,126,130,136,135,133,118,122,125,119,125,134,128,134,137,125,134,121,126,145,128,121,141,128,134,137,135,128,143,137,144,124,134
147,137,118,112,108,111,110,115,112,112,112,113,119,128,148,131,152,148,154,160,131,155,144,149,148,152,146,147,149,159,171,156,137,156,184,168,169,172,173,168,176,178,181,179,177,182,164,135,140,147,173,171,183,183,181,178,172,173,184,177,178,187,170,137,134,134,176,188,183,183,181,176,171,168,178,178,193,193,180,135,128,130,172,188,180,188,173,170,181,184,181,186,201,199,179,143,128,131,178,194,187,196,190,180,179,173,163,177,183,182,165,126,124,136,163,191,179,172,169,173,173,172,177,171,180,179,166,127,128,131,164,184,172,168,167,173,175,178,170,179,173,178,168,124,124,133,161,188,181,183,177,181,188,180,182,181,169,182,161,118,119,131,155,184,183,177,172,173,166,167,166,173,175,186,165,118,121,131,155,193,182,169,171,179,182,184,181,173,178,184,172,137,128,140,155,194,187,179,175,189,191,196,190,178,183,190,184,154,135,156,163,187,184,173,172,181,175,179,162,147,146,196,201,161,137,164,189,189,162,145,137,144,144,131,133,139,145,186,184,168,156,149,181,196,164,147,136,140,148,158,149,158,156,152,146,165
122,121,122,122,118,122,126,126,127,131,128,128,117,112,113,124,131,130,125,117,124,124,127,121,125,128,134,131,131,130,128,126,133,134,124,126,128,130,130,121,128,131,127,133,131,125,140,117,128,126,127,125,126,124,121,121,131,128,135,134,136,139,137,116,130,133,141,133,146,121,124,133,127,127,131,115,134,137,142,126,128,133,135,128,131,128,125,131,124,128,131,119,131,140,143,124,131,137,136,126,130,130,126,125,137,128,142,137,143,136,143,131,133,136,133,133,131,128,131,130,139,124,137,140,136,145,137,128,118,127,134,124,122,122,131,136,126,116,128,124,115,124,131,108,116,128,128,122,127,128,124,126,127,128,128,125,126,130,128,110,116,126,128,128,124,131,131,135,134,134,137,131,133,127,126,108,122,125,128,134,145,127,127,134,126,122,134,130,128,127,131,115,121,128,126,137,136,128,127,127,130,125,128,122,124,137,128,124,119,128,117,133,131,133,133,137,136,141,139,128,121,115,124,124,128,121,135,136,131,133,131,131,131,127,133,128,122,107,108,121,121,125,118,117,108,108,118,115,124,136,130,128,128,115,107,109
136,113,118,124,121,125,130,128,137,134,131,124,119,112,115,137,106,103,113,119,121,126,131,131,133,127,127,131,124,121,116,113,121,106,116,131,136,140,142,137,137,137,137,128,125,122,130,125,128,124,136,125,135,135,135,125,124,122,124,131,130,124,133,128,128,112,126,124,118,121,131,131,133,128,124,131,128,128,124,127,128,110,125,127,142,137,131,128,126,131,127,133,135,128,116,131,128,117,119,133,136,126,130,135,124,124,127,121,124,133,126,133,133,124,128,128,124,117,131,126,119,124,124,124,130,134,124,139,131,122,131,122,127,121,130,134,121,130,131,121,124,141,134,134,133,128,135,125,136,136,121,139,127,122,128,130,137,139,131,137,134,125,125,131,131,131,126,130,119,124,119,121,128,134,130,128,137,134,131,127,140,133,131,131,128,125,124,128,134,128,140,145,143,133,130,124,137,136,128,128,136,125,127,133,130,124,128,133,133,128,128,127,128,137,126,134,136,128,130,131,131,116,104,125,126,108,128,130,137,130,124,121,125,125,124,126,128,103,106,134,137,128,116,116,130,134,141,131,134,125,118,116,133,131,131,147
128,140,124,133,136,133,137,137,141,141,137,135,133,137,124,113,122,128,135,135,143,146,143,146,156,153,137,137,131,121,121,108,128,121,125,121,116,134,128,119,125,127,111,137,124,95,124,125,133,119,122,112,111,137,124,115,130,137,122,141,133,115,131,131,128,121,134,131,134,134,131,133,136,135,140,137,127,130,115,131,131,130,135,111,131,125,131,140,124,125,137,144,140,137,124,128,133,133,128,113,128,141,136,144,131,145,143,137,143,143,137,124,134,127,134,113,134,154,149,142,128,135,128,128,135,133,137,131,136,130,135,119,131,134,144,131,137,128,128,112,131,124,131,137,134,130,141,121,131,127,142,141,137,141,141,124,144,136,142,137,137,140,144,137,147,148,149,144,147,139,136,135,140,128,139,137,137,137,144,134,128,135,137,134,141,141,125,118,130,126,143,146,135,131,137,130,122,128,124,137,137,142,128,133,137,137,137,139,144,139,145,131,128,137,134,136,140,145,151,146,142,151,133,135,140,131,139,148,147,144,144,144,145,146,141,131,139,133,134,124,135,126,135,127,128,116,121,126,128,128,124,136,149,140,135,130
141,127,131,131,136,131,131,130,128,128,128,125,124,135,149,153,127,108,124,124,128,121,124,128,128,130,130,125,125,113,124,140,119,100,107,130,127,131,124,136,116,124,143,133,126,128,115,134,121,106,118,137,133,141,143,136,136,137,141,131,126,125,128,131,127,113,124,133,144,147,145,144,128,131,139,137,121,121,128,135,134,119,121,133,128,141,144,148,137,137,115,131,125,124,131,141,127,116,121,133,121,133,140,140,128,134,124,145,143,133,131,147,121,122,122,137,145,144,127,134,131,127,127,148,135,128,134,137,124,117,125,134,137,127,122,139,134,142,140,131,131,121,126,136,124,115,121,127,135,128,119,137,126,128,133,117,134,128,128,131,128,106,117,109,126,143,133,136,137,135,133,130,122,108,135,124,128,108,121,117,109,115,124,124,124,115,128,124,106,97,119,126,121,109,116,118,121,124,115,110,107,112,116,110,117,96,112,140,124,98,111,103,110,122,111,122,112,115,121,128,128,124,137,145,135,137,126,112,116,124,124,124,128,130,141,146,148,144,143,139,135,130,157,143,137,147,144,144,145,145,153,151,153,149,154,145
171,188,171,173,160,163,164,161,163,162,163,162,182,183,191,166,191,206,204,183,177,175,168,163,163,171,163,163,177,166,199,196,170,205,180,159,160,156,149,142,144,135,137,139,145,143,182,182,173,188,171,147,145,142,137,137,135,130,134,140,148,151,172,180,177,182,173,154,149,148,145,142,135,139,137,151,139,148,155,176,175,183,166,144,147,149,145,143,128,128,140,145,142,158,157,170,170,184,159,139,149,142,134,137,136,146,154,148,144,158,184,181,173,178,175,145,149,153,161,153,160,149,149,149,149,160,184,178,166,171,170,148,160,154,155,151,140,139,149,144,146,156,175,172,163,176,175,135,137,137,134,134,124,126,137,140,160,164,179,169,164,173,171,149,140,141,143,149,151,155,157,161,160,162,179,181,164,177,179,152,149,167,163,158,154,140,137,156,151,146,189,209,171,179,187,152,146,146,140,131,135,135,137,154,159,176,189,172,202,193,200,159,143,160,154,145,147,156,171,179,182,196,193,151,197,177,187,175,170,180,179,180,178,172,161,159,164,196,189,136,166,169,184,175,178,151,156,145,135,137,137,144,149,152,143,141
135,137,131,130,124,130,128,125,124,127,127,128,124,128,137,136,137,121,131,137,142,135,130,125,133,131,137,137,143,136,143,143,135,146,130,128,126,126,124,113,133,135,128,131,128,126,128,139,126,131,124,128,113,116,119,124,125,124,128,128,130,128,128,136,126,128,127,126,133,125,116,121,122,121,131,127,125,119,131,126,127,122,131,121,115,121,121,121,126,136,124,130,121,124,135,119,125,117,125,126,119,119,124,135,133,131,131,134,144,127,122,128,127,124,128,126,124,121,128,131,127,131,135,137,149,133,121,127,128,124,134,125,128,127,121,126,124,128,126,125,121,113,133,126,136,130,134,134,130,128,119,119,127,121,124,124,133,133,126,130,136,128,130,127,121,128,124,124,131,130,136,126,141,131,124,131,137,131,134,135,126,121,126,126,121,128,128,121,121,116,122,134,130,137,136,137,137,134,136,130,124,136,131,117,128,133,127,117,142,136,140,124,121,119,124,131,126,130,124,131,124,125,130,116,126,125,131,134,134,128,127,131,124,121,121,117,124,118,127,127,126,124,125,117,119,119,115,111,111,108,108,103,101,113,130,126
128,112,108,110,121,118,122,121,121,121,124,125,117,104,105,125,126,124,124,121,128,124,111,109,105,103,113,110,109,117,109,116,122,116,128,124,128,127,127,127,117,125,119,131,124,103,110,124,122,115,121,126,128,137,136,128,133,137,126,130,124,111,113,128,122,117,117,124,124,135,133,131,130,136,131,128,126,121,111,122,124,111,118,126,125,124,124,128,130,133,136,134,128,121,110,119,124,112,109,119,128,130,131,139,133,126,134,130,117,119,116,124,126,115,110,128,127,122,121,126,128,122,128,133,126,118,117,117,116,107,104,126,124,118,125,131,131,126,131,135,133,116,103,124,113,108,112,115,124,134,133,128,137,137,136,137,124,121,109,119,113,106,112,117,135,142,137,128,130,125,134,124,124,113,115,127,121,110,115,116,126,117,124,127,127,128,140,142,121,108,121,118,130,121,122,122,131,127,140,127,125,134,136,137,126,122,122,116,119,136,134,127,131,128,131,131,136,133,115,113,110,124,131,119,105,135,134,143,124,121,116,117,115,115,115,118,115,127,121,115,115,110,128,135,118,115,119,116,125,130,121,110,104,100,109,115
135,128,131,135,131,128,130,131,128,130,131,134,137,133,136,131,131,137,126,118,124,125,127,124,128,130,131,139,128,122,139,137,131,134,128,115,115,121,103,110,115,112,110,108,111,119,130,133,127,130,121,119,113,115,109,111,115,115,112,119,117,119,131,131,128,130,121,113,117,119,115,113,115,117,112,115,112,109,119,116,128,125,113,110,111,112,111,108,124,121,113,117,112,115,122,115,128,124,113,111,109,112,115,112,117,113,115,115,110,112,128,128,128,121,118,108,112,115,112,115,119,117,115,116,116,111,126,121,126,124,119,115,121,112,115,108,108,110,107,107,101,109,121,121,124,121,117,112,115,113,115,115,113,115,115,110,107,108,116,115,122,118,116,115,118,116,115,112,109,107,106,111,112,110,115,121,124,121,121,112,111,113,115,112,107,111,112,110,111,108,117,109,131,127,124,117,103,108,111,110,99,106,106,107,115,116,122,111,121,121,124,117,111,107,108,105,107,108,107,104,103,126,128,115,108,118,121,118,116,115,105,105,103,98,107,105,110,117,111,110,126,121,122,134,112,121,116,115,110,105,112,116,121,125,125,118
130,128,124,128,127,128,130,131,133,135,124,112,128,139,131,137,136,107,101,139,117,136,126,131,131,133,131,127,124,128,128,140,143,115,131,113,122,131,108,117,128,128,125,115,117,124,140,130,144,127,122,118,115,112,121,125,121,124,118,119,124,108,152,124,141,128,134,128,117,133,125,117,133,131,128,128,128,115,143,121,141,134,136,124,116,115,122,124,142,128,121,116,117,110,145,139,137,128,137,124,110,116,122,125,131,135,124,126,126,121,146,127,137,135,139,127,128,119,110,115,117,131,141,137,124,121,151,133,124,128,137,124,125,115,113,115,124,134,124,116,110,115,147,125,126,127,139,122,122,112,125,119,119,119,109,99,111,116,148,126,124,124,140,109,113,119,115,124,119,121,124,126,115,117,146,112,125,124,131,125,121,121,121,121,124,131,124,117,109,124,134,103,119,119,128,119,122,121,125,131,142,134,124,119,95,100,130,127,110,115,103,110,119,104,106,121,117,116,115,118,113,113,139,122,126,115,119,108,110,111,115,124,119,127,130,124,118,119,110,135,128,121,136,119,121,131,133,140,139,140,134,126,121,117,125,130
130,145,133,131,136,133,128,127,119,121,126,122,137,131,131,133,131,128,131,134,142,135,128,122,121,121,119,127,131,117,145,131,128,131,124,112,124,117,111,121,111,103,121,105,124,117,127,126,127,137,131,124,119,113,118,115,110,111,121,121,127,117,128,131,131,142,136,113,110,109,116,118,110,107,135,131,122,121,133,149,137,144,128,130,127,124,117,124,117,118,131,126,127,128,134,159,139,137,137,131,119,126,134,128,119,115,128,116,110,121,133,141,142,137,128,121,117,119,127,126,115,117,122,112,113,111,136,140,134,136,119,105,109,115,117,116,117,121,124,112,117,121,127,143,134,139,125,113,118,127,128,126,124,125,127,124,124,124,135,148,137,144,133,122,122,126,133,128,133,125,127,121,115,122,128,146,137,140,133,117,119,112,109,118,115,113,121,109,105,115,119,124,139,140,140,128,125,124,119,128,124,115,121,121,118,127,131,105,143,140,139,133,126,131,124,125,118,118,112,109,111,121,126,109,124,125,127,136,124,124,115,117,115,109,111,115,115,133,131,117,125,124,128,124,126,119,119,115,121,127,121,133,127,125,130,134
126,126,121,119,121,121,121,121,122,121,117,121,134,131,127,131,131,133,124,111,112,108,115,121,122,121,115,115,118,122,124,121,121,133,115,121,112,109,113,118,108,115,121,115,118,119,113,112,126,121,112,127,125,119,121,122,119,128,121,119,124,118,116,110,135,126,118,121,119,116,121,130,128,128,124,121,121,131,130,127,137,125,122,131,118,125,128,128,137,144,141,137,135,134,125,130,139,128,127,137,126,130,137,134,128,130,128,125,136,136,124,127,134,133,118,130,117,115,119,119,121,128,121,121,122,121,122,124,125,122,112,119,110,104,110,121,122,124,118,118,131,127,108,128,125,121,110,130,127,127,119,133,128,121,122,122,118,124,115,124,127,121,112,130,127,116,118,127,118,113,105,98,103,109,112,121,118,126,110,112,112,104,103,108,105,115,106,107,115,118,101,104,116,121,108,115,118,111,121,126,118,125,124,117,124,111,111,111,108,106,107,125,131,115,115,122,113,115,115,119,118,103,105,122,107,125,121,106,111,112,122,121,128,128,118,115,110,118,127,126,128,124,115,103,115,103,113,115,124,124,124,122,116,122,130,130
121,118,119,111,103,109,113,117,113,109,115,117,103,97,112,134,124,107,104,110,107,113,119,115,115,108,121,124,118,111,108,122,133,109,112,121,115,119,118,104,115,124,119,118,121,115,119,131,124,124,121,116,119,115,112,112,111,116,121,111,121,121,122,136,115,115,118,118,124,133,113,127,121,121,125,118,127,126,128,131,116,117,131,131,130,124,118,117,117,124,119,119,121,128,126,135,118,115,121,131,127,116,126,125,111,115,126,119,134,131,113,126,119,113,119,131,115,115,119,115,112,107,112,116,126,128,115,118,118,107,115,117,126,112,118,117,112,105,115,124,126,118,107,112,121,106,110,116,118,119,126,124,115,118,116,115,126,117,101,111,113,104,101,124,126,110,116,115,105,105,111,116,124,124,110,121,117,107,109,115,112,112,111,119,111,121,106,113,125,112,109,125,125,115,108,111,116,117,116,121,121,116,122,121,119,113,99,119,121,116,108,130,131,113,124,121,127,119,103,113,122,115,109,131,117,122,103,115,111,103,113,118,115,121,121,126,124,121,124,119,133,128,130,115,124,125,128,128,121,128,128,130,125,121,110,119
121,135,131,121,124,124,122,119,116,115,122,124,133,127,137,124,148,127,135,121,115,115,121,121,122,116,121,127,131,128,133,145,140,127,117,128,117,118,135,131,130,133,134,135,137,139,125,137,133,131,126,128,141,141,131,128,136,128,137,130,133,131,128,136,133,121,124,133,131,127,141,144,137,140,131,131,140,148,130,142,130,133,124,128,143,142,128,137,124,128,135,144,131,136,133,137,133,131,124,137,137,136,131,126,130,130,125,137,137,128,126,135,128,131,117,131,133,135,139,142,137,127,137,137,134,137,130,133,124,116,110,122,125,127,128,136,141,133,130,134,137,141,121,131,124,126,115,130,135,128,130,130,131,124,131,134,131,140,127,128,128,128,115,131,134,130,131,131,144,131,137,137,131,146,130,137,127,128,121,128,137,130,130,135,146,140,140,136,141,140,124,118,125,134,133,128,127,131,128,137,133,139,141,134,137,125,126,118,122,124,126,124,128,130,133,121,128,131,135,145,142,135,135,126,122,131,124,125,124,128,137,135,134,147,135,146,137,136,143,126,135,137,137,125,134,124,137,136,135,137,135,137,121,121,133,130
124,115,124,119,127,131,128,127,124,121,127,127,124,127,115,146,115,122,116,125,121,121,121,121,121,117,111,107,115,115,110,121,125,117,109,118,115,122,134,127,117,131,128,133,126,125,115,126,128,133,135,131,136,134,144,137,139,139,137,125,128,139,121,122,124,135,130,124,130,128,128,141,131,131,147,149,127,137,122,127,124,135,133,128,124,119,135,136,139,137,147,156,136,135,133,125,121,134,128,134,128,127,139,152,134,125,148,131,136,144,121,115,119,134,122,134,117,133,145,131,133,124,124,134,131,125,127,121,126,127,125,119,128,131,139,127,136,113,135,128,142,128,124,131,126,131,127,142,118,124,139,140,135,137,131,124,142,146,124,128,131,130,131,135,135,134,151,142,137,139,146,131,134,139,117,130,125,131,131,131,134,122,126,127,126,126,137,128,115,122,126,155,127,133,131,125,115,126,126,121,115,124,121,127,113,128,124,121,137,133,137,116,116,127,118,124,124,117,115,133,137,117,131,124,121,146,127,117,107,118,127,131,125,131,134,128,126,137,149,131,143,127,144,131,134,124,117,124,121,125,115,107,108,106,134,153
124,126,136,131,127,126,121,124,124,128,126,122,131,127,131,127,126,131,141,140,135,143,147,142,147,140,137,141,143,136,134,140,137,130,140,131,131,131,131,126,133,131,135,126,127,124,136,143,135,128,133,127,135,130,127,125,130,128,128,124,128,122,131,144,125,124,122,125,105,121,127,128,124,130,128,127,128,128,133,140,128,124,124,137,131,133,126,122,124,128,119,124,130,128,125,137,130,124,128,137,126,127,124,116,110,121,125,119,124,121,131,135,136,125,126,122,118,119,121,117,121,121,112,121,125,126,136,136,135,121,124,121,113,117,126,118,128,121,121,125,125,122,128,128,131,118,124,131,119,122,124,116,115,117,115,121,112,124,128,135,128,116,124,124,119,119,124,118,124,122,111,119,119,130,125,133,139,121,126,116,111,125,124,126,121,121,121,121,128,135,133,136,136,121,130,130,126,124,126,133,133,124,124,121,115,119,126,130,128,121,137,125,127,118,118,126,121,116,122,127,143,126,121,135,131,125,134,137,126,125,125,130,130,133,124,124,137,131,134,134,125,128,131,130,131,131,126,116,124,117,118,121,131,137,128,119
115,119,131,133,122,126,127,124,130,127,128,118,124,124,113,127,117,122,124,137,124,137,128,137,135,139,133,133,121,124,116,111,117,118,122,135,134,121,121,128,128,130,131,124,115,109,127,113,124,115,124,128,125,116,116,124,119,126,125,112,115,110,124,118,128,119,121,128,118,113,115,116,124,121,115,118,110,119,121,128,130,124,121,126,117,121,128,131,126,121,119,117,119,112,122,134,128,128,131,128,125,127,126,126,117,128,128,124,118,121,133,121,127,122,131,122,121,131,124,109,113,125,127,124,113,115,133,126,124,111,131,110,115,118,117,118,119,116,113,115,121,124,124,122,121,117,131,117,117,125,119,126,121,128,126,119,117,119,124,131,122,122,130,115,126,125,121,128,119,121,104,108,100,113,121,127,121,124,127,121,118,124,121,119,119,108,117,109,108,119,125,152,125,127,127,130,125,119,128,135,126,133,131,127,135,125,124,137,135,130,136,142,137,136,131,131,118,122,139,136,137,128,128,131,158,137,137,144,141,141,139,137,144,146,126,116,118,136,126,128,131,145,149,134,145,139,142,135,131,128,137,145,149,143,115,130
134,133,149,149,146,144,143,146,145,151,151,149,147,139,131,136,140,143,131,125,130,125,134,127,130,128,130,125,131,134,124,146,142,134,118,122,116,121,115,117,115,121,113,121,135,137,124,143,143,128,117,118,112,118,118,121,112,115,116,115,124,131,130,146,131,135,115,118,115,111,116,121,105,111,111,109,121,124,124,127,128,134,115,121,113,108,112,115,110,115,113,121,121,128,125,131,134,133,117,124,115,118,106,116,107,109,122,121,122,126,118,140,131,131,118,115,105,103,98,108,101,108,111,113,109,127,113,135,128,130,115,124,106,105,100,106,110,104,115,112,119,117,115,133,130,128,117,124,116,110,101,116,100,111,115,104,116,124,126,133,131,127,116,115,116,111,108,122,112,111,108,108,103,109,124,136,130,125,118,125,109,109,101,107,107,107,109,108,107,117,126,143,128,126,122,121,121,116,121,119,124,127,119,116,115,119,117,141,134,137,128,111,116,122,119,128,125,122,121,119,128,121,111,136,140,128,117,106,115,127,121,119,124,131,126,128,141,124,119,127,124,137,125,118,127,131,128,130,134,134,122,124,131,140,136,124
117,124,131,133,145,148,149,145,135,131,135,125,115,117,127,116,133,135,136,133,133,134,128,128,121,128,121,122,109,111,122,142,128,131,127,121,143,131,131,133,125,137,139,126,121,112,122,131,127,134,131,124,140,141,140,131,127,140,139,130,125,126,122,131,126,140,133,122,131,139,136,131,130,128,137,139,137,131,122,128,122,141,125,126,140,137,140,136,144,131,136,137,146,134,125,121,127,145,137,133,144,141,151,137,137,134,119,134,136,115,124,128,131,141,139,119,136,140,140,135,134,131,128,131,124,128,125,128,115,131,130,116,131,121,125,134,135,130,131,133,133,131,121,127,117,137,128,117,139,130,134,133,141,134,137,131,122,130,119,124,122,137,131,121,134,127,128,121,131,125,130,137,110,128,117,128,117,134,134,111,137,134,131,135,134,130,125,126,121,119,121,121,124,134,137,127,141,135,128,134,127,130,125,135,135,128,130,116,128,134,141,125,133,137,131,133,134,133,141,154,135,143,142,113,119,128,128,125,133,148,152,140,151,146,134,128,115,149,143,135,116,124,140,143,151,124,122,121,127,124,128,131,127,133,121,124
121,128,127,133,124,126,125,126,121,121,121,127,124,121,130,124,128,115,125,136,127,145,131,130,137,139,133,136,137,137,128,118,122,122,127,126,135,134,127,128,125,113,103,105,118,124,128,118,115,116,121,115,130,121,130,113,127,126,110,128,131,136,124,119,110,115,118,128,130,131,126,121,124,115,127,128,128,119,117,104,116,112,117,115,125,117,122,125,111,104,121,117,131,121,119,103,118,106,117,101,131,121,124,122,131,127,124,139,118,121,111,119,124,105,119,118,130,131,131,128,139,130,130,137,125,135,122,117,127,121,119,134,141,131,130,134,137,121,137,131,135,137,121,124,134,121,119,106,128,128,134,126,122,135,130,137,122,134,121,131,130,124,121,119,131,137,139,124,137,131,141,139,136,134,121,140,131,119,122,122,137,140,139,131,136,130,134,131,140,119,118,152,137,128,128,131,137,134,139,124,107,131,136,139,136,136,128,134,157,149,133,121,134,141,145,128,131,137,140,119,121,107,121,112,146,118,116,119,140,130,121,118,121,122,115,115,128,108,110,121,126,117,124,115,118,112,115,110,117,119,117,124,127,133,124,121
135,112,130,127,126,128,122,126,122,127,130,128,126,121,113,134,124,137,119,128,125,131,130,131,128,125,131,131,136,134,118,119,121,124,130,130,130,130,119,133,128,131,136,131,135,139,141,119,121,125,128,131,128,121,128,134,131,128,130,124,130,137,139,116,110,113,130,131,131,127,130,131,130,128,136,141,134,136,140,116,115,108,118,128,130,122,131,131,135,133,135,141,130,131,137,119,115,110,124,134,139,137,131,133,131,126,128,133,130,124,135,117,115,115,125,130,136,135,128,131,124,128,128,133,131,133,142,116,105,112,124,119,128,127,125,128,133,130,131,133,131,135,128,111,109,109,121,127,134,124,133,140,134,130,135,137,131,140,124,112,111,108,118,131,131,127,131,135,133,133,128,133,121,124,124,116,116,109,113,126,131,134,128,131,131,126,128,127,139,133,125,112,118,115,121,133,128,121,130,131,134,130,139,131,136,134,133,113,118,121,115,131,139,137,142,131,140,145,140,121,115,118,135,118,128,107,125,124,135,131,125,121,125,118,115,115,116,106,109,125,128,124,122,121,109,118,121,130,121,125,126,133,124,118,128,137
137,127,135,141,131,130,130,130,135,131,135,125,128,128,136,128,124,121,137,134,137,134,128,124,133,128,119,125,121,111,103,130,131,128,126,107,113,108,109,119,122,124,124,121,133,115,119,140,137,133,125,126,127,108,122,125,136,141,137,130,130,122,122,142,127,127,121,109,130,121,131,124,142,137,126,119,133,136,103,119,130,130,109,124,135,115,121,126,147,147,133,131,135,128,104,118,128,122,118,133,134,124,124,124,135,125,127,117,126,128,119,128,135,127,128,126,131,119,116,121,127,128,131,124,125,115,125,128,131,122,125,115,128,122,121,118,125,131,133,133,130,131,108,133,131,119,131,122,135,124,130,128,125,136,134,136,122,118,119,128,128,117,130,130,128,125,121,118,119,128,122,124,117,126,118,133,135,118,137,117,135,131,125,126,140,128,134,124,128,128,115,125,144,124,139,121,137,128,128,145,149,139,130,116,128,131,121,127,128,128,143,121,127,124,119,124,128,130,141,151,155,128,124,125,136,128,128,108,121,139,145,145,148,149,143,142,148,127,116,124,127,134,131,118,140,137,139,137,137,131,135,142,141,130,115,128
107,110,109,113,116,117,119,121,127,126,121,121,126,124,113,115,118,111,121,117,106,105,111,121,118,117,109,112,116,122,116,121,116,118,126,124,119,115,121,115,124,127,113,124,131,122,128,124,126,124,137,128,124,124,118,121,121,121,116,115,124,126,131,131,121,124,139,124,121,121,115,124,124,124,116,108,127,135,131,131,124,128,142,119,128,124,116,124,124,124,124,121,128,131,134,130,124,128,140,135,128,135,125,116,122,126,113,124,125,126,137,147,122,133,140,136,118,121,115,119,124,117,124,121,125,125,136,137,118,125,134,130,115,121,116,117,124,124,121,130,124,139,133,133,113,128,136,133,124,128,122,119,128,131,124,121,124,124,126,131,111,128,128,140,124,118,113,117,119,116,113,113,127,121,128,122,113,122,124,125,112,117,119,124,122,128,119,124,133,133,131,124,125,124,131,134,128,134,139,130,135,141,143,133,135,124,137,131,117,116,113,140,134,131,133,131,130,130,131,130,126,119,122,133,130,108,121,119,126,125,130,127,131,128,130,127,121,111,109,117,133,131,127,106,128,134,133,131,127,134,131,131,133,134,128,127
141,133,131,130,124,121,121,134,122,128,125,126,131,128,121,140,130,135,118,126,121,117,118,117,115,115,121,116,121,124,122,119,137,136,121,111,112,109,115,121,107,112,131,126,119,127,116,134,131,131,112,117,117,124,131,127,135,124,125,121,115,127,121,130,128,127,125,119,125,131,125,115,124,126,113,128,130,128,130,137,131,127,122,118,111,107,124,122,127,131,115,131,130,131,130,142,133,130,124,134,106,119,118,115,124,112,111,121,122,122,119,128,134,131,124,133,117,115,117,118,121,115,111,126,116,111,118,135,125,142,135,126,121,117,118,119,124,116,117,115,118,119,121,124,128,142,134,141,128,127,128,130,131,134,121,118,107,113,127,126,127,137,122,141,124,130,122,122,126,121,112,111,110,110,124,115,131,137,124,131,118,121,124,119,117,115,134,121,118,130,115,108,118,134,122,121,118,128,124,131,130,112,136,126,121,119,121,118,107,119,118,127,128,121,122,117,118,124,122,124,121,142,137,119,113,103,130,118,118,124,124,125,128,125,116,118,119,130,104,118,124,121,124,142,115,115,117,121,122,116,125,125,143,128,125,134
131,137,133,134,142,140,142,145,147,148,147,146,142,131,137,137,131,128,128,127,135,139,137,137,131,135,133,133,131,124,124,137,126,131,128,121,131,130,131,128,133,127,121,119,115,116,119,131,128,131,126,115,124,124,130,124,121,125,125,124,119,115,112,128,128,128,127,126,128,136,126,128,126,125,131,124,109,115,103,121,124,128,117,117,131,131,130,135,126,121,126,124,113,111,103,122,124,128,119,111,126,122,128,135,126,128,131,126,107,118,117,121,133,124,125,115,137,137,136,135,128,140,137,137,121,124,118,126,130,135,134,127,140,149,148,140,137,137,145,135,134,125,125,136,130,137,134,121,128,137,126,128,127,127,131,131,124,117,131,137,131,135,137,122,127,137,130,127,128,137,139,141,125,118,128,137,130,136,134,124,131,141,137,134,134,136,133,136,128,117,136,131,127,124,124,116,118,125,130,122,121,131,122,128,121,107,121,118,124,127,131,116,121,131,130,124,128,125,128,133,126,128,124,124,118,136,124,116,124,131,128,126,126,128,130,124,128,146,147,119,125,122,130,128,135,133,128,133,134,127,124,124,124,121,131,128
119,124,107,100,117,111,103,108,107,103,100,108,95,80,117,119,118,104,124,113,115,115,104,103,105,116,98,101,103,109,124,127,118,131,121,110,118,118,134,121,145,137,127,126,127,116,121,118,115,118,127,107,109,128,128,112,121,133,128,128,130,121,117,124,112,118,121,122,109,124,127,128,136,137,119,131,135,126,121,121,113,119,118,135,124,143,121,115,130,128,127,141,134,142,126,124,111,113,115,140,127,141,124,125,115,115,126,116,133,121,109,124,111,113,118,122,126,124,124,124,130,124,113,112,117,128,113,119,122,105,115,131,124,117,121,124,127,125,115,124,130,127,112,118,124,106,110,121,128,122,128,134,124,133,126,124,121,131,119,121,124,111,116,128,127,128,125,125,115,124,112,125,127,125,112,127,124,112,109,124,124,124,126,125,122,137,128,137,139,124,110,111,124,103,109,134,137,125,130,125,145,131,121,136,133,131,118,131,118,100,112,121,119,119,122,127,139,125,115,108,115,131,146,131,110,118,131,116,110,108,104,105,108,115,116,121,124,122,124,122,121,127,139,137,127,131,128,124,121,115,122,99,97,110,125,99
149,144,136,131,131,128,126,127,133,133,133,130,131,133,143,142,133,126,126,124,131,121,118,124,121,122,124,124,115,121,113,131,139,126,121,125,128,126,124,124,118,119,131,133,127,127,112,134,144,130,122,128,125,133,136,130,122,118,124,122,121,126,122,139,136,118,118,121,128,125,130,128,115,115,121,121,124,121,127,128,134,125,124,117,124,135,128,128,122,124,122,134,130,131,125,121,135,122,126,119,125,128,121,130,128,127,128,135,128,128,117,131,131,124,124,116,127,131,127,134,131,127,128,136,125,124,121,128,130,116,115,109,117,119,122,124,124,119,117,116,117,113,116,127,125,117,117,116,115,115,116,115,107,109,113,121,121,119,125,122,124,118,117,117,115,119,118,118,124,124,124,118,122,112,121,118,128,118,118,113,115,116,124,119,118,116,124,121,121,127,118,139,130,124,117,133,116,109,115,116,124,122,116,109,115,115,112,137,137,133,125,127,113,115,107,113,116,110,115,122,134,115,124,148,154,149,131,124,112,121,124,124,118,131,133,128,136,137,148,152,145,152,148,133,140,127,136,131,131,130,139,135,139,152,151,149
147,125,131,128,142,140,137,131,135,130,130,128,126,119,133,134,142,124,115,105,125,112,116,110,121,131,110,110,118,121,137,148,137,131,115,105,121,109,115,124,109,118,128,117,131,124,125,140,135,121,111,117,128,118,124,122,118,131,130,122,118,126,121,139,146,145,124,122,131,122,131,137,134,128,143,140,131,137,146,145,151,149,134,137,146,134,137,134,149,149,151,141,135,145,152,142,142,148,135,125,131,128,146,137,148,136,126,142,131,124,133,154,149,143,133,126,128,131,124,131,144,145,144,144,136,126,136,149,140,137,131,128,124,134,125,137,144,145,135,144,133,127,131,143,139,137,127,137,137,135,143,144,142,140,143,140,121,121,133,143,141,146,135,126,144,125,128,122,125,124,134,135,131,128,137,139,141,145,134,122,124,124,127,128,133,131,155,140,137,139,146,128,124,130,130,131,157,146,148,160,149,149,160,131,124,119,136,112,119,121,131,126,154,125,134,135,127,128,118,104,100,121,137,131,115,124,117,121,124,106,100,103,113,108,104,107,103,143,144,151,141,126,122,126,121,115,118,122,136,154,148,139,131,134,140,143
137,144,133,131,130,131,128,128,122,121,131,126,125,134,130,128,151,161,154,137,131,128,125,127,130,131,124,121,124,131,137,148,137,137,137,117,118,121,107,115,124,126,131,136,121,139,128,124,135,134,135,122,117,111,115,121,126,124,133,131,131,137,128,127,133,126,137,133,119,125,117,115,128,121,128,115,128,131,125,121,131,135,121,125,124,121,115,113,119,122,122,116,125,131,124,125,130,135,125,127,130,128,128,119,113,118,128,119,121,127,115,122,135,134,126,118,130,128,115,115,117,125,121,121,112,121,121,121,121,124,125,124,127,124,117,107,119,127,115,122,128,118,122,113,118,136,128,121,128,134,137,125,125,128,127,130,125,124,116,111,121,135,124,122,133,124,126,128,124,133,118,126,124,121,115,122,128,139,131,134,115,125,121,122,130,130,115,121,124,126,124,128,131,133,125,128,124,117,118,128,131,127,124,122,130,126,126,109,134,128,126,118,121,121,118,133,133,128,126,127,118,137,144,106,122,106,128,140,135,121,121,115,133,121,119,105,109,128,124,122,135,127,124,133,113,124,112,121,124,135,128,142,117,121,128,121
124,121,119,124,113,112,115,122,128,133,135,141,134,136,121,126,144,155,130,133,121,130,126,130,124,128,134,131,137,142,146,140,137,147,140,133,133,130,130,133,126,128,130,127,130,131,140,137,124,144,137,130,126,131,126,128,126,126,124,122,125,135,130,128,117,136,124,126,131,140,131,126,126,125,131,124,124,131,119,125,116,131,121,118,134,124,127,141,137,139,135,131,134,128,124,131,112,128,118,115,130,130,139,142,130,126,136,124,126,124,128,121,112,116,124,110,124,119,118,121,118,125,122,131,124,118,121,127,130,143,137,127,135,135,137,133,144,149,149,144,148,143,140,139,124,141,140,135,142,135,145,137,154,154,143,141,149,131,136,142,121,133,127,140,140,144,145,141,145,145,149,146,146,130,131,137,124,134,125,131,135,142,142,137,141,145,146,142,141,137,133,112,136,122,115,124,134,142,145,144,148,146,139,144,142,121,118,125,125,124,110,128,126,144,143,141,149,147,135,121,115,126,126,130,136,125,107,117,126,124,127,113,116,116,115,127,128,136,119,133,135,130,103,119,112,124,125,125,118,127,124,121,128,124,124,121
142,127,118,126,115,118,115,121,116,121,124,121,117,124,122,136,122,127,131,121,112,115,115,130,124,119,116,113,111,127,121,115,131,122,133,141,136,131,130,124,135,131,115,122,121,117,134,127,128,127,130,122,128,125,128,121,124,121,115,127,126,121,128,124,128,124,130,126,122,124,121,121,139,136,122,126,133,122,124,135,125,124,133,113,131,130,125,115,124,119,121,124,131,124,119,139,130,128,128,121,122,121,116,127,122,128,125,131,131,131,126,127,131,130,133,130,134,134,122,117,119,134,133,131,131,128,131,130,128,125,130,142,133,130,126,119,124,125,122,128,128,128,124,130,125,124,128,128,130,136,128,125,124,124,128,128,131,137,121,128,125,122,127,136,126,130,124,121,124,115,117,128,135,136,125,127,121,124,124,139,121,121,124,124,131,126,127,136,135,124,130,128,121,126,124,134,135,126,128,126,115,117,121,125,125,125,128,131,124,122,109,128,131,133,130,126,119,124,134,139,136,126,117,131,126,122,131,135,137,131,131,140,134,130,136,145,144,124,121,137,127,130,118,131,131,144,135,143,134,124,135,140,140,134,127,137
119,118,117,121,124,124,130,127,122,121,121,124,131,124,118,130,121,125,121,122,119,117,117,121,117,116,125,125,125,131,124,126,121,121,131,134,124,124,124,128,127,128,134,140,137,134,124,121,121,122,124,131,121,127,121,124,133,131,126,135,137,136,124,121,122,121,128,143,126,125,118,121,124,131,124,122,133,127,130,130,122,117,128,124,116,121,124,124,126,128,126,119,125,124,124,128,124,124,128,128,117,121,121,121,127,128,131,126,135,144,121,127,122,124,126,136,127,124,124,124,125,121,135,124,136,141,121,124,124,133,127,137,121,126,119,122,127,136,130,130,126,136,130,130,126,131,128,136,124,124,127,117,126,121,124,124,139,144,124,128,128,128,128,124,115,124,126,122,124,124,121,119,140,144,126,124,131,127,124,140,125,125,126,126,128,131,131,133,139,128,128,139,137,140,131,146,135,141,140,131,127,142,137,149,143,141,134,131,131,136,133,133,122,128,128,131,131,134,125,131,128,136,130,131,141,130,125,122,118,126,126,131,126,128,137,136,124,128,115,143,142,135,122,140,121,128,137,137,137,136,137,147,133,130,124,133
121,119,128,133,131,135,135,140,139,140,141,145,142,134,121,135,121,124,131,133,134,121,133,135,140,139,145,141,146,137,133,108,122,136,130,146,130,134,133,128,133,134,137,133,136,144,135,127,122,139,134,143,137,136,134,143,141,143,140,136,137,137,133,130,121,144,139,128,134,145,143,134,139,139,134,137,130,127,124,134,121,149,144,136,133,130,130,131,135,139,140,137,127,128,127,125,124,139,134,140,137,134,124,130,137,133,139,139,131,131,136,128,124,137,139,135,133,135,139,137,134,130,122,131,121,126,128,131,122,133,142,131,131,137,131,133,136,131,134,133,133,127,128,136,135,139,145,135,136,133,128,137,128,130,133,131,139,126,128,137,146,141,146,131,124,134,131,141,139,130,130,128,124,115,128,139,143,136,142,121,122,121,127,130,128,125,133,137,125,128,128,128,136,136,155,116,126,128,134,137,139,121,148,147,137,126,128,133,128,121,143,137,140,143,145,139,137,135,143,136,124,122,115,134,140,121,130,134,134,140,134,131,140,139,142,142,133,115,125,135,146,147,126,124,119,137,137,140,134,137,146,141,145,140,146,149
135,145,131,128,122,126,122,122,116,119,117,115,143,140,141,124,137,135,146,131,121,109,108,110,112,111,113,103,118,122,144,140,124,140,125,124,124,113,121,122,115,118,125,124,125,125,121,122,124,124,112,127,121,111,125,122,121,119,119,108,124,121,110,125,124,121,106,100,110,106,112,121,110,110,115,104,115,115,113,124,124,124,103,119,115,124,113,113,121,115,112,125,117,115,115,131,124,117,103,108,109,118,122,125,105,107,124,103,115,127,104,122,121,115,103,103,119,106,103,115,108,113,97,95,106,116,113,126,113,128,117,112,112,108,103,112,107,110,103,116,127,124,115,127,118,124,110,112,134,119,108,128,116,118,112,119,117,128,118,128,125,128,124,112,124,110,112,127,108,104,104,105,113,118,124,130,128,125,115,107,113,116,105,108,117,109,110,109,125,128,115,136,137,135,131,128,124,127,124,124,127,119,126,126,135,137,137,133,134,143,131,128,124,131,130,137,126,128,128,121,128,147,160,137,134,124,135,130,136,124,121,115,113,115,122,122,130,139,137,141,149,141,128,125,133,124,126,121,133,135,135,126,126,124,134,131
128,133,121,124,128,128,131,131,130,128,124,119,128,131,131,134,137,122,124,131,128,131,128,131,125,124,125,121,126,124,131,133,131,115,122,133,130,137,136,139,134,145,146,149,143,139,128,127,119,121,131,142,142,143,136,148,140,142,131,135,135,127,128,122,116,108,124,122,127,125,135,143,144,152,149,134,134,142,121,121,121,112,131,141,137,140,141,146,128,135,133,128,124,136,122,128,118,117,124,134,143,145,128,130,135,140,133,137,130,127,115,108,121,116,121,137,128,127,128,131,144,131,130,134,125,121,116,117,121,116,115,128,136,134,131,139,139,143,137,131,130,128,124,121,121,119,112,134,131,133,131,131,128,134,135,139,128,125,124,124,128,125,112,134,135,137,139,133,137,127,133,126,122,122,130,122,121,121,110,130,137,124,130,142,142,136,136,128,122,127,119,106,128,125,116,133,131,131,131,135,137,126,130,128,122,115,124,125,133,122,113,125,125,130,131,134,127,130,134,127,119,124,133,131,121,121,128,126,131,127,131,126,135,134,134,133,128,118,121,124,119,119,131,143,141,135,130,124,128,119,125,124,116,124,125,117
128,127,131,131,131,125,126,128,124,124,118,124,124,111,121,130,127,117,121,125,115,121,124,126,130,126,130,134,131,137,137,125,128,135,131,127,125,135,137,121,137,130,119,121,128,113,131,128,131,130,131,110,111,124,127,109,130,122,111,139,137,128,133,121,136,137,135,122,118,134,128,126,133,135,135,143,134,125,131,125,140,125,124,122,122,118,122,124,121,113,121,125,136,133,127,124,140,128,136,126,126,115,115,127,124,134,133,134,134,143,142,125,137,131,137,130,136,128,137,133,128,131,133,139,145,152,139,127,131,126,135,148,137,133,141,143,140,136,144,136,131,124,128,125,128,122,131,130,124,122,121,121,115,121,128,124,137,137,130,124,124,122,131,127,128,137,136,119,127,142,145,146,148,143,134,119,126,124,128,145,131,140,146,128,136,131,128,148,135,126,139,135,122,115,118,147,148,147,151,128,128,130,128,137,124,126,131,139,127,119,115,131,128,136,124,125,131,137,134,137,128,128,131,137,130,134,135,128,134,137,133,137,136,128,118,126,130,117,126,124,128,137,128,125,134,135,115,124,119,111,119,115,115,128,131,113
126,128,127,124,124,125,117,119,118,116,118,117,127,128,135,127,125,119,125,140,133,135,133,133,130,127,126,131,139,141,147,128,115,126,139,144,139,136,135,134,128,128,135,131,133,137,134,119,111,122,141,145,144,128,134,137,142,130,118,124,130,137,137,122,115,118,134,136,110,112,115,122,115,116,112,110,126,136,146,128,115,118,131,133,128,121,117,121,128,128,128,119,134,131,133,128,116,117,140,135,130,134,121,111,135,128,116,130,119,115,133,118,115,111,122,140,128,131,115,115,121,122,124,127,115,118,124,125,125,127,133,137,124,131,125,124,134,134,135,135,124,146,149,137,131,126,135,147,121,137,131,126,128,128,131,137,126,130,139,134,131,124,127,142,127,130,131,121,128,134,128,131,131,133,141,139,128,122,131,144,130,126,128,118,136,127,141,137,142,143,145,118,124,117,127,124,119,131,131,125,121,126,133,127,130,127,137,119,133,125,130,140,133,121,124,127,119,125,135,131,126,133,122,125,124,126,118,155,131,131,134,136,142,135,121,117,113,130,126,128,126,125,130,134,128,117,115,116,118,128,116,126,121,122,118,122
127,133,125,122,117,124,116,119,116,119,130,128,137,136,115,121,127,131,124,124,113,121,119,121,124,121,121,118,135,139,125,119,115,118,134,126,134,130,118,135,142,134,117,124,128,131,126,117,110,106,125,141,146,126,131,137,135,137,128,133,141,140,127,112,112,108,127,137,145,146,139,124,153,142,131,136,137,142,143,119,116,109,121,128,141,110,130,137,137,131,137,124,143,136,145,116,115,116,121,118,126,126,111,122,134,131,128,130,122,136,124,112,118,107,112,128,134,140,130,116,125,137,137,131,127,137,115,117,110,113,115,141,134,135,139,134,131,130,139,128,134,131,117,115,111,109,107,139,137,128,127,116,128,127,126,124,128,134,115,116,111,105,105,131,128,135,125,124,124,136,131,139,131,141,118,119,110,108,101,137,141,136,135,131,140,146,135,130,128,141,118,131,118,118,108,133,133,135,131,131,141,146,131,128,130,137,131,122,126,115,110,127,125,135,127,130,124,124,128,121,121,131,133,128,118,104,130,128,125,133,124,112,121,113,113,119,118,110,109,126,112,118,119,131,111,115,115,117,121,118,113,118,127,121,121,124
108,122,127,127,128,130,127,126,124,126,128,131,118,115,113,111,126,142,130,112,121,117,121,125,128,128,125,124,126,124,121,121,116,135,131,125,111,119,110,115,124,122,124,141,126,121,115,122,121,126,128,119,111,111,118,118,119,126,131,131,119,118,112,124,119,128,130,133,125,125,121,121,131,128,124,128,121,122,117,125,119,131,131,136,124,121,131,125,127,128,121,122,127,118,111,126,121,131,130,124,128,133,137,137,136,137,128,135,141,127,121,117,117,126,127,130,136,137,137,124,124,135,137,139,137,130,116,121,112,121,124,121,133,124,128,131,134,130,128,128,131,124,116,119,121,121,128,139,127,122,124,131,135,135,134,127,137,128,121,126,118,124,128,131,137,139,133,141,137,144,135,134,124,121,118,126,121,121,126,141,142,133,137,140,136,141,135,124,125,121,126,128,122,118,126,131,131,115,125,133,139,143,131,121,118,126,115,128,119,124,141,127,128,124,121,137,137,136,136,128,124,121,130,133,127,137,130,128,133,125,128,137,134,134,137,131,137,131,144,135,122,133,128,126,128,136,133,131,137,128,135,134,128,131,131,130
130,136,130,124,124,128,131,131,127,134,134,140,137,134,126,121,136,135,126,133,136,144,145,148,148,140,148,144,153,146,137,112,131,122,137,131,133,137,128,131,137,136,135,130,131,136,151,127,125,128,141,133,125,130,141,133,131,133,137,124,135,133,151,124,121,124,137,122,126,130,133,130,125,128,119,130,124,127,153,141,116,111,142,147,126,140,131,125,128,137,126,116,121,134,149,126,122,119,137,128,127,136,131,128,131,122,121,126,128,125,154,119,117,124,136,137,133,133,131,119,126,124,131,133,131,126,157,127,121,118,134,121,127,126,131,128,128,130,128,126,122,127,145,130,127,121,131,139,130,131,128,131,131,133,124,115,125,134,142,121,121,118,128,125,125,141,126,130,122,136,128,130,133,135,135,121,124,121,130,126,139,140,131,133,130,128,139,125,119,136,144,124,122,122,128,131,145,133,128,135,134,134,126,124,115,115,124,137,128,113,118,119,125,122,116,126,118,121,134,128,124,107,104,128,142,117,118,115,137,137,131,139,128,126,134,141,127,97,115,119,124,128,107,103,124,149,136,124,135,140,134,124,104,111,112,109
133,124,115,116,103,106,106,108,110,106,115,128,124,127,115,126,121,141,127,124,119,122,124,121,121,119,121,118,121,136,119,124,118,135,140,133,134,130,139,148,135,135,149,140,136,136,134,124,122,137,144,137,149,152,151,143,140,136,134,141,137,143,134,121,124,146,145,147,143,141,149,135,145,139,133,144,144,151,151,122,125,146,141,149,148,145,145,149,125,121,128,135,128,142,137,118,124,142,143,140,140,137,121,128,128,131,126,135,117,125,130,118,130,136,141,141,133,135,135,141,139,131,137,141,128,139,136,122,126,133,140,136,131,140,124,131,136,131,133,128,122,142,140,118,122,128,139,141,130,121,131,121,121,113,115,111,125,137,131,116,126,131,137,141,130,127,122,130,128,139,135,137,134,139,130,112,121,131,137,144,136,142,139,141,142,147,148,143,131,131,144,116,119,126,133,137,137,131,128,130,121,124,125,137,128,131,142,137,118,127,133,130,124,124,121,124,122,121,125,125,131,147,144,139,130,124,131,133,130,130,121,121,124,124,121,128,127,142,135,125,131,137,131,151,131,128,122,119,121,121,121,131,133,128,127,145
116,118,124,137,127,131,131,131,128,130,131,126,122,106,95,121,128,118,115,131,127,125,135,130,130,127,124,124,137,128,104,121,128,125,124,136,136,140,126,136,121,119,124,128,131,130,117,113,121,131,127,126,113,122,125,124,125,128,119,125,131,127,121,118,117,134,124,124,128,137,113,117,108,115,117,124,119,117,111,124,113,128,118,113,113,115,126,117,111,109,113,124,110,116,108,127,125,128,121,118,115,116,124,121,121,127,119,115,127,125,121,121,124,124,121,112,121,125,121,124,117,126,116,121,121,124,116,119,121,128,127,126,127,121,124,121,116,119,127,121,117,127,115,125,122,133,130,124,128,122,131,136,131,131,121,116,121,131,119,121,119,124,131,131,124,122,121,128,125,135,116,128,122,113,113,115,124,122,128,124,117,128,128,124,122,125,117,134,128,118,110,140,115,111,115,108,116,124,124,111,111,121,117,126,124,124,116,119,127,116,109,126,118,131,121,119,133,137,131,137,140,121,101,111,133,111,113,112,131,135,137,139,140,135,139,136,124,121,117,121,119,116,111,96,131,126,133,119,125,118,116,108,104,106,118,124
128,124,125,121,126,127,124,127,128,125,127,126,125,130,130,128,131,121,118,131,124,136,131,124,128,122,125,130,131,128,145,136,122,124,127,121,128,133,128,125,124,122,127,140,131,130,139,131,128,131,131,124,117,124,127,121,128,124,121,133,136,139,137,133,125,131,131,133,131,136,124,126,127,124,131,135,137,142,139,126,125,126,130,126,130,122,133,128,122,124,128,135,144,145,140,131,133,124,131,134,131,128,136,137,128,125,127,131,141,140,148,137,133,124,134,143,134,135,133,139,125,121,124,128,137,145,147,135,133,125,131,137,125,126,130,130,130,124,127,128,133,141,137,134,136,126,131,141,128,126,131,128,127,127,128,125,139,147,131,135,133,126,135,146,134,133,134,134,128,131,126,124,137,141,130,130,133,124,130,140,124,122,125,124,124,122,125,128,133,127,126,142,134,115,128,124,126,131,128,127,124,124,131,125,121,121,126,143,144,124,125,124,130,130,127,126,128,135,133,135,137,112,116,141,147,124,115,113,131,131,127,127,130,128,126,130,128,121,128,140,125,124,119,105,127,125,126,124,134,121,135,128,121,127,127,137
137,137,121,121,116,110,117,121,124,125,124,121,127,131,128,135,130,126,139,122,131,113,119,116,121,116,118,116,122,117,130,128,126,144,135,124,124,118,127,125,121,126,121,118,124,116,118,127,121,121,121,127,118,124,133,127,124,137,125,121,124,122,113,131,122,121,117,128,137,126,127,121,126,125,131,126,121,118,111,124,126,115,122,125,124,124,130,141,133,127,131,119,121,113,116,113,125,109,113,125,126,126,131,134,128,113,124,124,122,124,111,124,125,113,119,124,124,118,122,124,124,124,121,130,127,124,110,124,128,121,124,134,122,128,121,122,122,119,128,121,124,115,110,124,135,121,116,127,131,127,122,124,127,131,126,124,128,125,124,128,135,119,124,116,119,130,137,121,122,122,130,127,133,131,115,133,131,119,121,124,127,117,116,124,121,125,131,128,125,131,115,145,126,113,121,121,126,121,122,117,117,113,115,118,124,127,122,131,141,121,116,117,121,118,126,111,112,118,115,118,130,131,127,127,131,117,128,124,130,117,116,119,118,127,131,130,124,115,116,124,124,117,127,121,128,130,124,124,121,121,133,126,130,126,126,134
117,107,119,115,108,116,117,111,111,115,118,124,135,131,115,118,117,124,117,96,115,93,107,111,108,106,106,108,105,121,99,111,115,121,115,125,110,112,115,115,118,109,112,111,121,126,103,109,116,109,107,112,107,117,117,112,117,115,111,122,130,118,98,116,121,108,106,111,99,116,117,121,124,112,110,110,124,122,90,111,124,108,103,111,116,111,106,108,117,109,111,119,116,113,98,109,116,99,100,113,107,121,117,109,111,113,122,111,99,124,103,115,116,109,104,101,105,109,103,112,113,107,112,113,109,110,103,109,130,126,117,112,117,133,117,115,125,115,122,133,124,119,112,130,130,121,116,118,117,128,108,111,116,115,117,109,126,122,121,124,134,128,124,121,117,112,112,130,124,115,119,119,119,125,124,137,126,130,121,100,103,117,112,115,121,124,133,121,127,121,119,131,128,133,131,127,119,122,121,128,133,137,131,130,136,128,133,133,124,122,140,131,125,122,117,119,111,110,105,121,125,140,128,128,115,121,128,124,94,110,111,109,118,119,116,119,122,128,131,119,121,131,126,134,127,116,112,116,107,111,118,121,124,116,121,117
119,137,133,127,133,131,128,128,128,127,130,131,128,122,128,112,124,109,131,115,137,122,126,122,116,122,122,118,124,124,107,122,126,124,118,106,109,117,113,122,116,115,115,121,121,115,116,124,130,128,116,110,117,113,125,122,119,125,124,122,116,116,115,122,137,137,113,108,124,131,124,131,128,121,128,118,128,124,117,134,137,137,116,111,130,121,125,136,131,133,142,130,137,124,112,135,134,142,122,112,134,140,145,140,137,137,146,135,136,133,136,130,136,143,126,111,122,133,131,131,130,127,128,133,124,124,134,131,128,131,113,103,119,125,122,118,128,131,133,126,117,115,118,128,124,125,112,98,118,127,128,127,133,135,137,130,121,109,121,128,121,124,118,100,122,126,137,137,136,133,131,131,122,99,122,136,116,122,119,103,117,128,128,119,125,128,128,131,117,94,117,107,137,128,126,103,119,128,127,121,112,122,126,126,131,116,117,101,143,126,122,111,124,137,133,127,115,126,122,117,115,117,107,101,106,121,104,108,126,124,121,115,113,110,112,117,112,121,115,98,121,108,108,90,109,113,109,115,105,116,113,121,112,110,113,105
107,127,145,144,143,146,146,147,154,149,147,145,139,131,130,110,126,124,125,141,135,140,142,149,155,144,131,136,124,128,128,124,126,121,126,124,126,112,121,121,121,115,115,90,110,109,131,137,137,130,124,127,128,110,128,122,118,126,107,111,119,122,136,134,142,140,125,128,116,131,116,104,115,115,115,130,126,119,125,127,137,128,116,122,122,109,139,133,125,119,116,113,128,115,131,126,135,128,130,110,118,105,127,131,136,140,116,133,115,109,143,134,131,137,142,118,124,121,128,109,122,135,126,142,128,124,143,128,136,134,136,127,130,134,145,124,139,124,142,137,131,117,149,137,127,133,137,105,112,124,133,119,113,125,126,124,121,121,139,126,119,131,135,111,116,122,128,108,116,130,128,135,116,128,142,136,115,134,141,118,124,133,136,121,125,108,122,125,124,131,148,148,115,128,133,119,124,112,122,108,116,103,118,131,126,130,137,169,140,115,121,124,124,126,117,103,115,119,141,149,146,116,115,149,159,128,111,119,131,146,142,149,154,149,141,149,141,121,124,127,128,152,124,105,147,153,143,158,146,134,151,157,161,152,147,135
128,147,128,124,116,119,124,124,128,127,127,131,128,122,137,115,153,131,142,126,124,122,126,117,126,125,124,125,131,133,137,136,133,149,121,122,124,117,124,119,119,121,131,126,128,125,131,131,133,135,122,119,124,111,118,115,122,128,118,122,124,119,128,131,124,127,115,94,115,105,115,112,118,122,124,122,133,128,121,119,124,124,112,107,125,122,127,131,121,122,124,113,127,119,119,117,118,116,117,105,128,127,119,118,128,128,119,124,121,116,110,124,121,117,124,104,115,121,119,118,121,122,115,111,116,116,115,122,131,122,122,110,126,131,125,137,131,131,136,131,128,128,116,134,133,118,131,111,124,141,121,128,128,128,127,135,124,133,119,128,125,116,133,130,137,134,124,121,128,136,131,124,124,134,124,135,135,117,143,111,126,124,125,139,147,128,131,131,139,143,124,131,136,126,143,121,136,137,136,137,147,131,139,131,125,144,130,130,139,127,142,135,139,137,135,139,145,137,135,128,135,124,125,139,128,124,131,131,137,137,131,130,127,127,126,128,149,122,121,131,117,130,137,111,130,121,128,124,127,121,127,117,139,136,121,111
108,115,115,121,121,119,122,121,124,124,121,118,108,115,111,115,97,110,118,109,112,111,112,112,115,121,121,117,125,117,115,94,115,117,126,122,125,124,118,115,124,119,122,122,125,105,122,106,119,121,125,111,118,117,118,107,115,107,119,115,121,116,115,107,124,127,121,119,126,113,112,111,110,116,113,109,103,104,109,115,122,119,119,118,112,126,112,113,117,108,103,118,116,112,108,118,121,119,117,108,115,109,115,108,109,115,115,104,116,125,116,121,116,119,112,115,118,108,124,116,121,121,121,112,124,113,113,115,126,122,115,113,115,117,109,117,112,124,110,108,106,112,117,128,124,119,112,115,106,116,107,107,108,111,110,104,121,106,111,127,128,119,118,118,115,112,103,115,111,111,116,100,121,106,108,124,125,119,121,117,112,117,115,115,116,124,110,111,110,103,115,117,125,122,111,124,117,113,107,105,111,112,111,115,124,121,115,126,121,115,110,122,104,108,106,106,112,115,106,115,124,118,111,121,131,118,116,115,110,103,112,115,103,113,121,127,122,116,117,115,121,128,105,108,104,117,116,125,125,118,128,117,121,126,119,117
125,118,121,124,115,118,124,125,122,125,124,116,126,115,115,130,121,134,119,133,121,131,131,135,128,124,124,127,125,119,113,117,122,115,115,115,107,117,118,111,107,105,112,118,111,112,111,117,125,121,115,115,107,112,112,112,105,100,106,104,100,96,115,121,119,119,109,106,113,124,122,109,111,116,104,116,115,104,112,119,118,121,111,109,112,122,122,115,116,113,115,113,105,95,111,125,116,121,109,115,111,109,119,111,128,113,115,110,116,122,115,112,115,122,112,112,131,125,125,112,117,115,131,125,128,113,115,119,124,128,116,110,137,130,142,131,124,117,124,128,115,104,117,115,121,126,118,124,121,124,127,124,124,119,116,113,126,116,119,116,124,127,118,112,121,116,121,124,126,124,126,128,122,125,116,119,121,135,121,103,124,135,137,128,121,112,128,126,106,118,124,121,122,128,113,113,117,115,119,126,106,101,116,110,105,113,118,111,103,124,115,118,117,112,103,113,98,97,113,128,124,145,137,107,111,122,133,126,116,134,126,133,121,115,110,109,110,143,140,109,124,117,131,131,130,118,110,118,107,110,111,111,110,115,122,115
128,128,131,131,126,128,127,133,121,122,128,130,130,126,126,131,127,124,121,110,115,115,121,121,121,119,125,130,122,124,119,119,136,127,121,126,118,127,119,122,130,124,125,130,137,137,128,128,137,135,130,134,131,121,122,124,128,124,122,128,134,134,127,131,131,130,128,130,128,130,125,115,128,133,137,126,133,137,124,130,127,127,127,142,139,131,135,133,127,126,121,104,118,141,119,131,131,128,124,131,126,122,111,108,127,122,124,127,130,131,128,121,131,133,119,137,136,126,125,122,128,130,124,136,137,142,126,124,133,133,131,145,137,134,136,124,144,128,149,137,144,140,140,125,127,137,131,140,128,135,130,121,126,131,128,136,130,137,133,124,124,133,127,135,130,137,134,121,140,135,131,140,145,146,142,127,130,137,131,142,136,143,140,144,141,131,136,134,140,133,140,135,133,143,137,135,135,135,137,131,124,128,137,147,143,145,143,130,130,139,147,133,137,133,135,130,139,140,135,140,137,137,131,122,121,140,136,139,128,134,140,139,131,128,124,128,131,142,141,119,117,117,136,131,135,136,130,134,124,124,122,134,136,128,118,128
118,131,124,121,128,128,128,124,128,122,124,119,111,121,137,126,125,118,127,124,133,131,125,124,124,128,122,116,108,115,124,127,127,128,128,121,131,125,122,125,121,127,131,122,112,118,121,134,124,122,125,124,131,121,124,135,119,124,125,115,112,115,116,128,135,133,124,124,121,125,119,124,122,126,128,133,119,124,115,122,131,128,124,121,121,126,124,121,130,131,128,135,119,125,126,121,136,131,121,128,128,131,128,126,133,131,126,134,126,126,121,139,131,133,125,126,128,128,124,131,133,136,126,134,118,121,127,142,131,125,124,125,124,131,116,124,124,135,124,128,128,130,127,135,128,124,124,127,128,135,128,127,122,122,124,131,111,125,126,127,126,122,121,131,130,130,124,126,124,124,124,128,124,134,121,128,131,128,128,124,131,124,127,145,128,131,128,126,128,137,126,125,131,131,126,131,134,130,131,137,134,127,133,131,131,131,137,122,137,135,130,125,137,133,137,135,128,126,133,125,125,125,130,121,115,136,134,127,130,128,128,127,125,131,126,127,131,124,133,115,118,127,133,130,128,131,133,131,131,131,126,121,121,130,133,121
121,128,130,137,141,140,139,136,125,121,121,121,128,128,135,121,140,134,137,140,155,149,155,146,141,142,133,134,136,134,148,144,133,142,128,127,126,126,134,130,131,130,128,128,130,131,141,134,133,141,124,131,136,127,122,128,136,137,136,137,136,139,137,128,139,148,131,133,130,125,128,124,133,131,136,145,131,128,134,135,139,151,126,131,128,124,133,136,126,127,130,139,131,130,134,137,137,153,133,131,115,126,137,130,131,137,126,135,134,134,149,137,140,151,143,126,124,131,141,134,136,142,136,139,149,146,146,140,128,137,133,127,124,133,136,136,135,128,124,128,122,128,133,128,126,136,131,124,122,130,134,125,131,133,126,126,128,126,133,128,124,136,128,133,121,126,128,128,136,134,128,137,136,134,127,118,125,137,135,127,128,134,130,133,131,124,128,125,127,128,125,121,117,128,125,124,128,131,124,127,126,128,128,126,124,119,126,104,121,124,122,127,124,135,125,127,133,131,140,143,133,125,121,99,119,130,118,117,128,135,139,136,141,134,128,128,109,139,144,118,127,117,119,121,128,119,124,124,126,131,136,136,121,124,127,131
154,134,126,128,125,125,124,125,126,128,127,124,116,117,135,147,137,134,119,127,122,118,110,116,115,124,121,115,117,131,117,140,144,115,116,137,130,122,128,126,140,137,127,127,133,139,121,141,149,130,128,137,127,125,126,124,128,128,125,131,131,139,124,149,140,128,126,130,117,127,113,119,130,125,131,128,124,127,128,128,143,131,121,131,121,110,121,121,126,115,126,122,131,127,124,122,135,128,131,131,125,115,124,124,116,119,124,119,115,121,115,131,136,125,125,119,122,116,117,113,121,121,128,126,112,119,117,142,124,115,121,115,115,104,103,104,104,107,112,109,107,115,119,131,130,124,125,117,111,108,113,115,108,113,110,111,107,105,124,137,133,128,130,117,111,112,112,115,112,115,118,117,108,106,121,140,131,128,124,113,112,115,111,115,110,119,103,111,105,119,118,121,128,119,121,107,108,109,109,115,106,105,100,108,113,109,117,139,116,134,122,116,106,118,116,104,97,101,103,103,115,109,125,149,133,137,118,121,111,105,106,112,103,106,111,117,121,109,130,145,149,152,121,117,115,130,121,128,131,130,131,137,139,136,141,143
130,135,122,125,119,121,124,124,125,122,124,128,121,125,130,124,127,119,118,127,128,128,127,128,128,124,118,118,106,98,125,124,121,134,121,110,113,121,118,115,124,122,118,122,110,113,124,128,112,121,119,105,110,124,113,116,117,109,115,124,117,112,113,126,115,126,118,117,117,125,116,117,126,119,128,128,128,115,115,127,113,124,124,106,117,122,125,116,112,111,117,124,121,113,109,116,111,117,121,118,116,115,121,125,104,115,119,109,122,127,124,124,106,112,121,119,116,124,121,126,115,125,121,116,125,115,115,109,134,128,137,142,136,137,140,128,133,142,131,124,135,126,133,134,137,126,135,131,127,134,127,134,135,131,135,125,135,119,128,136,136,126,128,126,126,125,126,130,121,124,124,131,144,131,131,134,133,124,131,131,115,128,131,125,135,137,122,126,137,115,128,126,122,119,131,131,118,122,124,121,125,130,116,119,115,106,118,119,128,115,127,103,109,115,115,121,124,118,124,133,128,110,110,122,124,99,118,105,122,128,127,124,136,136,126,115,121,110,106,116,119,116,115,106,131,124,115,115,128,128,125,128,128,126,124,127
122,111,113,113,131,128,128,124,122,121,125,128,119,117,115,104,106,104,125,117,137,128,126,121,126,124,125,124,116,111,100,108,115,101,105,116,127,128,137,137,133,130,128,136,125,126,99,111,116,113,107,124,131,141,139,127,128,128,122,124,107,115,112,118,113,111,107,115,121,121,135,128,122,122,121,115,116,117,118,121,116,116,126,126,126,127,121,126,121,125,131,121,113,121,116,122,110,110,119,130,131,128,131,126,130,118,121,128,117,113,100,125,109,117,116,133,122,110,113,128,128,119,133,127,119,117,113,122,115,131,133,135,131,122,131,141,141,135,130,133,131,134,121,128,124,130,130,159,144,124,136,128,141,137,133,131,140,153,124,128,128,136,142,128,139,133,136,137,140,133,135,124,134,136,121,121,127,136,136,137,139,122,128,134,130,134,136,130,126,134,121,124,108,128,128,115,130,125,130,141,135,137,136,128,127,125,119,118,113,130,146,110,128,122,128,130,128,128,128,128,121,121,124,112,109,119,128,126,133,127,126,122,125,128,128,126,122,121,124,131,104,110,124,128,115,122,124,116,128,131,131,121,122,121,119,124
133,131,130,126,125,122,117,117,117,124,119,118,128,131,124,112,134,128,113,124,124,121,121,118,112,113,127,121,128,127,109,125,124,121,115,130,130,115,119,115,116,126,122,119,121,117,118,118,115,116,119,124,122,124,126,128,122,128,122,125,124,117,117,122,116,116,116,115,125,119,113,121,125,122,119,122,119,119,124,122,121,110,113,121,125,124,121,119,135,130,121,117,121,112,126,124,117,115,116,121,124,118,126,118,128,124,111,118,121,124,113,118,119,117,112,117,128,121,116,112,121,121,122,124,119,113,115,118,121,128,115,122,121,124,122,124,124,135,122,128,121,126,133,125,116,126,116,130,127,124,124,127,128,131,126,119,124,125,126,124,115,128,119,122,128,121,111,125,124,118,124,119,128,127,122,116,111,128,111,116,127,124,117,126,121,126,131,121,117,131,133,110,121,130,121,130,133,131,131,140,127,127,128,121,124,131,137,125,113,119,119,128,141,109,116,122,118,115,113,117,121,124,127,130,121,131,116,122,128,121,119,125,116,122,140,131,135,133,136,128,124,125,124,121,134,130,131,121,125,126,124,135,137,137,131,128
125,105,113,117,130,128,126,128,126,126,126,126,111,115,119,121,117,128,130,121,133,139,136,135,128,128,128,127,122,124,125,115,128,121,122,125,137,146,144,136,127,130,134,137,134,126,128,118,128,124,128,115,128,130,128,124,121,121,130,128,121,125,128,118,121,125,127,128,131,126,128,136,118,128,128,124,128,128,131,116,118,119,125,127,133,126,117,115,117,121,130,124,128,122,126,107,125,118,121,121,119,118,121,127,124,127,124,125,124,119,118,117,122,115,118,125,131,125,133,134,131,137,131,130,135,130,121,111,124,116,125,124,128,134,134,131,131,139,128,130,131,126,124,118,124,122,127,128,128,133,135,130,130,133,130,136,124,128,115,115,119,118,124,128,127,128,131,133,133,141,139,136,131,134,115,111,113,109,118,128,134,131,135,134,131,131,131,134,131,128,109,113,116,115,117,118,133,131,133,127,126,128,131,134,128,117,121,131,104,119,127,124,135,137,143,140,133,131,131,117,124,119,118,141,126,131,130,124,134,124,122,124,110,109,115,121,127,131,125,133,128,135,134,134,128,128,124,127,122,122,121,124,122,124,127,131
97,115,108,109,109,110,111,115,112,115,118,115,108,105,107,89,124,109,115,118,124,112,116,117,117,125,109,111,113,110,111,124,131,128,121,115,121,109,126,124,119,128,142,121,130,121,108,122,136,140,131,131,131,130,140,136,134,131,143,119,131,130,117,125,147,146,124,124,124,121,126,121,128,135,125,124,133,143,144,124,139,142,116,161,136,143,137,135,143,137,127,108,131,134,136,135,131,141,126,144,124,124,124,113,134,126,124,130,130,127,133,124,128,142,135,137,136,122,126,119,127,125,128,130,126,137,134,117,145,146,140,140,131,135,128,126,135,131,137,130,130,127,133,126,128,139,143,144,137,126,122,124,119,122,116,119,119,143,134,115,121,131,136,128,128,131,119,125,131,128,131,124,125,137,125,119,124,127,135,128,131,127,127,133,140,136,139,124,122,125,122,131,117,121,128,139,147,139,125,122,126,134,124,125,112,121,119,122,136,134,127,112,118,119,107,119,125,124,125,124,128,131,124,108,116,128,115,117,122,127,131,128,137,136,134,127,124,128,124,110,97,116,124,128,124,122,111,115,118,115,119,127,125,121,115,99
112,124,131,133,118,130,131,127,135,130,140,131,131,124,131,126,121,109,118,117,115,101,112,113,113,117,127,121,126,134,126,133,128,126,110,113,111,101,110,119,125,126,134,124,124,128,115,142,131,130,111,127,124,110,106,125,121,113,124,122,131,122,124,144,135,131,125,134,136,128,128,115,135,130,111,108,126,134,127,142,134,136,127,134,127,122,131,119,124,128,106,96,121,125,130,142,136,143,115,133,124,115,100,106,125,134,118,125,118,115,126,137,131,131,115,131,128,121,124,122,117,128,133,125,131,116,118,139,135,128,115,126,128,128,122,116,121,131,122,121,112,118,110,128,133,140,121,122,118,116,124,110,117,112,109,113,108,115,103,130,126,140,121,130,131,115,108,126,116,118,116,108,113,128,115,130,130,133,133,125,131,128,128,137,137,131,130,115,124,124,122,122,140,135,130,128,128,126,119,133,141,136,131,122,121,113,110,121,124,128,128,124,118,112,113,122,124,126,124,118,124,137,121,121,119,108,119,113,115,121,124,121,122,121,111,115,125,126,108,110,109,127,133,106,133,108,118,117,125,126,124,115,124,121,112,106
128,144,141,139,146,143,137,142,136,134,134,139,122,121,136,122,148,137,141,137,152,140,149,136,140,133,128,136,124,128,144,142,137,137,141,116,125,134,128,133,130,117,122,122,115,125,141,137,134,133,131,122,117,131,121,126,118,119,121,134,121,122,128,131,131,137,135,128,128,130,127,122,131,126,128,131,122,124,128,137,131,134,125,112,117,124,134,128,124,125,130,121,118,121,136,136,140,136,127,121,119,128,130,128,126,130,115,128,121,121,137,143,139,136,125,122,125,128,130,130,122,126,136,131,135,131,137,145,131,134,128,136,130,139,137,128,137,137,142,131,118,134,135,149,134,130,134,115,117,139,125,127,137,134,133,128,121,127,128,147,130,127,131,133,121,131,122,117,127,137,128,131,136,133,125,145,131,127,134,128,125,136,136,135,134,128,126,139,130,122,116,140,124,116,126,131,128,139,139,127,131,128,131,134,127,131,118,133,148,119,121,127,124,137,133,128,131,134,149,156,142,131,137,127,122,124,136,131,140,154,149,154,159,160,149,149,137,101,117,119,107,133,146,134,147,139,139,134,134,126,139,137,131,134,127,121
127,128,137,141,117,119,122,124,124,121,128,126,124,126,130,128,128,134,140,131,112,113,124,122,127,121,122,128,121,122,128,128,128,128,137,131,128,121,108,124,112,109,115,117,118,139,136,127,128,124,126,131,119,107,115,117,115,117,111,117,119,121,124,124,127,121,126,134,131,126,117,122,117,116,124,117,119,124,121,116,127,122,121,116,125,115,121,127,126,122,116,116,113,111,121,113,126,124,121,124,121,124,128,121,127,124,122,128,124,126,131,121,124,121,125,124,131,122,111,115,113,128,119,125,128,117,128,117,125,115,122,124,124,119,115,115,128,125,131,126,121,121,128,115,121,111,121,118,121,117,130,118,128,128,119,125,125,118,125,115,124,110,121,113,117,124,124,121,128,124,121,121,122,128,122,119,119,109,119,110,112,124,124,119,125,115,122,119,133,137,126,137,126,126,128,115,117,116,121,130,128,118,130,128,135,128,128,139,134,128,119,133,131,128,136,121,122,122,131,134,144,128,128,130,135,127,137,128,130,140,133,131,139,136,127,127,130,121,117,126,128,131,134,145,137,139,137,134,130,127,125,130,139,142,125,128
146,149,128,121,116,107,108,111,118,115,113,116,126,131,139,139,147,124,110,121,108,107,103,105,111,110,111,113,118,122,140,141,146,127,119,115,108,107,108,106,108,101,105,110,115,125,142,145,149,134,133,127,117,115,115,104,108,112,112,111,122,121,146,142,149,135,135,133,119,124,115,122,112,111,112,104,126,137,139,145,149,139,131,139,118,119,108,112,108,103,111,111,137,140,142,152,151,135,139,137,122,126,124,124,106,109,124,110,128,135,140,144,154,140,140,130,115,118,115,124,121,113,116,118,125,125,143,147,136,124,125,113,103,109,108,111,110,105,106,115,119,139,140,142,134,122,124,128,119,115,115,115,112,104,116,115,133,131,148,148,136,124,122,128,118,116,124,119,126,124,124,119,127,131,143,151,134,124,124,122,115,112,111,115,121,115,122,119,128,134,134,141,149,137,140,128,121,121,122,131,128,127,130,127,141,136,130,137,144,141,143,131,124,121,128,124,118,124,135,131,131,121,124,139,148,142,137,136,131,143,140,139,128,128,124,124,127,116,121,136,143,143,128,137,131,144,142,136,122,121,124,126,135,137,134,133
140,121,122,122,135,128,125,121,122,124,124,122,121,118,133,124,121,133,128,128,135,134,131,131,126,124,125,134,126,128,142,137,105,128,130,124,135,134,140,142,131,128,142,137,127,140,136,121,111,118,128,128,146,140,136,136,136,125,136,139,127,134,128,122,111,124,125,133,141,137,136,125,131,136,146,148,130,136,128,122,119,125,125,125,144,143,137,135,116,124,142,133,124,133,124,121,113,122,125,128,139,128,126,124,139,135,121,143,125,124,128,121,117,124,125,125,142,141,149,135,134,139,143,139,137,140,130,121,128,134,131,136,134,139,143,145,143,140,141,140,134,149,133,135,125,131,131,130,130,142,146,133,153,135,142,151,126,144,131,133,131,137,131,137,131,140,134,115,139,139,137,144,137,137,137,124,135,137,131,141,131,134,136,131,133,124,137,143,142,140,135,125,117,119,124,131,125,134,119,116,109,106,125,126,135,143,134,124,115,121,133,130,131,124,119,113,118,117,122,124,115,131,140,118,125,140,136,131,131,137,128,124,126,124,128,124,111,135,137,124,124,128,131,135,137,131,128,125,124,113,119,137,124,125,116,137
128,133,124,121,125,128,128,127,131,130,128,135,133,128,140,130,128,119,115,115,124,113,125,124,124,119,124,121,122,127,127,131,128,128,124,131,131,137,137,137,131,134,124,118,118,121,110,127,127,122,119,124,122,121,134,127,131,131,117,136,128,119,113,128,126,122,127,137,128,144,141,130,140,141,137,153,126,125,117,125,122,121,126,128,130,128,137,136,130,131,130,128,135,131,118,125,121,116,124,126,135,128,134,140,139,146,128,148,137,131,107,122,121,124,115,128,137,137,141,140,127,139,149,146,141,143,109,124,119,115,115,128,143,146,142,147,136,140,142,131,125,126,99,122,118,108,108,125,127,131,128,135,124,128,128,128,131,130,103,118,121,111,117,113,130,133,135,131,134,149,134,146,134,128,103,124,121,119,119,126,130,143,146,131,143,140,134,133,136,131,105,115,124,121,131,127,127,125,127,126,121,128,127,128,128,128,125,124,118,117,124,133,133,131,130,130,137,137,133,133,133,128,134,126,131,139,131,124,131,130,133,127,142,143,124,124,124,136,151,131,124,133,134,124,131,118,124,121,127,122,125,110,119,130,131,131
118,121,131,130,125,128,126,127,124,126,130,124,124,121,118,125,126,136,130,122,115,119,110,119,116,116,113,116,115,125,127,124,124,127,125,130,118,121,122,130,124,125,135,128,125,127,118,125,133,124,121,128,136,134,139,137,141,139,135,140,130,125,113,121,126,119,116,124,124,128,130,118,131,127,121,136,116,125,111,107,117,121,112,127,130,128,140,134,130,131,131,142,118,116,115,118,117,117,116,128,130,128,137,134,137,131,131,131,127,139,113,107,115,119,115,125,131,133,126,130,134,128,128,128,126,122,111,115,128,126,121,130,131,137,140,136,135,128,140,137,128,130,131,121,127,128,126,133,130,133,136,142,136,137,137,128,136,127,131,124,125,128,124,133,133,141,135,131,136,137,144,141,131,131,125,124,126,127,133,140,145,135,137,131,144,128,137,135,122,128,131,126,122,111,126,122,124,121,124,130,119,119,127,121,113,116,117,106,117,115,119,116,126,116,117,115,116,115,122,124,111,121,115,116,117,119,112,110,122,115,111,115,117,110,115,111,108,121,124,112,126,119,107,122,103,126,107,124,121,116,115,121,117,113,124,124
126,127,121,121,131,131,128,131,128,128,121,124,116,122,134,128,110,105,118,128,139,139,141,131,133,128,133,130,127,133,112,115,119,104,110,124,130,131,140,135,124,122,133,136,142,133,124,124,121,124,124,128,127,131,142,128,128,127,124,131,137,131,131,134,125,130,131,124,119,135,143,134,127,127,136,137,134,130,133,135,128,128,139,122,121,125,133,134,126,130,136,140,130,127,131,131,136,131,133,133,131,131,124,137,131,135,136,143,134,137,128,131,135,134,133,131,130,128,128,147,139,127,134,137,130,133,131,135,119,128,124,118,137,137,136,144,135,130,142,133,144,125,128,118,121,126,121,125,131,124,131,137,136,131,133,137,131,122,128,118,121,126,130,125,127,133,137,131,140,148,144,137,127,119,131,119,124,133,128,131,128,131,136,134,137,139,134,134,128,135,124,125,121,133,137,128,125,133,122,125,128,124,117,124,125,137,128,118,116,139,147,134,124,133,128,131,130,131,131,124,121,128,124,117,121,121,128,131,127,128,126,126,130,131,124,121,121,117,122,128,124,117,119,122,139,115,119,117,126,115,122,115,113,113,128,126
137,128,125,121,121,118,116,118,117,116,116,119,131,133,127,133,128,124,125,135,131,136,137,131,124,127,125,128,122,134,140,131,134,122,122,137,125,124,124,124,121,126,131,127,125,135,131,127,115,122,125,143,140,133,128,130,126,131,125,115,124,131,130,115,115,115,117,131,124,118,125,124,133,127,128,118,130,130,148,121,113,112,121,136,133,137,134,131,147,149,137,133,134,124,145,124,115,116,121,141,130,128,128,128,135,125,124,128,130,128,145,118,117,116,119,146,125,124,124,122,128,125,128,130,126,134,136,122,122,117,117,136,127,140,130,134,130,128,128,133,130,134,128,118,126,119,115,141,137,137,136,137,137,136,137,146,121,131,117,119,122,115,111,133,136,136,131,133,133,124,121,121,117,130,121,124,127,122,115,135,131,124,130,135,128,128,140,128,134,131,121,121,137,121,118,130,135,131,133,139,135,136,137,121,127,119,119,141,137,122,115,127,141,128,133,137,133,125,122,124,128,121,124,139,135,130,127,141,134,124,117,112,122,118,117,112,128,133,137,137,127,134,136,140,127,133,124,118,135,136,128,134,137,143,137,139
