131,132,127,129,129,128,127,128,131,126,124,124,123,124,124,128,130,124,124,123,123,127,123,125,129,125,124,126,124,125,126,128,130,125,123,126,124,123,126,128,128,126,123,123,125,126,124,129,132,128,125,124,125,127,126,127,127,128,127,129,128,127,127,127
130,130,127,128,129,130,129,127,131,127,126,126,127,126,126,129,130,127,127,126,126,126,125,126,128,126,126,126,126,126,126,127,129,128,127,127,126,127,126,128,127,128,127,126,127,127,127,129,131,129,127,127,127,127,128,128,128,128,126,128,127,128,128,126
127,127,127,125,125,127,129,127,127,126,123,123,125,123,127,127,125,125,124,124,124,127,124,126,126,124,123,126,123,124,124,126,125,125,124,126,122,122,124,126,126,123,123,123,124,124,125,126,126,124,123,123,124,125,128,127,127,127,126,126,126,126,126,127
128,128,127,126,126,126,126,126,127,129,129,128,130,130,131,127,128,131,130,129,131,127,131,129,127,128,131,127,128,127,127,127,126,129,129,127,128,129,128,125,127,129,129,128,128,128,128,128,127,129,129,129,130,129,131,129,127,129,128,127,126,127,129,127
125,125,126,128,125,124,123,127,125,124,126,128,126,126,124,125,127,125,126,126,125,127,126,128,128,128,126,127,126,128,128,128,128,128,127,128,127,125,129,129,127,127,126,126,126,129,125,126,126,125,128,126,125,125,124,125,127,126,125,126,127,127,126,126
127,127,127,128,127,127,125,127,127,126,127,127,127,127,127,128,130,127,127,127,127,127,126,128,129,127,129,127,128,127,128,128,129,126,127,127,127,126,129,129,127,127,127,126,127,126,125,127,129,125,125,125,126,125,124,124,126,124,125,127,127,128,125,127
109,103,123,112,102,104,102,118,100,100,99,100,102,103,99,101,102,100,101,100,104,124,102,110,112,98,102,121,104,112,110,116,110,97,103,118,105,100,105,112,121,97,99,98,100,103,101,106,107,100,100,99,101,101,110,112,115,112,110,111,114,113,112,125
129,129,128,127,129,130,131,129,130,133,132,131,131,130,132,132,129,134,131,131,130,128,131,128,128,132,130,128,130,129,128,129,129,131,127,127,127,128,128,129,128,130,128,127,128,126,130,131,130,129,126,129,130,130,131,131,129,128,130,133,132,130,131,128
131,130,127,126,128,131,132,127,131,131,127,128,129,128,129,130,128,129,128,129,130,127,130,125,127,128,127,127,126,126,127,127,128,129,129,127,128,129,129,127,127,129,129,127,127,127,131,129,131,132,131,131,131,131,129,129,127,129,127,128,128,129,129,128
125,123,127,125,125,123,123,126,125,123,125,125,125,124,123,126,127,124,125,125,126,127,125,128,127,126,124,127,124,125,126,127,129,126,125,127,123,125,126,127,127,126,125,126,126,126,125,127,129,125,128,128,129,129,126,128,128,126,127,129,128,128,128,128
126,127,127,127,126,126,126,127,127,128,127,128,127,129,128,127,126,128,126,126,127,127,128,126,127,129,126,127,126,126,128,127,127,129,127,127,126,127,127,127,127,128,128,127,127,128,128,126,128,126,129,128,129,128,130,129,126,128,127,127,128,128,130,127
125,127,128,126,128,129,130,127,126,128,129,128,129,130,128,130,125,127,131,130,130,128,128,128,125,127,129,127,127,126,126,126,124,126,129,127,127,130,126,126,127,126,129,126,127,128,126,128,124,129,128,128,127,127,129,127,128,130,130,128,127,127,128,128
122,120,126,122,121,125,124,125,118,125,124,123,127,126,125,121,118,125,126,125,129,127,126,126,122,123,125,127,123,124,126,125,121,123,126,126,123,123,123,124,126,122,127,127,124,123,124,122,121,123,123,125,126,123,122,121,126,122,123,122,123,125,123,127
126,125,127,126,125,123,126,127,123,125,124,123,125,125,126,127,123,124,125,124,126,127,125,125,126,125,126,127,127,126,126,127,125,124,126,127,125,126,125,126,127,123,124,125,125,125,124,123,123,124,126,126,127,127,122,122,126,124,124,125,127,127,123,127
127,126,128,127,125,124,124,128,125,120,121,121,121,120,121,126,127,121,121,122,123,128,121,127,128,121,124,128,124,127,126,129,127,121,123,127,125,123,125,127,128,122,121,123,123,124,122,123,127,125,123,121,121,121,123,128,131,125,126,128,129,131,131,128
125,128,127,125,127,130,129,126,129,131,128,128,131,131,133,128,125,132,131,129,131,127,131,124,125,129,128,126,127,125,126,125,125,129,129,125,125,128,123,125,126,129,129,129,127,125,129,128,127,132,127,129,130,127,131,129,124,131,129,125,125,125,125,127
125,125,126,127,126,126,126,126,125,125,126,126,127,126,124,124,127,125,126,126,126,126,125,124,127,126,126,126,126,126,126,126,126,125,126,126,125,125,125,126,126,125,126,126,126,126,123,124,125,125,126,126,126,126,125,126,126,125,125,126,126,127,126,126
129,129,127,129,131,130,130,128,129,128,127,127,126,126,125,129,129,127,126,126,125,127,126,127,128,126,125,127,127,128,127,129,128,128,125,127,127,127,126,129,127,127,126,125,127,128,125,130,128,129,127,126,127,126,126,129,128,131,129,128,128,128,128,127
125,126,127,126,127,126,125,126,125,125,123,123,123,124,124,125,123,122,125,124,124,127,122,123,125,121,123,126,124,125,124,126,124,122,124,126,124,124,121,124,126,121,123,124,124,124,121,122,121,122,123,123,123,124,122,121,124,122,122,124,125,124,122,127
125,126,127,126,127,126,128,127,129,129,128,127,127,128,129,128,128,128,129,127,128,127,129,126,127,127,128,127,127,126,127,127,126,129,128,127,128,129,128,127,127,129,128,128,128,127,130,125,123,127,128,129,128,128,128,126,124,126,125,124,125,126,127,127
124,126,126,126,126,126,126,125,128,127,125,125,127,126,127,128,127,127,126,126,128,126,126,126,126,129,127,126,127,126,127,126,126,129,129,126,125,127,126,125,126,127,129,128,127,127,127,127,125,127,127,128,127,128,128,126,125,126,127,127,126,125,125,126
127,127,127,126,126,126,128,127,125,126,127,127,127,127,130,127,127,130,128,127,128,126,130,126,127,129,127,127,127,127,128,126,126,129,128,126,127,129,128,126,126,130,128,128,130,130,131,130,126,129,129,128,129,129,130,128,125,129,128,126,126,124,128,126
126,126,127,127,126,127,126,126,125,128,127,126,128,127,128,125,125,129,129,128,129,127,129,127,126,128,129,127,128,127,127,126,125,129,131,127,126,128,127,126,127,127,130,130,130,127,129,128,125,126,127,126,126,125,126,126,128,127,126,124,124,125,127,127
123,126,128,127,126,125,123,126,125,125,127,128,127,127,126,124,124,125,126,129,126,128,126,125,126,127,127,128,129,129,129,127,125,127,128,128,128,129,129,126,127,127,128,129,128,130,126,125,123,122,125,123,123,123,125,125,126,123,123,122,124,125,126,128
125,126,123,128,129,125,125,124,126,123,128,128,126,125,126,125,126,123,122,128,124,122,127,122,124,125,126,123,127,127,127,124,125,127,126,126,131,128,131,125,123,127,124,126,129,130,128,124,123,123,127,124,128,129,124,130,126,125,126,126,127,124,128,122
125,125,126,125,125,126,128,125,126,129,128,127,129,127,128,126,126,129,125,126,127,127,126,126,126,127,126,126,123,124,124,126,126,127,124,125,122,123,125,125,127,126,124,123,123,122,125,126,128,128,124,124,124,123,128,128,127,128,125,127,125,127,127,127
127,128,128,127,128,128,127,128,129,128,128,129,130,131,129,129,128,129,131,131,130,128,131,129,127,130,131,128,131,129,129,129,127,129,130,128,128,130,128,128,128,130,130,130,130,129,130,129,127,128,129,129,128,129,129,129,129,128,128,127,127,128,129,128
125,126,127,126,124,124,124,126,127,125,126,127,126,127,126,124,127,127,127,129,126,127,126,127,126,128,127,127,128,129,126,126,125,126,126,127,128,128,127,126,127,127,128,129,127,130,126,123,123,123,127,126,125,126,123,123,124,125,125,124,125,125,121,128
127,127,127,128,129,129,129,127,129,133,133,132,133,135,136,128,126,135,133,133,133,127,135,125,126,134,133,127,130,127,127,128,126,132,131,127,130,132,130,126,127,133,132,128,127,127,131,127,126,131,130,134,131,128,129,129,125,129,127,125,124,124,126,127
126,127,126,129,128,129,128,127,129,132,129,130,130,130,129,130,129,134,128,130,129,126,128,127,128,133,130,127,129,128,128,129,125,132,129,128,130,130,129,128,126,131,130,129,128,128,130,125,123,130,130,130,129,130,129,128,128,128,128,129,130,130,129,126
129,131,127,130,133,133,131,128,128,128,131,131,129,131,131,131,128,130,131,130,130,127,130,130,128,130,130,127,132,130,129,128,129,129,130,128,132,132,131,128,127,129,132,130,132,131,131,128,126,127,131,131,132,130,128,126,128,128,129,126,126,125,127,127
128,128,127,128,128,128,128,128,127,128,128,129,127,127,128,128,129,128,127,127,126,127,128,129,129,130,128,127,128,129,130,129,128,129,127,128,127,127,130,129,128,130,126,127,128,129,129,128,128,126,127,127,128,129,127,128,127,125,127,128,128,128,127,127
129,127,127,127,126,127,126,126,125,125,125,125,125,123,122,123,125,123,124,127,126,127,124,124,126,124,126,127,126,126,126,127,126,124,126,127,127,126,125,126,127,124,124,124,124,126,124,129,130,128,124,124,126,125,125,127,131,129,128,130,128,129,129,127
121,121,127,127,124,121,122,126,118,121,124,125,122,125,121,124,123,123,126,129,127,127,125,126,126,124,128,128,129,130,128,128,126,123,127,129,132,130,128,128,127,123,127,130,130,133,125,126,125,125,126,125,126,128,126,126,127,125,124,126,128,126,125,126
126,127,126,125,127,127,128,126,125,128,127,127,128,127,127,125,126,127,127,127,127,126,128,123,126,126,128,126,127,126,126,125,126,126,128,126,127,128,126,124,126,127,128,127,127,127,127,125,128,128,128,128,127,127,126,125,125,126,128,127,126,126,126,126
128,127,127,127,130,130,131,126,128,125,125,126,128,129,129,127,129,128,129,128,129,127,130,127,128,127,129,127,129,127,126,127,127,131,130,127,129,130,126,127,127,130,130,130,130,130,131,131,129,132,130,131,132,133,132,130,129,128,130,131,129,129,128,127
125,127,126,127,129,130,130,126,126,129,131,128,130,130,130,128,127,130,130,128,129,126,129,128,127,129,129,127,127,127,127,127,126,129,128,126,126,129,126,127,127,130,129,128,127,126,129,130,129,130,127,128,127,130,131,130,129,128,130,128,127,127,128,126
125,126,129,129,129,129,131,129,127,129,130,130,130,129,130,128,128,130,126,126,128,129,130,130,128,129,127,129,127,128,129,129,128,129,127,128,126,126,129,129,128,126,126,127,127,127,128,125,123,122,127,128,126,126,123,121,123,119,121,122,124,125,123,129
129,128,127,127,127,129,130,128,129,128,129,130,128,129,129,129,131,129,130,131,128,127,128,127,129,128,130,127,128,127,128,127,130,130,130,127,129,130,128,129,127,130,131,130,129,128,127,128,129,129,129,128,126,127,127,128,130,130,128,127,127,126,128,127
126,126,128,128,128,129,130,128,128,128,128,128,129,129,126,128,127,127,128,128,130,128,128,129,129,126,129,128,130,129,129,129,129,127,129,128,130,129,128,129,128,126,129,130,129,130,127,126,125,124,127,126,125,125,125,126,127,125,125,126,127,128,125,127
124,123,126,124,124,123,122,125,122,126,128,128,127,128,124,123,125,129,130,130,130,127,127,129,125,129,130,126,128,128,126,126,126,128,132,128,130,130,125,127,126,127,130,130,129,128,126,127,126,127,129,130,129,127,124,123,126,124,125,124,124,124,123,126
124,127,128,127,129,129,126,125,124,126,126,127,127,127,127,123,125,126,127,127,127,128,128,125,126,126,127,127,126,126,126,126,126,126,128,127,127,127,126,126,127,126,127,127,127,127,128,128,127,127,128,129,129,128,126,126,127,126,125,126,126,127,126,128
127,128,128,128,129,130,130,129,128,126,128,129,128,129,128,129,128,126,129,130,129,128,128,126,128,126,129,128,129,129,130,129,128,126,129,129,130,129,129,129,128,127,128,129,130,128,128,126,126,127,128,128,129,128,128,128,128,127,127,128,129,129,127,127
129,126,127,126,124,125,127,126,127,126,129,129,127,130,129,124,127,128,130,130,129,127,130,129,128,127,130,128,130,129,130,127,128,126,129,128,131,131,130,127,127,127,129,130,129,129,128,125,128,126,128,129,128,126,125,125,125,126,123,124,125,126,124,127
126,126,127,126,127,127,128,128,127,126,129,129,128,128,128,129,126,127,128,130,128,127,128,125,126,129,128,127,129,127,128,127,127,129,128,127,128,128,128,126,127,129,128,127,129,128,128,128,126,127,127,129,129,129,129,128,126,128,128,127,127,126,127,127
127,127,128,128,128,128,127,127,125,126,126,127,126,125,126,126,124,126,125,127,126,128,126,126,127,126,126,128,126,126,126,127,126,126,125,127,128,126,126,127,128,125,126,127,128,125,128,124,124,126,128,128,129,129,128,125,126,128,126,126,127,126,127,128
128,129,128,129,129,130,128,126,128,128,129,129,129,126,126,127,128,127,126,127,125,127,126,127,127,128,126,127,127,127,127,127,127,128,126,127,126,125,127,126,128,127,125,126,125,125,126,126,128,127,126,126,124,124,127,129,129,128,128,128,127,128,131,127
129,127,128,127,125,124,123,127,126,120,122,123,121,121,122,126,128,122,119,120,119,127,120,127,128,125,121,127,121,126,126,128,128,123,120,127,123,120,126,127,128,124,118,120,121,122,121,126,128,126,122,121,122,124,124,125,127,126,126,128,128,127,125,127
131,132,128,129,135,137,138,128,135,133,133,131,137,135,136,134,132,132,132,131,133,127,137,128,128,132,130,127,130,126,129,127,129,136,135,127,131,136,132,129,127,135,135,133,134,132,136,135,131,134,134,136,137,138,137,136,130,133,137,135,132,132,134,128
127,127,127,127,126,126,127,127,127,130,131,133,131,132,131,127,127,129,129,131,130,127,130,128,127,130,130,128,130,130,129,127,128,129,129,128,129,129,130,128,128,129,129,130,128,131,129,127,125,128,129,128,127,127,128,126,127,130,127,125,126,126,126,127
131,130,127,127,126,124,125,127,131,125,123,125,122,123,122,126,133,123,122,124,122,127,123,124,129,125,123,127,124,126,123,127,130,125,122,126,124,123,126,128,127,126,124,123,122,125,124,130,132,127,124,125,125,125,126,128,128,127,127,130,128,129,129,128
128,126,128,126,126,127,126,127,128,126,126,126,125,126,126,126,127,126,126,125,127,128,126,125,126,127,126,127,126,127,126,127,126,126,127,127,127,126,126,128,127,125,127,125,126,126,125,129,127,125,125,127,127,126,124,124,126,125,126,125,126,126,124,128
127,127,127,126,127,128,128,128,127,131,130,129,129,130,129,128,127,129,129,128,129,128,129,128,127,129,129,127,130,128,129,127,128,130,130,127,128,129,128,129,128,130,129,130,130,130,130,131,131,132,129,128,129,130,131,131,126,132,131,130,130,129,130,128
127,127,127,128,127,127,129,126,127,130,127,127,129,129,130,128,125,131,130,129,131,127,131,131,126,130,130,127,130,127,127,127,127,131,131,127,128,130,128,128,127,132,131,130,130,129,131,128,127,131,130,130,129,130,129,127,127,131,128,125,125,124,124,128
126,126,126,126,126,124,124,127,123,124,125,123,124,123,123,122,124,124,124,125,124,126,122,123,126,124,125,126,126,125,124,125,126,124,127,125,124,125,125,125,126,125,127,127,126,125,125,124,127,124,126,125,125,124,125,125,127,124,125,126,127,128,127,127
127,125,127,127,126,127,127,127,125,125,126,126,128,128,127,125,126,126,128,128,128,127,128,128,127,126,128,127,127,127,127,127,126,125,127,127,129,128,126,127,127,125,128,128,129,129,127,128,128,125,127,128,128,127,124,125,128,124,124,127,127,128,125,127
125,125,127,126,125,125,124,125,125,126,125,125,125,126,124,122,124,126,126,126,126,127,126,123,125,125,126,127,126,125,124,125,124,127,126,126,124,125,124,124,127,126,126,126,125,124,125,125,126,126,125,125,124,124,125,126,127,125,125,126,125,126,127,127
129,128,127,128,127,129,130,127,129,126,128,128,130,131,129,126,129,128,128,129,130,127,128,126,128,127,129,127,129,129,129,126,128,127,128,128,129,128,128,126,127,128,128,128,129,129,126,127,130,128,129,130,130,129,127,127,128,126,128,128,128,128,127,127
129,131,128,128,127,125,127,128,130,126,125,125,124,124,126,127,131,125,125,124,126,128,125,129,129,126,124,127,123,125,126,128,128,126,126,126,124,125,126,128,128,128,125,125,124,122,127,128,127,130,128,127,126,125,130,128,125,128,130,126,126,125,127,128
130,128,127,127,127,125,127,128,131,128,128,128,128,128,129,130,129,128,127,128,128,127,129,125,128,128,128,127,129,129,127,127,129,129,127,127,128,128,129,128,127,129,128,128,128,129,129,130,128,131,129,128,127,128,129,132,129,130,129,129,129,129,130,127
120,123,127,122,118,120,122,123,122,124,120,120,120,120,121,119,120,123,123,119,122,127,123,121,121,119,122,125,120,121,121,123,119,120,121,124,119,121,120,118,125,117,121,119,118,119,120,114,120,119,118,121,118,116,114,115,119,119,113,115,115,117,118,127
127,130,127,129,131,129,127,128,127,128,129,128,128,128,128,128,129,128,128,128,127,127,128,126,128,129,129,128,129,128,127,128,128,129,129,128,129,129,129,127,128,129,129,130,128,127,129,126,128,127,130,131,131,131,129,127,127,128,130,128,129,127,127,127
127,129,127,129,131,129,130,128,131,129,128,127,128,128,129,130,130,128,129,128,128,128,127,127,128,128,127,127,128,127,127,127,128,128,129,128,128,128,127,128,128,128,128,128,128,128,127,127,126,127,129,129,130,131,129,128,128,128,129,131,131,129,127,128
126,127,127,126,127,128,129,127,127,131,131,131,131,131,131,127,127,131,131,131,131,127,133,128,127,131,131,127,130,129,128,127,127,131,132,127,130,131,130,127,127,130,131,131,131,129,131,129,129,132,130,131,132,129,130,130,127,130,129,128,127,127,128,127
128,127,127,128,128,128,126,127,129,127,129,128,129,128,128,125,130,128,128,128,129,127,131,128,129,128,129,127,129,128,130,128,129,130,129,128,130,128,130,130,128,130,129,129,130,129,128,129,129,129,129,128,128,130,126,126,127,125,128,128,128,128,127,127
129,128,127,128,129,127,128,129,130,125,125,126,125,125,124,128,131,124,124,124,124,127,125,125,129,124,124,127,125,125,126,128,129,125,125,127,125,126,125,128,128,126,125,125,126,126,126,128,131,129,127,127,128,127,130,132,130,130,130,130,128,128,131,127
130,129,127,128,129,131,131,128,131,128,129,129,128,129,130,130,129,127,128,128,127,127,128,127,129,128,128,128,128,127,128,128,130,129,129,128,129,130,129,128,128,129,129,130,129,129,131,132,131,131,131,131,130,130,132,133,129,132,131,131,130,131,132,127
135,132,127,129,129,128,128,129,133,124,124,126,123,125,125,130,134,125,124,125,126,127,127,129,131,127,125,128,126,127,126,129,132,125,124,127,127,124,126,129,128,127,123,124,127,125,125,128,132,129,128,128,128,127,127,128,129,127,126,128,129,129,128,127
123,118,128,122,121,124,121,127,118,123,122,124,125,125,123,119,118,121,123,123,125,128,126,125,123,118,121,127,121,123,121,127,123,119,121,125,121,121,120,122,128,118,120,117,117,118,122,120,122,120,114,119,117,117,120,119,126,122,119,120,123,122,121,129
126,129,127,130,131,131,128,126,130,133,131,131,132,130,130,126,127,130,130,130,130,127,129,127,128,130,130,127,131,129,128,128,128,131,131,128,130,131,129,129,127,130,132,132,129,129,128,129,129,128,129,130,130,129,127,128,130,128,130,129,129,128,126,126
128,131,128,131,134,132,131,128,130,127,129,128,129,128,127,131,129,128,129,128,128,128,129,132,129,131,129,128,129,129,128,128,129,129,127,128,128,126,127,129,128,130,126,130,128,127,124,128,128,128,128,128,128,128,128,128,128,128,131,129,129,127,129,127
126,128,127,128,129,130,132,127,125,127,129,129,130,130,130,128,126,127,129,130,129,127,129,128,127,127,129,127,128,128,128,128,127,126,127,128,127,127,127,128,127,126,128,127,128,128,126,126,125,125,127,127,127,126,124,123,125,125,125,126,127,127,124,127
128,129,127,126,127,126,127,127,128,129,130,129,130,129,128,128,128,130,131,131,130,127,129,128,127,130,131,127,130,128,129,127,127,129,130,127,129,130,130,128,127,128,130,130,130,129,129,130,127,127,130,129,129,130,130,129,128,128,130,130,128,128,128,127
127,128,128,130,130,128,128,128,128,129,129,128,128,126,129,131,129,128,127,127,126,128,127,129,129,129,127,128,128,128,128,129,129,129,127,128,127,126,130,131,128,129,126,126,128,129,129,129,128,129,129,129,128,131,131,128,128,126,131,130,129,127,126,128
128,129,128,128,124,124,126,129,125,124,123,125,123,123,122,124,123,121,124,123,124,128,122,124,127,121,126,128,127,128,127,128,127,122,125,128,127,126,129,128,128,123,125,125,127,128,125,124,127,122,124,123,124,124,125,128,129,125,125,126,128,129,126,128
127,126,128,127,125,125,126,128,124,129,130,131,131,130,128,125,123,128,129,130,130,128,128,127,126,127,130,128,130,129,129,127,126,126,129,128,129,129,129,126,127,126,128,127,128,129,127,123,125,126,129,127,127,126,126,126,128,128,127,127,127,128,127,128
129,128,127,127,128,131,129,127,128,128,131,129,129,129,129,128,129,130,127,128,127,127,127,128,127,129,127,127,127,127,129,127,128,130,128,127,127,127,128,127,127,130,128,127,126,127,127,127,128,129,128,128,127,127,126,127,126,130,127,126,126,126,124,126
131,129,128,127,124,127,129,129,130,128,124,122,123,123,125,129,130,125,126,122,123,128,123,130,128,122,125,127,124,127,126,127,129,124,126,127,126,126,125,128,128,124,124,125,124,126,124,127,129,129,128,126,126,127,127,126,127,129,127,125,126,125,125,128
125,126,127,128,126,127,129,126,128,133,132,130,133,132,134,128,125,135,133,132,134,127,133,129,127,133,134,127,133,130,130,127,125,133,133,128,132,133,131,128,127,132,135,133,133,132,133,126,123,130,131,132,131,131,131,128,124,131,125,123,126,124,126,127
128,127,128,128,127,127,127,127,127,126,126,127,125,125,124,126,127,123,124,126,123,128,122,125,127,125,124,127,125,127,125,126,126,122,122,127,125,124,125,126,127,123,123,124,124,125,122,123,124,123,125,124,123,124,119,123,127,126,123,125,126,125,124,128
127,128,127,128,129,129,128,128,126,132,130,131,131,131,130,127,123,129,131,131,131,127,130,127,126,127,131,128,129,128,127,127,125,126,130,128,129,129,126,128,127,127,129,130,129,128,128,129,127,128,128,129,128,129,129,129,130,126,130,130,130,131,128,127
123,122,127,123,124,124,122,126,123,124,126,126,127,126,127,124,125,127,128,127,127,127,129,126,125,127,128,127,127,127,127,126,126,125,126,126,126,127,128,126,127,125,127,127,129,128,128,127,127,124,127,127,128,129,128,128,126,125,128,129,128,127,126,127
124,125,126,127,127,128,124,124,124,124,126,125,125,124,125,124,125,126,122,122,123,127,126,131,126,128,122,127,122,126,126,126,126,125,121,126,124,122,125,126,126,125,122,125,124,124,126,126,123,123,122,124,124,123,125,126,125,126,124,124,124,124,125,126
133,132,127,129,130,130,129,130,130,128,130,128,127,128,129,132,130,128,123,122,122,127,124,131,130,129,124,127,124,127,127,130,129,128,121,127,123,120,126,129,128,129,122,122,121,123,125,131,132,129,125,124,124,124,129,132,130,128,130,130,128,129,132,126
129,127,127,127,126,127,127,127,128,125,124,125,126,127,126,126,130,126,126,125,127,127,125,126,128,125,125,127,127,127,128,127,129,127,128,127,127,127,125,127,127,128,127,127,127,127,125,127,128,128,125,126,126,127,126,126,125,127,125,125,125,125,125,127
130,129,127,129,127,125,124,128,126,124,125,125,122,123,121,126,128,122,124,123,123,126,121,129,129,123,124,127,126,128,126,128,129,122,123,128,126,122,125,127,127,123,124,123,124,125,122,124,125,122,125,123,123,121,122,124,130,123,125,128,129,128,128,126
127,130,128,128,131,132,130,127,129,133,132,132,130,130,130,128,127,131,130,130,128,128,129,125,127,130,129,127,126,126,125,126,127,129,127,127,127,127,126,126,127,128,126,126,126,126,130,127,128,128,127,127,127,128,130,129,128,129,133,130,128,126,127,128
130,131,127,131,130,128,129,128,129,121,124,122,121,122,125,129,129,122,120,120,116,126,124,126,129,125,122,126,121,125,128,128,128,123,122,126,123,119,126,128,127,124,122,123,124,123,123,126,127,123,125,123,123,124,124,124,128,122,127,130,130,131,127,126
128,128,129,129,128,127,127,129,128,126,127,126,126,126,127,129,130,127,125,124,124,129,127,128,130,128,126,129,125,128,129,130,130,128,126,129,127,126,130,130,129,129,126,126,128,128,127,129,128,127,128,126,126,127,126,126,129,124,127,128,129,129,128,129
128,128,128,128,126,125,127,128,128,127,127,127,126,125,127,128,127,126,127,128,127,128,126,128,128,126,128,128,128,129,128,128,128,127,128,129,128,128,128,128,128,127,128,127,127,128,127,127,128,129,128,126,126,126,127,128,129,129,128,127,127,128,128,128
127,130,127,129,130,129,131,128,129,128,128,128,128,129,131,130,130,129,128,128,128,127,130,130,128,130,127,127,129,129,130,128,129,129,127,127,128,127,130,128,127,129,126,128,128,128,129,127,129,127,128,128,130,129,129,128,127,128,127,127,127,126,128,127
126,125,127,127,126,126,126,127,126,126,128,128,126,128,126,126,127,125,127,129,127,128,128,128,128,126,128,128,128,129,129,128,129,126,129,129,130,129,129,129,128,128,129,129,128,129,127,128,129,126,127,127,125,125,121,125,128,124,123,125,127,126,125,128
125,125,127,125,122,122,123,125,125,124,125,124,126,125,126,123,124,126,127,125,126,127,127,123,126,125,127,127,126,127,127,125,125,125,127,127,127,127,126,123,127,126,126,126,127,129,126,125,128,127,126,126,125,127,128,128,126,129,128,127,126,127,126,127
135,136,134,142,133,127,130,141,128,126,140,141,134,133,130,137,141,127,128,137,128,134,130,150,145,138,137,138,144,151,148,145,145,133,135,142,145,135,149,148,139,137,131,138,140,147,129,133,138,133,143,134,134,135,136,141,146,136,141,141,146,146,145,132
128,130,129,130,130,131,130,128,128,130,129,128,129,130,129,126,127,128,128,128,128,128,128,130,129,129,128,129,129,129,129,128,128,128,125,128,126,126,128,128,129,126,125,126,126,126,126,127,126,122,123,124,125,125,124,125,128,121,124,126,129,128,125,128
127,125,127,127,126,126,125,126,125,125,127,126,127,126,126,126,126,126,126,127,126,127,124,127,126,125,127,127,127,127,126,127,127,125,127,127,127,125,126,127,127,125,127,127,126,127,125,127,126,124,125,125,126,125,124,123,127,124,123,125,126,126,124,126
127,126,127,126,127,126,126,126,128,128,128,129,130,130,126,126,128,129,130,129,130,127,128,125,127,129,128,126,129,126,127,126,127,131,129,126,128,129,129,126,126,130,129,130,130,128,130,128,128,129,128,129,129,128,129,130,125,130,128,127,127,128,129,127
125,128,127,126,129,129,128,126,129,129,127,127,132,130,131,127,128,130,131,128,130,127,131,124,127,129,130,127,129,126,128,127,128,130,132,126,126,131,127,126,127,131,132,130,131,127,133,131,133,135,130,133,132,132,133,129,127,130,130,130,127,127,127,127
130,129,127,128,128,127,126,128,128,127,128,126,127,126,127,127,128,126,125,124,124,127,127,126,128,127,125,127,125,126,127,127,128,128,125,127,127,125,127,127,127,129,125,125,126,127,127,129,131,129,127,128,128,128,127,128,129,128,129,129,128,128,128,128
128,128,127,129,130,128,127,127,130,126,128,126,124,126,126,129,133,126,125,124,124,127,126,132,130,127,126,128,126,128,129,129,130,126,126,128,127,126,128,129,128,128,127,127,128,128,127,127,129,128,127,125,126,127,126,124,126,123,126,128,129,128,126,127
126,126,127,128,128,130,129,129,126,129,127,127,128,128,130,130,123,127,126,127,128,127,128,127,126,127,127,128,129,129,128,128,126,127,127,128,128,128,127,129,127,126,128,128,129,128,129,130,127,127,126,127,128,127,129,128,126,133,130,127,127,126,126,127
131,133,128,130,131,131,132,128,135,131,126,127,128,128,129,132,131,128,126,127,129,128,129,128,129,126,129,127,129,128,127,127,131,129,130,128,129,130,129,130,128,129,131,130,129,130,131,131,131,131,129,129,128,129,129,131,129,129,131,132,132,132,129,128
129,130,127,128,130,131,130,126,128,130,128,128,128,129,129,128,127,128,127,127,128,127,129,126,126,128,127,127,126,125,126,126,127,129,128,126,125,127,126,126,127,129,129,129,128,126,129,127,128,128,126,127,127,127,127,128,126,128,127,127,126,126,128,127
129,131,128,130,131,132,129,127,132,130,129,127,127,128,128,129,131,130,128,127,126,128,128,128,128,129,128,128,126,127,128,128,129,128,128,127,126,126,128,127,128,129,128,127,127,127,128,128,129,130,128,129,127,128,127,126,128,128,130,129,129,127,128,128
128,128,128,128,128,128,129,128,128,128,127,127,129,127,128,126,128,128,127,127,128,128,127,126,128,128,126,128,127,127,127,128,129,128,126,127,126,127,127,127,128,127,126,127,127,127,126,126,129,128,127,127,128,128,128,128,129,128,129,131,129,129,130,128
128,127,127,127,125,124,125,128,126,123,123,125,125,123,122,126,126,124,125,126,127,127,124,124,128,126,126,127,128,128,126,127,127,126,127,127,128,127,126,126,127,126,127,127,128,129,126,131,131,127,128,128,127,128,129,131,131,129,130,132,130,131,131,128
126,125,127,127,125,126,128,127,127,122,124,123,123,125,126,127,129,123,125,127,126,127,126,123,130,126,126,127,125,127,128,128,130,125,125,127,126,125,127,129,128,125,126,126,126,126,125,131,130,127,126,125,125,125,123,123,128,125,125,127,127,128,125,127
127,126,127,127,124,123,126,129,127,128,126,125,125,125,127,128,128,128,128,126,127,127,127,130,129,128,128,128,127,128,130,129,129,129,128,129,127,127,128,129,128,129,128,128,127,128,129,130,129,128,127,126,127,126,128,129,131,128,128,129,128,129,128,127
124,123,127,126,126,126,126,127,124,127,127,127,126,127,130,126,124,128,128,126,126,127,128,128,126,126,126,127,125,126,127,127,127,125,125,126,125,125,127,129,127,126,125,125,124,125,126,126,126,124,125,125,125,122,123,126,127,124,125,127,129,130,127,127
64,38,110,55,44,51,35,61,36,28,21,14,13,14,13,45,30,26,34,28,33,114,19,61,42,10,17,81,23,40,30,53,38,12,28,50,29,26,30,39,69,7,26,8,10,20,34,35,48,23,12,20,27,28,30,42,56,46,37,48,55,60,43,126
125,126,128,128,128,129,129,127,127,129,128,127,127,126,127,128,127,129,128,127,127,128,127,126,127,127,128,127,126,126,125,127,127,129,127,127,127,127,127,128,127,128,126,125,126,127,128,129,126,127,127,127,127,127,126,127,129,125,126,127,126,127,125,128
131,129,128,128,126,128,129,128,128,126,128,129,129,128,128,126,128,126,128,131,128,128,129,130,128,126,130,128,131,129,129,128,128,124,128,129,130,129,129,129,128,124,128,128,128,128,125,130,129,124,126,127,128,127,124,126,130,123,124,127,128,128,127,128
129,129,127,129,128,128,127,127,129,126,126,126,125,125,126,129,128,126,126,127,125,127,125,126,128,127,126,127,126,128,128,128,127,127,126,127,127,125,128,128,127,128,126,128,127,127,125,126,127,126,127,126,126,127,125,125,128,124,127,128,128,128,127,126
126,125,127,126,125,125,124,126,127,124,124,123,124,124,125,127,127,125,124,124,122,127,126,127,126,126,125,126,125,126,124,127,126,125,124,126,126,124,125,126,127,126,124,124,124,125,124,124,126,126,126,125,125,124,125,126,126,127,126,127,126,126,127,127
128,128,127,126,127,128,131,128,128,127,127,127,127,127,128,127,127,127,127,128,127,127,127,126,127,127,127,127,126,127,127,127,128,127,126,127,127,128,127,127,127,127,126,127,128,128,129,130,131,128,129,128,128,130,129,128,128,129,128,128,127,126,127,127
129,129,127,128,125,124,125,128,130,127,126,127,123,123,124,131,127,124,121,124,122,127,122,130,128,125,123,127,124,127,126,129,127,124,123,127,125,123,126,129,127,125,122,124,122,125,123,126,127,127,125,122,123,125,127,126,127,128,125,125,127,126,128,126
128,128,127,128,127,128,127,128,127,129,129,126,128,127,127,127,127,129,130,128,129,127,128,126,127,127,127,127,128,128,127,127,126,127,128,127,128,128,126,127,127,128,128,129,128,127,126,126,126,126,125,126,127,125,124,123,124,125,124,123,126,125,123,127
127,128,127,127,128,130,131,128,128,129,128,126,128,128,130,131,125,128,129,128,128,127,126,126,125,125,126,127,127,126,128,126,124,125,128,126,127,127,125,124,126,124,127,127,127,126,126,123,122,122,125,126,126,126,124,124,123,123,125,126,126,125,123,127
129,127,127,129,129,128,129,129,127,129,128,129,129,130,130,130,127,129,129,129,129,128,129,129,128,130,129,128,130,130,129,129,129,131,130,128,129,130,129,130,128,131,130,130,130,129,130,129,128,129,129,129,129,129,129,129,129,129,126,127,129,128,129,127
122,122,127,125,126,127,123,126,124,127,125,125,125,124,124,123,124,127,128,128,126,127,125,119,124,124,127,127,126,125,123,126,123,127,128,126,123,126,124,123,127,128,130,128,125,126,125,123,122,125,125,126,126,125,125,123,125,123,125,125,126,127,126,128
127,127,128,128,128,127,126,127,126,125,128,127,126,126,126,126,128,125,127,128,124,128,127,128,128,127,128,128,129,130,130,128,128,126,127,128,129,127,129,127,128,127,127,126,126,128,125,127,127,125,127,126,125,125,124,127,130,126,127,128,129,128,126,127
128,129,128,130,132,131,125,126,130,129,128,127,127,126,127,130,128,132,130,128,129,128,128,127,127,130,127,127,127,126,127,129,125,134,132,128,128,130,128,129,127,132,132,130,129,128,132,131,125,131,130,129,131,129,129,129,127,129,129,129,128,127,128,127
130,129,128,129,129,130,128,128,126,124,125,126,122,124,125,129,128,125,125,126,125,128,124,131,128,123,125,128,128,131,130,128,128,124,126,128,129,127,128,127,128,124,127,127,129,129,128,128,128,126,125,125,126,126,127,129,131,127,128,130,130,130,130,128
125,124,126,121,121,122,120,124,123,128,126,126,127,128,127,120,118,126,126,125,127,127,127,125,121,125,123,126,123,123,121,122,120,122,121,124,122,121,121,121,125,122,121,121,120,120,123,124,121,122,121,121,121,121,124,124,127,124,122,122,123,125,128,127
127,131,128,131,132,132,130,128,129,126,126,126,125,125,126,128,131,125,125,125,125,127,127,127,130,126,125,127,126,126,128,128,130,127,126,127,126,126,127,129,128,127,126,125,126,126,126,129,127,124,124,123,125,126,125,124,127,126,125,125,126,125,123,127
126,125,127,128,127,127,127,126,125,126,127,127,126,127,126,124,125,126,127,127,125,128,125,127,127,125,126,128,127,127,126,127,127,126,126,127,126,126,126,127,127,126,127,128,127,127,125,126,125,124,127,127,127,127,124,126,128,125,126,128,127,127,126,128
125,126,126,126,126,125,126,126,126,127,126,126,125,124,124,125,126,125,124,125,123,126,124,125,126,125,124,126,124,124,125,125,126,125,124,126,125,124,125,125,126,126,124,125,125,124,125,125,126,126,126,126,126,126,127,126,127,126,128,128,126,126,127,126
128,126,126,125,127,129,130,127,129,131,130,130,130,130,131,128,127,132,130,130,130,126,132,125,126,132,130,126,128,125,126,126,126,130,129,126,127,130,127,125,126,130,130,128,130,128,131,129,127,131,129,130,130,130,130,129,126,130,128,126,125,126,128,127
129,132,127,129,130,131,130,129,132,126,127,126,126,126,127,131,132,127,127,126,125,127,128,127,129,128,126,127,126,127,127,129,129,127,125,127,126,126,127,127,128,127,125,126,126,127,126,129,131,129,128,127,128,128,129,132,129,131,131,130,130,128,131,127
129,129,127,127,129,131,130,128,129,132,129,128,129,130,131,130,128,131,132,129,130,127,131,130,126,128,129,127,128,127,127,126,126,130,129,126,126,129,125,126,127,129,130,129,129,126,130,128,127,131,126,128,127,126,132,130,126,130,128,126,125,126,129,128
123,122,129,124,126,131,129,123,124,134,130,131,134,132,131,123,121,136,135,135,138,129,134,128,121,130,132,128,129,126,125,124,120,132,134,127,130,135,126,122,126,127,134,134,133,129,135,125,120,126,128,134,133,133,129,126,124,125,126,127,127,127,123,130
128,128,128,128,129,130,130,128,130,129,129,129,129,129,129,127,130,131,128,128,127,128,128,130,128,131,128,128,129,128,128,128,129,131,129,128,127,128,127,129,129,132,129,127,126,128,129,131,129,131,130,128,128,129,130,129,127,130,131,130,129,128,129,129
124,126,126,126,129,130,130,125,123,130,132,131,132,133,133,127,125,131,131,131,132,126,133,126,125,131,130,126,129,126,125,125,125,129,129,126,127,129,127,125,126,128,130,129,129,129,130,126,126,127,129,131,129,129,127,126,126,127,129,127,126,125,125,126
126,124,127,125,123,123,126,128,121,121,124,125,123,121,122,125,121,122,123,125,124,127,123,124,125,122,126,127,127,127,127,127,125,121,125,128,128,125,127,127,127,121,123,126,126,126,123,125,126,123,125,123,123,123,124,128,128,125,124,126,128,129,129,127
128,127,128,126,128,128,128,127,129,132,131,131,134,134,134,129,126,131,132,130,132,128,132,126,126,130,131,127,131,127,127,126,126,132,132,127,129,132,128,125,127,131,133,132,130,130,132,126,127,129,130,132,131,128,129,126,126,128,127,126,126,125,127,128
131,130,128,127,127,128,130,129,134,131,128,128,128,128,127,131,133,130,127,128,128,128,128,128,130,130,128,128,125,127,125,128,130,129,126,127,127,126,127,128,128,130,126,126,127,125,127,131,131,130,127,129,128,130,127,129,129,130,129,131,130,130,128,128
125,129,127,126,129,131,130,126,129,132,130,130,132,133,130,130,125,129,130,129,130,127,130,126,125,128,128,126,127,125,123,125,125,128,127,125,127,128,123,126,126,126,128,128,128,125,127,126,126,128,127,128,129,127,126,124,123,129,128,125,124,125,127,127
126,126,127,128,127,125,124,126,124,124,127,127,126,127,126,126,126,124,124,126,126,127,124,129,127,127,126,127,127,127,127,127,127,125,124,127,127,124,127,127,127,125,124,124,124,125,124,126,125,125,123,123,123,123,124,124,126,124,123,123,124,124,124,127
130,130,128,127,129,128,129,128,130,125,123,123,124,124,125,128,130,125,125,125,127,127,126,125,128,125,125,127,125,125,126,127,130,128,127,127,126,127,127,127,128,128,127,127,127,127,127,130,131,128,126,127,127,127,126,128,128,128,126,127,127,127,129,128
126,125,126,126,126,125,126,127,125,127,128,128,128,127,126,126,123,127,128,128,128,126,128,124,125,128,128,126,128,128,127,126,125,126,127,127,128,128,128,126,126,126,128,128,128,128,128,126,124,124,127,127,126,127,125,124,125,122,123,124,125,125,122,126
126,126,127,128,128,129,133,127,128,128,130,129,132,129,132,130,126,132,133,130,133,127,132,126,127,131,131,127,133,130,131,127,127,129,133,128,131,132,130,128,127,128,132,133,133,131,135,130,129,130,134,136,135,134,128,129,133,126,130,130,131,131,127,127
128,129,127,126,129,131,132,127,128,132,134,133,132,131,130,127,127,132,132,132,131,127,132,128,126,130,130,127,130,127,128,126,126,130,132,127,131,132,131,126,126,130,130,129,131,129,132,130,128,130,128,130,131,129,129,130,127,125,128,126,124,126,128,127
124,124,127,126,126,127,127,125,126,129,128,128,128,128,128,126,125,130,127,128,126,127,129,129,125,130,128,126,127,127,127,126,125,129,127,126,125,125,127,126,126,129,127,127,126,126,128,125,124,125,125,126,125,125,123,123,125,125,124,123,124,125,124,127
127,128,127,127,128,129,128,127,128,128,128,129,128,128,128,128,127,129,129,130,130,127,131,130,126,129,128,127,128,126,126,127,126,129,128,127,128,130,126,127,127,129,129,129,128,126,130,129,127,130,128,129,129,129,130,126,125,128,128,127,125,124,125,127
127,126,127,127,126,125,127,127,126,126,127,127,126,126,124,126,127,127,125,127,125,127,125,127,128,128,127,127,127,128,128,128,127,126,124,128,126,124,126,128,127,125,125,127,124,127,121,124,130,125,125,122,120,120,124,125,128,125,123,124,125,126,125,127
125,126,127,127,122,120,123,128,121,118,124,124,120,119,120,124,125,118,117,121,116,127,118,125,127,121,120,127,121,128,127,128,126,120,119,127,128,121,128,129,128,120,118,120,121,124,119,124,124,120,124,120,122,120,119,124,126,122,121,122,126,129,126,126
126,127,127,129,129,129,130,129,125,128,128,128,128,127,129,127,125,126,128,128,128,127,127,129,127,126,130,128,129,129,129,129,128,126,129,128,130,130,129,129,128,127,127,128,129,130,126,127,127,126,126,125,126,129,124,125,127,124,126,126,129,126,124,127
125,127,127,128,128,128,128,126,128,126,127,128,129,128,127,126,128,128,128,129,129,127,130,129,128,130,130,127,131,130,130,128,128,128,128,128,131,130,130,128,128,128,127,128,130,129,129,126,127,126,128,128,129,130,130,128,126,126,126,128,128,127,127,127
127,130,127,128,130,130,127,126,130,130,129,129,129,129,127,126,127,129,128,128,128,127,125,123,126,128,126,126,126,125,123,126,126,129,127,126,125,127,124,126,127,127,126,126,127,126,126,127,126,127,126,128,128,128,126,126,125,126,128,128,127,127,127,127
125,125,128,128,126,125,126,127,122,124,126,127,125,124,124,124,126,123,124,126,126,128,124,128,128,124,124,128,127,129,127,128,128,124,125,129,128,125,128,127,128,123,126,126,125,128,123,124,127,124,124,124,124,124,123,125,128,124,127,128,128,128,128,128
126,126,126,127,126,127,128,126,127,127,125,125,127,126,127,127,127,126,126,126,128,126,127,126,127,127,125,126,126,127,126,127,127,128,127,127,129,128,127,127,127,129,128,127,127,129,128,125,127,127,132,132,133,131,129,125,125,127,130,128,127,127,128,126
124,125,127,126,126,126,124,125,125,126,125,124,125,125,125,125,126,126,126,125,126,127,126,124,125,125,125,126,125,125,126,125,125,125,125,125,124,125,124,125,126,126,126,125,125,125,125,127,129,127,125,127,127,126,127,128,129,127,130,130,128,128,130,127
125,121,127,123,119,119,121,125,118,117,122,124,124,125,122,121,121,120,123,125,123,127,126,129,125,124,126,127,127,127,128,127,124,117,121,126,127,125,129,127,127,119,122,123,126,126,121,125,122,115,121,124,127,123,120,123,126,117,117,120,124,125,124,127
126,126,128,128,127,126,126,128,125,125,128,126,125,126,126,127,126,125,125,124,123,127,127,129,128,126,125,127,125,126,128,128,127,124,126,127,126,127,128,127,128,125,125,124,125,126,125,126,125,126,128,128,128,128,128,126,126,126,127,126,127,127,126,127
126,124,126,125,124,124,126,127,123,123,123,123,124,123,124,125,125,125,124,123,124,127,124,126,127,124,125,127,125,126,127,127,127,124,125,127,126,125,126,127,127,123,125,125,124,125,124,126,129,125,126,126,125,124,122,124,128,125,125,125,125,127,126,127
127,129,127,128,129,128,128,127,128,128,129,128,128,129,129,129,127,128,128,127,127,127,128,127,127,128,127,127,127,127,127,127,126,128,127,127,128,128,128,126,127,128,126,128,128,127,129,128,127,128,129,130,130,131,131,129,128,128,130,130,130,129,129,127
128,128,127,127,128,129,130,127,126,129,128,129,129,130,130,127,127,130,130,131,131,127,130,130,127,129,130,127,130,129,130,127,127,129,131,128,129,130,129,128,127,129,131,130,131,130,129,129,128,130,129,130,131,132,130,130,129,130,130,131,129,129,129,127
125,125,127,126,123,123,124,126,126,120,121,121,121,120,122,123,125,119,120,120,119,127,121,125,127,121,120,127,122,124,126,126,127,122,121,126,124,122,125,127,127,123,121,122,124,123,122,127,128,124,124,122,125,126,125,126,128,125,126,129,128,128,128,127
128,127,127,127,126,126,126,127,126,125,125,125,124,125,124,127,127,126,124,124,123,127,124,128,127,125,123,126,123,125,124,127,126,125,123,126,124,123,125,127,126,124,123,123,123,124,124,128,125,125,123,122,122,123,125,126,127,125,125,126,126,127,126,127
126,127,127,126,125,126,127,127,127,127,126,126,125,124,125,128,128,127,126,126,127,127,125,128,127,127,126,127,126,127,126,127,126,126,127,127,129,129,127,128,127,127,126,127,125,126,126,130,128,130,130,129,128,128,128,128,128,129,130,129,128,130,130,127
127,128,127,128,129,128,127,127,129,128,127,127,128,128,129,129,129,128,127,127,127,127,127,129,128,128,127,127,126,126,127,127,128,128,127,126,126,126,126,127,127,129,127,127,126,125,125,126,125,127,128,128,128,128,127,125,126,127,127,127,128,126,126,127
129,129,127,127,127,127,126,127,129,126,127,127,128,126,127,128,129,126,126,127,127,127,127,127,128,126,127,127,126,127,128,127,128,125,126,127,126,126,126,128,127,125,126,127,127,126,125,128,127,125,125,126,125,126,124,123,126,124,125,127,127,127,123,127
129,129,126,130,129,128,128,128,127,125,126,126,125,125,125,128,128,123,124,124,123,126,123,126,128,124,125,126,125,126,125,128,128,124,124,126,124,125,125,128,127,124,124,123,123,125,122,126,127,124,125,123,122,124,126,127,128,125,126,126,127,126,127,126
127,128,127,126,127,128,127,126,128,129,130,132,134,134,131,125,126,130,132,133,134,127,134,127,126,131,133,127,132,130,131,127,126,130,133,127,131,132,132,127,127,128,133,132,133,131,133,125,125,128,131,131,132,128,130,128,126,130,127,125,126,126,128,127
129,128,127,127,126,127,127,128,129,129,130,129,131,130,128,127,128,130,130,129,131,127,130,129,128,130,130,127,129,127,129,127,128,131,130,128,129,130,128,128,127,131,131,129,130,128,130,130,130,130,130,129,129,129,130,129,127,131,130,129,130,129,129,127
129,128,127,126,124,123,126,129,126,129,127,127,129,127,128,128,128,129,127,127,127,127,127,127,128,129,129,127,130,129,130,127,129,130,130,128,128,128,130,128,127,131,130,129,128,130,130,127,127,127,130,130,127,126,127,130,127,128,126,126,127,127,128,127
132,131,127,129,129,129,127,128,130,124,125,125,123,124,121,128,130,122,122,124,123,127,120,127,128,121,122,127,123,124,122,128,129,121,121,126,123,121,122,127,127,122,121,122,122,122,119,126,131,127,122,122,122,123,124,127,129,127,126,129,129,130,130,127
129,128,127,125,126,129,130,128,129,129,129,127,129,128,130,131,129,130,132,130,129,127,130,128,128,129,128,127,128,129,130,128,128,129,128,128,129,129,128,127,127,130,129,128,129,130,130,131,129,131,131,129,129,130,131,132,130,130,130,128,127,128,133,127
128,127,127,128,128,129,128,127,126,126,128,130,128,128,127,127,127,129,126,129,128,127,128,128,128,129,127,127,128,127,127,128,127,127,127,128,128,127,127,127,127,128,129,128,129,128,128,127,126,125,126,127,127,127,127,126,129,124,128,129,129,130,128,127
130,131,127,129,128,129,126,127,132,130,128,127,128,128,130,128,131,130,129,128,127,127,129,126,130,130,129,127,128,127,128,127,129,133,129,127,129,129,128,126,127,131,129,129,129,128,130,130,128,131,130,130,131,130,130,129,127,132,131,131,129,129,128,127
128,128,127,127,127,126,126,126,129,128,128,127,127,127,126,129,129,129,127,127,127,127,126,128,128,127,127,126,126,124,125,127,128,130,129,126,127,128,126,128,127,129,128,126,125,125,128,129,128,129,128,128,127,128,128,129,128,130,129,129,128,128,128,128
128,128,128,126,127,128,129,128,129,127,126,127,128,128,130,128,126,127,129,128,129,128,130,124,126,127,128,127,127,126,127,126,127,127,127,126,126,127,126,125,127,127,127,127,128,127,128,125,126,128,126,126,126,126,128,127,126,128,127,126,126,125,128,128
129,131,127,129,129,128,127,128,132,129,127,128,129,128,127,130,129,128,127,128,128,127,128,123,128,128,128,127,128,127,128,128,129,130,128,127,127,126,128,129,127,130,128,127,128,126,129,132,131,129,127,127,127,126,128,130,127,130,131,128,127,126,130,127
129,127,127,126,126,126,126,128,126,128,125,126,128,126,128,128,126,127,127,128,128,127,128,128,126,126,128,127,126,127,127,127,126,126,127,127,126,126,127,127,127,126,127,126,126,126,127,127,126,128,126,126,127,127,128,129,128,127,127,127,128,128,128,127
125,125,128,128,126,125,125,126,124,123,125,126,125,126,125,125,126,125,125,126,127,128,126,128,127,127,126,128,128,128,129,127,127,126,125,127,127,126,128,127,128,127,126,126,127,127,125,125,126,124,125,125,125,126,124,126,126,126,125,126,126,126,126,128
129,126,127,128,126,125,126,128,126,125,127,128,128,128,126,127,127,128,130,129,129,127,129,129,129,130,131,128,131,130,130,128,128,129,131,129,132,132,130,128,127,129,131,130,131,131,130,126,128,128,132,132,132,131,128,127,129,126,127,127,129,128,128,127
128,129,128,127,128,127,124,128,127,125,124,124,126,125,125,128,128,125,124,125,126,128,126,126,127,127,126,128,125,126,126,127,127,125,124,127,125,124,125,127,127,125,124,124,125,124,123,126,127,125,125,125,126,125,127,129,129,127,129,128,127,126,128,128
124,127,127,127,127,127,128,127,125,129,130,131,130,131,131,127,126,129,130,130,130,127,131,127,126,129,130,127,130,128,128,127,125,129,130,127,129,130,128,127,127,127,129,130,131,130,129,125,126,127,127,128,128,128,128,128,127,126,126,127,127,128,127,127
127,128,128,128,130,128,126,128,128,127,128,128,128,127,127,131,128,127,129,129,129,128,126,128,129,127,129,128,130,127,127,129,128,127,128,128,129,129,127,128,128,127,128,128,129,128,127,127,126,128,128,128,129,128,127,128,127,129,127,128,128,128,128,128
127,125,127,126,125,126,127,127,127,128,128,128,128,127,126,127,126,127,129,129,129,127,127,127,127,128,129,127,127,127,127,127,127,127,128,127,128,128,127,128,127,126,127,127,127,127,127,129,129,126,126,127,126,127,126,128,127,127,126,126,127,127,128,127
127,126,128,127,126,126,125,127,127,129,127,126,127,126,127,126,127,128,127,126,127,128,126,127,128,127,127,128,127,126,126,128,127,129,129,128,128,127,128,127,127,128,128,127,126,127,128,127,130,130,130,129,128,128,128,127,128,130,128,128,127,127,127,128
125,124,127,127,126,125,126,127,123,125,126,126,125,124,123,124,124,124,124,126,126,127,125,129,127,125,125,127,126,127,128,127,127,125,125,128,127,126,127,128,127,125,125,126,126,127,124,127,125,123,124,123,124,124,123,124,127,123,120,123,124,124,125,126
125,126,127,127,127,127,127,127,128,126,124,127,125,124,124,126,128,124,124,127,126,127,124,126,127,126,125,127,126,126,127,127,127,127,127,128,127,126,128,128,128,128,125,126,127,126,125,125,126,129,127,126,126,127,130,129,127,130,129,126,128,129,128,127
125,126,127,127,130,130,130,127,124,127,130,132,129,130,128,127,124,128,129,131,130,127,129,126,126,129,129,127,129,128,127,127,126,128,128,128,131,130,129,127,126,128,128,127,129,128,130,127,125,129,128,130,130,132,130,129,127,128,128,130,129,128,129,127
128,129,128,128,126,127,130,128,131,131,126,125,126,125,127,128,126,128,128,126,126,128,125,126,127,126,126,128,124,125,128,127,127,127,127,127,125,125,126,127,128,127,126,126,127,126,128,126,127,127,126,127,127,128,128,124,125,123,127,127,127,126,124,128
125,125,127,125,125,125,124,126,125,126,127,127,127,127,126,126,126,127,127,127,128,127,127,126,126,127,128,127,129,127,127,126,126,127,130,127,129,129,129,127,127,126,129,129,128,128,127,127,124,126,127,127,126,126,126,127,124,126,124,123,125,124,125,127
128,124,127,125,122,120,122,126,126,121,122,121,119,120,120,121,126,121,121,119,121,127,124,124,127,123,121,126,121,125,126,128,127,122,120,125,121,120,124,127,127,123,120,118,122,122,122,127,130,126,122,121,123,123,124,127,126,125,124,125,127,129,128,127
126,126,127,125,127,128,129,127,127,128,127,128,129,128,130,127,124,128,129,129,130,127,131,128,125,128,129,127,127,124,125,126,124,127,128,125,125,127,124,127,126,126,128,125,126,124,126,130,127,127,127,128,127,126,126,126,127,128,128,125,125,124,125,127
129,126,127,128,126,127,127,128,122,127,127,127,127,126,126,126,123,126,125,126,127,127,125,125,127,124,126,128,128,128,128,128,127,124,126,128,129,126,126,129,128,122,125,126,125,126,125,127,128,126,127,127,126,125,128,129,128,129,126,126,128,130,131,127
123,125,127,126,126,125,126,126,125,124,123,124,125,125,124,125,126,124,125,125,125,127,125,125,126,123,125,127,126,126,125,126,127,122,125,127,126,125,126,127,127,124,123,122,123,124,124,128,128,126,126,127,127,125,126,127,129,124,127,127,127,128,128,128
130,128,127,124,124,125,127,129,130,123,120,119,119,122,124,130,129,122,122,121,122,127,121,123,128,121,122,126,122,124,122,127,126,122,122,126,123,122,121,128,127,123,122,120,122,122,122,128,134,129,122,122,124,125,132,134,133,130,131,131,130,133,134,127
128,128,127,127,128,131,130,127,128,134,132,131,130,130,132,128,125,130,128,129,128,127,129,127,125,130,129,127,127,127,125,127,126,129,128,127,128,129,127,127,127,128,128,128,127,127,129,128,126,128,127,128,127,127,129,129,128,131,128,127,127,127,128,127
124,123,126,124,122,122,127,127,124,126,125,125,124,124,126,125,123,126,126,125,124,126,127,128,125,125,126,127,125,127,127,126,126,126,126,126,125,125,127,125,126,125,126,125,127,126,127,125,126,127,127,128,127,128,127,127,128,126,126,127,126,126,126,126
128,127,128,127,124,124,126,128,125,123,122,122,121,122,125,124,125,124,125,125,126,128,124,129,127,123,125,128,124,127,128,129,126,123,125,128,125,124,126,128,128,124,125,126,125,124,124,125,127,126,126,126,129,126,128,127,127,125,127,127,128,128,127,128
125,127,127,129,127,127,127,128,129,130,132,131,131,130,129,128,129,130,130,129,128,127,129,129,129,131,130,128,130,130,131,129,130,130,130,129,129,128,129,130,128,131,131,130,128,129,128,129,131,130,131,131,128,127,127,127,127,128,129,127,128,129,127,127
129,127,128,126,126,127,130,127,128,126,125,126,126,126,125,125,128,125,126,125,124,128,126,128,127,125,125,127,126,127,126,127,128,123,125,127,127,126,127,128,128,123,124,123,124,125,125,127,128,126,126,125,125,122,124,123,127,126,123,123,124,125,125,128
129,131,115,124,129,127,129,119,133,132,130,132,133,136,134,129,133,135,134,134,135,115,134,122,124,135,133,115,133,122,123,119,127,134,134,118,132,133,128,122,116,136,135,134,134,132,137,131,129,135,134,137,135,134,135,129,123,132,131,128,124,123,129,115
129,129,127,128,127,128,129,128,129,131,129,129,131,129,131,128,129,130,132,129,132,127,131,127,128,128,130,127,131,130,129,127,130,130,131,128,131,133,131,128,128,131,131,130,132,132,133,131,130,132,131,130,131,130,130,130,127,128,129,129,130,130,128,127
128,127,126,126,127,127,128,127,127,127,127,126,127,127,128,127,128,127,127,126,128,126,127,126,126,127,126,126,127,126,126,126,126,128,127,126,125,126,127,127,126,127,126,126,127,126,128,127,127,127,126,126,126,127,126,127,127,127,127,127,127,127,127,126
132,132,127,129,132,132,133,129,130,126,127,124,125,126,124,132,131,125,123,125,126,127,125,127,128,125,124,127,128,126,124,127,128,125,125,127,128,128,127,128,127,125,125,126,127,127,127,131,132,130,129,129,132,130,132,135,130,131,132,132,131,131,132,127
130,129,127,128,128,128,130,128,131,131,131,132,130,130,129,131,128,128,130,131,129,127,128,125,127,130,130,127,129,128,125,128,127,129,128,127,128,128,128,128,126,128,128,127,128,128,127,127,126,126,126,127,128,127,128,130,127,127,129,131,131,132,131,127
128,129,127,129,130,131,130,127,129,130,131,130,131,130,129,132,129,128,130,130,130,127,128,129,128,128,130,128,131,130,130,128,129,129,129,129,130,130,128,128,128,129,131,131,131,131,128,128,130,128,129,129,129,130,129,128,130,127,131,130,129,128,129,127
126,125,127,126,123,123,124,127,124,124,126,125,125,125,124,125,124,124,125,127,126,127,124,126,126,123,127,127,128,127,128,126,125,122,125,128,128,127,128,126,127,123,125,128,127,128,126,122,124,125,127,126,127,127,127,127,124,126,126,126,127,126,127,127
127,128,132,125,126,131,134,129,132,136,126,126,135,133,136,132,123,135,137,131,136,132,136,128,124,127,131,129,128,124,127,126,121,131,134,127,124,131,126,123,129,129,135,130,129,124,136,127,127,132,128,132,132,132,138,134,128,135,134,131,130,130,135,133
127,126,127,127,127,126,126,127,125,126,128,128,125,126,126,127,126,125,124,126,123,127,124,128,128,127,126,127,124,126,127,127,128,125,123,127,125,123,128,128,127,126,124,125,125,127,125,129,128,125,127,125,125,127,125,127,127,125,126,126,126,127,126,127
127,127,126,127,126,126,124,127,127,128,127,127,128,128,126,128,127,124,127,127,126,126,127,125,127,124,127,126,127,127,126,127,125,125,127,126,125,127,126,126,126,124,127,127,126,127,125,126,124,125,126,124,125,125,128,127,125,127,128,127,128,127,128,126
126,128,126,125,126,126,126,126,128,127,127,128,129,128,127,128,126,126,126,127,127,126,126,124,126,127,126,126,126,125,125,126,124,128,128,126,126,128,127,125,126,128,128,129,128,128,129,125,124,128,127,128,128,127,125,125,126,127,127,128,127,128,127,126
121,127,123,125,130,131,129,122,124,129,131,131,131,131,131,126,126,130,129,130,130,122,132,127,124,130,128,123,129,126,127,124,125,131,128,124,129,129,128,124,123,131,128,128,128,128,131,126,124,129,130,131,131,131,130,128,123,127,129,126,124,121,126,122
132,130,127,128,129,131,132,129,130,129,128,128,127,127,126,128,130,127,128,127,128,127,125,128,129,127,127,128,127,128,126,128,129,126,126,128,129,127,125,128,128,126,126,127,129,128,127,129,130,129,127,127,127,127,125,127,127,126,126,127,128,129,127,127
126,125,127,126,122,123,125,127,125,127,125,124,123,123,123,125,126,125,125,125,124,127,121,126,128,124,125,127,123,127,126,128,128,125,124,127,125,124,125,127,127,124,124,125,124,126,123,124,125,126,125,123,122,123,125,128,129,127,126,127,128,129,128,128
130,128,127,126,126,124,127,127,128,125,126,127,124,126,124,127,129,127,127,126,127,127,126,128,128,127,127,127,127,126,125,126,128,127,127,127,128,127,125,127,127,129,127,128,126,127,126,126,129,128,129,127,126,125,128,130,126,132,127,125,126,127,131,127
129,130,127,129,131,131,130,128,129,131,131,131,131,131,133,128,126,131,131,132,130,128,131,131,127,129,133,128,132,130,130,128,126,131,131,129,131,132,129,127,127,130,132,133,132,131,130,127,126,129,130,129,130,129,130,129,127,128,129,127,128,127,128,127
130,128,127,127,126,125,130,129,128,127,127,126,127,127,128,130,125,127,129,131,130,127,129,127,127,127,128,127,130,128,127,127,127,128,130,128,131,131,129,128,127,126,129,129,129,129,129,127,125,127,129,129,127,128,129,130,127,131,127,125,126,126,127,127
127,128,126,127,126,125,126,126,128,126,127,127,126,126,126,126,128,125,126,127,127,127,127,128,127,127,126,127,127,127,128,127,126,125,126,127,128,127,127,126,127,125,127,128,127,127,126,124,126,126,127,126,127,127,125,124,126,126,124,123,124,123,122,126
128,130,127,129,129,128,127,128,129,125,124,124,122,122,123,129,128,124,123,121,120,127,123,126,127,124,122,127,122,126,125,127,127,126,123,126,121,121,124,127,127,125,122,121,122,123,123,126,126,127,122,120,122,121,124,128,127,130,126,124,125,126,128,127
128,128,128,128,127,127,128,129,128,127,127,127,129,128,127,131,129,128,129,129,128,128,127,131,129,128,129,128,130,130,130,129,130,129,129,129,131,130,128,130,128,129,130,131,130,130,127,128,130,129,130,129,128,128,128,127,127,129,128,128,128,128,128,128
126,126,127,126,127,129,128,127,127,129,128,128,130,129,129,128,126,128,128,128,130,127,129,128,127,127,128,127,129,127,126,127,127,129,129,127,129,130,128,127,127,129,130,129,129,129,130,128,127,129,128,129,129,128,127,126,126,128,127,126,127,126,125,127
127,128,127,128,130,130,129,127,129,128,128,129,129,128,130,129,129,129,128,127,127,127,129,127,127,130,126,127,127,127,125,128,128,130,126,126,126,127,126,128,127,129,127,127,127,127,129,129,127,126,126,127,126,126,127,126,126,128,127,126,125,125,125,127
127,124,126,125,123,122,124,127,126,126,125,125,125,125,126,127,125,125,125,126,127,126,127,127,126,126,126,127,126,126,126,126,125,127,127,126,127,127,126,127,126,126,127,127,127,126,128,126,126,127,126,127,125,126,127,127,126,129,124,124,125,125,127,127
129,129,128,127,127,129,128,127,129,125,125,125,126,126,127,127,129,127,128,126,128,128,127,128,128,125,127,128,126,127,127,128,127,126,127,127,127,128,127,128,128,125,127,125,128,128,130,130,128,127,128,128,129,128,127,126,129,126,127,130,129,130,126,128
129,126,128,128,126,126,126,127,126,123,126,126,122,123,122,125,126,121,121,124,121,128,120,126,128,122,123,128,124,126,125,127,129,121,124,127,124,123,125,128,128,122,123,122,122,125,123,128,129,124,124,123,120,123,126,127,128,126,126,127,126,126,126,128
128,129,127,129,127,127,127,128,126,127,127,127,125,126,126,127,124,125,125,126,125,127,125,127,126,126,127,128,129,129,128,127,126,125,127,129,129,128,126,127,127,125,127,127,127,129,126,125,127,127,129,127,126,126,126,127,128,129,127,126,127,126,127,127
124,125,127,127,128,129,129,126,125,127,127,128,128,127,128,124,127,128,128,128,127,127,128,128,127,127,127,127,127,126,127,126,128,128,127,127,126,126,128,126,127,127,127,128,126,127,127,124,126,126,128,129,128,128,126,124,124,125,123,124,124,123,123,127
128,127,126,127,126,126,126,126,127,125,127,127,126,127,127,124,129,127,128,128,129,126,127,125,128,128,128,126,129,127,127,126,128,128,129,127,129,129,128,126,127,128,128,128,129,128,127,124,128,125,127,127,127,127,125,124,124,124,123,123,125,125,125,126
126,124,127,125,126,126,125,126,126,128,128,127,129,128,129,125,125,131,131,127,129,127,130,127,125,129,128,127,128,127,128,126,126,129,130,127,127,129,126,126,127,128,131,131,130,128,130,130,131,130,128,131,131,129,128,126,125,130,127,125,126,124,124,127
129,129,127,127,131,131,134,127,131,129,127,127,127,127,130,132,129,127,126,126,127,127,124,126,127,126,124,127,125,124,124,127,127,126,124,126,123,125,123,127,127,126,124,124,124,123,126,129,128,126,124,126,127,128,127,126,126,128,129,130,129,126,127,127
128,128,128,128,128,129,129,128,129,130,127,127,127,129,128,127,128,128,126,125,126,128,127,126,128,128,126,128,125,127,128,128,128,128,126,128,127,125,127,128,128,129,125,124,124,126,127,127,127,128,128,128,127,127,129,127,129,127,128,127,128,129,131,128
125,124,128,127,127,125,125,127,124,127,127,127,128,127,127,126,125,127,128,127,128,128,128,129,127,127,127,128,127,127,128,128,127,128,129,127,127,129,128,130,128,128,129,129,129,128,130,131,127,128,129,130,130,131,129,129,127,129,127,129,129,128,128,128
130,129,127,127,129,129,131,127,132,130,128,127,125,125,127,129,127,127,124,126,124,126,125,127,126,128,127,126,127,125,126,127,127,127,126,126,127,126,128,128,126,128,126,125,126,126,126,127,127,129,128,126,126,127,130,131,128,130,129,129,127,127,130,126
124,122,127,125,121,120,121,127,121,122,127,127,127,126,121,121,124,122,126,127,127,127,125,126,127,124,128,128,127,128,128,127,127,122,128,128,128,126,128,127,127,121,126,126,126,127,123,126,130,124,125,124,123,124,124,126,130,124,126,129,129,131,126,128
126,125,127,126,126,125,126,127,126,126,127,127,125,125,126,126,128,127,126,126,124,127,126,126,127,129,127,127,127,129,128,127,129,128,127,128,126,126,128,128,127,130,127,127,127,128,127,129,129,128,126,125,126,125,125,126,127,126,126,126,126,125,127,127
125,126,128,127,128,128,126,127,122,124,127,126,127,125,125,125,124,125,127,128,127,128,126,128,126,125,127,128,128,128,129,128,124,125,128,128,128,126,128,127,127,124,127,127,125,126,124,124,123,123,125,123,123,124,125,126,127,126,124,124,126,127,127,128
132,130,127,128,129,129,129,128,129,129,129,130,130,130,129,128,129,129,129,131,129,127,130,130,128,131,131,127,131,128,127,128,128,130,129,128,129,130,128,127,128,130,130,131,130,128,130,128,127,127,128,128,128,128,124,124,126,124,124,125,126,126,125,127
117,112,127,118,110,109,113,123,108,111,109,109,112,112,113,112,112,113,118,114,117,127,118,117,119,111,119,127,117,121,123,124,119,111,119,124,118,118,119,120,127,111,116,115,117,116,115,114,115,111,114,114,117,113,116,120,123,120,114,117,120,120,118,128
130,131,128,131,130,129,130,130,129,130,131,133,130,131,129,130,130,129,129,132,130,128,132,131,130,131,131,129,132,132,133,131,130,130,130,131,131,131,134,130,129,131,131,132,131,132,131,131,129,129,133,132,131,130,129,131,131,128,130,129,131,131,132,128
127,128,127,129,129,128,126,127,125,122,124,125,124,124,123,126,127,123,124,125,125,126,124,126,127,123,125,127,127,127,128,127,128,124,127,127,129,127,127,127,127,124,125,126,126,128,125,130,130,128,128,127,128,127,128,131,128,129,129,129,129,129,130,126
124,123,127,126,126,126,126,126,123,125,125,124,124,124,125,125,124,126,125,125,124,127,126,125,125,127,126,127,125,126,124,126,127,127,125,126,125,124,125,127,127,127,124,123,125,126,127,128,127,127,126,126,127,127,128,126,124,125,125,124,124,121,124,127
128,128,127,126,128,129,126,126,128,125,124,124,125,125,126,127,127,124,125,125,124,127,126,124,126,125,124,126,124,125,125,126,127,124,124,125,124,124,126,125,126,124,123,123,123,124,124,125,126,123,124,125,126,125,124,125,127,126,127,127,125,126,126,127
126,126,127,127,129,126,127,126,125,126,127,126,127,127,125,125,127,127,128,127,128,127,127,125,127,127,129,126,128,126,128,126,127,126,128,127,128,128,128,127,126,126,127,128,127,126,125,125,127,122,126,127,127,128,124,125,127,121,127,128,128,128,128,127
126,125,127,128,128,129,128,126,125,125,127,127,125,126,126,124,126,125,125,124,125,126,124,124,127,127,124,127,126,128,129,127,128,127,125,127,126,126,128,126,127,127,126,126,127,128,128,125,125,127,129,129,130,130,127,129,129,130,129,129,128,128,128,126
129,129,127,128,129,128,129,129,132,126,127,125,125,126,127,133,129,128,127,124,125,127,128,126,128,128,127,127,126,127,127,129,128,129,126,127,127,127,128,130,128,130,127,127,129,127,131,132,128,131,128,128,130,128,132,133,128,131,130,129,128,129,132,127
129,130,127,127,127,127,128,128,129,128,128,128,128,128,127,129,127,127,125,127,127,127,127,129,127,128,126,127,126,127,126,128,127,127,126,127,127,127,127,129,127,127,126,126,126,127,127,129,128,127,127,127,126,127,129,129,128,128,128,128,128,128,129,127
125,124,127,126,124,125,126,127,126,128,128,127,130,129,130,126,126,128,128,129,129,127,131,128,127,128,130,128,130,128,129,127,127,129,130,128,128,129,129,128,128,129,131,131,130,129,130,129,129,128,131,129,130,128,130,128,126,126,126,125,127,127,128,127
128,127,127,126,123,121,124,128,124,121,122,121,118,119,118,125,128,119,119,121,119,127,118,123,127,121,120,126,120,125,124,126,127,121,119,125,122,120,123,125,127,122,119,119,120,122,117,127,129,122,120,118,119,122,123,128,130,128,127,128,127,128,130,127
129,129,128,128,129,129,128,128,129,128,126,126,127,127,128,129,129,127,128,126,129,127,128,125,128,126,128,127,127,126,127,128,128,127,128,127,126,128,126,128,128,126,129,127,128,127,127,127,126,125,124,125,125,126,127,127,128,125,128,128,127,129,129,127
124,125,127,128,127,125,125,127,123,126,127,128,128,127,127,126,125,126,127,127,127,127,127,130,127,128,127,127,127,127,128,127,126,125,124,127,127,125,128,127,127,125,124,125,126,126,125,125,126,124,126,127,127,126,124,125,127,123,125,127,128,128,126,127
127,129,127,129,135,134,132,127,129,127,126,126,127,126,131,129,127,126,124,124,123,126,128,129,127,126,124,126,124,125,126,127,128,127,124,126,124,125,126,129,127,128,127,126,128,126,128,132,130,127,126,126,129,129,128,127,129,123,129,130,128,127,126,126
126,127,127,126,125,125,124,126,125,129,129,129,130,130,127,125,124,130,130,130,130,127,128,127,125,128,129,127,129,127,127,126,124,127,129,127,127,128,127,124,127,125,128,127,126,127,127,123,123,124,124,125,124,124,124,122,123,124,123,123,124,124,122,127
125,121,127,123,123,122,122,123,123,121,125,124,121,125,120,119,121,119,124,126,121,128,121,120,123,119,122,127,121,122,122,124,122,117,121,125,121,121,121,121,126,118,120,122,119,117,122,121,119,116,117,117,117,120,118,117,123,120,117,120,122,122,119,127
127,128,125,125,128,130,130,125,130,131,128,127,130,129,131,129,127,130,129,128,130,126,130,126,125,128,127,125,127,125,126,125,125,129,128,125,126,128,125,125,125,128,129,128,127,126,130,128,127,129,127,129,128,128,128,127,125,127,127,126,125,125,126,126
127,127,128,127,125,127,127,127,127,126,124,125,125,125,125,127,126,125,124,125,125,128,124,127,127,125,125,127,124,125,125,127,126,125,124,127,126,125,125,127,127,124,125,125,124,123,124,125,127,125,124,124,124,124,125,124,125,124,125,125,125,126,125,128
126,128,128,127,129,128,126,125,127,124,124,125,124,125,125,124,130,124,124,124,124,127,125,126,128,126,126,127,128,129,127,127,128,126,125,127,127,125,127,127,128,125,125,126,127,126,124,128,126,123,124,122,126,125,127,125,127,124,126,127,127,125,127,127
127,126,128,128,128,126,125,127,127,125,126,126,125,126,123,127,129,125,126,126,125,128,123,127,128,126,127,128,127,127,125,128,129,125,125,127,127,125,124,128,128,126,125,124,125,127,121,128,128,126,126,126,126,125,125,128,130,128,128,130,130,131,130,128
126,129,127,127,131,132,129,126,131,130,129,131,130,130,129,128,131,131,129,129,130,126,129,128,128,131,129,126,129,128,128,127,128,133,131,127,128,129,127,127,127,131,132,130,131,128,131,131,130,131,130,130,130,132,133,132,128,129,133,132,130,130,130,127
130,129,127,128,127,126,126,127,128,123,122,123,123,123,124,127,128,123,124,124,124,127,124,129,128,124,124,127,127,128,128,127,128,125,125,127,127,125,128,127,127,125,125,125,126,127,124,126,127,125,125,123,125,126,126,127,130,128,126,128,128,128,130,126
127,129,128,129,130,128,130,128,130,130,131,131,131,132,130,127,129,131,131,132,131,128,132,128,129,132,133,129,132,130,129,128,130,131,131,129,131,132,132,129,129,131,131,131,131,131,130,129,132,130,132,131,130,130,128,130,132,126,128,129,129,130,128,127
128,131,126,129,129,127,128,127,131,126,126,126,125,125,126,126,132,126,124,125,124,126,124,125,130,126,124,126,125,127,126,127,130,127,124,127,126,125,128,128,127,128,125,126,126,127,127,127,126,127,129,127,128,130,129,128,128,127,131,130,131,128,127,125
127,128,128,129,129,126,126,129,131,130,130,129,128,129,129,132,128,131,128,129,128,128,131,130,128,131,130,128,130,130,128,129,126,129,127,129,130,129,129,129,128,128,128,127,126,127,127,126,124,124,127,127,127,128,126,126,127,124,125,127,128,128,127,128
127,124,127,126,126,126,124,126,126,128,127,128,129,129,128,124,125,129,129,128,129,127,128,126,126,128,129,127,129,128,128,126,126,129,130,128,128,129,127,125,127,129,132,132,129,129,128,129,129,129,129,130,129,128,128,127,129,131,129,128,125,126,125,127
128,130,127,129,131,130,129,128,127,131,128,128,130,129,128,128,126,127,128,129,129,127,125,128,126,126,128,127,128,127,126,126,126,127,128,127,128,127,125,126,127,126,129,130,128,126,126,128,127,127,128,130,129,127,126,124,126,128,130,128,127,125,124,127
127,130,127,128,132,133,129,128,129,130,130,129,129,129,129,127,128,129,130,128,127,127,128,128,126,128,127,127,126,126,126,126,126,128,127,127,126,127,126,126,127,128,128,127,128,126,129,126,126,129,127,129,128,127,130,127,125,128,128,126,126,125,126,127
126,126,127,125,126,126,126,126,127,125,125,125,125,126,126,127,128,127,128,127,126,127,128,122,127,128,126,127,125,126,126,127,127,126,127,126,125,127,127,126,127,127,127,126,126,126,127,127,127,126,126,127,125,126,124,124,125,125,126,124,124,125,125,127
128,129,127,129,129,128,126,128,127,125,126,126,126,125,125,129,128,127,127,127,125,127,126,127,128,128,128,127,130,128,128,128,128,128,129,128,129,128,129,129,127,126,128,129,128,128,127,129,129,126,128,127,127,125,126,129,129,128,128,128,128,127,128,127
129,127,128,127,127,129,128,127,128,126,127,125,126,126,127,125,127,126,126,126,126,128,126,126,127,125,126,127,125,126,126,126,127,126,126,126,125,126,126,125,127,126,126,124,125,126,126,128,130,128,127,127,128,129,126,127,127,126,128,129,128,129,129,129
126,127,127,126,126,126,127,126,129,128,127,127,130,130,130,126,127,130,131,129,130,127,128,123,126,127,130,127,129,127,128,126,125,128,131,127,127,130,127,125,126,128,132,131,131,129,129,124,124,127,129,129,130,127,125,123,124,126,125,124,124,126,123,127
127,126,128,126,126,125,126,128,126,126,126,126,125,126,124,125,125,123,125,125,125,127,125,128,126,123,125,127,126,127,127,126,125,123,126,127,126,126,126,125,127,123,125,125,125,126,124,123,124,124,125,124,124,125,126,127,126,126,125,125,127,126,128,128
127,128,126,127,128,129,127,126,128,129,127,126,127,126,129,126,128,130,128,127,127,126,127,128,127,128,129,126,129,127,127,126,126,130,128,126,127,129,126,126,127,130,130,128,129,129,128,127,128,130,128,128,128,127,130,129,127,129,126,125,125,126,125,126
129,128,126,127,127,127,126,126,126,125,127,127,127,126,126,124,126,125,124,126,124,126,125,126,126,126,124,126,124,126,126,126,126,125,123,125,124,122,127,126,126,125,123,123,123,124,124,125,128,124,125,124,125,124,123,123,127,123,124,125,126,127,126,126
128,129,127,126,125,126,129,127,129,130,129,128,127,128,129,129,128,128,126,127,126,127,128,128,127,129,127,127,125,126,124,126,127,128,126,127,125,127,127,128,127,129,126,125,124,125,127,128,129,131,128,127,127,128,127,128,130,129,129,129,127,128,128,128
132,130,127,128,129,130,131,129,129,125,126,126,125,125,125,130,127,122,124,124,123,127,124,127,128,122,125,127,124,126,124,127,127,121,121,127,124,123,124,127,127,123,122,122,122,124,123,129,129,126,123,124,125,125,127,129,131,127,130,131,130,130,131,127
127,127,128,125,125,123,126,128,127,126,128,128,128,128,128,128,128,127,126,125,127,128,129,128,128,127,125,128,127,127,129,128,129,129,127,127,126,126,129,128,128,129,128,125,128,127,129,131,131,130,129,128,127,128,129,130,127,130,127,127,127,128,129,128
130,131,127,127,130,130,131,129,132,131,128,128,127,128,131,131,131,130,128,127,126,127,126,127,129,129,128,127,126,127,125,127,130,130,127,127,126,126,125,128,128,130,128,129,128,127,127,131,131,132,129,129,129,128,129,129,129,131,130,130,128,128,129,127
126,126,127,126,126,127,127,126,127,126,124,123,124,125,126,125,126,127,125,124,125,127,125,123,126,126,125,127,124,125,124,125,126,126,125,126,125,125,125,126,127,126,125,124,125,124,126,125,126,126,126,127,127,127,125,123,125,125,124,125,125,125,122,127
127,125,127,126,124,125,126,129,126,127,127,125,126,127,129,130,125,128,126,126,123,127,126,129,126,127,126,127,125,127,127,127,124,125,125,127,125,125,127,126,127,127,126,126,124,125,126,125,125,127,126,125,125,125,126,128,127,129,126,126,127,127,128,127
128,129,127,128,127,126,127,127,128,129,129,129,127,129,126,126,129,129,128,129,127,127,128,129,128,130,128,127,127,129,129,128,129,130,129,128,130,128,130,128,127,130,129,128,129,130,129,127,128,130,130,128,126,127,126,126,128,129,126,126,128,130,129,127
129,128,127,128,127,127,127,128,127,126,127,126,126,126,126,128,128,126,126,126,127,127,127,129,128,126,125,128,127,129,128,128,129,127,127,128,127,126,127,129,128,127,127,127,127,128,129,129,127,127,126,125,124,125,127,128,129,128,127,127,128,129,128,127
127,128,127,127,129,129,132,127,128,133,132,130,133,132,132,132,126,133,132,131,133,127,130,128,127,130,132,127,131,129,128,128,125,131,133,128,131,133,129,129,127,130,131,132,132,131,131,131,126,131,131,132,132,133,131,130,128,129,130,129,128,128,127,127
124,124,127,127,127,127,125,127,126,128,127,127,127,127,127,128,128,129,126,127,127,128,127,129,128,128,127,127,125,125,125,127,128,127,127,127,125,126,126,128,127,127,128,128,126,127,127,128,128,126,126,127,126,126,127,128,131,125,129,129,129,130,129,128
131,130,127,129,128,130,133,130,129,129,127,127,128,126,130,132,127,126,128,130,129,127,130,129,128,127,130,128,129,130,128,130,127,127,130,129,128,130,127,129,128,125,129,129,127,127,127,127,127,129,129,130,130,128,131,130,130,131,126,125,126,126,130,127
127,126,128,128,128,127,130,129,128,129,129,128,129,128,129,130,125,129,128,128,128,128,129,131,128,128,128,128,126,127,128,128,127,128,129,128,128,128,129,130,128,129,129,130,129,128,131,130,128,128,130,130,130,131,129,129,128,127,129,129,130,130,129,128
123,124,127,127,127,127,124,126,122,125,127,127,128,127,126,125,125,126,126,127,127,126,127,127,126,129,127,126,126,126,126,127,126,125,126,126,126,125,127,128,126,124,125,124,124,124,125,126,124,124,126,127,126,126,126,124,126,124,127,126,126,125,126,126
124,125,128,128,129,127,124,127,124,127,128,128,127,126,124,125,123,127,126,128,128,128,126,127,125,127,130,127,128,128,126,127,124,128,130,128,129,130,128,127,127,128,131,129,130,131,129,127,126,130,131,130,129,131,130,129,126,130,129,128,128,127,128,128
129,128,127,127,129,129,129,127,129,129,128,128,127,128,128,128,129,128,128,128,128,127,129,127,127,128,127,126,128,127,127,127,128,129,127,126,128,128,128,128,127,129,128,126,128,128,129,130,128,129,128,128,129,129,129,128,126,129,128,127,127,126,128,128
127,127,127,128,129,128,130,128,128,128,128,127,128,128,130,132,129,127,126,126,128,127,128,130,128,127,127,127,128,127,128,129,129,129,127,127,128,128,128,129,128,129,128,129,128,128,128,127,127,128,126,126,127,127,127,129,128,127,127,128,129,129,129,127
127,130,128,128,131,131,132,128,132,133,130,129,132,131,133,131,130,134,132,129,131,128,133,130,128,132,130,127,130,127,130,127,127,134,131,127,128,131,129,127,127,132,132,130,131,128,133,127,128,132,130,131,132,131,132,130,125,131,130,128,127,126,129,128
126,129,127,129,128,127,127,127,129,129,129,130,129,129,127,128,129,129,129,128,129,127,128,126,129,128,128,127,130,129,129,128,128,129,128,127,129,128,128,127,127,127,128,129,130,129,126,125,128,128,127,127,127,127,128,129,128,129,129,131,130,131,127,127
129,129,127,128,127,128,129,127,127,128,129,128,128,127,127,129,128,128,128,128,128,127,126,129,128,127,128,127,128,127,128,128,128,126,128,127,128,127,127,127,127,126,127,127,128,127,126,127,127,125,126,126,126,127,124,124,125,125,125,126,126,125,125,127
128,128,128,128,130,130,132,129,126,129,129,129,130,129,130,129,127,129,128,126,129,128,129,132,128,128,127,128,129,129,129,128,128,129,128,128,130,130,128,128,128,129,128,128,129,128,129,128,129,130,130,130,130,130,131,129,125,131,129,126,126,125,128,128
126,127,127,127,128,129,127,127,125,126,127,129,131,130,130,130,128,129,130,131,131,128,132,130,127,128,133,128,134,130,129,128,126,126,132,129,133,133,129,129,127,127,129,131,131,130,130,130,129,130,132,131,132,133,131,131,125,129,130,130,129,128,130,127
125,125,127,128,127,127,128,127,123,126,128,128,126,127,127,127,123,127,127,128,128,127,127,126,126,127,127,128,127,130,129,128,125,126,126,128,127,125,128,127,127,125,126,127,129,127,127,125,121,124,126,126,128,127,124,125,125,125,125,125,127,126,124,127
132,131,127,127,128,127,128,128,130,121,118,117,114,114,118,130,132,121,118,119,117,126,119,123,128,120,118,125,119,122,121,125,128,119,118,123,122,121,122,123,125,123,120,117,119,121,119,128,131,123,120,121,121,123,120,125,127,123,125,128,127,129,128,128
126,127,127,126,124,125,127,128,127,127,125,126,126,128,128,128,128,127,128,128,127,127,127,126,128,125,126,127,126,126,127,127,128,126,127,127,127,127,127,127,127,126,127,127,128,127,128,125,127,129,129,129,129,129,131,127,127,128,129,128,127,126,127,127
127,128,127,127,126,126,128,128,128,127,126,125,126,125,126,129,128,128,125,126,126,127,127,130,128,129,126,127,125,127,127,127,127,129,127,127,127,125,127,129,127,128,127,128,128,126,126,130,125,126,127,126,126,127,127,128,128,127,127,128,128,126,125,127
130,128,127,126,125,126,130,127,129,129,129,129,130,131,130,127,126,129,130,130,130,127,131,128,126,128,128,127,128,127,128,126,125,127,127,127,127,128,130,126,126,126,128,127,128,127,131,127,126,127,129,128,128,127,131,130,126,128,127,125,126,125,129,127
129,129,128,129,127,127,128,129,126,128,128,129,129,128,128,129,127,129,129,128,129,128,128,130,129,128,130,128,130,128,129,130,128,128,131,128,130,130,128,129,128,128,130,131,130,129,128,130,129,130,128,127,128,128,127,128,128,129,128,128,127,128,127,128
125,126,127,126,125,125,127,127,126,129,128,128,130,129,129,126,124,129,130,129,130,127,130,124,126,129,129,127,128,127,127,126,126,129,130,127,127,130,128,126,127,128,130,129,129,128,130,124,124,127,128,129,128,129,127,125,126,128,126,125,126,125,124,127
127,128,127,127,130,131,131,127,130,127,128,126,125,126,128,130,130,128,128,126,126,127,127,126,128,125,126,127,125,125,127,127,129,127,128,127,126,127,126,128,127,127,127,126,128,127,127,130,130,129,127,125,126,128,128,130,128,128,128,128,127,127,126,127
124,123,127,126,126,126,125,127,122,126,126,126,125,126,126,128,122,125,126,126,125,127,125,125,125,126,126,127,124,124,124,127,126,125,125,127,127,126,125,127,127,124,125,125,125,125,125,127,125,127,127,127,127,126,127,125,126,125,127,127,126,126,125,127
130,132,128,129,129,129,126,129,133,129,126,127,127,125,126,130,131,127,125,125,125,128,126,126,130,128,126,128,125,127,126,128,130,128,125,127,125,123,126,128,128,129,125,124,125,125,126,128,129,130,128,125,125,125,129,129,129,129,129,129,128,129,130,128
127,129,127,128,129,129,128,127,129,130,129,129,130,130,129,127,129,130,130,131,130,127,130,127,128,130,131,127,130,128,129,127,128,130,130,128,129,131,129,127,127,130,131,130,130,130,130,126,127,127,129,130,129,129,128,127,126,126,127,127,127,127,127,127
125,126,128,125,125,124,127,127,124,126,128,128,128,128,127,126,123,126,127,128,127,128,127,125,125,126,127,127,126,126,126,127,125,125,126,126,126,126,128,128,127,126,126,126,126,126,126,127,124,124,127,128,127,126,126,126,126,124,124,125,126,125,126,128
132,128,132,127,128,128,127,130,128,126,124,125,125,125,126,127,130,125,127,127,129,132,128,126,129,124,125,130,124,125,125,128,130,123,124,126,126,124,126,127,130,124,126,123,125,124,128,131,133,127,125,125,126,125,126,128,130,127,123,124,126,127,128,134
130,129,127,127,128,129,129,128,131,130,128,127,127,126,127,129,130,131,128,127,127,127,127,128,128,130,127,127,127,127,126,128,129,130,127,127,127,126,127,129,127,129,127,128,127,127,128,128,127,128,128,128,127,128,127,125,125,126,125,125,125,125,125,127
125,124,126,126,123,123,121,126,124,122,123,124,124,121,121,123,125,122,123,124,123,126,123,128,127,123,126,127,126,127,126,126,125,121,125,127,125,124,126,125,127,122,125,128,126,126,123,126,127,123,125,122,122,124,121,123,127,121,123,125,126,127,124,126
125,126,127,128,127,126,125,128,125,124,125,126,124,125,125,127,127,126,125,126,125,127,126,126,127,128,125,127,126,128,127,127,127,128,125,128,128,126,128,128,127,128,126,126,126,126,126,126,126,125,126,127,127,127,126,127,128,126,126,127,127,126,128,127
130,130,127,129,131,131,132,128,129,126,129,129,128,127,126,130,130,126,125,127,126,127,126,129,129,128,125,127,127,127,127,128,131,126,126,128,128,128,129,129,128,127,126,127,129,129,126,130,131,127,127,126,128,129,125,125,129,126,128,129,129,129,127,127
127,128,127,127,129,129,127,126,129,127,126,125,125,125,125,126,126,128,126,125,125,127,126,123,125,127,124,126,123,124,124,126,125,127,124,125,123,124,124,125,126,127,126,125,125,124,126,127,125,127,125,127,127,127,126,124,126,124,126,125,124,125,123,127
127,128,127,127,129,130,130,127,128,132,132,132,132,132,133,127,127,132,131,131,131,127,132,129,127,132,131,127,130,128,128,126,127,131,129,127,129,129,129,126,127,131,129,129,129,128,131,126,125,127,126,127,126,126,127,127,127,128,126,124,125,125,126,127
129,128,127,127,127,127,127,128,126,127,128,128,128,126,125,125,127,125,127,129,127,127,127,129,127,124,128,127,128,128,129,127,127,124,127,127,129,127,129,128,127,123,126,127,127,128,126,125,128,127,126,124,126,125,126,126,124,124,124,124,125,126,126,127
129,126,127,126,125,126,125,127,125,125,125,123,125,124,126,125,125,124,123,124,125,128,124,126,126,123,124,127,124,127,126,127,125,123,124,127,125,124,124,125,127,123,125,124,124,126,125,121,125,125,124,124,125,123,122,122,126,124,122,123,125,127,122,128
127,127,127,127,128,129,128,127,128,129,130,132,131,131,130,127,127,129,128,131,130,127,128,130,127,130,130,127,130,128,127,127,126,127,128,127,128,128,126,126,126,127,128,128,127,126,127,124,124,127,127,127,127,126,126,127,128,127,127,126,127,128,127,127
124,126,127,127,126,127,126,127,127,130,126,126,129,127,130,129,128,129,128,126,129,127,128,127,127,128,127,126,127,125,125,127,127,130,130,126,127,129,127,129,127,129,129,127,126,127,129,129,127,132,131,131,129,130,131,128,126,128,130,128,127,128,128,127
128,127,127,125,126,125,127,127,127,126,125,127,127,128,126,126,125,126,126,126,128,127,127,126,125,127,127,127,127,127,127,126,125,125,126,127,127,127,127,126,127,124,127,127,127,127,128,126,124,123,124,125,125,126,125,123,125,124,123,125,125,125,125,127
127,128,127,128,128,128,127,127,126,127,127,126,128,127,126,125,125,125,126,125,126,127,124,125,126,125,126,127,126,126,124,126,125,124,123,126,126,124,123,124,126,123,123,122,123,124,123,121,122,124,123,125,123,122,123,123,125,125,123,124,125,124,124,127
128,128,127,127,124,123,124,127,126,124,125,126,124,125,123,125,127,125,125,126,125,127,125,126,128,126,126,127,127,126,126,127,128,125,126,127,127,126,126,126,127,127,127,127,126,127,125,125,127,125,127,127,127,127,125,124,126,125,125,126,127,127,126,127
125,128,127,129,129,126,124,127,127,129,130,130,130,131,130,130,129,129,129,130,129,127,129,130,128,129,132,128,131,129,129,128,127,130,130,128,129,129,130,128,127,129,130,129,128,129,127,128,126,126,131,129,128,129,129,129,128,125,130,129,128,128,128,127
159,162,131,144,160,161,162,139,164,161,164,161,165,165,163,158,163,164,163,162,165,130,162,146,145,163,159,132,160,143,145,138,152,164,161,136,156,162,150,143,133,162,164,159,161,155,161,158,160,161,158,168,165,164,159,154,145,156,159,158,147,146,154,129
125,122,125,128,119,114,116,127,120,115,125,124,117,118,115,123,125,118,116,122,113,125,115,135,128,125,120,127,121,130,125,130,129,122,120,128,128,119,130,131,127,125,116,117,119,124,116,125,127,123,123,118,119,121,126,131,130,126,126,129,132,133,132,125
128,129,127,128,127,127,129,127,126,127,126,126,127,124,125,129,127,123,125,127,126,127,125,127,127,122,125,127,128,128,126,127,126,123,125,127,127,127,126,126,127,122,125,126,127,128,124,127,127,126,125,122,123,126,128,128,127,127,127,126,127,127,127,127
126,128,127,127,127,128,131,127,130,132,132,131,133,133,134,130,127,134,133,131,131,127,134,128,126,133,131,127,131,128,130,126,127,132,131,127,130,132,130,127,126,132,131,131,131,130,133,128,127,131,130,130,130,130,131,128,124,131,129,127,125,126,126,127
125,123,127,123,121,122,124,127,127,126,121,123,123,124,124,126,125,122,124,125,125,127,123,123,125,122,125,126,124,125,125,126,125,124,124,126,123,123,125,126,126,124,125,124,124,125,123,123,128,125,123,122,122,122,123,121,125,123,121,123,123,124,122,127
128,132,128,130,130,130,130,128,131,131,132,131,132,131,131,128,128,130,129,128,129,127,129,130,128,129,127,128,130,129,131,127,128,129,129,128,127,129,130,128,127,130,130,130,129,129,130,127,128,128,129,126,127,126,127,129,126,130,128,126,126,128,129,127
127,128,127,128,126,126,125,127,127,128,128,128,128,127,127,127,127,127,127,127,127,127,126,125,128,127,128,127,128,128,127,127,127,128,128,127,127,127,128,127,127,128,127,128,126,128,126,126,127,127,127,126,126,126,127,127,127,129,128,128,128,128,127,127
125,127,127,128,127,127,125,127,125,123,125,124,124,124,124,128,127,126,122,123,123,127,123,127,127,125,123,128,124,126,126,127,127,123,121,126,124,123,125,127,128,125,121,121,122,124,123,125,127,125,125,124,123,125,124,125,128,125,126,126,127,126,127,127
127,126,127,127,126,125,122,126,126,125,125,125,124,125,125,125,127,124,125,125,125,127,124,127,127,126,126,127,126,126,125,127,127,125,126,126,127,126,126,127,127,125,125,125,126,127,125,125,127,127,128,127,126,126,127,126,127,128,127,127,127,126,126,127
126,125,127,126,125,125,127,127,125,128,126,127,130,129,128,127,124,128,129,127,130,127,131,125,126,130,130,127,129,127,128,127,126,129,129,127,126,128,130,127,127,129,129,129,128,127,130,128,127,126,125,126,126,126,127,128,126,126,125,126,126,125,128,128
129,129,126,126,128,128,128,127,128,127,126,125,126,127,129,127,129,129,127,125,126,126,129,126,127,129,126,126,125,124,125,126,128,130,126,126,127,128,127,128,126,131,128,126,127,126,131,130,128,130,130,131,131,130,130,129,128,128,127,126,125,125,128,127
131,131,127,128,131,132,133,128,132,130,132,132,135,135,136,133,131,136,134,131,131,127,136,128,128,135,133,127,131,127,130,129,127,133,132,127,130,131,133,130,127,131,131,130,130,129,133,131,125,128,132,132,132,130,128,123,128,124,129,127,127,128,128,127
127,127,126,127,126,125,125,127,128,128,128,128,128,128,129,128,127,127,127,127,127,127,129,128,127,128,129,127,129,128,129,127,127,129,129,128,129,128,130,127,127,128,128,128,128,130,128,124,128,127,131,129,128,129,128,129,127,128,129,129,129,129,128,126
125,126,127,125,125,127,126,127,127,130,127,128,128,130,130,128,125,128,130,130,129,128,129,125,126,127,129,127,127,128,127,127,124,126,126,127,126,127,124,125,127,125,127,127,128,126,126,124,124,126,127,128,128,127,124,124,125,126,126,126,127,125,124,128
128,126,127,126,124,123,124,126,128,126,126,126,127,126,125,126,128,127,127,126,128,127,127,129,128,125,127,127,127,127,128,127,128,126,127,127,128,127,128,127,127,126,127,127,127,128,128,127,129,129,129,129,129,128,127,128,129,126,127,128,129,130,129,127
124,127,127,125,125,125,126,125,125,126,124,123,126,125,123,124,123,124,126,124,126,127,124,125,124,121,125,126,124,125,127,125,122,123,126,126,125,125,123,124,126,123,126,125,126,126,124,123,124,124,125,127,126,126,126,125,125,125,125,127,126,127,127,127
126,126,127,126,127,129,130,127,127,130,129,128,130,129,128,126,125,129,130,130,130,127,129,125,125,128,129,127,128,127,127,127,126,128,129,127,128,130,129,126,127,128,129,129,130,130,130,127,127,128,128,130,130,129,130,127,126,128,127,126,127,126,128,127
126,128,127,128,129,128,129,128,129,129,129,128,128,129,128,128,129,130,131,130,130,127,131,129,129,132,131,128,130,129,130,128,129,130,130,128,129,130,129,128,128,131,130,130,129,129,130,130,130,133,130,130,128,131,130,130,128,130,128,128,128,127,128,127
127,128,127,128,128,129,129,127,129,131,130,130,131,130,129,127,128,129,128,130,129,127,128,128,128,127,127,128,127,127,126,127,126,128,127,128,127,127,127,127,128,127,128,128,127,127,128,126,127,126,128,128,128,129,127,124,125,122,126,127,128,127,126,127
125,125,127,126,127,127,130,125,128,126,127,126,126,126,129,130,128,129,128,126,128,127,128,125,127,129,127,127,127,127,127,126,127,130,128,127,128,129,128,126,127,129,128,130,130,128,130,129,127,127,129,129,130,130,129,127,127,127,129,129,129,129,129,127
129,126,128,125,123,124,127,127,128,125,124,124,125,124,126,128,127,126,126,126,127,128,127,131,127,126,125,127,127,127,128,127,128,126,126,127,126,126,128,128,127,126,126,125,125,126,127,127,129,125,124,124,123,124,124,123,125,123,124,123,123,123,123,128
135,137,128,132,132,134,135,129,135,136,130,131,132,132,133,133,129,132,130,131,131,128,129,127,128,131,130,128,130,126,126,128,125,129,128,128,129,129,125,125,128,129,130,128,128,127,129,125,125,129,129,130,128,128,130,128,127,132,130,128,127,126,129,128
120,118,126,121,122,124,122,123,122,130,125,129,131,130,132,122,120,129,132,131,132,127,132,125,122,126,129,127,132,127,127,124,123,127,131,126,130,132,124,124,126,127,132,130,129,128,129,124,121,125,126,128,128,127,127,121,122,125,124,122,120,120,119,127
124,125,128,129,129,128,127,127,124,127,130,130,128,129,127,127,129,130,130,131,129,127,129,127,128,132,130,127,128,127,127,128,129,131,127,127,130,130,129,129,128,130,128,128,128,127,128,130,128,129,130,131,132,133,128,127,124,127,128,128,128,126,128,127
125,125,126,124,124,124,125,125,125,123,125,121,123,121,122,121,122,121,121,118,121,126,123,123,124,123,121,125,118,122,124,125,125,123,123,124,119,122,124,124,126,125,122,121,121,121,123,126,126,124,120,120,121,124,122,124,127,125,123,124,123,126,122,126
128,128,126,127,128,127,126,127,127,125,129,130,129,129,127,127,130,127,127,127,126,126,127,125,128,129,128,127,127,127,128,127,128,128,127,127,126,126,126,126,127,128,126,126,126,125,124,128,129,127,127,127,125,127,125,130,128,126,129,131,129,131,129,126
126,123,127,126,123,122,120,126,122,124,125,125,123,124,122,120,124,125,126,128,127,127,123,123,126,124,127,128,127,128,126,126,126,125,129,128,129,128,126,124,127,125,128,129,129,128,126,124,127,128,129,129,128,128,128,127,128,128,129,130,130,130,131,127
127,128,127,128,129,129,126,126,128,127,127,126,126,128,128,127,130,128,127,127,128,127,128,127,127,129,128,127,127,128,128,127,127,130,128,127,126,127,127,126,127,129,127,128,128,127,126,126,125,126,127,127,129,128,124,125,125,128,125,122,122,122,124,127
126,126,128,128,127,126,125,127,125,127,127,128,127,127,127,127,126,126,128,129,128,128,126,129,127,127,129,128,130,130,130,128,127,127,129,129,131,129,128,127,128,126,127,129,128,129,126,125,124,125,127,126,128,127,126,124,126,127,127,126,128,126,126,128
127,126,127,127,127,125,127,128,129,126,126,127,124,124,126,129,128,125,125,126,125,127,125,127,127,127,125,127,126,127,128,127,129,128,126,128,127,128,128,128,128,129,127,125,126,129,128,130,129,129,128,128,128,130,129,130,128,130,130,130,129,129,129,128
127,126,127,126,125,124,124,126,128,123,124,126,126,126,124,122,128,125,126,126,128,127,124,123,126,125,126,127,127,127,127,126,125,126,128,127,126,127,126,125,127,125,128,128,128,128,127,123,121,123,125,125,124,124,123,122,124,123,122,123,125,126,124,127
126,127,127,128,127,128,129,128,125,126,128,129,127,128,128,127,125,125,124,125,125,127,126,128,127,126,125,127,125,126,126,127,128,125,124,127,126,125,127,128,128,123,123,124,123,125,124,125,125,124,124,124,125,126,126,128,128,126,125,128,129,128,128,127
125,123,127,127,126,127,125,125,125,123,124,125,124,124,123,120,126,122,124,125,126,127,124,124,126,124,123,127,124,125,124,126,126,125,125,127,123,124,124,126,127,125,125,125,126,125,126,125,125,126,125,126,127,126,125,125,127,126,125,126,127,128,124,127
126,122,127,128,126,125,123,126,121,124,129,128,126,127,124,123,125,125,124,127,127,127,124,123,126,127,127,127,130,129,123,126,127,126,126,128,131,130,127,127,127,126,125,125,126,130,122,124,127,126,129,130,132,130,127,130,132,132,132,133,133,133,133,127
129,131,126,128,131,129,132,128,132,129,126,127,128,128,129,131,130,127,126,126,128,126,129,127,128,129,127,126,127,126,126,127,128,129,126,126,128,128,126,128,126,129,126,127,127,127,126,128,126,126,128,130,129,132,128,127,127,128,131,130,128,128,127,126
126,124,127,126,124,123,123,128,128,123,125,122,123,123,123,128,130,124,125,123,122,127,124,127,129,124,124,127,127,127,126,128,128,126,124,126,125,124,125,128,127,126,123,125,124,126,123,125,127,125,124,123,124,125,125,127,125,125,124,125,125,124,126,127
130,129,127,129,127,128,129,128,130,128,128,128,128,128,128,129,130,128,128,128,128,127,129,130,129,129,128,128,128,129,130,129,128,128,128,128,129,128,129,129,128,129,128,128,128,129,128,126,126,129,129,129,128,127,129,127,127,128,126,125,126,127,128,127
132,133,124,132,132,128,128,127,128,126,133,132,128,129,128,128,131,125,124,128,124,124,125,133,130,131,128,126,131,131,129,128,131,125,124,128,133,126,130,132,126,126,120,122,123,127,119,131,128,124,126,123,122,124,125,130,134,125,128,132,135,136,133,123
127,126,130,129,125,126,128,130,125,125,127,129,125,126,124,123,125,126,127,128,127,130,126,135,128,126,127,131,128,131,133,130,127,126,128,131,130,128,131,130,130,124,128,130,129,131,128,125,123,124,128,125,127,128,127,126,130,127,125,127,130,131,127,130
127,128,127,128,128,127,125,127,128,126,127,126,126,127,126,128,129,126,126,126,127,127,126,129,128,128,126,127,126,128,127,128,129,128,127,127,127,127,127,129,127,129,127,126,126,127,126,129,128,128,127,126,127,125,127,128,126,129,126,126,127,127,129,127
128,127,128,126,125,126,125,128,127,128,128,129,129,129,128,126,129,131,129,127,129,128,129,126,128,130,127,127,127,127,127,128,129,130,129,127,127,128,127,128,128,129,128,126,129,128,131,131,128,130,128,128,128,127,130,130,126,129,129,128,127,126,129,128
128,130,127,128,130,130,128,128,131,126,126,126,127,127,128,131,131,129,128,128,127,127,130,123,128,129,127,127,128,126,127,127,130,129,127,126,129,128,129,128,127,128,127,127,130,128,129,131,131,131,127,128,129,130,129,129,129,128,130,131,129,129,130,127
126,127,127,126,126,126,126,127,126,125,124,123,124,124,125,126,125,124,122,122,123,127,123,126,126,125,122,127,122,125,126,126,126,125,124,126,124,124,125,125,127,126,124,125,124,125,125,125,127,128,127,125,126,126,127,125,125,128,128,126,125,125,126,127
129,128,124,126,128,128,129,125,128,126,127,127,127,127,127,128,130,126,127,127,127,123,127,127,126,127,126,123,127,125,125,125,128,126,127,124,127,128,127,126,124,127,127,127,128,127,127,130,131,127,126,127,127,128,128,129,127,129,128,129,128,129,130,124
125,125,127,126,126,126,124,125,125,128,130,132,130,130,127,124,126,129,129,130,131,127,128,125,127,132,131,127,131,128,126,126,128,130,129,128,130,130,129,127,127,132,130,129,130,129,131,127,128,129,130,132,131,130,128,127,126,128,129,128,127,126,126,126
126,121,126,123,117,116,115,126,119,109,115,115,112,112,109,119,123,112,112,114,113,126,112,123,126,115,115,126,117,122,123,126,127,113,116,125,120,115,120,123,126,114,115,116,118,119,112,120,128,119,118,117,116,117,119,121,126,119,119,123,124,126,124,126
129,129,128,128,128,128,129,128,126,126,127,129,126,127,127,126,127,126,126,126,125,127,127,128,127,127,126,127,126,127,128,128,127,125,126,126,124,126,127,126,127,126,127,126,127,127,126,126,129,129,128,128,128,128,129,130,129,131,130,129,130,129,132,128
126,127,127,127,128,128,128,127,127,128,129,129,130,129,129,129,127,128,131,129,129,127,129,125,127,128,130,127,130,127,129,128,128,128,130,127,128,129,129,128,127,129,130,129,129,129,130,129,128,129,130,131,130,129,127,128,128,128,129,130,128,127,126,127
130,129,127,126,130,131,133,126,130,132,132,130,133,133,135,130,129,133,134,131,133,127,135,128,127,131,131,127,129,126,125,126,127,131,130,126,127,131,126,126,126,131,130,129,129,128,134,132,129,132,131,133,134,134,131,133,131,132,134,134,132,132,131,127
127,128,127,128,128,128,128,127,125,127,127,128,127,127,128,127,126,129,126,127,126,127,129,130,127,130,127,127,127,127,128,127,127,129,128,127,131,129,129,127,127,129,126,127,127,128,128,130,129,131,131,131,131,131,129,129,128,131,131,130,128,128,128,126
127,126,127,128,127,126,127,128,126,124,125,125,123,124,124,128,125,123,124,125,124,127,125,126,127,124,124,127,125,127,129,129,127,123,123,128,126,124,128,128,127,123,124,124,125,126,125,127,127,124,124,123,123,125,127,127,128,127,127,128,129,128,127,127
125,125,126,124,124,126,126,126,126,126,123,123,123,123,124,127,126,125,124,123,123,127,123,125,126,124,124,126,124,125,124,126,126,124,125,126,125,125,123,126,126,124,125,125,124,124,124,125,124,124,124,125,124,124,124,123,124,124,125,125,125,125,121,126
125,125,126,125,124,123,126,127,125,128,128,127,128,128,130,128,125,128,128,127,127,127,129,126,126,127,127,126,126,127,128,127,127,127,128,127,128,129,129,128,126,127,126,126,126,128,130,128,126,130,129,129,129,129,130,131,127,131,129,129,128,129,128,127
123,124,126,123,124,125,128,125,125,129,128,129,130,131,132,128,123,130,130,132,131,127,131,124,124,128,130,127,130,127,128,124,124,129,130,127,128,130,128,125,126,127,130,129,129,126,129,126,123,126,127,128,129,130,131,129,125,126,128,128,126,126,129,127
127,128,127,127,128,127,127,127,126,125,127,127,126,127,127,126,126,126,125,126,125,127,126,126,127,127,125,127,125,126,126,127,127,126,125,127,126,126,127,127,127,127,125,125,124,125,124,127,127,127,126,126,125,126,126,128,128,126,126,126,126,127,128,127
119,119,130,126,123,124,122,126,119,123,123,126,127,128,126,117,120,127,130,129,129,130,129,128,125,125,128,130,126,127,129,127,122,124,128,129,127,129,127,123,129,120,129,129,127,127,125,115,115,117,125,126,124,121,117,114,121,116,115,114,118,120,116,130
126,125,128,128,126,124,121,126,123,124,126,126,125,125,122,122,124,124,124,126,125,128,124,126,126,126,126,128,127,128,125,127,126,125,125,127,126,126,126,126,127,124,124,125,126,126,124,124,125,125,125,125,125,126,124,127,128,125,124,126,127,127,127,128
128,127,126,127,129,128,129,127,131,130,129,129,129,131,131,131,129,128,130,129,130,126,130,125,127,127,130,126,130,127,127,127,129,129,130,127,130,131,129,128,127,131,131,129,130,128,131,132,129,131,130,130,130,130,133,134,129,130,132,130,129,130,131,126
129,131,128,128,127,127,126,128,131,129,128,129,127,127,127,126,129,127,128,127,125,128,126,127,127,129,126,127,126,127,126,127,127,127,125,126,125,125,126,127,127,127,126,125,124,126,125,126,127,125,127,127,126,126,123,123,127,126,125,125,123,123,122,128
125,124,127,123,123,122,122,126,125,125,123,123,125,125,123,123,124,125,127,126,126,127,125,123,124,125,127,126,126,124,125,124,126,125,128,126,124,126,123,125,126,124,127,125,126,126,124,125,126,125,125,124,124,124,125,123,124,124,124,125,124,124,123,127
123,127,127,126,127,127,126,126,126,129,131,130,130,129,129,126,129,132,128,130,129,127,129,129,127,131,128,126,130,128,128,126,128,132,131,128,132,131,130,127,127,132,130,130,129,130,132,128,131,132,131,132,129,129,127,127,127,128,128,128,127,127,126,127
134,132,130,128,129,129,127,129,129,123,121,120,120,122,122,128,132,124,123,121,121,130,122,125,129,121,121,129,118,122,121,127,129,122,121,125,119,121,120,126,129,123,120,118,120,120,124,129,134,131,122,122,125,124,130,132,133,132,131,137,133,137,136,131
127,132,127,131,137,137,136,130,133,135,139,138,135,136,135,138,134,136,135,134,132,126,136,129,130,138,136,126,135,130,130,129,130,134,132,127,133,134,132,131,127,135,133,130,132,132,131,133,132,133,132,134,133,135,135,137,129,132,136,133,133,131,136,127
128,127,128,126,125,125,124,127,128,126,126,127,126,125,125,127,129,126,123,126,125,128,125,127,128,126,124,128,125,125,125,128,128,127,124,127,125,124,124,127,128,128,125,125,124,125,125,129,128,128,125,125,124,124,127,127,125,129,126,125,124,123,125,128
128,131,127,129,133,131,133,128,132,128,126,126,126,124,128,131,130,126,126,126,127,126,127,127,129,127,124,126,125,126,126,128,128,127,126,127,125,126,127,128,127,127,127,125,127,126,128,131,126,124,127,128,129,129,127,128,130,123,129,130,130,130,127,126
125,124,127,125,125,126,125,127,124,123,123,124,123,124,123,127,123,120,120,121,121,127,123,123,124,121,121,126,121,123,122,126,125,120,118,125,121,119,122,126,127,122,121,122,121,122,122,126,125,122,120,121,120,120,123,124,126,124,124,124,125,126,125,127
127,129,128,128,130,129,128,128,127,125,126,126,125,125,125,128,128,126,126,127,125,128,125,130,128,127,126,128,125,127,126,128,128,126,126,128,125,126,126,128,128,127,125,125,124,125,125,129,128,128,127,127,126,126,125,126,129,126,128,128,128,128,128,128
128,127,127,127,128,127,125,127,126,125,125,125,126,126,127,127,126,125,127,127,127,127,127,127,127,126,128,127,129,128,127,127,126,125,128,127,128,128,126,126,126,125,128,129,128,127,127,126,126,126,127,127,128,127,127,125,127,126,126,128,129,128,125,127
129,129,127,127,127,127,128,128,129,129,128,127,129,129,127,127,129,131,130,128,130,127,129,127,127,131,128,127,126,127,128,126,127,132,128,127,127,127,127,126,127,131,129,129,131,129,131,128,125,129,129,130,130,128,126,127,128,127,125,126,126,128,127,127
128,126,127,127,126,126,128,128,126,125,127,127,125,126,124,127,128,123,127,129,126,127,124,127,128,125,127,127,127,128,127,128,128,123,126,127,128,127,129,129,127,122,124,126,126,128,125,127,127,125,125,124,125,124,127,127,127,126,125,126,128,129,129,126
129,130,127,128,126,125,126,127,126,122,123,123,122,121,123,125,127,121,121,123,121,127,123,126,128,121,122,127,124,127,127,128,127,122,122,127,125,123,126,127,127,122,123,126,126,125,124,128,129,125,124,125,126,127,129,130,130,127,131,134,134,133,133,127
128,127,126,126,127,125,128,127,128,127,127,128,128,128,128,126,128,127,127,128,129,127,128,127,128,128,128,127,129,128,128,127,128,128,129,127,128,129,129,127,127,128,129,128,128,129,128,127,128,128,128,127,126,127,127,127,126,129,125,125,125,125,127,127
132,128,128,128,128,129,127,128,128,124,126,125,125,124,123,127,130,125,124,126,127,128,125,128,129,126,125,127,125,127,126,129,130,128,127,128,128,128,126,131,128,127,127,126,127,128,126,132,131,129,128,128,129,129,127,128,127,127,127,128,128,128,126,128
126,125,127,126,124,124,124,127,125,124,124,124,125,124,123,124,125,125,124,125,126,127,124,125,126,126,126,127,126,127,125,126,125,125,126,127,126,125,125,126,126,125,125,125,126,125,125,125,125,126,126,126,127,125,126,126,127,126,125,125,126,126,126,127
126,127,127,128,127,128,128,127,127,134,131,133,134,134,132,129,126,136,136,134,136,127,135,129,127,134,135,127,134,130,132,127,128,136,138,129,133,137,133,129,127,134,137,137,136,137,138,134,130,135,135,136,134,134,135,133,128,134,132,129,129,129,130,127
125,125,127,127,125,124,126,128,126,125,126,126,126,125,127,128,129,129,127,127,126,127,128,125,128,129,128,128,128,128,127,128,129,128,128,128,127,128,127,127,128,128,128,128,127,128,126,124,127,127,129,129,127,127,125,126,128,125,127,126,127,128,127,127
127,125,127,127,126,127,124,127,125,125,126,127,125,127,126,126,126,127,127,127,125,127,126,126,127,126,126,127,126,127,127,127,126,126,128,127,129,129,127,126,127,126,127,129,127,128,127,126,127,127,129,130,130,128,126,125,127,124,127,128,127,128,127,127
128,132,128,128,132,134,133,128,133,134,131,130,132,131,132,133,129,133,133,131,132,128,133,126,127,132,130,127,129,126,126,127,127,132,131,127,128,132,127,126,127,132,132,130,131,129,132,129,128,133,129,132,132,132,133,130,126,132,131,128,126,126,127,128
129,130,127,129,131,131,129,127,132,130,128,127,129,129,128,130,132,130,129,128,128,127,128,129,129,129,128,127,128,127,127,128,128,130,128,127,127,128,127,129,127,130,128,128,128,127,126,129,127,128,126,126,127,127,128,127,128,127,128,128,128,129,128,127
129,130,127,128,128,129,129,129,129,128,126,126,126,126,127,131,128,127,126,126,125,127,126,127,128,127,127,127,125,125,125,129,128,126,124,127,124,126,126,129,127,126,125,125,125,126,126,126,125,126,125,123,123,124,124,125,126,124,123,123,124,126,124,127
128,131,127,129,131,130,130,127,130,129,129,129,130,128,130,131,129,129,128,129,128,127,130,127,128,129,130,127,130,129,127,128,128,128,128,127,129,130,129,129,127,127,126,128,129,128,129,127,126,126,129,130,130,130,129,129,127,128,129,128,129,127,131,127
126,127,128,130,130,130,129,127,127,127,128,128,129,129,129,128,130,129,129,128,130,128,131,131,129,130,128,127,129,127,129,128,129,129,128,128,129,129,128,129,128,129,130,130,130,129,129,129,128,125,127,128,129,129,128,127,126,125,127,127,128,127,128,128
127,129,127,127,130,131,132,128,130,130,126,125,126,127,129,131,129,130,128,127,127,127,126,128,127,129,127,127,126,126,126,128,128,129,127,127,125,127,125,128,127,129,127,127,126,125,127,131,128,129,126,126,126,126,130,130,127,132,129,128,127,126,129,127
120,118,130,120,120,124,121,127,122,128,120,122,126,127,130,125,116,127,126,124,131,131,131,127,121,120,123,128,121,122,123,127,119,122,126,126,119,125,120,123,128,121,128,124,124,119,129,122,122,126,121,125,127,122,129,126,127,130,126,126,127,127,129,131
126,122,129,124,121,123,124,126,126,132,131,131,133,132,130,122,124,133,134,131,134,129,132,123,125,130,132,128,131,128,127,126,125,130,134,128,129,132,127,124,128,129,133,131,130,130,132,128,125,127,126,130,128,127,130,128,129,130,128,127,126,128,129,130
129,128,127,128,125,125,125,128,129,129,130,131,129,130,127,127,128,128,129,129,129,127,128,129,128,128,130,128,129,128,127,128,128,127,128,128,129,128,129,129,128,128,127,128,128,127,127,126,126,128,127,127,128,126,128,128,127,128,127,125,126,126,128,127
127,126,127,125,123,123,125,128,125,122,125,125,123,124,124,126,125,123,124,125,123,127,124,127,127,125,124,128,125,128,128,128,127,124,123,128,127,125,127,128,128,124,124,125,124,127,124,126,127,124,125,125,125,125,122,124,128,124,122,123,125,126,125,127
128,127,127,128,127,126,126,128,127,127,127,127,126,128,128,128,129,128,126,127,126,127,127,130,129,129,128,128,127,129,129,129,128,128,127,129,128,127,130,130,127,128,126,126,127,129,129,127,124,127,129,127,127,128,127,126,128,127,128,128,129,129,127,127
128,129,126,127,128,129,130,127,129,131,132,132,130,131,130,127,128,132,132,133,130,127,130,128,127,131,131,127,132,129,128,127,128,128,128,128,130,129,128,128,127,127,129,129,130,128,129,126,128,127,128,128,128,129,127,126,126,125,127,129,128,127,124,126
131,130,126,129,131,130,133,128,130,133,134,134,133,133,132,130,127,131,133,134,133,126,133,125,127,131,135,127,134,130,129,128,127,131,134,128,133,135,131,128,127,131,133,134,133,132,131,128,128,129,134,136,137,134,128,128,127,126,128,128,128,127,128,126
125,127,126,126,129,129,126,125,127,129,130,128,130,130,130,126,129,131,132,130,131,126,133,127,126,130,130,126,127,127,127,126,126,131,132,126,128,131,128,126,126,131,132,131,130,129,132,131,127,129,128,128,128,128,129,130,127,128,129,127,127,128,128,126
129,129,127,128,128,129,129,128,129,126,127,127,125,126,125,127,128,124,124,126,124,127,124,129,128,125,124,127,126,127,127,128,129,125,124,127,127,125,127,129,127,126,123,125,124,126,124,126,129,126,126,126,126,124,123,126,128,127,126,126,127,128,127,126
126,124,127,124,125,125,121,125,125,125,124,123,124,126,123,123,124,125,125,126,127,127,124,125,125,125,125,127,124,124,120,125,125,125,125,126,124,124,121,124,126,124,125,124,123,122,125,124,126,125,124,126,126,124,124,123,128,124,127,126,128,128,125,128
130,126,132,128,125,125,123,130,126,122,123,123,122,122,120,126,127,123,123,124,125,132,124,133,129,124,123,131,123,127,128,130,127,123,123,129,124,122,126,129,131,123,122,123,122,124,124,126,127,125,124,124,123,123,124,126,129,126,124,125,126,127,129,132
128,129,128,128,128,129,126,127,129,128,127,127,126,127,126,127,130,128,127,127,129,127,126,129,129,128,127,127,127,127,126,127,129,128,128,127,127,128,126,129,128,127,127,126,127,126,128,128,128,127,127,126,126,127,127,127,128,127,126,126,127,127,127,127
125,125,127,128,125,123,123,127,125,126,125,127,126,125,125,125,127,128,126,126,125,127,126,127,128,128,127,128,128,129,131,129,128,126,126,128,128,126,128,128,128,127,126,127,128,129,124,126,128,125,127,126,125,127,123,121,126,120,125,126,128,128,123,127
124,123,127,125,125,125,125,125,123,126,126,127,128,127,126,123,123,125,126,127,128,127,126,125,125,125,126,126,127,126,125,126,123,124,127,126,126,127,126,126,126,124,126,125,125,125,126,124,124,124,125,126,124,125,124,124,126,124,124,125,125,125,124,127
129,128,128,128,129,129,129,127,128,125,126,127,126,126,126,127,127,125,127,127,126,128,125,128,127,124,126,128,125,126,126,127,128,124,125,127,127,125,126,127,128,126,126,127,127,127,125,128,129,126,126,126,126,126,126,126,127,126,126,127,127,126,127,128
127,125,125,128,126,126,125,125,125,124,128,128,127,125,124,124,126,125,125,127,125,125,124,128,127,127,126,125,128,128,126,126,128,125,125,126,128,126,128,128,126,125,124,126,125,127,123,125,127,124,127,127,125,127,123,125,127,126,127,128,129,128,126,124
128,130,128,128,131,132,131,128,132,134,131,132,134,133,131,128,130,133,131,131,132,128,131,130,129,134,131,128,130,128,128,127,129,133,129,127,127,128,128,127,128,133,131,129,128,127,129,129,127,129,129,130,129,128,129,128,128,129,131,129,128,128,128,128
129,128,127,128,128,128,127,127,130,127,127,127,126,127,128,128,130,127,126,126,125,127,127,127,128,126,125,127,125,127,127,128,129,127,124,127,126,125,128,127,127,127,125,124,125,126,125,127,128,126,124,125,124,126,124,125,127,126,126,127,127,127,126,127
127,128,127,127,126,126,127,127,128,127,124,126,124,124,125,127,128,127,126,125,125,127,126,126,127,126,124,127,125,126,125,126,128,126,125,127,127,126,124,126,128,127,125,124,126,125,126,129,128,128,125,127,126,126,125,125,126,125,126,127,125,126,125,127
127,126,127,126,127,129,128,127,128,131,129,130,130,129,129,128,127,131,130,131,132,127,129,128,127,130,131,127,130,128,128,126,127,129,128,127,129,130,128,128,127,129,129,129,129,128,129,129,129,129,129,130,131,130,125,125,126,126,126,125,126,127,126,127
124,125,127,125,127,128,127,126,129,133,130,129,132,130,127,127,127,134,133,131,131,127,131,126,126,131,131,128,129,128,126,127,126,135,133,128,128,130,128,127,127,134,133,134,133,131,132,127,127,135,135,135,133,133,134,133,127,131,130,131,130,130,131,128
122,125,126,126,127,127,128,124,123,133,131,133,133,133,131,125,124,131,135,137,135,126,130,126,124,128,135,126,134,130,129,125,123,130,134,128,130,135,130,125,125,128,135,137,133,133,130,124,124,126,130,129,129,130,128,125,123,124,126,125,124,124,124,126
128,127,128,128,129,130,132,128,128,128,128,129,130,130,131,130,128,129,130,130,131,128,131,127,128,127,130,128,130,127,127,128,128,128,130,128,130,131,128,128,128,127,130,130,130,129,131,129,128,131,129,131,130,131,131,130,127,129,129,131,130,130,129,128
126,127,127,127,126,127,127,128,125,128,127,128,127,127,128,128,127,128,127,127,126,128,128,130,128,129,127,128,127,128,128,128,128,128,127,128,127,127,128,128,128,128,127,127,126,127,127,129,130,129,128,129,128,128,129,129,127,130,129,127,127,127,128,127
129,129,127,128,130,130,131,128,130,129,129,127,127,127,129,131,130,130,129,127,128,127,129,126,129,129,128,127,128,128,129,127,128,129,129,127,128,128,128,127,127,129,128,128,128,129,129,130,128,131,128,128,127,128,130,129,127,131,130,129,128,127,127,127
128,127,127,125,123,124,127,127,125,127,127,128,125,126,123,125,124,124,127,126,125,127,122,128,126,124,126,127,124,125,127,127,126,122,126,126,126,124,125,126,127,124,126,127,126,125,123,127,128,125,126,125,124,125,126,126,127,125,124,125,125,127,127,127
128,127,127,127,128,128,127,126,128,130,130,128,128,129,128,128,127,129,130,129,129,127,128,127,127,127,128,127,129,127,127,126,127,129,128,127,127,128,126,126,127,128,129,129,128,127,126,127,128,130,127,127,128,126,129,129,128,131,129,127,127,127,129,127
129,129,128,129,129,129,128,126,129,128,129,128,130,129,128,127,128,126,128,128,130,128,128,125,127,125,128,128,129,128,128,127,127,127,129,128,128,129,128,125,128,126,129,128,130,129,129,125,127,124,126,127,127,128,126,125,126,125,125,128,128,128,128,128
130,128,127,126,126,127,129,127,128,127,129,128,130,131,131,128,127,129,127,126,127,127,131,127,126,130,127,127,128,126,127,127,126,128,126,127,127,128,130,127,127,131,127,127,127,127,130,127,127,128,127,129,129,128,125,124,126,125,124,122,124,122,124,127
127,129,127,127,128,128,128,126,128,129,129,130,131,131,130,127,128,130,131,130,132,127,129,126,126,130,130,127,130,128,129,126,126,131,131,127,128,129,128,125,127,130,132,131,132,129,130,124,125,127,128,130,129,128,127,126,124,125,126,125,125,125,127,127
127,126,127,126,125,124,124,127,127,125,124,125,124,125,125,126,129,127,124,123,125,127,125,127,128,128,125,127,125,126,124,128,128,127,125,127,126,126,126,128,127,127,123,123,125,124,126,127,127,128,126,127,126,125,127,128,126,130,125,126,126,126,127,127
123,123,127,126,122,122,124,126,124,125,122,124,126,123,124,122,124,123,124,125,125,126,121,126,126,124,125,127,126,128,127,125,124,126,127,127,125,125,125,124,126,124,126,127,125,127,124,122,124,125,127,126,124,124,125,127,127,127,125,126,126,126,127,127
128,127,127,125,123,122,123,127,128,126,123,125,120,123,121,127,128,123,119,121,118,127,117,126,127,122,121,126,120,122,121,126,127,122,121,126,121,121,123,126,127,123,121,120,120,121,118,123,125,122,121,120,119,119,119,121,127,124,124,125,125,125,121,127
132,128,127,127,129,130,132,128,130,126,126,126,127,128,129,128,131,127,128,127,127,127,129,130,130,125,128,127,127,127,128,128,131,128,129,127,129,130,128,130,128,129,129,128,129,128,129,131,132,130,129,129,131,129,130,130,130,126,128,129,129,129,131,127
129,130,128,130,128,128,128,129,130,128,128,127,127,127,129,130,129,127,127,126,126,128,128,133,130,128,126,129,127,129,130,130,129,127,125,129,127,127,130,131,129,129,126,128,128,129,127,129,129,128,128,127,127,129,128,127,131,127,130,130,130,130,126,127
127,124,128,126,122,121,123,128,126,122,125,125,125,125,124,125,131,125,126,127,127,128,127,125,130,125,129,128,127,129,127,129,131,127,129,129,132,130,131,130,128,128,128,127,127,132,129,126,127,127,131,130,128,129,126,124,126,124,127,125,126,127,127,128
127,131,127,127,130,130,130,127,130,132,130,129,132,131,133,131,131,132,131,128,129,127,132,129,128,130,130,127,127,126,128,127,129,131,129,126,128,129,129,129,127,132,129,127,126,127,131,129,127,130,129,131,130,127,128,127,126,127,128,125,125,125,127,127
129,128,127,128,130,130,134,130,130,129,129,127,130,130,133,130,127,132,132,128,129,127,131,129,127,129,132,128,130,128,130,128,127,128,129,127,128,129,129,127,127,129,129,128,129,127,129,127,129,128,129,128,130,131,131,128,127,126,131,129,130,130,132,127
131,130,127,128,127,128,129,128,128,126,128,127,125,126,125,128,129,127,125,126,124,127,126,127,128,127,124,127,125,127,126,128,128,125,123,127,125,123,127,127,127,125,123,123,124,125,124,130,129,126,123,123,123,123,125,129,128,129,126,127,127,127,128,127
126,124,127,127,125,125,123,127,123,125,127,128,128,128,125,125,125,127,130,130,130,127,127,129,127,125,130,128,128,128,129,128,128,126,132,128,130,130,128,128,128,126,130,130,130,128,131,129,129,129,130,131,130,130,130,129,130,126,130,129,129,130,128,127
128,126,127,126,124,124,125,126,127,126,126,125,125,126,127,124,126,126,125,125,124,127,126,124,127,125,125,127,125,126,126,126,125,125,124,126,126,125,126,126,127,126,125,125,125,125,125,125,125,127,125,125,125,125,125,126,126,127,125,125,126,126,125,127
124,127,127,126,127,128,127,125,129,128,125,125,127,126,127,126,127,127,126,126,129,127,127,127,126,126,126,126,125,126,126,126,126,129,128,126,125,127,126,126,127,129,128,128,127,126,128,128,128,130,126,127,127,127,128,129,127,129,127,127,126,127,128,127
130,130,127,127,127,129,130,128,129,130,129,128,130,129,130,130,127,129,131,130,131,127,129,126,127,128,129,127,129,127,128,127,126,128,129,127,128,130,127,126,127,128,129,129,129,128,129,127,127,128,130,130,132,131,132,130,128,130,132,132,130,129,131,127
126,128,127,128,129,130,128,127,130,126,125,125,126,125,126,129,130,126,124,125,125,127,124,129,128,126,124,127,124,126,126,128,127,127,124,127,124,123,124,128,127,126,124,124,123,124,123,129,128,125,123,124,124,126,127,126,127,125,129,129,127,128,127,127
127,128,127,128,129,130,129,127,127,129,131,132,131,132,131,127,128,130,132,132,132,127,130,127,128,131,132,128,131,129,130,127,127,131,132,128,131,132,131,126,128,131,131,132,132,131,131,126,127,130,130,131,131,131,129,126,126,129,128,127,126,125,124,127
127,125,128,126,124,124,122,127,125,123,125,127,124,124,123,123,127,124,125,125,124,128,124,127,128,125,125,128,126,128,127,128,129,124,125,128,126,124,126,128,128,125,125,126,125,126,123,126,129,125,126,126,125,124,124,124,127,124,126,125,126,126,126,128
125,126,127,127,126,124,123,127,126,124,124,127,125,127,126,128,127,125,125,125,125,127,126,127,128,127,124,126,125,126,126,127,128,127,125,127,126,125,127,128,127,127,125,124,125,125,128,126,128,126,125,125,125,126,127,128,129,128,128,129,129,130,130,127
126,124,125,124,124,127,130,125,128,136,132,132,134,135,133,129,127,135,136,135,135,125,134,127,125,131,133,125,131,127,128,125,124,133,133,126,131,134,129,126,125,132,134,132,131,131,133,128,125,129,130,133,132,132,127,126,122,126,125,124,124,125,125,125
126,126,126,127,127,128,126,126,126,128,128,129,128,127,126,125,125,127,126,126,126,126,126,127,125,128,126,127,128,128,127,126,125,128,127,127,127,128,126,127,126,128,127,126,126,128,126,124,124,126,126,127,127,126,126,125,124,125,124,123,124,122,125,126
128,128,128,128,129,129,127,127,127,127,127,126,126,126,126,129,128,127,126,124,125,128,125,129,128,127,125,127,125,126,125,128,128,127,125,127,125,125,125,128,128,127,126,127,126,124,127,129,129,129,127,127,127,129,129,129,127,129,129,129,129,129,129,128
125,125,126,124,120,119,127,127,126,123,122,124,125,123,123,123,127,122,124,124,127,127,126,124,128,124,126,127,125,128,129,126,127,124,127,127,126,127,126,125,127,124,125,126,128,126,126,124,125,129,127,126,127,128,126,126,127,127,124,124,124,124,124,126
125,119,127,123,114,112,115,128,121,116,117,115,113,114,116,125,121,116,116,117,116,127,113,125,126,116,117,127,119,125,122,128,125,117,119,127,123,119,123,128,127,116,117,119,119,120,116,122,124,121,120,117,119,119,123,126,127,126,125,126,129,129,125,127
124,124,128,127,127,126,125,128,125,126,127,128,128,127,126,128,126,125,125,125,126,128,126,131,129,125,127,129,128,128,128,129,129,126,127,129,128,127,129,131,129,127,128,127,127,128,128,131,128,127,128,127,128,128,128,127,128,127,127,129,129,128,127,128
128,127,127,127,128,129,127,126,127,126,128,127,128,127,128,127,124,127,128,128,128,127,128,124,126,127,127,127,127,127,127,126,125,127,128,127,128,129,127,125,126,126,128,127,128,128,128,127,127,127,127,128,128,127,129,127,126,126,128,127,128,126,128,127
128,129,127,129,128,128,128,128,127,126,127,129,128,127,127,128,128,125,128,128,128,127,128,128,128,126,127,128,127,128,127,128,127,125,126,127,128,127,127,127,128,125,126,126,126,127,127,125,124,124,128,128,128,127,127,126,125,125,128,127,127,128,128,127
126,127,127,129,127,126,126,127,126,125,126,126,126,126,125,127,128,126,126,126,126,127,125,129,129,127,127,128,127,129,128,129,128,126,127,128,128,127,128,129,127,126,126,126,126,128,126,125,127,126,128,126,127,126,126,128,131,125,127,129,130,131,129,126
125,124,127,124,122,122,122,128,124,125,125,126,126,127,126,128,125,126,127,129,129,127,127,129,126,125,128,128,129,128,127,127,126,126,128,128,130,128,127,129,127,125,127,128,127,126,126,128,126,126,126,127,126,127,129,129,127,126,126,125,126,126,129,127
128,129,128,129,128,128,127,129,128,126,129,128,128,128,129,130,130,127,126,126,125,128,127,131,129,129,127,128,128,130,129,129,128,126,126,128,127,126,128,128,128,126,126,127,126,128,125,124,124,123,125,123,125,124,122,124,129,126,125,125,127,126,124,128
129,129,128,128,131,131,134,129,132,138,137,135,135,135,138,135,128,137,136,134,133,128,135,129,127,135,134,128,132,129,131,127,128,136,133,129,133,135,130,128,127,133,134,134,132,133,135,131,128,132,132,135,134,135,131,130,126,131,130,129,129,129,129,129
130,125,128,125,125,128,128,129,127,129,129,129,128,129,129,129,128,131,128,126,129,128,129,130,128,131,127,128,125,126,127,127,127,131,128,128,127,127,126,126,128,130,127,126,126,126,129,130,125,129,127,129,126,126,127,127,126,130,125,125,125,124,125,128
127,127,127,126,127,129,129,128,126,126,124,124,124,126,128,127,125,125,126,124,126,127,125,126,126,122,125,127,125,125,127,127,127,124,127,127,125,127,125,127,127,125,127,125,125,125,127,129,131,130,127,125,126,127,130,128,130,126,128,128,127,129,128,127
124,122,126,125,124,124,122,125,123,127,128,129,125,125,125,124,123,125,124,129,125,127,124,127,125,128,127,127,128,129,127,126,125,124,125,127,127,125,127,126,126,124,127,128,125,128,125,126,124,124,126,125,126,126,127,127,128,125,127,128,127,127,125,126
126,125,127,127,123,123,124,128,126,129,131,131,131,130,128,127,125,128,129,130,129,127,129,128,127,128,131,128,130,130,130,128,126,127,129,128,130,129,129,127,127,126,127,128,127,128,126,126,123,127,127,125,124,125,126,125,126,127,125,125,124,124,125,126
129,128,127,127,128,129,128,128,129,128,126,125,127,126,129,130,129,127,128,127,127,127,126,128,127,125,127,128,126,128,128,128,129,126,127,128,127,127,127,127,128,126,126,126,127,128,127,125,128,125,126,125,126,126,126,127,128,125,125,127,127,128,129,127
127,127,126,126,127,129,128,127,129,130,128,127,130,127,128,127,128,129,132,129,131,126,129,126,127,127,129,127,128,128,128,126,127,127,129,127,127,128,126,125,127,127,130,130,129,129,128,128,128,127,128,131,130,131,129,127,124,125,127,128,127,126,126,126
126,125,127,128,128,127,125,127,125,122,126,124,124,125,125,124,127,124,126,125,125,127,125,125,128,124,126,127,126,127,127,127,128,125,127,127,127,127,126,127,127,125,126,127,128,127,126,127,129,125,127,128,127,128,124,126,129,125,126,127,128,127,126,127
128,127,127,128,128,126,129,129,129,129,129,130,127,128,128,131,127,130,127,129,127,127,129,127,128,131,129,128,130,129,130,128,128,130,128,129,131,129,131,128,127,131,131,130,130,130,130,129,129,130,132,133,130,130,131,133,131,132,130,130,130,130,131,127
128,126,128,127,124,123,122,127,125,122,124,126,123,123,122,123,126,123,121,123,122,128,122,126,127,125,122,128,124,127,126,127,127,124,121,127,123,121,125,127,128,123,121,123,123,124,123,124,128,126,125,123,122,124,126,126,128,128,125,125,127,128,128,128
131,131,127,128,127,127,129,128,132,129,127,127,125,126,128,130,129,127,126,126,126,127,127,128,128,128,126,128,125,126,127,128,127,125,123,127,126,125,128,128,127,128,125,125,126,126,129,127,127,128,128,129,130,129,131,129,126,129,130,128,128,127,130,127
130,131,126,130,130,130,131,128,128,128,128,127,126,126,127,129,128,126,126,127,125,126,123,129,128,126,126,127,125,128,127,128,129,124,124,127,126,125,124,128,127,124,125,125,125,126,123,127,128,126,125,122,122,123,128,129,129,128,126,126,126,126,128,126
126,127,125,128,128,127,127,126,129,125,126,126,124,124,127,129,131,125,123,124,124,125,124,128,129,127,123,125,126,128,128,127,130,126,124,126,127,125,127,128,126,126,125,126,127,127,124,127,130,127,128,126,127,128,125,125,126,127,129,130,130,128,126,124
125,123,127,125,123,122,121,126,121,121,124,125,124,125,122,121,122,120,123,125,121,127,121,124,125,121,124,127,126,127,127,126,124,120,123,126,126,123,126,125,127,120,123,125,123,125,121,124,127,120,122,120,120,119,124,125,128,125,125,125,126,126,127,127
122,122,127,124,123,124,124,125,122,127,126,126,127,127,125,122,122,127,128,127,128,127,125,123,124,127,127,127,126,125,125,125,123,126,127,126,124,126,126,124,127,126,126,126,127,125,126,124,125,127,126,128,129,128,126,124,125,124,127,128,127,126,123,128
125,123,127,124,121,123,123,128,123,126,123,123,120,119,121,125,123,122,118,118,118,127,119,128,126,123,119,126,117,123,119,125,125,122,115,124,119,118,119,124,127,121,115,114,116,115,120,123,125,127,121,122,121,120,123,121,122,124,122,117,119,120,119,127
125,126,127,127,128,127,124,126,128,125,126,127,128,127,126,128,129,126,126,126,129,127,128,128,127,126,125,127,126,127,126,128,127,129,129,127,128,128,127,128,127,129,128,128,128,127,128,128,127,129,127,128,129,126,127,128,125,129,126,126,126,126,127,127
126,126,128,126,126,126,126,127,126,126,126,124,124,124,126,126,126,126,124,125,124,128,127,126,126,125,125,128,125,127,127,127,125,124,126,127,125,125,126,126,127,124,126,127,127,127,126,126,124,125,124,124,125,125,126,124,125,122,125,126,127,127,124,128
126,127,127,127,126,125,124,128,125,127,126,127,126,128,128,128,125,127,127,127,127,127,126,130,128,126,127,128,127,126,128,129,127,126,127,128,127,127,127,128,128,127,127,128,128,127,129,127,128,128,127,127,127,128,134,131,127,129,130,129,130,128,131,127
127,126,127,128,127,128,130,127,127,129,130,131,129,130,130,128,128,129,129,131,129,127,131,130,128,131,131,127,130,129,130,128,128,131,130,128,130,130,130,128,127,129,131,131,131,130,130,127,125,128,129,128,129,129,125,125,128,126,126,125,127,127,124,126
129,130,128,130,131,130,130,128,126,125,125,126,124,125,125,127,127,123,123,124,124,128,123,129,127,125,125,128,127,129,127,128,127,125,125,128,126,124,126,128,128,125,126,125,125,128,122,124,129,125,126,123,122,123,123,126,128,130,125,126,126,127,128,128
125,126,127,127,129,127,127,125,126,125,126,127,129,128,128,126,128,127,125,125,127,127,126,127,127,126,125,126,126,127,126,127,128,127,126,126,125,125,126,127,127,127,124,126,128,126,126,128,127,127,128,127,129,128,127,128,128,125,129,129,128,128,128,127
129,130,127,128,128,126,125,128,127,121,123,124,123,123,121,127,128,120,124,126,123,127,123,127,127,122,124,127,126,127,126,128,128,121,123,127,126,124,125,128,127,122,124,126,125,127,123,128,127,123,123,121,122,124,125,128,129,126,126,128,129,129,129,127
128,128,127,125,124,127,127,127,131,131,128,129,129,130,130,128,129,130,130,130,130,127,129,125,127,130,129,127,130,127,127,126,127,129,128,127,127,129,127,125,127,129,129,128,127,127,129,126,126,127,129,129,130,128,130,128,125,128,129,127,126,126,128,127
125,124,127,125,123,123,123,127,122,123,125,125,125,124,123,127,122,123,124,124,125,127,126,128,126,124,126,127,125,127,127,127,125,121,125,127,126,125,126,128,127,122,125,125,126,126,126,129,127,125,125,125,125,124,123,124,128,123,122,124,126,126,123,127
131,132,136,133,133,133,133,134,132,133,128,129,129,131,131,131,130,131,132,131,133,136,130,127,132,129,131,135,131,131,130,132,131,130,133,134,132,132,129,130,135,132,132,131,130,130,128,126,129,134,132,132,132,131,135,134,130,136,132,128,128,126,131,137
126,124,127,125,124,124,128,128,124,127,126,127,128,126,125,126,125,127,126,125,125,127,124,125,126,125,125,127,127,126,126,126,125,124,123,126,123,122,123,124,127,123,121,122,123,123,121,122,123,122,122,124,123,121,121,124,126,127,124,124,124,125,124,127
124,122,127,127,123,121,121,127,120,125,127,128,128,130,126,123,124,128,128,128,127,127,126,128,127,127,129,127,130,129,130,128,127,127,129,128,129,129,130,129,127,126,129,128,128,129,127,126,126,126,129,130,129,127,126,126,127,125,124,125,128,127,126,127
127,127,127,128,129,129,128,127,129,125,124,124,124,125,127,128,129,126,126,125,124,127,126,127,128,126,125,127,125,126,128,127,128,127,126,127,124,125,125,127,127,128,126,126,125,125,128,128,129,129,126,126,126,126,128,129,128,128,130,129,128,127,129,127
126,129,127,128,130,131,129,127,127,125,127,126,126,128,126,127,127,125,125,127,125,127,124,128,127,127,125,127,126,127,125,127,126,125,125,127,127,126,126,127,127,125,126,127,124,126,122,124,123,125,124,125,125,124,121,120,126,124,122,124,125,125,123,127
124,126,127,126,125,125,124,125,125,126,125,126,126,126,124,123,125,125,125,126,125,127,125,125,125,126,126,126,126,126,125,125,126,124,124,126,125,125,126,125,126,125,126,125,126,126,124,126,125,124,125,125,124,123,121,123,124,124,124,124,124,124,123,127
126,128,126,127,131,131,129,126,128,131,130,129,132,131,131,129,127,131,131,130,132,126,131,125,126,129,131,127,130,127,127,127,126,130,132,127,127,131,127,126,127,130,131,130,130,128,130,128,125,128,127,128,129,129,131,128,127,128,130,128,127,127,128,126
126,129,127,127,126,126,126,127,127,128,126,126,127,125,125,129,127,126,128,128,129,127,126,128,128,127,128,127,128,128,127,128,129,127,127,127,126,127,126,129,127,127,128,128,127,128,128,130,129,127,128,127,127,128,129,128,127,127,129,128,128,127,129,128
127,125,127,126,123,124,126,126,125,124,126,125,126,126,126,125,124,127,128,127,126,127,127,126,126,126,127,128,127,128,129,127,125,126,126,128,126,126,128,125,127,126,127,129,129,127,125,125,124,125,124,124,125,125,123,123,125,126,125,124,124,125,122,127
124,123,127,126,123,122,123,126,123,124,125,127,126,126,126,124,126,126,127,128,127,127,129,127,127,127,128,128,128,129,131,127,127,126,129,129,132,129,131,126,127,126,129,129,129,130,128,124,127,127,130,130,129,129,129,129,128,127,128,129,129,129,129,127
127,129,127,128,128,127,127,128,129,130,129,129,129,129,129,129,128,129,129,130,129,127,129,129,128,127,128,127,131,129,131,128,128,130,131,128,130,131,130,129,127,130,131,133,132,131,132,128,126,129,129,129,130,131,128,127,125,128,127,127,128,126,126,127
121,127,127,126,127,127,128,126,126,133,129,130,133,131,132,129,124,129,131,131,133,127,131,126,125,127,131,127,132,129,130,127,124,129,132,127,128,131,130,126,126,128,132,132,131,130,130,125,123,128,128,128,127,128,130,126,122,126,127,126,125,123,127,127
127,128,125,126,129,130,131,125,129,129,126,125,126,127,130,127,127,129,129,127,128,125,128,123,125,126,126,125,126,124,125,124,126,129,129,125,125,129,124,124,125,128,128,128,128,126,129,126,125,129,128,128,128,128,127,127,126,126,127,126,125,125,127,125
127,128,129,130,131,132,129,129,130,134,133,133,133,134,134,131,132,136,135,133,134,129,135,132,129,134,132,129,132,130,130,129,130,135,133,129,130,133,131,129,129,136,136,136,135,133,135,127,127,131,132,133,134,135,130,128,126,128,130,131,131,130,129,129
127,126,128,127,126,126,126,128,126,126,127,128,127,126,126,126,126,126,127,127,125,128,127,127,128,128,127,128,126,127,127,128,127,125,125,127,126,124,127,127,128,126,125,125,125,125,125,124,126,124,127,126,124,124,125,124,127,122,125,126,126,126,124,128
129,129,127,130,131,129,127,127,127,125,129,128,124,125,125,126,129,127,126,126,123,127,126,127,129,129,127,128,126,128,128,129,131,128,125,128,128,125,129,129,128,129,125,126,126,127,126,129,129,126,128,127,127,127,124,126,128,125,126,127,129,127,127,127
129,129,127,128,129,128,128,127,128,125,127,128,129,128,125,127,130,127,129,128,129,127,129,128,129,127,130,127,130,127,127,128,129,127,131,127,130,131,127,129,127,126,130,128,130,130,127,128,131,128,128,128,129,127,129,131,130,130,130,131,130,133,133,127
128,126,127,125,122,123,123,127,128,125,124,125,123,125,127,125,126,125,124,125,124,127,125,125,127,127,124,127,125,128,128,127,126,126,125,127,127,125,128,126,127,126,126,126,126,127,126,124,127,126,126,127,127,126,130,130,130,130,127,127,127,129,129,127
125,127,127,127,129,128,127,127,125,127,127,127,125,125,127,128,125,126,125,125,125,127,126,127,126,125,124,127,126,126,127,127,125,125,124,127,125,124,127,127,127,125,123,123,123,125,126,127,124,126,124,123,122,125,129,128,128,127,126,126,127,128,128,127
128,126,127,126,125,125,124,127,126,125,126,126,126,125,126,126,127,126,125,125,125,127,125,127,128,127,125,127,126,127,127,127,128,127,126,127,127,125,127,127,127,127,126,126,126,127,127,127,128,128,127,127,127,126,127,128,128,128,127,127,127,128,128,127
127,126,127,126,124,125,127,128,127,131,131,129,131,129,128,127,126,131,132,130,130,127,130,129,128,130,131,128,130,130,129,128,127,130,129,129,130,128,130,128,127,130,129,130,129,130,130,127,126,126,128,128,127,127,128,130,130,128,128,128,129,129,130,127
131,129,128,126,126,126,128,128,132,130,129,127,128,130,128,131,129,130,132,130,130,128,126,130,128,130,131,128,128,125,126,129,127,127,132,127,129,129,126,129,128,128,128,129,128,125,127,124,131,131,128,128,127,127,125,125,124,126,124,125,125,127,125,128
126,125,127,125,126,125,126,126,126,127,126,126,127,126,125,126,126,125,128,129,129,127,126,124,126,124,127,127,127,126,125,126,126,125,127,126,127,127,125,124,126,125,128,128,128,126,128,126,125,123,125,125,125,125,125,124,127,124,124,125,126,126,125,127
124,127,127,127,127,125,123,125,125,124,124,123,123,124,123,123,127,125,126,124,124,127,123,125,126,125,125,127,125,126,125,126,127,125,125,127,125,126,124,125,127,126,125,125,125,126,124,125,125,125,125,124,123,125,125,126,126,125,127,127,126,127,126,128
125,127,127,126,125,125,127,127,128,128,125,125,125,125,128,128,127,127,126,126,126,127,128,129,127,129,126,127,125,127,127,128,127,127,126,127,126,126,127,127,128,127,125,126,125,125,126,125,126,126,127,127,127,126,126,125,126,125,126,127,126,126,125,127
130,129,127,128,127,128,126,128,129,127,126,125,126,126,127,128,130,127,125,125,126,127,125,130,129,127,126,127,126,128,126,128,129,127,125,128,126,124,125,128,128,127,126,126,126,126,124,127,128,128,126,125,125,125,128,128,128,129,129,128,129,130,130,127
125,124,128,125,126,127,127,126,124,126,124,123,125,126,127,127,123,124,127,124,127,128,125,124,125,121,123,127,125,123,123,126,125,123,125,126,122,125,122,123,127,123,125,126,125,123,127,124,127,127,125,127,127,125,129,128,127,129,129,131,129,128,129,128
129,130,127,129,130,130,129,128,130,127,128,128,128,128,127,130,129,126,126,126,127,127,126,128,129,127,126,127,127,127,128,128,129,127,126,127,128,127,127,128,127,128,126,127,127,128,127,130,131,131,127,127,127,130,130,130,128,129,129,129,129,128,129,126
129,129,127,128,128,128,127,128,128,127,129,129,128,129,129,128,128,128,127,128,127,127,129,129,128,129,128,128,127,129,128,128,129,129,128,127,128,127,129,130,128,128,128,127,127,128,129,130,131,128,127,128,128,127,128,128,129,127,128,128,128,129,130,127
126,126,126,128,127,126,126,125,129,127,126,126,125,126,127,126,128,126,125,127,126,126,126,123,128,127,127,126,126,126,127,126,127,127,125,126,127,125,126,126,126,127,126,128,127,127,125,126,126,125,126,126,125,125,124,124,127,125,124,125,125,126,125,126
129,128,128,127,126,125,125,129,129,128,128,127,127,127,127,128,128,128,128,127,127,128,127,127,128,127,128,128,129,128,128,128,128,128,129,128,129,129,128,129,128,128,129,128,128,129,128,129,129,128,129,128,128,127,127,128,128,128,128,127,127,127,127,128
125,125,126,127,127,125,121,126,123,116,119,118,113,114,115,122,124,116,110,113,108,126,112,126,126,121,111,126,112,121,120,126,124,120,109,124,115,110,119,124,126,121,110,111,112,114,114,120,121,117,115,115,114,116,119,119,123,119,118,120,121,122,122,126
126,125,127,127,126,126,124,127,127,124,124,125,124,124,125,125,126,123,123,123,124,127,125,126,127,124,123,127,125,127,127,126,126,124,125,127,126,126,126,125,126,124,125,125,125,126,125,124,126,124,126,125,125,125,125,125,125,127,126,124,126,125,125,127
129,128,127,127,128,128,128,128,127,127,128,128,129,128,128,129,127,129,129,128,128,127,129,129,127,130,129,127,129,128,128,128,128,129,129,128,129,129,128,128,127,129,129,128,129,129,130,129,128,128,128,128,128,127,129,128,127,128,128,128,127,127,128,127
126,124,127,124,125,128,128,126,126,126,126,127,129,128,127,128,126,128,128,130,130,127,129,127,125,127,128,127,129,127,128,126,125,129,131,127,128,129,127,127,126,128,130,129,129,128,131,127,124,126,126,127,126,126,125,126,126,125,125,126,124,126,126,127
126,126,127,128,127,128,126,128,125,125,126,126,126,127,126,126,127,126,126,126,125,127,126,128,128,125,126,127,126,127,127,128,127,126,126,127,127,126,127,128,127,126,127,127,126,127,126,128,127,125,126,126,126,125,126,127,127,126,125,126,126,127,127,127
125,122,127,127,122,122,120,128,120,119,123,125,118,120,119,123,123,118,117,121,118,128,117,129,127,121,120,129,124,129,128,128,127,118,121,130,127,119,125,126,128,120,121,122,119,124,115,117,127,123,121,117,115,114,119,119,125,124,121,120,122,123,119,127
126,124,128,127,125,124,126,129,123,125,128,128,127,128,127,127,125,125,127,128,128,129,127,126,128,125,127,128,127,128,127,128,127,125,127,128,129,127,128,128,129,125,126,127,127,127,127,126,128,128,127,128,127,127,131,129,128,130,129,129,129,129,130,129
127,126,128,128,127,126,127,128,126,123,122,121,121,121,122,128,124,122,121,121,123,128,122,126,126,122,121,128,122,126,126,128,126,123,123,127,123,122,124,127,128,122,122,123,125,124,124,126,126,123,124,124,126,125,126,130,132,128,129,131,130,132,130,129
127,125,127,126,123,126,127,128,125,125,124,125,125,125,126,126,125,124,127,126,127,128,125,127,127,122,126,128,126,129,127,128,126,122,126,128,127,127,127,126,127,122,124,125,126,130,126,123,126,125,127,125,126,126,125,124,127,124,123,122,125,127,127,127
128,129,127,129,129,129,129,128,129,124,123,123,124,125,125,127,131,125,126,125,126,127,127,128,129,126,125,127,126,127,129,128,129,125,126,128,127,127,127,128,128,127,125,126,125,128,126,127,130,127,130,129,129,128,127,127,129,125,129,128,128,128,129,127
129,127,127,126,126,126,127,127,127,126,125,125,127,128,129,128,127,126,126,125,127,127,126,125,126,125,125,126,126,125,123,126,128,126,126,126,126,128,125,127,127,126,126,125,126,126,127,130,130,129,126,127,127,127,127,126,127,127,128,128,126,127,127,127
127,135,126,130,137,139,137,125,137,138,136,134,141,140,142,133,134,140,141,135,140,126,141,128,128,136,139,126,134,126,131,124,128,137,139,127,133,139,134,126,126,137,139,135,137,132,141,135,131,136,135,137,138,136,139,135,132,132,137,135,128,129,132,126
125,124,127,125,124,125,125,125,125,128,127,124,128,128,129,124,124,131,130,126,130,127,131,127,125,129,128,127,128,126,126,125,126,131,130,126,129,131,128,126,126,130,130,129,129,127,132,126,126,128,128,131,130,130,127,125,124,127,124,123,123,121,123,127
127,126,128,129,126,128,128,128,130,128,128,131,129,129,127,125,130,129,130,130,132,128,130,128,130,131,130,128,129,128,127,128,127,127,127,128,130,129,127,128,128,127,129,127,127,127,128,128,127,126,128,128,130,128,127,129,129,129,129,129,129,129,129,128
126,130,128,130,131,130,128,127,130,126,125,124,125,123,125,127,129,127,125,122,122,128,123,130,128,128,124,127,124,126,127,128,129,127,125,127,125,124,127,129,128,128,125,126,124,125,124,130,127,125,126,125,125,127,125,125,128,128,129,127,127,128,125,128
127,125,127,126,126,126,124,127,125,125,128,126,126,128,127,127,127,127,127,127,127,127,127,128,127,128,126,127,127,127,127,128,128,128,127,126,127,126,128,128,127,128,127,126,127,126,128,127,127,128,128,128,129,128,131,130,129,130,128,126,127,128,130,127
129,128,127,128,127,128,126,128,130,129,127,128,128,127,125,128,129,126,127,128,129,127,125,127,128,125,126,127,127,127,127,127,128,126,126,127,125,126,127,127,127,126,125,123,123,126,125,127,128,127,127,127,126,126,128,126,127,131,127,126,126,125,126,127
125,122,127,127,122,123,125,129,122,125,128,129,127,127,126,127,123,127,127,127,127,127,126,128,127,129,127,128,130,130,129,129,126,126,128,129,130,128,129,128,128,125,128,129,129,130,128,125,123,123,129,127,128,127,129,129,129,126,127,126,129,129,129,127
129,132,128,129,129,130,130,127,132,134,130,131,130,130,131,129,130,130,128,130,128,127,129,128,128,130,129,128,128,127,127,127,126,130,128,127,128,127,129,126,127,129,127,129,129,128,128,126,125,130,129,128,128,128,131,127,125,131,128,127,127,126,128,127
127,127,127,128,129,128,124,126,126,125,127,125,126,124,123,124,129,125,124,125,125,127,125,127,129,125,125,127,127,128,127,128,128,127,126,128,127,126,127,128,128,127,125,127,127,127,126,128,129,126,126,124,125,126,126,127,127,126,126,127,127,127,127,127
128,127,127,127,126,126,128,129,127,126,124,125,124,125,126,128,128,125,124,124,125,127,125,129,128,125,125,127,127,127,128,127,129,126,126,127,127,125,127,128,128,127,124,125,126,126,127,127,126,126,125,123,125,124,127,127,125,128,125,124,126,125,126,127
129,127,127,128,127,126,125,126,127,126,127,127,126,125,125,125,128,126,125,125,125,127,127,129,129,128,125,127,126,128,129,128,128,127,125,128,127,126,128,128,128,127,126,126,126,128,128,126,127,126,128,126,126,127,126,126,127,127,127,126,127,127,126,127
125,126,127,128,130,129,128,127,127,129,128,129,129,130,129,129,128,130,128,129,130,127,130,127,127,129,128,126,129,126,126,127,127,129,129,127,129,129,128,127,127,128,129,128,128,128,129,127,126,128,127,129,128,128,129,129,127,128,128,128,129,128,129,127
127,126,127,126,125,126,126,127,128,127,126,126,127,127,126,127,126,127,127,127,128,128,126,126,126,125,127,127,126,127,125,127,125,126,127,127,126,126,124,126,127,125,128,127,127,125,126,125,127,127,126,127,125,125,126,126,126,127,125,126,126,127,126,128
127,127,127,127,129,129,126,126,128,127,128,127,130,129,126,128,130,128,128,128,128,127,128,128,128,128,129,127,129,127,127,127,128,128,128,126,127,128,128,128,127,129,129,129,129,127,130,130,127,128,126,127,127,128,127,126,127,126,128,129,128,128,125,127
128,127,126,126,125,125,124,128,127,123,126,125,123,124,125,129,128,124,124,126,124,126,126,128,128,126,124,127,126,128,127,128,127,124,123,127,127,124,126,127,126,125,124,124,125,126,124,126,126,126,124,124,125,126,130,128,125,129,128,126,127,125,127,126
126,126,127,125,126,126,126,126,127,125,126,126,129,128,128,125,126,126,128,127,129,128,129,125,127,127,128,127,128,127,128,126,127,126,129,127,127,130,127,124,127,125,128,129,129,127,129,125,127,125,126,127,128,128,125,128,129,129,126,129,128,129,128,128
129,127,127,126,126,128,128,126,128,128,130,129,129,129,127,125,126,128,129,130,130,127,128,127,126,128,129,127,128,127,127,125,126,128,129,127,129,129,127,125,126,128,129,129,129,128,130,128,129,129,131,131,130,130,129,129,127,129,129,128,128,127,127,127
127,127,127,128,126,126,126,127,126,130,130,131,131,130,129,126,126,131,132,131,131,127,131,130,128,131,133,127,132,130,130,127,127,131,134,129,132,132,129,128,127,129,133,133,133,132,131,127,125,126,130,130,128,128,127,127,127,126,125,127,128,129,127,127
128,128,127,128,129,128,129,127,127,126,129,128,127,127,128,127,128,127,126,127,126,126,126,127,127,128,126,127,128,127,128,127,128,128,126,127,127,125,129,126,127,128,126,127,129,128,128,126,125,124,125,126,126,126,127,129,128,125,126,127,127,126,127,126
127,126,127,126,125,125,126,128,125,128,127,127,129,129,130,127,124,129,130,128,129,127,128,127,125,128,129,126,129,128,128,126,125,126,129,127,126,127,126,125,126,126,128,128,128,127,126,126,125,126,127,126,127,125,127,127,127,130,128,127,127,127,126,127
128,126,127,127,127,126,127,127,125,125,126,127,125,125,125,126,125,125,125,127,126,127,124,127,126,125,126,127,128,128,128,127,126,126,127,127,127,127,127,127,127,127,126,127,126,127,126,127,128,128,127,125,126,127,125,127,129,129,126,126,126,127,126,127
130,131,127,128,129,130,129,128,131,130,127,126,128,127,127,129,129,128,128,127,128,127,128,129,127,128,128,127,128,127,127,127,128,128,128,127,127,128,126,127,128,128,128,128,128,127,128,129,129,130,128,128,128,128,128,129,128,129,129,127,126,126,127,127
127,127,128,128,129,129,129,128,126,128,129,131,128,129,129,128,124,128,128,130,128,127,128,127,126,127,130,128,130,129,126,128,126,125,128,128,130,129,127,127,127,126,128,128,129,129,126,126,128,127,129,131,130,130,128,126,126,125,127,126,127,126,127,127
125,125,127,128,126,126,125,126,127,125,127,129,127,128,126,127,127,125,125,127,126,127,126,126,128,126,125,127,127,128,128,127,129,125,125,127,128,126,128,127,127,126,126,127,126,127,124,126,128,126,128,127,127,127,125,126,127,125,128,130,130,130,127,127
128,128,127,125,126,128,128,127,129,127,126,125,126,125,126,128,130,127,127,127,127,127,127,127,127,126,125,127,125,126,125,127,127,127,126,126,124,125,124,126,127,127,126,126,126,126,126,129,127,128,126,126,126,126,125,127,126,127,127,127,127,127,125,127
128,127,127,127,128,128,128,127,128,128,128,127,128,128,130,128,129,129,129,126,128,127,129,127,128,130,129,127,129,128,128,128,129,131,129,127,128,128,129,128,127,130,128,126,129,129,129,129,129,131,129,129,128,129,131,131,126,131,130,129,128,127,130,127
130,131,127,131,131,128,126,129,129,128,129,130,129,132,129,128,129,130,129,129,128,126,129,131,130,130,131,128,130,131,131,129,128,129,128,130,128,128,129,128,128,130,130,133,132,131,128,125,127,128,128,128,125,127,128,128,128,126,129,129,129,128,129,126
128,126,127,124,125,125,127,127,128,128,125,124,124,124,128,128,126,127,126,123,121,127,128,123,125,126,126,126,124,124,125,126,125,128,127,125,125,126,127,126,126,128,128,126,126,126,130,126,127,130,130,128,127,126,127,127,127,128,128,125,125,126,127,127
126,120,123,120,123,126,129,126,124,126,128,126,127,127,128,129,116,125,125,126,127,123,129,125,118,126,126,123,128,124,126,123,119,128,127,123,128,129,129,124,122,125,129,129,128,129,131,130,127,128,128,129,130,130,129,131,124,131,128,126,124,123,129,124
127,126,127,126,125,124,124,126,127,122,120,120,122,122,122,125,126,123,123,121,122,127,121,127,127,122,124,127,123,125,125,127,127,125,125,127,122,124,121,126,128,126,126,126,125,123,123,128,129,127,124,123,125,123,122,123,129,124,124,124,125,127,125,128
131,131,127,128,129,127,131,129,129,127,126,128,125,124,127,131,128,123,122,123,122,127,123,126,128,125,122,127,124,127,127,128,126,127,122,127,126,122,126,127,127,128,123,124,123,125,124,123,125,125,127,127,127,127,127,126,127,127,126,125,127,125,126,127
127,129,127,128,129,129,125,127,130,131,132,133,132,131,131,127,130,132,131,132,131,127,131,129,128,132,130,127,130,128,127,127,126,132,130,128,130,130,130,128,127,130,129,129,127,129,131,127,125,127,129,130,129,129,130,129,124,129,129,127,127,125,130,127
124,122,127,125,124,124,125,126,122,124,123,123,121,122,120,120,122,121,121,122,122,127,121,126,125,121,123,127,121,124,124,126,125,119,121,126,121,119,123,125,127,119,121,122,120,121,121,124,126,124,121,121,121,122,125,125,127,123,124,126,125,126,126,127
127,127,128,127,127,127,126,127,127,128,128,128,128,127,127,127,128,128,128,128,127,128,127,127,128,128,129,128,128,128,128,127,127,127,127,128,127,128,128,127,128,128,128,128,127,127,127,127,130,128,128,128,128,127,127,127,128,126,128,130,128,129,127,128
128,126,127,127,129,128,126,128,125,123,124,124,126,125,126,127,128,125,126,126,126,127,126,127,128,126,127,127,129,129,129,127,128,127,128,128,128,127,127,126,127,126,127,127,128,129,127,127,127,126,127,126,127,127,126,126,128,126,126,127,126,125,128,127
126,126,127,127,125,125,127,127,127,127,127,126,127,127,128,127,126,127,129,127,128,128,128,127,128,128,128,128,128,128,128,128,127,128,128,128,128,128,128,127,127,127,128,129,129,128,129,126,124,126,128,127,128,127,129,128,126,128,126,126,128,128,128,128
130,127,127,127,125,125,127,128,130,129,126,128,125,127,127,127,128,128,126,126,127,127,124,127,127,127,126,127,126,126,126,127,127,127,126,127,126,126,125,126,127,127,125,125,125,126,126,128,127,130,125,125,126,126,128,130,128,133,129,129,128,129,128,127
129,127,127,128,128,127,127,127,128,127,129,128,127,128,128,127,127,127,127,127,128,127,127,126,127,128,126,127,126,127,128,127,126,128,127,127,125,126,127,125,127,127,127,127,126,126,128,123,124,128,127,126,126,127,129,127,126,130,128,127,128,127,127,127
126,128,126,126,125,127,128,126,124,128,128,128,130,129,128,125,123,127,128,128,130,126,129,125,124,126,129,126,129,126,126,125,124,128,131,126,129,131,127,124,126,127,130,129,130,130,131,127,128,130,129,130,130,130,130,129,126,131,128,129,126,127,128,126
126,126,126,126,128,129,129,126,126,128,128,128,130,129,130,128,127,129,129,130,131,127,130,127,127,129,129,127,129,128,128,127,126,129,129,127,129,130,129,126,127,128,129,129,129,129,130,126,124,127,128,129,130,129,128,125,126,126,126,125,125,125,124,126
127,127,127,126,126,126,128,128,129,128,126,126,129,127,129,131,126,129,129,127,128,127,125,129,127,126,128,127,127,128,128,128,128,129,131,127,126,128,128,128,127,129,130,130,131,129,128,126,126,129,130,128,127,128,131,129,126,131,128,125,124,124,125,127
126,125,127,127,127,128,128,128,125,124,126,126,127,127,126,126,125,126,127,127,128,127,127,127,127,127,129,128,128,128,128,128,128,126,130,128,129,130,129,129,128,125,129,131,130,128,128,128,128,128,129,129,129,129,127,126,129,125,127,127,128,128,127,127
128,127,127,127,125,125,126,128,125,124,126,125,125,124,125,128,127,125,124,125,124,127,125,127,128,126,126,127,126,127,128,127,128,125,125,127,126,125,127,128,127,126,124,124,124,127,125,128,128,126,126,125,124,125,126,129,129,126,127,128,128,128,128,127
128,127,126,128,129,128,128,127,124,125,127,127,125,126,126,128,126,125,126,126,125,126,125,130,127,127,127,126,126,127,128,127,126,128,127,127,128,127,128,127,126,128,127,127,126,127,126,128,124,126,129,127,127,128,124,126,127,126,126,126,126,126,126,126
127,127,126,127,127,126,126,126,127,127,127,128,127,127,127,127,127,127,128,128,128,126,128,128,126,128,128,127,128,128,128,127,126,127,128,127,128,128,128,127,126,127,128,127,127,128,128,127,126,128,128,128,128,128,128,129,127,129,128,127,127,127,128,126
127,128,127,126,127,126,125,126,128,124,124,125,125,125,124,125,128,124,124,125,124,127,124,125,127,123,124,127,125,125,125,126,127,125,124,126,125,124,124,125,127,126,125,125,125,124,123,125,129,127,125,125,126,125,125,125,125,127,126,127,125,126,125,127
127,127,127,126,126,127,127,128,128,129,129,128,128,128,128,129,128,130,129,128,128,127,128,129,128,129,127,127,128,128,128,127,127,130,129,127,127,127,127,127,127,130,128,127,126,126,128,130,129,128,127,127,126,125,127,128,127,129,130,128,126,126,128,127
123,124,128,128,128,127,126,126,122,126,127,128,129,127,128,125,124,125,127,127,129,128,127,126,126,124,126,127,128,128,126,126,127,125,126,127,127,128,126,127,128,124,124,124,125,126,127,127,127,125,126,128,128,128,125,124,127,123,125,126,127,126,124,128
126,129,127,129,130,130,129,126,127,126,126,126,125,125,125,127,129,126,125,125,126,127,125,126,128,124,125,127,125,127,126,126,128,125,125,127,127,125,124,126,127,125,126,126,127,127,125,126,126,126,125,126,126,126,126,127,128,126,128,129,128,127,127,127
123,124,127,126,126,128,129,127,125,129,127,129,127,128,128,130,125,128,127,128,128,128,129,129,126,128,125,127,127,128,128,128,127,129,129,128,130,129,128,130,127,129,128,128,128,128,131,129,128,131,131,131,131,131,132,130,126,134,132,130,129,129,131,127
128,130,127,127,131,135,132,125,131,135,130,130,132,133,136,128,129,136,136,131,133,127,136,126,126,132,131,126,129,126,128,125,129,132,130,125,126,132,128,125,127,132,133,130,130,129,134,133,134,134,130,133,134,132,130,129,128,130,130,130,126,128,128,127
127,128,127,128,128,129,128,127,127,129,127,127,127,127,128,126,127,128,128,128,128,127,129,127,127,128,128,127,127,127,127,127,127,129,129,128,128,128,127,126,127,129,128,128,127,127,128,126,125,126,128,128,128,128,127,126,127,125,127,124,124,125,126,127
127,126,128,127,125,124,124,128,126,124,126,125,125,124,124,128,124,124,125,123,125,128,124,129,127,125,125,128,127,129,130,129,127,124,126,129,128,126,127,128,128,123,125,126,126,127,126,128,126,126,127,127,127,126,125,128,130,127,126,127,128,130,125,128
130,132,127,128,130,129,129,128,130,128,127,127,129,128,127,130,128,127,130,128,131,127,129,128,127,128,131,127,129,128,129,128,129,130,131,127,131,132,132,129,128,130,131,130,132,131,132,132,130,128,130,131,132,133,133,134,129,131,132,131,131,130,134,127
124,126,127,126,127,126,127,127,127,133,133,133,135,136,134,131,124,133,135,133,134,127,135,137,126,134,134,127,131,129,130,128,125,134,132,128,131,132,131,129,127,134,134,133,132,131,136,131,124,131,133,133,133,131,129,126,124,125,127,125,125,124,126,127
126,126,126,126,126,126,126,126,126,130,130,130,130,130,131,127,125,130,130,130,129,127,130,128,126,131,129,127,129,128,129,127,127,130,128,127,128,129,129,127,127,129,129,129,128,129,130,127,127,126,128,129,128,128,128,127,126,128,127,126,126,126,126,127
127,128,127,127,127,128,126,127,126,131,132,130,134,133,133,130,126,130,133,132,132,127,134,127,126,129,131,128,129,127,129,127,126,130,132,128,129,131,130,128,127,128,131,130,129,128,133,130,125,126,129,130,129,127,131,129,125,127,126,125,125,128,128,127
128,129,127,128,127,127,126,127,130,130,128,129,127,127,127,128,129,129,128,129,127,126,129,129,128,130,130,127,130,129,129,127,128,130,129,128,131,129,131,128,127,131,129,130,131,131,129,129,128,129,129,128,129,131,131,131,127,130,130,130,129,128,129,126
128,129,127,127,128,129,127,127,128,126,128,129,127,128,126,126,128,127,128,128,128,127,127,126,127,128,128,127,128,127,126,127,127,126,127,127,127,127,127,126,127,127,128,128,127,127,126,124,125,126,127,127,127,126,126,124,124,126,126,125,126,127,126,127
129,130,128,130,131,132,130,128,129,132,132,132,133,133,130,130,129,131,131,131,133,128,131,131,129,130,131,128,130,129,129,128,127,131,131,128,129,130,129,128,128,130,131,130,129,129,131,130,128,130,130,129,128,129,129,130,130,130,132,133,131,131,129,128
127,127,127,127,127,126,127,127,126,128,129,129,129,129,127,126,124,127,127,128,129,127,127,127,126,128,129,127,129,129,127,127,127,126,129,128,128,127,127,127,127,127,129,129,128,128,127,128,126,126,128,128,128,127,127,126,128,128,128,126,127,127,125,126
126,124,131,127,124,126,127,128,125,130,126,126,128,127,126,123,121,125,127,126,127,131,125,122,125,122,126,130,126,126,125,125,124,123,125,128,125,125,123,123,129,121,124,124,123,124,124,122,126,124,123,125,125,124,125,124,124,127,122,123,124,126,122,132
126,127,126,126,127,128,127,125,126,126,126,126,128,128,128,126,125,126,127,127,126,126,128,126,125,127,127,126,126,125,126,125,125,126,127,125,125,126,126,125,126,126,127,127,126,126,128,126,126,125,127,128,128,127,126,125,126,124,126,126,126,126,126,126
128,130,128,129,130,131,132,128,132,128,128,127,129,129,130,129,129,127,128,128,128,127,129,126,128,127,126,127,127,126,127,128,128,127,126,127,127,129,127,127,128,127,127,127,129,127,128,126,127,128,128,130,130,131,127,126,126,128,128,128,127,126,124,127
128,125,127,126,124,123,122,128,124,122,124,126,125,124,121,125,128,123,125,125,126,127,122,125,129,124,125,127,126,127,125,127,130,125,126,127,127,126,126,128,127,125,124,124,125,126,126,130,132,129,126,126,126,126,126,128,128,128,127,128,128,127,127,127
123,122,127,126,122,119,122,128,121,124,123,122,124,122,122,125,122,124,125,124,123,127,123,123,126,122,125,127,125,127,127,127,125,123,125,128,128,126,125,127,127,122,124,126,126,127,124,123,122,123,128,126,126,128,125,126,128,124,126,127,130,130,128,128
128,126,127,126,125,126,123,127,125,124,126,126,125,125,124,125,125,125,126,126,124,127,124,126,126,125,126,127,126,127,127,127,126,125,125,127,125,124,127,127,127,125,126,127,126,127,125,125,127,126,127,125,126,125,126,127,126,127,125,125,125,126,127,127
128,131,127,128,131,132,131,128,131,130,130,129,129,129,132,131,127,129,128,128,127,126,130,128,126,129,128,126,128,127,125,127,126,129,127,126,127,128,127,127,126,128,128,127,127,127,129,128,126,129,128,129,129,129,129,126,126,128,129,127,127,125,125,126
127,125,128,126,126,126,129,129,125,130,131,131,130,130,132,129,126,130,132,132,130,128,132,132,127,130,130,129,130,131,130,128,127,129,129,129,131,131,130,128,128,129,129,129,128,131,131,130,129,129,131,132,131,130,128,129,130,127,129,129,129,127,129,128
125,127,127,126,127,128,128,127,126,128,127,129,128,128,127,127,125,126,127,127,126,127,127,126,126,125,126,127,127,127,127,127,125,124,125,127,126,125,126,126,127,126,127,127,127,127,126,127,128,128,125,125,124,125,127,126,127,124,127,128,127,127,126,127
130,129,125,125,126,128,129,126,132,131,126,127,126,127,130,127,128,129,125,124,126,125,129,122,125,127,124,124,123,122,123,124,126,128,123,123,123,125,124,124,125,127,125,122,124,123,128,127,127,129,125,127,126,127,129,125,121,127,124,122,123,122,125,125
129,129,127,127,125,123,126,128,127,127,128,128,127,128,126,129,127,127,125,125,125,127,124,126,127,129,126,127,125,126,126,128,127,126,125,127,125,124,126,129,127,126,125,124,124,124,122,127,126,124,125,126,125,124,123,126,129,129,127,129,129,130,128,127
123,127,127,128,130,129,126,126,124,126,128,129,130,128,127,125,125,127,126,127,128,128,128,128,126,128,126,127,125,126,126,127,126,127,128,127,127,127,128,126,127,127,128,129,128,128,129,126,127,126,127,128,128,129,129,125,124,125,126,126,128,127,126,127
126,127,128,128,126,124,122,127,123,123,127,127,126,126,124,126,126,126,127,129,127,128,126,127,127,127,128,128,129,128,128,127,127,126,128,129,129,128,128,126,128,126,127,127,127,127,126,125,129,127,129,127,128,129,130,129,128,129,128,128,128,128,129,128
127,125,127,126,125,124,124,127,124,126,127,127,127,127,124,127,126,127,127,129,127,127,125,129,127,127,129,127,128,128,128,128,127,125,126,127,126,125,127,127,127,125,127,128,127,126,124,125,126,122,125,125,125,124,124,126,128,123,124,127,128,129,126,127
126,125,127,128,126,124,124,127,123,123,124,123,123,123,121,125,127,122,122,125,123,127,121,130,128,123,124,127,126,128,127,129,129,123,123,128,128,125,126,129,127,123,123,125,124,126,123,125,125,122,126,125,126,127,123,125,127,124,123,127,128,127,125,127
129,130,127,128,131,134,133,127,130,131,130,129,130,129,131,130,128,128,129,130,128,127,129,129,127,126,128,128,127,127,128,127,127,128,128,127,126,127,126,126,127,128,128,128,126,126,130,129,129,129,128,129,127,128,128,127,128,127,129,127,126,126,125,127
127,126,128,127,127,127,127,127,128,132,131,131,131,130,131,126,128,133,131,131,131,128,132,130,127,133,132,128,131,129,129,128,129,133,133,128,131,132,130,128,128,134,133,132,132,131,132,129,130,133,131,132,132,131,131,130,128,130,130,130,129,128,130,128
127,128,127,128,128,128,128,127,126,127,127,127,128,128,130,126,127,128,128,128,128,127,130,127,127,128,128,127,128,127,128,127,126,128,128,127,128,129,129,126,127,127,128,129,131,128,129,127,127,129,128,128,129,129,129,127,126,129,127,127,127,127,127,127
127,127,127,127,127,126,125,127,127,126,126,126,125,125,125,125,127,126,125,126,125,127,125,127,127,126,126,127,127,127,127,127,127,126,125,127,127,126,127,127,127,127,126,126,126,126,125,126,128,127,126,126,126,126,127,127,128,127,127,128,128,127,127,127
128,127,127,128,127,127,127,128,127,126,127,127,128,127,126,127,128,127,128,127,127,127,127,127,128,127,128,127,127,126,127,128,128,126,127,127,127,126,126,127,127,127,127,127,127,125,125,127,130,126,126,127,127,128,125,125,127,123,126,129,129,130,127,127
125,123,127,125,124,123,124,126,123,124,125,125,124,125,123,122,124,124,127,127,126,128,123,124,125,122,125,127,125,126,127,126,127,125,125,127,127,127,126,126,127,125,126,126,128,127,128,130,128,125,127,128,128,128,129,130,130,124,128,129,128,130,131,128
128,129,128,129,128,128,127,129,128,127,127,128,127,128,126,129,129,125,125,127,127,128,125,131,128,125,126,128,127,129,128,128,127,124,123,127,125,124,127,127,128,126,124,126,124,124,124,125,128,128,125,123,124,125,127,130,128,129,127,128,128,128,128,127
127,129,128,127,126,127,130,128,130,130,125,125,125,125,128,126,125,125,123,122,123,128,123,127,127,122,122,127,122,124,125,126,127,126,121,126,122,123,124,127,128,126,124,123,122,123,126,131,131,126,122,124,124,124,128,129,128,131,127,127,125,124,127,129
123,125,126,126,127,128,128,128,124,128,129,129,129,131,132,131,123,127,131,128,129,126,131,128,125,125,129,127,130,128,130,127,123,126,127,127,127,128,128,126,125,125,128,131,129,128,128,125,120,124,125,127,124,126,127,124,125,122,129,127,128,126,128,126
129,127,127,127,125,125,125,127,127,123,125,127,126,125,125,126,128,124,125,127,126,127,127,127,127,126,125,127,126,127,127,127,127,125,125,127,127,126,129,127,127,125,125,125,126,127,125,127,128,125,126,125,126,125,126,128,128,128,126,127,126,128,129,127
126,125,127,126,126,127,127,126,126,129,129,130,130,131,127,125,127,128,131,132,131,127,129,129,127,128,130,127,130,128,128,126,127,128,129,127,128,128,128,126,127,128,129,130,129,128,129,129,126,126,128,128,128,128,128,127,125,128,128,127,126,125,125,127
125,125,127,126,125,123,123,126,123,123,125,125,126,126,124,125,126,126,126,127,126,127,124,125,127,125,126,126,126,126,125,127,127,125,128,126,126,126,124,126,127,125,127,127,126,125,126,127,127,125,126,127,126,126,124,124,127,125,127,128,127,126,125,127
128,128,127,127,127,125,126,128,127,124,123,123,124,125,125,126,128,125,123,124,125,127,124,126,127,125,124,127,126,126,126,127,127,125,124,126,124,123,124,125,127,126,124,123,124,125,123,125,128,124,124,123,123,125,124,125,128,125,127,128,127,127,127,127
127,124,128,127,125,123,126,128,122,125,128,130,128,129,126,124,125,126,127,128,127,128,126,129,128,126,127,128,130,129,130,128,128,127,128,128,129,129,131,128,128,127,127,129,130,130,127,124,125,126,129,128,129,130,126,127,129,128,127,128,129,128,127,128
130,130,128,129,130,129,129,128,130,128,129,128,130,129,128,129,129,128,128,128,129,127,128,128,128,129,128,127,128,127,128,127,129,129,129,127,127,128,128,128,127,128,129,128,129,128,128,130,130,128,129,129,130,130,127,129,129,129,129,129,129,129,130,128
125,126,127,126,125,125,129,127,125,126,127,126,127,128,129,127,126,127,128,128,128,127,130,128,126,128,127,127,129,129,128,128,128,129,130,127,128,130,129,128,127,128,129,129,129,130,131,127,129,130,129,128,129,130,131,131,127,129,127,128,127,127,128,127
129,129,127,127,126,126,129,129,129,127,126,128,127,127,127,130,129,127,128,127,128,126,127,127,129,128,129,127,127,127,130,129,129,127,129,128,127,128,128,130,128,128,128,128,128,128,127,131,131,128,127,128,128,129,127,127,127,125,128,129,129,129,127,126
126,125,127,124,124,125,126,127,129,129,129,128,128,128,128,126,127,126,127,128,126,127,126,125,127,126,126,127,124,126,127,127,126,126,126,126,124,124,123,124,127,127,124,124,123,124,124,126,126,124,123,123,122,123,122,122,127,123,125,126,124,125,122,126
129,130,128,128,130,130,129,127,130,129,128,127,129,128,129,128,130,130,130,129,130,128,127,128,128,128,128,127,128,127,127,127,128,129,129,127,127,128,125,127,128,130,129,128,128,128,129,128,129,131,130,130,130,130,131,129,125,131,130,129,128,127,127,128
123,121,126,125,123,123,124,126,122,124,127,127,125,126,124,122,124,125,125,127,126,127,127,128,127,126,126,127,127,128,128,127,128,126,127,128,128,126,129,127,127,125,125,128,127,128,127,127,127,126,127,127,127,126,124,127,127,125,124,126,126,128,126,126
128,127,127,126,126,125,126,126,125,127,127,128,127,127,127,127,125,128,127,128,127,127,127,126,126,128,128,126,128,126,125,126,126,127,128,126,127,126,126,126,126,126,126,125,125,125,125,126,126,127,126,126,125,125,128,129,128,130,127,127,127,128,130,127
128,129,127,129,131,131,130,127,129,129,128,130,130,129,129,129,128,128,128,129,129,127,128,130,128,128,130,127,129,128,129,127,128,129,130,128,129,128,128,128,127,128,129,129,129,128,126,128,128,127,128,127,127,128,128,130,131,129,130,130,128,129,131,127
128,129,128,130,132,130,130,128,128,130,131,130,131,131,131,130,129,134,131,129,130,128,130,129,128,133,132,128,131,129,130,128,128,132,132,128,129,130,130,128,128,132,133,131,131,130,130,126,126,128,130,129,131,129,128,127,127,127,126,126,127,128,127,128
127,125,127,128,127,127,129,128,126,128,130,129,127,131,130,126,125,129,130,130,128,127,128,128,127,128,129,128,129,128,128,128,126,128,128,128,128,129,128,127,128,128,129,130,129,129,128,122,127,130,130,130,129,129,128,126,127,128,129,127,127,128,128,127
127,127,127,127,126,126,127,127,126,127,127,127,125,126,127,125,124,126,126,126,125,127,126,125,126,126,127,127,125,126,126,126,125,125,127,127,127,126,126,126,127,125,126,126,126,126,125,127,127,128,127,128,128,127,128,128,128,126,128,128,127,127,126,127
126,126,128,127,126,124,127,128,122,123,125,125,124,124,125,127,124,124,126,126,125,128,126,130,126,126,127,127,129,128,128,128,127,124,126,128,127,126,128,129,127,123,126,127,127,126,124,126,126,125,127,126,126,126,127,128,131,125,127,129,129,129,129,128
126,126,127,127,127,127,130,127,125,126,126,124,126,126,128,127,127,127,127,125,126,127,127,127,127,126,127,127,126,127,129,127,128,127,127,127,126,127,128,128,127,127,128,127,128,128,129,128,127,128,128,127,127,128,128,127,128,127,128,127,127,126,127,126
127,127,128,128,128,128,127,129,127,127,128,128,128,129,130,129,127,127,127,127,128,128,127,127,128,126,127,128,127,127,129,128,128,127,127,127,126,127,127,128,128,127,127,128,128,127,126,127,127,128,127,126,127,127,127,127,128,126,127,128,128,129,128,128
133,132,123,133,135,129,134,130,131,129,138,137,132,135,130,141,138,130,131,139,133,123,130,137,135,138,135,126,142,139,136,132,138,133,133,131,142,136,143,139,126,134,130,136,140,142,131,138,137,135,141,137,138,143,139,141,134,140,140,138,138,131,137,121
122,123,126,125,122,122,124,126,125,126,125,127,129,128,128,124,127,129,130,130,131,127,131,127,126,130,130,127,130,129,128,126,126,131,131,127,130,131,129,126,126,130,130,131,132,130,131,127,125,129,128,129,129,129,128,127,124,129,127,127,126,126,124,126
129,128,127,126,128,129,133,129,130,130,130,129,129,130,132,131,128,131,131,129,128,127,131,130,128,131,129,127,129,127,128,127,128,130,129,127,128,129,128,127,128,130,130,129,129,128,129,130,127,130,129,129,128,129,129,128,126,130,129,128,127,127,128,127
128,127,127,127,126,126,129,128,126,128,128,127,127,128,128,125,125,127,128,128,128,127,128,127,126,126,128,127,127,128,129,128,127,128,129,128,127,127,129,128,127,127,128,127,128,128,128,126,127,127,129,128,128,128,131,132,129,128,127,127,128,130,130,127
126,126,128,127,128,129,128,127,127,131,129,129,128,128,128,127,127,129,127,127,127,128,127,127,127,129,126,128,126,127,127,127,126,129,126,127,125,126,126,127,127,128,128,128,128,126,129,127,126,128,127,127,127,127,129,128,127,128,130,129,128,128,127,128
128,130,128,128,129,129,129,127,134,129,127,127,128,129,129,130,133,130,131,131,131,128,130,128,129,128,129,127,130,127,127,127,129,130,129,127,129,131,126,128,128,131,132,133,133,130,131,132,129,131,129,129,129,131,132,131,128,131,132,130,128,127,130,127
126,126,128,127,127,129,124,126,125,128,123,121,127,126,123,124,126,128,127,124,130,128,124,125,125,122,128,128,127,127,123,126,122,126,128,128,127,128,122,122,127,123,126,128,129,127,125,120,115,120,122,121,123,124,122,119,122,118,119,122,126,126,121,128
130,131,128,130,131,130,129,129,131,127,126,127,125,125,124,129,131,124,125,126,127,128,124,128,129,126,125,128,125,127,125,129,129,125,125,128,126,125,125,129,129,126,124,124,124,124,124,130,130,127,127,128,128,129,126,127,127,127,129,130,130,129,129,128
131,128,127,129,127,128,129,128,124,123,126,126,124,125,127,124,126,126,123,125,123,127,127,129,128,129,124,127,125,128,127,128,128,128,125,128,126,124,126,128,127,128,127,125,126,128,125,123,128,129,129,126,127,126,125,127,132,128,128,128,129,132,130,127
127,126,127,127,125,126,126,127,125,127,126,127,125,125,127,124,127,127,127,126,125,127,127,126,127,127,126,127,127,127,127,127,128,128,126,127,127,126,128,128,128,129,126,127,126,128,128,128,129,127,126,127,126,126,126,127,128,128,127,127,127,128,126,127
131,130,128,127,131,128,128,127,129,126,125,125,125,126,127,127,129,127,126,123,126,128,127,122,126,127,126,126,125,124,124,126,128,127,127,125,125,127,126,125,126,129,126,123,126,125,130,130,134,134,130,129,128,129,133,133,130,131,132,132,129,130,132,129
127,126,127,127,126,126,126,127,126,128,129,129,129,129,129,129,128,130,128,129,128,127,127,129,128,130,128,127,128,128,128,127,127,128,128,128,129,129,128,127,127,126,129,129,128,129,128,127,126,125,128,129,128,127,126,125,127,127,125,125,126,125,125,127
124,124,128,127,121,119,119,128,122,124,126,127,122,122,120,123,124,122,122,125,121,128,119,131,127,124,123,128,124,128,126,128,127,122,121,128,125,121,126,128,128,121,120,123,121,125,119,121,125,122,123,120,119,120,119,123,128,124,122,125,127,127,123,127
131,132,127,127,131,131,130,127,135,132,128,127,129,129,132,132,133,131,130,128,129,126,130,123,127,127,128,125,128,124,124,125,129,130,128,124,128,131,126,125,126,131,130,126,128,128,130,130,133,132,129,131,130,132,132,131,126,129,131,131,129,129,129,128
128,128,127,126,126,126,127,126,128,128,128,128,127,127,127,128,128,126,126,127,127,127,127,129,127,126,126,126,127,126,127,126,127,126,126,126,126,126,125,125,126,126,125,126,127,125,127,126,126,127,128,127,128,127,128,125,124,128,128,125,126,125,126,127
125,125,126,125,126,126,126,125,127,128,126,126,127,127,127,126,126,127,126,127,127,126,127,126,125,127,126,125,126,125,125,125,125,127,126,125,125,126,124,125,125,126,127,125,124,125,126,127,125,124,124,126,125,125,124,125,125,125,125,125,124,125,126,126
123,123,127,125,125,123,123,126,121,124,127,128,124,126,126,125,123,126,126,125,123,127,125,126,125,125,126,127,126,126,125,126,126,125,128,127,126,126,124,126,127,124,125,126,125,126,127,127,126,126,125,127,123,124,126,125,127,126,125,126,125,125,126,127
125,121,127,125,124,124,124,126,118,122,127,127,125,126,123,120,120,125,125,124,125,127,123,124,125,123,126,126,125,125,126,125,124,122,125,126,126,125,125,124,126,121,124,126,127,127,125,121,126,123,125,125,126,126,124,125,127,124,125,127,127,128,126,127
126,127,127,129,129,130,129,127,128,126,126,129,126,127,126,128,131,127,125,126,126,127,126,127,129,129,126,127,128,127,128,128,130,129,126,127,127,128,128,128,128,128,128,129,130,130,129,130,128,129,127,128,130,132,130,129,128,128,130,132,130,128,129,127
127,132,128,128,127,125,125,128,132,128,126,128,126,128,128,130,131,127,129,129,128,128,128,131,131,129,129,128,129,129,129,129,130,130,129,128,127,128,130,131,128,129,128,128,128,129,130,129,127,125,127,127,129,129,131,129,129,129,130,129,129,128,128,127
130,130,127,128,128,129,131,129,133,131,128,128,127,127,130,131,128,128,127,128,126,127,130,129,128,128,127,127,128,127,128,129,127,130,126,127,127,127,129,128,127,131,128,129,127,128,130,129,128,129,129,127,129,127,130,128,126,129,126,123,124,123,128,127
125,126,127,127,125,125,127,127,127,124,126,126,126,126,124,125,130,125,128,128,128,127,125,125,129,124,128,128,129,129,127,127,129,124,127,128,129,130,127,126,127,125,129,129,129,130,124,124,127,124,126,126,126,126,123,125,126,123,124,126,127,127,126,127
128,130,128,131,133,132,129,128,128,131,133,133,132,133,132,128,130,133,133,134,132,128,134,130,129,133,132,128,133,131,132,129,128,133,133,129,132,133,133,129,128,132,133,133,132,132,135,127,125,129,133,132,133,132,131,129,127,128,129,128,128,127,128,127
124,125,127,125,125,125,126,126,126,127,126,127,126,126,126,125,126,125,126,127,127,127,126,125,126,125,126,127,126,126,126,125,125,126,126,126,125,126,125,124,127,126,126,126,126,126,127,126,127,128,126,127,128,128,130,129,125,129,129,128,126,125,128,127
139,134,151,144,132,131,130,149,133,125,129,130,125,127,126,131,135,125,122,126,124,151,124,135,146,129,128,150,130,142,141,148,144,128,125,149,134,125,138,146,151,128,124,128,130,134,124,135,138,130,132,126,127,128,128,131,142,129,130,135,142,141,134,152
131,128,128,127,127,128,131,129,130,128,125,125,126,125,126,129,130,127,127,126,127,127,125,128,129,127,126,127,126,125,126,127,130,129,128,126,124,125,125,129,128,129,127,127,126,125,126,131,131,127,125,126,124,126,126,129,129,127,128,129,127,128,127,128
128,128,126,126,125,127,127,127,127,125,124,124,125,125,125,126,127,125,124,124,125,126,123,125,127,125,124,127,124,125,125,126,127,125,126,126,124,125,124,126,127,124,125,126,125,125,124,125,128,127,127,126,126,126,124,125,128,125,126,127,128,129,128,127
126,126,128,129,128,126,126,128,125,126,128,128,127,127,126,127,130,127,126,127,128,128,127,128,129,128,128,128,130,129,129,129,130,127,129,128,130,129,130,129,128,128,128,129,130,130,129,126,127,126,130,128,129,129,129,128,128,128,127,128,128,128,127,128
126,126,127,127,130,129,128,125,128,124,124,123,123,123,126,125,126,125,125,123,124,126,125,125,125,125,123,126,123,124,127,126,126,126,124,125,123,124,126,126,126,127,125,125,126,125,126,128,127,127,125,125,126,128,124,124,126,125,127,128,127,127,125,127
127,128,128,127,127,126,126,128,128,127,129,127,127,129,128,127,128,126,127,127,126,128,127,127,128,127,126,128,128,129,128,127,127,127,126,127,127,126,129,128,128,127,127,126,127,128,126,128,127,127,127,126,126,126,128,127,127,126,127,127,128,129,126,128
125,124,127,126,125,123,125,127,124,122,124,124,123,124,123,125,126,122,122,124,125,127,125,127,127,125,124,127,125,127,127,128,127,122,122,126,126,123,126,128,127,122,123,124,123,125,123,121,125,121,122,122,123,122,122,124,127,123,121,123,126,128,125,128
125,127,127,127,128,127,128,127,126,128,129,130,131,128,127,125,124,127,127,129,130,127,127,126,126,128,129,127,128,126,126,126,126,129,129,128,127,128,127,126,127,127,128,129,129,128,128,126,128,130,129,129,127,129,129,128,125,128,129,127,127,126,128,127
127,125,127,127,126,126,126,127,126,127,127,127,127,127,128,127,126,128,128,128,128,127,127,128,127,128,127,127,127,128,129,128,128,127,127,128,128,127,127,128,127,127,127,127,127,127,127,129,126,126,127,126,127,128,128,128,128,127,128,128,128,128,129,127
126,128,127,127,127,126,125,128,126,126,128,127,126,126,125,127,126,124,125,127,126,127,124,126,127,124,126,127,125,127,126,127,126,124,125,127,126,125,126,127,127,125,125,125,124,126,125,126,128,126,126,125,125,125,129,129,129,128,129,129,129,129,129,127
125,123,126,126,125,124,122,126,123,123,124,124,123,124,123,123,125,124,126,125,125,126,123,125,126,123,125,126,125,126,124,126,126,123,126,126,126,125,125,126,126,124,125,124,123,126,123,125,127,125,125,124,122,123,124,126,128,127,124,126,126,126,126,126
129,129,128,129,131,130,131,128,129,127,129,130,128,128,130,131,128,127,126,127,126,128,128,129,129,129,127,128,126,128,128,130,129,129,127,128,127,126,130,130,128,128,127,128,128,128,128,129,128,128,128,128,129,127,128,128,128,129,129,128,128,128,129,128
128,129,127,127,127,127,128,127,128,125,124,124,125,126,126,128,128,125,125,124,126,127,126,126,127,125,124,126,125,125,126,127,127,125,124,126,125,125,126,127,127,126,124,124,125,124,127,127,128,128,125,126,127,127,127,127,125,127,128,128,127,127,128,127
128,130,128,130,131,130,128,127,127,127,128,128,127,127,128,127,129,128,127,128,128,127,128,126,129,127,129,128,129,128,128,127,129,128,130,129,130,130,129,127,128,129,130,128,128,129,128,129,130,132,129,127,125,125,128,129,129,131,129,127,127,128,128,127
126,127,128,128,126,125,125,126,128,128,127,129,129,130,128,127,127,127,128,129,130,128,130,127,127,127,129,127,128,128,127,127,127,128,128,127,128,129,129,128,127,129,129,128,127,127,128,129,128,130,128,129,127,127,127,128,129,128,127,128,127,127,128,128
128,125,127,127,127,127,126,127,126,126,125,126,125,126,127,126,128,128,128,128,127,127,128,126,128,127,128,127,128,127,128,127,129,127,127,127,127,127,127,127,127,128,128,127,128,128,127,126,127,127,127,128,127,127,127,128,125,126,126,127,126,126,129,127
124,127,126,126,125,126,126,126,125,129,129,129,128,128,128,128,125,129,130,129,130,126,129,128,126,128,129,127,130,128,128,126,127,130,131,128,129,133,130,127,126,130,131,130,130,131,133,132,131,132,130,129,130,131,136,134,129,135,134,131,128,126,132,126
129,128,126,129,127,125,125,129,128,125,125,125,124,124,124,127,131,124,123,124,123,126,122,127,131,127,124,127,124,126,125,128,130,127,123,126,125,123,127,129,128,128,123,124,123,125,123,130,129,128,128,124,125,125,128,131,128,131,129,127,128,128,129,126
123,125,125,126,125,126,125,124,125,129,128,128,129,128,126,125,124,127,128,129,129,125,127,128,125,126,128,126,128,128,126,125,124,126,127,126,126,127,125,126,125,125,128,129,127,127,126,124,124,125,127,126,126,126,126,126,125,124,125,125,126,126,126,125
127,127,126,126,127,127,127,127,128,126,126,126,125,126,128,128,128,126,126,126,125,126,126,126,127,125,126,126,126,126,127,126,128,125,126,127,126,126,126,126,127,126,127,128,127,126,125,124,129,128,128,126,126,126,127,126,125,127,127,125,126,124,126,126
126,126,127,128,127,127,123,126,125,128,128,128,127,127,126,127,127,129,128,128,128,126,125,126,128,128,128,127,127,128,127,127,126,129,129,127,128,129,128,127,127,129,130,130,130,130,129,128,125,128,128,129,129,129,128,126,128,130,130,128,127,127,127,126
126,124,127,127,127,127,128,127,125,127,130,129,128,129,128,126,123,127,129,128,130,127,129,127,125,128,130,127,130,130,130,127,124,128,130,128,129,131,129,127,127,128,130,130,130,130,129,128,123,125,127,127,128,126,129,129,125,129,124,125,127,127,129,127
128,127,128,127,127,129,127,126,129,126,124,122,122,122,124,126,129,127,124,122,122,128,125,131,128,127,124,127,124,126,126,127,128,126,124,126,124,124,125,127,127,128,124,126,124,123,127,129,128,126,124,124,125,126,124,126,129,125,127,127,126,127,124,129
127,129,126,127,130,129,130,127,130,131,128,130,127,129,130,129,127,128,128,129,127,127,127,125,127,129,128,127,128,128,127,126,127,129,128,127,127,127,128,125,127,130,129,129,128,128,128,126,125,126,127,127,127,126,126,129,128,129,126,128,127,128,129,127
127,125,127,126,127,127,126,126,127,126,127,127,129,127,127,126,129,128,129,128,129,127,128,127,128,128,128,127,128,127,129,127,128,128,128,127,127,128,128,128,127,130,129,128,129,128,129,130,130,129,130,130,131,130,130,131,128,127,130,129,128,129,129,127
124,125,126,127,128,126,126,125,123,125,126,126,125,126,125,124,123,124,126,127,125,126,125,126,124,125,125,126,126,126,124,126,124,122,124,126,125,123,125,125,126,121,123,125,124,124,123,126,122,118,121,122,121,121,120,121,127,120,120,125,125,127,123,126
126,126,127,128,129,127,128,127,127,126,130,130,129,130,127,126,128,125,127,130,130,127,127,125,127,127,127,127,129,128,127,127,129,126,128,127,129,129,129,128,127,127,128,129,129,130,127,129,127,126,126,126,126,127,125,128,128,128,124,126,126,127,125,127
125,125,127,126,124,124,125,127,125,125,125,126,125,125,125,126,126,125,124,126,124,127,124,127,127,125,125,127,125,127,127,127,127,125,125,127,126,124,127,127,127,125,125,125,125,126,124,125,125,124,125,125,125,125,125,126,127,125,124,126,126,127,126,127
127,126,127,126,127,128,130,126,125,129,129,129,131,130,130,126,125,129,133,132,133,127,128,126,126,127,131,128,132,130,129,125,128,128,132,128,130,132,127,126,127,129,132,132,131,129,130,128,130,128,132,134,135,134,132,130,127,130,133,131,128,129,130,127
129,130,127,128,130,132,131,127,131,130,129,129,129,129,131,129,130,129,128,128,127,127,130,129,128,129,127,127,128,126,127,127,128,128,126,126,127,127,128,128,127,128,127,127,127,127,127,129,128,128,127,127,128,128,126,126,126,126,127,126,126,125,126,127
128,127,127,128,130,129,129,127,130,129,130,130,129,129,127,129,130,129,127,127,128,127,126,127,128,129,128,127,126,125,124,128,128,128,127,127,126,126,125,128,127,128,126,126,125,124,126,127,125,130,127,129,128,127,128,127,126,129,127,127,126,126,126,127
128,127,130,129,129,129,125,127,124,127,129,127,129,129,128,124,127,129,130,128,128,130,127,122,127,127,128,129,129,127,125,127,129,126,128,128,127,127,127,126,129,127,128,125,127,127,126,127,130,128,126,127,127,127,126,127,128,127,129,130,128,128,129,130
127,128,127,128,128,127,128,127,128,126,126,126,124,125,126,127,128,127,127,126,125,127,126,125,128,127,126,127,126,126,127,128,128,127,126,127,127,126,127,127,128,127,126,125,125,126,126,128,128,128,128,128,128,128,129,129,129,128,130,129,128,129,128,127
127,128,128,128,130,130,129,127,129,128,129,129,130,129,129,129,128,129,128,129,128,128,129,127,128,129,129,128,128,128,128,128,129,129,129,128,129,129,129,129,127,130,128,129,129,128,128,129,130,130,130,130,131,130,131,130,128,129,130,131,128,128,131,128
130,129,127,129,132,132,130,128,129,126,129,128,128,128,128,129,129,125,127,127,126,127,126,121,128,126,127,127,129,127,126,128,129,127,125,127,128,128,127,126,127,127,127,125,128,129,124,128,131,126,126,125,126,129,129,130,130,128,128,130,130,130,133,127
129,127,127,128,128,128,127,128,128,127,126,125,124,125,126,128,128,125,123,124,124,127,123,130,127,127,125,127,124,127,124,128,127,127,125,127,124,124,124,128,127,126,124,125,124,126,126,127,127,130,127,126,125,125,125,127,128,130,127,127,127,126,125,127
124,125,126,126,127,127,126,126,125,125,125,125,128,126,127,124,124,127,128,125,128,126,127,124,125,126,127,126,126,126,126,126,126,129,128,127,124,126,124,125,126,129,126,128,128,127,129,127,126,131,130,128,127,127,131,129,128,130,131,129,128,127,128,126
130,129,128,129,128,128,129,130,128,127,127,127,125,126,127,130,129,127,126,126,125,128,127,127,129,127,127,128,126,128,129,129,130,124,124,128,127,126,128,129,128,126,125,126,125,127,125,129,131,128,127,127,128,128,126,127,128,126,127,128,129,127,127,128
127,127,127,128,127,128,127,127,128,127,125,126,127,127,127,125,130,130,129,128,129,127,128,127,128,129,129,127,130,128,128,127,127,129,129,127,128,129,128,126,127,130,129,128,130,128,128,127,125,128,129,128,128,130,128,127,126,126,126,125,126,127,126,127
130,133,128,133,136,137,134,129,132,134,133,133,132,133,134,134,128,133,133,132,133,127,133,128,128,131,133,128,131,128,128,129,126,132,133,128,129,132,129,129,127,130,133,132,133,130,132,129,128,134,132,132,132,132,134,132,130,132,134,130,130,130,130,127
128,127,127,127,124,124,123,126,123,123,124,124,124,123,122,123,125,122,123,124,124,127,124,126,127,122,123,127,125,127,126,127,127,122,124,127,126,125,125,127,127,123,124,127,126,126,124,126,127,125,125,124,125,124,123,124,126,126,125,127,128,127,126,127
124,125,127,126,126,126,125,125,125,123,125,127,125,124,122,126,125,124,124,125,126,127,126,127,125,124,123,127,123,124,124,126,124,123,121,125,124,122,124,126,127,123,123,121,121,121,124,127,123,124,124,124,124,123,126,126,124,127,124,125,124,124,127,127
130,132,129,130,132,133,132,129,132,127,123,123,125,124,128,132,131,126,126,125,126,128,127,128,129,128,128,129,127,128,127,129,130,130,128,128,127,128,127,130,128,130,129,130,129,130,130,134,129,131,127,129,128,131,130,127,127,132,131,131,130,129,126,128
130,131,127,130,131,130,129,127,130,130,129,130,127,129,128,127,130,128,126,128,127,127,127,127,129,128,128,127,128,128,126,127,128,128,127,127,129,129,128,127,127,128,127,128,128,128,127,128,129,128,128,128,127,130,129,130,130,130,132,132,131,129,132,127
130,129,127,126,126,126,123,126,129,123,125,126,124,125,122,125,131,126,127,127,124,127,124,125,129,126,127,128,127,128,128,127,129,126,126,127,126,126,126,127,128,127,126,125,126,127,125,127,132,129,130,129,127,128,126,127,130,126,129,130,129,130,129,127
126,127,127,128,129,127,128,127,126,129,130,128,129,129,130,129,129,129,128,127,126,127,129,127,128,130,127,127,127,128,129,128,129,130,127,127,128,127,130,129,128,131,126,127,128,128,131,130,127,131,130,129,130,130,129,129,127,130,130,127,126,126,125,127
130,130,128,129,129,129,128,129,129,128,128,128,127,128,127,131,130,127,127,127,126,128,128,130,129,127,127,128,128,128,128,129,129,127,125,128,128,127,129,129,128,128,126,125,126,127,127,130,130,128,126,126,127,128,129,129,128,128,129,128,128,128,129,128
127,128,125,128,128,128,129,127,124,129,130,129,127,129,129,126,125,128,127,129,128,125,127,129,125,129,131,126,129,129,129,126,124,128,130,128,130,129,129,127,125,126,129,130,128,130,127,127,125,128,128,128,127,127,130,129,127,133,130,127,129,127,129,125
126,125,128,127,126,126,128,127,128,129,130,129,129,130,131,126,128,129,130,128,127,128,131,129,128,128,129,128,128,128,129,127,128,130,129,127,127,128,129,128,128,129,129,129,129,129,131,129,128,127,128,128,127,126,128,126,126,125,126,125,125,125,125,128
125,124,127,126,124,122,123,128,124,121,121,123,121,122,121,127,124,121,123,126,123,127,120,124,125,122,123,127,124,126,125,128,125,120,123,126,125,122,125,128,126,120,121,122,122,123,120,128,127,122,122,122,121,120,123,127,129,126,126,127,126,129,129,128
131,133,127,131,128,129,128,128,130,129,128,128,128,127,127,128,129,127,129,127,128,127,127,126,129,127,128,127,127,127,126,127,129,126,126,127,128,128,128,128,127,127,125,126,125,126,126,128,128,127,127,127,127,126,128,129,129,130,128,130,130,130,129,127
125,125,125,126,125,124,126,126,121,120,121,122,121,121,122,121,121,117,121,123,121,126,121,125,124,118,124,126,127,128,126,125,125,120,126,127,127,126,125,124,126,120,125,126,128,129,123,122,125,122,123,122,123,124,128,130,128,127,125,125,127,126,130,125
129,130,127,128,129,128,130,128,129,129,127,127,127,126,127,129,128,128,128,126,127,127,127,127,128,127,127,127,127,128,128,127,127,128,127,127,127,127,128,128,127,128,127,126,128,127,128,129,127,127,127,126,126,128,129,129,127,128,127,128,128,128,128,126
126,126,127,126,125,124,122,127,127,122,122,123,122,122,121,124,128,123,123,123,123,127,123,126,128,124,122,127,123,126,126,127,128,125,123,126,123,122,124,126,127,124,123,122,123,123,121,123,126,123,124,124,123,123,125,126,126,125,126,127,127,127,126,127
125,128,127,128,128,128,126,127,128,127,126,126,127,126,126,128,129,125,127,127,128,127,127,128,128,126,127,127,127,128,126,128,127,126,128,128,127,126,126,127,127,125,126,127,127,126,127,126,126,125,127,126,127,127,128,127,129,126,127,129,129,129,129,127
131,132,128,132,132,129,130,131,129,123,126,127,122,124,126,133,134,125,122,122,120,128,124,139,134,129,124,130,125,132,133,133,134,126,123,131,128,123,130,135,130,127,122,125,125,128,124,132,131,127,129,125,125,128,128,132,133,128,133,134,134,133,132,127
129,129,127,128,127,126,127,128,128,126,126,126,125,125,125,127,128,126,126,125,125,127,124,128,128,126,126,127,126,127,126,127,127,126,126,127,127,126,126,127,127,126,126,126,125,126,125,125,127,126,125,125,125,125,126,126,127,126,126,127,128,127,128,127
127,126,127,127,125,124,125,126,125,126,127,127,127,127,125,124,126,127,127,127,127,127,127,128,127,129,128,127,128,128,127,127,127,127,126,127,126,126,128,128,128,127,126,127,127,127,127,127,126,126,127,125,125,125,127,126,126,128,126,126,126,126,126,127
127,126,128,128,127,125,125,128,126,126,127,127,127,126,125,126,126,125,126,126,127,128,126,128,127,124,126,127,127,128,127,128,127,125,127,128,128,127,126,127,127,126,127,127,127,128,126,127,128,125,127,126,126,127,127,129,131,126,127,130,130,131,130,128
126,129,127,127,131,132,132,127,130,133,131,130,131,132,133,131,127,132,131,132,132,127,131,126,126,130,129,127,129,127,127,126,125,132,130,126,127,130,125,125,126,131,131,131,130,128,131,128,126,131,129,130,130,131,128,127,124,128,128,127,127,126,126,126
125,129,127,127,133,131,132,126,130,131,130,131,134,133,134,131,129,132,133,131,132,127,135,127,126,133,130,126,128,126,126,127,128,132,130,126,128,132,128,129,127,132,132,130,132,128,134,135,131,132,131,133,134,135,133,132,126,128,133,131,128,128,128,127
131,129,127,127,129,128,127,128,131,127,126,126,126,127,126,128,131,127,127,128,129,127,127,127,129,127,128,127,128,127,127,127,131,128,127,127,128,127,128,127,128,129,127,126,126,127,127,129,129,129,128,128,130,128,128,128,125,130,127,127,127,126,126,127
128,127,127,127,128,128,130,127,127,128,128,129,130,129,130,128,127,130,131,130,131,127,129,129,126,129,130,127,130,129,130,127,126,128,132,128,129,130,129,127,127,127,130,131,131,130,130,129,127,128,128,128,128,129,128,128,127,127,129,129,128,128,127,127
126,124,127,127,123,121,122,127,127,128,128,129,130,129,129,128,129,130,128,128,128,127,128,130,130,132,128,128,128,127,129,129,129,131,127,128,127,126,128,129,128,132,128,127,125,126,127,126,127,131,128,129,126,125,130,128,127,130,129,128,128,126,127,127
131,130,128,130,131,130,129,129,128,122,125,125,124,124,126,128,129,124,125,125,125,128,125,127,129,124,126,128,126,127,127,129,129,124,126,129,129,127,127,129,128,125,125,126,127,127,125,128,130,128,127,126,126,127,125,126,127,125,127,129,129,128,128,128
125,124,128,126,124,125,125,128,127,130,131,130,129,129,129,128,124,129,129,128,128,128,130,132,126,130,129,129,128,129,130,129,126,128,125,128,126,127,129,129,128,128,128,128,127,126,129,129,126,127,127,126,126,125,130,128,129,125,127,127,127,128,127,128
127,131,125,128,129,127,129,126,129,130,129,129,129,130,130,131,127,128,126,128,128,125,129,126,127,131,128,126,127,126,127,126,125,130,126,127,127,128,127,126,126,129,126,128,127,126,128,127,125,127,129,128,127,128,125,124,121,126,125,125,124,121,124,125
127,128,127,127,128,128,126,128,129,130,129,128,128,128,128,129,128,129,129,129,128,127,128,127,127,128,128,127,128,127,128,126,126,128,127,127,128,128,126,126,127,129,128,128,128,127,128,127,126,128,127,128,128,127,127,126,126,125,126,126,126,125,125,127
131,131,128,130,132,134,136,128,131,134,135,134,136,135,135,129,129,134,137,135,135,128,136,129,128,134,135,128,133,129,130,128,128,134,135,129,131,135,132,129,128,134,135,137,135,132,135,134,129,129,135,137,138,137,128,124,127,125,129,129,128,127,124,128
131,131,127,127,131,131,130,128,130,129,130,129,128,130,130,128,130,128,129,128,129,127,130,130,128,127,129,127,128,128,129,127,128,129,129,127,128,128,127,128,127,129,128,128,127,126,129,130,131,130,128,129,130,130,128,129,127,130,129,128,127,127,127,127
127,127,127,128,127,126,124,126,125,131,131,131,132,130,127,124,126,131,128,129,129,127,128,126,126,129,130,127,129,129,127,126,125,128,127,127,126,127,127,124,127,127,127,128,127,127,125,123,126,125,128,128,128,126,124,124,126,125,125,124,126,126,125,127
126,125,127,125,126,128,127,126,127,128,126,126,129,128,129,126,127,130,129,128,130,127,129,128,126,128,126,126,125,125,125,126,127,130,129,126,125,127,125,126,127,129,129,128,127,125,130,129,127,129,127,131,130,128,127,126,126,129,128,126,125,126,124,127
128,127,128,129,127,125,125,127,127,122,124,125,125,126,125,126,128,125,127,126,126,128,125,125,128,126,127,128,127,127,128,127,128,126,129,128,128,127,127,126,127,125,128,128,130,130,125,125,126,125,128,127,128,128,127,128,128,127,129,130,129,129,128,128
127,128,127,127,128,127,126,126,127,127,127,127,127,127,127,127,128,127,126,126,126,127,126,127,127,128,126,127,126,126,126,127,128,128,126,126,125,125,126,127,127,128,125,125,125,125,125,127,128,127,125,126,125,126,126,126,127,126,127,128,127,127,126,127
124,125,126,125,125,127,126,125,126,130,128,128,130,130,131,127,127,131,130,128,129,127,130,130,126,129,128,126,126,127,129,126,127,131,128,126,126,128,127,126,126,131,129,129,129,128,131,126,126,131,126,127,127,127,127,126,124,130,125,122,123,122,125,126
129,133,129,130,133,136,134,128,130,134,137,136,138,136,137,130,129,134,133,134,134,129,137,135,128,133,134,129,133,132,132,128,126,132,131,130,130,132,132,128,129,132,132,133,132,133,135,130,123,124,131,133,134,133,129,127,131,125,129,129,130,129,128,130
126,127,127,128,128,128,126,127,124,126,126,127,127,127,125,126,126,125,126,128,128,127,126,126,127,126,127,127,127,127,125,128,126,124,126,127,126,126,127,127,127,125,126,126,126,126,125,126,126,123,125,126,126,127,126,126,129,125,127,127,128,128,128,127
129,129,129,128,127,127,128,128,131,126,123,126,125,125,124,124,133,126,125,127,127,129,122,128,130,126,127,128,128,126,126,128,130,125,126,127,125,126,125,129,129,126,125,125,125,125,122,133,130,125,123,124,124,127,124,127,131,127,125,129,129,131,128,129
125,127,126,127,128,129,127,124,127,128,129,128,129,129,128,122,125,129,128,127,128,126,129,125,125,128,128,126,128,126,126,124,125,129,129,126,127,128,126,124,126,129,128,129,129,127,129,125,124,128,128,129,128,129,127,125,125,125,126,125,125,124,125,126
130,129,127,127,127,128,127,128,129,130,132,132,131,132,131,127,130,130,131,131,130,127,131,129,128,131,129,127,130,129,130,127,131,131,131,128,130,131,130,129,127,133,131,132,132,132,130,129,131,132,132,132,129,132,130,133,127,129,129,130,129,128,128,126
127,126,127,125,124,125,127,128,125,128,126,127,129,128,128,129,126,128,130,130,130,127,128,127,126,126,129,127,130,128,128,127,125,128,131,127,128,131,127,126,126,126,129,129,129,128,128,125,126,127,129,129,128,128,130,129,128,128,130,130,129,129,130,127
126,125,127,127,125,126,126,127,120,122,122,123,120,120,124,126,120,119,116,118,117,127,121,127,124,121,120,127,122,125,124,127,126,119,116,125,121,118,125,127,127,119,116,119,119,122,120,127,125,121,117,116,119,119,121,124,127,125,121,121,124,122,123,127
129,129,127,127,129,129,129,128,130,130,129,127,127,128,128,130,128,128,128,126,127,127,127,129,127,128,127,127,126,126,126,127,127,128,127,126,126,128,127,128,127,128,127,126,126,127,128,128,127,128,126,127,126,127,127,127,126,128,127,127,127,126,126,127
131,131,127,130,128,126,128,129,130,123,126,124,123,122,124,129,129,121,122,125,123,127,121,132,130,127,125,128,127,130,132,130,130,125,126,129,128,126,130,133,128,127,126,127,127,127,122,130,124,120,129,125,126,127,120,124,131,123,124,128,131,129,128,127
123,119,127,121,116,116,122,126,119,118,121,122,120,124,125,122,119,121,123,126,123,128,122,126,124,121,122,129,125,129,128,126,122,123,124,129,128,125,126,126,127,124,120,124,123,125,123,124,119,122,125,123,124,124,124,128,130,124,125,128,128,128,128,127
128,127,128,127,128,128,128,128,126,129,127,127,128,129,128,126,126,128,128,127,128,128,127,127,127,128,128,127,127,127,127,127,126,129,129,127,126,127,127,127,127,128,128,128,127,127,129,126,125,129,128,128,127,126,128,127,125,130,126,124,125,125,127,128
126,126,127,127,129,128,126,125,127,126,125,124,126,126,125,126,128,128,125,124,126,127,127,125,127,127,127,126,126,125,124,126,127,129,128,126,126,127,126,126,127,128,128,126,127,125,128,127,128,128,128,127,126,127,127,128,127,128,127,126,126,127,129,127
128,128,128,127,129,130,127,126,129,128,127,127,127,127,128,127,129,128,127,126,126,128,126,128,127,128,127,127,126,127,128,126,127,128,128,127,125,126,126,128,128,129,129,127,128,127,127,129,128,129,127,127,126,126,128,127,128,127,129,127,126,127,126,128
127,126,128,127,127,127,127,128,125,125,127,127,126,127,128,127,126,125,125,128,126,128,127,127,127,127,126,128,127,128,127,127,127,127,126,128,130,128,130,128,128,128,127,128,128,129,128,128,126,126,127,126,126,127,127,128,129,128,125,127,127,127,127,128
105,105,126,110,111,115,112,116,109,117,110,110,117,116,113,108,105,117,121,115,122,127,118,103,111,110,116,122,111,109,110,115,109,113,119,117,107,116,104,108,121,111,118,112,114,108,114,106,108,113,108,116,117,115,116,110,109,113,111,109,108,107,107,128
127,127,127,128,128,126,124,127,125,124,126,126,126,125,124,126,128,125,126,127,126,127,124,128,128,126,126,127,127,128,127,127,128,125,126,127,128,126,127,128,127,126,125,127,126,127,123,127,128,125,126,126,126,126,126,127,127,125,128,128,128,129,128,127
127,126,127,129,128,126,127,128,126,125,125,127,126,125,125,129,126,127,126,125,125,127,123,128,128,126,126,127,128,128,128,128,126,125,126,128,128,126,128,128,127,125,126,126,126,127,125,125,123,121,127,126,125,125,126,128,129,125,127,126,128,130,132,127
125,125,127,126,125,124,123,127,126,126,124,125,125,123,122,127,129,126,125,126,127,127,124,126,128,126,126,127,125,126,123,128,127,126,126,126,126,125,123,128,127,127,125,126,126,125,123,127,127,125,124,125,124,128,127,128,126,126,127,129,128,127,127,127
128,129,127,129,131,131,127,126,129,129,130,129,130,130,129,126,130,129,128,128,128,127,129,129,128,130,128,127,128,128,127,127,128,130,126,127,127,126,127,128,126,131,128,127,127,128,128,128,126,128,126,126,126,126,125,125,128,127,127,127,127,127,127,127
125,126,127,126,125,126,127,127,127,129,131,131,130,131,129,127,128,131,132,132,130,127,130,127,128,131,130,127,130,129,131,127,129,131,134,129,132,132,131,129,127,130,132,133,132,133,132,129,130,132,130,130,129,129,129,128,127,130,129,128,128,128,125,127
128,127,127,127,128,129,129,127,128,127,128,125,127,125,129,131,128,127,126,126,126,127,128,127,128,127,126,127,125,127,127,127,128,128,127,128,127,127,128,127,127,129,128,127,128,128,129,133,131,129,127,125,126,127,128,129,129,127,129,130,128,128,128,127
126,126,126,126,126,124,126,126,126,126,127,127,125,126,127,125,125,126,127,127,126,126,126,124,125,127,127,126,127,126,127,126,124,126,126,126,127,127,128,125,126,126,126,126,127,127,126,124,123,122,125,125,124,126,125,125,124,124,125,126,126,125,124,126
128,127,126,127,130,129,129,126,129,127,129,130,130,129,129,127,128,130,129,129,129,126,130,122,126,130,131,127,130,127,125,125,127,132,131,127,131,131,130,126,127,131,131,130,131,131,130,128,125,128,129,130,130,130,130,129,124,129,129,127,127,126,130,126
128,128,127,128,127,127,126,128,128,129,128,128,130,128,129,126,128,128,130,130,129,127,130,125,127,128,129,127,129,128,127,127,128,127,128,127,129,130,128,127,127,127,129,128,129,130,129,127,127,129,130,129,129,129,128,128,127,129,128,128,129,128,128,127
129,127,127,126,127,128,127,126,130,129,126,125,127,124,128,128,129,127,127,128,129,127,126,126,128,126,127,127,127,127,125,127,126,127,127,127,125,127,127,127,127,128,129,127,128,128,129,127,128,128,128,127,128,126,130,129,128,128,128,126,127,126,131,127
128,128,128,129,128,127,127,128,126,126,127,127,126,126,127,126,127,125,124,125,125,127,125,126,128,127,126,128,126,128,128,128,128,126,125,128,127,125,129,128,128,127,126,126,127,129,125,126,127,125,127,126,127,127,126,126,127,126,128,129,129,129,126,127
128,126,128,127,127,125,128,128,123,120,122,123,125,124,125,125,125,120,124,123,125,128,125,126,127,122,124,127,124,126,128,128,127,123,126,127,125,124,126,128,128,123,124,125,127,127,126,127,125,122,126,125,125,124,124,125,127,122,124,125,125,126,127,128
129,128,127,126,126,127,130,127,128,129,127,126,126,125,127,129,126,128,127,126,127,127,127,126,126,128,127,127,125,126,127,127,126,129,128,127,126,127,128,127,127,130,129,128,128,128,129,127,126,129,128,128,129,128,127,129,129,129,130,128,127,128,127,127
126,129,127,129,131,130,126,127,128,126,128,127,126,126,125,128,130,127,126,126,126,127,125,127,127,127,127,127,125,126,125,127,126,126,125,126,124,124,125,127,127,125,125,125,125,125,124,127,124,125,124,124,125,126,124,125,127,127,127,127,127,126,125,127
127,129,127,127,131,130,132,127,131,129,129,127,130,130,132,130,132,131,131,128,128,127,133,126,128,129,129,126,129,126,129,127,129,133,131,127,128,131,130,128,127,133,130,129,129,128,131,133,129,132,130,130,129,130,129,129,126,129,129,128,126,125,127,127
127,128,127,127,126,126,126,127,128,127,129,128,126,127,127,127,128,127,128,128,126,127,127,127,127,127,128,127,128,128,128,127,128,126,126,128,128,127,129,128,127,127,127,127,126,128,126,128,129,128,128,127,125,126,128,127,126,128,128,127,128,127,128,127
126,126,127,127,129,128,127,127,124,124,125,125,124,124,125,126,126,127,124,124,123,127,126,128,127,128,124,127,125,127,128,127,127,128,125,127,127,125,128,127,127,128,126,126,126,126,126,127,127,126,127,125,126,127,125,126,127,127,126,126,127,127,126,127
129,125,128,127,125,124,123,126,123,119,121,123,122,122,121,122,126,121,122,122,122,128,121,126,127,122,121,127,123,127,129,127,125,122,124,128,125,122,126,124,127,123,124,125,124,126,123,121,125,121,122,122,121,121,120,122,126,122,123,126,126,127,125,128
125,126,127,127,129,129,131,127,127,127,126,127,128,128,129,128,127,127,127,127,129,127,129,127,127,127,128,127,128,127,128,127,126,127,128,127,127,128,127,126,127,128,129,127,128,127,129,128,127,129,128,129,130,130,129,128,128,128,130,129,129,127,128,128
127,129,127,128,128,129,129,128,133,129,127,129,127,127,129,128,131,127,127,126,127,128,128,129,130,128,127,128,125,127,128,128,130,128,126,127,126,126,129,128,128,130,126,125,126,126,128,129,130,132,129,128,128,129,128,129,126,130,128,129,127,128,127,127
127,126,128,125,124,124,124,127,127,130,130,131,128,128,132,127,130,132,128,128,127,128,132,128,128,132,128,127,126,126,128,127,129,131,127,126,127,127,129,128,128,132,128,125,128,126,131,128,132,134,129,128,129,129,132,130,127,136,132,127,124,124,126,128
127,129,127,129,129,128,128,127,128,128,129,128,129,129,129,129,127,127,129,130,129,127,128,128,127,129,129,128,129,128,129,127,126,129,129,128,128,129,128,128,127,129,128,129,129,129,129,127,125,128,131,130,130,132,130,129,127,130,131,130,130,129,129,127
128,128,127,127,127,129,128,127,130,129,126,125,127,126,128,129,129,128,127,127,127,127,126,126,127,126,126,127,127,126,126,127,126,126,126,127,126,126,126,125,127,126,126,127,128,125,126,125,126,127,126,127,128,128,129,127,127,126,129,128,127,127,127,127
125,128,127,128,130,130,128,124,130,132,128,129,128,129,129,128,129,129,129,129,128,126,127,123,126,128,127,126,128,126,124,126,127,129,128,126,129,129,125,125,126,129,128,128,128,128,128,124,125,128,127,129,129,128,127,125,124,125,127,127,126,126,125,127
127,128,127,126,128,129,129,128,126,126,124,126,124,125,127,128,125,125,126,125,125,127,126,128,125,124,125,127,125,126,127,126,126,124,126,127,124,126,126,125,127,124,127,127,126,126,126,123,126,128,127,126,127,127,127,124,127,127,128,126,126,124,127,127
126,126,129,125,126,128,128,127,127,132,129,129,131,130,129,123,125,133,130,128,132,129,133,124,126,132,129,128,127,125,128,126,127,135,134,128,129,132,129,126,129,136,133,133,132,130,135,133,133,138,133,135,135,134,136,136,133,136,135,135,132,132,135,130
