137,133,114,117,106,109,108,108,116,114,116,120,129,134,137,120,146,146,125,104,113,111,105,109,114,113,123,116,128,129,140,139,123,143,122,133,135,127,125,133,118,132,133,133,140,139,129,135,127,132,133,135,131,137,133,140,132,140,134,127,130,142,122,135,124,124,125,139,140,126,123,132,138,133,130,130,140,135,126,125,122,125,131,140,137,133,130,128,136,124,129,133,126,130,131,116,116,128,117,133,149,134,134,126,134,133,129,134,127,127,119,132,124,128,114,146,132,132,128,126,130,133,136,143,132,123,126,139,118,126,115,137,134,130,126,129,128,139,140,139,125,147,123,131,117,125,125,131,129,140,130,129,134,139,132,137,142,135,118,129,121,126,130,141,127,127,130,141,125,133,129,134,145,139,124,125,122,133,124,136,139,140,138,146,141,141,134,132,157,144,126,114,127,131,130,151,141,133,137,147,139,140,157,144,147,148,131,111,111,134,129,152,144,144,151,149,124,130,124,115,111,120,120,125,104,116,125,151,134,119,121,129,113,112,115,113,121,132,122,115,111,121,126,147,126,114,118,111,117,112,111,100,109,103,112,100
128,128,136,130,133,133,131,134,129,131,133,131,127,133,140,128,119,143,147,127,136,132,134,122,121,118,118,128,124,130,141,133,116,141,126,108,120,129,114,114,114,123,128,127,119,119,135,137,122,133,126,121,119,124,127,114,129,127,124,125,119,121,124,135,122,141,130,118,123,137,128,125,129,130,131,141,128,130,135,132,130,136,129,124,125,132,144,133,129,129,124,126,134,134,132,125,129,131,128,129,123,135,137,132,133,129,123,136,127,131,129,141,133,127,124,124,129,133,136,123,123,124,127,134,132,129,131,137,119,123,128,122,131,140,139,134,130,121,128,124,117,116,124,133,118,118,128,116,122,123,113,122,112,114,110,111,117,113,121,127,122,121,132,124,116,133,127,118,127,135,129,134,135,119,114,135,121,120,123,139,128,135,136,122,122,126,126,125,111,115,100,137,116,126,129,128,123,128,119,126,117,125,106,109,109,125,113,131,127,131,135,121,117,115,109,99,104,108,119,125,132,135,121,124,115,135,119,134,123,123,130,137,140,137,144,135,141,125,125,114,109,129,135,132,133,132,125,126,121,113,117,114,117,127,137,127
125,129,117,112,125,118,116,123,124,122,126,129,124,132,138,136,133,135,142,133,139,138,139,136,135,142,129,137,123,132,124,139,125,144,126,131,130,131,133,129,124,119,116,135,117,112,133,135,132,131,120,132,128,121,126,123,129,130,123,124,121,115,133,138,136,134,119,128,115,118,110,112,120,130,110,117,111,110,125,132,142,134,126,127,116,120,125,121,126,124,125,131,122,106,124,137,120,124,132,124,112,109,124,121,124,117,119,121,129,130,121,128,121,129,138,123,118,104,115,116,121,119,109,124,122,122,126,129,117,126,129,126,118,109,119,107,124,115,116,127,128,123,125,126,121,124,128,128,134,134,126,128,127,131,123,132,123,120,131,130,124,129,131,128,122,127,119,121,127,118,110,117,102,110,127,132,120,128,129,139,121,121,112,104,105,114,117,114,114,123,126,125,114,128,131,122,116,114,120,112,108,103,115,124,136,125,122,134,121,129,135,133,129,125,125,115,117,111,122,121,132,126,118,121,126,113,120,135,128,126,125,117,120,121,127,133,141,129,119,127,131,133,137,125,124,140,132,139,129,118,132,131,135,129,132,127
153,145,145,144,131,136,136,131,136,133,132,143,151,129,135,143,147,127,130,122,126,125,126,119,126,124,132,140,137,139,132,136,139,138,143,137,122,128,123,125,133,126,121,120,130,138,120,129,137,132,131,143,131,121,128,120,126,122,120,133,140,133,109,127,140,137,127,137,120,126,126,116,126,119,108,115,128,136,120,134,144,136,131,138,130,124,119,118,119,123,118,102,125,126,114,130,140,132,129,144,141,131,122,109,120,133,114,127,126,130,111,136,141,131,127,134,137,127,121,130,123,138,128,126,136,131,107,132,135,141,131,127,125,124,117,114,115,109,113,120,118,117,112,141,133,130,122,133,118,129,119,108,114,111,123,122,136,126,109,134,129,134,121,134,124,124,125,112,131,127,124,124,134,135,107,141,126,132,120,132,131,138,135,129,133,127,115,109,136,135,110,139,137,132,125,141,122,123,130,130,119,123,124,122,133,146,114,109,134,137,134,140,130,131,133,124,131,137,133,126,122,128,109,110,115,105,96,138,132,132,126,114,113,107,97,107,115,126,104,122,116,116,122,133,121,114,121,124,118,111,112,144,131,111,107,122
123,133,124,127,128,132,132,138,147,142,138,140,147,142,150,137,127,137,135,138,132,143,140,138,137,138,140,140,142,143,154,152,125,138,150,140,154,150,159,148,142,143,142,143,132,134,134,142,122,129,140,134,153,148,147,144,140,144,153,144,140,135,134,134,120,124,134,149,145,140,142,146,145,146,152,139,131,124,138,133,117,123,138,131,144,141,142,149,147,142,145,147,135,126,142,131,116,122,134,126,134,133,150,144,145,151,141,141,133,134,139,131,115,122,132,125,145,150,152,150,144,154,147,135,136,131,131,128,114,115,117,128,143,139,143,146,139,141,137,127,132,126,139,127,111,116,117,123,138,134,145,139,137,135,130,131,130,124,129,115,117,117,119,126,128,132,130,129,134,138,137,146,123,130,130,124,112,114,111,123,133,141,143,144,146,129,123,127,122,128,123,112,110,124,114,117,125,131,126,132,136,126,117,120,114,120,124,127,107,108,116,123,113,126,116,126,124,112,128,139,136,123,125,117,120,129,119,121,121,133,130,134,132,143,145,150,128,131,131,122,128,119,126,124,146,134,142,140,147,141,145,134,130,120,130,125
134,130,134,142,137,134,134,132,138,136,131,133,128,133,138,126,131,114,124,139,122,124,140,138,137,135,138,140,139,120,145,136,125,137,141,145,135,128,144,142,137,123,136,139,139,125,129,118,116,131,132,140,125,130,135,140,124,116,118,133,125,136,122,112,123,133,129,133,136,142,140,131,137,126,127,126,136,118,127,111,118,134,133,126,122,133,144,131,127,126,109,111,128,112,118,120,118,124,125,125,118,120,132,133,127,128,110,119,119,114,125,115,117,126,123,129,132,135,138,130,125,132,132,129,135,117,123,117,107,126,127,128,137,142,143,129,115,121,129,119,117,108,125,110,109,121,127,128,119,125,126,124,121,122,113,110,127,112,115,112,106,124,128,114,122,122,119,124,120,131,117,121,133,125,117,109,108,129,127,127,118,134,141,127,127,128,119,131,119,113,119,110,118,127,132,133,120,138,131,129,129,127,121,126,122,127,120,119,118,114,126,120,123,117,121,137,119,110,119,125,128,136,144,117,124,121,130,124,120,127,125,129,115,116,117,128,129,135,136,109,108,115,142,144,136,127,127,134,121,120,116,121,124,111,108,105
116,120,120,126,118,118,129,132,117,124,127,137,128,122,106,103,135,152,139,118,117,128,129,130,127,122,129,129,126,125,151,123,127,147,152,131,133,136,133,126,134,125,112,124,124,120,141,121,113,129,133,124,125,139,112,129,115,120,119,136,139,127,128,118,120,133,136,117,127,127,133,131,120,123,118,122,129,116,122,116,108,125,124,110,107,119,115,116,104,112,110,115,112,119,125,117,110,133,126,112,116,111,93,118,99,115,116,118,122,137,124,120,113,127,119,111,121,118,124,131,125,124,125,114,136,133,112,110,126,140,142,139,136,130,130,127,120,135,124,126,139,134,130,115,124,140,140,127,137,123,124,140,130,125,127,136,137,142,124,113,121,137,133,142,143,131,131,140,131,130,140,140,148,137,131,107,128,135,138,140,134,145,143,138,134,131,119,126,131,115,122,118,114,134,130,129,124,131,120,108,120,124,115,132,128,127,120,124,110,133,133,119,115,124,125,127,126,122,117,121,121,138,126,122,122,119,134,128,126,121,120,122,120,117,130,125,140,114,115,120,108,116,105,122,102,118,119,124,115,124,115,112,123,118,115,117
137,121,128,128,132,133,133,132,132,133,135,138,141,134,114,137,103,118,123,121,134,130,143,146,134,134,146,142,143,134,114,111,131,106,126,132,130,134,139,132,133,136,132,134,136,126,131,135,135,125,131,128,123,138,145,143,134,129,139,137,137,128,141,139,133,126,134,138,141,139,138,137,133,140,135,144,141,134,131,141,138,128,149,134,139,140,142,147,136,137,145,141,146,128,135,146,136,129,136,143,142,143,143,148,144,140,148,143,130,136,140,129,138,130,138,146,134,139,147,149,147,134,139,148,139,135,144,131,128,132,132,140,143,135,137,136,128,124,135,135,132,130,138,120,124,130,127,139,136,139,136,138,145,136,141,134,136,122,142,119,117,129,132,134,136,140,138,144,143,142,148,146,143,119,144,110,120,128,127,144,144,144,143,133,129,140,143,142,121,130,145,130,120,129,135,126,133,138,138,150,135,131,135,128,130,125,145,138,118,128,131,135,138,135,137,141,133,138,134,129,126,132,129,137,139,114,125,133,127,129,134,135,140,132,142,139,125,137,134,138,146,124,121,132,118,127,128,132,132,129,131,123,124,122,129,127
116,110,127,125,138,131,133,138,129,136,123,117,107,115,100,122,74,76,106,140,132,153,147,152,152,147,160,154,152,153,107,77,99,70,139,156,175,181,190,197,181,177,187,182,185,174,120,84,97,85,132,159,165,184,192,200,198,185,188,187,185,174,123,92,105,101,135,149,173,173,200,199,195,200,191,195,181,170,135,95,104,95,131,151,158,168,189,190,184,200,188,190,174,160,136,96,114,103,142,163,168,171,161,175,191,182,194,194,180,171,118,100,111,110,130,160,185,173,177,187,185,175,176,177,181,176,124,103,96,114,131,158,175,174,173,179,185,190,183,185,192,171,129,87,105,109,120,156,170,155,173,172,178,175,183,180,168,171,121,97,109,109,111,156,170,178,180,168,181,175,185,179,166,162,117,88,107,113,102,149,174,157,165,163,155,165,179,184,155,153,114,95,96,103,87,135,159,165,162,146,148,151,153,162,152,156,113,105,104,108,86,131,161,139,155,141,153,154,146,138,130,118,117,115,112,86,104,126,141,141,143,129,133,136,133,129,122,94,90,142,140,120,97,137,100,121,136,135,142,141,138,143,133,131,114,150
118,117,119,122,126,129,130,120,114,111,110,120,121,132,129,130,131,112,133,122,134,128,134,139,128,128,121,118,119,136,115,129,125,110,118,126,129,136,137,137,131,128,119,124,121,132,110,124,127,131,110,121,129,137,146,138,133,125,126,128,128,116,110,132,139,125,115,131,123,127,124,132,123,115,130,123,115,122,113,128,130,130,121,126,126,124,128,135,125,116,131,131,126,127,112,134,129,137,126,128,134,129,133,130,132,134,145,145,134,138,123,133,130,142,129,131,131,129,133,138,123,122,131,132,126,132,124,133,147,143,125,124,127,126,127,124,132,121,127,129,118,135,121,137,140,140,131,135,139,139,139,137,121,130,140,133,128,140,126,140,133,138,133,130,142,139,146,140,136,124,138,127,121,126,121,140,136,144,134,125,128,128,122,126,111,115,127,121,125,110,114,121,131,134,125,94,116,119,116,114,102,111,117,113,112,106,106,112,137,132,126,99,121,118,123,115,111,118,111,117,120,105,119,114,112,136,128,121,112,118,128,127,109,115,117,126,106,118,120,128,138,135,118,118,122,126,119,124,117,129,116,133,126,125,135,121
129,121,117,122,121,120,121,117,127,131,136,137,140,137,135,130,137,147,117,115,114,118,113,122,119,118,118,113,119,126,130,136,130,125,124,119,123,113,116,116,125,132,108,114,106,117,124,133,128,124,131,128,125,114,118,112,107,116,116,107,112,112,126,132,123,123,114,114,121,113,105,96,122,121,112,107,108,111,123,125,121,124,116,117,110,117,118,110,126,116,106,115,120,109,119,137,124,118,122,117,118,111,137,122,109,116,110,107,123,120,118,130,128,120,123,112,121,125,125,108,105,124,133,121,122,114,116,132,125,126,117,114,110,118,118,114,104,118,113,117,115,107,114,137,130,125,125,124,114,123,116,110,119,114,107,117,117,118,119,138,129,133,126,111,102,107,113,110,107,106,109,115,114,120,128,142,135,131,125,119,114,114,113,114,117,134,118,111,119,146,128,143,133,122,121,123,110,119,125,126,133,135,116,115,109,114,123,139,125,131,127,125,107,116,110,116,117,114,117,117,110,123,134,130,122,135,130,129,116,122,122,120,107,113,135,125,117,126,132,131,136,134,112,132,111,134,132,133,132,124,125,127,129,127,134,124
135,129,118,122,122,118,122,126,135,134,133,137,134,135,150,149,144,136,126,130,123,119,120,130,127,123,128,127,114,130,128,156,130,122,118,125,119,125,120,140,123,124,129,122,115,126,121,127,116,112,118,140,129,122,128,139,130,133,130,126,123,122,118,122,126,123,123,134,129,126,138,130,137,135,122,136,134,127,142,126,125,119,131,137,117,138,133,128,137,130,129,134,119,114,143,121,121,122,124,115,115,126,135,127,139,139,129,132,134,130,124,119,116,122,117,129,121,123,126,122,131,131,138,136,136,139,121,117,135,129,121,138,129,131,124,135,130,123,127,131,128,117,122,131,137,127,114,132,122,127,117,118,126,123,117,119,127,131,123,125,136,123,110,114,112,124,129,138,136,143,141,143,127,139,127,132,135,117,110,121,137,127,125,126,133,128,130,123,117,139,123,131,130,121,115,118,125,116,127,129,134,129,122,134,127,133,122,137,133,121,118,114,116,116,134,134,132,125,130,132,129,117,113,129,131,129,105,118,126,125,132,129,141,138,136,131,133,119,118,126,134,132,114,126,132,128,127,121,130,142,124,118,120,118,124,145
126,129,115,117,124,122,123,120,108,109,108,128,119,114,117,125,144,131,130,118,127,124,125,117,117,118,120,125,135,130,134,137,134,144,148,126,139,138,138,117,119,119,114,128,133,111,143,134,118,135,138,105,117,125,115,111,119,119,115,129,122,124,131,124,119,129,128,122,126,125,111,116,119,120,130,119,122,125,124,128,112,120,126,114,133,118,107,117,116,107,116,111,111,118,133,122,115,119,128,106,124,108,118,126,115,110,118,110,113,123,130,110,112,115,127,131,118,114,122,125,134,116,117,121,124,119,122,113,128,131,141,140,141,131,135,138,129,126,127,130,121,128,128,135,126,122,133,123,130,130,131,124,117,120,117,124,137,119,139,133,130,120,132,132,130,121,127,126,125,121,140,130,127,120,137,137,127,123,138,127,128,121,125,131,124,126,128,134,133,125,143,142,122,118,133,128,126,135,126,122,118,118,116,122,116,117,122,138,134,139,136,119,115,131,125,121,116,123,120,126,134,125,125,135,119,137,129,129,135,118,132,136,120,122,129,133,131,127,132,127,132,128,121,119,131,135,136,132,121,129,126,133,125,133,128,125
134,116,132,131,136,134,130,132,126,128,137,139,131,110,106,125,116,141,152,125,132,118,119,125,129,127,126,120,128,141,135,119,135,131,145,124,133,128,121,133,129,108,125,129,112,131,143,131,132,137,146,118,119,116,121,104,119,122,132,135,133,114,146,139,131,126,143,128,119,130,121,113,119,115,126,130,111,109,137,140,132,142,131,108,113,121,111,106,112,112,122,126,129,128,139,139,125,144,130,108,114,132,120,115,126,139,140,122,127,123,131,141,137,140,134,106,118,124,117,127,126,149,123,120,123,129,145,143,129,138,126,127,124,139,128,124,126,128,122,121,117,121,132,134,124,130,128,107,115,136,122,123,136,131,135,136,128,116,140,132,128,128,131,115,126,131,131,132,130,135,134,136,125,105,133,127,128,133,132,123,126,131,128,110,119,112,108,117,110,108,127,106,123,121,135,122,118,107,113,104,112,110,115,112,122,117,120,115,107,119,136,124,112,127,122,121,120,122,124,122,118,111,131,137,115,127,144,131,118,134,125,124,130,131,121,120,131,134,127,126,122,132,149,117,127,123,131,125,119,126,124,139,135,147,124,130
144,131,129,132,127,126,131,127,129,126,125,126,131,126,127,152,124,109,118,125,125,125,117,117,123,119,136,125,128,122,109,124,128,110,115,121,129,133,128,121,129,136,135,134,134,130,121,124,124,121,131,134,133,137,130,136,132,138,151,121,142,135,125,128,121,127,129,119,138,126,137,144,132,138,145,139,145,143,131,134,123,112,125,136,139,135,134,135,148,144,148,141,144,139,137,137,132,114,124,124,140,147,134,136,140,136,143,139,138,130,117,134,134,118,110,119,125,125,119,129,135,115,130,134,120,124,122,132,132,123,119,115,127,122,129,140,142,138,138,148,135,131,125,135,132,125,120,129,139,148,143,145,148,146,149,143,125,125,117,130,121,123,122,128,139,133,140,138,134,122,123,126,125,116,112,129,120,120,118,118,123,124,126,137,127,134,140,138,129,131,113,116,124,118,123,127,139,137,132,132,128,126,133,130,129,126,113,125,135,121,115,119,134,126,124,127,123,128,121,118,119,110,118,126,118,112,114,116,121,123,125,126,130,126,130,121,115,111,106,133,130,133,114,115,121,117,115,113,110,120,126,115,111,123,123,121
125,126,129,129,122,120,129,130,124,126,118,119,126,132,143,118,124,125,136,125,122,120,127,124,120,109,119,122,124,118,132,141,119,137,139,127,125,127,119,113,123,124,124,127,132,137,115,135,123,130,130,129,121,122,116,122,125,113,114,121,130,128,120,131,125,129,127,128,115,112,115,107,121,127,117,115,130,122,130,121,126,123,126,124,119,118,118,114,124,121,116,110,128,130,130,119,130,126,119,123,126,124,101,105,112,122,114,115,114,122,129,128,131,128,121,129,128,123,122,108,108,117,115,117,117,121,126,123,137,134,124,132,125,122,130,127,129,130,132,129,130,126,127,128,139,130,129,131,130,132,129,122,125,125,119,134,136,141,123,131,134,125,129,131,130,134,122,121,127,128,123,132,141,134,129,123,134,124,135,144,130,132,129,125,128,132,125,130,137,137,130,133,130,112,124,140,131,135,125,120,120,125,114,120,135,131,115,122,138,135,132,121,116,122,120,129,122,120,116,118,124,124,131,137,116,138,130,124,118,118,124,128,114,119,125,124,122,127,131,127,106,121,123,127,131,130,135,135,120,124,124,125,130,137,126,113
133,128,138,135,125,127,132,133,135,136,138,128,116,107,109,129,123,125,121,130,121,127,126,131,129,130,136,135,120,129,113,118,122,108,126,126,143,135,143,143,141,134,134,134,138,140,124,113,115,116,117,134,133,123,138,128,143,122,128,133,134,131,136,119,119,120,123,135,130,130,132,124,149,145,140,140,135,136,133,124,120,122,124,129,133,137,143,137,134,121,130,121,123,135,124,121,124,125,123,125,127,120,128,132,140,138,124,137,127,118,116,119,129,130,127,128,132,129,130,126,124,132,142,133,130,141,135,126,114,125,122,132,128,146,139,130,130,130,126,131,125,128,124,118,115,124,131,130,123,133,122,126,127,130,125,123,117,138,129,128,121,131,120,123,124,124,128,127,128,124,135,145,136,147,136,125,123,134,121,143,134,127,133,134,135,137,134,144,136,129,136,135,126,113,113,129,124,124,129,121,128,125,130,137,135,140,126,145,127,122,117,124,134,126,126,122,128,125,123,129,139,143,141,148,136,134,113,126,121,130,125,133,129,142,139,144,149,141,136,133,125,140,118,139,129,144,150,153,143,134,148,146,150,148,130,126
124,151,142,140,135,133,141,133,142,150,131,133,125,126,131,130,128,134,126,146,132,144,139,146,152,141,151,150,140,142,128,145,143,115,136,150,134,133,142,121,124,133,131,119,141,134,137,145,135,136,136,150,135,124,139,140,135,137,133,139,140,146,142,143,144,139,138,163,152,147,132,136,126,139,118,141,134,129,145,132,146,130,137,134,134,126,146,138,142,135,132,128,138,117,148,133,154,133,142,121,121,120,130,138,146,159,135,145,152,141,147,142,150,135,146,138,144,136,142,136,146,140,142,141,159,144,137,137,153,141,147,148,159,140,141,149,144,133,146,148,145,141,146,141,145,139,140,135,131,134,135,128,133,135,130,127,143,136,143,134,136,127,134,157,144,129,127,139,136,142,144,140,137,136,131,143,136,126,137,156,147,143,145,140,137,133,134,129,131,140,134,121,141,119,122,140,142,138,134,137,134,132,136,129,140,142,128,113,135,119,108,144,153,137,143,130,122,131,132,130,131,133,138,132,123,116,111,134,133,129,128,134,135,132,127,133,124,152,142,121,139,131,117,137,129,109,132,134,133,127,124,123,125,116,134,124
124,120,123,117,127,127,118,118,115,115,126,126,129,127,127,137,121,131,148,132,134,130,122,127,121,118,129,128,126,126,124,124,117,139,137,133,132,137,133,132,125,133,128,127,125,126,128,129,118,122,123,126,122,122,135,123,119,121,119,123,115,119,120,127,125,125,116,117,119,128,117,126,112,109,131,137,138,129,128,125,126,133,131,120,124,128,121,126,118,116,125,122,139,128,124,127,124,133,123,117,130,126,126,133,125,118,130,124,124,123,124,125,130,125,125,132,128,127,116,130,121,125,115,128,120,129,131,124,124,119,118,125,121,125,105,116,119,130,135,124,115,125,121,123,133,119,112,115,126,120,124,125,118,119,128,125,124,128,122,128,137,122,114,116,124,125,134,138,124,126,131,125,132,134,123,136,130,121,118,123,121,125,121,129,122,122,129,133,132,115,114,120,132,122,121,118,132,135,136,117,120,121,125,119,128,121,118,118,122,112,125,122,127,130,134,126,112,121,110,111,111,105,122,122,117,113,118,119,112,109,109,116,113,116,108,109,110,117,124,129,127,122,115,112,121,117,113,113,123,123,118,119,122,120,122,122
122,119,124,127,128,129,134,130,134,138,134,137,124,112,116,126,119,132,122,122,114,124,121,131,123,123,129,122,115,123,114,115,127,114,129,125,119,125,133,116,124,126,124,115,117,119,116,113,120,121,130,128,127,114,118,120,121,123,120,125,122,110,108,115,123,125,120,122,108,112,112,121,132,120,121,122,115,127,116,120,123,128,113,121,124,122,123,121,120,120,119,114,113,120,109,124,124,131,121,132,124,112,127,123,119,133,124,128,126,123,107,135,125,133,116,121,131,134,135,125,115,128,118,121,131,125,110,133,116,129,116,119,123,136,126,123,126,134,124,133,119,132,114,136,121,132,119,129,119,130,124,127,118,121,124,131,125,132,106,136,121,128,116,119,122,135,122,127,113,123,128,138,130,126,109,126,119,134,113,121,129,136,127,137,129,131,121,129,141,130,114,121,124,131,113,135,140,125,125,133,127,131,126,128,131,134,121,120,122,122,121,129,125,125,121,112,123,122,119,114,119,117,111,128,118,144,125,120,110,112,114,116,114,114,124,128,132,124,121,131,122,131,125,109,123,124,130,128,124,119,129,116,115,115,121,121
115,109,128,132,121,122,114,118,118,112,116,110,112,124,119,124,118,127,124,140,131,137,129,135,132,136,131,129,133,135,125,119,120,136,136,157,153,132,132,155,145,144,142,142,133,146,153,135,131,144,150,154,138,127,131,140,135,139,128,120,135,141,151,141,120,136,148,157,139,130,127,128,132,129,123,121,130,133,146,125,125,140,146,143,135,132,135,126,121,122,122,131,124,139,141,123,128,137,145,142,125,132,128,119,113,124,114,115,123,127,135,116,126,126,141,128,118,124,110,101,108,128,112,115,126,113,139,113,136,133,152,152,126,135,117,113,115,116,123,130,129,140,145,110,134,130,147,137,125,136,118,123,130,121,121,133,134,132,145,117,132,134,152,150,131,124,117,121,123,122,112,123,119,123,146,120,131,124,145,133,118,120,125,112,115,120,111,114,134,124,144,129,107,116,133,129,119,112,129,111,106,113,113,111,122,135,153,124,119,119,130,127,120,109,115,117,115,111,122,114,123,136,147,121,124,123,122,132,132,120,119,119,127,127,120,121,120,131,126,116,128,113,137,132,128,114,129,122,127,119,123,114,129,118,108,122
119,127,115,124,121,122,125,123,120,117,108,105,122,123,117,107,106,117,121,111,112,116,121,128,127,127,137,128,127,141,124,115,109,120,132,139,139,134,133,135,133,134,141,137,138,140,113,101,112,113,121,139,140,141,132,141,131,130,131,136,136,142,114,99,104,108,109,135,137,136,126,126,132,124,128,130,137,136,115,116,102,98,115,137,133,137,138,139,127,122,118,116,139,124,103,112,101,103,110,113,130,141,132,135,132,132,126,128,127,125,98,114,104,113,94,117,134,124,132,118,123,123,134,133,131,134,102,112,136,118,108,127,130,136,134,140,136,132,130,133,134,137,114,120,129,121,111,132,132,142,133,129,127,122,122,125,132,143,108,125,126,121,108,124,137,139,142,145,149,139,133,129,129,141,112,122,130,125,104,133,147,139,137,153,151,146,142,128,130,119,107,113,134,117,106,134,134,136,138,126,114,133,121,132,123,121,108,117,113,132,119,119,128,125,124,134,118,119,124,104,93,114,114,107,116,132,122,109,127,117,112,118,110,105,118,115,109,109,128,123,126,134,119,130,125,118,102,114,124,121,142,130,127,127,130,111
121,124,127,124,125,122,119,123,121,122,127,123,123,120,132,120,116,115,125,142,126,134,122,130,130,144,124,126,119,127,112,122,118,108,109,123,119,120,115,116,130,134,128,119,124,135,108,123,127,121,117,111,113,118,126,116,120,123,143,130,125,131,122,110,121,120,127,112,121,127,129,118,115,120,116,125,119,121,122,124,128,119,128,116,112,124,127,117,132,134,124,130,124,133,131,137,127,128,131,126,127,130,139,131,120,120,120,128,133,136,128,138,129,123,133,114,127,135,128,133,132,127,126,124,125,116,125,134,134,123,127,121,126,138,119,121,124,129,119,123,131,123,127,141,135,126,129,120,129,139,123,138,137,135,135,131,124,125,128,141,139,131,130,130,133,121,117,134,125,111,110,113,118,121,128,140,138,131,132,110,115,116,120,119,122,122,115,119,122,126,134,124,138,127,126,119,116,113,125,127,129,129,121,120,132,125,127,126,139,123,138,131,125,125,126,139,133,125,118,115,114,127,122,119,121,122,126,136,128,117,109,110,112,112,118,121,120,110,113,122,132,125,115,127,124,131,119,129,121,139,155,155,150,143,141,147
137,128,123,126,136,130,131,126,126,122,114,114,120,111,125,136,119,111,98,102,101,113,117,119,124,115,125,124,127,118,127,127,101,107,113,111,116,127,132,113,117,126,133,130,135,126,120,106,107,96,112,128,130,134,141,127,123,123,132,130,127,139,127,110,113,112,120,119,127,129,121,124,109,119,127,123,127,138,132,117,124,114,117,133,116,147,143,132,137,137,133,137,127,140,131,126,123,110,129,131,128,137,133,135,136,134,132,135,134,128,112,124,125,117,114,122,136,140,148,137,143,131,134,128,130,126,124,119,112,117,122,103,120,127,129,128,135,122,120,126,123,119,126,122,119,116,119,126,120,126,124,120,127,126,122,126,122,124,120,125,127,121,120,123,128,133,131,125,131,129,129,135,115,122,118,123,130,117,113,123,128,130,135,130,133,133,131,123,125,127,124,112,123,113,117,122,124,131,135,142,134,138,132,130,113,121,126,126,117,117,120,126,135,130,130,124,131,136,132,113,111,127,134,127,123,118,123,128,128,120,121,126,123,118,117,126,118,124,126,149,136,123,124,129,128,128,139,136,142,141,138,131,132,131,129,139
115,122,126,125,116,122,121,114,112,109,111,109,116,123,113,108,94,118,124,120,113,111,113,112,116,124,113,122,127,120,110,102,101,112,119,124,121,125,114,119,124,123,129,131,133,133,110,102,112,121,122,123,128,127,127,128,130,129,128,126,143,128,122,108,114,115,121,114,132,114,122,124,128,132,119,128,141,138,118,105,108,115,124,131,131,125,112,121,129,130,121,123,133,142,116,107,106,121,122,129,130,127,129,128,115,114,118,120,126,132,114,107,101,120,122,130,126,115,118,119,129,126,129,122,131,121,106,109,118,105,113,116,123,114,116,118,110,122,110,110,128,136,112,108,118,111,116,127,123,126,113,116,105,109,120,126,125,131,114,116,121,114,115,129,127,120,127,134,116,113,120,114,130,135,114,120,119,110,116,129,129,116,123,132,128,124,124,107,113,135,115,111,124,111,120,128,130,127,123,135,134,127,125,116,112,117,120,116,128,117,131,114,122,114,124,126,120,111,109,115,116,130,122,109,118,107,122,121,112,121,120,116,119,118,129,110,119,124,121,105,131,114,115,135,112,119,129,125,134,147,133,129,127,130,125,123
140,138,130,135,143,143,143,141,149,145,135,128,128,123,111,138,136,119,122,116,140,130,141,142,134,129,133,131,123,121,118,133,131,120,115,109,125,109,123,119,128,122,122,118,113,104,110,125,128,113,107,97,109,111,110,117,120,112,115,120,111,112,115,124,131,134,119,99,115,116,122,123,132,127,123,123,120,119,120,140,133,131,116,108,124,106,114,117,118,118,117,110,121,115,115,142,135,127,120,113,124,117,105,114,115,116,109,112,102,114,127,138,138,137,128,108,117,109,117,118,112,116,110,112,113,113,131,141,137,141,119,123,125,129,123,125,122,127,125,118,122,119,131,144,145,137,126,109,127,126,119,106,109,114,116,119,109,114,130,143,136,135,129,119,124,124,117,112,111,127,115,121,117,116,131,129,136,147,130,121,124,125,118,121,127,130,120,123,110,113,132,120,136,137,122,129,120,138,129,114,125,125,104,116,111,114,115,130,123,126,129,110,109,121,108,124,118,123,122,114,114,117,127,140,125,135,127,119,126,127,123,125,116,117,121,129,121,125,137,134,126,131,130,126,120,129,133,134,142,131,129,121,120,114,113,120
135,126,140,140,133,137,129,138,135,144,151,153,146,148,128,126,123,145,139,143,148,147,163,158,161,153,164,175,171,158,146,129,120,140,132,141,140,147,134,140,145,127,121,125,114,135,145,145,124,139,130,135,133,109,133,126,127,119,118,141,138,140,140,143,123,134,124,134,132,133,138,125,139,138,126,145,124,117,131,134,123,128,125,134,115,122,126,120,121,114,107,118,122,129,124,120,122,136,121,126,123,127,125,122,119,140,119,130,137,138,136,122,123,133,124,124,128,122,129,126,118,140,131,126,130,149,129,127,108,129,127,135,138,127,133,135,123,126,131,116,124,114,123,107,109,126,123,125,127,118,106,117,97,104,116,117,144,129,139,119,110,128,122,128,123,136,123,131,123,131,132,130,115,125,133,117,107,121,122,131,120,127,119,116,113,114,116,132,112,115,119,115,118,120,123,126,119,115,105,88,98,101,88,119,134,133,132,133,119,134,141,121,97,128,113,110,118,117,123,140,144,133,138,143,128,135,136,131,117,136,135,133,130,128,145,146,144,138,139,114,127,144,114,125,128,148,134,141,124,110,120,116,122,126,123,113
132,147,135,132,126,133,132,137,144,139,144,153,145,146,135,137,119,134,119,147,134,142,138,134,140,132,148,153,142,149,133,121,125,133,131,138,141,139,127,135,131,140,132,133,127,143,119,126,123,122,128,147,136,124,144,134,130,132,126,132,132,134,131,132,128,130,125,148,147,143,136,135,132,129,137,138,132,142,146,138,133,130,142,145,128,136,142,152,142,134,126,127,141,139,151,126,130,127,125,132,136,132,155,153,141,142,139,141,146,140,115,136,133,124,116,120,129,126,132,129,126,140,135,155,140,136,124,125,139,131,121,140,142,140,133,138,148,141,148,139,143,120,127,130,135,128,122,149,137,144,127,140,137,142,129,140,126,123,117,122,132,129,125,135,131,148,148,138,143,147,137,126,130,134,110,132,124,129,120,140,148,143,141,145,149,151,142,132,136,160,127,133,126,142,130,143,140,137,135,146,154,154,143,142,143,143,123,152,134,138,137,135,125,136,137,145,140,143,141,131,131,126,132,147,138,134,124,123,130,131,130,137,133,132,147,147,156,125,123,133,129,147,126,135,134,139,148,147,137,139,138,123,137,139,148,118
127,151,135,133,140,133,132,133,129,136,136,159,146,142,128,125,129,136,133,126,151,141,142,131,143,133,151,151,163,161,131,119,130,140,145,133,152,145,144,131,128,138,128,138,142,126,156,127,116,127,125,114,125,126,132,123,119,125,109,127,120,138,138,114,111,119,115,111,118,129,121,120,119,124,129,128,120,125,127,96,107,113,119,117,136,115,115,120,129,118,116,120,119,120,118,94,108,111,119,116,124,118,126,134,121,112,125,112,125,135,122,100,109,114,124,117,122,116,115,117,129,122,127,129,121,127,124,103,108,121,138,127,142,133,126,135,138,138,136,127,119,138,144,117,113,123,123,129,145,108,118,127,130,127,120,118,137,132,140,114,113,131,137,128,138,117,123,132,124,140,143,142,132,136,148,107,118,136,125,134,135,125,132,139,148,146,138,128,132,145,148,109,124,145,141,132,132,128,111,120,120,133,113,125,125,144,150,136,117,140,147,138,131,119,117,117,119,132,130,132,126,132,137,139,130,155,152,147,139,133,130,136,136,136,138,137,131,145,144,127,124,136,131,146,125,131,122,119,123,119,110,116,110,124,128,120
125,122,130,136,133,131,133,132,138,132,119,111,112,116,137,116,115,106,126,125,133,119,125,128,121,125,119,117,113,113,127,135,115,123,124,122,122,105,115,123,114,125,119,117,114,131,129,132,124,121,109,116,128,113,106,117,112,116,123,112,101,123,119,132,128,125,109,129,125,119,118,110,127,114,110,106,110,117,104,112,123,126,119,125,132,104,107,109,110,117,109,94,110,99,105,120,117,122,110,110,121,97,92,100,123,118,108,113,100,105,137,122,115,124,125,113,125,118,113,105,121,134,122,115,122,126,131,122,119,121,110,122,130,132,129,131,114,117,126,126,110,120,116,117,113,117,109,120,120,104,118,96,93,91,108,122,119,122,126,119,119,118,113,113,108,105,112,124,111,135,123,125,123,137,129,122,120,120,116,121,137,136,133,127,126,116,124,123,126,119,128,120,122,114,113,120,131,119,105,123,112,111,105,107,120,119,120,120,110,100,119,116,109,123,123,119,104,100,103,120,114,121,112,115,130,119,128,114,111,122,127,126,118,125,121,124,115,127,127,123,132,142,134,141,139,128,132,130,129,144,133,126,128,132,125,106
134,129,129,132,130,126,129,123,130,131,135,127,119,127,135,129,134,124,126,122,129,120,124,112,118,116,128,114,135,119,133,134,131,127,125,128,140,136,141,122,128,129,125,134,132,123,120,116,131,128,126,133,127,126,122,135,127,123,133,129,132,136,121,124,133,123,133,134,142,134,122,130,123,127,137,124,132,130,123,123,137,120,133,129,135,125,123,127,132,134,131,132,133,136,126,124,131,118,127,132,133,130,126,129,125,133,134,130,131,132,131,128,133,121,125,128,129,134,132,133,132,138,131,129,129,119,119,123,132,123,127,131,134,129,132,132,126,134,135,137,145,138,132,133,134,126,133,140,132,133,136,139,142,140,140,136,131,124,124,128,129,129,132,132,141,130,133,140,127,129,139,131,131,134,113,131,129,127,128,128,137,133,137,127,126,134,129,132,135,143,121,126,139,137,139,132,138,134,127,142,154,135,139,141,137,137,127,124,125,129,122,134,132,131,131,138,147,142,132,135,135,124,127,130,135,126,123,131,129,137,135,131,132,129,139,136,138,134,132,132,129,131,133,119,112,135,134,137,132,134,135,127,132,134,139,126
147,143,131,127,131,127,129,126,128,128,131,130,135,133,136,140,148,137,131,123,108,118,119,116,110,122,123,126,131,132,146,147,147,130,147,131,127,130,118,111,116,109,128,116,125,131,131,140,139,127,140,136,127,133,114,120,124,135,129,127,136,130,130,139,134,128,137,143,132,128,109,109,111,120,120,121,115,124,126,137,127,127,130,133,102,119,117,119,105,110,104,117,112,126,126,140,122,122,130,128,108,116,113,105,112,116,121,123,126,127,122,127,118,113,117,129,109,124,122,117,121,123,121,126,134,119,113,124,119,121,123,133,108,103,108,109,121,120,108,119,106,99,118,120,109,121,129,127,98,110,105,95,112,107,99,107,106,103,106,119,110,121,128,123,99,96,97,99,129,122,116,115,124,126,103,116,110,119,125,114,102,107,116,107,117,116,112,100,107,110,110,116,114,109,118,119,114,103,105,113,106,122,112,106,96,100,101,124,91,114,118,118,110,100,103,112,106,112,111,112,110,112,108,120,100,127,132,127,108,107,109,115,117,114,118,117,110,117,110,119,128,116,125,116,112,119,109,122,122,127,128,133,134,131,130,139
122,120,128,125,118,115,108,107,110,113,114,104,120,126,125,118,101,117,114,127,111,120,111,119,120,124,127,128,125,138,137,107,100,115,139,128,124,121,122,124,116,115,119,131,123,123,135,119,104,112,128,122,127,118,132,120,132,132,122,129,132,130,128,117,107,113,133,128,120,124,118,120,121,116,121,118,130,129,127,113,113,110,121,120,118,121,124,118,132,129,136,132,139,129,140,120,113,109,125,130,126,125,130,134,130,114,125,120,128,125,128,117,117,109,130,130,131,133,125,119,109,116,123,126,125,126,133,115,113,126,138,136,137,138,141,132,123,126,129,133,142,135,145,123,118,127,132,133,124,129,129,137,133,130,130,138,136,131,137,126,120,129,132,130,123,133,137,121,114,121,123,127,144,133,132,123,110,126,126,128,119,133,124,117,110,116,108,122,134,122,134,131,111,118,119,138,118,116,126,115,108,114,113,130,144,135,133,125,115,122,123,136,121,131,129,133,123,127,139,127,131,121,123,111,140,131,129,126,137,132,120,119,112,116,114,116,119,126,130,122,123,128,120,109,106,111,112,103,88,81,93,107,109,116,115,116
115,124,117,117,114,107,110,118,115,119,115,127,117,114,121,103,122,128,132,146,143,139,135,140,142,137,137,138,130,132,140,123,133,126,120,122,118,119,118,126,115,116,113,116,115,118,132,133,131,138,130,124,126,105,128,118,119,119,124,118,122,115,135,132,134,135,131,122,128,128,122,116,122,120,119,124,124,116,136,126,128,132,129,118,124,114,125,124,129,120,112,122,124,112,138,125,127,126,134,126,114,112,118,115,123,131,122,119,119,117,138,131,124,121,136,128,128,131,134,123,126,136,140,126,123,122,131,127,116,122,133,116,131,120,123,124,124,125,124,110,110,117,137,125,110,115,126,120,117,123,119,114,115,116,109,113,119,112,139,111,109,106,124,120,114,115,111,122,113,125,125,120,119,121,135,111,105,111,126,114,121,134,133,120,126,118,117,119,115,129,130,112,111,122,125,125,115,115,128,124,119,119,109,113,110,119,136,125,114,125,109,118,114,121,118,116,105,105,129,133,132,116,128,120,124,116,124,128,125,127,124,132,127,126,125,132,132,119,121,114,117,116,121,135,123,118,128,115,120,115,123,118,119,119,114,111
140,143,137,134,124,126,123,122,120,126,121,116,130,130,141,142,132,128,126,121,120,115,114,121,116,116,118,124,118,124,117,129,126,127,129,134,118,117,119,114,125,124,119,121,135,126,128,132,127,127,135,127,116,124,118,124,126,120,131,128,143,138,133,137,133,124,138,135,130,112,126,127,121,131,106,119,127,124,138,143,133,122,139,135,121,128,118,110,123,124,118,124,133,142,149,139,145,122,133,131,118,127,128,113,131,139,120,135,135,138,133,145,143,133,133,144,134,126,133,130,136,136,131,131,140,136,127,144,121,129,123,122,112,106,112,119,124,120,112,128,114,125,127,116,119,116,119,121,122,121,109,116,118,124,120,131,125,127,131,124,118,110,113,132,121,123,113,112,128,115,126,119,134,123,134,118,126,114,116,119,111,108,113,122,116,114,116,109,127,134,133,120,128,122,118,136,132,127,125,123,121,111,135,124,130,140,131,131,125,134,130,148,136,126,132,139,142,138,136,125,133,149,140,129,137,140,144,154,143,122,131,125,132,135,142,134,140,144,132,130,140,135,137,137,131,144,136,138,133,130,132,140,137,139,132,131
141,127,136,136,144,137,132,130,137,141,134,135,128,131,129,131,128,137,108,131,131,140,131,144,144,141,136,141,129,123,118,122,143,105,104,115,126,116,107,126,122,124,129,127,118,120,115,136,139,122,107,115,109,99,120,119,101,110,117,95,103,99,118,137,128,120,106,112,111,101,109,119,124,121,106,114,116,120,130,132,127,122,111,151,122,130,139,122,123,119,110,116,119,115,121,130,128,121,107,123,102,119,128,118,110,110,108,110,104,92,119,126,130,123,105,123,116,125,125,109,96,123,119,122,118,109,126,133,118,124,118,133,123,137,125,123,117,115,114,130,115,117,132,117,125,125,122,139,128,135,114,118,117,120,116,118,110,122,130,129,123,132,128,125,123,116,110,117,115,117,117,125,112,116,130,125,126,131,122,125,139,126,128,130,119,115,127,123,121,129,151,144,132,133,128,114,122,100,118,132,132,110,124,95,105,121,139,154,147,144,141,137,134,102,110,127,121,119,126,119,122,137,147,154,159,132,137,153,142,130,123,126,117,122,126,144,135,125,130,146,149,145,126,157,114,141,144,137,140,137,146,143,141,144,142,151
131,125,126,128,123,122,121,115,116,118,123,120,112,96,107,118,117,112,127,129,108,119,109,117,120,119,132,124,129,128,121,122,119,114,124,134,135,134,129,129,146,139,141,127,127,125,120,118,123,122,127,137,125,125,124,137,138,141,135,128,135,124,130,128,129,125,131,135,142,133,134,145,147,149,143,156,134,130,141,137,127,128,128,131,136,138,152,143,137,132,131,136,137,139,142,142,127,126,126,129,131,130,137,128,124,130,130,130,130,134,114,132,126,129,123,123,131,131,138,121,121,129,128,133,126,129,124,124,139,126,118,133,133,131,127,131,151,145,148,149,135,131,124,125,122,124,126,124,129,138,120,143,140,137,141,137,127,133,113,124,127,123,118,135,132,132,124,135,132,119,128,134,137,131,118,124,131,126,121,130,134,130,133,142,130,141,134,125,130,133,118,139,123,121,107,144,143,140,148,137,145,138,140,133,132,137,114,118,133,130,110,133,132,132,138,134,136,138,127,98,102,132,129,107,121,119,121,142,126,113,109,112,108,100,129,122,132,130,120,110,116,114,133,141,125,123,119,133,119,105,117,115,127,121,116,115
139,138,133,135,131,129,134,129,129,126,121,119,127,134,128,126,135,136,137,122,117,126,121,124,121,121,125,123,129,126,135,123,143,138,149,131,145,143,130,127,130,121,121,123,124,131,129,139,140,125,139,125,130,136,129,126,132,132,129,131,127,135,128,138,140,132,146,145,145,146,131,124,131,133,127,135,135,129,121,146,134,120,147,133,118,120,125,119,119,118,115,142,132,131,131,145,138,128,142,131,129,131,124,137,124,128,130,124,132,151,128,132,133,129,133,141,129,129,132,129,130,125,123,124,142,138,125,132,137,131,132,147,142,130,134,124,119,124,122,128,134,122,126,142,134,133,133,131,134,127,125,137,135,139,123,122,128,122,123,133,134,130,127,144,136,134,129,137,127,123,122,124,136,137,122,130,133,132,128,132,127,131,134,135,135,142,117,131,122,135,120,146,137,131,123,131,131,135,136,128,146,145,133,141,128,139,124,148,127,131,124,131,123,126,124,134,143,139,131,133,129,130,120,136,138,142,138,130,123,115,118,126,130,131,140,142,137,116,124,145,146,136,131,122,112,126,127,128,127,129,123,134,134,132,131,150
138,147,131,126,123,126,129,122,121,118,119,123,123,128,134,126,133,132,116,120,117,126,125,127,124,115,124,126,120,130,115,129,137,127,133,127,124,130,129,114,134,126,120,125,129,105,117,116,124,123,121,115,117,123,127,108,122,115,109,131,131,123,117,117,117,125,124,128,140,139,118,114,126,129,124,136,122,113,120,116,114,120,120,129,121,116,127,115,120,108,109,120,119,100,111,112,114,117,120,103,94,98,118,122,119,106,127,118,125,142,110,119,109,118,117,137,127,115,131,129,131,118,124,126,136,133,107,109,106,131,131,147,145,114,134,132,127,115,120,117,119,112,122,114,111,131,126,124,130,109,116,129,122,117,112,104,127,124,130,107,113,135,122,112,111,113,120,132,132,129,140,139,146,135,133,100,113,132,123,150,136,138,140,130,135,134,125,129,115,110,123,133,122,139,126,137,128,122,119,115,117,106,112,120,123,119,131,133,119,137,129,121,110,114,108,112,114,119,119,139,154,151,134,135,112,141,140,135,131,132,137,141,130,134,135,130,132,133,137,126,117,129,133,131,140,131,118,116,117,117,124,126,114,115,117,115
133,140,120,120,125,120,122,116,129,133,129,125,133,138,150,128,135,121,146,138,130,140,119,122,118,128,122,122,122,125,136,137,126,138,141,119,123,126,119,123,138,138,134,137,137,122,127,129,126,112,123,126,133,142,127,131,128,136,138,130,129,125,140,129,121,116,122,130,128,137,131,125,136,123,126,123,138,129,138,121,127,112,131,126,119,123,125,127,130,131,126,128,131,131,137,128,128,117,134,138,132,144,143,138,129,121,128,118,139,139,130,123,132,126,130,129,127,132,130,122,125,120,129,117,126,119,128,121,140,130,124,136,124,108,117,114,109,113,108,115,130,119,130,125,142,126,128,128,133,127,144,134,132,128,120,120,127,137,135,129,135,132,128,128,131,123,133,139,125,123,116,111,120,124,140,137,135,140,128,135,136,126,126,126,119,146,116,112,104,127,136,139,135,134,129,124,115,114,113,124,130,137,102,119,103,112,114,139,144,150,149,109,109,108,103,124,118,116,104,121,137,126,128,145,140,156,140,117,109,111,127,132,114,128,139,135,146,133,136,154,137,164,146,135,141,148,133,144,134,139,139,141,137,145,161,152
115,124,131,123,115,116,113,116,124,117,116,115,114,101,102,123,120,101,117,121,119,109,129,122,127,126,121,119,117,124,101,90,120,111,109,117,106,113,119,106,120,117,121,109,114,115,92,102,109,112,96,102,104,107,111,98,106,109,111,115,109,107,95,102,113,113,102,107,103,114,113,120,115,115,121,111,111,113,107,117,108,110,118,112,120,117,105,117,109,111,113,120,121,118,101,113,108,110,107,107,120,117,104,117,125,124,122,121,117,135,104,111,103,113,107,111,114,106,109,125,126,119,113,112,119,131,113,106,120,121,116,120,109,117,118,124,121,112,125,120,114,122,116,115,121,116,111,108,117,119,109,115,107,112,122,122,142,138,115,117,120,117,117,101,116,118,120,117,125,128,123,119,117,132,121,132,118,125,119,113,110,109,105,119,127,112,110,119,121,115,127,118,115,124,125,106,121,118,114,115,111,110,107,117,120,137,126,117,120,126,126,116,109,120,114,119,121,123,119,122,123,124,125,103,129,119,122,131,130,123,114,110,118,117,105,114,123,117,118,111,120,108,116,114,110,114,113,121,110,114,122,106,113,117,135,112
103,105,115,116,120,117,118,118,112,108,108,98,96,94,101,128,111,113,109,100,113,123,122,125,125,127,115,124,115,112,83,95,102,86,94,109,104,103,113,128,103,102,122,133,131,115,103,101,110,106,101,108,108,117,124,130,119,118,123,124,112,119,112,106,120,112,100,116,109,105,117,109,110,97,109,106,133,125,107,111,125,115,94,105,110,114,111,122,103,108,104,123,136,125,115,114,123,127,110,121,124,121,123,117,132,135,125,126,135,125,116,114,125,137,110,129,133,141,110,116,123,136,137,137,133,124,100,123,123,129,113,124,115,121,110,123,111,123,117,117,123,118,114,117,130,123,109,118,109,112,116,103,111,111,119,116,135,121,122,125,115,126,115,122,129,125,130,103,116,133,126,128,126,124,102,112,104,134,115,115,116,115,121,105,114,109,121,121,115,121,108,102,107,120,111,122,120,126,120,109,103,105,119,106,117,111,113,106,84,103,114,122,121,116,118,116,117,115,113,124,130,135,132,122,97,122,138,111,112,123,116,128,130,114,105,102,108,146,144,132,139,121,125,149,130,113,108,112,119,116,113,122,121,131,137,130
113,120,113,122,123,128,128,128,130,127,126,130,146,134,133,111,136,142,119,110,123,118,121,119,121,123,135,130,126,130,138,131,126,128,113,125,117,118,120,127,136,127,137,144,129,137,128,117,132,121,108,125,127,126,126,153,127,120,149,135,131,124,137,117,146,126,125,126,127,121,135,135,141,133,126,131,146,130,135,122,147,137,125,137,129,128,119,130,127,145,147,127,131,134,135,123,139,142,134,150,136,137,109,134,131,134,126,131,128,123,143,135,144,143,130,147,139,143,131,145,134,150,142,126,131,131,140,134,132,130,123,136,117,118,113,122,116,124,123,117,137,132,137,127,135,130,121,130,137,114,134,139,136,114,127,122,134,131,146,128,131,132,123,117,133,114,118,123,113,121,120,123,124,130,131,121,123,127,119,120,122,117,116,121,111,123,117,103,111,125,125,131,118,124,116,111,132,129,119,128,124,127,114,104,117,103,117,127,121,130,131,112,127,114,117,143,133,109,113,122,129,122,116,123,147,133,115,106,101,118,119,132,127,127,139,127,133,136,147,148,135,136,127,110,135,127,127,130,124,126,128,135,129,126,140,157
133,141,133,128,112,119,123,124,120,122,131,141,138,137,141,135,131,113,131,137,136,136,133,122,132,126,127,132,131,126,137,133,130,141,126,119,126,119,126,135,146,136,136,130,131,138,134,143,131,141,137,129,133,134,130,132,132,124,126,130,137,132,138,145,133,138,137,129,126,128,130,122,140,138,118,118,134,133,139,146,133,143,142,135,128,131,127,121,131,131,128,121,137,131,136,135,142,142,124,133,127,132,123,122,130,123,117,124,118,126,143,139,135,136,132,125,132,124,124,126,121,110,124,115,112,125,139,131,130,131,136,119,124,133,126,123,124,129,123,135,124,130,140,134,136,136,138,139,147,147,132,128,124,117,124,131,129,126,136,131,131,132,146,131,134,126,130,123,117,120,129,131,131,127,133,132,129,124,140,121,119,117,117,131,128,142,131,136,126,127,134,135,131,134,148,119,128,133,131,131,129,132,123,129,128,124,126,147,128,140,140,115,123,125,120,130,126,127,130,149,158,130,137,157,130,142,137,108,125,133,138,139,137,144,133,140,144,125,137,139,112,135,135,94,131,134,131,120,125,126,127,119,121,134,136,116
137,134,126,126,129,126,123,123,130,128,128,128,123,127,134,127,132,126,124,123,115,126,126,132,141,138,134,139,132,135,145,133,129,139,139,119,139,145,138,125,138,134,137,139,143,134,142,118,125,126,143,135,139,130,128,132,133,128,140,137,134,141,137,115,127,119,150,121,134,141,134,123,134,137,142,139,145,144,144,132,125,118,145,144,140,137,138,123,138,135,136,122,121,135,132,133,130,127,143,139,130,125,133,126,141,134,138,132,145,153,134,114,130,120,139,134,128,129,134,121,129,129,142,143,144,148,137,129,136,118,130,135,136,134,147,131,136,129,137,136,142,131,137,136,129,113,128,138,139,131,141,126,133,129,124,130,142,136,131,129,131,113,120,139,137,132,141,127,141,138,135,127,147,151,137,141,133,116,127,142,143,137,137,131,142,143,137,127,133,149,137,150,141,119,126,142,136,133,127,132,144,136,130,134,123,134,123,142,128,125,145,135,122,131,123,128,134,128,137,144,146,135,123,124,126,139,135,143,132,132,131,126,138,141,139,134,132,127,135,135,130,121,142,132,134,127,122,122,125,120,119,128,124,124,117,128
130,128,120,119,119,121,120,121,119,120,123,132,110,113,123,132,143,128,124,138,127,127,123,123,123,128,125,121,129,128,130,134,131,140,123,130,130,124,122,135,135,138,142,132,124,125,136,138,130,133,126,129,125,128,136,135,134,142,136,127,128,133,127,134,129,138,131,127,134,131,140,141,143,140,147,139,138,139,145,140,128,135,138,136,139,122,136,145,145,145,140,136,134,141,144,136,126,128,133,134,131,124,138,135,135,118,130,134,127,122,137,135,120,127,140,135,137,137,125,132,126,130,133,145,127,132,148,133,118,125,138,137,125,142,131,126,131,122,132,136,133,128,129,127,127,129,146,134,131,134,125,128,140,141,137,125,127,124,135,129,124,132,142,119,114,135,136,125,125,139,124,121,121,112,143,118,128,131,144,126,134,128,127,131,125,137,135,134,123,121,150,118,123,132,146,132,129,126,141,132,131,129,134,125,124,123,146,125,126,132,135,125,125,124,136,128,135,132,130,126,129,125,151,143,121,141,142,134,142,135,121,131,126,132,129,143,140,129,141,142,121,126,138,140,139,124,125,128,145,134,137,131,131,130,122,127
111,122,119,119,122,116,121,123,114,116,115,132,113,116,118,106,118,128,128,133,132,126,135,134,140,133,124,125,125,123,104,113,117,130,116,137,122,121,131,131,130,134,136,132,125,125,123,105,123,131,134,136,130,131,134,136,131,137,139,130,129,123,127,107,121,133,138,139,134,127,124,130,129,128,128,126,122,123,130,113,120,131,138,137,125,135,134,134,134,137,132,127,127,128,138,130,120,130,138,137,128,128,132,127,127,129,123,133,129,126,134,122,125,135,137,132,118,120,125,125,126,120,134,129,134,123,129,127,119,130,133,118,124,121,122,131,133,122,123,128,135,116,129,127,111,125,136,132,126,129,138,127,121,114,122,115,120,120,128,119,111,128,133,120,116,121,126,130,114,121,125,121,128,118,131,117,113,133,143,120,123,118,124,128,121,126,120,123,131,114,147,119,120,135,138,116,120,120,128,112,107,120,118,126,130,126,130,119,125,139,135,128,117,125,123,122,118,117,121,131,131,122,121,118,117,132,138,124,121,129,131,132,128,126,128,116,127,138,142,122,113,118,136,123,127,121,113,124,118,112,117,116,120,117,130,110
109,107,131,131,142,138,139,140,135,144,147,144,137,134,124,132,82,134,137,139,134,144,152,154,157,149,151,151,143,151,105,98,104,117,110,147,139,155,148,148,149,128,124,130,128,142,111,105,109,124,119,120,107,128,152,150,147,144,120,153,154,135,122,111,114,133,128,150,147,162,152,155,153,151,141,162,132,119,122,109,117,133,114,119,121,126,164,154,145,127,119,142,142,124,123,116,120,126,115,99,112,131,138,151,160,178,160,174,155,147,107,121,118,126,129,127,174,172,174,160,156,185,172,176,182,167,108,122,123,118,126,152,172,167,185,166,165,154,172,160,156,129,115,110,129,114,122,122,133,148,139,144,117,144,136,134,169,147,134,117,130,112,122,138,131,172,159,147,170,179,184,187,166,131,120,116,134,99,117,146,146,172,179,144,149,133,150,161,142,136,109,134,124,82,103,147,141,142,147,125,145,111,141,149,161,141,105,136,125,75,82,143,137,157,155,134,147,146,152,137,130,86,86,133,131,93,84,139,139,142,143,140,146,149,145,150,138,79,92,104,152,151,84,101,97,150,167,172,158,150,140,127,154,144,138,131
137,141,145,150,150,148,146,144,141,141,135,135,146,136,127,126,144,139,145,141,141,139,139,141,133,136,143,150,146,128,137,134,130,131,164,150,155,147,139,120,139,126,127,132,126,117,132,130,126,123,144,136,136,135,128,131,131,134,135,148,141,131,129,133,128,130,147,149,131,145,123,124,125,124,125,125,128,121,119,130,129,124,135,148,141,132,130,129,131,124,125,111,130,123,123,134,130,131,139,125,137,129,135,141,130,128,121,124,132,123,137,131,127,127,136,138,135,147,147,136,137,137,127,130,138,138,137,131,129,126,132,148,136,119,144,139,124,119,126,124,119,116,126,127,127,124,131,127,117,116,128,110,111,115,124,126,135,119,128,126,122,120,123,134,124,126,134,112,125,133,128,133,137,134,130,125,122,118,126,155,136,146,149,131,125,114,124,131,125,124,131,131,140,128,134,150,133,135,129,129,131,123,134,141,139,140,140,132,137,132,140,139,121,141,133,130,133,135,134,127,136,139,139,134,137,130,124,143,129,124,124,131,125,126,135,140,130,121,117,128,131,134,112,125,127,150,145,153,131,131,138,142,137,131,124,127
130,132,125,125,126,123,124,122,132,137,131,123,127,130,139,133,136,130,141,136,137,124,113,121,114,125,114,107,120,115,124,140,123,126,120,126,136,132,132,132,138,131,139,127,111,127,126,136,126,123,124,136,136,128,131,144,135,131,128,132,122,114,138,139,123,124,127,132,129,142,133,139,143,139,143,141,122,122,143,134,128,126,139,139,133,129,145,140,140,134,132,147,126,121,135,138,132,134,134,123,125,129,130,130,131,124,140,125,126,129,142,138,131,134,132,132,135,134,137,144,137,134,135,122,122,124,142,136,128,141,138,144,151,145,150,157,153,155,144,145,139,143,149,148,135,149,149,149,138,145,145,147,140,135,136,144,143,148,152,152,132,145,146,136,138,145,137,151,150,142,143,142,140,139,156,148,129,147,148,138,154,144,145,146,145,137,144,147,136,138,157,146,143,163,149,132,140,133,123,125,122,125,139,144,139,141,150,123,146,164,155,126,130,135,132,127,130,139,135,138,138,142,141,128,128,132,149,136,133,133,134,125,130,128,127,125,135,140,125,125,122,118,137,124,119,122,124,126,126,134,139,131,129,129,137,141
118,125,133,136,127,134,140,140,139,136,145,136,130,138,124,114,118,119,125,134,128,119,118,134,131,127,126,128,127,128,119,110,116,121,115,132,117,117,114,117,122,133,128,124,123,121,119,131,126,138,124,131,121,118,124,129,133,135,133,115,123,128,126,132,130,138,127,125,128,111,120,120,136,134,126,135,130,140,137,130,131,139,142,152,132,126,131,138,135,134,139,131,135,137,127,126,136,136,133,136,133,134,138,137,129,135,126,132,132,116,125,132,138,137,128,133,125,127,131,108,112,119,129,133,123,123,136,135,133,118,123,128,123,133,137,134,130,117,126,131,123,135,126,143,138,133,135,133,119,133,112,126,124,128,130,127,118,130,122,148,139,137,136,132,118,134,133,121,127,122,127,122,125,125,116,147,131,127,131,137,142,131,140,144,137,135,140,138,146,134,130,133,135,128,135,148,136,127,136,135,143,136,155,137,144,145,127,125,156,130,136,140,145,137,136,137,143,142,159,140,131,116,114,108,146,126,123,128,147,149,147,139,143,139,131,122,121,117,118,106,106,129,107,130,113,125,135,123,117,109,111,95,112,117,114,105
137,139,144,145,143,136,136,140,137,128,137,154,140,143,145,145,130,132,138,145,138,131,127,136,140,142,132,130,135,145,140,131,127,126,141,164,147,136,135,166,134,127,143,136,126,144,128,124,119,119,135,157,144,150,144,159,153,160,150,142,139,148,120,120,122,126,132,139,144,139,146,145,132,128,127,139,126,137,113,126,118,118,129,136,133,129,127,135,119,137,123,138,126,137,122,122,122,125,123,161,144,146,120,127,124,127,129,137,147,147,120,124,119,123,129,162,157,155,146,157,142,130,115,121,123,125,114,122,119,115,124,156,144,139,125,128,127,131,125,123,145,137,107,124,120,115,118,134,141,123,115,132,125,126,134,130,132,143,111,125,120,109,120,128,133,131,121,131,129,129,124,138,128,125,113,122,125,121,124,132,132,125,128,118,118,109,117,130,121,118,113,114,115,114,114,120,131,135,134,107,116,112,122,137,132,135,110,126,126,125,117,131,131,140,139,135,139,143,124,129,126,143,134,124,119,128,144,137,136,136,131,132,127,126,131,132,141,130,132,104,122,137,152,156,147,129,136,132,128,125,121,99,120,139,133,121
119,126,115,110,118,113,117,123,126,127,119,109,115,116,129,114,145,124,123,135,121,136,125,139,131,129,134,129,131,134,120,129,124,123,123,136,130,135,129,139,119,126,132,142,144,131,119,119,131,115,124,132,131,131,136,135,127,126,125,130,132,140,129,125,141,121,124,140,121,113,120,123,123,124,118,129,129,137,144,115,143,121,123,127,123,130,125,132,129,134,132,126,141,137,148,122,140,124,130,144,134,125,128,126,124,125,127,125,147,139,123,118,139,131,126,141,136,122,123,123,124,116,126,122,132,135,128,118,139,132,137,140,128,137,129,139,134,140,136,123,141,148,139,129,135,133,135,139,143,130,134,148,137,137,132,130,132,144,139,123,135,128,124,154,140,137,131,134,127,116,133,124,136,126,131,128,130,130,122,141,127,120,127,136,122,124,118,128,131,131,138,144,114,114,108,129,121,127,125,114,109,112,128,125,136,134,134,144,127,127,111,133,135,121,123,133,124,130,118,120,125,116,130,129,135,137,127,120,121,122,128,137,121,128,131,126,125,127,139,129,125,118,129,125,126,121,131,133,127,127,116,114,110,116,129,129
124,117,131,128,125,125,124,126,121,121,121,116,116,114,116,127,121,105,113,124,127,133,142,124,130,131,139,135,141,120,110,125,118,128,122,132,136,136,138,128,126,128,121,119,119,115,130,124,114,127,120,113,124,137,131,127,121,112,117,116,111,129,123,121,123,126,114,117,127,121,129,133,120,120,133,112,111,121,107,124,116,122,111,116,134,113,116,126,115,118,130,120,111,105,107,120,128,125,115,120,129,111,122,127,130,111,134,125,112,123,130,117,126,125,121,124,130,117,122,134,136,121,127,135,123,130,117,126,118,117,119,118,123,130,126,131,117,119,132,115,114,122,118,122,123,120,111,111,132,117,132,125,115,116,129,131,122,129,120,124,125,121,114,114,123,137,140,130,136,138,131,128,124,129,120,128,123,125,118,129,129,125,126,118,126,121,126,125,119,115,118,127,124,128,117,109,117,120,115,109,106,104,108,113,119,115,125,141,132,118,115,121,119,128,123,116,116,125,126,141,145,127,123,134,134,127,120,128,129,132,133,139,136,138,134,132,132,123,123,129,133,119,120,116,131,127,128,127,130,122,114,110,106,119,114,119
125,132,124,125,127,129,135,140,139,136,130,134,123,123,144,122,136,129,135,139,130,139,132,134,132,135,136,127,139,129,137,137,132,139,140,145,140,139,133,147,132,140,143,133,152,151,117,135,136,128,142,155,164,152,139,154,154,151,153,146,153,151,122,131,133,131,139,153,149,144,152,153,143,151,142,141,150,158,134,126,131,133,134,159,143,144,144,139,147,151,142,131,140,157,130,125,130,133,130,162,151,149,135,129,145,148,126,150,141,123,126,136,133,130,120,159,146,144,149,143,139,139,136,143,139,123,119,143,136,129,122,142,143,148,148,149,139,151,147,141,142,152,132,145,140,132,132,156,141,148,131,144,142,136,145,142,143,136,123,145,136,129,119,156,141,145,134,132,140,144,139,146,136,135,124,145,128,129,125,146,151,144,152,146,158,143,154,150,150,141,131,131,139,133,126,146,144,150,152,142,140,140,148,136,132,137,126,132,146,135,131,138,144,143,143,141,141,141,141,136,129,128,121,133,124,151,136,125,131,124,127,130,127,132,135,130,122,125,133,116,122,130,137,126,142,123,134,127,142,134,136,126,127,134,121,128
118,113,111,110,120,127,123,120,118,121,124,123,114,112,120,116,114,126,126,122,123,120,124,127,127,126,129,136,121,122,95,113,131,121,116,135,130,124,132,139,127,133,145,137,130,140,115,129,135,128,131,137,152,144,138,145,139,134,140,135,123,130,125,136,139,126,122,135,129,133,134,136,128,131,136,135,133,138,132,140,138,126,136,141,149,148,139,138,139,145,145,146,138,141,127,145,132,124,130,143,147,144,142,137,135,137,124,140,129,116,121,136,135,121,123,125,133,135,123,127,124,130,131,133,127,119,130,131,139,126,124,125,122,141,128,129,136,141,135,140,130,126,124,134,129,129,127,134,141,141,140,131,137,141,135,136,111,128,122,125,130,136,130,112,127,135,133,119,124,131,124,122,112,134,118,119,132,135,132,122,127,124,122,133,129,122,137,131,122,139,127,125,127,131,135,133,132,126,123,140,135,138,139,119,110,114,122,141,138,132,132,119,131,118,119,125,117,114,113,111,107,119,118,139,144,143,120,113,108,126,119,119,118,119,117,116,117,130,131,135,124,139,129,115,127,117,117,123,118,133,121,141,136,141,136,117
147,123,141,134,126,128,125,128,122,128,127,126,129,115,85,137,125,137,114,100,117,101,120,114,118,105,132,126,124,114,85,102,138,101,100,118,119,114,127,116,102,101,128,117,118,127,112,119,120,123,120,110,135,114,123,112,122,119,119,108,108,116,111,119,129,130,116,115,110,126,114,128,97,113,139,125,123,123,122,116,122,132,118,127,133,131,122,125,113,114,128,140,122,110,111,119,135,129,121,106,117,127,126,137,114,120,125,119,118,124,114,125,142,124,126,96,116,126,121,125,122,141,111,107,110,125,111,120,111,128,125,118,118,137,137,135,132,132,123,118,124,113,113,112,122,132,123,110,122,131,140,123,123,124,120,131,108,104,110,117,133,137,131,114,120,135,138,116,135,143,118,119,98,108,113,111,129,131,121,133,119,129,130,124,136,114,130,125,128,133,95,109,135,120,132,137,126,143,124,112,119,99,120,124,114,104,102,97,111,109,114,119,122,135,128,115,105,108,121,115,114,97,80,134,102,89,108,129,123,129,112,105,110,120,117,134,132,115,99,134,122,118,88,134,112,122,132,127,136,140,124,142,128,126,124,120
133,133,121,124,127,124,125,131,127,134,138,139,135,130,112,127,124,134,124,133,138,140,141,132,125,129,137,140,135,148,142,115,126,128,141,133,142,141,140,141,131,130,122,130,133,130,146,126,127,143,136,125,127,127,144,128,134,132,116,131,137,135,138,122,121,135,131,119,126,128,133,134,135,127,139,138,127,131,133,116,119,132,122,114,135,122,129,138,128,118,133,139,127,120,136,117,117,133,131,113,113,110,117,132,132,118,127,130,130,119,115,122,113,131,125,124,129,119,116,134,129,111,133,143,122,134,122,122,126,144,134,138,131,139,137,141,141,129,149,138,139,136,132,128,128,133,122,127,136,129,126,139,127,125,129,126,123,137,129,128,127,134,124,119,129,137,131,120,127,123,139,134,137,135,129,113,129,132,123,142,133,129,130,130,130,128,145,144,135,132,133,137,125,123,117,147,129,135,138,120,116,115,119,124,131,112,125,151,125,113,113,138,126,133,131,107,106,118,117,117,112,111,109,132,146,127,124,128,123,123,122,121,121,124,122,123,118,112,98,127,140,130,113,112,111,129,126,133,122,122,129,121,121,119,126,126
113,100,120,120,135,133,136,137,132,131,126,126,122,114,100,126,107,117,120,122,126,114,120,126,127,130,133,122,126,112,117,113,115,105,116,121,109,123,139,129,133,129,115,120,119,114,122,113,120,118,122,116,116,125,133,117,119,116,114,120,121,111,133,120,125,124,124,118,117,115,135,120,134,132,118,125,115,123,126,124,114,125,123,118,118,130,121,125,130,128,131,128,121,124,132,133,126,133,133,138,117,119,128,128,128,115,126,125,131,132,130,118,123,130,128,127,118,112,125,133,134,115,121,122,126,124,133,133,119,128,128,118,122,112,113,122,115,125,124,119,130,114,128,123,122,129,129,123,122,111,122,121,122,126,124,135,134,119,135,126,122,128,130,129,124,133,124,121,123,120,133,113,120,118,136,127,126,130,129,121,126,118,114,116,107,121,117,121,108,119,129,116,129,129,124,113,124,107,120,122,120,119,119,120,111,115,126,128,121,123,128,122,112,120,120,113,120,129,132,139,131,124,124,145,126,100,128,122,118,123,134,129,130,141,129,128,126,108,100,140,126,117,138,127,124,133,131,134,139,135,137,123,122,114,113,134
137,125,121,121,117,115,121,121,120,118,116,124,113,126,134,135,113,118,134,138,131,117,121,119,121,125,129,124,122,121,121,111,116,136,127,139,128,133,123,119,115,125,130,129,120,106,139,141,121,139,131,131,115,119,125,127,127,141,128,130,139,125,142,137,125,142,128,118,136,139,131,144,128,126,137,140,121,128,123,132,124,132,131,125,124,125,129,129,130,143,130,146,143,132,121,125,129,132,131,121,124,141,149,147,133,132,139,138,144,159,134,142,120,135,126,120,134,135,132,137,132,122,128,134,138,135,136,135,134,134,134,131,163,144,144,147,134,135,147,144,157,147,134,139,138,132,134,143,157,147,146,160,143,146,148,143,158,156,139,141,144,132,142,143,149,151,138,148,142,145,144,147,141,140,132,143,145,141,140,138,145,137,139,132,131,136,145,149,142,152,131,113,144,146,135,149,151,141,143,140,136,140,142,143,139,149,124,135,136,123,130,154,154,151,154,149,141,141,137,134,124,126,126,130,117,126,123,140,139,139,139,120,129,133,138,138,136,124,123,115,134,131,118,122,127,133,140,143,144,143,138,123,119,121,118,122
143,129,129,134,119,132,135,127,137,134,130,141,137,129,141,144,138,138,137,129,131,127,130,127,137,130,128,132,135,145,117,134,139,140,116,136,123,118,134,132,147,142,147,142,138,134,130,137,138,139,131,138,147,144,130,129,139,134,145,143,141,132,121,124,133,137,122,130,123,133,131,137,148,145,129,132,142,141,121,131,127,133,124,123,136,139,123,129,124,130,127,124,136,129,114,125,120,123,123,135,135,141,128,119,130,139,125,129,125,123,118,130,118,120,113,143,118,116,132,132,139,143,140,138,137,128,120,132,138,135,138,143,137,120,140,138,145,151,135,141,127,146,135,151,137,135,141,139,137,137,143,130,145,138,134,121,144,132,123,144,136,143,137,134,136,129,131,129,132,138,135,122,132,146,122,144,132,138,137,142,144,143,136,144,143,150,144,128,135,142,120,125,148,146,141,143,138,132,130,148,142,150,146,139,152,132,134,112,142,132,129,142,144,139,139,132,127,123,121,120,114,118,119,134,115,114,111,131,121,122,120,120,120,110,117,119,123,126,121,134,131,123,114,123,119,106,108,121,115,126,126,137,143,130,120,128
115,124,130,128,132,131,132,134,133,127,130,135,137,144,143,114,134,142,141,125,137,127,130,135,136,135,141,142,136,134,145,126,133,121,129,142,144,135,130,136,151,139,139,141,135,143,120,119,127,122,125,137,135,129,124,136,135,131,129,145,140,125,122,122,135,122,137,130,130,142,139,136,140,134,119,126,138,118,123,126,134,128,135,124,126,130,131,122,135,143,117,128,141,131,117,123,127,126,125,123,123,127,117,132,130,149,124,129,130,119,120,131,126,117,127,122,129,128,127,136,131,151,140,127,130,122,119,119,140,126,132,137,138,139,129,139,135,151,137,133,134,122,125,133,130,124,136,136,131,133,125,132,130,121,130,137,135,124,119,127,136,126,125,137,132,126,116,129,129,131,132,135,139,135,120,138,137,117,130,131,133,139,139,138,138,130,124,125,130,128,118,128,133,125,132,142,135,127,121,116,136,131,130,118,133,129,124,124,138,132,141,135,119,126,126,137,129,129,145,132,123,132,120,122,133,118,125,137,137,126,119,119,126,127,120,123,124,135,133,117,110,126,120,130,113,121,132,128,128,129,128,122,127,129,115,112
127,131,125,123,122,120,120,122,116,120,121,126,127,133,126,117,125,139,128,122,135,114,117,116,124,128,134,131,140,128,135,133,118,137,136,123,129,135,130,117,123,120,124,117,131,112,132,125,115,125,123,112,111,125,122,127,120,118,121,128,131,124,135,125,114,121,120,136,130,136,126,131,120,128,144,147,132,127,129,134,111,114,124,138,126,123,117,123,125,122,134,142,134,132,127,134,117,115,119,128,125,118,113,141,115,113,140,122,122,148,131,128,121,123,122,136,126,116,122,136,128,120,122,123,129,138,133,132,129,125,120,133,134,122,119,124,120,123,131,128,133,134,126,137,133,127,124,123,126,127,120,142,130,129,135,115,135,133,136,137,129,129,130,123,130,125,115,140,117,112,127,130,124,117,133,144,132,136,137,128,122,121,120,113,115,114,120,130,106,122,131,124,138,143,142,130,136,122,117,106,115,117,121,137,134,145,148,137,127,145,144,137,130,140,126,125,119,128,111,113,120,158,153,134,123,136,150,139,124,119,112,110,113,119,130,117,137,149,141,129,137,132,133,138,130,116,109,113,122,132,139,132,127,132,147,140
114,120,120,117,131,133,136,142,137,141,139,140,124,124,114,115,105,128,114,129,132,131,130,126,123,119,131,127,132,131,124,112,99,118,114,116,127,129,122,120,115,114,121,127,117,113,112,118,101,99,108,114,111,112,121,114,120,121,115,114,103,108,110,120,119,120,117,127,126,132,114,117,115,124,123,140,124,114,112,123,120,119,128,123,109,124,133,126,120,122,114,131,125,113,108,116,130,116,122,125,115,133,140,126,133,136,134,136,142,120,120,127,134,116,126,123,122,134,124,114,113,121,125,127,130,131,129,130,122,107,123,130,133,135,131,139,132,125,142,136,133,125,115,125,134,116,121,125,117,128,115,123,134,135,131,135,133,138,118,139,141,121,127,132,122,140,133,140,139,148,133,137,128,113,123,146,143,121,118,144,131,131,136,120,122,126,134,141,131,130,116,116,129,118,120,134,132,137,141,135,143,128,137,139,134,139,119,102,147,123,120,131,135,137,141,152,142,142,145,124,105,119,133,105,119,103,119,135,150,140,124,120,122,115,115,114,105,125,129,103,107,114,109,148,110,117,125,118,112,120,126,94,97,110,112,109
133,126,112,117,105,102,106,104,118,114,121,123,121,137,138,135,125,125,114,105,96,97,98,96,96,104,107,105,108,109,113,125,113,121,110,105,105,101,96,94,89,92,96,98,101,105,122,133,113,116,111,104,98,99,89,95,103,111,113,104,111,109,117,127,106,98,102,98,108,100,96,100,98,94,113,107,96,94,99,124,105,91,104,90,91,86,84,85,95,99,110,114,100,98,107,131,111,96,100,99,100,99,109,101,98,105,123,107,110,122,128,118,113,101,110,96,95,103,101,107,102,98,93,94,99,93,115,124,125,108,105,88,105,96,93,88,86,89,92,91,101,101,117,125,123,114,107,73,88,93,93,101,109,105,101,100,103,99,124,127,113,117,115,93,89,92,91,105,104,105,97,106,102,107,123,127,111,117,114,94,83,109,103,93,103,93,85,102,105,100,128,129,126,130,123,93,81,86,87,84,94,95,103,116,118,126,133,117,124,138,129,106,100,112,112,105,108,108,120,142,141,133,131,105,133,138,130,118,117,133,137,134,135,133,131,128,122,136,142,110,128,123,139,131,130,128,127,120,115,110,116,117,109,113,121,121
130,122,121,123,137,128,128,125,116,119,121,118,110,109,128,138,134,135,136,139,126,124,110,115,111,122,118,112,103,114,126,137,130,124,126,134,127,136,121,127,123,123,120,124,123,130,133,128,126,125,134,132,132,122,126,132,135,133,134,118,134,132,131,131,133,125,127,141,135,122,129,132,128,128,141,138,124,141,131,140,130,123,126,133,140,127,126,131,130,137,153,146,133,150,144,140,143,122,127,137,131,124,130,148,142,139,142,139,132,135,138,139,137,122,126,142,146,140,137,137,135,143,141,136,128,134,130,143,128,119,120,126,132,131,130,127,130,132,131,132,134,139,139,127,126,123,125,132,139,135,144,152,147,151,147,149,135,138,131,122,130,121,118,142,138,145,136,139,130,129,127,135,127,134,124,122,128,129,121,135,133,145,139,134,128,127,136,134,137,145,130,141,125,132,123,125,134,131,136,138,140,139,145,135,140,134,135,135,145,121,118,140,152,141,138,123,129,133,133,122,120,119,123,139,144,132,122,131,129,126,116,108,117,120,118,122,129,134,133,138,130,140,132,133,124,129,126,123,124,120,124,128,133,129,134,134
114,143,131,143,146,143,142,148,141,142,133,131,116,121,128,105,130,127,133,129,139,138,129,137,134,138,119,115,115,110,136,129,110,113,134,122,136,121,131,133,120,118,132,126,128,128,114,116,106,106,116,133,145,130,142,146,130,129,136,122,118,132,118,119,115,112,120,135,142,129,136,128,126,126,126,117,130,122,124,113,117,118,123,125,126,127,135,147,133,131,135,130,126,116,124,122,112,121,121,120,134,132,134,132,141,129,130,136,117,101,130,114,124,123,132,132,151,148,150,142,146,138,143,139,130,126,132,123,110,133,132,128,129,129,141,135,134,130,130,138,125,134,133,118,117,135,128,125,122,134,141,123,145,130,134,135,118,132,135,118,118,138,126,118,121,134,140,128,133,146,145,137,130,132,133,114,124,131,128,133,147,142,144,144,143,137,141,127,137,137,134,138,116,128,116,124,124,130,132,144,129,117,135,124,129,121,131,118,137,131,117,112,129,118,133,136,130,125,138,134,125,125,124,112,135,119,120,112,131,144,145,141,141,149,138,130,124,137,127,125,113,112,130,115,123,117,126,135,133,133,121,130,131,126,117,128
116,126,135,128,133,126,123,124,128,131,126,118,129,129,136,98,114,118,138,140,138,137,137,148,134,130,135,140,129,129,130,116,118,115,117,123,118,128,130,121,141,138,129,134,120,128,120,126,129,136,124,120,116,124,127,113,112,102,120,122,121,111,124,129,124,129,120,103,106,109,122,120,127,120,108,117,112,132,130,119,128,134,129,124,121,141,127,119,120,118,121,121,121,123,118,127,122,131,130,132,123,121,129,122,111,115,105,112,121,125,124,133,127,144,134,113,110,102,109,120,101,111,118,108,119,122,134,132,131,140,135,109,116,111,122,115,111,116,124,130,119,141,143,126,132,142,134,127,132,129,121,131,121,122,136,119,144,135,140,129,127,144,142,119,125,116,112,131,120,108,127,116,135,135,139,130,128,150,139,121,130,117,105,119,111,121,118,133,132,127,147,134,128,136,150,125,129,129,128,124,118,123,125,126,142,129,142,142,155,147,149,127,125,129,120,114,123,126,128,139,131,138,136,139,137,139,127,130,132,131,133,132,140,139,134,136,133,134,144,144,116,143,133,118,137,139,136,135,133,124,119,119,124,122,126,119
116,119,121,126,127,123,126,122,120,124,123,131,119,109,96,103,108,130,129,122,123,116,113,118,119,124,120,124,110,117,106,113,109,119,135,142,143,130,138,143,128,136,146,138,128,127,118,118,123,121,134,153,162,143,150,152,147,150,157,126,128,134,120,123,113,128,129,144,144,119,136,129,132,134,124,122,137,146,124,115,128,123,130,161,150,158,151,153,149,149,138,118,143,140,116,121,123,118,126,148,148,144,147,134,143,143,104,137,119,102,109,125,126,126,125,145,145,138,140,124,136,142,135,136,127,122,120,125,118,129,122,135,142,132,130,131,141,139,136,148,131,138,120,112,117,115,117,140,140,150,129,121,132,139,135,148,122,126,115,101,115,112,122,135,130,141,126,116,132,137,145,141,131,138,121,104,118,116,118,144,151,135,134,147,140,129,141,129,129,146,134,101,102,120,123,151,150,133,141,148,136,129,140,127,129,144,131,119,106,118,131,143,145,128,131,134,125,117,122,113,117,123,132,119,107,124,128,135,129,118,122,117,114,115,123,125,135,119,120,121,98,116,113,128,122,128,129,134,115,112,114,130,135,125,103,97
124,120,116,119,126,124,124,127,130,128,125,132,141,132,140,124,124,125,136,134,147,145,142,138,135,135,136,135,133,126,132,126,113,123,112,120,136,131,121,128,135,133,125,121,116,123,111,117,117,122,111,122,119,120,122,131,122,128,136,128,126,123,114,108,112,128,113,114,131,125,124,129,117,123,114,118,108,107,125,116,109,119,124,117,115,130,124,119,133,132,117,120,129,121,122,108,113,118,113,111,125,120,122,121,123,120,119,118,126,118,114,116,107,116,120,115,117,119,125,135,129,129,132,129,127,110,125,110,117,123,130,121,136,127,133,134,126,128,124,138,132,117,133,119,118,123,128,125,133,134,113,118,132,118,125,144,133,123,131,120,112,119,128,117,125,114,116,129,124,118,134,133,139,130,130,118,110,117,128,126,143,131,132,135,128,129,130,128,127,133,138,115,116,118,117,130,142,127,122,133,137,131,136,123,124,128,125,124,123,118,132,135,132,133,126,143,141,139,126,121,114,119,124,118,129,126,122,130,142,123,126,126,128,123,131,133,117,115,124,119,125,118,120,135,124,124,124,122,119,121,132,128,128,128,118,121
124,132,143,142,139,142,140,129,129,117,127,132,123,121,132,132,118,102,115,128,129,133,128,121,128,130,118,114,109,118,99,103,131,123,118,122,122,121,124,120,136,132,136,134,123,122,109,118,136,122,123,128,123,125,117,128,140,149,137,138,131,129,118,130,121,117,125,142,145,148,126,129,152,141,140,146,120,124,106,124,123,125,130,134,135,133,134,132,130,131,135,126,125,127,112,125,134,123,122,134,137,146,133,144,128,138,151,136,138,152,117,120,133,128,137,137,143,151,144,142,126,133,140,130,130,134,125,122,126,110,113,135,132,142,140,143,135,130,129,120,134,119,93,123,136,123,125,125,121,124,122,131,133,128,133,132,133,149,120,136,144,135,122,128,128,140,137,138,134,140,124,144,129,143,129,159,141,139,142,133,133,142,141,137,135,137,127,140,126,119,122,155,139,138,135,147,133,129,131,120,132,138,122,139,136,129,115,126,156,136,131,133,132,142,142,152,143,148,137,145,147,123,134,124,118,137,136,123,130,141,138,140,142,139,132,124,131,129,143,118,119,120,129,118,145,120,121,117,129,126,133,130,130,140,140,148
127,117,125,131,132,129,132,135,131,138,136,141,133,117,116,136,139,132,133,125,136,138,139,131,134,133,130,129,125,112,107,138,125,128,107,110,117,136,136,122,139,131,116,124,116,117,106,124,123,128,120,98,110,133,127,127,125,119,106,131,125,117,125,135,120,121,117,129,119,147,128,136,135,143,137,142,122,118,121,133,122,120,114,107,118,120,125,129,109,105,112,121,117,118,110,139,125,128,117,111,117,128,119,119,112,135,136,129,118,123,117,126,129,136,115,120,123,129,130,138,128,128,136,134,122,121,122,133,133,143,128,140,136,147,152,146,144,145,155,130,129,123,121,125,130,140,134,129,123,132,132,133,130,120,130,131,121,125,124,132,123,133,130,130,136,136,148,134,147,147,146,144,139,108,126,126,130,141,137,136,125,144,154,133,141,151,132,139,129,116,135,133,140,144,138,119,114,125,123,105,107,108,111,122,117,122,130,122,128,145,124,117,113,116,111,120,128,131,129,119,108,131,133,131,108,113,135,143,128,134,135,131,134,132,135,138,122,130,119,111,120,109,123,143,134,145,133,135,143,134,127,131,119,115,115,117
134,113,119,125,118,119,120,120,110,112,110,116,123,111,115,143,120,122,119,126,123,127,128,125,125,123,141,142,129,134,121,118,137,131,128,142,129,137,136,139,128,129,123,136,135,145,140,127,131,138,148,142,127,140,139,142,137,130,122,130,131,139,146,125,123,129,142,126,131,134,144,131,132,128,130,131,138,141,140,126,127,128,146,134,133,136,135,131,130,126,129,134,129,128,140,127,127,125,141,127,130,133,133,129,131,130,133,128,135,131,132,123,126,121,142,141,147,144,140,145,131,134,132,133,131,133,136,128,135,127,150,137,136,145,135,147,141,138,143,142,146,149,155,129,131,126,146,146,144,143,146,147,136,136,139,134,154,158,148,129,129,129,148,146,146,152,149,149,155,141,144,149,156,157,155,136,132,136,148,147,146,157,153,155,149,159,155,157,154,157,151,109,139,137,147,153,158,161,155,146,143,158,148,154,155,151,145,128,127,128,141,159,151,153,147,144,145,146,144,125,120,159,148,136,122,115,133,149,152,143,126,120,123,119,106,113,117,124,121,138,153,138,126,158,132,131,134,124,125,121,125,126,123,119,126,133
151,152,139,133,137,133,135,135,129,128,129,122,143,139,144,153,152,126,133,126,129,124,113,116,118,126,131,122,125,136,134,147,146,143,124,118,125,128,130,129,123,110,112,119,125,128,135,134,139,135,126,137,131,120,134,124,125,124,123,111,118,126,133,132,132,131,130,138,131,125,126,127,109,114,140,125,118,123,137,134,130,135,123,129,128,125,125,135,128,114,134,125,129,120,139,131,132,122,119,128,113,124,141,138,125,112,132,117,120,126,123,124,134,123,118,136,129,129,122,128,130,117,116,121,113,131,131,127,141,125,119,136,111,115,127,125,130,126,123,128,129,133,133,125,134,132,112,127,133,124,134,137,137,133,127,128,117,135,135,133,142,139,125,116,124,125,133,127,135,131,134,128,129,120,138,136,141,130,122,135,121,113,114,119,122,136,135,135,133,137,124,123,139,137,128,128,122,122,119,127,128,118,131,126,124,116,130,130,132,132,132,117,128,111,113,112,122,127,117,117,130,136,149,142,134,143,134,125,121,122,115,107,126,133,133,123,139,143,147,141,139,142,143,126,131,129,121,129,132,136,124,131,126,139,137,142
117,130,118,126,132,131,142,142,131,141,140,145,124,136,140,115,98,131,128,123,133,134,134,134,139,137,129,123,136,134,127,112,105,104,108,119,132,135,137,149,128,135,139,141,132,125,124,111,110,113,103,116,119,129,142,139,133,135,131,136,132,127,127,118,104,122,111,116,118,112,139,128,139,128,116,121,120,121,111,105,109,126,110,117,116,118,126,120,122,127,129,126,129,113,109,108,109,133,114,126,127,115,128,133,133,133,120,138,127,117,124,119,115,131,116,136,129,119,133,138,127,125,133,133,128,120,120,126,112,133,124,122,118,108,120,125,121,129,117,122,126,130,122,128,115,129,124,122,127,118,122,142,128,134,140,129,125,129,133,139,116,126,120,129,128,126,127,136,127,129,113,126,124,110,127,134,118,139,132,125,119,127,127,125,129,119,111,117,123,120,138,118,116,130,118,105,124,119,121,124,125,116,124,118,125,118,130,123,116,134,127,134,136,137,146,144,144,135,153,138,131,135,145,139,114,124,133,133,143,141,149,158,145,142,152,144,136,136,141,125,124,126,122,125,134,138,142,145,154,137,143,121,131,131,128,141
131,121,119,116,111,106,105,106,109,115,107,109,123,123,128,120,133,108,130,121,128,107,119,124,127,125,123,120,121,128,119,130,129,116,113,130,121,118,120,116,138,141,141,127,133,128,133,126,123,122,130,132,131,136,125,135,140,138,131,137,140,137,139,113,122,133,140,126,126,125,136,131,135,133,117,126,133,138,137,121,120,129,130,139,138,146,132,130,143,143,121,128,140,133,128,121,121,130,143,142,145,149,133,133,129,137,131,123,133,129,123,114,122,133,145,128,124,116,125,133,132,128,111,117,125,126,127,118,123,138,146,128,132,121,124,128,134,134,128,135,130,138,139,125,124,127,141,133,139,131,127,131,130,131,127,137,141,131,137,129,124,126,139,131,144,124,133,136,136,126,129,127,125,128,148,122,122,128,144,124,134,116,127,134,129,128,116,119,131,125,142,96,115,116,129,121,125,113,115,127,115,119,124,126,130,136,138,121,104,130,127,123,123,111,117,135,126,131,126,117,107,119,126,127,102,121,137,130,124,109,118,111,118,120,126,117,122,122,121,119,105,115,123,110,121,112,102,114,108,110,115,115,113,123,122,109
142,131,124,128,117,121,119,122,117,121,116,119,129,123,114,135,137,128,120,120,115,114,116,116,121,120,126,128,118,108,123,127,123,110,111,122,116,116,132,106,118,116,114,121,132,125,133,116,122,115,123,111,115,128,124,97,117,108,108,129,126,119,133,115,132,121,124,127,119,135,123,123,114,124,125,125,134,135,133,122,133,126,133,117,127,126,115,128,116,122,129,118,137,130,134,131,133,129,132,111,125,117,124,125,119,115,128,134,127,127,141,114,133,129,135,122,121,122,126,132,133,124,121,131,137,128,141,123,114,118,125,115,116,110,120,129,116,109,118,110,119,122,127,123,123,125,128,118,118,112,122,115,110,110,124,126,117,121,134,127,126,130,128,124,119,132,128,117,117,122,128,117,128,124,133,116,122,128,119,125,118,121,116,126,118,110,125,109,122,104,124,120,121,121,117,121,107,123,109,111,111,107,123,125,119,105,131,116,126,138,122,112,107,123,123,124,124,122,127,125,130,141,144,124,125,127,138,120,118,136,128,122,118,123,124,122,124,130,131,146,127,107,130,132,124,117,116,121,123,133,122,121,123,118,123,152
130,137,137,145,143,147,145,147,148,146,148,137,146,146,141,142,121,143,131,144,143,157,149,140,138,142,141,138,148,141,129,142,117,132,126,127,151,153,149,141,140,128,124,125,119,125,127,122,126,136,120,107,115,123,138,113,115,108,107,136,125,115,132,124,137,140,133,128,129,148,129,130,129,131,149,133,121,113,136,140,135,142,112,111,131,118,122,125,125,110,140,118,117,123,133,151,125,139,123,105,118,113,129,133,123,124,145,129,115,144,129,128,131,140,134,118,144,141,137,141,138,150,152,146,138,132,130,134,137,149,137,136,149,151,153,140,133,139,151,124,122,135,150,145,133,144,142,106,133,131,136,124,125,130,131,127,138,133,153,145,132,142,146,106,123,137,140,134,128,155,157,148,143,147,144,140,133,143,140,127,131,155,142,131,141,128,131,133,126,105,125,149,140,134,134,109,131,152,136,110,107,120,121,142,126,114,130,158,128,134,127,106,112,147,130,124,125,131,140,150,161,155,157,133,152,146,124,125,129,157,155,159,149,156,159,150,148,153,151,132,149,140,159,149,157,169,165,156,152,138,133,141,134,127,129,125
137,114,123,128,128,128,128,131,130,130,125,129,138,129,108,134,111,139,123,125,136,125,126,125,124,124,121,120,128,126,111,111,124,129,131,126,138,138,130,118,133,132,116,118,122,115,125,126,125,137,128,121,122,122,121,107,122,117,123,123,125,120,122,130,115,134,135,128,125,130,118,112,117,119,124,103,106,117,122,132,112,135,129,114,118,115,110,112,128,126,114,122,111,106,119,133,117,134,132,113,115,119,117,111,113,114,120,111,120,127,116,128,122,133,126,118,120,117,109,117,117,122,130,118,107,110,115,136,132,132,123,131,123,114,109,117,124,119,118,120,124,112,118,124,128,123,126,131,119,116,117,123,126,127,117,110,118,109,121,124,125,122,121,120,117,118,119,123,117,116,124,119,130,116,120,125,136,127,128,132,123,119,116,113,121,137,113,116,123,125,114,123,136,121,128,124,127,135,137,134,143,137,123,124,131,119,113,117,131,126,128,124,111,133,130,130,132,135,144,131,137,123,123,120,118,102,111,113,131,134,139,135,126,134,130,133,125,106,96,116,123,114,108,130,123,130,136,134,130,128,123,119,119,116,118,118
150,123,128,122,141,139,138,128,140,138,133,130,120,110,123,166,140,128,117,89,126,112,117,109,97,105,112,101,95,102,108,144,132,122,122,126,130,130,133,132,132,134,108,111,125,122,111,129,130,114,112,124,133,135,117,126,126,127,129,124,128,131,106,132,133,134,117,129,131,121,132,138,122,124,127,125,118,122,117,135,136,129,125,123,121,121,106,116,105,111,110,112,114,137,125,134,138,134,118,121,131,129,96,113,119,127,134,133,120,130,120,142,133,136,114,116,124,131,124,133,129,122,130,121,113,133,115,134,127,134,120,107,124,142,129,127,113,119,123,114,115,115,100,132,133,136,122,113,123,115,113,112,118,119,130,126,119,128,106,128,130,129,113,127,129,133,127,133,122,131,135,130,120,119,118,127,124,125,108,116,130,112,121,134,116,127,120,119,106,116,114,117,121,108,94,109,120,119,122,122,112,119,101,121,120,125,106,120,126,107,103,106,114,125,118,118,114,128,111,111,103,123,111,121,118,118,123,119,127,127,123,119,112,117,111,115,110,123,119,121,137,119,101,129,128,110,114,119,133,134,120,125,121,122,121,133
137,127,122,113,123,118,118,122,123,119,125,129,115,120,135,136,128,118,129,121,134,134,132,122,133,131,122,126,110,122,121,136,127,136,110,123,125,120,131,129,125,135,136,138,148,130,134,134,122,127,121,123,137,124,132,117,129,128,115,120,125,128,141,125,133,128,127,118,118,122,126,127,126,133,129,129,137,138,133,139,135,128,120,131,134,118,123,124,120,119,136,121,126,124,120,130,129,122,124,128,127,124,113,118,128,129,128,120,109,112,136,141,120,124,120,129,117,116,108,114,124,117,119,120,108,123,132,129,141,128,124,128,119,118,131,127,140,129,132,128,120,132,127,138,139,121,119,127,117,108,138,123,125,120,124,114,117,134,134,130,144,119,122,125,130,120,120,125,124,133,132,132,123,138,138,135,150,121,130,132,134,121,131,128,137,141,149,131,120,133,122,115,140,128,126,124,139,121,145,143,145,133,125,123,120,108,118,110,142,129,110,115,122,119,124,133,130,128,136,134,130,122,129,113,114,124,124,115,124,133,126,126,139,149,130,121,131,133,133,126,111,125,139,141,129,121,124,124,119,131,130,111,121,138,145,122
137,129,128,119,140,138,139,140,143,145,156,163,132,150,139,143,140,140,134,139,147,139,146,147,155,155,138,141,131,133,117,142,143,132,122,128,122,119,116,107,116,112,108,115,117,115,133,145,132,129,122,105,98,106,101,112,126,123,123,127,127,118,132,142,135,128,122,132,130,125,107,111,124,114,127,132,108,110,111,134,136,130,109,96,104,99,113,120,99,96,118,119,100,112,120,142,139,122,113,96,101,107,105,116,118,133,135,132,124,135,147,135,140,123,127,98,127,131,128,130,131,136,135,133,124,130,136,131,130,136,138,117,135,143,123,119,129,116,121,125,115,117,132,119,134,138,140,95,113,108,112,126,122,114,120,113,119,118,133,126,141,142,148,102,113,113,118,128,144,146,134,142,129,129,141,118,149,139,148,120,111,130,136,125,141,132,122,126,122,108,138,133,126,138,147,119,110,109,111,96,114,124,126,136,133,125,151,132,135,140,126,130,118,125,123,113,128,131,141,147,138,123,132,140,141,134,141,138,146,149,146,144,152,152,144,141,137,115,125,140,136,136,127,122,133,141,143,144,135,137,141,155,140,134,137,141
124,116,125,115,127,124,118,120,119,116,116,107,115,124,136,123,125,132,140,131,122,119,119,132,122,129,114,119,115,133,127,128,137,134,126,127,113,114,124,124,126,134,132,136,132,131,136,150,150,138,132,135,128,134,125,133,123,123,134,116,126,132,131,153,142,120,123,111,120,106,120,128,128,136,126,113,130,143,116,134,145,130,122,116,134,135,127,131,141,142,141,131,130,145,131,132,129,127,121,142,141,143,138,113,140,135,120,124,130,111,139,142,137,129,129,136,128,125,132,127,132,127,125,129,127,125,140,153,119,116,118,114,102,118,117,115,119,130,114,126,133,136,129,130,117,110,117,142,123,140,137,122,140,133,136,140,115,125,132,122,122,116,122,133,130,125,123,114,121,113,126,112,119,127,126,123,121,121,123,112,126,113,111,118,114,124,130,114,123,143,127,128,132,125,126,127,120,124,138,156,141,141,142,124,129,123,139,134,118,126,132,138,146,124,134,128,127,126,117,120,127,119,112,148,125,137,128,125,113,126,129,131,118,124,125,133,129,135,131,135,128,130,125,121,125,145,135,140,141,140,145,155,153,130,126,120
135,117,120,124,118,119,120,132,132,133,129,130,132,126,133,127,119,120,137,130,122,123,118,126,124,130,119,119,120,130,119,123,132,112,121,128,123,115,127,127,117,123,122,109,113,128,113,130,131,125,116,124,121,124,112,120,110,112,107,110,101,108,116,139,126,127,112,102,101,111,122,125,112,118,120,106,112,128,121,138,125,122,104,116,129,125,114,119,121,125,126,100,101,124,114,143,128,122,106,126,127,112,102,110,115,112,113,112,97,106,111,135,130,124,113,120,121,121,107,124,122,119,120,113,100,106,124,125,131,134,126,109,114,121,103,121,123,126,128,123,98,126,119,138,130,130,114,123,127,120,108,113,108,107,114,111,109,125,122,131,130,131,128,115,131,117,115,128,109,117,126,118,114,128,124,134,130,138,125,108,126,115,115,137,123,129,124,121,117,122,126,147,126,128,124,117,119,117,111,119,118,128,109,113,116,116,125,155,143,125,113,113,110,110,109,107,113,113,107,120,127,122,117,140,144,134,121,103,100,120,118,128,115,113,112,123,136,115,119,126,126,135,119,109,129,129,123,124,124,126,119,113,116,121,131,126
139,104,125,125,133,129,126,136,123,127,135,119,92,78,85,164,107,110,101,131,127,126,123,127,115,135,120,116,134,148,107,110,139,117,137,143,152,147,134,159,131,147,140,113,129,151,148,136,142,143,157,174,166,145,151,155,155,168,152,119,145,156,141,140,136,146,154,166,167,149,142,144,131,135,144,138,132,156,143,139,138,150,139,158,161,155,147,164,159,147,163,153,137,161,160,152,145,145,160,166,160,158,153,145,157,137,153,161,152,149,139,139,151,137,154,144,139,141,138,126,139,125,150,154,136,149,148,142,150,139,154,148,140,150,132,144,138,121,150,163,152,168,153,147,153,155,153,154,162,168,152,151,146,151,156,162,125,146,150,157,161,149,156,165,151,170,150,155,152,141,138,137,121,129,141,164,169,137,154,142,154,131,117,135,130,131,173,153,155,149,148,138,155,132,155,156,157,151,163,163,153,142,166,169,157,154,152,128,146,124,127,172,182,175,173,146,138,140,143,110,98,110,126,118,156,117,122,156,143,136,114,108,113,110,109,112,102,83,80,131,171,153,119,142,117,119,122,114,119,125,127,106,118,113,98,135
137,118,110,113,110,106,108,110,101,112,116,121,105,101,117,117,126,143,114,83,84,86,92,90,98,84,95,100,102,109,124,145,132,137,120,101,96,112,101,93,108,99,87,107,103,85,101,133,127,150,137,88,96,105,108,80,95,91,88,109,113,103,98,134,133,148,138,103,103,117,92,92,98,107,93,97,114,101,92,128,137,141,124,109,100,123,100,86,90,85,93,96,119,121,95,134,128,150,120,108,112,117,114,111,96,108,107,95,128,131,118,140,139,147,123,110,104,108,114,94,104,106,105,116,128,121,99,140,136,140,127,113,112,90,114,106,95,90,101,110,120,119,105,129,133,142,131,103,104,98,105,118,133,121,112,102,125,110,101,131,124,134,122,111,111,98,102,104,107,93,99,103,118,83,95,111,130,132,123,101,90,109,123,98,94,111,95,111,104,86,99,82,143,125,125,94,92,102,113,101,116,114,109,124,123,102,110,88,102,117,115,122,109,108,102,112,126,110,84,98,86,110,144,105,76,122,123,124,97,91,102,101,99,105,132,134,110,120,126,127,126,109,114,127,118,142,118,115,115,122,134,146,127,123,118,142
129,130,115,123,110,108,113,121,124,128,127,128,122,115,117,130,113,127,154,135,135,131,124,116,122,133,129,128,131,124,121,134,128,126,141,132,131,120,117,127,129,131,124,129,124,138,132,136,122,141,131,134,119,121,125,133,130,131,138,140,127,135,124,140,119,143,132,134,117,112,109,119,123,113,118,112,115,121,117,141,122,140,123,122,119,117,112,116,122,128,117,117,123,136,123,134,125,140,125,127,126,123,128,136,134,133,120,127,133,123,133,125,130,132,130,138,123,123,119,127,130,120,128,125,126,120,124,137,140,135,139,130,115,111,117,115,128,137,120,124,127,137,130,143,138,139,134,133,128,124,126,122,124,121,130,132,132,136,131,149,137,129,131,131,133,130,125,132,128,120,126,126,128,120,127,147,138,129,136,146,139,126,129,128,124,122,122,126,131,114,127,132,142,137,130,138,123,125,134,123,127,128,128,124,140,142,133,142,137,139,140,140,120,126,133,140,134,137,127,122,130,131,138,138,127,143,132,148,137,117,111,114,118,127,134,128,133,137,139,130,133,141,132,136,142,134,125,125,124,129,130,128,121,133,130,116
109,107,134,131,140,143,144,140,142,147,138,132,138,128,111,117,87,133,124,135,134,144,150,147,150,155,146,140,139,145,107,92,106,109,118,152,146,139,134,137,144,139,143,140,130,148,117,103,113,122,127,157,145,146,133,147,133,139,137,130,127,140,118,104,109,115,121,128,134,128,125,125,128,123,130,127,133,141,131,107,120,114,126,146,134,136,143,139,139,139,128,132,129,138,130,106,118,116,127,128,143,137,136,139,131,132,134,129,131,134,115,114,113,110,115,123,136,135,130,128,133,145,147,142,132,127,110,112,108,123,113,118,125,125,120,124,129,137,126,137,132,131,125,118,119,114,110,127,135,142,125,122,128,138,140,133,129,127,112,112,114,114,116,122,135,130,129,130,127,132,132,120,121,132,118,120,111,116,109,111,129,145,140,138,138,137,127,123,135,147,122,134,137,124,119,122,139,128,135,138,141,146,139,128,139,143,120,142,128,117,120,132,128,132,132,134,134,140,130,129,136,125,104,133,135,119,102,127,142,141,137,138,130,133,129,133,135,122,98,134,120,126,102,124,134,147,136,131,135,131,138,127,134,129,127,121
149,150,136,139,149,138,138,135,134,137,132,129,140,134,147,145,148,143,145,149,144,141,148,144,140,142,151,141,135,134,143,148,138,133,142,140,141,146,144,138,129,129,140,138,137,131,131,125,140,122,134,132,126,130,134,130,123,133,130,138,129,140,135,123,135,130,134,142,131,144,127,139,119,116,143,135,123,127,135,126,132,128,141,133,137,129,126,127,113,117,130,127,124,131,133,118,129,131,129,120,129,124,126,140,119,128,132,132,127,129,126,135,128,136,130,121,125,131,127,143,124,134,115,128,128,136,128,118,129,136,137,140,135,140,136,148,125,130,134,119,127,123,117,124,119,134,127,122,127,117,119,124,124,116,129,126,126,138,122,122,128,135,131,122,126,130,129,126,124,138,133,139,130,127,128,132,130,144,139,149,133,135,137,131,128,119,123,126,121,123,128,147,134,137,133,134,130,130,122,123,128,119,122,123,125,130,116,137,143,146,135,117,126,133,129,122,126,132,122,125,119,127,132,129,146,141,135,136,127,132,135,129,136,127,122,117,114,131,133,119,114,128,122,131,128,114,126,116,117,116,107,112,112,118,122,124
130,123,109,111,117,116,113,122,118,117,112,115,104,113,124,120,125,122,123,138,130,129,124,131,132,130,128,129,114,121,131,132,123,122,129,132,122,132,126,127,122,122,149,131,125,134,132,121,131,127,133,137,119,138,141,137,132,113,131,134,134,135,140,129,134,117,135,135,128,143,133,130,130,128,131,131,131,129,137,131,133,123,131,129,119,142,153,138,144,146,129,137,142,135,147,142,133,127,131,136,134,136,144,138,133,141,124,136,122,124,143,140,133,125,134,130,143,149,151,145,129,140,126,139,130,123,140,145,108,112,113,100,104,118,120,112,118,124,118,113,118,113,129,118,107,114,123,111,106,138,108,121,122,127,123,121,126,115,130,121,113,112,122,130,123,139,126,129,125,131,123,110,117,107,128,116,113,113,121,113,119,119,116,118,118,109,116,120,119,116,120,117,114,114,116,127,118,127,124,125,123,123,122,134,138,133,129,125,116,124,129,122,125,128,121,128,137,133,146,141,134,129,136,124,111,124,130,128,134,148,139,130,132,130,124,115,115,135,139,110,112,120,133,121,123,113,122,125,127,122,128,125,130,126,114,110
129,124,125,130,130,124,120,115,130,123,122,122,120,128,127,135,113,124,133,121,133,112,116,108,117,122,111,112,115,113,117,136,115,131,126,102,105,102,108,105,103,94,102,103,117,119,115,139,122,128,110,114,111,113,108,117,117,117,114,106,113,120,114,146,130,129,105,119,105,111,112,113,106,104,113,105,102,103,110,143,130,124,114,104,108,104,108,117,114,124,118,116,115,111,114,132,133,119,107,112,106,107,110,115,123,108,123,111,111,114,123,147,135,129,122,122,117,116,120,117,127,113,107,107,116,119,124,144,142,137,123,110,106,106,103,99,102,90,92,94,103,103,125,148,146,139,126,103,96,100,101,102,104,102,102,105,117,105,129,148,146,137,133,107,108,105,111,110,106,113,102,109,108,115,119,143,141,134,130,118,107,104,101,101,97,89,94,99,106,118,117,144,147,138,140,116,102,104,99,107,103,98,100,112,116,130,131,120,142,136,138,120,116,117,112,113,109,115,107,119,124,132,120,119,130,137,136,129,118,125,119,126,126,120,113,114,121,130,127,124,126,131,146,131,135,114,113,117,119,117,115,117,125,127,133,127
135,117,120,124,125,123,121,125,123,120,123,120,132,126,122,128,115,118,126,123,127,127,131,124,131,131,128,126,126,124,131,114,123,117,123,134,127,125,123,124,127,130,121,117,134,126,128,126,118,121,120,127,130,128,117,134,133,138,128,131,139,135,132,124,122,118,124,134,136,131,127,129,137,140,128,138,128,126,122,122,112,114,125,137,130,136,123,122,114,124,124,131,124,137,126,136,123,115,124,130,140,128,108,120,123,124,130,125,141,138,133,142,117,117,120,133,128,132,129,132,138,123,132,123,133,130,130,128,125,121,122,134,148,143,143,134,130,129,129,123,127,124,121,126,123,113,117,129,124,118,129,129,124,124,129,127,132,131,124,123,125,109,119,128,133,122,122,139,126,119,124,136,145,132,130,125,131,115,123,128,126,128,135,129,130,135,120,122,129,125,123,122,133,125,126,127,131,136,126,119,119,128,121,126,133,139,120,129,123,128,129,127,127,127,127,122,135,132,122,126,125,115,120,120,137,135,125,127,124,125,122,125,128,129,134,137,131,121,130,123,132,128,125,125,113,130,133,133,130,130,129,125,122,122,125,125
128,123,121,130,121,122,119,125,122,123,127,124,119,124,128,117,139,126,127,125,137,133,131,123,124,135,124,125,115,118,144,143,113,144,123,106,120,119,118,126,116,124,124,123,121,127,123,131,116,133,111,120,116,111,123,127,114,121,122,112,116,133,120,133,109,128,107,117,125,124,126,112,121,115,108,120,122,116,123,121,112,121,125,134,120,133,127,124,131,128,121,114,123,122,125,112,116,115,102,118,118,120,121,123,130,124,113,123,123,121,108,126,115,120,101,120,131,121,121,119,124,134,129,130,128,133,118,124,121,127,113,122,126,116,122,138,124,127,137,130,131,116,113,128,126,120,117,134,131,129,115,118,128,126,117,135,137,138,114,129,131,116,118,125,118,125,116,121,122,137,126,132,125,145,111,136,134,108,117,132,143,141,128,130,143,131,132,122,121,146,107,161,132,105,128,133,134,116,126,131,143,136,116,117,117,140,110,153,153,136,159,118,123,124,123,125,121,121,136,132,136,135,112,137,146,117,114,113,130,135,135,140,135,136,131,136,137,120,118,144,116,128,121,112,137,137,136,132,133,123,120,108,124,121,114,125
113,129,140,144,133,137,134,133,124,123,117,109,123,132,116,117,117,111,126,122,131,126,136,138,132,136,133,131,134,127,120,114,125,122,130,133,129,130,132,133,133,130,136,132,140,140,146,121,125,134,148,139,138,151,121,139,128,119,138,132,125,132,136,114,127,130,137,139,131,122,128,139,126,128,142,129,139,145,137,116,125,128,129,147,148,142,119,129,124,131,145,131,136,134,132,118,126,127,129,150,137,135,135,122,125,122,131,129,128,125,138,119,120,123,125,134,122,125,130,137,139,134,129,133,139,133,131,112,115,117,124,141,122,124,128,131,127,136,125,126,128,141,134,112,118,116,120,138,131,130,135,135,122,115,133,122,126,128,116,102,116,126,123,123,125,117,132,129,134,119,123,119,128,121,121,103,109,125,115,130,123,118,120,124,118,131,121,119,127,118,127,100,108,131,116,142,127,122,121,131,120,124,120,124,128,125,138,103,111,107,104,124,130,126,122,113,118,124,116,104,102,129,122,110,101,113,120,128,120,118,119,128,124,116,114,103,100,129,123,114,124,122,137,130,132,115,108,118,102,108,118,133,126,117,127,112
149,145,159,152,154,149,140,134,140,137,149,150,154,140,130,166,156,115,129,113,135,109,118,118,116,117,115,116,113,120,126,141,144,127,123,110,99,101,97,100,113,113,87,96,95,99,135,155,136,125,117,104,108,101,100,91,101,111,98,96,104,100,132,158,148,122,121,102,97,107,93,97,107,96,96,89,94,110,107,145,156,137,122,100,105,98,78,107,102,88,98,94,106,108,107,132,153,138,127,110,107,115,97,102,104,102,116,96,97,108,133,147,162,139,138,91,89,93,87,94,108,115,94,96,87,108,127,156,149,130,129,110,99,87,92,100,90,101,94,88,102,107,113,153,165,137,124,110,116,112,112,99,97,101,94,105,112,110,127,163,170,139,126,101,102,109,113,119,102,106,99,100,90,112,131,168,157,134,130,114,113,100,92,107,102,111,104,106,103,117,127,148,149,142,145,119,103,107,114,118,112,127,104,116,122,105,132,130,142,134,137,109,113,132,130,105,98,112,110,116,128,100,97,130,142,130,119,102,107,117,117,111,121,126,119,111,116,123,113,125,123,121,122,98,134,121,123,118,107,114,117,108,120,127,125,123
75,110,122,110,123,122,122,118,120,117,118,113,102,120,119,91,98,106,128,130,121,124,117,121,119,126,119,112,110,117,111,118,112,96,120,137,134,134,127,138,121,128,119,128,129,116,126,111,122,104,128,127,119,120,123,131,134,135,127,125,135,127,129,114,128,107,134,131,136,120,132,136,132,124,132,127,112,125,123,108,131,120,135,126,129,126,122,128,121,124,136,129,116,132,135,110,123,122,132,122,141,131,122,139,127,136,153,132,126,132,130,128,121,123,129,124,135,134,131,131,136,134,123,130,118,121,127,118,126,113,126,108,126,133,113,130,123,126,136,126,137,139,126,123,121,117,126,111,136,116,108,135,132,130,136,128,121,137,134,123,129,118,126,127,136,122,125,143,128,123,130,128,116,116,136,128,130,115,116,114,121,107,122,125,127,130,102,122,123,121,137,117,105,113,117,118,120,115,119,118,129,128,108,123,132,132,133,107,114,122,122,126,117,125,133,129,134,132,138,128,116,115,111,76,118,116,121,118,129,127,129,115,125,121,116,99,107,113,112,89,98,107,113,106,111,95,111,98,97,96,98,97,88,110,108,95
130,112,126,131,132,132,131,130,124,125,123,116,118,127,125,133,117,120,124,120,132,126,119,121,117,127,121,118,114,115,101,120,127,119,106,135,134,122,131,142,130,134,149,147,142,144,122,122,132,123,119,132,129,140,140,145,140,146,144,142,127,128,126,127,128,135,129,112,121,121,145,135,133,131,117,122,131,131,124,129,136,132,126,129,128,140,135,131,139,152,131,139,132,128,125,131,128,133,129,132,137,140,132,127,142,134,130,130,133,131,125,131,123,129,130,123,131,131,127,123,128,126,123,126,120,121,122,130,123,139,135,125,131,126,127,137,141,145,140,143,149,137,132,135,130,137,132,143,145,134,134,135,151,146,140,144,147,139,143,139,138,137,133,142,143,138,132,139,140,129,130,128,132,140,137,132,139,135,135,119,128,125,126,133,136,131,145,136,124,133,134,124,132,135,124,121,138,134,136,132,135,129,139,134,141,133,127,126,118,112,121,137,133,135,137,142,133,124,122,123,112,118,121,124,115,118,117,116,119,123,118,119,118,119,120,118,116,103,114,124,129,130,118,120,129,133,133,134,126,129,126,118,125,124,128,119
121,122,132,130,133,133,132,131,132,129,127,125,114,111,126,130,139,119,118,121,121,129,124,131,133,133,131,135,119,122,128,120,144,117,115,112,113,118,121,121,127,138,128,120,118,122,126,127,143,113,115,111,110,123,132,117,117,117,128,120,114,111,119,128,138,111,119,114,116,127,133,129,126,130,121,122,119,121,125,118,129,115,111,117,123,128,129,124,123,129,126,117,116,124,123,117,123,114,114,131,126,136,140,131,124,126,112,125,115,112,120,122,125,120,109,115,122,123,124,128,115,112,125,128,110,109,124,125,119,114,121,101,113,115,113,118,124,132,127,123,120,120,124,126,120,117,124,119,132,141,136,134,132,129,130,128,112,117,132,129,120,119,122,130,140,138,132,118,136,132,127,125,118,117,121,138,124,121,125,116,129,123,121,127,116,129,126,123,118,116,121,118,120,108,123,115,116,130,125,123,112,126,118,117,113,117,122,117,120,117,123,129,124,128,123,110,122,126,125,128,113,131,112,129,125,116,121,130,119,125,128,119,126,129,120,123,123,119,101,121,119,127,108,112,111,131,129,126,122,123,118,119,121,121,116,114
141,138,124,122,135,138,138,136,137,141,151,152,127,123,137,137,141,123,133,115,132,132,135,129,129,125,125,129,134,115,124,140,129,134,130,115,120,135,127,119,128,125,123,128,132,127,123,136,126,138,129,110,105,128,115,115,122,113,109,123,120,119,119,139,133,141,138,124,117,125,134,140,120,118,127,123,132,129,117,136,130,141,120,111,120,124,119,122,118,120,124,119,125,132,107,134,139,139,123,122,123,129,117,107,117,125,120,129,117,122,135,143,140,136,127,120,125,122,123,122,118,119,127,129,129,115,131,138,134,137,129,115,127,120,126,131,122,125,127,122,122,124,130,140,136,133,130,124,118,119,122,115,114,116,113,114,117,123,128,144,143,133,134,123,114,122,125,119,118,130,131,123,124,115,127,138,148,127,129,124,118,128,127,122,120,129,123,111,129,116,124,124,141,122,129,122,117,114,117,116,117,120,119,113,128,118,124,126,135,138,131,126,122,123,127,120,110,122,121,130,125,136,137,136,121,156,126,116,112,127,131,136,140,140,138,136,136,139,137,127,120,120,134,128,144,137,133,137,131,130,124,116,117,125,128,118
139,133,118,120,124,122,116,116,131,130,119,125,136,129,136,131,140,140,150,136,132,127,124,127,129,121,124,126,124,128,141,139,117,137,142,129,127,121,129,111,118,113,119,126,130,111,125,109,110,125,127,130,121,118,126,122,120,120,123,138,130,123,122,107,121,121,128,130,134,130,135,136,129,125,121,138,134,116,121,117,123,121,131,136,134,125,127,132,117,126,126,135,138,135,129,115,123,123,130,119,130,140,125,137,134,137,143,135,135,148,120,105,118,123,131,135,142,135,138,138,139,134,134,126,132,141,120,104,123,122,122,133,134,129,139,144,125,125,131,123,128,122,117,120,126,123,122,118,139,116,123,141,124,135,131,133,145,140,117,115,125,123,122,119,134,137,127,138,130,130,126,132,129,126,125,128,123,116,127,136,133,132,137,134,126,116,125,135,124,118,119,125,129,124,127,118,130,134,116,122,117,109,118,130,124,127,114,120,129,124,131,125,125,130,122,136,125,126,121,121,125,128,121,118,124,134,133,130,137,124,121,122,113,110,118,119,119,118,119,123,139,136,147,118,134,123,129,127,122,137,122,126,116,119,128,139
125,115,132,130,137,130,132,133,136,134,133,126,124,120,109,136,113,142,136,129,118,115,124,127,128,130,119,123,124,121,107,110,116,127,125,117,120,122,127,113,111,101,113,111,119,130,131,121,117,127,135,114,116,109,104,103,106,95,103,119,115,119,129,117,122,126,132,123,110,126,109,118,101,104,129,123,109,114,118,123,123,130,130,117,129,117,116,113,103,101,115,110,105,111,117,125,123,130,125,112,112,111,118,121,113,114,121,107,104,111,119,132,123,125,132,106,115,123,113,116,115,120,108,111,109,109,119,124,120,123,125,115,124,121,125,124,115,124,118,108,101,103,122,130,116,121,121,109,115,109,113,109,113,107,111,112,117,107,128,129,119,131,127,109,111,114,126,124,112,126,116,121,115,117,131,131,121,131,132,128,116,130,129,116,112,108,105,119,120,120,122,133,126,131,137,125,117,115,109,112,107,101,96,116,122,115,126,132,135,137,132,116,112,126,123,105,105,110,116,120,118,115,112,123,144,119,122,125,117,130,119,122,125,123,120,125,126,123,118,113,125,118,115,121,121,116,133,134,120,113,122,115,124,123,131,114
139,131,125,122,127,126,128,127,128,125,127,129,127,130,138,132,125,102,119,138,144,139,139,135,138,129,139,133,126,120,123,119,129,117,131,110,120,128,120,120,127,123,114,113,115,119,133,122,130,125,121,108,111,117,111,119,121,110,111,121,129,114,134,124,132,129,131,97,105,123,123,124,128,121,112,123,116,112,131,134,126,124,131,107,110,118,116,105,110,110,108,118,120,118,135,128,137,121,133,104,111,112,111,108,106,115,132,123,117,127,129,138,129,122,132,114,115,118,126,126,125,115,117,123,121,121,128,127,137,129,140,124,127,129,117,119,123,120,114,119,123,116,137,132,137,131,136,123,117,121,112,127,109,110,125,113,126,114,131,129,134,135,144,110,120,122,117,137,117,116,122,125,121,113,130,126,131,132,139,114,127,117,112,118,115,119,118,122,111,110,131,127,127,133,139,127,126,117,120,115,115,119,119,130,115,122,131,141,135,133,131,122,116,130,130,117,120,128,125,131,131,144,145,125,128,127,126,122,128,136,138,124,134,130,122,124,127,139,136,126,130,130,151,138,140,131,129,128,128,130,135,118,111,123,127,124
115,133,128,132,138,138,135,142,139,147,141,138,125,133,123,124,110,128,132,137,141,145,151,151,158,157,156,152,146,135,133,116,120,109,112,124,132,146,146,137,142,137,124,140,142,128,125,114,132,128,124,109,122,138,150,135,143,142,141,138,141,128,136,123,128,125,133,125,145,148,152,154,142,150,141,145,122,113,123,122,126,126,139,123,135,135,131,141,135,131,138,145,137,132,131,127,129,131,141,134,138,138,139,149,134,135,157,146,147,140,137,117,126,125,145,126,135,134,151,148,149,129,130,132,122,128,137,109,138,142,156,123,147,133,146,144,139,134,141,141,142,132,146,118,135,145,156,131,146,139,137,151,141,138,143,140,140,133,151,123,131,145,151,136,151,146,150,154,144,141,147,144,131,119,147,110,131,138,144,134,138,132,142,133,133,148,132,140,127,124,142,126,126,129,138,112,127,131,135,127,135,138,120,138,117,123,138,135,124,120,131,128,131,136,129,136,137,142,145,146,134,140,138,136,139,134,139,146,152,150,151,155,149,146,148,143,129,146,139,138,140,131,147,135,153,158,151,150,141,139,134,131,122,125,129,134
121,123,141,141,146,152,156,158,141,142,138,132,125,140,128,128,143,131,138,143,136,144,147,150,137,143,145,144,137,149,120,127,128,129,117,131,130,140,135,138,133,137,132,135,129,137,126,118,131,122,125,135,136,124,136,126,126,130,140,132,124,135,134,114,123,112,117,131,133,133,129,129,127,127,131,127,126,131,130,124,122,118,115,128,131,125,139,128,137,131,136,131,128,130,132,132,121,125,135,134,137,138,158,137,137,139,139,132,138,118,124,115,120,129,128,128,130,141,140,131,129,137,128,131,125,138,124,113,121,128,127,132,122,143,142,134,132,123,132,142,127,129,130,111,119,126,129,134,124,146,143,134,130,135,133,141,132,135,129,112,121,130,126,126,136,136,151,137,144,137,137,139,138,131,135,124,123,131,131,120,131,140,140,135,130,132,132,135,142,124,128,123,135,132,131,123,131,142,145,138,136,135,146,142,146,132,124,99,153,133,130,140,150,158,161,155,162,158,150,133,132,127,126,95,124,129,128,146,155,144,141,136,145,131,117,116,110,147,147,117,132,123,123,130,120,119,117,119,120,122,126,131,114,114,118,120
114,127,116,121,123,120,123,119,121,119,117,115,110,119,138,114,136,113,130,127,130,125,114,116,106,106,104,100,107,112,122,138,129,120,122,114,114,113,116,115,120,119,118,112,119,109,119,134,130,109,108,108,105,119,119,118,115,119,119,105,106,109,115,135,135,122,113,113,111,121,135,131,131,129,130,126,119,126,125,140,139,122,132,118,119,129,125,124,131,137,134,144,124,129,124,146,139,122,123,117,125,129,134,132,127,120,142,124,123,142,129,144,139,132,131,131,134,128,130,148,147,129,128,133,126,128,141,145,137,137,124,129,129,130,129,135,134,139,129,127,128,130,125,135,136,137,128,114,139,121,127,137,125,131,136,127,128,134,137,132,131,132,132,114,136,131,134,133,130,127,132,135,126,127,134,130,127,133,128,130,139,131,138,145,129,136,128,141,121,126,125,140,118,124,132,110,125,126,123,131,125,133,121,126,123,126,131,134,121,149,149,124,125,129,130,121,131,133,120,139,132,152,141,138,135,157,143,123,124,144,149,149,134,140,146,148,146,159,148,131,127,129,142,131,144,143,143,138,142,147,135,130,132,139,146,138
128,126,121,121,120,115,117,123,115,121,129,131,130,136,135,135,147,125,165,141,138,120,120,121,130,137,123,123,130,135,140,139,121,149,139,149,159,143,149,149,153,139,132,132,144,149,128,118,108,127,135,137,134,138,139,130,143,141,131,142,154,153,127,117,110,131,135,132,125,134,135,136,123,138,130,136,153,126,128,120,106,119,128,131,116,149,122,104,134,135,127,148,144,157,141,122,127,114,133,147,140,135,124,124,129,132,124,121,145,148,126,131,117,113,129,140,138,134,131,130,148,133,128,115,135,138,121,118,119,122,133,133,150,132,135,133,131,132,121,128,141,119,129,125,121,116,122,140,147,124,131,132,134,133,127,144,137,144,123,115,114,104,130,145,140,119,121,130,126,121,136,143,159,151,123,113,122,100,127,125,129,144,146,135,137,141,115,140,135,135,111,126,128,112,128,151,151,128,131,131,137,132,126,145,132,147,110,119,124,124,137,141,127,125,132,146,147,144,136,132,123,135,135,127,125,134,138,145,141,126,118,121,124,120,127,125,137,128,138,135,128,128,136,146,132,117,124,133,132,140,128,134,127,133,130,141
107,129,114,116,114,114,110,113,117,114,115,111,124,138,133,119,111,130,123,123,116,125,118,127,124,118,122,118,134,129,132,111,111,128,129,134,137,129,134,129,135,137,130,132,130,129,121,117,114,118,126,124,136,128,120,117,131,135,132,132,123,138,126,124,120,119,121,126,127,118,116,114,125,137,131,125,132,133,136,126,122,125,132,122,124,130,120,115,133,127,126,124,123,124,129,132,119,124,130,123,129,119,112,112,135,129,122,129,128,128,121,118,123,117,124,129,122,122,128,122,138,123,124,128,129,122,119,126,118,113,121,113,123,120,116,121,128,123,121,119,114,124,129,111,119,121,126,134,110,125,124,114,111,114,113,125,120,122,131,115,119,121,128,136,123,124,115,126,129,125,125,116,126,140,126,118,117,117,119,127,122,118,119,128,127,116,133,123,129,137,139,113,124,120,122,139,130,134,132,128,131,124,127,133,124,134,133,110,121,120,128,135,125,125,132,131,126,129,132,118,112,134,127,122,119,104,131,134,128,116,112,123,121,119,127,125,120,129,125,122,129,115,114,123,104,111,120,127,133,131,133,130,141,130,122,124
132,131,118,120,113,115,119,117,132,134,124,126,138,141,131,139,134,132,122,113,124,117,121,116,126,121,125,123,129,128,146,141,131,141,146,122,121,122,130,129,124,122,99,118,125,126,135,144,124,138,130,123,122,132,130,113,130,129,110,139,140,126,126,145,126,138,126,135,132,130,124,111,125,137,125,122,119,121,117,133,123,125,124,128,123,131,120,120,120,121,108,116,117,120,117,135,126,124,123,112,112,117,114,116,130,130,125,128,126,134,117,133,127,125,130,121,131,128,129,120,135,125,132,130,143,146,119,134,130,125,124,132,135,129,135,121,128,128,136,119,121,138,124,136,129,125,124,127,130,116,106,112,115,123,126,120,139,134,124,138,126,120,133,116,116,121,118,131,130,138,135,135,144,134,125,134,124,115,122,122,127,130,124,117,140,130,133,134,127,125,120,127,132,122,133,120,119,142,124,123,128,135,118,137,126,126,119,135,116,124,127,111,113,126,122,107,124,119,112,109,112,126,130,136,122,110,120,112,103,114,120,120,121,127,134,135,136,113,107,125,119,121,126,125,125,127,129,129,138,129,118,108,118,116,115,123
122,116,114,116,121,123,121,122,122,119,124,124,110,120,128,126,114,121,124,136,132,132,115,126,128,138,123,124,122,127,117,127,108,121,127,143,133,134,138,125,127,131,122,130,125,139,132,116,118,118,137,134,140,129,125,122,128,115,134,126,125,135,132,126,122,117,133,149,120,119,127,137,125,134,129,125,125,117,126,118,127,124,137,128,124,136,118,126,121,128,127,127,126,127,121,117,125,117,129,124,121,135,131,126,125,138,141,137,124,122,121,122,130,115,127,135,122,128,125,132,147,141,126,133,121,123,125,141,109,98,114,134,120,125,117,113,123,126,115,112,111,119,120,109,113,103,118,113,114,130,127,114,125,134,127,130,113,115,120,121,121,111,123,120,121,131,140,136,135,133,136,120,111,118,113,123,119,103,105,138,135,132,126,128,125,129,123,129,130,117,107,124,119,108,109,126,125,126,131,120,125,117,129,133,133,126,127,146,115,133,109,124,128,150,162,154,144,139,135,129,134,141,130,136,132,130,125,124,130,128,129,125,136,139,133,122,141,144,128,126,127,127,140,126,142,129,123,134,138,147,135,139,151,137,131,137
112,127,140,133,137,132,137,132,129,130,131,139,141,139,127,109,116,121,116,135,142,130,139,133,128,123,132,137,128,138,122,120,141,121,118,117,132,121,107,120,125,135,133,105,125,139,140,129,147,124,125,142,138,95,129,126,131,130,124,115,123,131,135,130,138,121,124,122,119,124,111,116,116,115,123,123,114,121,129,111,141,128,107,130,138,118,135,130,135,125,121,107,126,128,125,109,142,128,125,129,130,125,135,139,130,141,122,122,123,105,129,124,144,131,139,113,117,126,125,106,115,138,117,125,107,116,136,126,137,121,133,116,129,135,131,119,129,131,137,126,108,113,133,130,135,119,134,120,127,133,126,120,118,125,116,130,118,112,132,130,137,119,131,117,123,129,129,127,127,139,123,126,100,108,125,139,138,121,133,115,128,135,137,129,133,123,120,123,116,118,124,130,128,108,122,107,112,114,114,115,117,111,111,112,119,120,109,130,128,118,110,120,122,123,116,106,117,131,141,149,149,115,103,111,116,132,115,128,142,142,136,139,148,145,136,130,131,123,117,97,100,130,120,122,131,131,129,128,123,123,127,128,126,132,131,105
127,128,125,130,130,124,129,125,141,135,120,118,140,142,135,116,116,111,119,129,123,130,129,136,129,127,132,121,127,116,131,130,121,122,120,122,123,113,128,121,127,129,116,123,117,106,117,124,134,113,123,108,124,125,115,116,119,112,119,123,112,119,122,126,132,123,133,113,120,121,118,114,120,127,119,116,114,114,130,140,137,123,139,114,128,120,120,123,112,110,120,99,109,110,128,143,132,125,134,117,122,114,113,114,121,121,120,118,115,123,129,137,129,133,128,120,119,116,122,128,131,121,123,125,111,127,124,133,142,138,130,127,128,121,132,130,133,140,131,127,110,126,132,133,128,134,128,130,131,118,129,129,130,120,129,121,120,122,130,128,124,129,120,118,123,130,126,124,124,127,133,127,121,129,136,120,134,134,120,122,138,136,137,143,132,134,127,133,121,116,123,125,117,128,107,113,135,130,126,123,118,124,111,123,127,112,116,122,121,116,112,101,109,120,116,113,118,126,125,125,117,112,100,105,136,110,115,111,125,128,129,128,130,124,128,125,122,122,122,111,110,116,113,118,119,117,122,120,109,114,123,119,112,99,117,113
137,145,144,140,158,153,150,149,154,154,150,148,138,143,146,140,133,135,132,136,140,140,134,142,142,150,140,140,129,134,142,137,132,137,125,124,134,131,135,133,132,136,139,140,139,146,130,128,136,126,123,136,133,129,134,128,125,129,138,124,123,136,130,128,136,129,124,136,123,114,124,120,122,123,131,122,133,147,149,146,136,134,135,137,121,125,124,126,139,136,138,134,129,142,143,150,136,130,133,138,117,125,130,128,132,122,124,125,129,124,122,131,133,129,128,138,123,121,119,124,129,122,121,121,125,126,131,139,132,137,137,129,114,122,127,125,128,124,132,131,129,137,141,130,129,134,141,140,135,127,136,125,131,125,126,133,129,141,138,130,131,134,135,139,129,128,127,129,127,122,129,128,130,140,134,129,131,131,129,139,134,127,125,130,135,130,143,137,145,139,138,138,119,114,122,134,143,137,137,144,142,130,142,135,125,124,127,119,131,130,132,126,138,133,136,141,136,138,142,128,116,133,131,115,137,124,127,122,139,131,132,132,134,130,129,127,123,133,125,133,136,130,127,132,133,132,138,132,135,139,135,136,133,132,129,141
120,141,135,138,131,131,129,132,129,131,136,130,133,135,139,128,122,109,131,142,128,138,136,132,135,142,127,127,125,115,118,132,119,140,118,117,110,115,111,121,122,124,127,118,116,117,120,137,128,129,122,120,129,122,123,122,131,135,126,118,121,119,128,130,124,131,122,120,117,108,127,124,122,135,116,115,118,114,124,132,127,129,113,124,127,130,120,117,124,124,117,119,119,121,125,131,124,123,121,122,130,136,124,115,120,117,122,117,118,122,128,128,127,129,130,120,133,124,122,118,119,120,118,117,115,113,128,137,119,122,123,116,123,122,120,129,128,123,121,117,119,114,131,130,124,126,124,129,127,124,117,120,132,125,125,126,115,115,130,133,117,123,124,120,122,129,122,122,121,115,118,119,119,110,119,127,122,127,126,119,115,128,123,115,128,129,127,110,106,120,129,144,122,128,123,128,128,118,125,125,117,116,131,123,118,120,121,125,137,132,122,115,122,114,118,128,120,123,129,140,138,117,132,109,125,142,122,110,121,134,139,139,141,142,144,135,135,136,140,110,114,113,142,120,140,139,135,134,135,128,136,122,117,118,133,109
149,127,128,126,127,127,126,129,127,124,122,114,106,122,137,131,128,132,126,123,122,123,121,125,119,129,122,123,112,112,133,126,122,134,136,137,132,139,141,129,129,126,131,132,142,151,139,137,120,147,148,138,140,154,130,133,131,122,137,130,137,140,132,126,129,136,152,128,114,118,152,136,124,130,119,129,140,147,135,123,125,139,150,145,135,151,127,129,128,146,139,138,137,151,137,128,118,141,150,150,145,143,121,115,134,127,121,144,129,124,153,126,115,136,148,148,122,118,125,133,138,123,121,127,131,139,152,130,113,131,145,121,119,130,128,137,140,132,131,140,135,147,160,120,121,143,151,147,125,127,125,117,131,121,145,152,149,149,152,135,124,142,145,156,141,140,129,133,148,125,136,141,145,150,148,136,123,135,141,139,132,132,132,143,145,135,155,132,146,135,153,120,120,132,134,145,138,131,136,143,138,139,155,140,145,137,154,114,124,116,141,141,146,140,148,141,151,152,157,137,122,149,136,122,126,129,150,152,152,137,131,126,141,129,121,117,121,162,159,139,130,119,134,164,129,117,121,120,128,132,123,107,108,120,125,131
134,131,122,123,129,132,132,131,133,131,136,143,132,138,152,137,143,128,132,125,130,122,127,134,131,131,133,135,135,140,144,156,133,138,130,125,138,132,129,149,127,126,121,127,126,143,136,142,138,142,139,136,151,139,146,146,134,146,141,133,133,138,134,141,145,140,137,133,148,139,144,130,129,124,129,134,124,131,127,136,149,145,131,142,140,133,139,142,138,133,137,129,131,128,129,139,136,149,136,129,139,131,138,136,141,136,139,136,132,130,135,132,138,143,139,122,131,132,146,134,140,126,144,139,138,140,134,137,139,143,143,131,149,144,140,139,133,127,139,140,142,140,142,133,131,147,137,141,143,151,140,138,132,132,141,141,133,141,144,141,134,143,141,138,142,139,141,145,141,135,150,145,137,132,145,139,133,137,140,123,145,143,140,138,146,130,145,143,146,140,144,123,134,134,140,127,132,142,145,131,133,137,138,138,134,133,142,135,124,123,127,137,135,139,137,126,130,136,134,137,121,133,136,129,127,117,128,133,135,139,139,130,133,129,125,119,120,122,130,130,134,130,130,129,131,130,118,123,129,132,129,136,142,138,139,144
116,112,108,95,94,97,98,100,91,89,93,97,94,104,110,120,123,106,110,102,101,101,112,127,113,116,127,120,128,124,135,100,125,112,123,135,135,129,133,133,120,144,141,120,128,145,154,120,113,119,162,149,154,155,141,138,143,154,150,135,135,139,151,102,117,110,159,142,141,132,134,150,131,143,121,141,133,148,161,117,108,107,156,167,151,170,144,137,140,138,123,124,151,158,162,119,124,111,152,153,152,168,141,127,125,130,126,143,139,121,148,103,119,107,149,152,135,141,142,143,142,120,114,121,126,131,147,104,102,101,148,146,132,135,127,144,138,128,118,130,120,134,143,95,111,118,154,141,135,152,132,129,113,130,124,126,115,130,136,111,116,119,136,140,135,139,131,138,137,125,123,126,123,141,144,110,113,118,139,140,129,119,119,131,131,122,142,131,129,136,143,105,115,115,134,152,135,113,114,129,122,108,140,136,138,128,156,105,110,105,117,140,140,123,128,134,124,131,143,133,128,131,162,123,114,131,151,145,149,139,122,111,129,126,118,108,108,133,137,102,109,111,147,157,134,114,103,109,116,115,119,92,103,115,111,99
150,135,138,133,147,133,130,125,130,130,131,141,134,127,126,161,134,123,123,129,135,134,124,129,123,128,120,130,122,143,150,139,137,135,145,128,125,125,125,140,121,121,126,122,127,140,149,138,135,136,141,136,135,120,134,134,126,129,123,118,123,133,133,128,134,134,143,133,115,123,130,120,138,133,124,128,127,137,129,125,136,137,135,134,135,123,127,124,130,131,133,132,121,117,131,123,126,133,139,149,133,123,123,119,136,128,128,123,117,116,138,123,128,134,134,143,120,119,112,125,125,119,115,119,114,113,132,118,131,141,138,142,133,132,126,124,135,120,132,133,131,136,147,126,131,131,136,147,132,127,130,125,121,127,131,124,127,118,130,128,141,134,139,149,139,124,127,119,119,136,122,129,128,119,131,134,135,133,130,134,128,115,117,116,118,129,128,130,135,136,132,114,134,128,135,125,120,130,133,123,117,129,116,123,128,127,131,129,125,122,140,136,133,131,130,102,113,115,132,136,138,125,125,123,141,113,127,133,134,135,132,136,146,139,128,127,126,114,118,137,136,130,123,125,112,124,132,132,130,126,120,121,123,129,138,147
110,120,117,120,110,118,120,119,122,123,127,123,125,126,118,109,131,104,100,114,112,118,116,122,118,117,124,126,128,114,129,119,133,114,127,127,136,127,136,149,131,146,137,137,142,131,120,125,125,129,132,129,142,141,139,150,138,143,142,129,124,127,117,117,132,121,128,125,133,112,133,142,128,124,124,121,127,124,116,128,125,126,128,130,135,138,140,138,142,141,129,130,124,121,125,130,128,125,132,135,128,128,124,125,133,128,124,133,124,110,118,118,122,125,132,126,133,129,122,126,133,128,125,124,125,122,119,118,122,135,138,119,127,122,114,122,131,138,135,137,134,128,127,121,122,130,134,132,140,130,130,132,135,139,141,136,126,115,124,119,121,123,126,131,133,122,121,129,123,118,123,124,118,108,122,114,123,116,128,116,123,112,113,129,126,121,125,113,127,118,122,105,112,115,116,103,128,125,133,129,123,129,127,119,115,106,115,128,112,105,112,126,130,125,131,129,126,122,116,112,113,110,105,113,131,114,114,114,112,107,114,116,114,121,119,120,127,111,104,116,119,117,120,106,126,120,137,134,138,141,130,117,123,127,127,127
144,132,121,119,117,125,118,111,110,106,108,96,115,137,160,142,140,147,123,131,124,115,112,114,106,110,96,89,115,110,136,145,130,145,131,130,125,127,119,119,111,121,117,112,117,136,127,138,129,130,122,137,132,117,122,137,111,113,129,105,102,127,123,140,124,130,123,134,139,127,132,136,122,127,134,127,127,133,133,140,122,138,132,133,128,126,129,130,133,136,142,128,129,140,137,139,132,138,132,137,129,127,138,139,128,121,123,123,127,132,140,129,132,127,125,121,130,136,133,128,121,124,127,114,122,122,131,132,121,117,120,118,127,124,128,124,126,135,126,121,127,120,127,129,120,123,121,119,130,131,129,130,135,125,126,126,130,127,124,125,126,125,126,119,121,119,124,132,120,121,122,114,111,125,121,129,121,123,118,105,118,122,115,128,125,118,122,118,131,124,108,123,119,126,121,133,132,123,118,131,131,134,123,118,122,129,118,130,121,116,129,127,130,128,123,115,110,103,108,101,115,117,123,125,125,139,127,126,109,99,102,103,108,103,104,114,113,130,146,135,127,113,126,128,111,107,103,104,112,111,106,123,127,119,131,148
114,126,138,132,131,136,136,133,136,131,132,131,121,106,122,135,124,102,119,128,125,133,124,120,126,127,121,123,125,131,109,131,148,120,125,140,136,139,128,124,126,127,135,130,136,125,139,143,139,134,140,136,130,127,124,141,129,129,127,127,135,124,132,140,135,123,123,140,119,124,125,124,125,118,142,135,133,131,133,132,133,126,126,134,119,120,135,138,125,131,133,127,125,123,139,133,125,128,129,122,124,129,119,126,131,139,138,130,130,119,117,125,124,124,120,123,136,137,123,122,120,135,132,124,122,129,114,130,143,134,135,138,128,143,127,127,132,130,136,119,129,134,135,146,143,133,133,133,130,132,131,126,127,128,127,123,125,139,128,145,139,135,126,144,129,139,132,119,135,142,130,139,133,135,124,163,139,131,124,137,126,141,143,134,140,132,126,128,138,129,127,149,136,137,127,141,137,124,119,129,129,131,132,126,131,137,127,140,144,128,118,125,137,130,129,129,119,132,134,129,145,118,127,142,129,136,124,118,124,127,121,128,123,131,126,139,142,122,131,131,119,140,124,108,120,114,128,128,138,138,127,129,127,145,138,125
147,144,141,138,139,134,138,142,134,142,151,162,152,156,138,135,126,156,160,144,145,139,126,126,123,132,138,134,155,157,147,138,139,140,144,143,137,134,127,134,120,123,123,119,132,132,135,141,134,138,128,115,126,120,129,122,120,129,112,124,131,135,130,129,131,143,138,125,139,135,140,140,131,134,126,126,132,135,146,141,128,135,135,116,140,129,139,131,137,123,132,126,125,130,145,135,129,141,132,110,131,123,138,137,147,138,133,133,134,136,141,132,126,139,136,117,129,128,128,135,143,130,133,134,131,137,134,131,141,142,141,123,127,122,121,121,142,139,133,143,132,125,138,137,134,134,135,110,128,126,129,132,141,147,133,126,135,123,133,134,128,124,127,128,130,123,122,129,141,133,128,119,121,129,131,135,132,128,137,117,122,108,113,124,135,126,137,129,125,136,148,137,133,147,138,123,132,121,134,130,133,131,139,130,136,143,136,138,149,155,137,144,136,134,132,129,131,130,130,130,132,136,144,143,137,153,159,150,141,126,118,124,130,127,138,143,138,135,131,130,137,151,142,140,124,136,132,139,142,144,147,149,155,144,137,130
129,135,149,153,158,157,150,153,155,157,156,149,133,128,119,121,145,118,133,148,131,149,145,144,151,163,142,145,127,116,107,112,149,131,120,120,126,136,125,138,132,120,134,154,125,124,127,138,152,145,145,130,121,127,131,146,133,130,133,134,117,120,130,137,149,145,142,120,108,119,129,136,128,121,125,126,135,136,136,140,148,143,138,129,122,127,130,122,136,142,129,131,121,133,135,141,147,142,140,146,133,140,134,129,125,135,115,112,137,117,133,140,143,147,141,127,118,135,114,136,115,137,124,115,105,101,131,144,152,146,132,121,109,115,111,108,121,128,118,124,122,132,133,134,148,142,135,134,118,120,135,126,136,135,125,110,107,113,134,141,148,147,137,135,134,118,115,113,113,116,102,93,114,114,131,133,147,153,138,116,105,102,111,118,119,120,102,104,109,135,133,150,140,140,129,116,106,113,119,125,118,125,131,114,118,108,121,137,124,139,115,130,130,107,118,122,134,128,105,109,115,102,116,135,128,131,103,98,95,119,115,110,110,117,110,124,130,128,126,132,120,120,108,102,116,121,129,130,134,123,113,126,120,113,110,112
129,136,142,135,135,136,138,132,127,123,122,125,134,134,133,131,118,128,130,128,131,132,124,121,128,120,118,121,127,131,128,117,134,119,133,127,133,128,133,133,137,128,129,135,136,128,132,130,132,128,134,134,128,126,130,134,139,135,137,135,139,133,131,130,134,133,131,133,137,128,126,133,131,132,140,127,135,134,136,135,141,136,129,115,135,123,132,136,138,138,142,132,130,131,133,130,144,132,133,131,128,120,126,129,133,132,134,135,142,130,135,127,151,135,142,132,142,132,126,128,126,134,134,137,137,139,135,130,121,124,132,126,127,127,134,126,134,130,125,129,131,131,123,117,120,124,131,122,132,129,135,133,129,127,127,129,137,136,124,122,123,127,131,122,120,125,128,130,133,126,131,138,140,129,127,122,121,123,132,131,132,133,130,119,128,123,131,130,141,127,122,127,121,128,134,132,126,136,129,130,130,127,139,130,135,127,130,121,130,127,124,122,133,128,129,120,127,129,127,138,142,123,124,122,125,133,123,127,120,124,129,128,134,134,139,137,133,126,118,128,128,124,128,127,139,134,131,134,132,134,134,140,131,132,137,122
128,125,145,142,134,133,134,131,128,124,123,122,125,127,140,125,121,132,127,139,130,125,119,119,114,112,114,119,132,140,124,124,131,120,128,147,131,127,131,145,128,129,134,130,141,156,119,124,136,129,132,154,143,143,150,133,133,132,129,132,142,141,122,130,120,111,122,135,125,120,135,124,109,108,105,108,120,120,126,105,126,123,116,143,119,136,131,131,126,131,118,120,128,124,127,107,119,124,123,152,135,136,133,133,128,126,115,130,131,118,114,126,121,121,117,142,128,129,122,136,112,114,114,119,135,130,118,116,117,116,113,131,120,126,126,118,117,112,124,122,135,127,124,122,116,111,114,144,126,123,121,122,116,121,132,128,128,134,120,123,124,110,116,130,121,127,126,126,127,118,125,119,140,126,120,128,126,114,114,131,128,128,134,126,123,111,132,126,141,134,121,125,129,116,126,138,124,137,140,143,137,140,137,131,139,140,121,112,128,116,125,141,132,129,135,144,143,139,134,130,125,135,141,121,117,126,123,134,133,123,126,128,126,123,126,128,133,126,124,130,122,122,127,145,106,116,116,116,101,115,112,114,120,129,128,124
118,109,123,108,121,123,125,122,120,126,129,131,127,137,118,123,132,128,140,126,130,125,135,129,137,132,136,146,130,116,129,122,121,135,130,129,135,133,140,125,132,138,137,136,132,122,146,125,118,138,132,116,121,131,132,120,126,121,116,115,128,114,140,122,119,128,131,99,104,109,127,146,132,120,139,118,129,123,113,107,121,135,116,122,130,122,113,118,118,127,126,139,128,120,116,96,118,130,124,123,133,127,130,136,120,112,133,125,115,122,141,117,122,125,135,120,116,113,115,129,113,117,112,118,90,116,134,112,116,116,140,123,112,122,121,125,128,123,133,133,126,123,131,113,121,130,136,111,134,132,127,145,125,146,145,130,125,124,141,118,128,132,140,123,139,133,134,124,124,109,113,115,107,100,143,130,123,128,137,111,98,112,107,105,100,124,134,137,117,103,133,133,120,127,144,114,109,132,130,105,112,122,124,125,125,114,132,121,133,122,123,121,121,132,131,108,125,128,124,128,128,108,99,111,124,107,108,120,115,124,115,103,127,125,109,109,119,101,105,116,127,115,106,112,104,108,128,115,120,123,108,103,103,116,118,110
116,110,113,107,114,111,119,116,114,115,107,107,95,102,114,114,123,110,124,115,118,130,121,127,133,133,129,131,129,119,136,125,135,113,126,117,117,124,121,113,126,119,115,112,120,123,143,143,135,129,140,109,133,119,122,119,130,124,114,119,133,127,156,143,135,124,139,130,129,124,133,132,134,137,136,125,121,118,137,134,130,121,130,129,136,132,121,119,109,108,112,125,130,122,139,127,129,114,138,123,135,133,127,124,133,137,138,133,128,129,155,133,123,117,146,137,145,142,144,135,150,153,138,134,134,133,147,136,113,113,136,133,143,138,147,125,130,125,121,125,124,130,143,123,121,124,135,114,115,122,130,131,126,140,133,139,139,121,149,126,128,125,138,136,133,146,144,129,138,140,140,139,132,110,146,129,120,115,130,133,130,146,142,124,127,110,128,129,123,116,138,127,111,130,132,115,121,130,132,119,114,114,125,133,134,130,142,125,119,108,123,131,132,137,139,129,143,142,134,123,122,135,141,124,109,101,116,144,137,138,134,110,127,124,114,119,131,117,101,104,113,121,115,120,121,116,125,112,108,110,112,109,111,114,106,104
131,129,124,128,131,129,133,133,139,135,126,123,140,126,120,127,122,138,121,114,110,125,121,127,126,134,132,132,138,147,145,122,121,134,141,141,140,143,148,151,149,147,136,143,141,166,131,110,120,120,134,154,155,153,145,154,145,143,145,145,143,161,129,114,118,118,132,145,141,148,151,139,147,145,136,140,144,145,137,125,121,122,138,150,143,150,142,144,144,135,135,127,129,144,144,137,119,125,134,149,157,139,137,141,143,133,128,141,136,133,120,121,124,125,123,149,148,146,148,137,139,140,138,138,141,142,116,125,109,111,107,130,117,123,127,126,127,124,131,133,128,134,108,107,106,109,103,138,129,133,122,123,133,116,130,140,128,135,95,103,103,110,94,130,123,126,123,120,126,116,119,122,126,138,93,105,105,105,94,125,128,111,115,121,130,122,128,119,123,132,106,136,112,102,94,118,105,121,112,118,114,117,118,123,130,137,104,136,97,105,103,126,112,109,112,125,118,111,112,114,113,112,99,134,127,113,96,129,114,91,93,109,103,114,131,140,131,102,105,141,128,124,104,115,110,127,118,130,132,134,132,135,141,131,123,124
126,136,140,138,134,135,132,129,132,131,131,126,113,121,123,133,134,137,137,127,122,122,118,116,117,120,129,128,121,123,123,131,130,137,139,135,130,125,120,121,121,133,134,129,118,119,128,125,132,137,140,129,129,118,122,129,128,142,126,126,112,119,129,127,133,131,139,141,135,126,115,115,131,127,129,129,133,133,136,121,138,129,126,144,130,116,126,130,136,135,124,125,127,122,134,128,138,133,130,141,121,125,127,128,137,133,130,123,132,134,128,127,140,130,126,142,129,123,121,119,125,127,135,135,125,132,129,138,142,135,135,149,142,138,128,134,128,139,138,131,136,139,139,148,145,136,141,138,139,128,126,129,128,128,126,134,131,141,137,147,140,127,131,157,141,134,135,131,131,136,133,144,147,154,139,143,134,128,136,155,138,146,141,144,153,148,140,139,139,147,138,142,149,138,143,151,142,144,141,129,129,143,133,133,141,145,138,131,139,148,138,146,142,137,141,146,139,137,140,132,139,143,134,127,126,136,139,146,141,130,130,131,121,121,126,128,127,120,115,127,133,134,137,147,129,139,132,127,127,125,134,149,137,133,129,122
123,131,128,127,120,119,123,122,126,124,117,122,134,132,131,118,123,128,135,128,118,124,118,120,123,117,117,116,126,128,129,120,120,123,138,120,112,123,120,112,110,113,111,114,130,140,126,115,118,117,126,124,130,125,124,124,129,125,121,122,130,139,121,116,122,127,122,122,122,114,112,110,111,118,122,122,124,126,120,114,125,128,128,123,109,115,118,118,130,125,133,130,128,122,124,122,125,129,128,115,121,115,125,119,134,126,127,135,139,142,127,124,126,130,131,133,121,112,126,127,132,123,122,117,135,135,126,128,126,133,132,119,125,112,121,118,125,117,120,121,135,134,133,136,134,132,131,121,112,127,127,123,118,128,120,125,134,133,136,143,135,136,130,121,116,118,122,118,113,119,123,125,127,127,126,132,137,133,131,118,119,127,122,114,111,105,117,122,128,129,123,136,127,126,123,118,114,124,116,124,124,127,130,123,131,130,121,120,128,115,126,131,136,126,120,123,110,113,117,129,138,124,125,130,128,125,125,134,121,117,122,127,131,133,122,117,125,120,124,139,128,123,117,126,140,122,117,114,116,129,119,125,126,134,138,139
118,106,121,123,121,119,122,124,120,124,128,124,126,119,118,125,120,139,115,124,125,142,128,122,123,133,131,134,127,120,127,120,122,158,131,127,133,135,132,123,131,121,128,136,120,109,131,131,125,142,134,104,110,140,116,128,122,132,128,137,126,126,127,127,131,149,137,110,122,129,136,146,124,123,141,142,144,120,117,133,125,137,130,102,122,111,110,120,110,122,120,139,138,125,117,123,135,144,127,112,118,133,127,135,117,118,136,125,123,125,134,124,129,138,134,109,120,123,118,137,133,125,120,132,131,126,134,129,134,138,136,125,121,123,128,129,118,130,128,122,141,129,125,122,132,137,140,108,132,122,129,133,132,120,129,127,131,125,124,128,132,137,130,128,136,123,125,127,128,120,117,131,127,117,127,131,132,131,132,100,104,107,119,121,112,109,125,144,136,135,126,125,133,127,123,111,133,127,120,115,124,121,124,143,135,126,131,144,121,130,113,130,133,135,133,138,138,131,117,116,112,122,129,112,125,123,130,121,117,114,111,119,117,111,122,123,122,118,127,99,139,133,124,117,115,125,125,124,122,134,126,111,115,121,128,130
134,132,123,123,123,129,130,124,133,137,144,144,126,128,139,128,122,115,116,103,125,114,117,106,118,116,128,128,128,134,128,125,129,113,118,106,121,118,122,124,113,110,123,124,128,125,124,138,130,136,128,123,125,128,131,119,125,129,135,126,133,131,134,139,141,142,133,130,142,136,135,122,117,127,128,140,138,132,133,134,141,133,124,128,125,136,128,131,130,137,131,135,135,138,147,132,137,135,140,138,132,135,138,140,145,139,131,140,142,132,145,145,136,134,146,137,133,125,134,126,143,136,129,142,143,133,134,132,149,130,127,123,139,122,140,143,141,123,135,120,135,124,130,145,145,127,132,137,120,114,120,128,133,130,122,131,129,144,140,139,142,125,128,136,129,128,129,127,139,136,144,139,132,141,134,137,134,129,133,134,138,134,142,137,137,127,142,129,109,145,128,136,130,122,124,130,119,121,117,131,139,124,127,126,112,128,125,136,135,116,110,105,127,117,118,126,133,130,144,146,132,118,120,131,117,132,114,101,131,132,131,134,135,138,153,149,133,119,125,133,126,139,119,123,123,134,136,133,144,133,151,148,137,140,135,137
145,142,139,142,137,127,130,131,134,135,135,139,130,132,138,139,128,140,150,141,132,140,134,133,127,130,131,130,143,142,142,136,134,132,163,141,143,141,136,138,136,128,141,145,141,136,132,131,126,130,146,142,131,123,120,128,126,126,131,137,132,131,135,145,128,136,148,147,143,142,137,122,142,126,127,136,135,123,139,143,121,130,151,141,137,132,143,124,123,114,109,113,126,121,130,146,130,135,142,131,124,123,125,126,135,122,119,125,139,133,126,136,131,141,134,134,126,126,130,127,121,119,136,128,142,134,128,140,131,134,140,155,143,132,145,138,125,126,128,130,131,116,130,126,129,134,136,140,119,111,122,116,116,117,114,114,137,131,124,126,123,134,133,133,119,123,124,126,126,121,124,134,147,133,132,122,136,147,136,147,137,132,133,137,126,131,124,121,113,125,140,133,129,136,123,146,136,127,117,118,119,120,115,123,124,134,127,130,130,141,134,130,121,119,118,132,130,126,115,111,116,144,142,141,135,129,134,149,139,122,124,126,111,112,128,140,141,127,126,141,125,143,124,148,119,138,135,132,119,117,115,115,129,126,124,119
133,131,132,134,122,128,123,123,129,123,125,121,123,132,132,125,114,112,120,135,123,120,128,124,128,119,123,126,141,125,117,117,118,121,123,116,108,110,105,113,128,132,125,116,125,137,112,117,125,129,127,131,131,108,125,121,125,133,119,122,123,133,119,113,118,117,119,134,113,110,95,97,122,120,105,118,125,126,121,121,123,117,122,141,109,106,116,106,126,111,112,107,129,125,119,128,123,115,121,128,117,115,113,114,137,138,117,124,139,135,122,109,127,112,124,138,107,111,118,114,124,127,129,124,136,132,121,120,130,124,124,140,122,126,118,113,124,132,128,126,122,131,123,137,129,130,133,146,118,127,124,116,123,128,123,125,132,131,130,133,124,130,135,131,118,128,129,117,139,142,120,124,135,138,122,133,128,128,141,141,121,129,130,123,139,136,127,132,143,132,119,149,140,136,144,146,134,136,129,129,137,146,141,133,138,136,131,144,136,123,134,131,125,138,124,132,142,140,146,147,146,120,121,133,144,129,136,122,122,137,137,140,142,136,131,145,144,121,122,138,128,129,136,120,134,126,131,134,152,138,155,147,132,129,132,117
112,112,138,139,128,134,130,127,131,123,125,120,125,126,110,121,104,114,111,134,130,141,138,131,131,132,129,125,136,144,110,112,123,108,108,123,119,125,130,130,148,143,121,129,133,146,119,117,134,117,123,143,124,123,120,130,136,135,133,140,130,138,127,123,131,114,127,144,135,132,135,136,140,137,135,136,127,138,145,139,123,115,129,139,129,127,140,132,135,131,141,125,124,140,148,133,125,125,133,140,122,127,134,130,138,131,130,131,129,138,118,125,126,128,125,137,139,142,140,149,136,125,148,125,132,147,127,122,134,134,117,127,125,135,135,137,138,128,135,141,128,131,122,122,120,130,131,136,135,140,141,133,126,132,135,132,135,137,125,114,122,130,120,135,134,130,134,133,141,133,133,133,135,133,124,115,128,146,134,130,137,134,125,134,139,139,136,135,134,134,134,143,116,146,122,133,133,133,150,137,135,146,135,132,125,135,120,125,118,118,122,134,135,136,128,121,130,131,128,125,122,131,134,130,125,140,128,135,129,130,126,139,126,128,109,125,122,122,133,127,139,132,125,136,145,116,125,125,123,130,122,135,146,128,135,145
128,141,132,130,120,126,131,121,125,121,126,131,147,144,153,119,169,159,139,146,133,145,142,141,129,127,125,122,120,122,168,167,133,168,141,155,138,138,147,136,155,154,149,131,143,149,144,137,131,123,135,134,146,128,119,128,135,138,142,145,145,141,140,130,124,121,144,151,140,133,146,141,149,148,124,139,140,130,142,123,120,126,142,134,139,155,132,121,123,121,115,120,133,138,133,123,121,127,132,131,127,150,138,133,125,144,124,131,126,121,127,115,125,125,137,124,132,130,141,147,138,141,132,122,139,135,133,110,126,110,126,154,140,141,149,146,129,149,127,126,118,120,119,112,117,118,136,127,132,148,126,129,114,121,123,122,115,125,120,110,121,122,129,124,122,128,113,127,119,127,129,135,136,162,139,131,126,120,139,135,152,147,142,164,157,138,134,130,138,145,136,149,109,118,130,155,155,132,119,147,150,125,132,128,136,136,142,135,123,129,149,116,127,137,129,150,135,124,144,156,161,164,148,116,144,157,158,126,141,155,156,151,152,149,140,132,140,165,153,86,101,134,157,122,158,153,142,141,124,125,118,117,117,120,125,99
121,132,136,148,142,143,147,161,162,163,160,156,142,138,123,119,129,130,130,141,146,153,163,163,150,145,157,157,144,132,137,145,133,143,143,131,142,149,135,141,142,140,137,122,119,122,130,159,135,138,128,126,128,117,123,125,130,129,112,120,121,117,124,165,147,156,147,136,144,143,129,128,136,135,132,132,133,128,129,162,140,153,143,126,140,130,131,131,130,125,129,123,124,118,125,150,143,151,130,114,127,122,110,124,127,123,123,116,121,119,148,164,144,148,139,118,131,134,139,120,130,135,138,134,130,129,143,159,113,122,120,136,149,137,133,124,123,127,139,125,114,117,116,124,110,123,114,119,130,114,114,115,122,116,107,117,112,101,109,113,109,121,116,111,108,109,105,117,114,121,113,123,116,106,119,99,111,113,116,126,127,136,124,117,132,130,120,123,119,121,127,119,96,115,115,138,128,134,132,127,126,130,111,112,112,120,128,135,99,114,126,111,112,122,116,107,103,119,131,132,138,142,126,128,142,106,113,116,130,139,141,141,138,146,150,146,154,140,125,129,103,117,134,142,151,148,157,145,134,135,130,126,128,125,109,109
127,130,136,142,140,142,137,133,134,126,128,123,134,138,126,128,138,128,126,133,130,135,143,138,137,128,124,118,117,119,122,133,132,113,117,130,118,117,115,131,117,126,123,136,126,128,112,132,126,122,119,136,124,131,132,131,130,131,130,119,118,125,123,131,129,123,119,142,135,121,126,111,114,112,106,129,125,120,115,110,135,131,118,135,117,126,136,139,129,132,130,146,135,118,121,115,139,131,126,133,124,124,125,135,140,138,130,144,136,129,137,129,142,131,138,149,119,123,127,126,123,135,129,140,137,123,130,128,125,131,126,137,120,127,121,127,133,124,126,130,136,124,118,125,126,132,134,149,120,126,134,135,132,140,135,136,132,126,134,123,133,135,133,147,130,134,132,134,133,130,129,128,126,122,134,126,133,139,140,141,128,128,123,124,118,120,125,126,127,124,145,141,136,139,135,127,118,122,132,134,126,123,136,129,132,129,141,126,146,139,136,143,139,132,128,131,136,130,134,133,134,123,142,133,138,147,146,140,142,137,139,143,142,139,134,122,116,132,147,128,121,110,139,125,130,120,115,124,111,107,115,118,114,110,115,138
127,131,123,118,122,117,116,121,125,126,123,126,139,135,121,137,135,129,135,120,123,116,117,111,112,115,122,127,129,128,131,127,134,122,141,127,128,118,123,124,118,122,124,125,128,128,143,127,133,128,135,127,128,127,125,123,127,138,137,128,130,136,141,124,140,130,135,131,132,130,124,135,124,127,132,124,124,129,142,125,137,129,136,125,139,118,121,135,134,138,129,120,133,119,139,131,145,128,138,128,133,133,137,138,124,113,129,118,120,124,134,125,143,131,136,121,128,119,114,116,118,130,130,125,122,123,132,130,135,137,132,131,128,127,108,117,117,128,127,120,136,129,129,128,135,131,119,123,135,119,124,122,126,122,128,126,116,123,122,125,128,127,118,128,134,113,126,122,113,114,115,114,119,131,122,126,126,129,118,130,124,116,123,120,117,132,124,125,120,144,123,136,133,125,111,119,124,131,134,141,130,144,124,116,124,126,129,137,125,131,113,123,128,119,126,130,112,109,109,111,124,129,130,135,135,129,116,123,122,116,114,119,115,113,115,113,126,129,124,142,142,141,147,156,147,127,119,126,124,126,133,144,139,133,129,132
115,118,122,115,120,119,124,120,127,130,125,122,121,126,109,112,119,115,100,122,119,120,124,134,123,120,114,113,117,109,98,118,119,122,111,132,118,124,132,133,127,122,128,129,130,131,117,124,124,111,120,121,114,124,129,130,123,119,123,120,117,128,127,131,129,122,120,128,112,116,128,126,123,126,119,126,132,131,135,130,139,123,139,138,123,126,126,126,118,129,121,138,127,125,134,130,130,118,129,132,134,133,125,135,126,136,123,126,122,119,133,134,133,121,125,124,130,133,129,121,123,125,114,117,116,122,135,137,137,138,136,135,143,145,145,132,131,135,126,127,124,133,159,146,138,133,139,141,138,131,129,121,119,128,125,127,129,125,148,143,144,133,145,135,127,131,124,124,129,132,128,129,118,131,138,135,143,131,130,133,138,132,135,136,132,116,132,134,122,139,141,129,144,145,145,134,132,135,138,134,133,117,128,130,123,132,133,132,143,148,146,133,140,128,134,146,126,118,124,120,126,129,116,129,136,115,121,123,136,131,128,130,125,122,125,123,127,129,126,128,124,120,107,123,115,124,128,133,138,130,129,119,131,132,136,128
134,119,114,129,123,123,122,124,120,120,121,117,133,128,126,138,101,119,142,146,138,139,120,124,126,129,130,116,123,132,120,121,117,119,140,148,141,134,138,153,141,132,138,133,140,144,112,113,121,118,136,139,138,130,140,132,143,137,131,132,145,135,121,126,120,123,131,141,141,154,133,133,142,135,136,125,135,129,135,130,118,128,137,129,126,120,128,131,131,114,129,122,129,123,135,141,119,133,136,135,131,109,121,131,150,144,148,138,142,140,127,134,124,133,137,152,139,131,129,146,154,140,143,143,145,130,133,132,127,126,129,147,129,131,122,119,122,128,129,123,139,134,127,127,119,125,123,126,121,112,126,124,123,125,134,139,134,141,133,132,120,125,120,117,130,133,138,138,139,140,147,126,152,139,145,135,125,129,122,139,145,120,132,143,126,129,125,124,129,118,140,109,124,125,120,118,138,142,138,132,111,109,120,139,147,133,137,113,117,130,136,125,127,135,139,140,135,133,133,124,123,136,142,128,115,127,142,138,134,141,140,129,122,126,142,130,135,132,115,141,136,125,132,133,116,135,126,141,130,121,132,124,133,140,134,130
140,127,130,129,134,133,132,135,138,138,137,132,141,144,143,146,148,144,130,119,123,120,130,135,139,134,132,134,120,112,132,147,135,143,116,120,126,119,121,120,120,118,129,124,115,117,124,132,134,137,127,111,118,121,117,113,128,121,117,119,117,116,121,141,134,143,130,110,123,116,141,128,137,130,138,135,128,117,126,147,137,146,128,116,133,126,120,124,113,117,123,133,118,116,123,132,134,149,128,116,116,125,116,125,113,113,117,128,121,120,123,135,132,148,131,117,144,135,130,134,110,128,129,129,126,124,120,131,130,150,133,114,129,135,131,131,126,118,137,129,132,127,132,132,123,151,134,115,131,131,130,149,128,129,135,126,119,119,131,135,123,149,128,112,123,132,133,129,130,120,120,129,125,110,132,126,129,146,137,112,103,130,128,107,128,124,125,134,128,108,123,133,126,142,141,125,123,136,129,112,126,113,124,133,131,121,139,122,125,123,131,118,124,134,134,131,132,138,132,127,122,129,124,126,126,110,123,125,129,122,120,123,130,126,125,127,126,121,125,120,137,106,114,133,134,127,127,133,128,111,131,125,124,119,138,137
122,121,121,117,117,116,118,117,118,116,121,124,129,131,136,120,127,121,124,128,132,118,116,108,107,120,115,117,123,126,137,135,116,140,133,120,124,112,116,119,119,115,103,110,124,126,127,137,127,143,130,136,121,118,125,121,115,118,120,112,129,137,119,126,126,133,126,118,120,99,122,112,107,106,107,111,112,117,111,122,125,131,114,116,122,108,102,108,102,112,120,125,117,131,112,102,126,131,114,119,125,119,120,117,113,103,99,119,111,122,131,118,123,123,129,123,112,104,107,111,111,104,121,113,107,114,122,118,139,130,135,133,134,133,122,122,118,123,120,119,122,126,118,137,133,133,135,129,128,129,121,125,120,124,129,129,114,112,120,130,132,125,131,129,121,117,117,118,102,108,118,123,124,110,119,133,126,123,136,125,120,110,113,113,110,120,119,125,118,115,111,120,122,118,120,121,120,119,122,116,114,123,127,116,122,125,112,122,122,125,122,110,111,115,116,107,104,113,110,131,134,126,119,116,120,130,119,127,116,118,127,124,119,130,121,118,128,146,140,114,112,109,124,136,132,103,117,109,111,108,113,112,111,112,115,127
133,131,124,127,131,121,122,131,122,126,134,134,136,118,119,139,148,138,135,129,135,128,138,137,135,124,138,136,128,132,128,129,124,126,143,138,131,131,132,138,146,147,135,127,126,126,136,114,128,129,151,141,140,129,131,139,145,145,133,129,136,133,138,107,121,138,141,140,138,138,131,126,149,160,137,137,124,127,146,116,110,125,134,135,143,127,120,123,139,134,130,129,125,131,141,120,121,118,142,129,140,138,121,131,120,122,131,127,123,131,125,111,113,113,141,132,143,139,136,138,145,146,162,147,153,143,137,112,110,124,142,145,152,164,155,139,130,132,143,136,137,132,130,115,104,130,148,130,130,139,133,122,109,120,123,122,127,120,135,112,98,124,135,114,129,136,128,121,127,151,144,147,141,124,126,111,101,113,145,130,131,141,134,122,150,159,149,135,130,120,135,119,116,119,123,142,135,150,134,119,125,142,126,145,135,137,128,147,119,118,139,121,127,129,125,130,135,137,137,132,133,153,133,146,157,143,138,139,134,134,136,139,143,145,158,154,146,132,126,145,147,149,154,142,142,146,141,146,152,140,140,133,142,147,136,144
126,119,114,117,120,116,114,118,111,116,118,126,125,133,140,135,120,142,131,135,128,132,132,139,135,136,145,139,135,131,134,134,122,131,127,119,130,131,137,129,120,126,122,123,126,125,132,141,125,128,116,121,123,137,138,131,126,129,128,137,135,129,140,141,126,132,131,120,122,118,126,134,117,121,124,127,117,124,125,124,125,134,124,130,124,131,130,126,120,122,134,129,127,143,137,130,126,129,133,141,133,135,128,131,126,130,129,127,124,130,142,145,127,132,132,142,127,132,134,139,144,123,119,119,127,130,143,139,116,126,120,131,128,128,123,131,130,137,132,121,124,133,135,134,121,121,118,129,126,127,126,130,130,132,131,129,134,131,143,135,118,123,127,136,127,122,127,134,131,128,122,121,124,133,143,127,125,130,127,139,127,131,128,137,132,124,117,127,130,123,133,127,123,125,122,132,120,120,121,116,121,117,113,117,116,126,132,133,122,128,122,132,124,123,122,127,134,129,134,132,125,119,140,133,123,139,134,121,136,128,129,131,125,120,125,135,127,123,140,134,135,139,126,131,123,133,131,124,121,116,128,122,124,132,134,132
127,133,123,116,114,112,116,114,108,109,107,117,128,125,125,125,127,123,130,113,121,119,117,115,108,116,127,122,122,121,130,123,131,129,136,115,114,107,113,114,117,117,121,109,121,120,116,116,138,128,125,121,123,118,109,116,117,120,124,118,119,119,120,121,139,140,136,126,121,131,118,122,122,117,123,130,128,121,131,137,142,138,134,126,126,127,125,127,126,128,123,130,122,123,131,135,138,136,139,126,125,125,119,123,130,118,125,131,129,129,123,134,140,140,140,134,133,128,131,127,129,121,135,135,133,140,131,126,116,123,124,129,115,120,120,128,129,129,126,126,110,110,114,118,120,115,115,133,116,116,113,118,124,117,116,120,117,116,112,118,116,121,116,120,114,115,111,114,118,120,127,126,127,122,114,117,116,126,117,132,127,118,113,120,125,123,129,124,125,123,116,141,119,126,119,135,130,129,129,131,129,135,134,124,120,121,106,142,129,134,128,119,127,119,121,118,116,130,125,123,125,129,119,138,142,148,127,117,121,118,117,124,122,131,136,135,133,133,123,146,136,142,133,120,121,137,136,131,143,160,149,150,146,142,134,134
129,128,115,117,126,125,124,124,127,128,131,128,115,122,124,132,127,128,130,140,134,126,130,129,131,133,126,125,124,131,141,134,125,133,147,136,139,142,132,141,142,141,146,145,127,130,154,130,120,133,146,143,137,142,135,134,145,143,136,136,134,124,142,127,132,125,138,138,127,139,129,123,146,137,131,135,129,119,140,114,130,128,137,126,134,131,129,124,134,138,131,126,121,115,144,120,129,127,139,125,124,117,119,123,133,120,125,126,121,128,146,114,123,120,137,142,135,136,125,117,124,129,129,130,127,136,136,123,120,118,134,133,126,126,124,118,118,125,123,126,114,127,133,124,124,124,133,136,118,120,129,128,129,124,131,124,132,123,135,128,126,125,126,134,123,131,127,125,132,124,126,127,134,125,134,132,120,125,126,144,128,130,122,119,122,133,133,130,127,119,130,127,115,121,127,141,130,138,138,127,127,130,133,128,130,129,136,123,121,116,121,137,130,133,143,136,137,123,128,128,132,130,127,117,135,121,126,157,141,133,135,131,135,136,129,130,123,144,140,132,135,134,139,159,148,133,134,139,135,123,122,117,117,131,132,129
125,110,114,116,125,121,120,119,117,118,122,121,108,119,105,121,97,104,105,113,111,107,103,112,108,108,110,106,106,123,102,109,111,114,118,134,126,128,120,124,126,124,139,131,130,128,113,118,126,115,124,144,137,136,129,133,142,137,130,138,121,131,118,128,124,117,120,126,126,128,122,118,122,126,106,126,123,124,137,126,129,123,129,134,129,142,137,125,135,137,137,121,120,134,134,139,125,125,131,130,131,131,131,115,130,123,122,115,122,130,113,129,133,124,121,131,120,130,128,130,133,120,123,116,124,127,117,139,131,128,131,145,137,124,141,141,132,127,121,134,120,136,127,127,130,128,132,144,123,134,132,129,137,128,125,120,131,143,126,134,125,131,128,138,124,128,115,131,137,131,132,131,131,138,129,125,127,127,124,135,136,129,131,135,138,128,147,144,126,151,137,122,123,121,123,131,132,126,112,143,136,114,142,131,134,139,132,138,115,114,125,137,149,130,127,145,132,119,123,115,123,129,124,142,130,118,116,135,129,118,126,130,129,133,141,131,139,125,119,136,136,135,120,122,122,140,130,124,126,129,124,125,143,140,138,142
118,98,123,131,125,123,123,118,121,120,110,109,141,137,112,126,88,112,116,114,109,109,113,113,104,114,111,112,115,121,113,92,132,106,124,130,122,112,113,117,118,118,114,112,119,129,114,119,131,129,124,130,121,115,109,117,113,124,118,123,127,115,114,110,122,125,126,123,121,118,110,110,107,103,107,88,103,109,120,114,128,135,120,121,114,112,106,111,119,123,109,112,117,118,114,122,121,139,126,125,123,114,107,111,106,109,120,111,123,117,125,131,121,135,131,119,112,103,106,114,102,107,99,101,124,118,121,128,127,141,127,102,94,89,100,99,101,105,105,106,117,123,118,131,126,133,123,119,112,110,112,112,117,108,115,112,130,117,122,127,128,132,121,128,117,101,112,109,108,93,99,105,109,110,134,133,125,131,126,110,109,105,102,100,98,108,103,100,124,111,130,121,136,129,120,109,107,115,108,102,96,105,101,106,117,99,117,132,120,122,106,122,112,123,118,122,126,112,114,122,123,130,126,130,135,134,122,113,116,118,121,122,121,124,133,140,141,130,132,128,132,135,135,123,127,137,126,130,135,137,137,145,145,136,136,141
135,130,130,127,133,132,129,128,122,118,108,105,115,119,120,124,131,116,126,115,127,115,118,119,106,108,111,111,101,104,106,125,125,124,111,106,108,110,111,119,109,119,123,125,116,118,111,120,129,119,113,120,132,115,116,119,109,128,124,108,109,118,110,122,133,127,113,111,113,115,115,126,118,124,122,117,127,128,119,122,136,127,124,131,132,136,121,113,130,128,127,132,131,131,117,120,135,122,122,128,127,134,134,121,118,122,126,118,129,127,113,117,137,124,122,126,103,114,115,115,128,120,109,111,115,114,114,114,129,121,116,116,109,109,110,108,119,114,107,129,122,123,105,117,132,120,120,124,118,134,125,121,138,134,122,129,112,114,109,120,135,121,122,121,125,112,122,113,120,111,107,108,112,125,114,120,133,116,124,112,115,106,104,117,116,125,121,121,138,141,116,106,132,122,127,113,119,122,121,138,146,132,142,131,125,127,115,114,114,117,131,120,139,120,129,127,124,128,112,115,115,113,110,116,109,120,115,111,115,105,111,114,114,119,122,122,120,112,116,114,119,107,110,101,112,118,119,117,114,126,122,132,126,114,102,112
127,129,143,139,148,137,131,135,130,134,134,138,131,129,121,136,132,128,120,151,138,140,136,142,143,136,132,133,131,140,125,130,153,120,118,130,119,117,127,130,118,122,129,119,132,138,136,148,140,147,127,130,118,115,126,132,128,122,118,116,119,134,133,139,135,140,131,122,109,120,117,116,119,111,126,126,138,134,145,132,134,144,124,129,118,118,123,109,124,124,127,138,133,123,141,124,132,137,134,136,121,124,120,123,129,119,115,126,126,119,135,135,136,136,127,134,112,120,109,117,120,128,116,128,121,123,137,138,130,144,135,143,123,127,120,115,125,125,124,136,124,125,148,126,135,144,130,143,115,121,133,126,133,133,127,132,112,114,128,135,130,148,135,134,121,122,127,111,131,128,117,121,122,123,138,131,126,151,136,141,122,126,130,122,129,129,135,143,157,144,155,131,134,148,140,147,129,134,147,128,124,133,139,128,146,141,158,140,138,136,115,150,145,127,127,129,124,137,147,149,146,133,162,153,153,144,141,160,156,143,141,142,152,146,127,132,126,148,159,152,138,140,129,151,134,141,141,135,125,110,122,121,114,119,120,126
126,112,120,122,123,124,131,136,133,136,139,133,140,131,129,137,112,118,124,117,128,124,130,136,142,136,145,144,144,141,138,130,125,121,116,136,129,125,128,128,133,138,134,127,128,132,145,138,137,135,130,119,136,134,126,130,130,127,138,128,142,131,145,139,127,136,137,133,128,131,136,140,123,124,132,114,125,135,131,117,133,136,136,124,132,124,122,137,125,128,135,119,134,133,131,121,131,133,135,143,134,131,123,118,125,133,131,130,134,127,138,126,131,133,133,132,129,134,126,126,125,133,130,126,121,120,138,124,123,126,139,114,117,134,130,118,124,128,117,117,118,124,127,117,127,125,134,130,128,129,134,125,121,127,126,125,123,119,129,123,123,131,137,122,124,125,135,123,126,124,110,114,107,118,126,121,120,127,134,118,128,125,122,126,121,119,117,108,121,121,124,128,115,120,129,120,125,121,116,118,108,119,124,129,139,120,127,140,129,112,117,130,126,132,129,123,118,131,135,133,136,123,113,160,136,130,122,127,139,131,132,139,136,139,132,140,141,133,124,141,132,148,131,131,137,134,140,152,144,134,133,143,135,139,148,133
124,128,138,128,131,133,129,129,128,131,134,128,124,126,125,129,130,138,127,124,128,128,134,126,133,121,122,125,142,125,143,135,128,140,140,135,129,130,126,113,129,131,127,127,128,122,132,124,128,129,135,128,126,133,123,126,138,129,133,135,139,134,126,126,123,127,121,117,118,123,121,132,120,126,125,121,127,126,127,130,122,118,120,124,126,124,120,120,129,135,135,129,134,128,117,131,127,117,126,123,128,124,119,130,126,132,135,133,126,123,123,124,132,121,129,125,130,129,120,126,129,125,127,126,124,127,124,121,134,126,126,115,116,131,123,126,125,126,120,133,136,127,112,119,133,122,127,131,133,131,122,133,121,132,136,120,130,131,116,122,124,115,119,123,119,124,123,136,123,128,121,122,121,121,120,128,124,115,118,116,115,113,118,121,116,113,122,132,129,123,123,125,122,112,122,122,122,124,121,124,132,116,129,131,124,119,120,121,133,119,111,118,120,125,126,115,132,127,118,123,128,117,113,135,123,126,114,116,114,117,123,127,134,127,125,125,119,127,137,134,137,131,120,126,118,136,128,130,132,129,136,133,142,140,140,136
149,124,125,124,129,126,127,126,120,117,119,128,118,124,118,133,121,116,132,134,141,134,129,126,127,129,126,135,138,130,126,118,130,133,139,131,126,129,112,120,115,119,131,126,123,129,130,124,132,122,125,115,127,114,116,122,113,113,130,107,106,133,127,122,132,129,127,113,122,109,128,110,108,117,110,122,129,117,124,139,129,124,131,122,114,111,113,108,121,120,114,131,119,113,125,138,122,128,133,122,120,118,113,120,123,117,124,122,121,113,133,131,122,130,133,123,116,110,123,122,132,110,110,112,110,100,125,131,117,130,127,113,112,117,113,114,119,109,108,120,129,109,125,124,116,125,126,120,117,118,123,118,111,114,109,117,116,105,134,127,119,123,127,118,124,112,121,128,117,107,116,105,111,119,135,132,120,123,129,121,119,104,102,121,110,110,126,114,114,117,129,111,106,121,120,123,130,118,117,117,123,125,119,126,119,122,113,123,131,108,118,122,114,110,114,121,111,116,127,133,131,117,105,118,135,119,126,127,135,120,132,126,119,119,128,122,116,121,121,116,140,128,114,109,109,126,114,122,119,125,137,135,131,132,127,153
102,102,128,126,119,128,122,117,116,120,128,112,126,121,96,111,114,158,125,116,126,111,126,118,108,124,125,122,134,143,105,108,128,132,136,151,155,149,146,165,139,148,134,131,149,171,136,120,127,131,144,198,185,148,162,165,153,166,157,149,158,156,136,113,126,132,140,193,167,155,146,140,144,143,155,135,148,150,155,109,127,138,144,178,160,160,154,160,164,151,152,139,134,165,153,110,123,130,140,166,149,152,160,157,163,156,143,161,152,134,118,107,134,125,137,166,154,156,138,144,146,172,167,169,168,155,129,108,114,125,138,171,150,144,146,148,124,119,141,138,128,133,127,111,118,128,128,159,150,144,137,127,129,135,128,142,130,140,133,111,123,126,133,144,132,154,153,128,138,152,151,148,144,150,133,112,109,113,117,171,165,154,148,141,151,129,149,134,143,147,122,118,114,119,134,149,137,138,130,131,124,126,136,130,127,137,132,105,99,136,129,127,133,139,133,128,124,104,112,97,103,112,109,94,116,122,119,142,114,120,107,108,101,96,102,99,94,111,102,110,108,104,105,166,121,111,100,93,99,104,100,104,106,102,113,117
141,120,133,131,134,133,134,134,140,138,138,135,119,110,122,136,127,124,137,125,147,130,135,133,133,136,127,133,125,125,125,124,123,133,130,135,131,125,122,118,124,123,121,114,117,125,148,140,120,138,137,133,141,137,116,124,124,131,129,127,123,132,136,129,125,131,127,146,133,130,131,128,127,122,118,126,125,132,120,118,122,129,114,132,134,135,119,123,112,126,127,128,125,140,114,118,123,134,117,135,143,143,131,119,125,130,110,128,141,132,134,129,122,133,128,147,130,134,129,124,133,136,125,124,134,137,127,131,135,128,124,154,137,134,131,126,123,128,120,130,111,131,119,125,130,126,127,128,130,127,119,124,134,129,128,131,121,121,116,133,128,124,128,129,127,117,115,118,120,122,118,120,129,128,122,132,129,131,132,133,136,131,137,128,131,112,120,121,132,124,127,130,136,132,130,117,123,120,117,124,120,119,133,116,129,120,133,129,130,138,131,136,136,127,118,124,124,124,130,131,139,126,126,133,125,152,141,140,133,124,127,133,131,128,138,138,145,134,138,132,128,132,126,127,141,138,132,132,137,132,125,129,124,126,140,130
130,134,104,112,118,105,110,116,108,113,111,120,102,99,135,141,128,119,123,135,131,132,127,130,121,124,139,132,134,137,154,139,123,133,146,117,136,141,135,124,130,124,114,115,114,103,128,129,129,132,133,122,114,120,132,113,123,114,111,139,131,116,126,123,122,127,127,137,133,152,116,130,129,115,128,134,110,106,114,115,118,121,134,118,130,114,132,143,129,102,115,112,134,120,108,117,122,120,122,97,114,118,136,135,136,138,139,141,123,136,117,131,122,119,128,121,123,123,127,139,131,130,148,144,142,141,122,130,132,125,128,121,120,113,127,126,126,127,131,129,113,128,119,123,130,119,119,105,122,129,115,123,119,129,128,111,135,126,117,125,119,114,113,103,119,129,122,132,126,133,137,137,133,123,118,121,113,117,122,142,134,139,131,121,122,126,138,145,124,125,122,109,121,125,110,129,130,133,124,114,112,119,120,133,131,117,126,126,126,135,115,121,118,133,124,91,99,112,114,119,118,138,157,136,129,160,143,131,126,122,124,124,124,124,135,128,128,150,148,119,136,137,156,151,140,135,123,125,128,138,128,129,135,137,130,120
120,111,114,112,120,122,120,123,123,124,128,129,122,128,115,121,126,140,128,126,118,122,112,129,126,132,125,126,128,131,134,125,122,124,133,136,124,130,132,125,135,146,133,134,142,132,129,125,131,130,127,132,134,135,140,130,138,135,141,133,143,127,129,128,135,131,128,126,123,123,122,133,131,140,142,136,145,137,134,136,136,133,137,137,131,148,141,139,144,145,151,142,142,142,139,152,133,135,142,134,133,134,136,128,146,149,144,143,143,129,135,137,140,136,133,135,132,136,136,143,147,144,144,141,144,147,142,143,134,137,133,135,134,145,134,128,137,143,140,148,144,141,134,135,137,138,137,129,135,138,142,140,136,149,155,143,151,141,140,137,136,136,134,140,134,138,135,131,138,133,148,141,150,137,132,136,130,131,130,135,136,129,128,132,131,131,139,140,153,143,137,132,130,139,136,133,138,139,139,132,140,142,133,131,149,147,144,142,136,131,134,143,145,146,151,137,150,146,135,127,130,143,134,125,147,119,140,149,141,128,126,128,123,126,138,136,128,130,120,124,135,130,130,140,124,135,137,140,138,139,144,135,136,131,138,137
128,133,141,133,127,124,122,118,119,123,128,111,108,123,125,119,115,117,129,136,132,122,119,125,128,124,115,111,117,112,113,123,127,113,124,114,110,121,109,110,119,114,110,114,105,109,119,125,131,125,127,115,115,104,115,102,104,109,110,116,113,108,121,120,132,131,128,125,112,110,112,105,112,111,114,110,110,108,124,116,132,132,120,119,112,112,107,103,113,107,102,113,116,115,117,115,124,132,128,111,112,109,121,118,112,114,111,109,126,118,125,116,126,138,129,113,119,118,108,108,106,115,115,116,119,122,120,118,129,127,130,117,110,114,116,111,118,116,109,117,115,114,129,120,128,128,129,112,115,115,107,118,115,118,122,122,127,126,123,126,119,122,125,106,115,114,120,111,121,123,123,133,129,117,124,120,116,125,125,120,114,125,125,111,127,124,120,121,126,117,133,134,119,125,124,128,120,125,115,105,107,114,126,121,125,137,132,120,131,127,120,108,113,113,114,109,120,127,140,137,128,121,131,114,121,142,129,122,134,138,142,139,147,136,143,131,127,115,115,122,121,124,130,114,121,138,124,122,120,117,121,121,124,123,122,120
132,150,133,138,136,131,133,138,153,157,165,180,171,170,172,136,148,184,168,139,150,138,133,122,134,137,133,137,139,131,172,166,138,154,145,120,118,103,98,105,101,101,100,98,93,105,125,149,130,149,126,110,97,92,93,95,96,107,96,91,87,96,108,140,123,141,112,100,88,94,79,88,88,89,88,82,82,92,108,124,119,132,112,108,93,83,87,93,99,99,83,74,89,88,108,116,118,126,115,113,92,76,83,93,82,82,86,86,90,87,121,129,118,123,122,104,94,90,83,83,79,94,97,97,97,92,115,121,135,140,134,120,118,108,93,96,81,94,90,81,90,97,127,139,127,145,137,125,95,93,92,86,87,85,83,92,96,101,135,134,131,145,139,127,102,100,101,105,97,108,104,100,112,127,134,145,130,148,141,125,118,120,116,118,114,117,102,92,100,141,134,149,151,163,157,146,132,129,134,152,149,151,120,116,128,130,156,160,159,175,172,144,141,136,142,142,129,129,137,143,151,173,165,149,168,188,169,162,159,158,152,156,147,142,143,146,157,185,182,116,133,154,166,190,171,150,147,141,134,117,124,112,120,119,138,103
113,134,130,132,134,131,134,135,136,138,137,141,148,138,116,118,119,115,125,132,124,123,125,135,140,145,138,138,136,128,137,124,119,113,133,134,141,128,130,129,127,132,135,123,123,113,119,127,113,127,128,133,140,124,124,128,129,128,135,109,119,126,118,125,115,121,125,121,137,126,126,127,122,126,131,133,128,126,122,127,118,116,120,128,136,143,134,132,135,132,138,130,131,124,114,124,118,113,115,120,137,127,129,125,128,121,131,118,123,125,118,126,116,120,116,126,118,122,123,114,127,111,124,115,110,129,125,122,125,124,114,127,134,130,126,131,131,126,124,129,130,131,115,127,128,124,120,127,141,133,133,129,134,131,129,126,115,121,105,125,126,120,131,129,136,123,138,130,126,119,119,109,120,132,109,123,126,123,122,129,126,124,126,138,132,141,130,129,131,134,120,125,119,116,127,137,140,130,130,135,139,147,137,128,114,113,127,121,125,121,113,129,134,132,133,124,129,128,125,136,135,123,120,118,127,119,129,118,132,132,135,145,141,142,145,139,129,114,119,130,134,124,133,120,152,135,145,139,136,136,125,126,127,129,122,136
127,137,132,134,130,137,136,136,137,135,130,135,129,127,126,104,102,107,127,131,141,139,140,130,133,125,119,126,112,109,146,110,106,129,122,106,99,102,104,109,112,101,118,108,105,103,118,98,110,121,114,111,118,115,115,123,112,106,115,115,113,100,120,106,123,123,114,108,108,111,115,113,121,126,109,120,109,113,117,111,123,125,106,105,115,121,130,123,122,132,119,121,112,113,127,108,120,126,112,113,111,114,118,113,125,123,99,120,108,101,130,108,121,127,118,104,119,124,121,108,112,118,114,111,113,104,123,115,122,134,126,105,107,121,123,113,118,122,109,122,125,118,134,120,116,133,129,115,108,129,126,125,132,121,117,125,103,109,128,111,115,134,118,116,118,127,114,112,118,111,118,120,114,121,128,108,119,141,135,113,122,122,123,114,116,114,122,113,112,110,135,128,122,146,133,120,119,129,127,131,120,117,129,129,126,127,139,123,127,128,114,128,130,126,131,129,124,128,137,137,132,125,127,120,141,116,144,136,139,150,142,139,142,133,124,115,117,136,142,118,112,121,130,111,126,130,118,125,130,127,126,138,137,138,128,116
126,126,134,137,130,132,138,133,130,131,131,126,122,121,107,115,107,115,96,107,126,119,128,126,127,125,128,123,118,112,111,107,121,113,105,122,124,122,124,139,119,119,127,120,121,136,117,122,128,128,127,125,126,128,137,137,130,133,130,122,113,123,117,125,135,130,127,124,132,114,126,121,117,126,121,119,112,126,121,132,129,130,131,127,115,145,130,136,125,133,124,127,114,118,123,137,130,138,123,135,126,128,131,131,133,127,118,126,139,125,121,128,130,142,123,145,138,139,142,130,133,132,127,119,126,124,118,134,130,133,117,128,131,125,122,128,120,119,115,108,124,121,116,135,126,134,121,132,123,120,117,114,123,124,116,122,129,124,119,124,130,127,116,120,117,121,125,116,131,123,124,111,115,117,121,122,133,130,123,134,129,120,122,118,121,112,109,109,103,118,118,119,133,129,119,119,114,115,117,118,112,115,127,119,118,123,119,122,110,123,119,127,125,111,115,124,117,115,116,124,124,112,121,131,128,125,119,116,119,118,130,135,129,138,131,131,138,109,102,125,124,120,131,120,123,140,144,141,146,141,132,137,130,122,121,136
122,120,125,124,128,129,125,124,126,125,126,130,107,104,124,146,119,125,115,127,133,129,128,125,126,121,130,135,130,134,123,132,123,120,126,127,137,133,133,125,135,130,114,127,126,109,123,129,130,128,125,118,127,127,128,126,127,119,128,138,136,125,126,132,133,131,122,139,142,134,122,133,130,136,142,128,135,134,118,134,139,132,119,137,136,119,122,136,122,117,139,132,133,132,120,134,139,132,123,131,125,124,130,128,123,125,140,131,131,123,132,142,141,132,127,128,127,128,130,141,139,137,145,146,140,139,129,141,137,140,129,136,135,131,137,148,140,137,143,132,131,133,134,145,140,138,128,128,133,130,131,133,130,115,134,141,128,131,133,141,135,141,137,127,127,127,136,138,137,142,147,150,142,141,128,139,132,141,135,135,149,139,136,144,131,145,135,153,142,132,127,134,134,129,131,126,135,137,127,119,118,118,118,129,128,132,135,124,134,138,137,131,125,135,130,127,129,133,126,129,127,149,146,136,121,136,134,133,129,133,131,124,119,124,122,122,119,145,141,139,125,121,136,142,150,128,114,119,120,118,120,121,115,126,134,127
99,112,113,118,113,113,122,117,126,129,127,123,138,128,114,105,113,147,118,133,114,136,122,131,131,135,120,119,123,136,122,121,104,138,136,135,133,113,124,138,138,132,140,143,137,147,119,111,116,124,128,147,136,129,128,134,130,141,137,145,133,133,126,103,111,129,130,138,117,140,127,126,140,133,125,126,135,129,135,112,119,129,126,143,131,125,137,130,150,145,138,127,128,119,128,113,112,132,125,144,122,124,132,130,150,147,133,133,129,125,136,123,115,125,129,130,126,126,111,128,124,136,144,137,137,129,134,115,124,139,135,155,132,148,145,145,146,148,143,147,136,136,142,122,119,136,137,148,150,144,145,137,145,146,147,140,129,147,134,129,120,133,127,141,147,147,142,133,150,155,150,149,142,154,133,120,118,130,127,150,150,146,150,152,156,149,155,143,142,144,141,126,106,128,115,146,138,142,137,147,135,131,137,133,139,126,142,107,115,128,122,134,140,135,130,137,134,136,139,124,119,133,136,104,121,117,135,129,137,133,125,125,140,132,115,112,106,134,124,110,114,113,119,138,126,120,107,114,114,111,114,126,120,111,114,112
152,134,141,140,137,141,141,143,144,145,146,139,142,137,138,161,130,123,142,136,148,135,135,134,131,132,126,134,123,117,128,134,142,125,135,126,134,125,124,127,129,133,133,131,120,128,128,130,126,130,126,115,123,114,127,115,118,123,129,111,110,112,125,132,134,128,122,109,117,114,116,133,128,130,129,123,118,119,136,136,132,136,131,125,136,139,122,119,132,130,134,131,109,127,140,131,132,133,129,126,127,116,129,123,131,124,137,118,115,123,125,138,131,130,126,121,132,124,125,121,133,129,124,122,107,110,124,139,128,131,130,118,122,121,122,124,130,128,121,131,114,120,135,140,125,130,125,121,125,128,121,132,127,125,118,129,106,120,130,134,131,131,125,122,117,122,116,125,123,121,128,125,114,126,126,135,125,122,114,116,133,124,118,128,125,124,126,120,121,134,126,123,137,132,126,125,135,138,136,145,138,130,133,127,124,130,131,135,140,142,142,134,128,135,137,130,130,126,130,127,133,119,123,129,158,143,123,135,133,139,135,127,131,131,141,130,131,128,130,149,145,138,135,140,139,132,137,125,126,140,142,143,134,140,142,149
137,126,127,129,133,132,125,128,127,126,133,129,114,128,124,141,123,131,136,137,128,136,130,128,134,136,127,129,125,123,127,134,118,133,135,132,122,134,113,131,116,113,134,142,127,130,114,116,120,118,116,126,123,139,122,142,133,133,147,136,127,125,117,126,118,118,124,127,141,136,135,138,137,127,127,127,116,111,109,128,113,120,125,114,123,125,126,119,122,124,137,130,112,116,127,136,120,135,129,121,139,134,141,124,126,131,135,128,136,140,135,115,120,129,125,121,130,139,143,131,130,113,123,119,129,122,123,123,130,128,126,130,130,127,136,124,123,130,120,132,132,124,120,129,123,130,130,120,121,134,144,136,143,129,135,130,127,126,121,131,120,134,121,124,129,133,135,144,137,123,121,133,127,114,119,130,130,141,137,125,127,122,124,115,121,125,117,124,116,108,123,136,134,137,136,121,108,133,124,128,114,125,134,124,130,125,124,115,133,117,129,128,136,118,120,133,117,111,121,118,115,115,114,116,122,131,117,115,120,113,116,120,115,110,120,106,92,135,141,131,127,112,121,105,115,110,102,115,110,107,104,122,116,110,101,126
123,137,119,129,128,129,132,126,123,117,114,126,125,111,117,110,131,117,103,113,118,120,135,135,130,120,128,136,129,124,126,130,123,127,123,119,122,123,125,126,125,127,128,129,125,115,120,124,125,123,120,115,115,127,127,133,130,126,124,141,134,125,128,120,125,124,119,130,133,128,134,125,139,135,131,127,126,123,110,120,126,128,122,128,132,119,127,132,126,126,127,127,124,118,113,128,128,130,121,133,123,127,120,129,132,127,132,128,127,135,128,132,130,138,127,145,136,129,133,132,132,131,135,134,130,127,121,132,139,126,121,130,137,135,133,132,133,135,136,123,129,130,115,141,137,125,117,130,140,120,130,139,133,135,134,124,139,139,128,141,133,126,118,122,127,125,129,137,137,141,137,144,131,125,124,136,136,130,131,138,133,142,140,133,142,141,138,145,122,119,123,119,138,131,122,129,131,138,133,124,133,137,121,132,133,125,115,119,136,134,130,126,124,136,136,131,138,140,135,141,134,136,138,130,123,149,133,131,128,135,144,145,145,147,136,140,131,134,149,124,112,129,133,126,130,125,138,124,127,119,119,119,125,125,123,124
119,122,124,127,123,126,125,120,116,116,126,122,128,123,128,125,114,128,141,131,127,111,114,116,115,121,126,119,135,134,107,115,118,113,113,129,121,115,128,140,123,123,133,120,119,127,122,114,113,121,130,131,129,126,134,128,126,140,132,121,118,122,122,109,115,107,127,127,117,134,125,121,113,116,126,118,125,119,125,117,115,117,126,133,124,123,117,126,132,130,134,130,131,127,116,122,115,118,120,135,131,141,131,134,130,123,144,124,123,130,123,111,118,117,134,135,113,111,116,130,122,113,117,120,120,117,128,112,126,123,133,128,106,126,115,120,122,125,128,130,140,144,129,125,133,128,139,130,136,136,137,137,146,140,137,138,129,119,134,126,137,130,145,127,126,131,144,132,129,129,123,116,107,108,133,125,137,135,141,115,107,113,111,113,123,127,134,138,136,136,140,118,120,126,146,105,105,110,119,131,130,126,133,134,133,122,138,124,112,115,128,125,129,130,133,122,116,125,119,133,137,119,132,129,115,140,128,124,113,121,124,127,127,133,130,130,125,146,146,132,119,106,127,128,123,126,130,120,141,149,139,143,137,150,134,148
115,128,129,129,127,130,125,133,131,129,126,129,117,114,127,123,136,142,137,143,137,147,146,138,135,130,134,136,134,120,129,146,128,152,151,122,120,123,123,120,126,121,119,117,110,135,140,137,129,139,141,139,134,123,128,125,131,120,130,127,120,133,135,137,131,139,134,133,128,121,122,125,128,132,126,123,122,133,132,122,129,138,128,131,128,128,129,137,130,130,124,121,131,124,131,126,130,140,135,124,120,128,125,129,128,127,121,126,123,120,135,128,128,141,130,126,131,132,138,132,129,126,125,130,131,138,129,126,112,129,128,122,115,121,123,123,122,124,120,106,112,126,133,112,114,125,127,127,124,126,126,123,114,116,118,124,119,121,123,110,114,124,128,120,114,132,131,120,123,137,121,131,128,130,121,111,112,119,114,126,134,135,129,119,123,104,127,135,133,132,128,119,100,113,122,134,126,138,126,124,123,123,126,132,134,127,135,142,124,114,128,121,123,142,137,116,118,125,133,125,129,120,119,130,127,114,107,120,124,127,122,128,127,130,124,128,127,116,109,118,128,130,123,113,128,123,128,132,140,139,131,126,126,128,138,126
149,123,130,126,134,131,128,130,124,122,112,117,124,121,133,162,128,118,116,124,130,141,128,123,120,121,122,128,109,125,103,132,133,125,113,119,126,134,132,128,136,138,143,133,129,141,131,131,127,130,139,128,135,139,134,134,141,142,143,142,139,133,134,133,127,129,143,124,115,126,128,130,136,133,137,137,143,150,136,132,130,133,130,125,137,134,131,126,134,135,152,140,143,150,142,138,135,131,139,144,138,142,141,129,134,137,138,137,137,132,134,136,138,130,132,126,119,127,132,137,131,117,111,123,115,132,126,140,135,129,138,137,121,143,145,142,140,129,133,143,133,151,136,139,140,124,132,129,136,160,150,139,149,147,142,145,130,140,136,145,143,131,126,151,133,141,150,124,143,128,132,135,131,139,133,138,140,129,125,133,136,130,127,125,136,133,143,155,153,136,132,123,138,122,132,141,129,132,136,139,140,130,142,148,143,136,137,133,122,111,125,144,148,138,132,133,134,132,140,128,128,135,134,143,121,124,118,133,129,121,119,126,130,132,131,144,137,117,105,135,142,141,124,138,136,145,146,145,138,133,149,135,131,142,153,144
107,127,137,138,134,145,146,136,146,134,136,133,133,131,129,120,122,114,106,122,121,126,141,125,128,118,126,130,134,129,126,128,129,114,107,111,106,129,113,116,124,103,92,95,109,105,128,144,124,133,111,98,101,105,108,93,110,98,92,125,122,108,137,141,129,139,126,115,108,140,111,98,125,121,118,122,114,103,119,139,135,146,129,87,102,96,111,102,102,71,100,108,97,99,121,136,141,144,122,87,97,82,103,110,97,108,119,109,97,135,145,149,141,144,131,103,106,113,128,118,108,112,132,126,128,126,138,137,136,135,131,129,126,122,123,94,106,101,107,105,111,109,122,134,131,141,137,72,89,92,100,114,107,111,110,86,117,94,120,131,139,146,131,86,91,91,109,115,109,114,106,117,114,98,126,138,126,141,138,98,82,114,111,96,106,122,86,111,116,69,119,118,111,128,132,92,79,108,115,82,80,111,98,133,128,112,123,105,125,102,118,102,94,128,111,83,109,114,119,139,132,124,127,89,95,94,100,124,111,132,130,125,139,125,112,109,107,122,121,91,96,85,112,123,121,113,84,98,80,63,89,113,103,108,119,103
139,150,146,144,135,135,140,140,141,145,148,144,151,159,151,140,155,148,138,148,137,147,148,147,148,149,153,150,151,144,161,147,156,140,153,141,148,149,140,137,145,150,140,150,149,145,165,157,151,148,148,132,128,143,135,135,144,144,137,145,145,150,166,156,153,143,148,139,142,142,142,141,142,143,142,152,152,150,157,144,149,145,147,132,143,138,139,139,137,137,141,144,148,154,159,142,153,146,149,128,142,136,141,142,147,143,139,152,148,143,168,146,151,141,153,135,146,143,139,142,146,144,146,151,147,154,167,151,137,140,147,141,146,141,136,146,145,147,145,141,139,150,162,136,136,150,151,141,145,130,136,135,140,136,135,143,143,146,159,139,132,147,147,145,142,139,136,138,140,140,144,146,146,151,159,140,132,142,148,144,146,143,140,143,147,150,143,144,144,149,158,136,132,154,149,152,148,136,139,141,138,149,146,143,142,149,159,137,130,152,145,147,149,140,144,149,139,149,153,145,143,152,146,136,144,146,151,152,152,147,145,142,144,141,139,142,148,143,147,132,132,140,137,142,127,138,143,143,138,137,127,129,132,138,143,128
139,150,145,159,146,148,152,158,148,143,144,141,128,124,133,126,155,122,130,127,125,130,114,116,127,133,116,116,130,135,172,132,124,143,155,152,150,126,141,143,129,133,155,142,140,138,143,127,119,125,148,153,154,136,136,140,137,148,147,133,137,151,134,122,123,119,149,155,148,133,141,129,131,140,129,141,155,133,141,119,120,121,142,143,135,144,140,132,129,139,129,151,126,135,145,113,129,126,131,137,131,130,138,134,156,151,131,153,144,126,138,110,133,118,138,151,140,143,138,138,159,148,135,149,140,134,130,122,130,111,136,151,131,131,134,142,156,144,129,138,144,134,135,122,132,123,136,134,121,124,148,132,150,151,133,149,128,138,135,124,138,127,128,155,142,143,139,128,141,137,128,143,142,157,135,133,135,123,136,147,141,142,143,160,145,132,151,129,140,150,134,134,134,138,135,145,151,137,144,145,149,117,146,144,130,133,131,115,136,141,147,128,137,143,151,148,146,135,151,137,117,136,164,110,140,129,140,144,151,138,126,120,141,136,121,118,118,119,126,120,111,119,155,148,131,102,124,122,119,120,121,106,105,105,113,134
123,130,143,137,141,141,144,142,149,155,149,140,139,129,139,131,133,131,124,138,146,145,141,135,140,134,135,134,131,122,122,139,134,130,120,114,117,124,120,118,124,120,122,119,115,130,127,139,140,130,120,122,115,104,114,127,122,116,112,119,121,116,133,145,149,140,130,115,116,122,118,119,120,115,112,112,119,123,121,137,157,144,123,119,124,108,111,121,124,135,119,119,129,129,123,143,150,144,130,130,124,115,117,124,130,130,124,124,121,120,134,144,151,145,133,118,130,121,113,116,120,138,126,123,121,115,129,153,148,146,136,120,124,123,117,125,114,131,125,118,129,127,129,151,151,144,131,126,125,121,114,120,113,113,119,135,124,126,135,150,150,146,130,130,120,120,118,111,114,120,121,122,122,129,138,148,148,147,138,122,128,123,122,119,114,102,113,120,114,120,129,131,147,146,136,119,125,125,114,119,113,105,115,106,110,119,126,135,134,136,136,120,116,106,107,124,119,115,119,132,127,127,137,143,117,125,130,124,116,130,132,127,128,131,126,127,122,126,132,142,123,126,120,115,109,108,120,127,134,120,129,125,125,118,113,124
134,129,142,136,137,142,136,139,133,138,154,147,125,130,128,127,115,130,124,124,130,115,118,122,134,134,121,131,131,136,118,116,130,126,105,116,107,110,109,117,108,118,112,117,119,143,129,127,132,142,114,130,122,109,128,120,120,125,122,114,115,122,132,127,130,133,112,121,121,117,125,120,124,116,113,131,122,122,123,133,131,141,120,120,123,123,127,124,132,128,128,119,119,129,126,134,125,139,127,134,136,125,129,121,133,135,127,135,140,128,118,125,129,144,126,135,116,117,109,111,113,134,123,119,126,129,124,140,120,128,121,128,112,124,116,113,120,118,128,135,124,136,124,127,125,135,123,123,123,125,115,119,132,129,130,135,131,138,129,130,125,139,132,134,127,128,119,126,130,125,121,124,112,131,117,132,125,141,128,122,117,116,120,118,127,110,125,118,120,113,113,129,132,138,145,119,120,117,128,135,113,124,140,118,126,137,130,119,137,139,134,138,143,138,134,126,120,127,136,140,132,125,133,121,136,149,148,147,151,148,141,140,142,141,132,128,130,139,148,139,131,135,146,142,142,132,134,124,135,130,129,141,146,138,136,142
129,143,119,118,127,122,124,122,123,124,119,126,124,124,131,127,142,137,120,119,116,121,108,109,118,122,121,123,117,124,140,133,117,130,149,128,132,122,126,121,119,116,130,123,121,126,118,117,115,112,123,125,124,126,120,133,123,121,134,129,120,129,110,114,123,121,128,120,128,128,132,140,120,118,125,125,127,119,109,107,123,113,105,111,115,119,127,129,119,125,115,120,122,109,113,111,127,112,109,123,116,122,127,120,127,134,132,135,136,129,121,124,123,116,110,121,123,125,130,136,132,115,128,130,127,143,115,123,131,133,130,128,131,137,128,133,134,140,135,133,121,128,123,137,139,126,119,126,119,124,116,116,132,123,120,133,131,131,119,132,135,130,119,132,124,119,128,123,136,126,130,135,138,134,124,130,132,131,115,135,128,124,128,135,121,125,120,126,130,135,124,149,123,109,109,124,115,118,133,130,115,120,118,106,117,125,116,139,115,116,110,118,119,113,123,126,120,126,122,136,133,121,111,130,121,128,125,109,117,114,125,134,127,131,126,128,126,116,119,119,114,121,124,112,139,131,136,134,135,131,133,121,115,123,128,115
136,126,121,132,125,122,123,126,129,124,130,132,116,122,134,130,125,115,135,134,139,125,127,123,128,131,125,125,126,127,119,141,135,118,116,126,123,126,126,134,127,117,119,117,113,125,112,135,131,125,118,121,120,123,128,117,116,125,115,115,121,111,115,142,130,131,112,130,128,131,133,122,123,124,128,120,120,117,111,140,129,128,121,121,118,126,119,119,115,115,118,125,120,123,110,135,124,129,114,119,122,116,113,114,118,113,131,129,123,133,126,148,122,127,125,122,129,125,121,131,127,119,121,123,130,131,130,135,128,122,113,128,122,109,112,107,110,107,117,120,126,113,111,128,127,119,118,110,114,107,116,115,111,111,120,119,116,117,121,122,125,118,121,104,115,110,115,119,123,115,121,119,114,118,124,126,123,121,123,113,109,113,106,106,111,118,113,115,103,112,120,124,116,123,126,100,113,112,107,111,123,111,112,115,122,121,121,118,130,121,124,104,105,120,116,102,112,122,119,115,118,133,129,124,118,119,118,127,119,127,127,119,122,125,142,138,132,127,121,125,128,128,121,130,128,138,138,141,130,124,127,118,117,120,130,121
113,130,136,144,143,146,143,142,151,148,142,134,137,126,130,127,127,137,133,139,143,146,147,134,139,140,130,135,132,120,126,127,116,140,117,119,120,128,133,140,134,127,127,122,122,131,122,125,123,134,106,122,121,115,126,124,122,122,123,128,131,127,125,124,119,121,114,121,134,152,147,147,142,137,130,123,115,119,108,123,122,127,104,114,129,113,127,125,129,124,124,116,112,116,110,116,122,129,99,121,128,115,127,131,128,127,132,119,120,124,130,124,117,122,110,116,132,137,147,146,134,132,137,122,122,120,119,120,125,127,112,120,133,137,147,136,128,128,136,125,128,125,128,121,125,128,107,117,126,120,133,137,131,127,133,129,133,128,133,120,129,126,112,123,145,128,140,132,136,137,124,124,107,127,124,129,124,127,117,115,132,129,131,134,138,136,130,129,117,112,105,133,123,124,124,103,108,122,120,125,123,126,117,113,109,115,104,103,131,120,116,100,103,122,120,123,138,136,129,141,133,126,124,106,133,120,119,100,104,127,141,138,136,133,127,127,121,113,113,118,127,131,121,110,122,115,125,127,119,109,120,122,129,116,125,122
101,114,124,131,115,122,126,125,135,130,125,121,137,133,108,113,112,124,100,108,118,112,135,130,117,113,122,123,122,113,110,109,122,113,113,120,122,135,129,132,127,128,120,119,122,117,119,121,119,113,113,124,123,130,128,132,123,119,137,123,124,116,111,128,109,117,115,115,125,120,130,131,117,119,130,123,125,118,101,125,108,131,119,106,118,122,127,135,118,122,132,121,118,127,121,121,105,128,121,112,122,127,130,130,110,115,132,126,123,109,115,118,112,121,113,99,118,125,131,123,106,122,123,130,129,122,109,126,107,131,122,103,112,129,128,117,113,112,127,117,126,116,117,126,114,124,122,122,120,133,134,121,129,119,127,140,124,122,124,134,122,132,119,123,112,135,136,122,129,129,129,134,132,124,122,128,121,125,111,124,128,134,129,124,122,111,131,132,151,121,125,111,115,125,112,136,129,131,131,134,142,121,135,138,134,143,137,132,124,124,124,138,134,138,142,154,141,132,138,135,142,131,123,125,130,125,119,128,131,137,133,136,133,138,133,132,139,118,119,125,116,121,111,129,131,130,124,129,134,118,127,116,122,114,106,117
123,135,157,155,167,164,158,160,160,157,155,144,149,139,127,125,131,138,129,148,150,149,153,156,153,157,144,140,145,145,136,135,139,136,121,114,121,119,127,145,151,148,121,119,117,128,136,141,149,131,116,110,115,128,136,134,145,151,135,133,124,133,139,137,148,138,120,115,124,124,139,108,158,150,113,133,124,123,135,141,150,148,115,120,124,131,138,126,152,132,124,117,135,129,149,142,151,156,141,147,130,128,133,124,143,134,130,129,134,130,146,142,149,158,143,130,138,138,144,127,136,128,147,136,138,143,134,149,161,157,136,126,134,132,137,133,115,121,132,134,134,129,143,155,159,163,141,125,126,139,124,116,111,120,127,117,128,133,143,150,155,160,133,136,126,128,119,118,130,130,143,135,132,136,133,151,160,161,140,119,142,136,127,121,139,143,144,148,114,128,146,143,141,156,132,122,126,125,137,133,124,130,122,136,118,144,139,129,133,137,143,127,126,120,126,119,123,125,142,153,147,155,139,114,146,135,135,135,144,152,152,154,158,153,146,143,132,151,140,119,131,126,130,152,148,154,126,140,134,130,143,129,136,138,144,134
125,123,119,129,128,130,128,126,124,118,122,124,121,130,139,126,152,121,122,125,139,123,123,113,107,109,103,95,104,93,119,158,152,134,118,108,116,105,113,113,111,106,105,105,106,107,109,148,146,133,115,125,121,118,120,119,121,129,125,118,119,124,108,149,141,138,123,126,142,126,123,127,122,120,132,121,112,118,124,166,138,137,126,131,127,130,140,138,127,129,126,139,125,121,124,162,139,137,133,132,122,139,150,144,120,128,141,129,123,128,119,156,140,139,126,130,134,147,138,139,131,131,132,137,128,113,118,152,129,130,124,133,138,144,135,134,128,129,131,119,128,119,118,148,133,127,126,119,135,122,129,135,144,140,139,136,133,125,114,144,129,128,138,127,133,131,130,152,138,137,135,130,129,119,115,144,127,123,124,119,140,138,146,152,138,135,125,126,123,114,109,126,136,125,122,111,131,134,132,125,131,129,122,138,116,107,112,107,146,131,126,128,124,145,136,131,136,136,132,134,131,119,129,124,116,105,119,127,135,137,135,128,134,128,130,133,120,126,123,119,110,112,122,126,135,134,121,113,129,128,142,120,120,120,121,130
117,122,129,131,133,125,120,130,125,123,117,116,127,132,125,110,128,126,135,133,134,134,132,148,150,153,140,143,139,139,132,121,122,124,136,129,137,130,132,140,136,143,133,148,144,136,131,120,124,122,145,132,138,146,133,140,141,147,135,149,146,146,135,124,125,127,142,150,153,150,146,133,152,151,143,157,158,149,145,131,121,132,139,126,142,135,140,150,139,137,143,140,147,155,149,125,122,139,140,120,153,148,132,143,148,156,147,149,154,136,131,117,121,139,136,129,145,145,146,130,135,148,143,140,147,146,133,125,117,121,126,124,148,149,144,147,135,139,147,132,143,147,132,116,120,127,133,123,142,137,139,133,137,135,134,148,138,145,122,121,118,126,125,141,147,149,147,135,146,151,145,153,141,135,123,115,122,130,121,136,147,149,158,148,155,142,147,152,137,129,125,139,114,125,121,134,140,152,151,131,132,144,146,156,147,154,131,137,140,137,120,127,144,150,156,159,154,156,155,143,138,135,141,129,139,138,128,131,152,137,143,138,142,140,131,128,128,113,122,132,126,134,119,117,136,126,129,125,118,116,113,119,126,127,126,139
113,103,107,97,117,110,116,119,115,110,108,100,108,114,132,113,131,140,141,120,135,127,130,128,121,125,101,105,103,105,133,137,122,151,126,108,117,110,123,99,106,106,99,89,109,107,126,111,143,140,122,101,123,115,105,100,103,95,105,101,123,119,129,116,135,143,132,93,107,103,114,117,94,100,91,91,91,104,108,114,139,144,134,103,118,109,84,92,87,92,98,98,101,118,111,111,128,143,132,98,120,103,81,90,88,91,102,93,90,113,125,127,119,149,147,114,111,92,98,105,114,100,92,85,98,101,125,119,141,148,139,115,109,101,108,102,100,97,94,94,88,108,119,113,126,132,134,110,114,90,92,95,73,83,99,94,111,110,140,116,129,132,133,100,111,89,99,109,94,104,107,115,102,103,143,110,132,129,144,107,113,100,96,96,100,87,98,102,87,102,125,114,119,118,130,88,106,103,83,105,91,85,84,90,89,87,112,110,118,135,149,96,106,109,102,96,101,84,92,100,106,123,130,111,117,119,129,98,99,94,105,95,100,106,102,104,119,133,130,108,114,106,137,119,125,95,114,115,116,129,118,94,113,116,108,102
128,125,128,128,126,132,132,128,120,123,123,124,118,109,110,131,134,131,113,113,113,124,130,131,132,124,133,136,127,127,129,129,124,120,134,131,128,133,129,132,130,131,126,128,131,132,131,117,118,127,128,138,129,124,128,134,137,139,131,140,127,131,126,108,116,123,131,133,133,131,126,128,131,119,123,125,126,136,127,115,115,124,125,131,143,120,131,133,128,126,129,114,128,138,137,121,121,135,131,126,140,131,132,126,129,134,126,133,131,124,130,114,121,130,132,129,128,133,129,129,114,130,131,129,131,134,125,123,117,126,129,134,127,129,133,136,126,118,132,122,114,123,131,111,120,130,130,129,130,128,126,122,107,116,119,111,135,129,126,120,121,128,119,123,121,121,128,126,120,128,125,126,138,130,128,122,123,131,120,129,127,136,133,135,129,122,118,114,121,119,129,120,119,129,122,142,131,125,128,125,119,117,120,115,121,128,131,110,125,128,122,118,120,127,126,129,117,120,137,132,119,117,135,117,120,138,136,131,136,131,139,140,132,131,127,127,114,135,133,127,130,130,142,131,143,124,128,130,136,128,128,116,119,119,132,117
98,115,124,128,130,135,135,137,132,134,134,131,122,125,126,94,123,126,138,127,131,133,149,136,144,137,135,133,130,115,125,130,124,141,127,118,126,130,131,116,135,126,120,133,124,108,127,133,128,145,129,113,128,138,124,127,124,128,129,127,123,120,124,136,128,142,130,127,137,135,125,124,128,126,131,125,127,126,113,119,130,146,131,134,131,131,125,124,118,121,133,138,122,125,121,122,124,140,124,137,137,133,122,123,122,115,128,128,122,125,129,129,127,140,136,126,128,126,129,128,126,123,129,124,129,131,124,122,123,130,127,121,125,129,136,128,122,104,130,131,133,127,121,115,123,131,125,121,127,122,131,127,127,130,133,122,129,127,119,116,120,130,132,125,122,124,134,120,119,124,126,125,119,121,123,118,118,121,135,130,127,132,127,122,114,122,118,137,119,121,119,132,108,116,133,117,122,125,115,121,123,121,113,120,111,122,121,122,128,130,132,111,110,134,122,117,128,127,128,140,126,130,121,116,119,120,134,121,119,134,132,118,132,135,129,125,121,129,125,114,105,110,123,127,133,122,131,125,128,119,125,127,123,131,119,116
122,135,121,127,133,123,128,131,126,128,126,129,133,144,151,127,148,135,155,140,149,145,138,143,131,138,129,125,121,135,133,166,135,143,134,123,137,141,135,134,127,125,131,122,118,128,126,141,136,128,132,122,120,129,130,147,141,130,133,128,126,130,136,136,136,130,139,130,131,135,136,139,127,119,124,138,121,117,129,130,131,131,127,122,122,124,128,126,132,138,136,142,140,132,142,130,133,128,131,144,134,133,120,125,139,139,138,139,128,128,144,136,130,129,135,143,139,150,139,139,139,129,129,142,128,133,130,135,126,117,127,121,125,119,128,131,128,129,122,129,128,122,126,120,128,121,126,139,130,127,121,137,123,125,125,138,127,123,128,126,123,122,124,132,130,130,125,125,126,122,120,142,128,111,129,122,121,121,127,125,118,130,129,118,109,112,123,136,118,128,131,116,120,127,125,139,129,118,122,113,114,113,117,127,129,121,138,111,127,132,115,135,136,132,135,127,119,126,127,112,112,127,131,122,123,129,138,142,140,123,117,110,116,116,111,109,121,123,117,125,115,121,126,120,115,117,120,120,123,131,129,125,127,137,124,125
144,139,134,142,136,132,134,134,136,132,135,133,150,140,139,129,142,159,148,139,144,142,143,135,136,138,142,139,142,134,153,139,130,147,146,140,147,145,145,141,142,139,142,145,143,142,134,131,135,147,141,137,142,140,134,134,133,137,140,141,143,138,129,131,135,135,137,144,138,140,134,135,135,136,136,133,144,145,128,125,135,137,127,139,141,138,133,131,138,139,139,130,142,141,124,117,135,140,128,143,136,133,131,122,134,123,126,131,128,128,133,124,133,137,134,140,131,127,126,128,132,133,130,129,141,132,132,122,141,145,135,149,144,138,145,134,135,141,140,141,139,148,137,129,137,140,134,144,138,145,145,131,139,135,144,151,136,142,132,129,138,140,127,148,140,142,137,132,129,133,139,135,143,153,135,131,137,144,132,145,139,138,136,135,134,139,143,137,144,147,147,146,141,144,126,142,145,148,147,147,145,141,148,143,141,146,142,132,145,139,136,134,138,142,148,143,136,140,138,123,128,157,157,132,141,129,140,149,142,130,131,131,122,121,123,120,132,148,149,129,135,129,151,158,153,133,135,131,122,125,116,122,116,113,120,128
144,123,123,125,128,130,130,129,137,133,132,128,141,140,119,150,136,145,127,121,125,122,124,125,133,122,126,131,133,129,130,129,135,120,124,120,114,116,123,111,131,115,116,124,118,109,125,133,125,120,118,104,118,133,128,119,128,104,125,130,121,105,120,128,126,115,117,115,109,129,121,123,119,116,119,119,117,120,104,119,132,121,111,124,124,112,119,125,123,127,127,139,129,130,107,125,125,117,120,135,137,145,125,129,123,120,124,115,124,126,125,133,120,124,123,116,127,127,117,126,111,118,116,117,119,113,126,131,133,115,121,116,111,119,117,122,127,122,123,122,120,117,130,137,149,123,117,125,127,126,128,134,138,136,138,131,133,121,133,139,143,123,128,115,131,131,134,114,128,125,119,124,123,113,127,142,138,118,116,129,116,122,123,109,117,117,120,122,116,125,128,128,131,121,123,130,125,138,121,130,138,132,131,133,123,114,129,138,137,122,120,114,119,130,122,128,135,144,139,142,132,118,117,130,127,111,119,122,132,143,138,141,132,133,123,131,124,112,106,137,130,130,117,118,110,119,138,143,138,131,136,147,136,129,136,146
116,126,143,140,137,145,141,137,136,139,134,128,116,115,111,114,117,127,125,134,124,131,131,148,148,151,138,141,151,154,129,112,136,114,125,134,143,140,139,132,136,137,142,141,141,133,126,118,129,119,125,131,132,119,132,135,133,124,135,123,123,123,126,122,135,130,129,98,124,115,110,130,116,119,130,129,126,132,143,127,132,124,125,122,132,132,141,134,137,134,130,129,128,132,134,122,128,119,130,130,115,121,126,124,130,129,129,127,120,125,130,133,124,128,125,110,127,134,125,121,124,121,120,125,116,134,138,114,123,136,136,114,125,137,126,129,137,136,133,140,138,134,141,131,127,134,137,130,133,128,122,133,125,135,122,130,126,122,141,125,134,130,143,126,127,124,132,128,131,136,132,130,139,134,139,129,133,140,134,118,129,138,133,144,128,127,127,130,135,150,142,140,120,134,136,131,139,131,128,136,129,130,129,125,130,128,135,137,127,136,133,129,127,127,122,119,123,128,129,136,137,121,139,131,139,143,128,122,120,127,131,132,128,131,130,142,130,123,123,121,127,137,132,134,117,127,131,130,134,126,129,135,134,129,125,122
137,116,124,122,115,117,121,113,122,126,126,127,106,104,120,143,120,120,108,113,118,127,124,120,127,127,132,141,130,127,124,133,107,120,123,113,121,132,125,126,130,133,127,142,129,115,112,108,111,107,104,121,117,121,132,117,124,116,115,137,117,121,115,122,114,106,112,121,125,130,115,115,128,123,120,125,127,117,127,139,121,108,116,103,110,115,129,120,133,123,123,115,125,120,118,131,126,113,116,111,118,113,124,125,131,121,120,121,119,119,113,123,132,105,109,111,125,130,121,121,122,121,139,135,137,121,117,128,133,103,110,124,131,129,142,131,122,132,135,132,130,114,120,130,134,111,113,115,119,124,130,118,134,121,123,129,130,134,124,138,133,114,113,114,126,128,131,123,131,141,139,140,138,145,128,148,132,126,119,135,145,148,148,130,135,138,143,139,128,130,133,141,136,124,117,129,125,130,128,129,125,126,132,132,130,131,125,145,140,134,138,123,117,127,120,130,134,130,125,130,132,140,147,150,145,132,140,123,126,131,129,135,130,133,135,141,137,131,137,146,143,140,138,125,127,141,143,139,138,140,137,134,126,140,134,153
134,130,150,137,129,137,128,128,120,119,119,121,112,119,112,132,119,112,101,137,123,121,125,128,123,124,124,139,127,133,121,112,126,118,128,151,123,130,129,121,118,124,115,135,133,138,139,118,111,121,124,138,131,131,131,112,127,112,113,137,138,128,132,115,115,109,123,137,133,129,126,123,122,130,121,123,138,137,133,122,113,111,127,128,126,137,129,126,118,121,115,131,129,134,134,135,113,120,123,134,117,112,123,116,128,120,126,115,132,140,123,117,115,116,111,140,138,132,136,129,136,130,130,128,138,140,113,133,114,128,124,132,131,126,120,124,129,128,134,117,129,139,131,130,128,129,122,145,128,122,121,122,131,136,127,130,151,150,128,135,132,123,119,144,137,136,129,133,139,128,135,129,161,151,128,127,129,125,126,140,137,133,132,130,125,125,133,130,146,150,138,140,137,124,128,136,133,143,142,144,130,133,134,136,142,144,143,130,137,129,132,137,134,134,138,146,148,136,145,142,150,128,116,108,134,100,130,138,152,136,124,124,120,121,129,134,134,100,113,128,125,122,118,130,102,123,137,128,128,119,130,121,127,128,137,138
139,125,119,121,116,120,125,130,124,126,124,125,112,113,109,142,117,112,114,134,128,144,139,129,129,121,138,140,134,123,99,119,132,120,101,126,128,134,123,146,122,117,139,129,133,135,128,130,130,135,131,141,133,119,139,138,140,144,142,130,134,126,132,140,132,138,135,127,135,143,136,141,135,134,140,139,130,144,127,137,132,133,135,138,137,124,147,147,129,130,140,121,129,135,138,142,130,130,133,138,125,124,133,144,138,145,141,138,141,123,151,141,131,133,137,129,134,139,143,136,133,131,131,150,138,126,143,141,146,131,143,134,132,148,141,137,140,147,136,135,144,132,140,132,141,135,141,107,127,141,142,135,133,131,130,137,121,127,131,135,137,141,145,132,136,142,135,123,147,134,134,137,136,140,142,127,134,142,142,128,133,131,140,139,126,110,129,126,132,113,145,124,144,149,151,127,118,127,139,123,106,99,121,129,128,124,134,120,131,130,143,137,139,123,129,121,115,127,123,122,123,123,124,121,126,93,112,131,123,129,117,110,118,118,123,103,106,116,95,109,125,124,117,129,103,120,123,121,122,118,125,126,120,122,105,112
118,122,126,128,132,138,134,127,136,131,122,120,123,125,118,114,125,132,117,121,116,134,137,134,128,117,124,126,115,111,125,116,118,119,116,107,115,116,122,120,114,111,108,96,95,107,114,110,108,105,103,108,112,102,117,124,110,119,106,105,96,103,111,108,115,104,109,110,102,113,106,119,103,112,123,110,110,110,125,120,119,106,98,113,110,98,108,115,125,122,120,115,105,116,126,127,119,104,118,132,109,114,122,124,117,109,120,103,106,115,121,116,118,108,114,122,101,104,107,113,111,122,119,113,113,103,119,118,126,123,122,113,102,108,118,113,113,117,113,109,115,117,127,119,135,123,114,127,109,113,121,120,115,110,111,108,107,120,123,117,133,123,116,124,112,109,112,107,108,119,122,110,103,121,127,118,132,117,109,114,120,111,114,109,112,107,114,108,102,113,121,117,131,116,114,117,120,130,129,128,130,120,120,114,107,108,128,124,135,140,114,113,124,123,129,125,125,118,111,117,115,119,130,126,144,119,124,118,118,126,126,127,126,120,127,126,124,135,137,125,124,116,113,131,115,117,114,123,117,119,117,132,114,112,120,139
119,126,127,127,122,130,133,132,131,128,128,126,125,114,120,118,123,114,129,132,125,130,132,136,140,147,140,137,129,137,121,127,121,115,131,145,138,131,130,133,130,139,140,132,130,135,146,145,129,120,146,140,134,135,126,134,135,129,138,128,122,134,146,138,138,125,142,148,143,138,127,129,135,136,138,125,126,150,151,132,141,124,144,137,141,132,133,143,131,131,140,118,121,144,150,128,134,125,143,141,141,142,135,124,127,137,125,136,132,115,136,143,130,125,139,145,142,146,132,128,122,141,133,138,128,139,138,134,155,144,155,163,146,147,136,141,144,146,141,150,131,158,158,136,153,143,147,165,144,152,140,131,128,134,138,140,137,136,152,136,142,142,150,153,148,138,134,137,139,138,141,142,138,139,150,135,137,141,141,157,142,145,139,137,126,136,129,134,141,138,141,130,130,142,135,148,137,132,139,148,143,131,140,125,133,148,148,131,137,119,134,140,139,122,134,124,132,134,138,111,109,121,126,138,129,126,121,135,140,116,110,109,111,113,108,113,103,129,128,129,114,121,123,128,113,112,114,116,124,127,123,132,125,128,116,114
137,132,125,117,110,121,119,118,125,121,125,130,126,133,126,130,146,136,120,124,120,130,133,126,119,113,110,127,125,123,130,147,141,143,131,123,138,146,133,132,122,118,114,139,137,125,141,157,133,138,130,129,122,135,135,137,121,127,122,134,130,138,140,153,127,134,132,136,147,131,136,130,127,121,133,138,143,134,138,147,133,132,131,137,141,122,140,143,125,128,132,132,134,138,137,138,136,131,127,133,144,132,135,143,140,136,131,138,133,132,145,153,133,131,131,143,140,139,143,135,121,134,136,143,141,142,144,150,132,137,139,136,138,124,134,129,135,127,139,139,143,135,140,148,131,139,137,131,132,128,139,136,142,140,131,139,128,142,139,148,134,140,136,150,138,139,137,137,128,137,130,136,152,140,136,147,136,136,135,148,131,132,133,130,132,134,128,127,141,132,138,150,138,146,142,140,134,137,142,128,138,137,132,130,131,146,146,145,159,149,146,147,148,132,135,143,137,132,139,130,131,129,133,137,144,126,132,147,139,130,126,126,137,130,135,131,130,121,140,135,132,127,114,137,115,126,131,129,130,119,121,126,119,119,127,140
125,113,122,122,118,120,119,123,119,126,123,127,128,116,125,133,119,135,124,134,109,118,122,127,127,122,122,122,133,138,132,112,116,122,124,128,125,127,132,136,138,125,124,125,122,138,134,124,122,129,137,134,123,132,140,132,129,117,118,132,133,143,141,128,112,124,145,125,130,134,131,121,132,126,114,128,118,130,136,127,123,132,138,128,130,123,131,124,136,138,133,142,138,147,139,135,120,134,135,119,138,131,126,132,134,131,127,133,122,131,129,128,124,130,131,132,131,126,131,140,129,135,136,130,131,134,128,132,115,120,127,119,113,118,122,127,129,133,128,133,129,138,140,130,117,127,128,136,135,127,125,131,128,129,136,129,123,133,134,127,126,125,128,138,134,128,118,135,120,124,129,127,128,121,139,130,124,127,132,125,128,128,126,125,123,124,132,148,138,126,141,107,131,117,126,131,138,134,133,128,129,137,138,134,134,125,133,124,136,120,121,145,136,138,131,128,138,132,131,124,119,113,129,127,130,111,125,135,124,124,122,119,118,114,122,129,131,124,123,135,132,139,133,123,112,133,129,126,133,133,132,132,129,135,135,146
114,134,130,129,127,119,126,121,123,121,114,109,141,118,114,124,126,121,129,99,105,95,97,103,94,105,111,103,121,124,119,118,130,102,132,123,128,125,124,123,113,114,115,120,128,121,122,127,135,109,125,125,105,122,122,123,118,116,118,124,138,137,127,128,133,125,131,123,124,115,125,124,118,116,128,132,128,124,131,134,139,128,134,133,118,117,130,122,122,118,122,127,126,131,126,136,146,131,130,109,121,117,113,124,122,130,131,142,136,120,124,147,139,135,128,131,136,132,123,130,130,123,137,133,127,131,128,146,141,137,130,127,128,121,117,139,133,137,129,129,123,125,119,150,141,136,123,130,135,123,125,132,126,130,131,127,118,134,119,143,145,137,121,125,127,118,124,122,124,112,130,134,125,117,127,133,142,131,120,126,121,119,121,123,115,109,117,121,125,112,120,128,152,138,119,124,126,119,119,108,101,105,116,119,120,127,119,109,126,138,126,125,126,115,121,109,113,126,106,102,112,125,114,115,117,126,115,128,113,104,100,91,103,102,111,112,126,110,101,129,124,126,128,117,119,114,118,119,118,131,124,126,125,127,117,128
104,110,117,114,110,116,123,119,120,120,135,132,126,123,117,116,107,120,122,128,126,122,123,127,137,141,130,135,132,137,124,108,115,122,125,140,135,129,136,139,133,132,132,138,143,146,120,128,118,132,134,136,136,149,143,129,145,147,145,135,139,142,125,125,128,124,132,146,143,126,134,131,137,139,152,137,137,150,125,123,126,131,138,142,149,139,133,142,126,122,139,139,127,142,134,120,118,130,134,147,153,148,143,147,139,130,141,139,140,139,128,129,122,131,122,139,141,138,136,132,133,122,129,134,129,135,124,130,130,124,122,132,137,137,128,132,133,129,142,137,138,150,129,125,125,130,123,126,135,137,124,127,140,153,144,155,137,141,124,129,125,131,131,136,134,146,146,128,150,133,139,121,137,131,122,124,130,135,126,135,125,122,132,124,131,136,137,143,153,131,121,128,127,134,133,132,130,153,155,129,130,149,154,148,146,143,129,115,120,135,129,131,142,145,147,142,157,165,143,134,127,119,128,120,124,135,133,132,137,130,131,130,135,129,120,119,125,121,124,123,126,124,119,130,127,128,132,119,129,124,122,127,134,130,123,125
151,159,146,141,137,135,131,130,127,126,124,137,147,140,147,153,132,145,146,139,142,125,128,119,127,120,130,130,138,137,135,125,112,148,136,121,110,123,134,110,120,120,120,128,131,138,124,96,103,124,128,129,130,123,136,111,127,114,123,131,131,140,132,92,107,124,121,143,135,125,110,124,118,116,123,125,123,129,139,113,98,115,126,127,111,120,111,115,116,115,123,130,123,132,136,118,108,122,131,134,125,131,128,135,121,126,135,131,143,154,108,108,104,124,117,140,118,118,139,138,134,112,106,124,135,137,107,111,122,141,138,143,133,132,138,131,131,113,123,133,134,139,134,116,122,132,134,138,127,132,134,132,125,134,130,143,151,142,129,116,121,131,130,139,135,135,141,136,141,130,142,138,142,150,130,128,126,137,135,149,125,128,128,126,121,123,137,144,145,151,131,136,129,139,133,149,134,141,132,122,129,128,135,146,141,156,130,123,142,151,153,152,131,142,139,135,145,142,141,125,123,154,143,113,117,123,137,171,150,126,118,116,123,114,121,120,119,129,129,128,142,135,140,149,132,109,111,107,114,126,129,128,130,129,132,138
125,146,139,145,146,147,144,140,135,130,135,126,134,146,128,123,137,130,129,124,129,132,137,139,133,136,143,138,128,115,118,130,138,132,116,135,126,135,135,141,136,144,131,137,135,143,125,136,145,138,127,129,119,132,137,136,126,129,144,127,129,134,130,131,143,127,120,125,123,118,141,143,136,140,131,135,134,134,123,132,133,132,141,142,134,136,132,125,132,140,134,128,132,123,125,138,141,133,124,125,132,126,127,136,124,136,130,128,121,116,137,129,137,130,119,118,128,130,130,132,138,147,129,125,127,124,131,142,138,130,131,120,141,143,144,134,129,139,140,136,148,144,146,139,140,141,135,127,146,135,139,135,137,137,146,143,137,141,145,142,128,144,134,139,149,135,130,136,136,130,138,138,130,139,141,126,130,139,128,133,139,141,137,143,139,141,141,137,141,135,135,99,142,135,135,137,153,147,145,145,149,142,139,139,136,140,142,118,123,139,130,136,137,135,141,147,149,149,140,137,130,150,142,123,111,146,137,126,135,141,145,130,146,145,138,130,131,170,156,121,132,137,139,130,143,141,134,135,137,142,136,129,133,143,141,142
139,140,131,139,141,136,131,134,144,149,144,138,146,139,134,144,140,144,128,123,128,118,126,122,122,128,143,140,141,138,141,146,133,139,120,119,122,132,132,125,128,123,125,119,134,133,124,129,134,133,111,121,117,123,116,131,116,121,129,125,126,131,121,136,122,133,110,117,126,132,124,129,126,126,129,126,125,125,115,124,127,135,113,123,119,123,127,120,124,127,129,121,123,125,116,126,127,136,110,125,119,116,121,113,130,128,132,114,125,127,124,129,128,139,116,123,117,119,132,126,137,122,125,119,128,130,129,128,121,135,121,137,128,127,134,130,131,136,127,123,117,117,115,136,132,134,124,124,123,130,120,123,133,118,117,116,127,130,126,139,129,137,131,125,131,118,129,129,142,121,126,126,131,137,131,140,130,135,134,132,145,125,132,139,134,137,124,128,128,119,132,125,131,122,121,118,109,111,114,130,121,126,123,119,110,123,124,121,122,129,135,126,129,116,114,116,118,130,115,121,114,137,133,126,119,127,137,137,132,120,128,141,119,116,134,137,124,137,116,129,144,136,134,136,139,143,136,150,145,149,143,149,141,131,132,126
116,113,113,123,132,127,131,135,131,135,127,123,126,115,103,107,129,123,123,117,132,131,126,126,116,126,130,121,118,120,121,118,143,126,116,104,114,121,113,106,125,127,133,114,111,107,126,118,137,132,124,122,116,111,104,114,122,130,128,119,116,117,126,113,129,134,130,108,104,114,104,119,115,117,133,118,116,123,132,113,130,127,125,116,119,112,113,121,124,128,134,133,118,122,134,117,127,123,126,124,128,130,125,124,117,117,132,111,114,120,120,112,127,130,118,110,108,119,114,113,122,117,113,115,98,103,124,114,115,125,115,100,105,116,116,126,133,135,115,116,112,120,132,123,119,129,122,121,125,134,135,133,142,136,139,136,111,116,115,120,121,130,119,117,128,126,124,131,126,112,113,106,96,102,114,115,120,130,116,110,123,101,109,129,121,132,123,114,117,130,126,95,116,126,106,121,128,121,132,142,141,135,134,127,122,118,116,99,110,135,121,116,132,130,129,127,131,138,126,103,89,100,125,105,88,105,106,114,123,103,97,100,110,97,102,103,104,118,120,119,110,95,102,120,106,99,101,111,124,120,120,130,120,117,120,115
125,110,110,105,109,102,104,108,109,117,117,116,104,111,129,125,117,125,115,134,131,136,133,137,133,134,148,150,143,143,140,132,117,120,141,147,137,146,147,125,135,134,130,131,131,122,139,125,119,124,144,128,133,147,137,129,138,130,134,148,150,139,141,120,120,124,144,142,143,148,138,141,130,136,143,144,133,133,141,114,122,125,140,140,132,140,143,140,128,131,136,149,152,143,144,111,118,118,151,132,139,134,143,145,132,135,143,139,144,151,143,113,115,123,141,134,147,143,150,151,152,143,137,139,143,143,135,108,120,114,134,133,145,140,143,139,138,131,136,133,133,141,143,119,119,115,128,114,128,139,134,144,145,144,145,139,144,136,132,120,117,115,126,128,136,137,137,132,135,135,143,136,139,133,132,114,116,116,122,139,134,143,143,129,130,131,131,141,134,122,126,115,112,104,118,131,127,143,133,124,125,130,135,142,139,135,133,129,114,114,119,130,131,145,146,140,139,142,144,132,126,129,141,136,132,145,122,132,144,135,134,132,124,122,129,125,128,129,136,137,137,141,112,138,127,129,126,130,116,119,124,123,112,122,141,131
145,167,160,154,156,146,147,150,147,143,132,130,142,143,154,141,162,142,132,128,127,134,130,132,133,125,135,139,141,139,130,151,132,144,124,117,114,149,139,138,114,116,141,151,165,152,124,131,142,132,121,118,123,153,157,139,135,123,148,159,159,159,129,129,129,121,122,133,132,163,164,147,133,115,133,154,159,141,128,137,133,122,126,139,132,151,161,134,143,148,150,163,165,140,132,150,138,130,117,136,142,143,166,154,146,149,140,163,162,146,130,137,137,128,116,142,156,161,170,167,143,144,137,144,169,149,134,139,121,123,116,127,135,153,154,150,134,129,143,148,155,129,120,139,112,119,122,123,145,154,159,158,151,154,156,139,148,138,122,142,118,128,124,132,153,154,163,148,151,144,146,159,146,126,121,143,118,136,132,136,137,155,156,128,133,129,133,136,151,99,124,148,144,120,131,131,132,139,126,113,107,116,138,136,139,138,115,156,153,119,129,142,143,131,123,130,141,136,124,127,134,133,135,146,133,134,133,131,129,131,130,122,125,132,117,122,126,125,125,165,151,149,153,122,140,145,124,124,129,134,135,153,139,149,131,162
147,157,144,148,141,141,143,147,146,147,143,138,164,166,155,148,156,138,151,154,145,140,133,143,138,138,145,142,149,150,158,159,146,129,149,141,151,151,150,148,141,138,135,148,155,134,140,134,139,133,134,125,131,153,141,139,138,131,132,151,154,141,143,134,136,122,130,135,145,139,144,143,139,140,147,141,148,139,150,140,138,125,139,138,138,148,148,139,132,131,138,131,139,135,139,127,143,132,134,140,142,133,133,144,126,131,126,134,138,134,128,136,135,137,127,138,133,131,129,136,120,108,127,128,135,135,134,129,136,135,125,140,140,130,142,147,139,136,144,136,142,126,127,128,133,136,118,136,135,119,130,136,131,122,132,119,127,145,130,126,128,130,127,130,134,131,132,135,128,117,133,123,149,135,137,123,129,136,118,133,124,121,130,122,125,120,119,132,130,114,129,141,137,148,131,135,135,131,134,116,103,105,111,117,121,116,123,140,144,155,128,124,119,120,122,119,114,124,126,125,137,131,139,123,146,132,134,129,128,133,128,136,136,137,145,145,131,111,130,125,129,128,122,143,122,126,127,125,123,112,123,116,120,132,142,137
125,119,123,127,114,120,127,127,110,108,105,112,124,126,123,125,122,124,127,125,121,119,118,119,109,108,113,109,112,113,118,119,132,118,117,125,123,107,112,114,107,116,110,100,115,106,123,132,125,130,120,122,112,114,119,113,118,127,123,115,118,118,130,134,122,127,122,126,124,120,120,129,118,119,119,118,107,120,123,138,120,123,117,131,120,121,124,129,130,130,126,133,132,132,124,138,125,126,125,121,124,131,125,134,123,121,135,123,126,133,123,131,120,131,132,126,112,111,117,128,119,124,117,117,112,118,133,130,124,134,133,128,128,115,116,133,128,121,124,122,123,129,133,139,120,131,129,116,126,125,121,135,128,136,128,121,124,127,129,129,119,129,127,123,130,125,126,126,126,128,117,118,110,114,134,129,121,130,136,129,127,123,122,117,119,116,116,125,131,115,139,142,119,139,131,118,124,111,109,112,117,115,114,119,134,136,132,131,130,136,125,135,127,133,123,133,122,126,127,125,129,124,124,129,122,132,138,125,133,120,122,132,119,115,122,127,131,128,130,123,126,124,138,133,139,119,120,126,123,121,123,129,127,119,116,121
132,150,130,125,135,133,130,126,124,123,116,121,128,135,145,139,166,149,154,132,142,138,128,121,126,130,138,138,139,138,164,146,133,152,146,139,148,139,133,123,139,139,123,136,142,140,152,127,135,135,139,120,115,129,122,122,127,118,129,142,142,143,139,122,132,131,131,120,133,132,124,135,128,119,133,132,123,130,135,126,127,127,136,109,131,128,114,121,120,116,127,133,124,142,136,130,129,135,134,134,145,127,115,126,133,136,136,137,145,138,126,141,125,135,133,128,131,128,132,142,145,133,127,126,119,136,130,133,128,118,133,131,119,113,122,127,128,134,128,128,136,146,131,120,117,113,119,125,130,122,116,146,118,123,134,132,137,138,127,117,119,114,117,138,142,124,122,134,122,119,125,129,122,119,131,122,119,116,117,128,141,118,114,126,114,120,117,128,131,120,127,115,108,112,114,144,129,124,119,116,116,123,119,126,133,145,145,120,119,114,120,143,130,132,131,121,126,129,126,112,100,125,138,135,121,122,120,139,125,112,112,112,118,106,114,121,112,132,130,133,141,144,112,131,123,107,119,119,115,123,130,134,127,135,144,135
125,125,127,124,119,121,124,119,121,122,121,123,127,118,118,127,122,106,116,123,115,119,129,128,128,124,133,129,142,126,131,119,133,131,106,118,115,118,125,128,128,120,121,110,115,123,129,124,137,139,132,124,133,118,137,129,126,126,132,118,126,127,129,124,135,133,131,136,150,146,145,141,141,136,146,143,134,122,129,134,134,136,134,140,139,126,129,140,129,130,147,141,146,136,126,135,133,129,128,133,142,138,143,146,131,139,144,141,130,131,132,122,131,128,129,133,133,136,146,142,133,139,135,130,127,142,123,130,120,119,116,120,124,119,130,139,120,121,136,120,129,126,120,123,125,120,124,115,135,138,147,132,136,140,143,139,132,129,126,126,127,123,127,124,136,143,144,128,122,132,123,112,114,124,121,127,133,126,124,124,122,126,128,118,118,127,125,129,117,115,118,136,136,128,130,116,122,120,126,116,120,119,123,125,124,116,127,137,136,125,129,119,128,129,127,128,124,120,125,132,143,121,113,135,129,129,118,127,131,147,141,141,135,144,131,119,126,134,131,125,127,140,131,107,144,124,128,112,116,122,115,126,127,133,120,128
121,130,124,129,128,125,124,123,122,120,125,125,130,135,139,122,139,125,134,136,130,125,112,117,114,125,108,101,109,121,115,125,125,123,110,113,123,114,113,118,117,114,104,94,103,114,112,121,127,120,107,114,115,114,115,116,123,129,120,110,114,122,117,121,129,122,111,126,132,133,123,125,126,122,111,122,105,102,120,113,126,123,115,112,115,109,109,115,120,115,113,128,109,115,122,117,126,125,124,123,127,116,110,112,127,125,127,122,112,120,122,117,129,133,129,128,121,121,119,123,126,131,122,119,113,111,128,123,127,133,126,151,142,127,128,125,127,130,133,127,134,130,121,126,131,132,127,127,123,119,116,124,134,136,132,132,117,138,136,133,134,132,129,139,129,126,116,131,130,133,130,137,128,135,133,138,139,138,140,135,136,137,134,128,138,134,122,127,121,130,150,155,127,131,130,126,120,115,122,116,118,123,117,113,119,133,132,127,146,138,130,133,135,126,129,132,127,130,124,126,130,122,130,130,138,127,132,128,129,130,126,126,133,127,128,130,129,120,127,127,124,113,134,127,126,124,120,125,126,121,116,130,137,130,126,136
110,130,134,137,143,137,126,130,129,129,129,116,100,109,130,109,135,125,140,147,147,139,129,132,135,141,137,138,133,111,126,137,132,144,145,137,133,128,120,132,128,142,148,144,126,128,140,135,135,138,145,148,150,126,130,143,141,144,147,122,114,138,140,134,127,133,142,130,127,102,115,125,136,130,132,117,133,133,141,124,127,128,124,139,139,139,119,131,133,139,118,123,145,142,147,108,138,126,133,146,135,138,124,121,129,119,115,110,117,111,134,122,137,127,133,129,113,120,121,107,122,123,107,119,108,114,132,120,122,142,137,126,115,131,118,112,131,138,135,140,120,139,137,128,122,139,134,149,131,147,124,123,134,135,128,147,120,120,131,128,120,130,127,152,129,130,129,121,127,131,109,117,119,117,127,116,124,120,131,131,129,113,108,120,130,130,127,117,142,140,129,121,121,130,140,141,127,128,138,141,127,127,131,116,127,149,137,118,110,116,124,137,135,122,121,120,112,115,125,112,112,120,129,111,113,111,104,136,129,106,119,117,120,122,124,122,129,126,116,109,112,107,136,116,136,133,131,127,138,127,128,123,128,123,113,101
125,104,119,127,125,120,123,128,121,127,123,125,130,121,122,125,134,142,143,130,129,132,132,130,118,128,141,140,143,133,143,135,132,142,135,123,124,129,131,135,122,133,144,140,134,148,138,131,125,129,129,130,131,123,121,141,122,126,123,124,120,129,127,127,126,132,121,118,111,119,128,122,130,139,127,133,136,130,130,133,128,127,124,128,129,129,130,121,131,138,129,127,130,121,116,137,128,125,122,133,124,121,132,113,115,114,108,109,131,121,114,133,128,130,126,123,123,122,120,113,118,124,115,117,130,122,120,134,118,119,118,124,120,128,124,134,118,136,135,134,124,114,105,121,124,106,114,118,116,126,136,115,126,124,116,137,135,116,107,129,133,108,117,113,108,110,119,101,109,119,123,128,128,121,111,126,139,120,118,108,112,124,124,125,126,121,126,134,130,135,118,132,134,118,114,116,118,120,124,131,123,111,125,111,116,124,111,148,132,136,145,127,117,118,123,122,126,119,118,119,124,127,133,141,146,121,128,113,109,109,113,112,118,117,132,139,146,117,113,154,128,131,138,119,114,132,136,136,136,141,135,140,148,146,128,140
138,129,142,134,126,126,118,121,128,124,125,122,121,126,129,139,128,117,134,134,113,117,113,118,120,125,121,122,137,140,130,120,131,121,137,137,133,135,137,134,126,140,162,147,148,151,135,118,131,119,126,147,147,148,131,144,128,137,138,120,133,149,138,117,115,118,126,134,133,125,128,127,127,130,124,145,157,151,149,105,121,120,137,150,136,141,140,137,137,142,136,144,139,140,145,102,124,120,128,134,146,143,127,127,130,118,111,126,132,132,112,106,123,120,115,139,125,120,120,131,123,112,113,120,132,136,120,116,127,133,132,138,130,131,116,138,144,134,133,157,151,163,136,130,133,136,132,147,136,145,147,144,151,126,137,148,119,156,124,128,132,138,130,148,139,127,128,127,126,112,122,128,137,154,129,133,134,138,136,135,136,118,126,144,130,132,144,146,172,172,141,137,136,139,143,151,154,137,147,166,147,137,160,145,141,161,146,146,127,138,140,153,165,125,131,147,137,143,127,120,127,139,146,134,142,125,135,135,133,132,120,108,111,114,108,119,143,108,113,134,128,138,126,135,121,126,120,123,114,117,120,117,124,129,131,124
110,125,121,119,127,131,125,126,124,123,122,122,125,130,119,122,116,129,126,140,133,146,133,133,128,135,129,129,131,128,141,123,117,131,140,132,137,132,121,134,121,131,134,141,131,127,144,122,112,121,143,125,133,129,131,136,123,130,140,123,130,126,136,111,108,110,131,131,134,118,125,118,117,121,125,129,138,130,138,122,110,109,135,137,128,125,124,126,120,126,123,123,136,129,140,119,111,120,133,140,135,127,121,121,123,118,120,122,135,120,133,106,105,114,123,137,124,119,121,108,116,117,121,122,131,125,129,114,118,118,125,127,117,123,121,119,120,127,124,125,127,125,136,110,114,118,127,133,124,124,139,112,125,130,127,127,129,136,128,108,112,112,121,144,132,132,126,118,128,125,129,130,131,136,126,100,113,115,125,135,138,124,120,124,124,122,137,119,129,122,137,112,116,123,119,130,142,127,136,136,131,136,133,126,120,134,128,118,113,128,129,129,135,119,122,134,132,125,125,123,117,129,120,119,106,129,135,133,138,125,127,130,131,126,126,119,120,126,132,118,130,126,133,134,134,135,125,126,136,132,133,134,130,129,120,134
109,109,119,116,122,119,117,124,125,131,135,125,128,130,119,121,107,124,115,125,121,127,129,126,120,118,123,122,126,130,125,111,118,119,125,133,131,130,133,140,141,150,146,126,127,137,121,123,117,121,127,135,131,125,122,131,127,134,129,118,116,128,116,126,116,118,128,109,112,107,113,123,122,127,117,119,131,139,132,111,122,125,119,119,123,126,126,126,133,129,128,126,123,142,126,123,119,121,124,136,126,129,128,112,109,100,109,107,115,112,106,112,119,112,114,109,106,116,110,109,104,113,110,104,108,115,109,114,126,125,116,113,109,127,119,113,117,116,119,122,121,134,115,125,126,124,113,123,118,129,117,120,113,114,110,114,102,119,106,119,124,126,116,130,119,109,107,109,107,105,110,103,113,125,109,118,124,116,115,94,109,103,101,116,106,117,122,110,122,137,106,135,124,115,128,120,122,133,135,147,134,122,135,127,119,132,114,130,130,131,134,116,133,119,121,120,124,123,126,120,119,118,121,120,139,121,114,121,118,122,117,116,125,129,139,135,134,120,117,128,115,113,109,133,123,135,123,132,140,141,134,124,127,123,125,116
110,125,137,138,125,126,127,131,131,131,133,148,146,139,131,115,121,137,141,147,122,136,139,145,144,143,148,154,154,165,155,115,121,142,163,153,139,140,141,146,130,135,146,144,150,152,144,119,119,127,153,139,153,142,138,137,137,145,136,147,159,152,141,120,123,125,148,150,143,148,142,137,138,140,123,134,139,141,141,127,116,125,142,156,133,147,132,135,136,132,119,123,140,139,133,113,116,130,136,145,131,143,133,130,132,143,118,133,144,142,129,122,116,126,130,153,133,134,141,137,138,143,134,126,148,142,125,124,121,125,126,151,127,123,126,126,133,135,128,125,142,146,126,121,126,131,125,148,126,132,122,124,128,139,128,134,151,150,120,127,126,129,122,147,133,135,141,129,139,143,135,143,155,158,123,128,121,139,127,153,140,138,138,137,156,151,142,140,152,160,132,130,123,138,127,155,138,142,137,133,141,145,141,157,166,153,149,116,129,131,141,149,132,140,144,145,138,137,159,144,145,150,140,126,122,125,147,143,143,134,131,133,146,131,124,126,119,133,132,124,140,136,120,156,125,118,122,124,132,122,137,128,126,119,125,128
143,117,112,114,119,116,117,116,115,110,113,115,111,109,119,137,119,112,100,87,118,99,111,103,104,104,116,115,121,116,102,105,119,122,113,127,131,129,140,132,136,131,131,137,128,113,109,119,128,116,111,115,125,133,125,120,134,123,129,129,128,118,102,125,130,123,118,124,129,124,133,136,129,132,128,125,124,116,101,120,134,123,114,122,124,135,129,127,127,130,118,129,129,126,94,122,132,117,107,122,132,130,119,130,122,126,127,121,126,121,107,119,136,122,110,125,127,124,131,136,134,118,115,121,122,121,112,135,146,127,115,127,127,116,125,133,138,137,134,122,126,120,99,147,148,122,108,126,127,122,123,131,130,132,135,139,119,121,116,146,146,120,117,133,131,131,126,129,136,123,129,129,130,116,123,152,151,123,117,136,144,123,127,128,131,128,132,128,126,118,117,122,135,120,116,124,128,126,121,122,124,119,130,126,131,121,108,129,132,120,125,116,119,124,127,133,143,142,136,125,119,111,100,134,101,120,110,119,130,123,127,118,121,128,122,133,126,118,128,122,118,109,95,114,106,114,121,120,122,119,123,112,111,120,114,116
124,118,137,138,137,143,141,141,150,141,145,144,142,133,129,126,115,129,120,117,120,108,121,130,129,124,116,116,117,107,118,122,123,141,109,128,123,125,121,110,132,118,97,111,111,113,95,140,133,135,100,107,92,114,98,107,105,102,118,134,120,111,98,136,130,143,104,107,102,118,112,122,99,113,113,111,97,87,99,147,135,150,108,99,96,106,95,92,103,111,99,117,104,104,89,134,133,138,105,107,108,109,96,98,92,106,124,109,115,125,109,145,137,138,104,102,102,105,113,118,116,125,102,99,116,111,111,136,148,144,118,106,120,112,117,114,116,117,109,113,114,108,113,149,138,136,121,109,111,128,104,127,120,117,119,114,118,99,109,140,133,136,126,108,116,105,113,122,111,105,115,119,113,105,108,143,139,128,122,100,108,122,118,108,111,113,93,119,125,106,109,137,137,132,136,110,120,116,105,113,130,119,115,115,127,133,114,127,139,132,134,117,100,113,110,102,116,118,107,112,112,115,106,123,133,130,124,122,113,111,117,128,128,122,136,137,131,111,116,111,120,125,132,119,138,134,139,138,130,131,129,118,126,121,142,133
126,108,117,116,115,115,114,112,115,116,122,115,124,125,115,133,122,126,126,120,122,118,131,136,125,128,123,133,131,148,127,112,134,136,138,144,144,152,157,156,152,131,130,139,150,146,130,133,137,146,144,124,128,149,146,138,145,141,136,161,158,158,127,135,138,151,143,145,128,158,159,149,145,138,161,164,164,161,135,148,136,148,150,133,145,139,142,128,132,131,161,160,156,156,140,145,138,155,153,146,152,141,147,143,140,154,153,159,159,166,140,136,137,145,147,146,144,158,149,154,151,160,155,159,162,168,135,133,132,144,153,158,159,167,165,158,155,146,159,161,159,166,142,132,126,148,152,147,150,160,172,160,155,156,168,157,174,160,140,123,116,146,154,154,166,157,167,153,157,155,156,169,163,155,137,125,114,149,152,142,138,155,162,146,149,139,156,176,160,145,147,112,107,138,152,155,152,154,157,144,135,143,148,169,165,162,152,118,112,110,146,156,155,169,159,145,156,162,138,124,120,144,129,120,109,110,130,160,145,128,124,129,121,106,98,119,120,128,130,121,132,129,114,145,127,104,111,109,102,87,98,115,122,119,134,135
120,124,142,137,128,129,125,129,123,121,131,137,133,119,123,116,123,89,112,145,131,125,133,138,135,139,130,135,136,140,125,114,140,101,122,131,116,117,117,135,130,131,119,119,129,120,138,139,133,121,136,133,121,118,129,112,133,142,123,135,136,122,140,134,124,112,136,138,130,140,123,119,131,131,129,130,129,126,132,138,122,117,127,120,126,118,126,125,117,113,114,111,134,124,126,127,119,113,128,116,120,117,116,123,127,137,133,123,135,128,123,118,121,112,136,120,117,131,125,116,125,148,135,136,140,129,131,120,119,117,135,142,127,143,129,129,128,131,134,114,118,123,122,112,117,114,138,128,117,118,105,117,121,124,118,119,151,129,127,108,123,111,139,125,116,121,124,124,138,151,128,142,149,140,130,115,118,111,137,139,122,123,131,127,150,131,123,135,133,118,126,116,110,123,146,135,124,135,127,122,131,129,112,126,137,138,133,106,122,108,136,133,110,131,127,123,128,126,140,135,136,132,141,109,104,116,124,147,138,133,123,126,145,134,127,128,141,120,127,97,111,121,123,135,134,122,133,133,136,114,131,108,125,122,129,110
133,138,126,122,131,133,133,137,135,131,133,129,118,126,125,137,141,132,127,122,123,125,135,144,139,130,135,129,127,119,154,133,126,131,142,131,133,126,133,116,134,132,116,121,118,112,133,122,120,123,120,119,111,118,121,115,117,109,111,124,120,108,133,124,119,131,118,121,119,126,126,127,119,119,116,126,115,110,120,144,115,126,129,123,118,130,125,118,124,126,119,121,119,115,122,147,122,132,120,115,116,118,121,130,119,131,128,123,119,126,127,131,120,124,111,118,128,131,136,128,124,133,123,120,127,124,126,133,124,128,120,122,133,123,130,129,132,132,120,113,128,108,128,131,128,133,120,126,124,116,132,125,118,122,118,119,130,126,131,138,126,130,122,117,132,131,127,129,127,139,137,135,123,126,126,130,132,124,117,132,134,130,134,130,131,133,120,121,117,129,125,122,126,117,108,131,122,116,124,123,122,134,110,117,115,117,126,147,117,131,125,124,129,123,123,124,127,128,134,127,122,133,143,158,139,140,142,126,139,138,128,131,128,131,128,150,143,143,149,143,143,143,123,127,120,134,144,143,146,137,131,137,139,143,134,129
140,138,139,128,120,115,114,119,125,124,129,130,125,128,145,140,147,129,135,135,128,132,129,132,128,128,117,125,129,144,147,146,139,140,135,116,121,117,112,126,119,116,116,112,120,122,132,145,135,125,123,129,122,107,115,114,112,120,118,133,129,133,127,129,116,125,123,131,129,137,124,115,137,122,119,127,123,127,131,120,119,121,121,123,125,116,128,127,121,115,115,108,126,131,131,118,116,118,123,117,129,127,120,119,117,123,106,118,117,125,124,119,118,115,115,113,120,122,123,115,106,122,123,125,130,131,120,112,118,110,111,126,125,118,124,123,123,117,127,127,128,122,115,122,116,105,119,117,122,125,128,123,127,132,127,120,120,123,110,117,109,102,118,113,118,127,122,106,113,127,114,120,126,138,116,120,113,106,120,122,130,127,124,122,129,127,122,122,117,138,118,131,127,119,132,120,122,124,127,127,128,136,133,140,128,126,118,118,128,126,129,126,127,128,128,129,130,120,125,132,131,122,129,129,128,128,127,113,119,125,122,123,117,115,108,116,120,118,123,123,111,131,121,125,114,113,111,116,113,105,121,124,127,124,115,125
134,133,137,135,124,124,125,128,127,125,122,128,122,125,119,130,138,126,130,117,120,113,121,110,122,105,115,127,127,132,122,134,142,143,121,131,110,111,130,118,135,132,122,135,138,126,126,134,138,139,126,126,125,134,132,116,125,132,130,144,146,140,131,132,137,142,135,129,125,133,135,129,132,135,127,131,151,142,131,135,138,140,130,143,135,133,130,123,123,123,118,120,146,141,137,138,141,142,137,146,149,140,128,135,130,132,129,128,135,140,125,124,139,141,141,139,124,127,130,135,127,134,130,131,134,138,123,132,140,130,132,136,122,124,132,132,126,118,127,122,139,121,124,127,140,134,138,133,125,114,124,119,118,116,125,125,145,131,134,129,125,134,132,141,130,128,127,117,121,129,125,132,132,136,125,124,127,129,137,132,123,120,124,120,120,129,125,129,128,140,133,134,128,131,138,140,134,126,124,128,137,132,118,126,132,134,128,126,129,126,137,135,121,125,125,132,132,133,134,155,161,131,140,142,122,136,139,134,129,142,143,147,143,144,130,127,130,138,148,135,132,141,147,128,133,122,129,124,126,119,121,114,117,120,125,132
121,134,145,140,143,146,143,146,142,140,136,128,123,131,138,120,123,141,138,129,143,146,150,144,137,127,138,144,136,125,119,112,139,124,123,117,124,139,132,132,132,124,135,138,140,135,122,133,136,141,136,118,127,140,133,138,145,131,138,147,137,131,120,140,131,126,120,110,122,136,137,138,136,134,144,144,143,137,122,138,129,134,122,113,132,133,137,134,132,135,142,142,141,134,108,137,117,135,121,129,135,129,139,147,118,122,137,130,133,137,124,125,122,136,135,117,131,135,145,137,122,128,135,131,138,132,122,129,129,136,125,115,131,141,134,130,136,133,136,133,133,125,124,128,118,132,130,121,130,137,139,133,137,137,144,128,143,118,117,131,122,137,126,117,131,127,138,137,120,133,127,126,127,115,117,123,124,131,129,112,121,126,127,129,123,128,122,121,127,115,113,127,128,129,123,110,110,129,130,126,129,129,120,116,120,112,105,133,120,117,118,108,113,116,118,124,131,119,120,133,127,104,102,128,122,138,117,108,124,127,140,147,129,136,131,142,140,125,123,136,145,132,128,96,143,152,148,149,142,135,137,149,141,140,126,133
148,154,142,131,138,139,138,135,120,124,132,129,128,136,139,151,133,140,139,122,143,129,123,111,128,127,128,134,121,128,138,125,122,124,113,120,104,103,93,89,114,110,115,110,113,130,129,125,119,124,105,112,98,102,104,99,101,112,114,105,118,128,131,124,123,128,115,122,116,108,107,104,120,112,131,110,115,130,131,123,119,130,117,121,104,99,102,113,105,106,108,118,113,121,123,119,118,126,116,109,101,103,122,120,116,110,128,117,113,128,132,119,121,129,123,115,113,102,99,110,117,132,121,122,114,125,133,120,118,125,131,119,110,109,102,105,104,102,103,104,108,108,122,114,118,124,129,112,119,116,113,114,113,120,106,104,112,118,133,119,132,132,137,108,105,109,117,115,132,118,111,115,108,119,140,127,133,130,138,123,116,125,117,112,129,131,118,110,107,120,140,135,134,144,153,109,111,101,104,117,124,131,125,116,123,132,142,122,122,149,160,131,123,116,119,109,116,117,122,131,129,156,155,131,107,142,147,150,136,132,124,118,133,126,121,116,122,148,143,126,130,126,134,147,129,127,118,109,125,142,126,137,137,129,139,145
139,123,126,133,128,123,126,125,124,118,111,117,125,128,134,130,126,135,142,139,120,127,121,132,127,131,117,115,122,137,118,127,121,130,139,146,128,126,131,136,125,130,132,130,136,144,113,129,124,138,142,152,139,140,129,145,138,142,123,130,130,137,114,124,122,139,150,156,151,146,132,137,135,139,137,131,147,143,134,146,134,138,148,147,130,127,142,137,137,132,134,149,136,136,140,146,131,143,151,145,134,134,135,131,138,134,137,140,144,151,130,138,134,141,148,159,134,135,137,141,139,132,145,147,153,152,129,138,119,116,120,138,128,130,126,123,132,119,123,126,131,126,116,125,116,110,126,143,115,119,131,131,130,124,116,117,119,131,115,118,114,110,121,139,118,116,121,126,131,115,131,122,131,125,110,125,116,109,120,129,120,115,120,122,130,138,133,130,138,144,125,129,122,119,123,143,127,122,130,137,139,143,132,130,133,132,127,143,130,107,126,144,135,123,126,122,123,136,134,141,146,117,104,128,132,111,121,134,137,123,131,138,134,135,134,139,133,112,105,116,141,121,119,124,140,133,130,125,122,127,130,143,135,125,128,134
129,124,137,136,147,141,139,132,129,125,129,130,136,124,114,139,128,120,122,124,110,106,109,121,125,120,102,111,105,132,113,116,118,114,116,123,110,112,119,114,117,125,138,132,128,136,113,131,121,130,119,144,126,135,134,129,134,133,131,122,128,130,120,131,131,125,113,114,111,105,115,110,119,121,104,120,137,133,120,139,140,126,117,133,113,141,134,109,148,143,133,141,132,131,127,134,150,140,118,141,125,140,137,109,138,131,123,123,112,133,120,142,149,135,116,133,115,121,116,114,123,105,100,108,107,107,111,145,156,126,109,110,96,113,106,111,127,117,107,132,124,131,121,145,154,127,119,139,124,141,134,130,132,142,123,123,127,131,116,136,153,124,117,140,126,127,117,129,126,100,117,112,115,137,106,138,146,128,121,104,98,98,94,111,105,114,129,133,126,154,126,124,147,118,121,127,136,126,135,158,143,132,145,139,135,130,119,125,139,105,122,138,144,135,129,129,133,131,124,128,133,119,102,117,139,119,124,139,139,125,127,127,131,130,126,131,127,124,132,132,157,154,112,106,119,135,144,131,129,128,137,145,146,150,146,142
122,140,130,129,126,123,124,126,128,129,127,122,139,133,134,109,128,118,132,126,119,119,111,111,112,113,104,92,115,118,128,133,121,120,129,129,122,129,121,120,123,119,109,121,123,119,108,112,123,111,116,115,107,136,126,111,131,120,125,141,133,129,102,113,132,125,117,131,142,135,135,124,140,139,134,147,132,121,110,112,122,111,132,112,122,133,129,130,124,118,127,119,125,126,113,116,124,122,119,114,124,121,112,117,126,123,113,133,131,135,126,121,115,125,100,114,141,136,141,125,129,118,135,129,140,144,105,116,131,132,115,129,151,138,149,146,131,130,139,116,116,116,115,120,123,132,113,124,134,111,120,122,118,117,115,112,135,139,113,111,115,124,110,120,128,142,130,128,140,135,147,139,153,139,109,102,114,133,106,142,147,143,149,148,144,128,126,138,118,113,108,137,122,132,107,151,147,150,147,136,135,144,115,128,128,133,109,113,140,134,114,132,121,137,129,141,129,130,135,131,144,139,123,108,114,132,118,143,140,132,130,139,143,140,136,138,142,143,150,104,109,126,125,139,128,134,129,134,143,128,130,116,128,127,127,113
119,117,125,121,119,115,118,120,118,117,122,126,125,106,108,116,135,129,111,110,119,108,122,116,120,115,133,135,128,128,123,118,141,135,119,126,115,116,105,107,113,112,116,118,124,122,129,136,136,131,125,110,100,107,119,109,110,118,114,136,133,121,136,129,133,129,125,124,111,131,111,118,111,104,120,126,129,123,119,130,131,135,124,115,117,100,108,109,118,112,112,120,132,122,108,129,130,133,122,118,107,114,120,126,119,123,130,111,126,140,124,129,130,132,130,115,118,114,112,117,103,122,106,113,132,134,132,129,129,124,120,130,122,118,126,123,110,115,117,109,121,121,118,131,134,123,120,123,132,119,119,132,109,116,117,107,130,117,125,130,135,124,126,127,124,112,126,124,116,120,112,120,120,112,123,129,137,130,128,127,121,126,127,117,119,116,121,136,134,126,117,132,128,129,124,120,128,118,113,115,127,110,115,138,131,135,114,136,118,124,118,127,123,127,118,118,124,123,108,115,124,131,115,140,113,130,126,120,113,110,108,111,106,109,119,125,138,134,142,120,130,142,121,125,123,126,120,122,125,126,135,127,129,128,139,124
134,138,134,133,139,144,142,138,138,139,136,129,129,134,138,123,132,132,125,147,138,152,133,143,135,142,132,125,143,149,135,129,126,134,138,128,139,143,138,140,136,139,137,137,138,147,123,117,131,126,124,144,141,132,132,145,140,131,143,137,130,143,125,110,135,137,128,133,141,138,138,137,143,143,131,143,142,143,140,124,136,143,135,135,120,136,143,136,142,133,140,131,131,135,142,135,133,149,141,152,128,129,132,135,135,133,128,136,150,149,133,115,134,150,139,143,138,137,133,128,128,133,135,136,147,150,127,127,140,135,131,135,134,125,139,143,139,148,145,137,141,133,133,132,135,128,130,142,132,137,133,142,142,137,132,129,144,141,129,130,138,126,129,127,128,133,124,138,130,129,127,135,134,129,129,132,136,130,127,134,131,133,133,135,133,135,121,121,124,139,128,122,131,120,112,141,144,134,140,152,159,148,140,131,131,134,118,128,134,115,125,129,145,143,137,149,133,139,147,142,135,114,113,119,133,116,112,115,142,140,144,141,131,130,131,139,125,129,127,136,129,116,90,119,118,129,134,132,127,131,133,141,136,130,134,133
120,136,132,131,128,135,145,136,129,134,134,138,138,132,121,111,128,123,144,111,115,129,120,120,116,116,130,136,145,139,128,141,140,141,140,129,145,140,133,138,142,141,111,133,140,120,122,137,132,137,139,126,135,142,135,140,131,127,128,132,145,135,122,137,137,138,130,124,140,135,141,141,127,129,124,122,139,127,131,140,134,127,128,124,132,131,130,127,134,126,123,125,128,126,128,121,129,129,130,122,124,126,123,128,123,121,123,126,120,119,124,141,132,124,120,133,124,120,123,129,130,117,129,135,127,123,123,132,133,123,127,119,125,141,125,115,127,130,128,127,129,119,122,139,120,122,127,123,127,119,113,121,137,130,124,127,117,109,118,129,122,119,121,125,125,116,117,123,121,109,122,114,135,113,120,125,121,123,120,109,126,123,121,133,125,138,126,130,128,119,126,100,128,134,127,123,134,130,138,117,126,149,121,120,127,134,134,117,109,133,132,127,120,105,108,132,139,135,127,124,125,151,139,125,100,138,137,134,143,120,120,140,121,122,120,118,119,153,158,119,121,116,129,148,147,124,121,119,134,128,129,130,126,125,113,116
87,97,117,112,121,122,122,123,122,123,117,121,102,114,111,102,91,111,122,117,122,125,129,130,131,127,122,125,121,122,100,90,123,94,108,113,109,107,123,104,118,120,113,111,121,121,120,113,139,128,119,97,110,115,120,108,111,112,114,122,125,114,122,124,138,132,117,90,101,120,105,113,111,106,105,111,101,102,98,118,136,129,128,104,121,114,110,104,108,114,117,118,111,120,112,125,131,124,126,113,119,110,119,110,115,117,126,119,125,127,122,124,130,132,136,110,128,129,119,140,123,111,115,114,109,119,128,126,134,130,128,104,121,118,107,109,108,109,108,136,126,120,118,118,141,130,131,106,129,119,130,127,115,132,137,137,121,117,126,124,133,130,125,123,125,115,124,103,115,111,130,133,126,130,122,114,133,130,132,95,92,124,115,120,111,113,133,132,127,126,121,105,123,120,125,111,128,126,118,108,111,115,131,128,122,126,119,106,111,114,121,135,125,135,132,117,133,138,121,129,125,116,114,103,106,107,115,125,119,119,122,121,125,115,110,105,106,107,101,116,132,108,113,126,106,101,99,111,112,120,114,130,118,117,118,105
143,126,135,137,139,139,137,136,132,129,131,135,140,132,122,154,144,125,140,130,149,133,139,137,149,143,146,146,142,142,144,138,135,130,125,137,143,142,137,136,144,141,138,128,131,137,136,139,135,127,131,128,136,138,136,132,137,131,139,137,124,128,128,133,128,127,143,130,128,142,136,139,132,132,142,131,118,129,131,134,132,125,132,139,143,131,128,129,134,131,134,129,127,123,135,131,127,121,133,130,131,132,143,129,130,127,141,122,113,132,135,130,127,125,139,120,120,127,127,138,143,151,133,125,120,128,136,120,109,115,136,131,129,134,134,134,143,144,132,130,134,122,123,128,113,112,132,129,137,138,142,137,141,144,137,138,132,118,126,120,123,115,133,111,126,125,137,138,138,142,128,126,125,121,125,125,122,115,132,119,119,130,129,128,135,136,136,132,119,135,124,130,125,122,131,125,124,141,135,135,135,138,141,137,134,129,134,134,117,130,138,122,127,130,137,131,138,135,138,140,144,133,136,132,127,114,135,129,128,137,139,134,145,149,136,137,139,132,131,137,129,126,139,143,133,124,130,116,122,133,128,128,122,124,135,134
126,117,115,126,111,114,116,122,110,117,116,108,131,133,129,122,118,104,130,131,115,123,118,113,113,118,121,121,122,118,131,118,109,127,131,152,133,143,145,132,141,148,125,134,129,126,111,111,121,125,125,139,136,138,135,133,141,134,132,135,138,135,113,116,119,129,133,133,140,137,144,154,139,150,146,139,141,128,126,128,119,124,137,127,136,145,137,142,140,143,133,136,136,137,125,127,124,125,136,141,137,146,144,142,132,129,130,127,127,141,115,140,124,136,129,131,136,131,135,139,142,132,132,130,132,135,116,135,132,132,127,124,133,124,134,126,130,141,131,124,141,133,119,147,136,125,124,128,131,131,131,137,136,138,131,135,128,127,118,135,132,123,125,133,130,128,130,134,133,117,134,121,132,137,115,137,138,122,126,118,128,128,128,129,129,138,129,131,132,129,105,140,147,131,129,128,138,147,150,145,148,148,139,142,149,139,117,145,127,140,138,117,119,131,136,138,147,137,135,128,132,132,123,131,137,119,119,126,135,129,138,130,132,129,144,137,144,117,114,131,132,132,122,122,121,134,132,135,140,134,120,123,129,131,129,144
127,134,142,131,131,134,133,129,118,117,124,127,110,116,128,126,134,132,127,133,128,135,125,119,111,116,116,122,118,117,129,132,130,130,138,131,138,133,129,140,120,133,143,144,143,148,139,134,126,129,134,140,138,147,135,145,138,133,138,139,126,135,130,121,120,123,128,131,147,130,148,130,135,131,126,133,135,133,144,123,121,122,133,122,132,132,135,140,127,124,127,121,117,118,141,123,116,120,131,115,125,118,110,116,130,119,118,135,121,116,131,123,108,117,128,142,138,137,131,135,128,131,124,131,122,126,128,105,106,118,129,130,125,130,121,118,125,127,120,125,122,120,124,113,106,114,128,115,127,117,124,127,119,122,123,127,114,127,133,116,109,113,124,111,126,130,132,139,136,127,129,140,136,127,146,115,112,112,127,124,134,123,126,126,128,119,123,124,122,103,139,114,122,124,138,115,133,125,131,120,121,126,128,132,143,133,132,121,125,119,130,131,139,130,137,140,139,133,123,129,140,125,126,129,113,122,122,126,140,129,132,129,119,116,119,121,139,126,125,128,127,125,131,128,121,138,126,132,124,120,126,135,142,146,137,134
121,119,125,119,133,135,134,134,138,139,132,144,128,126,126,145,144,133,134,119,135,121,129,125,137,136,123,129,118,133,124,130,133,131,117,126,118,116,131,124,129,120,129,124,137,137,146,141,134,129,139,128,130,129,130,126,140,138,137,134,141,128,139,137,129,124,126,127,123,140,131,132,127,125,140,133,128,132,128,131,126,121,125,122,123,116,123,131,124,129,138,146,129,128,129,132,122,116,128,120,128,124,120,127,132,136,142,147,122,130,132,139,111,119,124,120,119,126,123,136,130,127,135,140,129,121,127,133,127,126,129,118,127,136,127,129,136,126,130,137,133,123,140,138,133,136,133,124,135,139,139,136,125,136,144,132,123,119,138,131,129,134,139,126,140,143,140,134,130,137,149,135,123,126,126,134,122,132,136,131,133,129,132,125,132,125,137,133,129,120,129,121,134,139,145,118,128,129,125,123,124,134,128,134,127,117,132,131,117,135,142,121,127,135,132,123,136,130,125,138,138,121,128,145,121,136,137,129,126,145,135,133,143,141,127,127,131,132,137,135,137,135,141,130,131,126,131,133,136,141,137,137,145,146,140,142
141,134,140,138,138,142,140,137,140,140,141,143,149,154,142,137,121,143,133,134,134,145,138,138,134,130,142,142,140,133,133,129,136,137,136,124,126,125,128,118,115,124,133,134,133,130,137,149,138,139,134,114,114,131,120,117,122,120,137,132,137,133,137,147,134,135,146,126,132,128,132,137,123,122,125,130,126,123,133,131,138,141,134,115,118,120,120,128,117,133,128,127,126,130,135,134,130,135,135,127,124,137,124,125,118,120,131,132,132,136,134,130,133,132,140,133,127,127,127,137,131,129,128,133,134,131,142,139,128,134,148,133,138,123,123,125,129,129,127,127,131,141,146,128,136,136,136,124,135,125,128,130,136,130,137,126,142,135,152,139,144,137,136,132,137,132,135,139,140,136,135,139,136,121,156,133,136,126,125,134,125,135,129,120,127,140,135,136,135,121,139,130,126,125,134,132,121,130,130,124,127,141,136,139,143,137,153,134,123,133,135,140,138,140,144,143,148,144,138,134,135,146,149,135,133,126,137,140,143,138,136,137,130,130,132,131,139,131,126,141,134,125,124,147,124,132,142,134,131,143,139,134,136,138,135,140
143,145,131,133,126,134,133,132,133,137,147,157,141,145,135,132,140,142,143,135,134,128,133,140,131,129,131,134,135,128,137,131,137,148,148,147,149,151,145,137,149,155,156,152,153,149,142,131,129,133,145,143,149,154,139,150,133,132,141,135,139,148,142,125,122,123,132,145,153,135,142,137,150,142,137,140,147,148,140,129,123,123,140,156,139,139,140,138,142,139,142,130,138,139,135,132,116,124,129,141,143,145,145,142,135,126,127,127,134,143,128,112,117,119,120,148,138,130,140,137,133,128,139,128,139,137,123,112,128,117,122,139,130,125,125,140,134,142,142,147,142,140,117,127,128,117,130,143,141,147,149,151,144,140,143,134,124,140,116,121,126,115,124,141,131,131,127,132,122,120,121,122,126,132,121,127,128,118,128,135,121,124,122,139,131,144,136,136,138,156,130,118,135,134,139,156,154,145,140,152,164,153,151,134,128,132,136,108,131,126,138,154,146,142,142,157,135,138,132,123,123,131,125,114,124,122,129,146,139,135,144,132,115,120,133,130,128,123,122,130,132,123,111,123,136,139,136,133,122,134,125,131,124,122,123,134
136,118,125,129,138,133,136,138,137,135,132,125,131,129,128,128,134,133,141,121,134,131,142,139,142,141,126,130,125,126,140,137,132,120,141,120,135,137,135,137,153,131,123,124,117,99,127,133,122,129,131,128,132,129,122,116,137,135,112,137,120,111,130,144,125,138,136,121,124,135,130,113,144,132,133,123,129,117,118,141,121,140,131,103,133,114,111,112,116,106,133,131,110,108,119,123,119,143,134,104,126,111,112,121,114,109,131,117,110,136,129,127,125,132,138,116,123,126,119,124,142,143,137,130,123,118,125,132,118,124,134,136,132,126,135,119,113,111,121,127,119,125,126,130,112,130,136,101,116,118,126,126,133,132,132,118,128,104,132,127,117,136,138,118,117,114,132,121,118,124,119,126,125,106,130,128,118,135,135,119,127,135,130,106,118,125,116,128,119,108,126,134,110,127,136,111,114,126,134,114,110,124,116,133,126,124,127,140,111,126,129,127,122,134,140,98,124,132,128,145,144,133,129,132,140,139,132,138,126,140,142,145,158,157,142,134,142,143,143,120,136,123,127,123,144,139,143,138,133,124,126,135,132,137,136,132
120,126,128,122,133,132,136,134,142,141,137,147,133,127,134,125,137,147,111,110,125,132,129,126,132,122,128,134,126,132,125,135,135,122,121,116,114,128,130,137,126,123,132,131,140,143,126,133,134,124,119,125,127,132,136,141,138,127,124,138,139,136,133,125,133,132,129,107,113,126,145,142,124,134,121,130,132,130,140,130,129,131,130,122,121,137,130,130,129,143,132,140,133,135,145,126,132,139,137,132,129,132,131,136,129,138,125,138,131,132,136,129,133,134,130,132,126,127,139,141,140,121,132,134,131,127,141,132,124,126,123,120,122,132,124,124,134,128,113,125,141,126,139,136,116,125,131,124,123,131,130,128,130,126,127,128,119,120,130,133,113,121,124,130,139,129,130,128,137,133,140,124,135,134,132,140,114,131,136,122,136,116,127,139,128,135,133,118,133,125,135,136,137,135,133,115,121,129,133,137,130,145,141,130,127,125,127,144,142,145,146,131,147,118,129,137,134,133,135,144,145,137,141,141,129,150,136,127,135,143,132,129,133,132,122,125,127,134,137,130,130,137,130,129,125,142,125,130,132,138,130,141,137,129,110,138
124,129,124,112,120,117,109,104,98,102,102,102,109,117,128,124,127,119,119,110,116,118,115,116,114,113,120,119,106,107,112,130,108,122,110,115,121,116,121,117,118,129,124,109,113,122,126,122,115,114,117,114,124,118,123,127,125,129,125,116,113,113,123,123,126,112,114,109,120,122,118,135,119,129,118,121,112,120,116,119,125,115,110,125,131,130,125,124,122,121,117,118,110,117,116,126,120,118,110,124,124,119,112,117,116,120,125,114,104,112,127,121,124,117,119,110,120,110,119,120,133,126,115,121,121,116,125,126,126,117,119,108,135,134,132,131,125,125,127,127,123,126,126,118,123,124,110,119,126,122,114,121,116,124,117,114,104,130,123,124,132,126,111,117,124,113,118,119,121,120,128,122,114,128,134,130,131,128,115,112,139,127,135,142,134,122,123,125,128,143,142,123,129,119,117,113,130,121,124,136,137,125,122,117,120,125,133,110,132,132,127,118,131,114,124,120,122,122,120,131,118,125,127,107,128,130,120,122,121,129,139,128,131,125,130,117,106,145,138,130,141,130,121,128,123,116,124,123,116,120,111,116,124,118,127,132
137,126,138,134,149,149,152,152,141,148,153,156,132,126,111,134,124,120,136,139,142,142,152,149,139,132,136,134,126,130,112,111,140,121,128,136,134,144,158,131,129,141,135,133,149,133,112,136,141,136,121,109,133,152,146,132,139,136,116,144,138,128,122,139,139,129,133,125,130,151,138,144,130,136,146,149,136,137,124,134,137,133,128,122,151,142,142,139,130,129,144,140,126,119,123,139,135,133,138,119,147,141,134,140,138,146,139,149,125,140,135,131,142,142,149,128,133,131,143,155,146,145,140,146,130,136,141,134,131,130,144,131,141,141,144,155,158,141,150,149,127,138,130,125,128,127,142,126,132,131,142,148,141,143,148,142,129,124,133,129,122,123,137,138,144,135,136,135,146,137,148,135,130,130,133,128,124,124,146,131,127,137,141,149,146,141,153,142,138,128,139,137,140,138,160,140,139,138,143,144,140,125,140,133,134,128,131,125,134,141,135,139,141,124,136,125,121,126,133,138,139,115,121,134,142,115,128,133,133,131,138,144,138,135,127,125,131,114,112,139,138,132,131,113,127,131,129,128,129,133,129,123,125,127,135,139
125,116,112,115,123,119,124,127,128,135,134,133,137,130,120,117,123,152,153,125,139,130,132,133,135,145,147,145,122,133,145,125,127,153,136,120,127,124,132,127,137,136,133,139,133,126,140,126,125,129,128,121,125,137,122,130,130,128,141,126,136,137,138,123,128,133,135,133,139,122,139,140,140,140,133,127,135,132,132,118,125,125,132,119,125,133,124,129,141,143,143,135,134,135,137,116,122,131,131,132,135,135,137,133,137,131,134,139,131,129,136,123,124,127,126,136,121,110,126,131,136,120,132,136,134,141,131,118,129,120,118,125,120,114,125,126,135,137,134,137,135,131,125,121,114,114,114,133,122,136,136,141,140,138,140,144,131,124,125,120,116,113,109,134,140,137,131,130,132,116,121,118,125,119,124,125,127,116,122,133,139,113,114,121,115,134,136,130,126,137,123,120,133,123,117,133,128,140,141,130,141,153,150,133,130,124,116,126,119,129,130,137,138,124,133,143,150,140,127,115,111,126,119,128,115,138,133,128,127,126,130,129,114,117,128,118,128,148,129,127,119,120,143,118,140,139,126,128,123,135,129,143,140,126,116,124
139,133,131,130,130,123,122,118,128,122,122,123,117,122,131,140,116,110,123,124,124,114,113,107,107,112,106,103,118,110,101,115,125,112,111,107,101,117,111,107,112,106,112,121,123,104,104,121,121,106,113,107,104,114,117,113,114,113,117,113,124,100,95,123,117,115,111,103,118,130,114,119,121,136,142,121,121,113,105,130,120,108,120,115,123,125,131,135,120,112,127,122,125,118,111,141,118,108,114,103,120,125,137,134,112,118,147,113,117,130,115,118,120,110,118,96,127,137,138,121,122,119,123,118,122,115,116,125,119,103,108,107,123,128,134,118,116,119,118,110,119,103,105,123,121,103,109,107,119,120,130,121,117,126,122,118,117,106,110,122,120,105,116,100,118,128,138,126,134,127,121,115,121,97,108,136,118,103,114,109,114,122,128,127,128,136,118,117,113,106,104,120,124,106,113,120,108,122,122,118,119,131,122,128,116,104,104,105,124,122,120,115,105,121,120,114,124,125,117,123,123,126,110,111,101,107,114,120,124,120,128,116,124,127,128,118,124,131,121,124,131,116,134,134,129,137,124,125,137,138,147,143,139,133,137,132
133,143,126,125,116,119,117,122,118,117,116,118,135,148,137,133,155,143,150,135,134,133,133,134,139,133,125,127,144,145,153,151,140,128,139,140,126,120,126,133,130,126,124,130,148,149,143,147,143,131,137,141,142,134,130,131,130,126,137,124,139,145,143,144,129,121,115,122,124,115,119,125,124,125,117,109,124,128,132,136,136,122,121,129,113,123,124,128,125,119,109,109,114,114,126,136,131,123,122,129,116,121,113,105,110,117,127,119,117,121,128,128,133,124,123,112,117,120,113,110,127,115,122,117,121,121,131,130,142,136,128,125,123,127,112,110,122,126,119,124,133,125,135,141,139,133,137,132,122,127,124,111,113,122,124,130,127,131,138,150,138,133,140,129,128,124,122,128,129,126,131,125,138,134,140,149,132,126,136,125,123,121,117,115,123,125,125,120,126,125,135,129,130,134,139,131,119,120,119,119,122,120,116,122,127,127,133,130,136,147,137,126,124,116,117,130,108,106,116,123,133,140,136,148,129,129,135,128,119,125,124,133,125,132,128,128,132,126,123,128,126,116,133,133,127,126,117,122,126,143,147,154,157,144,129,125
122,128,126,134,130,137,131,130,130,132,136,134,130,135,117,114,134,128,128,130,136,142,136,132,137,146,120,120,119,118,127,142,131,137,135,144,136,128,134,137,141,135,124,133,126,121,140,138,132,134,139,135,124,140,135,127,130,135,127,133,132,126,130,135,130,124,137,138,139,123,133,132,128,135,125,120,125,118,124,127,130,133,127,119,118,125,132,128,122,124,124,138,124,135,134,131,128,136,129,131,136,138,127,126,120,123,128,123,128,127,143,138,128,133,130,116,130,141,128,122,120,127,127,120,120,126,129,141,134,137,127,110,124,124,131,120,115,118,111,117,115,125,121,131,128,128,124,120,127,132,131,133,140,138,127,117,129,115,122,128,126,128,127,138,133,127,123,128,126,120,111,118,111,104,108,118,128,122,120,121,118,123,119,115,124,134,115,122,119,118,110,126,127,124,125,117,118,134,139,119,126,135,121,127,129,129,126,122,101,108,119,128,118,129,130,132,137,129,135,135,140,127,115,127,113,134,130,139,137,140,138,135,138,138,129,122,126,127,126,121,127,121,135,130,141,137,133,137,138,118,125,127,125,123,130,122
128,136,129,131,131,127,123,123,124,120,126,127,132,135,146,130,123,127,144,147,139,134,123,132,134,135,130,123,121,137,131,121,133,125,113,127,110,117,124,126,127,124,127,138,124,116,121,120,126,129,119,119,120,121,118,117,113,111,117,103,106,112,121,116,117,119,112,120,123,115,116,122,117,110,118,109,113,123,121,111,115,120,119,111,117,126,118,115,110,111,128,122,110,116,121,113,115,121,113,114,110,122,125,123,111,112,123,109,112,125,110,112,112,121,110,108,105,118,114,113,114,108,112,106,106,116,111,113,115,122,123,113,114,119,119,117,117,109,114,125,121,126,124,122,119,124,120,120,121,126,139,131,135,123,123,117,119,121,125,117,115,129,123,121,117,125,131,135,127,122,119,104,116,115,123,129,124,133,124,122,119,108,104,118,113,128,120,112,118,126,123,134,126,130,121,120,116,117,124,125,134,134,129,125,119,112,114,127,134,122,126,124,121,120,123,138,125,129,127,124,125,121,108,135,124,131,130,123,126,129,131,132,112,115,122,130,134,132,140,139,144,136,129,113,133,132,124,133,133,137,127,144,136,134,141,143
126,119,126,126,130,130,133,130,135,136,142,130,117,120,125,121,134,146,127,131,130,133,136,133,128,138,130,123,133,129,135,143,123,137,135,125,133,130,136,140,128,138,144,143,136,135,142,134,128,130,130,128,132,141,138,133,138,136,136,124,129,145,131,133,135,134,133,141,136,121,131,126,124,129,138,132,141,140,141,129,136,132,131,132,135,140,139,141,131,135,131,125,126,130,139,113,131,131,130,119,130,137,135,130,136,132,110,137,128,114,124,127,133,124,124,137,135,133,131,117,128,130,133,142,134,128,123,124,133,125,127,126,125,128,131,127,143,140,135,135,125,122,117,119,131,130,122,129,124,137,131,121,132,135,128,139,118,136,122,129,132,128,123,124,121,130,125,122,141,138,128,129,136,123,126,128,140,126,123,133,123,130,133,131,131,121,137,125,128,119,118,143,124,126,131,134,131,136,138,133,126,130,135,123,119,116,128,144,127,128,115,121,132,122,127,116,112,121,135,123,116,120,129,135,137,122,118,133,133,135,130,124,122,124,120,129,130,117,105,134,119,135,127,134,119,141,138,137,127,132,135,127,122,124,121,105
125,137,127,128,117,115,119,121,127,129,112,105,145,152,144,131,143,141,133,130,120,125,127,126,119,112,120,118,124,120,128,137,140,127,138,124,128,123,106,112,104,105,102,108,99,117,146,143,132,128,142,114,110,115,109,109,113,106,93,101,112,111,147,141,127,125,136,121,108,116,105,99,100,97,101,97,100,103,140,136,124,122,134,107,100,97,99,96,103,106,94,109,112,100,141,136,131,124,131,107,99,104,88,94,103,102,94,98,108,104,145,141,124,135,139,118,119,111,106,107,98,116,104,105,109,106,154,145,116,131,131,115,115,110,105,98,89,102,95,95,92,118,152,147,119,135,135,124,117,104,104,110,107,107,104,97,105,117,145,141,118,135,130,125,107,112,104,106,99,108,100,111,114,120,143,141,119,134,128,121,114,134,125,106,114,112,105,114,115,120,151,158,124,131,121,117,109,105,94,89,86,105,97,114,120,120,138,150,138,126,125,117,107,106,108,110,101,102,122,124,129,112,130,141,151,125,128,122,125,128,126,132,121,122,128,137,130,116,117,123,129,132,135,135,131,133,142,134,138,122,122,123,119,126,133,124
135,124,122,117,125,127,126,125,122,123,123,129,119,138,134,130,118,96,111,113,122,121,129,130,133,125,129,135,132,130,117,118,135,115,111,118,129,130,130,111,144,135,121,126,124,123,132,123,127,115,125,110,115,139,122,118,119,115,131,123,118,121,140,121,132,116,128,111,133,128,129,140,129,129,126,129,123,129,129,122,130,115,128,129,128,133,124,127,121,122,126,133,128,141,127,128,126,112,132,119,133,136,129,131,117,117,131,129,123,124,142,118,131,118,131,112,134,130,128,129,132,129,128,131,123,130,141,122,139,127,143,119,134,132,128,130,130,126,132,145,128,133,147,125,130,124,138,119,138,137,126,140,125,125,134,136,122,130,136,126,130,122,132,116,137,131,125,145,137,130,125,133,117,120,141,124,131,122,133,110,123,129,129,129,122,130,127,130,121,123,144,132,127,130,126,118,126,116,126,120,130,141,125,132,117,125,133,149,129,129,112,122,120,124,130,146,141,137,132,121,123,127,116,149,142,143,128,125,131,118,118,119,121,119,127,139,147,118,138,128,127,122,118,110,130,127,127,128,118,125,128,122,125,120,128,123
129,131,136,131,130,134,127,122,123,120,115,110,131,135,120,130,111,128,119,116,117,114,115,111,110,115,124,122,122,116,116,111,127,103,116,129,136,131,133,119,127,122,132,136,131,115,120,117,134,109,112,133,131,133,111,136,130,142,141,144,135,126,124,131,129,108,112,129,145,141,131,135,129,134,137,133,128,121,119,123,131,120,127,131,136,130,134,133,134,139,148,131,135,135,129,132,133,119,113,126,149,140,142,138,130,145,141,134,139,131,122,128,136,123,120,122,143,142,145,141,134,150,145,132,134,134,127,131,122,113,112,120,146,138,141,149,135,133,128,128,124,120,119,116,126,118,118,114,125,130,134,130,135,121,125,124,132,136,120,122,132,134,117,119,127,124,129,128,128,146,132,137,141,142,122,136,130,141,123,124,136,148,148,144,144,143,117,130,124,123,118,123,127,130,123,130,120,114,109,122,125,113,124,128,129,133,122,126,117,123,123,126,119,125,127,139,126,126,133,136,139,139,125,134,121,141,127,122,133,132,136,136,126,134,126,133,132,137,150,122,116,122,124,125,135,127,127,128,123,127,136,133,130,134,139,121
144,134,119,123,121,116,121,115,119,117,119,124,126,111,121,143,142,112,118,115,124,117,108,110,112,110,127,130,113,125,138,148,131,122,127,119,126,116,118,116,115,116,136,120,111,122,136,136,129,124,122,137,140,124,117,126,122,121,133,120,127,128,141,137,125,126,126,148,151,131,124,129,126,110,142,133,123,127,140,139,126,117,119,131,132,119,131,136,128,126,140,131,132,122,142,137,138,121,113,124,121,125,135,126,126,134,136,137,114,121,131,142,132,121,118,133,123,129,121,126,121,104,109,133,121,126,133,134,144,129,120,132,123,143,126,127,136,136,133,142,141,120,122,137,143,127,121,123,128,155,139,128,133,138,128,145,123,119,128,131,137,127,122,142,129,139,146,129,130,123,129,128,130,126,141,139,139,131,121,132,120,119,113,127,114,114,124,126,143,141,132,110,133,133,119,149,146,129,135,131,132,136,134,138,141,144,134,133,122,121,117,143,142,140,139,136,135,141,130,117,115,123,116,139,122,132,126,145,144,119,116,118,112,118,116,121,137,137,131,124,128,134,139,118,133,118,132,121,125,133,127,134,136,136,134,129
147,138,149,143,145,154,150,149,148,154,153,146,115,119,158,139,135,119,107,145,125,138,136,142,150,143,135,137,137,152,167,133,139,90,134,141,128,144,143,130,139,150,141,122,118,119,131,135,143,135,121,148,123,121,144,122,140,137,109,122,122,133,129,147,148,132,131,118,113,121,131,143,143,143,133,123,115,137,147,137,146,130,125,127,137,146,138,147,147,165,139,120,135,155,146,136,139,131,139,130,131,136,150,137,124,117,114,132,106,112,126,133,142,134,127,136,142,131,120,122,113,125,127,128,105,132,126,138,130,139,133,131,112,121,120,127,128,134,124,128,115,135,125,139,127,144,126,145,134,132,121,128,141,148,123,124,120,130,127,130,131,144,119,130,119,136,128,111,113,116,121,117,118,132,126,133,131,142,130,116,113,106,101,111,123,130,127,132,116,160,130,145,152,136,134,126,119,109,121,144,124,137,140,115,136,126,129,154,134,141,126,138,141,129,128,118,124,128,139,144,136,143,138,140,143,177,140,134,130,144,148,142,136,140,126,146,138,155,142,126,131,150,145,124,138,166,149,142,146,135,127,131,128,132,131,122
93,119,119,126,114,114,115,121,122,120,114,114,117,125,114,95,128,131,130,117,98,113,114,121,119,116,122,119,129,127,131,118,103,132,140,131,131,132,127,133,132,132,140,135,135,149,121,100,89,121,130,137,146,129,140,140,140,144,148,135,126,142,111,97,96,112,132,149,142,125,134,127,135,137,133,133,146,144,133,106,87,112,135,149,136,145,140,130,138,136,135,134,124,147,138,110,86,111,132,143,133,133,125,124,149,145,127,148,149,129,116,87,88,102,125,136,130,127,136,135,149,145,144,139,148,141,122,99,83,105,126,143,139,138,143,147,140,126,145,136,135,134,128,90,89,118,130,151,142,138,137,130,129,136,129,140,132,136,117,93,84,119,126,152,134,144,141,125,149,146,141,135,147,142,114,84,79,114,122,152,152,148,150,154,151,147,146,131,141,144,130,113,89,119,130,150,141,140,139,144,143,138,139,123,125,135,138,108,87,116,137,134,143,115,126,145,137,130,146,130,124,131,126,110,133,128,132,137,140,128,127,129,125,123,121,115,111,145,143,131,118,110,126,135,125,100,111,103,111,113,107,112,118,115,94,122
122,134,127,132,122,117,121,123,124,124,122,126,129,129,131,112,121,121,132,135,124,128,124,135,132,133,131,135,117,132,143,136,111,125,136,128,122,124,115,124,127,125,114,126,123,123,131,135,120,129,125,121,120,133,137,124,127,120,120,128,134,128,136,127,125,130,131,121,134,122,134,119,124,125,115,122,139,131,135,130,127,129,131,118,132,132,130,131,130,130,119,136,147,122,128,111,128,118,130,126,129,135,132,121,131,134,110,126,127,128,140,126,122,123,124,121,122,115,122,121,118,114,119,115,121,123,135,120,117,127,126,109,119,108,120,118,120,130,127,126,136,128,128,117,122,122,130,119,137,134,119,125,123,133,124,124,127,120,113,112,118,123,130,120,115,124,120,114,114,104,109,107,128,119,112,102,114,111,130,120,114,108,110,110,119,117,103,120,106,110,108,135,113,120,125,134,124,128,123,113,120,129,108,109,111,117,115,131,117,121,120,118,108,108,100,109,106,109,115,135,134,126,126,120,137,123,116,115,114,124,130,140,133,132,136,130,135,129,122,133,121,134,133,120,134,134,134,130,126,121,123,126,126,133,133,129
123,120,115,113,111,110,110,108,126,118,119,113,120,131,137,128,100,111,128,131,116,122,110,117,119,121,114,122,117,132,109,120,131,120,126,131,125,123,124,128,118,119,132,126,130,137,144,130,140,124,135,138,140,129,129,138,129,130,130,122,122,141,143,129,135,118,123,135,141,126,143,126,130,132,137,134,125,138,143,136,136,118,125,125,138,130,137,137,142,135,136,131,122,124,143,143,128,120,128,121,128,122,139,134,138,128,126,130,133,132,134,140,131,117,126,118,136,124,132,125,138,126,139,133,125,128,137,139,137,122,118,123,137,125,125,130,133,133,128,132,123,141,134,139,127,123,120,130,126,126,127,123,128,119,124,127,122,129,135,135,134,121,123,130,124,123,128,128,127,128,139,130,125,135,136,139,128,118,113,127,122,128,125,130,140,135,135,126,123,136,132,131,132,119,114,135,140,122,121,130,126,138,129,125,129,137,133,128,139,125,127,134,138,126,129,128,127,122,126,118,120,129,123,129,130,131,124,137,129,134,131,127,116,113,126,127,123,138,134,129,119,122,121,131,121,119,113,119,114,115,126,131,130,121,123,120
127,134,140,145,144,144,143,144,141,138,139,142,144,136,127,122,147,120,129,128,125,130,141,138,137,131,136,141,142,147,126,132,145,138,133,146,137,134,151,169,157,158,156,162,155,148,141,141,136,146,143,158,161,166,158,161,163,156,161,163,146,140,143,143,132,144,123,143,143,157,159,148,174,174,158,162,151,153,139,134,134,147,149,161,148,153,155,156,154,139,151,136,132,123,132,131,126,143,139,153,145,147,120,134,145,140,149,140,136,136,125,138,130,145,133,150,152,150,146,149,144,135,146,147,141,149,137,126,125,136,127,151,140,147,136,142,140,136,146,130,128,140,132,118,124,136,131,138,137,125,119,123,121,109,133,127,138,145,130,122,125,142,143,115,132,131,140,134,147,141,141,131,124,135,125,113,122,141,125,123,140,120,134,148,138,136,135,135,123,107,111,125,107,130,127,115,135,128,120,127,124,124,114,123,123,119,119,130,122,120,126,102,122,116,112,119,136,137,114,135,145,139,142,138,126,124,131,98,100,134,140,140,148,142,143,147,144,144,138,144,130,138,137,123,142,130,135,144,147,138,139,133,138,153,151,145
133,149,142,134,141,136,131,138,127,131,134,135,126,129,145,124,132,149,143,140,151,153,150,149,142,142,141,144,134,132,155,134,120,138,141,128,132,134,131,133,126,126,126,128,119,117,143,132,117,136,133,125,116,124,126,116,119,126,114,116,113,117,135,121,122,139,141,129,121,134,111,115,119,119,114,121,112,107,136,117,120,137,140,123,113,126,130,120,120,116,116,119,111,115,132,107,120,133,132,114,114,117,129,125,116,120,125,115,123,124,134,124,124,135,134,113,127,136,126,111,114,126,119,119,133,135,135,114,120,130,136,118,130,115,129,114,108,102,114,115,119,122,140,123,123,121,135,117,114,107,126,127,122,123,115,107,127,119,137,126,125,119,132,116,123,120,122,119,106,115,118,125,123,119,124,126,130,122,132,105,115,112,116,104,99,106,109,123,117,127,131,126,112,113,123,104,118,112,115,111,124,116,117,131,125,121,122,116,120,112,118,128,130,129,128,133,134,125,135,124,116,131,124,111,118,131,133,129,148,131,132,126,129,126,117,123,119,134,134,130,127,130,120,131,123,133,125,122,118,116,119,118,122,129,131,133
108,120,120,118,120,116,117,111,128,124,121,113,134,131,128,106,130,123,128,111,121,114,117,111,121,124,122,121,134,129,133,135,127,132,120,119,114,119,103,119,113,119,117,113,112,119,123,137,123,125,120,127,122,122,120,123,113,126,118,120,131,125,125,138,128,131,123,132,129,129,121,120,115,119,126,121,110,122,129,128,128,131,131,125,128,118,123,122,124,121,129,125,127,137,134,120,129,126,128,125,123,116,134,129,124,128,124,123,129,136,132,142,132,133,130,130,132,133,134,118,130,137,135,141,135,137,128,132,136,129,135,135,135,135,133,133,131,131,128,130,122,130,127,131,127,130,129,132,140,128,125,135,142,139,132,131,141,133,128,122,124,123,133,141,129,129,133,138,149,146,138,148,138,126,128,128,125,130,137,151,138,137,137,129,126,131,132,136,145,144,139,134,135,127,131,133,137,133,138,136,136,142,143,145,145,147,139,128,143,130,140,144,143,137,141,128,136,137,133,132,135,139,141,132,115,128,137,149,132,119,121,117,124,123,123,126,128,127,145,134,118,126,137,143,128,112,119,117,121,120,120,115,118,120,125,113
136,145,143,138,152,152,151,149,147,148,151,141,131,138,145,146,150,130,131,129,144,143,136,129,127,126,129,127,136,130,130,160,143,129,135,145,137,133,144,130,126,135,145,139,138,122,133,150,141,120,123,129,128,138,118,135,130,124,137,130,127,127,122,152,135,124,111,123,131,113,133,133,123,128,130,135,128,136,110,130,138,120,116,144,122,122,117,128,115,120,137,121,119,127,105,126,131,112,106,129,125,119,116,118,124,119,119,127,126,119,117,129,125,114,107,125,120,124,121,116,123,111,121,125,122,119,116,126,128,109,110,129,117,122,114,126,127,126,121,135,133,130,114,131,116,107,106,130,119,115,121,122,128,127,129,128,119,128,117,128,115,111,109,120,119,120,115,113,120,109,120,126,114,128,122,121,119,116,109,115,115,112,115,119,119,114,134,124,119,119,126,124,119,123,114,131,135,124,127,132,133,122,138,126,123,129,127,117,116,121,113,120,130,112,119,124,131,127,116,124,126,126,131,138,120,133,118,116,109,117,128,131,117,126,140,144,130,126,132,137,124,137,128,121,130,134,135,134,138,135,136,138,136,129,116,120
109,104,117,123,116,115,116,116,119,119,131,133,142,126,110,111,111,105,130,122,123,133,123,124,125,130,132,136,144,139,117,121,133,122,131,130,151,149,133,133,126,126,135,124,139,135,129,126,126,123,145,150,152,137,127,140,131,126,133,129,135,140,129,122,124,117,131,137,139,133,140,131,134,130,136,138,137,143,137,123,126,121,133,151,147,138,142,145,136,132,125,117,125,128,122,129,116,121,124,134,135,128,135,130,133,134,125,135,139,123,124,120,117,122,121,136,134,127,125,129,133,134,127,135,134,133,122,117,123,130,136,145,137,134,129,134,141,134,146,139,141,145,135,115,120,128,126,141,135,135,120,133,133,136,137,132,144,144,134,108,115,128,119,135,124,131,127,121,135,131,129,134,139,143,142,110,114,127,126,138,120,125,130,128,138,124,123,137,135,131,134,114,124,144,135,137,140,131,122,134,138,128,140,126,133,146,139,128,118,137,122,128,137,136,134,136,137,133,133,124,132,128,123,130,113,116,123,128,134,116,121,129,128,132,139,142,139,125,118,114,126,117,124,108,139,137,139,137,136,130,134,145,138,133,131,112
132,143,133,125,120,120,124,129,136,138,129,129,128,125,128,119,141,138,120,130,121,127,117,118,125,115,119,133,124,121,133,131,131,124,122,118,113,105,113,114,114,116,138,125,122,120,121,130,128,123,117,131,135,119,121,119,134,139,131,130,129,120,121,124,131,129,119,140,111,111,115,115,118,122,111,119,135,129,131,118,131,130,115,139,126,112,123,113,118,132,123,121,130,118,127,125,125,125,117,147,126,118,113,107,127,124,119,122,116,122,125,125,127,126,123,139,108,118,110,110,108,117,113,121,120,119,132,124,127,132,126,132,105,128,112,110,122,115,117,129,122,123,121,127,125,128,126,129,103,111,111,112,128,128,121,121,114,115,124,138,122,130,125,129,114,109,111,106,117,125,109,126,129,122,132,132,123,134,129,135,102,122,127,115,125,122,126,126,130,130,131,116,127,130,129,136,114,116,123,134,133,124,126,117,117,118,128,119,138,120,115,125,121,110,116,124,124,120,122,123,117,115,129,133,133,135,123,118,109,119,115,125,124,123,124,133,132,124,121,134,122,128,119,124,116,116,129,126,126,127,136,134,138,137,131,123
127,122,125,126,122,119,125,117,120,116,124,127,140,134,129,125,111,117,112,111,116,112,113,103,116,113,112,109,114,108,114,115,122,114,113,87,107,113,108,99,105,110,101,101,116,118,117,127,123,114,109,104,108,104,120,107,107,117,115,116,119,123,111,128,117,117,115,120,135,131,104,113,110,121,130,114,104,104,109,125,118,118,112,112,104,110,122,122,123,117,121,125,110,105,105,117,122,114,103,96,90,99,130,142,119,120,131,130,121,128,124,127,129,111,122,108,116,105,125,128,131,125,132,132,140,124,122,122,132,123,127,112,126,117,126,123,118,112,119,116,117,102,119,123,129,132,127,98,116,114,122,127,119,119,119,123,112,111,128,119,135,130,137,98,109,112,130,119,130,120,135,133,141,122,124,118,139,127,140,114,117,127,134,122,111,118,117,123,123,109,116,141,140,122,141,91,109,98,97,107,116,109,106,119,116,121,120,132,130,114,141,96,103,106,102,105,116,115,112,139,133,123,116,107,138,108,123,121,117,131,139,125,130,126,133,126,120,100,100,118,119,117,111,120,119,140,125,114,110,119,123,123,121,116,112,118
133,128,123,128,127,124,128,126,131,128,124,126,131,126,134,130,124,120,125,128,118,122,128,133,128,135,140,132,130,122,131,125,117,118,108,128,124,125,130,130,131,134,134,122,118,132,124,122,117,127,115,125,123,128,120,130,119,122,112,119,106,113,125,116,121,127,112,114,116,120,117,133,130,133,121,119,122,119,119,127,112,119,121,115,116,134,128,125,130,128,116,122,119,118,115,125,114,114,120,117,114,126,126,126,121,126,120,118,119,116,123,116,113,119,117,114,116,119,121,128,124,119,133,121,116,114,131,112,118,122,120,110,129,120,116,133,119,128,123,126,110,115,127,109,114,125,121,114,112,120,110,118,111,110,106,123,115,108,132,119,119,125,128,110,113,113,114,126,121,116,117,113,116,115,136,119,117,129,125,111,112,119,122,127,116,128,122,114,118,114,126,118,110,118,127,116,116,118,114,117,125,128,118,111,114,111,126,127,119,114,122,106,112,106,111,115,105,113,115,124,125,120,128,125,125,125,123,107,113,121,126,136,126,128,139,136,129,122,123,128,117,118,143,126,135,128,138,134,133,137,132,124,130,120,120,118
106,124,132,127,126,126,121,128,123,122,126,124,132,131,125,112,133,127,140,149,125,128,134,132,140,139,139,139,150,148,142,124,141,154,144,145,130,135,131,134,127,131,138,138,154,144,135,126,143,147,145,145,125,133,134,126,135,122,127,126,135,153,137,128,136,130,134,134,121,117,124,122,123,121,135,133,137,144,132,128,129,139,145,145,126,133,119,116,115,114,126,135,136,144,125,121,126,137,141,141,124,120,106,114,121,121,122,125,134,132,128,119,115,130,135,154,117,128,124,125,127,119,122,126,132,131,129,120,104,97,118,112,101,102,106,108,116,98,106,112,121,124,114,104,103,102,118,127,102,110,117,110,112,114,110,107,129,125,117,101,115,107,122,132,117,112,106,119,115,112,109,102,106,115,114,97,114,105,115,119,95,101,99,104,105,102,115,111,123,123,117,102,111,108,117,137,124,123,127,123,128,121,126,121,119,131,114,125,112,113,139,148,121,133,134,119,133,120,106,108,114,113,110,120,132,128,118,143,108,105,107,112,110,115,106,108,111,116,115,130,127,126,106,113,89,105,112,112,114,122,122,115,116,124,118,138
131,104,110,110,111,105,107,103,105,103,111,109,126,114,101,132,121,123,123,85,111,76,77,75,70,89,89,79,78,97,88,108,128,108,108,94,99,96,93,88,79,86,90,94,92,77,100,115,119,101,113,115,108,99,79,100,78,97,113,88,104,88,87,110,116,100,104,114,126,115,87,98,89,87,103,107,94,96,79,114,113,95,110,106,100,112,97,98,95,92,116,97,94,108,87,119,123,101,88,114,115,117,130,109,95,98,121,93,101,104,81,120,121,100,99,111,101,108,102,104,98,94,99,95,102,87,78,116,127,106,90,98,110,107,101,114,91,93,91,93,102,93,69,126,128,107,91,89,102,106,120,100,110,97,99,91,114,103,85,123,140,110,98,102,112,98,98,115,87,87,114,99,99,113,93,133,139,126,102,94,109,92,94,121,93,90,95,89,86,107,87,122,138,126,110,108,112,89,93,128,126,101,101,113,104,103,97,116,125,129,114,106,104,123,115,126,128,117,95,107,110,109,99,114,119,143,123,103,109,119,118,101,100,113,126,119,114,120,132,135,131,128,107,98,125,115,109,109,104,121,125,127,128,123,132,140
137,146,134,137,125,133,131,133,121,124,139,144,142,143,133,123,140,148,150,145,144,138,135,133,128,127,134,132,141,143,135,132,132,142,130,138,124,130,128,135,125,137,129,136,128,136,126,130,126,135,127,125,120,124,129,127,126,133,136,116,123,123,117,129,126,124,117,114,122,116,137,142,122,130,128,120,126,116,110,113,121,125,113,112,117,131,116,115,118,130,125,141,122,123,106,111,123,123,111,123,122,128,122,121,117,121,129,117,121,123,114,123,122,119,118,113,115,115,119,130,126,115,113,107,109,117,117,114,131,112,111,115,109,109,115,119,121,127,117,125,130,125,110,128,136,115,116,115,131,125,120,134,137,145,138,136,125,119,119,131,137,115,130,121,131,122,124,138,126,112,117,103,105,113,116,134,142,109,125,105,121,121,111,121,116,120,124,117,125,134,113,148,140,122,135,118,123,115,126,135,141,146,142,131,128,122,120,130,131,126,129,131,141,126,132,137,138,137,124,130,131,110,115,141,136,128,130,111,119,130,137,135,131,131,139,133,135,134,137,133,153,147,142,116,126,129,132,132,140,150,133,148,140,146,150,141
131,120,117,117,123,121,121,128,135,137,134,125,120,107,126,133,124,120,126,130,141,140,141,131,125,127,133,136,120,121,135,131,131,123,119,119,131,135,149,145,149,132,131,143,124,120,135,127,128,128,130,118,119,133,135,130,135,125,125,137,121,120,138,125,132,131,135,130,118,139,149,133,141,136,140,133,126,124,133,138,135,128,139,132,135,124,127,135,130,136,122,124,125,118,123,128,131,132,135,133,124,129,129,131,129,126,130,128,115,124,148,133,130,140,134,137,141,136,134,144,135,139,139,130,121,123,136,125,129,141,134,122,123,122,123,125,126,142,135,124,121,124,140,129,129,136,131,124,125,128,119,120,123,130,128,118,122,113,135,125,133,133,126,121,125,137,124,135,128,150,135,133,115,126,145,124,133,136,124,131,131,136,132,125,140,133,127,128,99,118,140,123,131,132,115,102,117,130,125,125,128,133,121,126,110,108,127,138,116,144,126,117,117,135,126,118,122,126,113,126,122,145,139,133,116,125,136,119,121,142,133,127,121,122,124,137,139,155,145,131,119,121,133,131,138,132,130,124,139,127,129,124,129,131,115,125
120,130,137,138,138,137,138,128,136,133,129,123,128,132,129,117,126,125,130,142,135,136,125,130,121,126,115,107,118,124,116,119,110,118,121,137,131,128,123,133,132,125,106,127,124,120,107,115,112,112,110,116,103,122,119,125,127,121,114,134,119,125,115,122,120,119,122,121,128,126,133,122,132,122,115,120,116,110,121,137,121,116,127,115,105,117,107,107,114,113,113,121,121,113,123,134,131,121,132,114,122,113,114,128,121,124,125,126,128,142,127,136,123,117,130,140,127,123,120,137,128,128,126,123,132,122,121,123,133,129,126,153,137,125,130,127,117,122,127,118,133,115,122,127,126,127,122,123,116,104,106,122,116,121,122,114,137,127,133,115,129,129,128,130,124,118,116,129,115,133,149,139,139,112,129,133,125,137,135,135,124,128,127,115,127,126,111,131,118,125,137,134,121,132,132,127,129,139,130,118,118,131,117,133,132,137,125,122,131,120,126,132,120,128,122,126,125,129,126,124,118,123,126,110,123,109,115,128,136,127,134,134,145,138,118,124,111,122,120,107,119,113,121,129,133,125,120,118,111,117,109,116,109,111,122,121
123,108,126,121,130,133,130,130,132,133,127,113,104,107,117,134,111,113,113,118,129,132,135,127,125,122,130,128,123,120,109,125,121,120,112,118,119,119,120,111,120,124,127,132,121,120,125,120,120,118,116,120,126,129,123,129,124,129,133,124,114,130,128,122,125,131,137,122,143,137,123,134,132,127,134,130,132,132,136,130,130,133,141,129,136,139,133,137,133,132,136,149,128,137,145,133,129,133,139,123,141,144,147,153,141,134,146,123,129,146,131,137,128,136,132,121,128,124,125,136,132,124,121,121,124,138,124,130,135,136,135,126,126,133,137,143,135,129,136,137,145,134,139,142,137,135,134,127,145,138,154,159,150,149,140,138,131,132,138,135,138,135,136,138,146,137,144,149,145,138,126,122,124,136,134,139,136,129,136,122,134,120,121,141,131,136,131,143,145,140,128,122,124,121,125,108,122,136,134,134,141,141,141,150,134,124,116,115,123,121,115,125,135,142,136,135,131,136,137,129,129,126,115,113,119,113,110,110,128,128,133,141,128,125,123,117,102,118,117,140,134,122,106,102,115,121,122,126,121,134,135,135,127,122,127,141
121,132,134,129,140,141,133,140,146,149,150,144,113,119,133,122,142,107,122,125,138,139,143,148,147,146,147,145,134,114,138,144,136,121,126,119,137,127,135,122,130,150,140,130,130,122,142,125,140,111,110,116,129,122,112,133,121,115,134,121,109,125,139,119,149,122,128,128,130,120,126,128,125,132,122,136,125,124,148,122,146,122,134,145,133,144,128,117,130,132,124,125,111,119,145,132,137,124,133,123,140,130,119,119,121,127,108,124,125,110,143,125,137,131,134,113,111,107,119,118,128,123,117,119,121,119,143,132,153,148,147,124,149,145,146,151,145,147,150,156,124,124,145,128,147,147,142,142,140,135,127,136,128,128,136,142,126,123,140,119,131,139,140,132,139,130,123,128,122,119,136,137,122,123,143,120,141,140,138,130,136,138,142,149,141,131,144,138,132,127,133,132,130,131,139,135,150,136,132,136,144,127,136,122,111,124,131,132,133,144,128,117,126,119,119,132,131,129,141,141,121,122,124,124,128,138,147,112,143,141,139,138,131,125,136,137,120,122,128,116,124,123,119,114,140,127,133,128,129,138,131,126,126,123,113,116
120,132,130,131,123,122,126,131,126,128,126,124,125,128,128,113,125,125,126,141,129,144,133,132,135,128,130,122,133,129,132,126,121,129,130,118,133,134,130,128,134,132,127,136,127,116,115,117,116,123,116,111,124,132,122,122,129,119,127,126,112,113,111,111,117,125,122,114,129,119,126,121,133,130,131,135,139,124,134,126,117,118,117,124,130,131,135,134,127,125,126,134,118,110,131,134,119,119,124,111,120,127,128,125,127,125,104,117,129,109,123,125,116,121,124,107,121,130,122,116,113,116,128,113,117,120,122,122,111,123,120,111,119,121,127,125,135,137,137,141,128,115,129,120,120,122,115,119,128,136,138,126,134,134,127,121,108,110,115,112,112,111,113,121,128,123,119,113,117,115,115,112,112,113,124,104,117,112,114,108,117,120,123,130,132,128,132,132,121,118,131,121,112,110,111,113,131,140,138,120,131,121,129,112,98,112,109,121,115,120,110,116,126,115,114,119,120,125,123,125,127,135,133,135,137,122,135,120,133,134,133,134,123,124,119,129,134,136,132,140,132,131,139,147,141,142,143,145,147,149,153,152,163,153,120,149
118,122,133,134,141,135,135,140,143,147,140,138,137,126,125,128,126,126,138,137,135,143,140,142,141,140,138,138,126,121,129,123,137,140,156,129,147,142,137,140,122,141,148,140,130,124,136,142,133,151,151,137,133,136,147,139,134,144,133,128,117,119,128,133,126,146,135,140,132,131,129,124,129,124,127,116,138,130,118,134,122,139,124,133,142,136,141,146,140,140,144,130,129,117,120,130,130,140,128,127,138,140,135,125,146,146,123,141,137,118,132,128,127,135,131,142,151,147,141,128,118,144,137,140,124,123,131,131,126,142,129,133,120,129,123,133,134,128,131,140,126,127,123,123,127,133,129,124,127,133,136,122,138,138,123,128,108,112,119,125,123,121,129,123,116,130,125,110,125,128,120,126,115,119,117,124,122,120,128,132,134,128,129,129,132,139,134,135,137,128,118,117,126,122,138,125,136,132,145,144,138,139,137,120,130,112,121,129,129,128,135,126,133,132,137,129,131,135,136,141,139,123,124,125,128,130,135,116,134,144,149,136,144,145,125,129,132,137,130,125,113,125,119,128,130,137,153,142,146,133,133,127,140,145,135,123
115,131,128,132,120,118,118,116,116,117,113,122,130,128,132,125,121,119,132,129,125,125,129,125,128,121,133,127,125,123,132,131,135,108,128,136,119,125,122,132,112,123,117,116,128,130,131,116,134,112,132,150,131,126,135,130,134,145,137,125,141,139,132,112,126,112,131,139,141,130,138,129,135,130,129,136,132,132,136,114,125,114,133,132,119,116,136,140,132,127,133,128,135,139,133,111,126,118,134,125,120,117,115,132,136,124,128,142,140,130,126,123,118,120,120,131,125,126,127,127,124,117,136,138,139,142,130,116,112,127,127,139,130,115,131,134,129,118,128,128,142,135,132,121,113,128,121,141,127,117,127,136,125,121,126,127,138,140,138,125,123,127,118,131,125,131,129,132,134,134,131,137,144,132,140,125,121,123,117,146,141,125,126,134,130,127,134,129,130,126,137,122,110,126,111,134,127,119,127,123,117,112,120,119,122,132,137,117,124,126,105,138,128,121,125,114,113,121,129,127,117,134,151,124,124,131,126,124,129,126,126,125,123,124,130,126,125,133,138,127,127,131,125,127,114,105,121,114,110,119,122,123,123,117,119,111
130,133,127,132,140,140,142,136,134,131,129,135,125,139,137,132,134,137,130,114,135,124,127,125,126,123,115,112,104,116,127,133,141,127,121,105,104,112,104,109,100,99,117,112,108,103,131,157,138,139,125,117,122,106,112,96,103,111,106,106,109,96,128,153,145,143,127,123,112,122,106,111,114,111,120,112,107,113,119,142,145,146,124,125,115,101,114,116,120,121,124,131,111,105,112,142,151,140,129,120,116,113,135,127,124,122,129,113,116,129,143,144,146,139,138,119,111,111,111,110,119,122,128,125,129,108,143,145,150,133,133,117,126,112,124,118,127,122,113,124,125,138,146,149,156,134,137,131,122,109,140,130,133,123,121,113,130,117,145,149,155,131,143,121,130,108,134,129,126,121,124,114,110,123,138,145,143,133,141,117,111,117,118,115,119,132,115,111,123,137,138,135,136,121,144,110,104,103,109,122,133,129,123,124,116,109,138,132,120,114,125,123,118,112,117,116,124,116,114,139,133,124,132,145,127,127,112,106,110,129,134,130,136,136,134,121,128,133,134,140,134,134,128,119,126,131,129,130,121,123,119,126,123,124,126,134
118,120,128,119,119,117,122,122,120,122,130,123,118,115,117,114,128,132,117,123,115,116,114,118,113,119,123,117,126,143,105,126,131,125,124,134,138,135,138,134,130,132,116,132,144,123,122,124,129,132,130,142,132,127,129,125,134,128,125,127,132,152,126,130,124,127,132,143,140,117,123,127,127,130,119,120,133,149,136,126,124,133,127,132,132,127,123,138,128,119,119,115,135,136,138,115,114,134,131,136,119,112,118,124,125,120,120,119,127,119,126,122,116,127,130,132,124,125,123,131,127,122,134,135,130,145,123,120,112,129,140,146,139,141,130,137,134,123,144,134,148,149,142,130,108,130,144,137,133,120,114,129,135,130,128,128,129,137,134,124,111,135,136,144,127,123,115,127,130,138,141,136,146,151,145,115,121,132,143,141,136,130,130,137,138,134,131,142,144,150,160,127,109,137,134,142,136,148,149,128,133,136,127,131,143,152,140,117,109,125,125,143,132,130,125,125,128,139,134,119,125,123,133,119,107,124,144,140,129,126,117,122,119,119,111,108,108,110,107,112,113,122,125,122,103,108,102,115,114,109,112,108,112,118,116,114
69,63,45,39,35,35,32,32,34,33,38,46,54,69,93,73,73,62,65,60,57,51,54,44,47,50,51,57,54,55,74,82,69,64,62,70,56,54,56,58,53,57,64,69,73,57,70,70,62,69,70,72,69,70,66,66,58,60,71,57,72,60,73,67,64,60,69,59,55,45,67,72,57,58,69,60,74,71,66,64,55,56,72,73,76,71,65,69,67,72,64,77,74,74,64,62,57,54,76,85,69,71,71,67,63,60,70,61,57,64,72,60,56,50,75,70,55,47,52,59,59,61,52,62,53,55,72,53,52,60,81,65,52,53,57,56,61,62,51,58,61,66,86,51,54,62,84,76,69,59,65,70,62,62,62,58,63,57,84,49,62,65,85,74,69,59,65,77,66,53,51,49,57,73,86,54,58,60,80,64,55,48,48,69,53,54,59,53,60,69,83,66,73,75,86,69,75,63,73,96,86,74,79,67,72,70,95,89,72,84,86,83,85,67,69,81,77,66,53,62,74,90,92,90,82,85,86,77,59,61,58,53,63,69,81,83,88,103,95,102,88,82,89,88,67,69,72,69,86,95,94,101,104,96,97,95
127,138,140,127,119,121,119,118,116,110,113,112,133,135,137,126,127,120,113,116,114,126,124,121,128,124,122,127,126,136,141,116,131,119,136,136,138,144,136,133,126,126,129,139,144,137,131,121,128,123,133,136,128,140,136,139,132,137,143,151,145,144,132,120,119,115,137,151,144,132,128,123,123,127,133,133,130,133,128,107,115,117,128,123,122,123,136,132,129,125,133,117,126,142,139,105,115,112,125,128,126,128,129,131,131,139,122,138,137,120,129,109,115,113,119,121,136,135,132,126,123,143,141,142,147,138,124,108,130,125,128,135,134,132,138,143,130,125,135,134,136,144,139,117,129,126,131,127,127,137,136,131,131,128,124,125,132,129,134,118,132,127,131,139,126,134,133,128,133,148,142,144,136,135,130,123,134,123,129,136,144,144,136,134,133,127,138,143,144,149,138,126,123,119,127,127,130,131,124,135,138,126,140,133,143,145,144,143,105,110,111,133,137,127,128,120,116,116,122,116,131,125,132,146,135,126,127,115,108,111,110,113,117,124,115,118,122,103,121,130,120,138,127,122,107,115,107,112,111,122,113,102,115,119,121,127
155,145,148,153,154,158,161,157,152,146,148,148,134,127,120,168,162,134,123,116,143,129,145,146,139,141,141,150,118,120,118,125,191,159,133,142,148,139,141,134,120,120,125,130,130,115,175,176,196,183,166,152,155,135,127,139,135,141,127,132,139,129,176,184,207,193,180,160,156,141,144,157,131,136,154,140,146,137,159,183,205,196,179,144,156,145,134,150,126,136,147,151,144,147,162,189,203,189,177,138,159,154,149,146,149,156,163,151,147,133,180,194,205,195,177,149,142,154,154,147,155,158,135,145,140,136,183,193,217,193,177,156,150,145,166,154,163,135,144,151,160,171,185,196,214,194,183,149,143,148,176,159,168,164,153,162,146,149,185,196,211,200,197,171,161,157,165,152,156,158,139,148,141,149,169,181,209,189,187,155,150,152,147,145,150,147,152,147,163,175,168,143,201,179,178,150,147,142,150,169,167,149,170,170,153,147,163,153,147,152,144,170,173,164,180,179,177,152,166,153,139,102,124,170,137,129,114,136,147,146,143,146,158,161,166,169,156,121,131,174,167,148,112,103,114,146,170,172,182,187,177,172,167,164,155,179
138,137,139,150,144,138,143,136,144,151,140,133,149,144,135,137,136,143,153,156,134,142,141,146,147,157,163,158,174,152,160,142,136,147,155,138,142,146,133,131,154,136,134,145,151,137,142,134,139,141,155,131,129,147,126,136,148,137,142,151,159,142,137,127,129,130,145,137,130,140,128,133,135,135,131,141,133,119,125,129,124,120,140,121,121,133,116,121,120,123,124,126,144,143,127,134,122,121,134,118,131,132,115,121,121,131,130,124,127,138,125,113,121,128,129,117,130,130,128,122,131,136,136,126,134,123,124,120,130,132,137,138,137,125,129,124,124,146,135,127,138,140,144,132,129,131,135,124,128,122,127,138,134,129,135,132,143,122,131,130,127,129,132,137,132,134,128,123,126,131,133,145,150,125,130,120,129,122,124,131,127,138,135,130,121,129,119,139,129,131,131,127,137,127,132,146,134,140,123,125,133,136,135,150,155,143,133,131,134,139,137,142,131,137,133,149,145,136,130,117,118,133,126,116,120,129,124,135,134,134,128,125,126,122,128,126,124,140,134,122,137,120,109,139,108,127,125,126,134,134,131,128,136,127,128,130
131,128,144,143,138,141,139,133,135,135,128,133,136,140,130,138,113,110,109,126,124,127,130,127,129,131,130,132,131,130,107,124,148,128,116,125,119,132,123,125,118,120,124,123,133,134,128,134,148,136,120,120,128,123,123,119,127,115,122,126,129,134,128,136,137,136,122,137,127,133,132,131,120,119,130,132,124,131,129,141,144,132,131,124,128,132,128,127,121,115,123,115,121,132,124,135,140,126,123,123,120,118,117,111,131,138,129,144,148,129,126,132,142,131,126,133,132,135,135,133,138,119,135,139,142,147,134,136,132,129,125,119,126,120,130,135,136,123,135,121,120,125,121,143,138,130,124,122,111,120,119,105,121,116,123,124,136,138,133,142,136,132,128,121,119,138,141,123,138,139,134,142,138,130,138,148,136,130,125,149,138,144,141,135,136,119,127,126,137,119,129,156,140,135,136,140,128,132,123,121,102,113,124,123,131,124,132,129,146,124,124,123,130,133,126,111,110,134,140,134,129,99,95,118,119,114,112,120,132,127,130,136,134,128,116,120,118,100,100,130,118,106,98,110,117,108,112,121,125,114,113,118,114,112,108,115
150,121,137,134,137,140,139,134,124,121,126,124,122,104,102,134,133,107,101,105,116,105,119,117,116,114,104,103,92,87,111,97,134,111,104,126,103,101,105,103,99,92,108,100,97,92,114,130,142,131,118,120,115,105,85,106,106,111,104,98,106,93,108,131,136,130,113,92,103,107,120,118,104,98,99,98,101,94,101,129,141,134,122,113,105,105,102,106,93,109,99,105,107,92,96,123,142,135,112,105,111,113,104,101,87,92,106,92,93,91,111,129,140,132,111,103,104,110,111,114,99,105,73,87,89,91,112,126,136,129,106,95,98,94,102,104,93,91,78,100,99,102,98,130,133,125,121,105,97,113,104,108,104,91,101,101,116,86,100,136,134,125,117,100,101,93,93,120,93,90,70,79,84,77,96,133,132,124,119,79,95,93,87,94,86,92,84,80,90,96,101,110,140,130,121,87,88,75,85,109,101,97,111,104,107,99,103,116,115,118,118,117,110,108,114,119,112,103,94,100,106,88,85,132,128,100,87,90,87,99,111,103,110,119,123,121,127,97,89,118,142,136,106,62,96,135,134,137,125,135,135,132,136,131,126,134
124,133,126,131,141,140,133,146,144,147,142,143,126,116,130,118,119,128,136,138,150,140,148,140,134,137,140,134,136,119,119,135,117,131,134,121,127,123,112,108,112,127,114,107,104,100,127,125,124,124,133,120,119,110,113,115,103,106,105,100,102,106,128,133,134,135,132,108,124,119,123,132,125,125,120,116,116,126,128,140,129,133,126,117,144,134,115,126,117,113,123,113,120,115,121,134,125,127,130,106,123,116,115,129,109,104,128,109,103,119,127,127,132,138,134,117,140,128,133,126,129,132,144,130,118,134,138,142,133,144,142,118,134,118,126,137,119,126,128,124,114,132,142,138,139,141,138,136,143,122,118,120,117,115,127,133,128,132,147,142,138,138,139,113,122,123,123,135,124,136,132,132,126,134,137,132,137,139,139,134,145,138,131,136,130,139,134,129,127,140,139,132,125,135,121,132,124,126,123,116,121,130,119,118,123,126,124,126,135,154,140,123,117,131,124,112,117,128,131,145,132,150,132,131,129,136,125,125,120,140,136,128,140,135,135,134,132,144,134,134,129,124,138,129,148,132,128,132,137,144,130,131,126,125,126,132
138,117,121,124,114,113,118,120,121,121,122,130,129,130,136,134,129,136,135,114,134,119,124,117,119,110,125,126,127,121,128,137,120,130,129,125,133,115,110,114,125,127,110,111,113,115,143,138,115,127,127,117,128,123,108,118,124,130,114,111,116,113,142,134,116,135,134,125,126,122,116,131,125,129,127,112,121,125,134,128,117,135,139,116,134,123,115,124,127,129,140,131,130,132,132,119,119,131,135,118,136,124,128,137,128,130,129,124,119,127,150,145,122,135,148,126,131,123,128,131,137,142,129,125,134,128,154,130,114,124,128,115,122,104,113,113,98,103,108,115,121,140,141,131,120,119,133,107,131,131,125,136,126,123,132,133,127,116,135,131,128,120,133,116,129,110,119,132,117,111,100,114,105,108,129,139,122,114,134,115,114,112,109,113,104,114,108,122,121,119,131,113,124,120,140,98,100,115,126,117,113,121,126,134,127,120,136,115,133,130,138,120,133,137,137,129,127,128,125,124,123,148,131,130,135,118,127,131,130,116,117,117,124,128,127,116,126,140,134,120,122,124,130,125,127,115,129,124,116,125,121,124,133,141,130,127
136,137,131,134,138,142,139,139,134,135,128,128,126,124,121,133,134,138,120,130,128,131,137,142,134,137,135,133,126,128,126,130,126,131,117,122,130,130,131,127,121,130,133,130,111,131,120,133,138,137,123,120,113,123,135,131,127,125,123,129,117,125,131,131,132,138,119,131,137,133,123,122,134,136,119,141,121,117,129,131,135,133,118,136,123,140,147,141,142,140,120,139,135,122,132,144,136,137,127,136,125,135,141,143,136,144,134,142,143,142,136,139,136,144,130,130,135,135,134,133,131,130,139,136,138,143,134,140,137,133,115,125,141,144,139,148,148,140,147,147,135,135,131,137,133,134,126,137,136,143,129,140,129,135,132,134,140,149,132,139,135,134,129,128,132,139,126,138,144,148,143,144,142,137,123,136,133,137,133,126,133,141,140,140,140,146,147,150,136,139,125,124,140,141,137,136,140,135,137,128,129,134,131,133,125,136,124,139,125,128,132,122,121,127,118,127,125,124,134,135,130,122,135,134,135,118,130,121,134,130,126,129,134,127,131,137,130,127,132,137,128,136,136,133,131,145,139,140,141,131,136,130,134,127,138,136
132,135,118,110,117,116,118,113,117,113,119,120,112,127,141,130,145,130,119,126,116,124,119,117,124,120,123,131,118,101,131,141,119,139,132,110,124,128,125,106,118,115,115,120,126,108,129,124,121,128,141,118,119,117,123,115,111,109,104,112,119,116,126,120,116,128,130,124,112,117,111,118,125,129,115,116,119,117,123,122,123,129,125,133,123,117,133,122,125,114,108,116,106,107,113,126,129,121,118,121,106,108,129,117,121,127,107,122,124,111,115,124,127,117,122,132,119,114,117,112,116,136,124,138,144,114,124,125,126,124,126,146,118,122,127,113,128,117,127,129,130,122,125,128,130,123,129,139,122,117,133,109,105,121,116,107,123,121,128,137,136,123,130,113,116,124,120,108,108,120,116,119,131,114,121,141,132,118,124,131,113,120,125,112,121,121,114,120,125,113,121,126,130,119,125,116,114,115,124,111,119,111,116,121,109,104,115,130,131,115,129,113,115,117,123,112,112,110,111,104,111,127,144,127,122,126,126,102,112,99,108,107,111,119,126,124,125,122,132,116,126,126,133,120,114,136,131,136,137,123,140,131,141,131,124,127
129,114,135,130,125,136,132,136,126,128,136,129,137,132,122,124,124,116,114,120,115,113,133,116,123,111,127,124,123,111,108,122,120,126,109,128,124,126,134,126,122,125,131,135,125,117,129,128,122,125,124,125,131,131,128,128,131,125,126,130,130,124,136,127,125,129,131,129,128,119,142,130,130,143,131,135,141,125,133,124,120,126,133,131,134,140,134,133,126,133,132,123,129,135,127,118,131,133,123,119,134,132,121,129,128,135,124,126,138,122,133,122,130,135,128,116,128,132,134,127,124,136,125,127,128,135,133,119,123,126,125,120,130,139,142,134,115,116,126,122,120,124,124,105,124,132,124,121,120,123,131,117,120,113,118,124,119,121,120,106,117,128,125,121,125,128,126,122,117,128,116,128,121,126,125,98,124,120,122,116,121,131,135,126,124,121,124,115,119,116,117,135,114,112,114,114,122,126,123,125,114,112,118,120,118,109,104,122,102,107,99,116,121,117,118,122,120,112,127,135,136,98,102,107,127,124,107,106,115,129,130,136,134,140,130,125,112,109,124,120,124,121,114,90,115,124,130,130,133,132,118,123,124,126,110,128
119,150,130,118,129,126,124,124,130,125,131,141,117,117,131,112,149,141,120,127,110,115,114,125,136,122,126,134,131,141,145,147,140,130,128,125,121,127,129,130,125,135,126,116,108,123,135,140,126,119,120,119,119,115,124,118,123,127,114,115,111,110,123,131,133,127,140,125,123,123,118,110,121,125,114,130,113,114,130,121,127,131,123,120,122,131,135,121,132,124,119,127,112,113,136,118,126,129,130,131,129,129,119,115,123,125,127,125,120,120,131,128,127,124,122,128,118,128,123,116,122,117,120,125,125,125,136,125,132,123,131,133,127,136,125,115,134,121,123,138,115,121,125,119,128,132,132,151,125,132,126,121,118,119,116,114,109,111,120,116,128,137,130,129,119,122,118,118,116,127,121,122,123,119,116,118,130,134,128,126,132,126,124,113,128,128,126,121,132,120,117,112,119,119,127,147,126,116,126,125,132,134,131,122,123,122,120,115,105,117,114,140,124,116,123,112,115,119,126,126,128,123,128,130,127,128,117,118,133,123,117,114,125,126,109,120,126,136,137,130,112,120,121,113,111,110,118,110,116,109,124,117,127,129,125,106
120,128,129,127,130,132,129,133,137,134,130,127,127,127,130,124,131,130,144,145,144,151,149,150,143,145,134,139,139,146,143,139,125,142,161,152,162,157,149,157,144,142,145,140,138,136,135,128,129,127,128,131,143,149,135,139,137,139,137,140,128,135,134,127,131,130,133,135,135,142,129,116,123,124,128,126,118,113,133,117,129,124,142,128,127,123,133,126,127,124,121,124,120,116,134,121,128,129,147,112,130,122,120,124,129,134,121,130,122,119,141,135,122,133,141,129,139,139,128,128,130,129,136,132,130,121,137,131,130,127,129,126,124,116,123,115,121,114,119,118,116,118,135,132,126,123,132,120,113,124,116,118,115,115,120,122,120,132,131,131,121,121,127,129,125,133,124,124,129,129,134,137,137,139,134,131,123,125,133,137,135,128,133,130,132,117,129,127,133,118,138,141,120,123,120,133,132,134,124,115,115,113,119,123,113,117,120,140,140,131,134,127,124,125,117,132,125,119,126,128,136,128,126,130,143,131,125,121,129,122,122,123,127,122,128,124,131,116,120,119,126,129,136,129,126,136,119,124,107,104,117,111,118,130,135,135
132,131,131,126,128,130,123,124,129,128,132,123,139,144,127,126,132,147,135,132,125,118,118,114,114,118,113,115,115,122,140,136,116,135,130,130,118,123,130,136,122,126,134,133,132,129,121,123,121,120,118,143,136,138,129,135,126,136,140,121,124,129,113,120,107,124,109,130,127,118,135,135,126,130,139,122,133,135,127,122,111,127,126,134,126,128,127,129,135,145,143,134,130,130,128,110,112,124,120,137,131,131,133,130,125,127,128,124,126,125,113,118,115,119,111,129,114,118,114,126,114,111,111,111,116,130,113,115,123,122,116,121,121,122,121,119,120,122,120,123,124,126,118,129,129,123,116,126,118,116,128,123,119,125,130,131,128,125,125,135,130,126,125,128,126,116,127,120,118,117,108,116,126,124,123,132,123,118,119,116,114,107,109,119,113,121,114,118,137,132,112,142,126,117,121,122,119,119,130,123,123,132,125,118,124,114,116,139,136,136,128,122,126,123,126,121,118,121,114,122,129,141,127,151,151,141,130,106,121,123,120,119,122,118,112,113,140,148,141,150,122,130,138,127,144,130,128,125,139,139,129,135,141,141,132,138
123,131,126,129,120,132,130,134,134,134,138,135,132,131,131,121,123,129,127,139,127,138,138,145,140,138,131,126,124,118,124,120,123,124,132,145,141,144,139,147,147,145,142,149,138,127,122,127,127,128,137,147,152,151,141,158,145,141,141,131,136,125,121,127,127,122,129,146,139,140,148,146,148,149,134,134,140,138,133,134,131,126,137,149,149,155,152,147,142,143,137,132,137,127,128,134,131,127,131,135,140,141,138,130,139,146,141,133,134,124,126,123,131,123,127,141,139,135,139,126,132,138,132,129,131,126,125,129,127,125,130,125,125,130,131,117,126,133,120,127,135,128,126,120,124,124,132,130,134,134,139,134,141,137,133,125,118,112,128,111,118,120,130,137,134,134,132,133,130,123,122,115,112,114,123,112,119,118,131,123,125,122,124,129,123,131,130,128,134,126,132,119,124,124,129,116,131,127,132,138,137,132,142,132,128,116,124,117,125,120,125,126,131,123,128,142,143,131,125,120,116,115,99,121,118,120,122,115,126,128,135,129,122,120,124,125,122,131,118,126,126,121,124,114,128,133,128,141,139,143,134,147,139,120,117,122
145,121,127,121,119,124,126,120,124,123,123,111,119,122,112,129,94,105,91,115,105,113,116,118,120,116,125,122,133,131,118,87,134,97,112,128,121,121,141,142,140,135,130,128,138,148,128,122,135,125,122,142,146,130,143,131,133,129,134,126,129,145,138,132,134,120,119,142,135,124,140,133,136,142,128,133,128,141,142,134,133,124,116,135,131,131,136,132,129,130,135,127,134,147,137,135,134,116,130,151,130,122,137,128,138,134,122,131,123,119,128,124,135,123,123,142,129,131,130,128,138,135,137,128,129,126,133,126,142,126,119,134,128,137,127,120,132,129,127,127,138,149,143,127,137,126,123,149,135,123,145,128,125,139,142,140,136,144,144,131,140,125,133,135,139,134,132,129,129,140,140,129,141,145,141,131,147,126,122,143,134,127,126,142,140,135,143,126,134,150,140,122,139,116,120,131,135,137,133,141,130,127,139,131,132,129,147,120,130,126,116,135,136,128,135,136,139,132,137,128,132,129,127,129,135,124,118,128,130,136,130,130,130,131,121,124,127,137,140,133,140,134,129,134,119,127,123,134,134,138,134,139,134,116,107,139
127,124,121,123,128,124,123,126,123,128,129,133,131,126,134,123,126,116,120,125,139,128,134,130,135,134,132,131,122,120,140,129,126,122,123,123,127,129,131,130,140,143,136,138,134,124,146,133,114,122,134,128,131,137,127,121,129,138,138,134,129,126,143,135,121,125,136,122,117,115,128,128,131,131,129,129,144,132,139,122,120,124,138,122,122,132,123,116,139,145,135,145,149,132,139,126,125,121,134,124,123,138,122,126,134,129,125,130,135,119,140,132,122,116,138,127,128,135,122,126,127,139,135,126,131,128,137,127,121,119,136,125,114,117,128,124,121,119,120,123,138,126,133,123,131,113,133,124,129,122,136,131,137,138,131,129,125,126,138,126,129,114,135,126,125,126,131,118,122,127,123,125,129,123,135,125,132,113,132,131,119,133,134,117,123,134,131,127,128,130,128,123,127,116,127,120,116,122,126,132,135,135,126,124,119,118,123,123,115,118,129,123,125,123,128,125,129,128,131,136,138,122,128,131,117,130,138,114,118,133,133,137,137,140,139,126,137,138,133,132,129,131,146,129,136,144,143,131,137,132,131,120,116,134,134,125
133,115,116,114,124,119,119,118,124,122,117,101,119,126,135,132,108,111,116,118,120,134,127,129,119,128,128,122,118,112,127,106,117,102,127,138,140,150,135,133,127,126,116,124,130,136,126,121,123,114,135,135,137,138,127,129,129,124,126,126,131,126,133,124,124,106,132,131,125,130,133,144,115,122,142,125,128,122,127,118,122,112,133,119,123,121,116,127,112,118,127,129,127,132,123,109,116,115,135,125,127,126,128,120,125,130,131,123,122,111,127,117,121,123,129,129,114,120,113,123,127,141,121,122,119,106,132,126,146,134,150,158,153,153,152,143,145,150,136,138,149,149,154,143,143,135,148,150,141,154,159,144,141,147,145,144,141,129,148,138,135,132,142,152,152,158,162,145,148,151,144,139,150,144,146,134,132,134,131,149,146,141,146,145,141,140,135,134,150,131,142,121,124,126,128,135,128,138,137,122,114,122,132,145,145,138,139,121,108,128,127,132,132,136,146,136,142,135,126,117,113,113,117,122,128,126,119,136,131,130,116,109,128,129,121,115,123,118,127,114,114,128,119,133,120,133,132,132,133,128,131,124,119,127,126,116
131,120,135,137,139,140,138,141,133,138,144,142,123,130,124,128,113,147,158,144,148,151,152,149,144,154,150,149,143,147,133,128,133,144,142,128,135,137,137,128,127,129,142,145,132,135,138,127,137,142,139,134,133,129,131,130,135,128,126,138,130,131,136,125,135,137,133,123,125,129,114,114,129,126,128,133,128,123,131,130,136,138,129,114,119,116,126,128,126,125,125,124,122,119,132,136,129,137,130,112,116,115,127,134,132,130,125,117,120,123,124,116,129,138,131,108,120,125,124,122,124,132,119,118,116,113,125,127,129,131,134,114,130,149,133,134,134,140,128,128,129,137,143,138,126,136,140,114,118,133,122,127,128,126,121,126,136,131,140,135,123,131,134,117,115,121,117,132,124,132,135,131,135,136,134,129,121,125,130,117,123,132,131,130,137,138,132,137,130,145,129,132,128,132,125,137,133,127,126,124,132,143,130,135,133,142,133,137,125,127,133,123,131,134,124,137,137,122,136,131,133,135,133,133,143,120,138,128,128,127,125,134,137,133,140,135,129,127,134,144,137,139,125,148,119,127,140,134,138,133,137,128,132,131,135,136
133,148,135,135,138,137,144,144,142,142,134,139,136,145,149,122,147,145,141,142,142,148,141,145,141,139,146,148,136,138,156,148,139,144,148,117,146,146,136,140,129,133,135,138,130,131,146,123,130,129,144,125,132,134,138,139,132,137,128,136,134,130,144,120,129,139,152,123,129,130,138,135,138,131,140,149,144,139,146,118,121,129,139,120,129,127,131,127,131,140,135,145,147,134,149,107,125,131,146,125,130,133,130,141,137,131,139,146,143,135,137,113,120,124,140,123,131,127,131,138,143,133,134,140,137,141,138,115,109,130,152,145,139,136,138,137,135,140,133,143,142,134,147,119,106,132,147,126,129,129,133,129,130,133,135,145,123,142,141,123,110,133,138,134,131,124,136,133,139,127,140,137,133,134,145,114,108,133,133,137,132,134,135,133,129,140,146,145,134,140,136,114,98,123,118,128,125,122,124,116,126,133,129,131,118,123,134,121,100,129,119,115,126,110,122,119,121,134,121,112,99,141,137,108,99,120,140,122,118,110,108,110,111,91,91,95,96,124,107,102,123,112,133,144,124,101,103,104,112,121,111,104,106,105,107,120
123,121,121,124,129,128,130,133,136,133,139,138,122,124,129,135,131,135,139,129,132,135,129,126,127,126,121,126,134,140,131,137,125,144,144,130,132,139,133,128,126,130,130,129,133,127,124,133,133,135,137,142,128,128,131,129,127,133,125,124,130,128,118,140,137,143,131,130,124,130,128,123,125,128,126,133,137,127,134,150,138,138,130,138,109,130,136,126,143,144,141,138,143,129,131,155,135,134,126,121,105,121,124,122,136,123,128,132,131,128,120,139,138,118,123,136,123,131,135,131,127,125,130,124,129,131,120,142,121,120,119,138,117,128,127,122,124,123,115,118,128,103,111,125,125,125,123,136,123,133,131,124,122,128,108,112,112,109,109,125,116,122,118,121,108,127,129,107,121,125,128,132,118,118,104,106,118,115,117,136,128,131,124,107,115,115,133,119,112,118,98,122,111,107,115,141,126,125,120,110,113,107,103,110,103,106,99,121,113,112,120,121,113,106,99,108,113,107,116,114,117,127,121,128,131,115,124,119,120,116,115,108,118,123,119,120,128,110,111,138,113,121,120,116,117,111,111,107,123,129,126,124,118,123,120,129
120,123,130,130,133,129,130,130,126,125,131,136,115,117,125,114,132,117,120,132,133,131,138,131,140,133,133,134,133,128,121,120,128,126,119,126,134,136,132,137,133,125,127,122,116,117,125,116,114,121,123,130,131,115,125,133,135,128,128,123,113,113,123,120,117,114,123,126,127,121,132,138,125,123,133,127,117,115,111,123,112,108,122,120,131,127,127,127,128,125,131,130,114,105,108,116,119,111,121,133,126,131,128,121,136,136,130,132,131,125,118,111,117,110,123,128,133,140,134,140,127,138,138,125,121,116,108,120,112,115,129,132,139,142,140,132,126,127,133,134,128,120,116,122,117,120,124,119,127,135,131,132,132,135,136,135,131,114,108,124,118,115,125,122,131,135,136,132,134,135,138,136,130,117,109,124,116,121,121,129,128,142,143,122,133,124,134,142,129,121,109,135,122,121,115,121,125,133,133,127,129,117,133,133,136,127,115,131,134,122,104,128,134,137,137,134,142,141,129,139,138,123,132,135,123,117,136,141,133,130,136,143,144,143,147,148,143,114,107,135,135,128,134,125,135,135,140,139,147,142,140,136,130,138,129,135
128,132,118,110,116,108,105,113,109,117,113,119,150,141,137,139,133,116,133,141,140,151,148,141,147,138,151,153,123,130,142,136,115,133,130,138,143,130,143,122,110,113,145,147,131,111,142,148,120,126,133,121,139,145,148,132,121,129,148,141,140,127,137,148,109,123,125,111,139,133,123,149,122,128,168,133,121,140,143,159,110,123,136,126,152,139,146,152,145,136,150,148,129,125,143,148,120,131,114,141,140,138,164,153,121,127,152,123,138,145,122,152,115,137,109,118,132,132,137,147,131,125,109,133,119,121,128,142,125,133,119,125,131,130,142,136,141,136,141,139,150,143,120,148,125,117,104,121,144,157,145,150,154,159,150,126,143,144,121,132,117,116,114,125,149,144,154,141,133,128,138,130,130,124,129,131,118,114,110,130,138,131,133,128,124,129,123,137,139,119,129,139,111,112,108,120,136,152,134,121,117,124,122,144,153,149,140,155,135,110,118,133,131,151,144,119,137,145,111,111,132,127,130,159,139,132,141,134,125,115,120,119,128,131,129,137,133,146,139,134,141,150,131,140,153,149,135,138,144,138,142,143,145,150,144,119
157,142,131,135,118,120,126,124,118,122,128,138,121,118,132,144,131,126,110,124,115,133,117,119,117,121,117,118,123,130,138,124,112,127,143,143,124,122,131,132,103,103,130,113,134,145,126,122,102,115,130,141,150,150,137,141,134,141,138,133,143,137,116,110,98,106,137,152,134,137,139,142,112,107,111,117,131,136,115,104,103,96,127,134,127,130,112,123,115,132,124,128,136,142,116,96,109,102,116,155,147,151,132,121,130,131,117,142,126,119,119,105,111,98,119,150,136,137,129,139,131,138,117,128,134,109,109,108,95,101,115,145,128,129,116,118,116,129,110,119,132,132,117,111,105,102,114,119,122,136,128,124,138,128,131,128,111,116,99,111,116,105,110,134,123,125,126,125,114,131,118,129,114,125,109,112,105,106,110,143,124,129,130,132,135,110,122,122,139,124,124,131,114,114,121,124,123,138,129,132,116,130,136,136,136,131,129,124,124,119,121,133,148,128,136,136,124,116,111,111,114,114,126,115,129,126,116,123,115,117,105,111,116,113,107,103,107,118,114,140,130,118,126,136,129,110,119,111,123,110,110,104,98,97,108,127
130,118,133,137,136,136,136,139,138,137,137,122,124,132,106,132,121,133,107,112,103,114,111,121,121,130,106,95,102,108,92,78,118,106,97,125,114,118,100,126,99,96,108,128,109,94,82,100,102,109,101,124,98,94,107,129,117,121,112,115,104,97,87,109,101,100,98,140,133,115,110,107,112,112,104,107,103,98,91,109,98,98,97,126,93,108,128,116,115,115,89,107,101,91,95,116,123,102,97,108,94,113,124,112,121,130,113,108,131,109,90,97,116,94,94,118,126,131,121,105,110,129,144,119,139,106,83,106,117,98,92,118,127,114,121,118,107,111,106,96,101,88,93,95,118,105,94,108,89,89,102,101,107,107,91,86,113,104,93,100,113,100,98,116,107,106,103,110,117,123,106,111,112,106,75,106,121,100,105,116,106,128,137,116,128,113,108,91,90,110,90,141,127,96,90,107,95,91,97,107,121,112,107,91,89,89,73,112,110,84,77,110,95,81,89,123,114,101,113,113,112,78,87,130,126,87,78,92,105,107,116,121,117,127,112,115,95,72,87,125,127,117,97,84,94,123,121,129,133,132,121,130,134,119,99,134
86,118,116,118,122,132,137,132,120,118,118,118,102,112,99,100,110,117,104,97,109,115,125,123,122,123,122,116,120,114,106,104,105,123,105,123,131,128,125,135,134,136,117,125,117,121,122,104,121,120,122,136,137,125,138,131,130,133,127,135,127,128,132,123,128,138,126,140,150,131,131,127,137,148,137,151,136,131,141,120,134,141,136,142,139,138,153,147,128,123,136,136,130,130,145,129,134,139,139,132,134,137,135,140,132,134,134,144,137,136,136,138,139,140,134,127,149,147,145,124,130,139,150,144,143,149,137,139,129,128,133,138,143,136,135,131,128,141,137,125,121,125,130,130,133,127,129,121,122,133,124,136,133,125,127,130,120,130,137,133,137,130,134,124,117,130,123,131,122,132,129,132,119,125,132,132,135,125,121,130,138,148,140,139,139,131,126,121,103,116,115,139,120,118,116,131,138,134,142,120,126,120,120,131,113,123,109,123,118,122,113,118,118,126,126,130,114,113,126,120,126,110,112,125,126,117,108,115,123,124,131,129,126,126,132,130,125,111,110,112,109,122,123,106,125,136,130,138,131,119,127,128,121,113,123,112
125,121,119,113,119,112,108,106,109,111,110,122,122,114,108,125,110,121,113,121,118,116,104,104,106,115,114,113,118,137,110,121,130,131,118,126,114,103,124,124,121,130,128,131,133,132,112,124,130,122,117,121,128,138,124,126,124,124,129,123,123,129,116,122,127,124,118,126,115,109,129,126,126,130,117,116,128,123,131,134,131,121,121,135,117,133,123,125,123,127,116,116,120,122,122,141,130,119,116,137,117,123,123,108,120,125,122,118,120,114,115,132,134,121,110,123,115,114,112,120,131,118,110,112,111,121,119,133,136,127,126,131,119,124,116,125,130,131,117,125,126,123,126,141,138,119,122,134,130,132,132,115,119,117,117,128,128,130,124,127,132,116,116,124,123,119,127,130,132,113,126,118,132,124,121,128,139,123,116,130,123,114,116,128,127,126,122,121,128,129,127,136,133,126,121,122,130,119,121,128,124,124,124,116,120,123,127,122,126,130,132,113,117,113,121,137,126,122,121,116,115,122,127,120,114,116,122,115,127,112,118,122,113,115,111,108,108,122,136,120,120,111,98,118,115,105,115,114,127,130,130,127,127,112,123,109
147,132,139,142,130,134,128,132,144,140,136,128,134,131,138,130,141,142,133,130,141,132,138,137,139,134,133,138,137,126,137,140,137,147,144,139,145,141,144,146,136,139,135,145,135,125,126,136,135,138,143,141,154,154,141,143,139,139,148,150,138,142,123,140,126,136,133,150,152,137,152,138,137,144,137,147,152,144,135,140,132,139,133,146,149,155,152,148,140,144,137,129,149,145,129,131,128,140,130,136,138,139,129,134,147,151,127,148,155,129,123,127,129,137,123,153,151,155,160,146,151,152,156,153,163,154,124,125,116,127,119,135,134,137,145,147,133,132,132,128,131,130,119,117,113,122,111,140,131,131,134,126,138,120,122,127,136,137,112,112,111,119,111,133,134,131,126,129,139,137,135,136,148,150,121,117,114,114,113,146,142,138,146,145,141,118,136,125,140,142,130,133,121,125,120,140,142,142,135,148,140,134,139,130,138,151,136,131,130,114,118,143,140,127,131,140,136,129,117,109,111,136,135,137,132,112,120,153,136,122,123,132,109,103,112,116,112,121,127,123,126,133,118,137,136,132,133,140,119,123,119,110,113,113,124,122
134,151,130,127,127,124,120,128,120,118,117,123,119,128,129,135,146,140,141,130,130,141,130,130,128,136,130,136,128,140,141,129,134,138,150,137,129,144,131,122,123,123,119,125,134,134,127,117,124,136,136,126,127,142,117,130,129,124,126,135,139,142,132,112,122,134,142,127,127,138,140,130,122,113,128,129,126,135,130,133,122,130,148,139,133,124,119,118,120,123,129,128,128,131,140,128,120,132,144,139,136,124,126,130,134,122,135,139,125,146,134,112,117,133,140,148,127,130,128,141,144,127,136,148,138,139,127,112,107,110,131,128,126,125,120,122,127,118,116,125,128,109,127,100,106,117,128,132,122,119,123,127,111,112,128,115,130,121,128,103,113,120,119,127,134,114,131,132,134,124,126,121,122,125,131,116,103,134,124,129,126,118,116,119,122,127,134,116,120,120,148,116,90,127,116,137,126,109,116,122,124,125,116,124,126,129,132,134,109,127,125,130,121,118,125,126,132,137,124,130,133,138,132,138,124,144,136,137,133,123,124,130,126,125,127,125,128,131,135,152,143,137,128,136,139,127,111,124,124,129,123,131,130,132,138,140
99,99,112,111,111,103,101,100,100,102,93,103,94,109,109,97,114,92,114,133,113,135,129,139,129,135,130,120,135,134,121,132,115,110,141,135,132,134,138,132,128,131,122,134,138,120,126,116,117,106,136,125,133,123,126,117,125,135,120,131,128,139,133,124,119,106,141,140,132,143,127,131,119,122,122,127,127,123,132,112,122,106,140,128,125,120,133,119,127,127,133,127,136,126,125,123,108,103,139,116,122,123,133,128,122,141,134,124,147,143,129,106,112,112,137,122,114,129,125,120,132,136,127,123,132,140,126,111,112,106,129,118,125,120,128,123,123,138,131,131,135,125,120,94,107,97,125,133,120,124,135,124,132,129,128,119,133,129,127,99,106,94,115,137,126,112,123,119,119,126,127,140,130,126,131,104,107,109,114,132,119,134,137,117,135,133,125,126,132,139,138,122,98,112,115,131,120,130,133,127,129,136,137,139,149,149,146,111,114,121,113,137,128,132,139,118,137,135,131,131,140,134,120,119,118,109,114,137,147,135,142,140,136,129,110,117,111,122,116,132,120,109,104,120,126,131,129,123,108,125,118,141,127,115,120,139
132,127,103,101,101,104,107,109,104,108,108,111,116,115,121,124,131,127,123,104,108,102,96,87,91,79,90,93,104,102,117,126,119,121,105,93,100,103,98,97,104,95,97,97,107,115,105,116,119,116,96,94,97,102,109,96,106,94,109,99,106,110,113,116,122,116,99,94,94,101,104,104,98,103,108,112,105,111,121,117,117,118,103,92,97,93,98,103,111,106,109,113,108,100,121,112,119,122,114,105,98,85,91,104,109,94,106,110,95,103,111,115,119,121,110,113,92,85,98,103,109,76,97,108,99,107,119,122,109,118,109,101,100,96,96,98,115,103,108,106,119,110,124,123,115,122,115,121,113,94,101,107,103,107,106,106,98,108,125,121,128,116,116,120,118,113,108,119,119,102,119,96,111,107,126,124,130,117,118,112,120,87,93,116,96,110,109,105,101,120,132,105,131,125,119,110,113,109,113,115,112,120,108,108,100,107,113,117,127,125,124,116,118,103,106,103,98,105,95,91,98,111,110,132,122,127,115,125,98,87,90,95,84,91,98,112,124,122,119,131,134,132,132,116,110,115,110,106,108,119,115,132,128,130,131,144
126,137,136,137,134,136,136,134,135,137,139,135,140,132,118,124,124,135,126,122,128,119,118,117,124,127,123,125,126,132,132,120,128,120,119,139,131,129,135,135,150,138,132,149,147,148,123,117,128,129,132,146,139,118,132,120,133,118,122,140,135,141,119,123,139,134,129,135,126,131,127,139,120,117,140,126,131,145,122,131,136,129,125,142,129,138,128,136,117,111,126,134,132,133,110,136,129,140,118,121,116,138,134,138,122,128,135,123,127,121,113,128,127,139,118,127,118,121,117,130,119,134,120,125,116,123,112,123,143,142,119,121,116,115,127,124,129,116,115,133,128,115,105,122,127,134,116,121,127,131,135,133,129,144,127,118,114,118,110,121,127,133,116,127,137,126,127,135,124,128,126,111,108,114,115,114,133,139,121,128,128,124,123,133,123,142,134,111,117,121,113,103,129,131,111,125,134,119,128,132,136,128,131,121,134,127,115,111,97,122,99,141,134,128,124,125,124,120,107,106,113,131,112,120,112,122,127,129,114,107,110,114,115,124,116,127,134,113,109,111,134,133,139,125,141,136,134,144,123,129,132,142,140,130,125,113
121,115,111,107,112,114,119,114,119,127,127,141,130,131,130,131,119,122,129,129,136,131,124,122,131,129,140,136,146,124,126,125,125,138,118,121,122,135,131,123,130,129,137,143,131,124,142,134,132,132,120,122,128,138,124,126,122,117,131,132,128,126,134,134,119,125,119,110,119,120,130,139,106,115,129,121,131,136,126,133,126,125,134,125,135,146,121,126,125,136,137,131,142,143,120,140,127,122,131,120,141,139,147,138,126,128,127,127,127,117,133,138,134,120,135,118,111,107,123,135,137,129,118,130,132,118,131,139,128,121,131,111,117,120,123,128,131,137,126,139,125,128,135,135,124,116,125,128,138,133,145,133,142,130,135,140,135,128,130,136,118,114,127,128,133,125,135,133,132,126,130,120,135,126,134,134,122,115,126,119,124,112,121,142,127,122,130,124,144,127,126,107,134,122,130,128,128,125,125,143,137,124,145,125,130,120,125,112,130,121,118,139,137,124,131,135,136,133,127,128,129,120,113,129,101,118,125,127,136,132,122,127,124,128,129,133,137,125,136,123,117,118,114,118,124,128,122,123,125,146,135,126,133,129,125,109
113,119,109,110,116,121,122,124,122,128,132,128,125,129,124,122,109,111,129,133,130,139,128,127,130,131,128,123,133,119,128,117,108,120,131,124,135,135,131,126,125,134,125,131,132,126,119,109,107,115,125,128,126,128,124,134,127,124,125,127,126,131,116,111,108,114,121,124,121,117,127,131,127,135,125,144,132,125,139,126,105,110,123,134,128,142,145,139,140,135,124,128,120,126,132,127,114,111,129,125,133,132,122,124,138,135,122,133,131,121,121,114,111,114,118,128,138,135,127,118,135,124,124,128,124,136,127,122,121,110,111,124,125,118,128,136,141,137,134,134,128,123,111,120,114,108,115,130,128,130,133,126,123,125,127,133,123,136,112,114,107,101,110,117,119,131,126,126,128,131,134,140,134,135,115,110,114,100,112,127,140,132,131,130,130,125,129,128,122,112,118,126,121,118,114,128,131,117,122,112,115,115,123,129,121,125,118,131,121,121,115,105,110,112,118,124,123,113,118,111,118,110,114,126,117,119,111,112,115,111,112,119,118,118,121,118,117,108,116,123,117,122,127,114,128,125,125,130,126,124,126,117,123,124,119,119
130,143,143,137,142,131,127,129,126,122,121,129,131,138,137,127,151,137,137,148,130,133,131,128,134,135,129,134,128,126,139,148,146,150,121,132,116,122,117,126,109,116,131,127,133,141,129,129,146,152,130,134,119,116,122,116,108,109,119,110,115,129,128,122,138,146,123,119,115,113,124,120,116,122,113,130,129,128,129,137,130,144,130,135,122,127,130,115,126,127,111,120,119,118,123,139,131,140,121,125,111,117,116,115,120,127,105,124,124,118,134,127,127,139,117,123,123,121,123,118,121,123,115,133,125,120,123,126,126,137,128,122,126,119,114,117,118,116,118,129,131,126,134,128,123,137,130,134,133,125,115,129,125,116,120,122,123,126,126,130,121,138,133,126,137,130,120,130,129,125,119,126,110,119,124,130,130,135,134,122,125,123,129,126,130,119,125,125,122,131,123,155,126,130,131,120,116,123,116,112,116,113,115,122,120,116,119,146,142,122,124,123,120,106,107,114,116,103,110,124,125,121,117,137,129,124,128,115,113,124,124,128,119,112,106,114,115,113,119,119,125,137,127,122,125,126,114,122,109,119,115,120,124,116,116,121
87,80,89,94,91,97,100,100,94,93,91,83,84,89,73,99,70,99,81,96,87,109,105,108,114,112,108,103,105,111,82,69,84,87,97,134,127,135,131,147,135,144,148,150,144,144,93,76,92,90,102,144,135,151,155,168,154,151,152,141,143,141,97,80,93,93,98,141,143,135,162,161,149,149,151,145,149,146,117,91,98,93,119,153,146,159,170,166,161,167,165,160,151,149,118,107,107,100,115,153,155,164,170,159,160,154,157,153,149,131,98,94,103,95,89,150,155,158,151,144,145,144,140,142,140,124,98,97,100,93,95,126,123,139,139,140,148,138,139,153,154,143,103,91,103,92,95,151,151,161,167,166,163,163,157,148,131,138,89,90,103,92,93,153,156,163,155,153,148,134,133,133,124,124,82,83,105,88,89,132,141,131,130,137,136,137,147,125,139,144,92,79,111,95,92,133,149,146,157,169,165,163,161,146,138,134,100,88,87,89,99,146,158,135,148,158,148,133,112,82,83,101,89,89,85,75,90,123,115,86,82,90,84,80,86,93,92,83,78,102,107,92,75,114,76,96,99,102,118,127,120,126,118,112,107,114
115,137,138,134,134,141,139,135,134,129,135,144,135,132,123,111,127,141,143,151,142,144,139,139,132,134,132,134,122,138,120,115,126,134,133,129,130,135,124,130,133,123,115,119,124,130,122,125,121,133,122,130,113,112,129,122,130,131,138,140,133,126,124,119,125,128,126,122,126,131,128,120,143,136,139,135,126,121,113,107,127,134,119,104,119,109,127,124,135,128,135,125,130,128,122,111,122,129,124,115,116,118,126,131,134,132,134,133,129,129,123,116,127,136,130,119,135,139,140,139,137,148,147,135,125,127,119,113,114,121,122,123,131,130,128,120,120,124,120,106,109,115,115,109,119,129,131,95,119,122,118,121,129,126,112,113,118,119,124,112,125,130,133,110,115,124,121,132,120,135,129,131,122,127,123,118,121,138,134,121,129,142,137,126,132,130,107,125,115,114,128,132,108,131,122,120,115,118,115,114,117,113,102,117,115,128,128,130,137,139,139,128,121,130,123,120,122,124,134,153,167,141,124,131,152,141,131,146,143,151,154,157,147,155,159,160,165,128,130,123,123,147,145,148,163,154,151,142,147,130,136,132,126,124,138,126
124,137,127,130,124,129,129,129,118,118,113,110,126,128,118,123,120,128,124,122,119,119,119,120,122,119,127,123,134,131,120,116,129,126,128,143,137,127,132,137,122,128,135,128,137,135,134,133,132,136,133,140,139,134,131,134,126,124,130,127,126,125,133,135,137,142,129,145,129,125,131,130,124,129,135,124,125,132,128,120,140,146,140,154,131,135,123,127,125,129,136,136,135,133,132,129,136,132,130,148,130,124,123,133,129,119,136,121,133,131,136,142,136,136,134,153,146,145,141,126,133,131,141,126,137,149,148,131,130,128,130,142,130,131,132,137,125,121,121,115,131,132,125,126,125,126,127,141,134,121,131,137,137,136,129,126,128,139,140,129,128,133,137,139,129,126,125,131,125,127,121,122,116,118,132,122,125,130,126,145,136,135,128,120,116,121,121,119,129,135,116,108,118,120,111,136,132,121,122,137,125,132,123,122,116,126,118,115,104,135,123,142,142,116,118,130,120,114,103,100,113,112,113,133,104,146,131,128,115,112,118,118,112,117,130,134,122,131,131,126,135,140,138,124,130,138,131,127,129,141,135,128,132,146,149,131
118,110,119,117,117,121,127,126,121,121,120,121,119,113,107,126,102,129,118,131,137,135,141,142,138,135,139,146,141,145,125,116,125,125,126,144,143,145,146,139,148,144,143,144,152,141,148,127,125,140,144,144,148,153,140,151,147,147,143,150,145,147,145,126,120,133,137,137,137,137,146,154,139,137,134,143,139,131,132,123,117,138,142,130,144,137,144,146,141,146,141,150,145,137,133,118,117,135,138,122,136,142,143,150,136,141,137,144,134,132,129,116,118,130,140,137,138,137,146,148,135,141,137,135,140,138,134,117,113,118,132,134,132,131,138,137,134,122,137,145,143,139,138,118,113,124,134,128,137,147,146,144,132,135,140,139,133,133,135,124,120,130,136,139,139,141,139,131,133,135,139,132,133,129,135,126,121,126,130,133,136,134,140,141,137,130,138,148,153,142,131,115,124,125,129,123,132,141,141,138,132,125,137,137,137,136,129,121,119,123,116,143,138,141,143,146,151,148,150,141,125,138,125,107,122,120,129,132,139,137,141,125,136,131,133,128,120,124,126,112,131,134,120,133,130,115,114,111,116,137,123,118,120,130,126,125
116,105,110,108,125,120,125,122,130,129,129,120,123,118,115,126,106,119,110,92,107,105,113,114,110,114,119,121,112,113,106,104,116,110,126,119,127,134,137,127,141,126,119,128,130,123,114,106,108,117,125,115,121,124,116,117,130,124,115,123,134,133,109,109,104,113,122,119,119,129,127,130,125,120,132,116,121,124,116,107,106,119,130,126,132,120,111,119,108,107,116,111,114,126,109,104,109,124,119,118,114,113,112,117,119,116,118,126,113,123,114,120,111,115,121,134,126,126,119,133,126,121,127,131,131,135,111,123,100,119,122,127,123,122,126,121,122,122,130,123,116,122,114,116,102,116,122,129,122,115,123,113,119,113,129,121,132,125,107,112,110,119,115,123,123,127,132,117,117,135,133,131,143,127,117,111,110,114,119,141,127,137,133,130,139,149,137,126,135,123,111,115,120,114,124,135,132,143,128,120,135,142,129,140,139,114,98,121,113,108,122,128,127,135,142,124,137,150,134,134,125,134,102,132,124,110,112,131,130,133,140,126,135,147,140,141,144,117,97,141,133,140,114,145,136,155,154,159,158,154,149,154,143,150,134,138
132,129,119,126,131,131,132,129,131,132,138,129,133,143,127,124,141,140,123,128,131,132,127,132,128,141,129,137,137,137,142,133,146,127,135,143,138,144,132,140,136,135,135,148,133,133,139,129,144,124,132,156,152,134,128,135,125,138,125,130,125,129,144,140,147,128,137,141,140,128,132,127,140,145,141,130,134,129,136,134,147,141,138,133,138,129,138,143,144,143,139,136,140,130,137,134,139,140,133,119,129,127,130,126,145,139,143,138,137,127,136,135,142,136,141,132,124,126,138,133,146,135,126,142,130,136,142,146,130,139,138,140,139,141,147,135,134,129,125,128,139,138,139,142,132,144,142,136,125,133,143,124,137,136,125,145,129,135,140,133,135,147,141,148,137,138,140,137,134,130,130,138,136,136,138,127,133,150,144,147,146,141,141,135,127,127,130,132,145,137,142,123,139,156,143,132,127,129,127,142,135,130,141,146,138,153,143,135,118,140,134,147,141,133,146,135,138,135,131,133,131,137,143,140,129,132,141,145,132,123,124,133,130,132,134,130,131,126,123,123,127,132,146,121,117,140,135,134,141,142,129,147,143,144,130,135
146,135,103,99,93,95,97,98,97,96,99,100,105,116,149,124,158,151,156,158,133,153,140,145,148,151,148,147,158,166,177,153,137,159,191,175,180,185,185,174,185,190,196,194,188,192,170,134,142,146,182,178,197,205,194,185,182,183,197,188,191,204,181,133,134,136,188,194,196,194,195,190,177,175,192,191,209,206,192,125,128,127,178,192,194,199,182,180,189,194,197,213,212,217,191,134,128,127,185,203,204,214,204,197,189,180,174,190,189,196,171,119,120,131,168,201,185,177,172,189,187,172,184,183,185,188,170,120,123,127,169,196,182,176,177,184,192,192,188,196,173,191,172,115,120,128,164,204,199,197,193,199,204,198,202,195,178,192,168,106,111,128,159,202,201,190,185,189,181,180,185,185,185,195,174,108,113,132,163,206,191,177,180,194,198,195,199,191,190,198,180,133,120,137,157,209,200,191,188,201,202,207,212,187,185,192,181,157,128,156,175,199,200,178,176,190,181,191,163,137,133,198,207,166,134,163,193,192,169,141,131,140,133,121,125,137,142,180,182,176,162,153,182,201,162,141,132,138,144,159,147,159,155,150,147,171
121,117,119,120,111,113,121,123,123,131,126,122,118,109,113,122,125,133,128,124,119,125,128,124,130,134,141,138,137,130,130,125,136,131,123,128,135,137,135,123,138,137,128,134,134,126,146,115,133,123,132,130,131,126,126,129,142,135,141,147,149,143,146,114,136,133,151,140,153,124,136,145,143,139,149,134,145,146,152,130,133,131,141,145,145,134,131,139,131,131,140,131,140,155,155,129,134,137,145,131,138,137,132,135,145,137,155,149,156,147,148,142,136,139,137,138,140,138,142,147,151,136,147,148,144,153,145,139,117,127,137,130,128,129,140,144,130,119,135,125,124,136,141,108,114,126,128,125,130,129,122,130,128,125,135,131,136,139,137,110,116,121,129,132,128,134,136,140,141,137,145,138,140,131,130,104,123,123,123,141,149,132,132,133,128,124,135,132,132,135,130,118,116,120,118,140,137,127,122,124,132,127,131,123,125,139,126,124,113,128,112,135,129,130,136,142,145,148,139,122,116,113,116,122,129,121,133,139,130,131,128,130,125,121,134,129,127,108,108,118,126,126,113,111,103,113,121,120,131,147,134,128,132,120,113,113
133,121,119,128,121,123,126,125,137,132,124,118,122,114,121,127,108,103,110,127,123,131,136,141,135,136,133,135,123,118,114,108,118,103,112,135,136,140,143,140,148,144,146,133,123,119,128,122,125,123,136,127,139,136,138,131,125,124,127,135,132,115,133,124,119,113,124,119,123,123,142,139,147,136,125,132,127,129,132,123,123,114,122,137,150,142,137,135,137,138,131,128,137,129,120,130,124,123,118,140,141,134,136,138,125,120,126,120,123,130,131,130,131,131,131,128,136,123,136,121,117,125,128,123,126,132,128,138,136,128,134,123,129,118,128,135,130,135,135,131,126,144,135,133,137,132,137,129,140,146,123,142,140,132,144,138,134,140,125,131,134,128,123,139,137,136,128,127,122,121,117,125,121,132,130,130,133,135,129,126,146,133,130,131,134,125,132,132,132,127,138,146,147,135,128,126,134,135,128,133,144,127,137,137,131,121,131,140,137,129,121,129,130,140,128,140,139,128,129,134,140,120,111,131,129,109,131,127,133,128,124,121,124,128,136,136,136,109,111,135,137,127,122,117,131,140,142,133,138,133,132,127,137,132,132,144
125,137,126,131,135,125,130,132,137,138,138,133,139,142,125,110,123,138,139,139,138,143,139,141,153,148,137,135,134,125,118,100,130,114,123,117,108,130,123,114,126,128,113,140,133,98,120,124,132,116,122,106,111,132,127,108,130,133,127,142,140,117,130,134,122,113,135,128,134,131,133,132,135,136,139,134,124,130,119,134,127,124,137,106,129,131,134,140,125,128,137,148,148,146,128,137,130,129,129,117,133,144,142,144,133,150,146,136,147,146,139,121,133,124,135,109,134,150,149,137,122,132,128,129,141,134,139,133,130,126,135,114,131,136,147,132,139,133,131,114,133,121,130,136,127,128,145,116,132,135,149,143,140,147,145,135,145,127,137,137,134,133,146,144,150,156,152,143,146,139,136,129,133,120,133,135,137,132,150,134,127,139,137,136,142,143,128,122,139,121,145,143,136,126,144,136,123,135,125,137,143,150,135,141,140,138,140,142,140,138,143,141,129,136,134,138,146,149,151,143,140,149,134,136,139,130,142,152,146,140,140,142,145,147,135,130,139,134,136,119,143,130,134,131,126,122,125,127,133,131,121,137,144,135,131,132
143,129,131,130,134,131,132,130,126,129,128,119,123,136,156,159,127,105,123,115,121,109,118,123,125,126,125,122,121,104,118,144,113,90,100,134,127,129,118,143,113,120,147,132,122,126,106,132,119,100,115,140,133,149,144,137,137,139,139,127,119,120,124,130,129,113,120,136,143,145,149,145,127,130,133,134,117,118,130,134,136,117,121,134,127,142,144,148,140,142,108,140,121,121,133,143,124,111,118,135,119,135,145,141,123,130,112,141,145,128,132,150,116,115,118,139,145,146,120,130,127,122,123,147,132,120,134,136,124,115,123,136,136,124,111,135,127,143,133,128,129,116,124,137,126,112,118,128,133,127,112,138,123,128,131,112,125,122,132,135,133,105,113,100,120,141,130,132,129,126,118,121,117,97,137,123,130,107,122,112,94,106,120,116,121,110,117,112,97,84,115,122,120,103,115,116,113,115,108,98,92,107,114,101,116,86,110,141,121,88,108,93,105,116,106,116,108,110,120,126,125,122,140,146,131,133,124,105,112,120,118,116,122,123,139,147,150,145,141,143,137,127,162,151,135,148,141,145,144,148,160,158,162,160,165,155
176,193,168,170,158,161,159,161,163,161,166,172,180,192,202,173,195,205,207,192,183,184,178,171,171,176,163,166,170,166,203,206,181,211,184,149,159,161,148,138,143,134,135,134,133,133,191,199,182,199,175,136,148,138,141,136,132,131,133,136,137,141,181,195,182,190,170,145,149,151,139,134,135,138,137,146,135,147,155,183,177,188,168,140,149,148,144,141,128,124,134,137,143,153,158,172,172,188,159,131,146,132,130,139,130,137,147,142,138,148,197,194,175,181,176,135,149,148,161,146,151,142,142,142,146,152,193,182,170,174,177,139,156,155,154,144,136,135,143,143,146,157,184,180,167,184,183,128,133,137,128,130,120,124,136,138,153,163,187,178,163,182,183,141,136,142,142,147,145,153,147,163,165,163,190,192,163,185,192,145,145,168,162,155,150,137,136,155,159,146,205,219,172,187,203,145,136,140,133,124,128,131,128,155,153,169,198,181,210,204,206,157,140,162,156,137,144,153,172,190,194,195,191,158,200,189,194,170,167,187,185,181,185,172,164,161,170,198,198,141,171,175,193,165,180,152,156,141,132,131,134,138,144,153,147,143
131,131,139,133,128,136,134,130,124,130,129,125,118,127,130,126,127,128,124,137,139,138,132,131,133,134,132,131,140,133,142,136,135,141,133,127,126,132,123,113,135,135,128,132,128,124,129,135,129,126,124,123,109,126,123,125,130,121,126,129,129,128,132,135,126,122,129,117,121,124,123,119,125,125,127,126,121,116,139,130,128,122,140,119,115,118,123,120,122,134,126,133,122,128,147,121,123,119,136,127,119,122,127,136,137,133,134,140,144,131,130,130,124,123,134,128,136,135,131,135,134,130,140,142,143,128,129,122,135,125,138,130,134,130,128,129,132,131,133,135,127,122,142,131,141,132,144,135,132,130,121,121,130,124,125,129,129,132,134,131,140,128,135,127,125,134,132,126,135,138,145,132,143,134,134,134,144,131,136,136,133,132,137,130,125,136,136,135,124,115,127,134,132,137,141,140,136,137,141,129,128,141,134,128,127,133,125,119,143,134,148,119,117,119,121,130,131,134,136,134,117,126,140,115,132,129,135,129,138,136,131,130,127,119,120,119,119,117,127,130,123,124,128,130,115,122,118,115,114,115,113,107,105,120,127,128
129,109,111,116,132,122,125,123,124,123,123,128,116,104,112,130,126,125,131,119,134,128,112,105,98,96,104,103,99,117,109,118,127,111,125,119,126,126,126,129,107,117,117,130,127,107,109,126,120,117,122,123,129,141,135,127,133,139,124,129,121,111,111,132,122,121,123,117,121,129,135,127,121,136,134,122,123,120,109,120,121,112,115,111,122,124,118,130,134,140,140,137,131,125,110,114,122,112,114,114,126,128,127,138,136,122,137,130,110,116,121,118,126,118,117,117,123,117,116,130,130,116,124,131,115,109,121,120,115,108,110,115,122,123,124,132,133,126,127,129,134,119,118,126,113,114,121,109,122,132,133,127,140,139,136,142,120,121,124,123,116,113,121,121,141,150,139,126,131,126,136,126,129,112,129,131,122,116,122,111,128,111,121,126,127,128,139,139,120,104,133,118,127,122,125,116,126,128,141,131,116,134,131,136,123,115,129,117,110,136,137,125,132,126,130,132,135,135,111,111,105,117,134,119,109,139,137,137,126,126,119,118,109,112,116,118,118,130,130,119,116,116,132,136,121,127,127,124,132,131,130,113,113,110,116,124
136,129,130,135,134,128,130,134,132,136,137,140,139,135,139,136,138,148,129,116,123,123,125,122,128,132,135,143,130,124,143,141,131,140,132,118,114,121,101,110,115,111,107,107,112,122,133,139,131,136,124,121,110,112,108,109,114,114,112,118,118,120,135,138,130,131,121,115,118,121,116,112,116,118,109,111,111,107,124,122,130,123,112,110,110,112,109,107,124,121,110,112,112,116,128,124,132,121,113,114,107,110,108,104,120,115,111,118,111,106,134,141,129,120,116,110,113,113,109,109,121,121,120,121,120,111,131,134,132,132,123,119,123,114,114,106,107,109,107,107,106,116,130,133,129,128,120,116,116,115,116,112,114,115,116,113,106,111,129,129,123,123,118,121,121,123,117,109,112,111,108,114,114,118,123,127,124,123,123,115,112,116,119,116,109,109,115,111,116,112,121,114,138,134,127,117,109,118,122,118,106,113,116,118,117,118,127,115,121,123,127,122,120,115,118,116,119,118,116,107,102,130,132,118,109,115,123,123,125,119,107,109,107,104,113,110,114,117,109,106,124,123,124,143,117,131,124,124,117,112,122,123,123,128,126,116
128,121,121,127,130,127,130,128,128,133,119,109,125,131,120,128,133,112,84,126,107,134,123,128,126,122,125,126,123,131,121,130,140,106,126,108,124,140,110,124,133,133,126,118,123,123,144,130,148,123,127,126,123,119,127,129,119,127,116,120,128,114,164,126,141,133,141,137,120,138,124,113,129,132,137,129,135,121,157,118,139,134,143,127,119,113,126,130,148,127,129,118,116,116,158,137,137,132,144,121,114,115,124,130,133,137,128,128,135,121,153,125,137,137,140,130,126,116,115,116,116,127,138,144,131,130,163,138,119,127,142,124,122,117,115,119,127,136,132,115,107,125,160,128,127,121,139,123,122,118,132,118,127,124,112,96,113,122,164,137,123,123,141,110,116,123,124,126,128,128,128,127,124,122,158,113,123,118,122,125,123,121,123,127,124,137,129,125,112,117,139,109,116,108,120,119,127,128,132,128,131,134,122,121,92,98,137,135,108,107,93,102,120,100,103,115,114,115,113,118,111,109,140,125,125,107,115,107,109,116,117,123,121,127,137,126,121,110,103,133,130,119,130,114,119,138,136,144,146,140,135,130,118,116,122,124
129,146,131,125,128,128,124,124,111,113,124,124,138,130,130,133,126,132,132,127,128,119,114,107,103,102,102,111,118,110,140,132,130,131,120,104,117,110,102,115,100,93,112,99,113,115,128,124,123,142,135,121,123,107,118,113,105,103,115,110,118,109,129,130,131,142,141,115,101,101,115,117,100,99,125,110,117,123,136,137,134,142,126,126,130,124,115,123,116,120,125,118,123,131,143,152,138,135,140,138,116,125,134,124,114,109,117,105,107,113,135,126,138,133,127,122,117,118,119,119,108,113,114,105,105,104,135,127,130,137,120,104,101,110,111,104,112,119,113,105,117,125,140,132,128,138,125,117,120,125,130,122,122,127,124,119,121,123,133,132,130,141,133,127,121,120,126,120,123,123,123,115,116,131,130,135,131,135,131,115,115,108,102,115,111,110,117,95,104,122,124,122,132,137,137,122,124,125,119,131,127,118,124,118,121,128,132,108,139,139,140,128,129,129,121,125,118,110,100,99,109,124,130,112,119,122,126,135,115,111,103,105,105,99,100,104,118,141,131,122,121,130,127,120,125,114,110,109,120,127,125,136,135,131,128,125
120,126,121,119,123,125,126,125,130,127,122,119,138,136,131,133,134,121,126,112,114,111,114,124,127,129,117,117,122,125,128,123,119,130,118,122,114,109,114,118,112,116,119,110,119,123,117,113,126,121,113,128,123,116,116,120,119,128,123,124,130,124,124,113,132,129,120,123,126,122,123,135,133,126,131,124,125,131,127,124,135,132,124,125,116,122,127,134,134,141,138,142,138,135,124,126,139,136,132,140,131,130,138,134,135,139,142,136,147,148,127,123,129,134,120,131,125,123,121,122,128,136,127,128,129,134,123,118,123,127,118,129,114,110,113,128,124,129,126,119,133,129,113,124,126,129,115,132,131,129,122,141,127,120,122,128,125,133,117,120,124,124,117,132,132,122,128,137,126,116,118,104,107,112,115,115,114,122,110,118,119,108,109,108,102,115,107,110,113,115,103,103,111,121,113,118,123,108,121,128,120,123,122,110,117,108,103,111,105,102,112,121,137,114,111,126,113,113,116,119,116,100,103,118,115,121,124,110,110,114,118,111,127,132,121,116,110,116,120,121,127,120,118,105,109,101,113,116,125,123,123,119,115,125,134,124
117,116,116,111,113,120,125,124,124,120,123,129,109,103,123,128,124,112,99,105,108,122,122,118,115,113,123,126,111,105,119,129,133,108,106,121,113,114,119,105,113,123,116,116,121,115,120,137,127,123,116,115,120,119,108,109,111,120,120,111,113,120,127,142,126,129,128,118,130,130,115,125,124,122,122,126,128,129,131,141,126,129,142,119,132,132,123,121,116,122,119,125,127,134,128,138,127,132,133,126,132,125,132,134,115,116,124,123,130,129,128,132,127,124,134,126,113,120,122,122,117,112,117,125,126,125,129,125,122,115,124,115,128,117,116,114,115,111,113,123,120,118,114,119,126,118,123,112,115,117,124,126,117,121,118,117,125,110,112,120,118,115,117,123,129,107,117,113,104,108,105,110,116,124,123,129,120,112,126,114,119,111,111,131,115,125,108,119,123,111,118,122,125,117,118,107,111,112,112,117,123,121,122,122,122,119,113,117,126,117,115,135,127,117,129,132,132,127,113,121,125,125,118,128,117,125,115,116,118,111,119,124,121,124,118,121,115,135,132,118,132,128,134,122,126,118,125,128,116,127,132,133,128,124,115,123
126,136,132,116,122,125,120,115,112,107,114,120,134,128,137,125,150,124,135,119,114,105,114,118,121,115,113,123,129,127,126,144,139,120,109,125,106,111,134,137,127,129,140,135,144,145,121,139,132,130,129,129,145,146,137,139,139,131,143,121,131,130,124,137,135,122,125,138,133,125,146,151,137,136,132,131,147,157,124,138,134,141,125,142,150,148,131,139,120,128,139,149,138,140,127,134,137,135,124,144,138,142,134,124,128,127,127,137,142,139,124,132,133,133,119,145,131,138,144,144,134,128,134,130,133,142,125,129,126,120,115,132,120,131,127,134,138,128,121,133,141,145,121,132,126,133,122,142,133,129,133,126,132,122,126,130,133,145,122,130,137,137,120,143,133,127,128,130,148,129,133,131,130,146,125,141,133,130,126,137,133,127,124,131,142,144,147,134,140,143,119,124,126,131,131,135,134,138,135,146,143,148,153,135,135,120,124,115,126,122,124,129,140,133,133,120,127,131,137,149,144,135,131,124,122,129,131,132,122,132,139,133,136,144,133,142,134,137,145,130,141,136,139,125,134,117,134,132,133,134,129,132,122,117,137,139
128,123,126,119,121,133,131,130,130,124,132,135,129,136,123,134,114,128,125,132,122,128,124,125,124,121,114,110,115,114,119,124,125,125,110,125,115,123,135,125,121,129,138,141,141,143,116,126,131,136,134,140,144,139,149,144,145,136,145,128,133,147,119,126,130,139,132,122,130,128,132,139,130,134,140,142,135,143,122,134,133,144,133,130,122,133,144,136,147,144,146,145,135,139,134,134,122,144,125,142,129,131,140,143,139,131,149,131,134,138,121,117,123,138,121,139,121,137,144,125,138,129,121,128,124,115,128,126,133,131,124,113,131,125,133,129,137,116,131,126,147,123,128,132,131,134,127,146,115,119,136,134,136,138,126,125,142,146,133,131,133,133,136,138,139,136,146,147,135,130,141,126,127,133,126,137,135,135,131,126,133,116,124,130,119,124,138,119,106,115,131,158,127,134,132,116,112,124,120,120,122,120,125,128,110,124,127,122,141,141,143,111,115,127,116,125,128,114,109,123,128,118,136,131,118,147,134,113,101,114,120,123,121,119,126,123,121,142,154,130,129,120,138,134,128,119,111,117,119,125,110,100,108,107,123,136
120,125,134,130,132,131,128,128,131,135,133,129,134,123,124,127,127,135,145,141,137,147,146,142,151,146,139,142,141,127,129,134,135,130,141,132,131,128,133,127,135,133,142,128,130,131,136,140,137,129,136,132,139,131,127,132,132,132,138,122,127,121,132,143,126,124,120,122,101,115,124,125,124,132,125,126,129,128,126,128,130,126,123,141,136,132,127,127,127,133,118,122,131,124,119,133,131,126,128,138,127,125,129,119,111,121,122,118,124,120,130,132,139,126,125,120,122,120,121,110,114,123,112,120,123,121,141,133,137,121,122,124,112,121,127,119,126,123,115,127,120,115,125,121,131,116,123,134,117,125,129,112,111,114,111,118,109,116,125,130,127,113,123,123,118,116,121,112,114,112,102,109,118,127,122,128,135,117,126,113,110,127,127,132,121,125,124,118,132,140,137,135,133,115,122,133,131,123,127,140,134,123,122,113,107,118,126,123,129,117,138,122,128,113,115,132,118,110,124,129,139,128,120,129,135,129,130,130,125,129,128,135,130,132,123,122,129,137,138,137,132,130,132,135,134,131,127,117,124,117,115,121,127,129,132,117
110,117,132,133,121,122,125,121,127,124,126,116,123,125,107,124,110,127,120,135,123,134,120,130,130,140,131,129,122,127,116,111,120,106,118,140,136,116,117,129,129,134,139,128,121,114,130,114,123,108,122,135,131,112,112,125,121,128,131,110,116,117,127,118,126,113,118,128,112,104,109,113,123,119,109,111,110,121,120,124,131,118,116,132,120,122,123,123,130,123,115,111,116,110,120,126,129,122,124,125,130,128,122,122,115,132,128,120,119,114,128,115,126,117,125,120,124,133,125,105,111,124,127,117,108,113,127,120,119,110,129,100,113,114,112,116,117,119,109,114,114,123,122,111,118,114,128,119,119,131,119,120,119,128,127,119,120,122,121,120,119,119,128,117,128,127,121,132,116,117,100,109,101,115,119,123,116,126,128,124,124,124,119,119,117,112,116,108,118,128,131,141,120,131,121,130,129,123,133,144,129,135,138,132,138,127,127,133,137,127,123,144,146,141,138,138,118,125,144,136,141,126,130,133,153,134,128,133,141,138,136,132,137,142,118,110,115,131,121,125,137,144,143,128,138,138,138,136,137,135,140,145,151,144,116,131
142,135,151,152,153,150,148,152,149,158,158,159,152,143,128,145,147,149,135,118,134,126,137,131,128,132,135,131,132,132,126,152,150,144,116,120,120,127,117,121,118,126,116,125,137,140,131,142,146,140,119,119,120,126,125,129,119,122,124,118,125,131,133,143,134,147,121,127,127,116,124,127,111,119,117,122,129,135,129,135,132,147,122,130,123,119,122,126,120,123,123,125,124,132,127,142,136,146,124,130,127,132,115,123,112,116,122,134,130,128,125,147,134,144,126,125,117,112,107,110,105,118,115,122,118,137,117,141,129,137,118,130,118,115,108,116,124,122,128,128,125,123,113,136,132,132,116,129,125,122,112,119,110,120,125,119,118,123,119,134,135,131,113,118,123,118,111,127,120,121,117,118,104,113,120,135,135,127,115,129,116,113,107,114,123,116,121,118,113,126,126,134,136,129,122,122,124,120,125,126,135,131,131,120,116,126,124,140,138,141,126,120,124,121,124,135,133,124,123,120,128,127,117,141,140,135,125,112,111,126,123,116,124,133,131,129,141,140,135,136,131,144,133,128,123,129,128,130,137,141,128,130,134,144,142,127
121,119,129,132,144,144,146,144,134,135,136,127,119,115,113,121,134,136,137,131,128,130,124,130,115,126,122,120,111,105,117,134,132,137,130,116,137,130,130,135,123,137,139,123,115,111,120,128,125,135,131,128,148,140,140,135,123,137,136,123,121,118,118,117,125,136,132,116,135,140,136,130,129,128,137,136,129,127,118,115,120,136,124,126,140,138,137,130,143,133,138,146,129,125,121,115,126,141,131,131,146,140,153,139,130,123,125,126,134,126,127,119,131,139,139,124,134,135,135,132,122,120,121,126,114,116,129,126,109,126,129,110,134,117,120,129,129,126,127,136,131,132,125,121,111,135,130,122,141,133,137,139,145,140,139,133,124,133,127,119,114,135,132,128,138,130,132,126,126,113,128,137,117,125,122,121,108,133,135,110,136,132,126,132,123,132,127,128,127,119,128,114,116,134,138,117,140,128,129,131,132,130,132,136,134,130,134,111,122,136,146,124,138,136,132,132,137,136,136,146,124,142,143,102,117,119,131,121,135,149,149,133,142,136,126,116,99,143,141,131,116,113,128,139,139,111,111,111,115,115,120,122,114,118,118,124
123,134,135,139,134,137,134,133,121,120,123,128,129,127,133,132,135,121,134,143,134,144,140,136,142,139,134,139,143,140,130,128,126,124,137,125,132,132,124,128,122,112,99,105,115,121,129,111,118,119,116,116,128,116,124,113,123,126,112,123,125,134,125,115,119,117,113,127,131,130,128,120,126,116,125,124,123,117,118,103,126,118,112,110,125,112,119,125,109,103,121,115,118,120,121,103,123,110,113,105,135,119,123,121,128,128,126,137,117,119,109,120,130,108,115,120,133,134,128,131,141,135,137,136,123,138,124,116,131,125,119,134,136,133,125,129,137,126,142,131,131,136,119,124,137,121,115,98,129,131,128,123,122,142,137,142,119,128,117,133,136,126,123,118,134,136,134,118,132,132,135,131,132,132,115,139,137,127,120,119,128,142,136,130,136,127,131,126,135,116,115,158,136,140,126,129,131,133,146,128,109,129,136,132,134,140,130,142,161,158,136,120,135,142,150,130,132,137,135,116,120,105,123,113,148,122,116,123,133,130,121,118,124,120,111,114,128,103,110,117,127,117,126,114,112,105,113,105,111,116,113,113,121,131,129,120
131,115,126,125,122,127,120,123,121,126,128,124,118,121,109,135,123,132,123,132,132,131,125,129,125,125,134,128,136,133,108,115,116,121,131,135,136,133,123,139,128,136,141,134,138,140,136,109,122,117,126,135,127,124,128,139,131,133,134,126,127,135,140,111,116,108,128,137,138,130,139,140,141,134,137,139,138,142,138,113,121,107,120,132,139,124,136,144,136,136,147,137,134,132,142,123,117,106,128,138,149,142,137,133,139,134,132,137,141,124,133,121,117,115,127,133,142,138,128,135,127,133,135,130,132,137,141,117,109,118,127,124,130,126,126,136,141,132,135,138,138,137,129,114,112,113,121,129,138,128,134,143,142,136,142,144,137,141,128,110,119,112,122,135,140,130,131,137,133,134,128,130,121,121,132,115,122,113,117,129,134,132,130,137,131,128,125,125,141,131,132,117,119,118,121,138,135,119,128,131,131,128,140,123,131,136,134,113,119,128,115,132,139,133,138,137,139,142,140,125,124,114,138,121,131,114,123,127,135,127,128,123,124,125,119,120,124,97,103,126,127,120,131,124,119,116,126,126,121,123,120,130,125,119,130,135
143,141,139,146,136,133,131,133,138,137,135,126,132,134,136,129,135,127,139,141,143,138,133,129,139,135,122,131,122,120,105,137,134,131,134,113,116,114,109,123,124,127,127,123,136,124,127,134,137,142,133,130,132,107,127,133,145,149,145,134,135,130,127,137,119,128,119,113,130,118,130,118,142,135,135,117,129,134,105,122,124,134,109,131,127,107,113,121,141,141,135,129,134,127,109,115,125,122,122,140,128,114,119,123,138,131,127,119,130,125,124,126,135,126,132,130,132,122,122,117,126,132,132,128,135,116,128,128,138,128,133,126,133,120,119,119,126,128,129,133,138,136,117,137,135,127,138,130,135,128,130,124,126,135,135,139,128,124,125,133,136,129,143,137,130,128,127,116,120,130,116,123,125,130,123,134,136,128,148,121,136,136,126,123,143,127,129,121,129,129,114,124,144,134,154,123,140,132,127,144,156,149,127,119,133,135,124,122,132,135,151,130,132,132,124,127,134,135,150,158,164,133,129,118,130,130,133,115,121,143,147,154,158,157,154,148,148,126,120,120,121,131,134,126,138,138,143,137,139,126,142,145,141,130,112,123
114,102,114,118,118,120,119,124,129,127,122,125,129,122,113,116,112,113,120,118,105,101,110,121,119,122,112,117,115,121,113,118,120,112,118,113,114,109,118,114,120,124,113,122,118,116,121,122,127,123,127,121,124,124,118,119,118,118,112,114,112,116,125,131,122,121,134,122,118,115,107,119,126,121,116,106,122,128,124,131,126,127,139,112,128,120,118,127,131,126,128,124,129,126,128,129,132,132,139,134,127,133,126,116,122,123,112,122,116,121,131,147,130,137,138,130,106,113,106,116,118,122,121,121,121,120,134,141,126,124,135,123,103,111,109,114,124,127,120,130,118,138,125,139,123,127,134,127,125,124,123,123,132,130,127,121,117,123,121,137,123,128,132,133,125,112,106,115,117,112,106,106,120,116,128,127,125,124,131,114,101,107,111,119,117,130,116,121,127,132,134,120,131,125,133,124,125,131,132,129,137,147,140,128,135,120,136,139,117,117,117,139,129,125,126,126,126,122,123,126,130,129,121,146,133,104,130,120,116,116,127,123,131,129,133,130,125,123,118,135,138,135,131,107,121,132,130,129,130,137,136,137,142,146,143,139
145,140,128,126,127,124,123,135,118,125,124,131,127,129,123,137,132,139,122,119,120,115,118,117,111,109,113,108,115,127,121,122,140,139,121,113,108,108,112,124,104,112,136,131,126,135,115,141,139,142,117,125,117,126,132,134,134,129,131,120,117,136,115,134,138,138,128,125,124,126,125,113,115,115,110,123,127,132,128,140,138,135,123,127,108,107,123,115,125,135,106,128,132,128,125,139,139,139,125,139,102,117,113,108,123,115,99,125,123,116,115,131,138,135,127,137,111,111,112,116,117,112,105,124,112,103,111,140,130,142,132,130,116,118,114,119,123,121,116,117,109,121,113,124,133,140,131,150,126,126,128,120,131,135,115,116,106,115,120,129,134,139,122,145,124,131,117,117,126,119,114,108,106,108,121,115,140,145,128,131,118,120,124,120,118,118,137,123,110,129,111,110,127,141,124,122,120,125,119,126,122,114,133,116,116,116,116,123,105,123,124,128,134,116,117,113,110,116,110,120,112,135,131,120,109,113,130,109,110,116,125,127,128,123,118,121,119,127,100,113,123,118,122,131,110,112,117,117,120,119,128,124,142,125,119,136
129,139,139,143,145,144,147,147,155,154,156,154,146,131,130,133,123,121,125,128,136,138,139,137,130,132,130,128,125,118,119,128,120,127,124,120,122,123,128,126,125,119,114,116,112,116,118,135,128,130,122,107,114,121,125,118,118,125,122,116,110,111,114,134,129,132,125,123,128,134,127,128,123,124,133,119,107,115,101,120,127,131,115,119,127,126,128,140,125,114,123,115,112,115,101,121,129,129,116,111,126,120,126,130,128,122,133,126,105,110,120,122,134,125,127,112,129,131,131,132,128,141,137,138,122,124,120,127,132,138,135,126,138,153,148,141,135,136,140,127,133,126,124,134,134,140,137,120,130,134,123,127,125,128,128,132,125,119,131,136,133,136,136,124,129,137,131,130,129,139,139,141,123,120,129,134,130,132,132,124,137,146,143,140,139,139,134,132,125,118,137,136,126,122,123,118,118,123,130,128,132,130,126,127,122,106,122,114,122,123,131,117,124,127,129,126,130,122,125,136,126,126,125,123,125,134,129,118,122,142,137,137,135,135,140,131,130,145,144,118,120,119,131,133,142,136,135,138,139,127,127,124,122,119,131,121
119,124,99,95,113,105,97,102,102,93,94,103,88,67,115,123,118,92,120,107,110,111,94,94,100,111,90,93,100,104,125,129,117,130,115,104,113,114,133,122,147,138,128,127,129,115,123,120,111,113,129,102,112,129,130,113,121,136,133,128,129,119,115,124,106,113,121,117,100,120,127,131,131,135,118,128,138,132,116,118,105,113,114,137,123,143,113,115,133,133,135,146,135,149,123,122,107,106,113,146,127,146,120,126,111,112,125,110,133,120,111,124,107,105,117,123,124,124,122,124,130,121,106,105,111,130,111,115,123,99,112,134,118,112,118,122,130,125,112,123,129,130,108,113,124,100,104,119,127,123,134,137,128,138,127,123,118,132,117,118,126,106,110,126,125,132,128,124,111,125,108,124,124,124,113,127,126,110,103,120,124,120,125,126,122,140,128,139,143,126,111,105,124,100,102,135,137,122,131,126,155,133,115,138,135,132,120,129,116,96,111,115,114,114,118,123,141,122,111,101,109,132,150,134,102,118,135,111,105,103,97,101,97,110,112,116,117,124,125,123,123,127,145,140,128,131,127,122,120,114,121,96,95,109,126,93
149,140,131,123,127,121,118,124,129,130,132,129,130,137,141,146,139,130,133,124,124,118,115,122,120,120,119,125,116,121,118,133,136,124,123,129,132,128,127,132,119,119,138,138,134,131,113,128,139,132,125,131,129,141,144,134,127,122,125,122,126,126,121,133,137,120,122,132,131,125,134,133,116,120,121,119,122,123,130,126,137,131,126,126,131,145,131,133,125,131,128,139,130,135,131,123,135,129,127,126,135,138,127,131,130,129,128,139,124,128,117,132,132,124,128,125,135,136,130,132,136,132,129,139,121,126,122,129,128,113,115,112,117,117,121,124,124,117,117,117,113,109,118,132,120,114,117,116,115,116,117,109,105,109,114,122,115,115,123,124,115,116,112,118,111,118,117,112,122,121,121,114,116,111,119,115,122,114,115,115,110,113,124,119,121,115,126,119,120,123,120,141,126,119,111,126,117,111,113,116,121,116,117,112,114,112,110,134,132,132,122,120,111,115,111,119,118,106,115,124,128,112,120,140,143,155,132,120,113,119,121,122,118,124,126,121,132,149,159,152,146,153,154,132,144,128,138,130,134,130,138,135,133,144,147,152
143,131,130,129,142,135,133,124,139,135,133,129,122,126,136,136,147,135,121,104,118,109,112,108,117,128,108,110,114,117,139,156,142,141,121,94,112,104,105,117,107,115,129,111,131,129,132,149,140,131,116,116,125,110,117,113,113,121,119,111,116,129,130,148,151,150,130,117,116,113,116,118,118,113,135,131,126,137,148,157,155,156,138,135,129,126,127,116,137,131,132,132,127,138,151,154,148,152,135,124,117,119,142,131,138,123,123,135,122,113,144,164,155,148,135,129,126,128,114,124,143,135,139,147,136,121,144,157,139,135,133,123,121,130,118,127,141,143,126,139,130,119,134,149,139,138,131,140,130,128,137,140,126,132,133,132,115,114,128,148,144,143,137,118,139,117,123,120,120,114,124,134,127,137,139,140,144,150,138,119,119,119,124,124,134,130,160,141,135,143,150,136,125,135,135,135,152,137,141,157,145,146,157,121,114,111,138,114,113,123,136,122,147,109,120,120,107,114,108,95,98,120,145,126,115,126,123,117,114,96,94,98,103,101,98,100,101,146,149,149,140,123,124,138,112,110,114,120,138,157,150,145,134,131,134,141
142,142,125,123,126,124,123,119,111,111,125,121,115,134,136,138,158,165,155,131,125,123,114,120,122,126,117,114,114,128,150,155,137,139,139,119,123,118,107,115,124,127,132,142,123,141,128,126,137,133,138,118,116,118,117,120,127,123,134,131,126,133,127,126,134,121,141,130,121,117,123,118,131,121,128,115,130,131,127,128,132,126,124,127,117,121,113,114,116,118,112,118,121,133,128,129,133,133,123,130,128,131,131,119,116,121,127,122,122,131,123,124,137,132,125,125,131,126,117,126,121,124,125,123,109,123,121,121,125,116,124,127,127,125,110,106,116,127,112,119,123,115,122,115,121,130,128,125,128,136,134,123,125,132,126,130,128,124,123,114,121,135,121,123,135,128,127,129,130,133,119,122,126,118,122,123,130,145,127,136,112,122,116,122,132,137,114,119,119,124,129,133,137,140,126,125,120,110,112,122,124,124,123,129,128,126,130,112,137,128,126,119,122,119,120,136,142,139,128,119,109,142,144,105,122,112,119,141,139,119,115,106,124,118,118,102,105,126,122,123,143,131,114,127,110,120,110,119,115,130,124,147,117,117,133,126
122,111,117,122,111,116,119,124,128,130,134,137,126,126,118,122,144,158,130,125,118,120,117,122,114,111,123,123,127,138,137,138,137,140,139,138,135,124,124,126,120,125,128,131,133,128,132,136,125,142,140,131,125,130,127,125,129,138,121,131,129,134,121,130,127,140,131,131,134,143,128,128,137,132,133,135,131,134,121,131,126,139,127,126,138,124,130,140,137,141,142,137,141,136,131,136,122,137,123,120,134,137,138,148,132,134,136,129,137,135,132,126,123,124,128,117,132,128,128,122,120,130,124,131,125,125,127,130,135,146,138,127,140,135,138,140,154,158,157,151,155,150,143,141,125,143,140,135,152,139,152,146,161,162,152,144,157,143,138,136,120,132,124,146,145,147,143,145,151,151,154,156,152,134,133,139,124,133,126,136,134,146,145,141,152,154,152,150,147,139,134,117,138,127,111,134,146,153,154,151,158,156,158,163,161,134,136,128,130,130,114,145,141,158,162,152,163,163,145,130,118,134,141,136,137,134,119,127,134,130,140,126,126,127,126,141,135,144,130,140,137,128,107,131,124,132,136,134,120,137,128,127,127,125,124,119
139,129,119,125,116,118,115,114,113,118,126,121,112,121,121,133,129,128,129,119,114,111,111,125,117,110,110,106,104,129,124,123,130,124,134,149,137,130,127,125,132,129,116,122,120,124,134,132,129,133,131,127,126,129,125,126,119,120,112,128,124,118,129,126,129,133,130,122,116,123,125,117,142,137,122,130,133,119,127,137,126,132,141,113,130,131,116,114,128,125,115,120,130,118,124,143,134,140,132,124,124,120,123,122,121,128,117,130,130,135,126,136,133,138,140,132,132,129,114,115,117,130,139,133,128,127,129,136,135,131,132,150,144,125,123,121,124,128,124,129,130,130,119,134,133,131,135,136,131,127,126,122,127,126,129,126,131,142,116,132,127,127,129,135,127,125,117,125,121,114,119,133,138,139,131,131,126,130,133,142,120,122,125,130,138,133,126,138,131,128,138,137,126,135,133,135,129,119,127,128,117,115,121,124,130,122,137,140,128,130,118,129,129,134,130,126,120,123,127,138,140,126,118,140,133,121,136,134,134,131,129,139,134,130,142,151,151,123,125,134,127,138,119,132,134,151,143,148,146,129,138,140,140,138,133,134
122,119,113,120,122,122,128,129,127,124,124,129,126,119,114,129,116,124,112,128,116,123,122,126,118,117,128,129,130,135,123,120,116,116,132,136,121,120,124,124,124,126,136,133,135,138,119,105,117,116,119,139,118,121,117,124,127,128,123,130,136,137,120,108,115,114,118,136,127,128,115,115,124,131,120,122,133,128,128,127,116,110,125,122,108,115,126,121,124,127,123,118,122,124,121,121,113,112,123,125,108,114,116,112,121,127,123,127,134,140,116,123,111,112,119,133,124,122,128,122,122,116,135,127,137,137,114,118,120,131,125,136,125,129,124,122,131,137,129,131,128,126,127,125,124,129,125,135,119,127,126,111,118,117,116,120,133,140,126,124,129,130,129,110,110,120,124,117,121,126,119,120,136,143,128,119,130,127,121,130,124,129,129,125,126,128,131,134,136,127,124,134,135,142,137,145,134,134,138,132,127,142,136,148,139,135,127,127,130,134,132,132,123,126,127,128,128,126,116,123,125,137,129,127,133,119,115,116,111,119,122,127,118,113,121,123,112,127,113,146,140,123,106,134,107,115,124,127,123,129,125,139,127,121,119,140
125,121,143,145,148,154,152,159,158,159,161,159,152,141,122,139,114,133,131,139,140,124,142,143,151,151,156,147,156,150,140,104,127,139,134,160,138,143,139,140,144,144,145,142,139,147,144,136,129,147,144,153,147,147,139,148,148,153,149,140,138,142,144,140,131,154,151,140,142,153,149,141,141,146,130,138,133,133,135,139,127,159,160,148,140,140,137,137,138,142,145,143,136,133,138,129,131,152,143,145,143,145,133,136,140,136,137,140,136,142,143,140,130,147,151,140,131,141,146,141,138,135,124,134,123,128,138,143,125,137,150,138,134,141,133,135,137,134,131,136,133,134,136,142,143,149,157,146,146,133,130,146,137,139,141,138,146,128,136,147,156,151,154,142,131,136,130,154,142,137,126,122,120,116,131,149,151,141,150,124,120,122,129,138,137,135,140,141,129,139,137,132,143,141,162,121,134,130,141,149,150,128,162,161,155,133,140,140,134,121,150,152,147,158,157,155,154,143,152,146,130,123,123,144,148,118,136,148,144,153,145,141,153,151,155,154,144,119,128,137,160,163,129,131,120,153,153,157,152,157,160,148,159,157,163,157
140,145,133,132,120,127,121,123,116,120,121,120,146,141,138,123,142,150,144,130,127,112,112,113,122,119,121,110,132,129,148,143,123,145,128,127,128,117,127,126,119,122,132,128,130,128,119,116,120,128,111,137,125,115,127,122,120,116,117,113,129,124,108,119,119,119,111,108,112,104,115,125,112,108,110,107,121,118,113,123,116,123,104,128,117,129,115,114,125,123,117,126,124,118,113,125,117,119,98,114,111,119,118,115,108,113,111,110,116,122,95,118,114,116,97,112,120,105,105,112,106,114,100,97,113,127,102,121,114,129,115,116,110,106,108,115,113,112,111,125,141,135,110,128,116,124,107,126,139,126,116,129,123,129,120,129,122,140,109,127,117,124,115,122,125,115,109,119,105,103,105,109,120,129,117,130,125,120,111,114,110,120,107,107,116,106,112,110,135,144,109,142,136,132,126,137,134,139,135,140,140,129,142,137,144,145,137,136,132,147,139,139,137,134,135,146,134,136,132,125,134,152,162,132,136,122,136,140,142,124,124,113,113,120,127,125,133,138,134,149,152,141,135,136,142,125,127,118,130,143,134,133,131,127,125,132
129,137,123,127,130,130,133,133,134,130,123,121,129,125,127,131,144,117,116,125,124,129,127,127,123,121,127,122,131,132,132,129,131,114,125,138,139,142,141,142,140,154,139,153,150,137,130,126,123,122,136,139,144,147,138,147,141,145,126,141,141,128,125,123,118,112,125,123,123,125,135,145,147,156,149,139,141,142,124,115,124,114,134,135,131,140,141,140,133,139,139,137,132,137,124,123,121,120,127,134,141,141,137,136,133,140,139,135,140,140,112,106,122,119,117,135,124,123,126,129,148,127,127,127,133,125,113,117,119,114,103,129,138,133,132,135,137,142,133,126,131,129,123,122,126,114,103,130,126,129,133,137,130,136,135,140,135,133,124,129,132,123,105,136,131,136,139,141,138,127,126,119,127,125,129,130,124,123,102,134,134,122,133,142,140,131,125,125,130,117,119,107,132,131,109,131,128,135,139,131,130,128,130,135,126,123,120,126,136,127,117,126,121,135,138,137,132,134,135,123,114,122,136,125,121,121,119,129,134,124,132,123,128,131,135,133,124,112,115,127,120,121,120,144,133,132,126,123,125,118,122,125,116,122,128,120
130,131,128,130,134,125,126,130,130,133,120,126,132,112,123,130,132,116,120,125,122,126,127,128,133,130,133,137,131,143,148,134,127,139,136,125,125,132,137,126,140,128,119,119,128,117,133,133,132,131,128,113,110,128,127,109,128,120,108,133,131,127,137,123,130,139,128,112,112,133,122,123,125,128,125,134,132,124,132,122,134,125,116,111,115,116,125,125,121,111,115,119,142,133,125,121,138,125,128,120,128,113,117,133,117,130,126,126,121,135,141,126,130,129,132,125,135,129,129,126,123,123,135,135,132,140,136,125,134,128,127,141,141,128,143,140,138,137,139,133,127,118,130,122,129,119,125,120,121,118,113,119,112,115,127,117,126,128,131,119,121,120,128,118,133,131,132,121,121,131,135,136,135,132,135,118,121,121,124,136,130,139,147,128,130,129,125,149,130,125,142,134,123,110,116,145,142,140,149,121,125,127,117,132,122,119,128,149,137,120,113,121,120,129,113,119,126,133,127,133,129,131,139,136,134,130,128,123,135,138,135,138,134,131,124,128,134,119,128,125,126,138,126,123,136,141,115,127,119,110,122,117,113,128,133,114
133,128,125,119,120,123,113,116,117,114,118,118,122,127,141,133,128,122,125,130,131,125,127,130,125,119,116,128,131,132,144,130,116,135,134,143,132,131,128,129,126,127,136,125,122,128,138,124,115,127,136,142,146,120,133,136,131,116,108,110,122,128,143,130,119,115,126,127,111,109,123,124,112,116,113,112,129,126,137,125,118,120,127,128,129,130,124,126,130,132,129,124,138,130,121,123,117,117,129,123,125,134,117,114,130,123,112,130,117,113,128,116,114,106,115,131,125,130,112,116,118,120,119,123,118,118,119,120,127,129,132,130,120,133,125,121,134,136,137,139,127,140,145,139,132,127,135,138,121,146,139,134,131,132,137,146,126,121,141,134,134,125,131,132,122,132,134,120,129,137,129,138,133,131,140,142,125,120,137,134,128,125,123,112,130,123,142,141,141,142,137,120,129,118,134,119,117,132,131,122,120,132,136,136,130,124,138,119,129,127,132,142,135,128,131,130,122,125,138,131,127,136,114,133,120,133,125,160,136,136,136,140,146,136,124,121,112,140,134,135,130,124,130,126,131,121,114,117,118,132,116,131,128,130,117,131
136,138,121,118,112,121,113,112,114,118,128,133,135,140,122,129,126,131,122,120,112,119,118,112,118,116,116,117,131,139,130,122,109,113,136,120,129,124,115,131,140,130,113,125,126,130,127,115,103,101,120,139,139,119,123,131,128,134,126,135,145,139,127,107,111,103,125,136,144,146,133,120,155,138,133,131,132,139,140,114,117,101,116,127,133,105,127,135,136,136,139,123,141,132,144,113,115,109,114,118,122,129,113,120,125,128,128,129,119,137,117,108,116,99,105,120,127,134,129,111,117,132,134,130,127,136,105,113,111,109,109,138,131,132,136,126,124,127,129,120,135,127,112,117,116,106,99,138,140,131,128,114,121,121,122,123,132,136,113,118,112,103,100,128,127,140,129,125,122,136,140,136,129,144,113,119,109,104,96,131,144,138,136,127,140,148,130,120,118,143,114,133,120,117,104,127,128,126,122,125,141,146,124,126,127,137,119,118,123,111,109,125,118,128,120,126,122,119,123,117,123,129,128,124,112,101,124,126,115,127,117,107,114,114,118,124,119,107,109,123,110,115,123,126,110,115,109,114,121,116,110,122,124,116,123,127
101,110,126,129,126,133,130,132,126,130,127,128,121,116,103,106,117,140,122,111,113,121,125,126,128,128,123,121,122,116,111,115,117,133,126,122,104,114,107,112,122,120,123,142,121,114,104,117,118,126,123,114,103,112,109,112,121,128,132,135,112,114,103,116,120,123,131,126,120,120,118,120,130,126,117,126,125,115,107,128,117,127,126,125,118,115,124,118,124,127,112,122,124,115,103,126,116,129,127,128,130,134,135,130,130,129,130,129,138,127,107,107,116,126,121,128,136,141,133,125,125,127,135,133,129,130,105,115,103,119,119,113,124,117,122,128,128,122,121,119,118,117,112,112,114,122,125,133,124,117,116,129,134,127,127,120,133,125,115,118,113,123,122,129,131,132,130,139,133,137,129,126,119,113,113,121,120,120,122,132,132,123,130,136,129,141,123,116,116,113,118,126,118,116,123,122,127,110,122,136,144,144,127,112,114,125,108,126,121,117,141,124,127,114,114,141,135,134,130,128,125,121,131,131,124,133,125,125,127,121,129,143,137,136,129,128,131,124,137,130,124,132,129,126,132,137,127,131,135,128,133,132,131,132,135,134
127,140,127,118,120,129,132,132,128,138,138,146,138,131,125,116,141,133,128,130,141,144,147,151,154,138,145,143,153,148,143,112,135,121,144,135,139,141,128,133,144,134,136,130,129,131,156,124,130,125,142,129,122,136,143,135,132,131,136,124,134,125,157,120,125,123,138,120,124,136,134,128,125,126,116,131,120,122,155,141,115,109,145,150,123,139,134,127,130,136,124,115,118,128,154,123,122,115,139,128,123,137,133,128,132,118,120,123,130,128,156,116,115,125,138,144,137,138,133,121,126,114,126,135,128,123,165,123,121,122,139,122,125,122,131,123,131,130,128,126,113,122,152,128,130,129,138,141,126,131,127,135,128,134,121,102,127,131,153,118,120,129,138,117,118,139,124,132,117,135,126,132,131,136,142,118,126,130,139,122,140,144,128,128,127,125,141,126,109,122,154,123,122,129,137,129,147,126,122,124,128,132,117,122,115,110,129,138,134,122,122,113,114,120,112,113,112,114,134,132,132,119,112,125,147,122,120,111,137,141,136,146,132,129,132,139,124,101,115,118,119,129,112,111,127,150,130,121,136,141,138,125,101,110,110,101
135,127,111,115,102,106,106,110,110,102,111,128,123,124,119,121,127,136,125,118,119,119,119,113,114,114,114,111,119,140,121,134,120,138,138,127,136,126,135,145,131,129,143,138,136,134,130,128,124,143,138,135,148,148,143,135,131,131,133,141,132,141,133,125,126,152,137,148,140,145,145,132,144,135,126,143,139,144,148,124,129,153,139,149,143,147,148,145,123,115,131,128,125,133,131,111,127,146,140,127,133,136,129,130,123,131,121,136,114,126,128,124,133,142,141,131,135,135,136,132,133,128,140,144,131,143,137,125,127,138,143,134,133,141,128,139,140,128,133,135,114,132,141,124,124,132,141,137,131,126,138,117,122,114,113,111,127,141,136,120,128,140,140,133,123,125,121,130,136,141,141,149,138,144,137,117,124,137,143,146,141,148,143,146,149,145,155,155,136,126,145,123,120,134,135,144,141,125,123,132,122,123,131,142,127,136,142,141,114,128,133,134,122,125,122,122,115,117,122,132,132,149,145,147,125,129,131,136,129,122,113,113,121,119,117,128,127,136,137,134,135,139,129,156,129,128,120,115,120,121,122,135,136,128,131,144
123,115,124,133,124,129,125,127,127,132,135,131,122,105,92,127,133,126,107,126,117,117,126,123,120,122,117,115,131,121,109,123,128,131,122,132,133,137,121,127,116,106,107,124,120,115,119,111,119,137,130,126,107,112,121,115,119,125,112,121,129,117,122,119,110,132,115,125,132,139,99,106,100,109,113,114,113,113,106,120,108,130,108,105,109,110,124,114,110,106,109,114,106,107,102,125,123,127,109,110,105,107,130,121,113,120,118,104,123,133,121,119,124,118,119,101,123,125,120,115,114,126,111,110,121,120,115,119,113,131,126,122,125,115,118,114,109,114,120,112,116,127,120,129,119,138,132,107,126,113,127,132,127,127,112,104,125,123,124,122,114,128,134,127,116,118,116,130,120,127,114,124,123,111,120,113,119,122,127,114,112,121,123,120,118,119,107,127,128,124,121,144,116,120,126,104,110,128,121,116,116,118,116,131,127,125,129,124,129,126,110,128,119,132,119,112,137,135,131,143,151,127,115,117,136,109,121,121,131,133,138,137,140,134,141,144,132,129,119,128,119,118,121,107,137,132,130,121,133,122,125,118,114,111,118,123
138,131,133,124,125,127,123,129,130,127,129,127,126,134,136,134,140,125,121,137,121,140,135,123,130,121,125,131,136,130,154,145,126,129,134,125,129,137,132,126,126,123,129,145,131,130,144,136,131,134,138,125,116,126,131,122,134,125,120,136,137,142,142,136,132,135,133,130,135,143,127,130,131,126,137,139,138,141,139,135,132,129,133,120,134,122,136,131,121,124,132,139,147,144,139,139,142,128,135,131,135,129,139,144,131,129,129,138,143,143,150,148,139,129,138,140,139,140,135,144,126,121,126,131,138,143,147,140,142,125,130,131,126,126,130,131,132,127,130,133,131,140,130,141,144,126,130,135,131,123,131,130,127,127,131,126,135,145,130,144,139,125,135,141,137,134,136,137,126,133,125,122,133,136,128,140,136,121,126,129,120,120,124,124,123,120,122,130,131,122,125,153,140,115,133,124,123,130,126,121,115,117,125,122,118,121,134,153,154,128,128,126,126,130,125,122,123,133,133,141,145,116,125,151,160,130,121,118,134,139,135,135,134,134,133,138,136,128,138,152,130,131,129,108,134,132,133,129,142,121,142,130,122,130,132,142
130,132,125,124,120,114,119,121,120,122,125,124,129,137,132,135,123,128,137,126,131,118,120,116,122,117,121,123,125,117,127,122,123,139,137,124,131,123,133,131,125,131,124,120,131,117,119,122,118,120,124,124,123,125,133,132,129,140,128,126,125,124,113,125,120,119,120,129,132,125,132,123,136,135,131,132,130,123,111,118,122,115,124,128,130,123,128,137,134,133,131,110,125,112,113,113,118,113,119,131,126,122,129,129,129,119,126,130,127,119,111,115,122,114,123,130,130,117,123,126,128,125,124,128,132,130,111,116,124,120,125,141,129,130,128,128,127,122,136,125,128,117,109,118,132,120,119,122,129,122,120,121,117,124,127,125,127,126,118,123,128,120,122,116,123,131,133,119,126,131,137,137,135,139,113,132,128,117,120,128,131,122,126,127,132,126,140,138,131,136,117,142,124,116,125,119,130,129,123,117,124,111,114,122,124,131,129,128,146,118,112,117,125,123,130,115,118,122,121,114,124,129,128,124,128,113,128,123,133,117,117,116,121,127,126,119,118,114,117,119,112,113,127,116,129,128,123,125,122,124,133,118,126,121,124,130
123,104,118,117,109,119,119,115,116,120,124,123,143,139,114,121,121,131,121,102,112,98,112,119,115,116,112,114,114,132,103,112,118,125,115,129,108,114,123,125,128,118,123,118,131,133,105,109,119,109,109,117,111,115,120,120,123,115,116,128,141,125,104,120,134,110,104,117,102,121,117,122,132,120,122,112,125,124,82,113,134,109,101,117,116,115,111,107,121,110,111,125,115,115,94,108,125,101,101,109,105,121,119,112,115,121,124,114,95,121,103,124,126,112,109,100,107,109,114,117,114,118,118,118,116,114,103,114,135,129,125,111,123,146,125,127,128,120,131,140,125,120,119,138,134,129,124,117,123,137,115,112,118,119,121,114,132,127,126,131,139,134,133,123,120,122,119,135,130,125,132,124,128,137,128,138,135,138,132,100,106,128,120,126,131,140,147,127,130,123,122,142,137,142,140,137,129,131,127,133,142,145,133,136,138,131,133,145,125,127,149,135,121,125,116,123,118,117,111,123,126,138,125,132,125,129,137,122,92,112,113,109,123,129,127,133,133,122,135,122,128,144,128,124,128,116,120,123,113,115,121,121,125,123,129,123
126,146,136,129,137,139,136,138,137,138,139,139,132,126,125,112,127,117,129,118,138,121,131,129,123,127,127,126,130,122,106,120,126,118,110,107,104,113,113,119,118,113,114,124,118,111,110,116,128,123,106,107,110,116,130,122,118,126,122,120,110,112,105,119,137,130,108,106,114,133,120,128,126,121,125,121,120,113,107,125,133,130,109,114,121,123,128,134,132,132,138,134,136,115,105,127,133,139,118,107,130,139,147,145,133,133,151,128,129,129,140,122,135,141,125,108,117,133,133,130,128,121,124,126,116,111,136,125,130,137,117,97,114,118,118,115,131,133,131,127,111,107,126,125,120,132,116,97,109,126,127,124,131,131,135,128,121,103,125,122,112,125,121,95,116,124,129,140,134,130,127,126,120,97,123,132,110,127,123,95,110,120,120,119,125,132,130,130,116,94,126,95,130,133,132,98,117,130,127,125,121,131,132,127,130,112,127,102,138,130,120,109,120,137,131,132,123,132,130,117,112,117,116,98,103,125,117,114,125,124,124,117,117,111,117,118,114,129,133,100,117,109,114,96,112,114,104,115,106,116,114,121,111,110,114,102
106,126,148,143,143,144,145,147,151,148,147,152,140,133,128,112,124,113,131,145,142,140,144,150,155,143,125,136,120,124,128,123,129,123,135,114,118,102,114,114,114,104,105,76,102,103,139,136,139,131,124,124,127,97,123,115,109,118,97,105,115,110,138,134,145,142,120,121,105,133,106,91,111,108,110,130,117,108,128,124,143,131,110,123,117,105,134,125,123,111,106,113,126,99,131,126,140,127,129,98,109,92,131,140,131,133,113,127,113,108,145,132,137,135,144,111,120,119,132,103,110,127,115,130,127,116,145,124,141,131,136,117,121,131,145,113,136,117,134,132,130,104,153,138,129,128,138,97,94,117,125,116,100,115,118,113,116,104,138,126,117,129,131,99,108,114,123,103,108,121,118,127,104,120,141,138,111,130,143,106,112,125,129,109,115,96,112,120,116,124,155,149,112,125,135,111,113,105,111,92,105,86,100,133,120,125,142,177,138,112,112,116,106,123,108,83,102,109,139,155,155,116,120,154,157,131,114,119,125,147,144,151,159,155,149,158,153,126,125,126,130,156,131,100,152,158,144,162,150,130,158,157,167,162,158,141
122,142,133,124,122,125,127,129,133,132,131,137,131,123,134,113,144,134,138,126,126,129,137,123,135,126,133,137,140,136,129,130,128,147,115,117,127,126,133,119,125,132,137,129,132,131,132,129,131,133,124,115,126,118,119,120,130,133,117,129,126,125,136,130,126,131,118,100,119,104,125,127,118,123,134,135,142,141,128,126,124,129,120,111,135,125,131,137,119,122,128,125,130,134,126,120,117,119,124,104,137,129,119,125,125,133,127,130,123,116,114,123,118,124,129,103,119,121,120,127,119,129,115,113,113,116,125,121,130,119,120,115,122,133,122,140,137,133,138,134,126,135,117,128,133,113,130,104,118,137,118,131,121,129,132,145,120,138,125,123,126,112,135,130,137,131,121,122,131,133,129,125,119,134,123,131,129,116,139,112,119,117,121,140,143,126,140,131,150,149,126,122,131,123,144,128,141,134,135,137,153,131,148,136,130,151,138,128,136,132,140,142,154,146,146,143,155,152,148,141,144,132,136,137,131,122,134,131,143,148,137,133,130,132,132,139,158,131,122,132,121,128,144,110,132,125,134,122,133,119,128,115,135,134,125,109
110,122,129,130,129,128,128,124,130,126,123,117,115,132,115,117,100,117,122,117,117,115,117,118,122,124,117,114,126,117,112,98,124,123,127,129,128,128,120,117,129,119,117,122,121,112,117,114,127,126,127,111,109,117,115,108,114,106,110,117,121,120,110,114,134,131,124,121,120,114,112,116,112,123,111,108,106,110,112,126,132,125,121,123,110,127,116,111,119,110,105,116,114,116,111,129,127,126,120,116,118,112,120,111,112,116,115,103,116,127,119,127,123,126,116,123,120,110,126,118,130,120,125,113,123,109,113,125,134,132,120,117,120,107,112,117,111,116,112,109,106,114,119,136,128,131,111,120,107,108,101,109,107,106,108,97,118,113,114,128,135,126,119,117,115,110,102,115,110,109,118,104,115,108,105,127,136,128,119,115,118,118,119,113,116,122,104,105,100,108,113,122,132,128,116,125,116,110,106,112,114,114,108,108,117,122,115,131,129,121,114,124,106,114,109,105,109,115,108,123,133,122,114,126,141,123,122,121,117,115,126,123,114,126,131,133,134,118,120,126,127,125,113,109,111,118,123,131,129,125,132,124,129,127,113,116
121,116,124,129,122,122,125,129,126,130,133,126,126,116,112,125,115,137,123,144,136,142,139,141,136,135,123,132,124,127,121,111,124,121,114,116,109,119,119,116,106,99,111,119,113,111,109,114,125,124,111,118,112,115,117,114,104,101,106,106,103,97,113,118,120,122,110,111,115,127,125,104,112,113,102,118,120,110,118,120,113,124,114,109,109,124,126,114,121,116,115,110,109,97,119,127,116,126,110,112,108,106,123,107,130,116,114,110,115,119,111,115,116,122,110,114,134,127,125,113,121,120,135,124,129,116,117,125,120,130,116,118,136,128,138,130,124,116,122,124,118,110,121,113,119,130,120,129,113,119,123,121,122,118,112,110,127,123,119,117,121,133,125,114,124,121,122,127,131,131,135,131,127,137,116,116,118,137,127,110,127,139,140,135,121,114,133,125,111,128,125,122,122,135,121,126,120,119,122,137,110,104,123,118,118,121,123,115,112,121,118,126,124,115,110,114,98,102,122,141,134,150,151,111,117,120,138,132,124,140,135,142,132,122,119,119,114,140,139,111,128,126,135,139,130,126,117,129,114,111,111,112,112,119,129,120
130,131,132,131,127,128,126,133,118,121,129,133,129,131,126,130,126,118,119,116,118,119,120,116,116,120,124,132,124,130,121,115,136,132,126,125,118,128,117,126,128,124,127,140,145,144,130,125,135,135,134,136,130,115,124,124,131,126,122,125,136,135,125,126,134,124,125,125,124,127,126,117,120,126,137,127,135,139,124,129,128,121,125,136,134,131,132,132,127,120,117,104,118,138,116,136,130,125,120,128,121,123,118,117,120,112,116,125,130,133,123,119,129,129,121,134,131,120,114,120,119,126,111,132,134,137,122,121,129,129,131,138,132,123,125,114,136,123,139,126,141,135,134,120,125,135,132,132,122,120,124,116,119,124,123,126,129,135,132,122,126,132,128,122,123,127,125,119,129,126,129,131,138,142,143,126,133,137,134,138,124,134,128,139,134,124,131,127,133,133,143,136,134,145,142,130,127,125,133,129,120,131,131,142,142,140,147,132,131,146,157,131,128,129,131,124,134,132,130,142,139,137,138,121,118,149,141,142,125,135,142,138,130,126,125,128,133,144,146,130,122,123,143,131,141,140,132,138,129,127,123,137,147,136,128,140
122,132,126,126,129,132,133,127,131,126,127,126,119,129,136,135,123,116,134,132,140,141,139,132,133,135,128,126,114,120,130,130,129,136,131,127,133,129,128,133,129,132,139,127,117,125,131,143,126,134,131,128,138,128,133,142,125,132,131,120,119,122,124,137,142,141,132,123,127,135,128,131,129,133,134,138,122,131,119,130,138,137,131,128,132,136,132,128,136,138,138,144,126,136,126,127,137,138,128,132,136,136,133,127,138,139,137,141,136,140,130,143,131,138,135,134,138,139,133,139,143,142,128,140,130,133,135,145,139,133,135,133,130,136,128,132,132,143,133,137,134,137,128,139,135,132,136,132,131,138,133,133,127,128,133,138,124,136,127,125,131,127,132,137,136,134,131,132,129,129,135,140,131,146,128,133,134,134,139,131,136,131,135,151,134,135,130,134,132,138,130,132,135,135,130,131,136,136,137,141,141,137,141,142,137,138,141,126,144,142,137,129,145,141,145,139,136,136,147,140,136,133,131,125,115,147,142,139,145,143,143,139,140,140,131,135,138,139,143,119,120,137,140,133,140,136,141,133,133,132,125,118,123,133,136,118
120,124,129,136,140,140,141,138,127,122,127,125,129,126,127,118,142,132,141,145,159,153,161,151,146,150,141,141,138,135,145,136,139,143,134,129,130,129,140,133,135,131,131,131,128,126,143,134,138,145,129,131,140,129,123,131,142,140,140,144,137,139,141,129,144,146,134,133,143,139,137,132,144,139,138,143,141,133,132,131,142,148,129,128,139,134,142,145,130,131,132,140,142,132,134,140,138,146,136,131,122,135,148,136,139,148,134,144,144,144,145,134,137,148,145,124,130,140,145,140,148,152,147,151,157,150,143,138,128,139,139,126,131,141,143,138,137,131,126,138,129,133,131,129,124,134,135,119,128,137,142,129,136,141,135,132,138,130,132,126,116,132,129,134,128,132,136,137,143,140,135,147,143,140,128,120,114,132,136,121,134,141,134,140,136,125,131,129,134,133,128,119,124,132,132,125,134,137,132,135,131,134,129,131,131,124,132,107,128,125,125,132,129,144,133,137,144,138,146,148,147,129,120,98,122,133,125,124,137,140,148,144,144,135,132,130,115,143,143,118,131,120,125,125,133,123,123,124,124,133,140,139,131,131,131,132
157,139,126,127,126,128,126,126,125,127,128,126,121,128,130,148,145,142,125,132,117,118,110,116,119,126,122,120,129,145,126,139,152,114,116,141,125,119,128,122,147,148,128,128,140,144,134,135,153,132,131,139,127,124,127,122,134,132,125,133,138,146,132,145,149,132,134,129,114,127,115,126,136,130,130,129,130,133,140,136,149,134,127,134,120,108,120,124,128,117,131,127,138,136,134,131,143,135,139,143,127,116,122,122,112,116,128,120,118,130,128,128,144,131,132,125,119,115,115,115,120,106,126,124,112,129,133,142,124,111,119,112,104,103,92,95,100,102,105,103,106,116,128,130,133,127,127,117,105,102,108,114,96,106,103,103,107,106,132,135,133,136,132,116,103,107,105,114,105,104,110,106,106,105,129,141,132,135,124,111,102,105,102,106,99,117,92,100,106,116,131,123,131,128,122,100,103,106,108,111,103,109,95,109,115,114,129,139,114,146,127,118,109,118,117,101,91,107,104,105,122,120,138,151,146,146,127,127,112,100,102,113,103,103,108,118,126,110,130,145,165,160,134,130,118,125,119,130,130,127,128,137,139,133,141,146
132,134,122,124,117,119,121,123,122,118,120,126,129,126,135,124,135,124,114,126,122,127,127,124,127,119,114,116,107,99,128,126,113,136,124,112,110,124,118,111,127,118,118,120,106,108,121,120,106,118,115,97,111,124,113,111,120,105,114,130,118,107,111,120,109,125,119,116,114,128,121,117,128,126,133,131,131,112,117,127,107,124,120,104,123,126,123,118,108,110,113,119,125,108,109,110,106,119,119,113,117,116,121,127,105,116,120,110,119,125,128,121,102,113,115,117,114,128,123,126,115,125,117,116,123,116,112,109,131,131,138,151,137,142,142,136,142,151,140,128,134,123,135,138,133,127,134,132,127,139,129,132,140,135,138,129,134,118,120,142,133,131,125,125,129,133,128,128,125,129,129,135,145,130,129,137,130,122,128,133,112,132,135,127,147,142,128,128,141,107,118,126,123,117,127,140,123,131,128,114,126,129,115,122,113,100,114,112,125,110,120,96,99,117,115,121,124,122,126,126,123,109,109,115,119,96,119,109,121,123,117,117,135,135,125,113,124,115,112,108,111,108,120,109,125,120,112,113,127,129,123,125,126,121,121,123
128,118,110,115,132,129,129,126,125,123,126,129,122,122,129,108,102,105,126,119,132,123,120,111,123,121,121,117,114,109,103,112,116,103,109,115,129,129,138,133,132,128,125,134,121,120,101,110,116,114,116,119,131,140,140,120,128,120,118,126,105,110,112,113,118,114,111,111,125,128,137,126,129,130,123,121,112,112,121,120,119,121,134,123,134,134,126,128,126,125,130,128,114,117,118,124,113,118,128,128,141,131,128,131,133,124,123,133,118,114,101,129,113,128,127,131,137,118,121,142,133,128,140,132,117,116,118,120,117,140,137,134,140,129,133,146,143,143,137,133,129,133,126,135,126,140,137,154,151,128,134,138,141,143,142,140,136,154,130,138,131,147,151,126,149,142,143,148,144,137,141,131,141,133,127,131,133,152,145,132,142,129,137,141,134,143,140,143,129,126,128,129,118,146,144,116,133,129,130,132,121,131,129,130,127,124,122,110,124,143,161,113,124,125,130,125,131,136,132,129,109,120,129,117,104,118,134,127,138,132,130,124,122,124,120,121,116,117,119,135,102,101,125,137,120,121,127,118,137,141,133,122,123,122,116,134
127,133,130,133,130,129,122,123,118,124,122,115,131,136,125,109,140,137,120,133,121,122,122,127,119,119,131,121,130,128,124,133,128,130,120,125,120,105,110,115,117,121,116,115,107,118,122,122,121,123,112,123,117,115,113,127,116,122,115,113,114,110,115,125,119,119,110,109,119,117,108,116,124,120,109,114,111,114,120,120,123,114,105,120,117,113,111,111,125,125,121,110,110,112,122,121,121,120,114,129,124,115,130,115,120,122,112,108,121,120,118,118,124,121,116,122,123,115,108,107,115,124,123,118,113,107,116,118,129,129,116,122,114,118,117,111,118,128,117,121,110,125,125,127,118,127,119,135,119,111,124,121,118,127,124,118,116,117,128,124,114,129,120,120,120,108,104,124,117,110,117,115,114,113,124,114,109,134,117,114,123,120,113,117,113,119,119,118,117,132,129,121,127,135,123,121,124,118,129,143,131,126,134,112,123,132,144,128,119,127,128,126,141,110,114,117,116,116,115,117,118,137,147,123,123,130,117,118,128,124,122,129,120,125,136,133,131,141,139,129,125,126,130,129,139,132,135,126,129,126,126,133,136,134,133,125
123,104,109,109,118,117,115,118,116,117,121,121,112,114,129,124,117,121,125,111,123,131,132,129,118,115,124,126,123,119,130,114,126,127,127,125,140,148,144,135,126,129,132,131,136,132,136,121,124,120,135,116,132,129,127,126,121,114,125,122,122,127,138,122,117,130,136,129,132,124,135,140,125,133,130,129,133,132,140,128,120,128,130,132,143,127,123,122,122,121,131,123,125,121,135,116,127,126,128,128,121,120,120,126,127,128,124,127,116,115,135,123,121,120,130,130,133,125,132,134,133,137,135,133,128,126,135,117,127,116,127,127,128,136,138,136,136,136,132,128,127,126,134,126,126,125,132,127,132,124,133,131,126,129,131,136,118,131,123,124,121,122,130,126,132,133,135,134,133,136,138,133,127,131,121,120,117,111,123,127,135,132,136,138,130,130,136,131,127,124,114,103,122,114,123,119,135,136,137,127,122,122,130,130,130,114,130,123,102,120,132,124,135,138,143,139,130,130,128,118,123,129,125,144,122,134,135,125,133,130,128,125,113,114,116,119,131,134,125,133,131,135,144,138,141,137,133,132,125,125,124,123,122,128,129,135
92,120,100,103,104,108,111,112,108,112,116,116,104,106,108,71,120,104,113,114,115,102,106,109,109,114,98,99,101,104,95,123,132,131,115,111,114,104,121,116,109,125,138,115,133,124,105,124,140,138,130,131,123,125,138,135,126,124,136,123,135,129,117,125,150,148,120,122,121,120,124,124,123,135,135,135,133,149,138,124,144,143,114,164,134,139,138,137,141,138,135,116,134,135,135,139,132,139,120,143,114,123,128,120,131,126,131,128,136,134,129,123,127,139,127,139,136,123,127,122,128,133,126,132,126,139,129,116,152,152,142,146,135,143,131,136,139,139,141,133,129,128,136,129,136,147,144,149,142,130,124,125,125,130,121,118,120,147,132,119,126,142,138,131,131,133,121,123,134,129,136,133,133,144,124,116,125,135,136,133,135,133,134,140,147,146,146,131,118,121,108,129,116,125,130,143,150,134,122,116,130,131,124,121,116,125,117,121,137,138,125,110,116,115,104,116,129,123,120,124,130,132,118,111,111,128,115,120,118,128,134,124,136,135,143,129,125,126,120,110,98,118,121,126,124,118,109,108,117,114,119,128,131,125,124,102
115,130,136,141,120,136,135,131,136,132,146,137,147,134,141,126,126,115,119,121,115,108,123,119,117,115,129,124,128,134,137,135,139,129,111,115,113,107,118,129,135,127,141,126,133,137,120,152,140,144,117,129,129,119,112,131,129,114,123,133,148,137,135,152,146,139,132,140,139,126,138,115,136,127,117,120,133,135,131,149,140,147,132,137,134,127,131,116,123,130,117,104,122,130,130,143,145,152,117,138,124,118,105,113,122,128,119,124,116,118,134,142,135,143,118,137,129,127,130,129,124,130,129,124,134,124,124,141,142,135,116,133,134,133,131,124,122,131,128,122,119,127,121,131,143,151,129,127,121,116,130,110,123,114,113,114,110,122,104,134,133,152,128,138,132,116,111,122,116,114,117,112,119,134,115,129,137,140,138,127,136,129,131,137,136,130,125,115,123,118,107,126,145,134,134,133,128,127,113,127,130,135,123,122,114,106,97,124,123,122,126,117,115,107,104,115,119,124,115,126,130,138,115,118,119,106,126,106,104,123,122,121,129,126,123,125,138,122,104,110,109,131,138,97,132,117,129,124,137,131,126,119,123,123,118,109
126,135,147,142,146,147,144,148,135,131,135,141,122,118,136,124,142,133,136,130,147,133,146,133,140,132,128,137,133,127,135,135,132,135,131,106,122,133,129,129,132,116,122,118,113,121,140,133,128,130,128,116,113,130,119,125,121,116,117,137,127,122,125,128,135,135,138,128,133,137,125,124,127,124,132,130,125,125,122,135,131,128,127,110,117,125,132,130,121,124,129,123,121,129,131,133,140,127,129,122,122,135,131,134,124,127,118,129,125,127,131,139,137,127,125,124,128,133,137,135,118,124,134,132,139,135,134,134,132,125,126,125,135,144,141,129,137,133,137,127,119,132,126,139,128,123,129,108,118,135,121,130,132,133,129,118,128,128,125,135,132,123,128,128,116,126,116,121,126,136,124,127,135,131,123,143,131,125,134,126,121,137,137,129,125,125,119,133,127,116,113,138,123,117,127,128,122,130,127,120,133,122,124,130,125,126,118,136,152,113,118,125,122,140,131,121,128,132,147,158,148,126,133,127,118,116,127,126,142,154,152,158,163,162,153,147,141,95,114,120,107,133,143,130,145,134,132,131,129,119,133,128,134,136,137,124
132,126,138,137,122,123,123,128,122,121,125,122,124,131,134,134,131,138,137,130,113,114,127,123,129,125,121,130,122,122,129,128,127,125,135,129,127,122,111,128,113,115,122,122,120,145,138,128,125,126,126,132,128,105,116,127,119,123,118,119,118,127,129,119,128,121,130,141,138,126,116,123,121,120,126,115,118,129,129,121,128,124,124,124,126,114,125,125,132,126,119,122,113,114,130,117,130,126,126,134,123,124,130,121,128,125,117,129,125,121,139,123,128,119,129,131,136,124,120,123,115,137,129,124,139,124,136,118,127,120,131,130,122,127,122,122,126,127,135,132,124,129,138,116,120,117,127,125,129,119,127,120,124,122,120,128,129,124,129,112,126,118,126,122,113,119,113,120,129,130,119,120,127,135,125,116,124,117,125,116,110,119,117,122,126,118,116,128,140,146,127,143,125,130,132,111,118,118,120,134,132,121,128,129,148,138,142,141,139,128,125,129,130,136,135,126,123,127,141,144,152,134,130,132,136,125,133,131,134,146,137,127,146,144,133,130,132,127,123,134,130,130,131,139,142,137,138,132,133,128,131,130,144,147,135,148
154,150,125,118,123,112,114,118,121,117,114,120,121,125,131,138,154,133,113,120,113,114,113,111,117,113,117,122,116,123,136,140,158,129,123,116,103,107,105,101,106,94,102,107,111,122,150,144,160,146,147,128,114,110,107,95,101,107,110,113,121,121,153,141,156,145,147,136,121,125,116,121,113,118,121,109,114,131,144,146,155,148,135,135,119,119,114,113,110,107,116,113,124,138,147,153,156,146,146,136,120,124,126,124,107,115,128,119,128,134,155,148,161,151,148,126,117,126,126,125,125,120,124,128,128,134,157,148,139,138,138,119,109,121,119,117,122,121,117,130,120,146,153,142,140,134,133,128,123,120,122,119,123,116,126,129,143,135,150,145,144,139,136,133,124,118,129,122,136,138,130,129,137,140,144,148,148,139,135,132,118,119,120,119,133,121,130,130,136,136,138,140,153,135,143,128,112,116,110,119,121,119,128,127,144,139,135,138,148,135,136,136,122,115,125,116,114,122,139,135,128,120,121,140,143,139,132,139,134,142,136,134,125,124,117,118,118,117,124,133,142,142,124,134,117,140,130,132,110,115,119,123,124,127,127,129
139,120,123,124,130,126,123,120,121,124,123,118,127,121,135,125,117,132,126,131,128,132,130,132,127,123,126,139,136,136,144,130,106,120,122,118,126,127,133,128,124,117,134,133,129,139,135,110,109,113,122,120,132,130,119,123,121,117,127,134,129,130,128,116,109,123,121,129,135,135,126,122,119,132,141,138,129,131,128,118,116,120,124,124,135,138,129,124,112,123,134,128,123,132,122,116,109,119,123,130,131,121,115,116,129,131,120,131,126,123,130,116,112,117,124,124,133,131,136,123,132,134,132,126,133,136,130,113,125,132,133,130,128,132,133,131,130,130,130,130,132,141,130,129,118,130,131,129,123,129,131,126,145,127,130,143,127,140,132,129,122,136,130,130,125,131,121,108,129,132,127,137,133,137,135,123,126,137,128,133,120,124,123,116,117,103,127,130,133,139,133,131,116,122,121,130,116,124,110,116,111,106,123,124,134,143,133,129,116,115,138,134,129,119,114,112,116,112,115,123,118,136,140,118,135,135,133,141,127,129,122,117,125,120,129,120,111,126,127,120,121,130,122,130,130,125,125,119,120,107,122,136,123,128,115,135
121,125,125,120,130,133,133,131,131,130,128,132,127,119,130,125,131,115,111,125,129,119,133,135,133,128,126,121,127,126,128,130,130,125,123,135,136,142,149,140,133,133,121,116,117,117,113,123,128,122,122,129,122,128,134,124,132,136,119,139,134,118,120,121,127,121,131,137,129,150,139,134,135,137,137,151,121,123,114,124,126,122,128,128,131,131,133,140,122,126,127,126,137,132,113,132,117,121,129,121,138,130,129,138,139,147,134,150,141,144,118,117,116,127,125,130,138,143,141,140,127,132,144,143,139,145,119,119,121,119,123,133,146,143,137,143,138,136,144,125,121,129,106,124,121,113,117,128,131,125,120,139,122,131,132,126,140,138,112,120,123,113,125,108,133,138,138,140,140,154,140,145,139,133,117,127,126,121,128,130,130,142,143,132,143,139,131,131,133,127,114,119,128,125,135,122,126,123,124,124,116,126,124,130,125,124,127,124,120,120,121,132,128,141,137,130,140,142,139,140,140,127,134,130,134,144,136,130,138,139,144,136,150,152,126,127,127,134,153,127,116,127,139,117,136,125,129,126,130,120,123,98,113,126,123,118
122,126,134,133,133,134,135,136,137,138,139,132,130,123,130,126,135,135,133,122,120,128,119,126,121,123,121,125,119,128,131,133,128,129,125,131,123,129,129,133,132,133,142,133,127,125,113,131,137,126,122,132,144,144,143,136,143,143,139,140,131,126,111,128,126,123,119,127,122,130,135,118,132,130,122,130,122,133,113,115,116,123,111,126,129,128,139,130,135,139,135,143,125,124,116,124,114,113,120,127,128,124,138,127,140,134,126,133,131,129,113,109,111,119,118,126,126,133,126,125,144,138,136,135,133,126,115,124,132,130,125,132,139,146,148,138,137,127,138,141,128,134,137,128,132,134,132,135,136,142,145,145,152,154,149,135,133,129,135,132,131,135,126,138,136,146,138,135,144,144,145,141,131,130,127,131,125,134,138,144,151,142,142,135,147,131,143,138,131,140,138,120,126,123,132,125,122,125,130,144,131,128,139,131,126,129,127,105,116,119,119,126,137,127,131,117,121,124,132,130,112,132,120,112,118,122,114,118,130,121,118,123,122,120,119,113,104,130,127,117,121,116,116,124,107,130,110,129,122,122,118,130,122,115,123,120
120,130,123,119,126,127,122,122,119,123,115,124,112,123,128,121,116,109,117,128,127,136,132,126,127,122,131,127,131,133,117,118,117,106,115,124,127,131,143,134,120,120,132,140,150,136,126,125,121,120,126,131,130,127,145,134,133,131,122,135,140,136,136,138,127,122,132,130,124,137,142,137,126,130,137,140,139,137,135,140,137,129,143,131,125,125,140,139,130,135,142,145,136,132,134,137,141,136,138,145,138,136,126,144,135,133,135,142,136,144,134,135,141,136,137,140,129,125,127,150,136,118,126,135,133,132,141,141,119,131,130,124,133,130,129,143,133,124,137,130,145,130,137,121,125,131,124,129,129,113,128,135,133,129,130,132,136,128,137,122,123,129,132,137,130,128,132,130,134,145,145,130,128,126,136,123,123,133,126,139,130,124,127,129,130,133,129,135,130,139,126,132,119,132,136,136,129,137,125,128,125,123,116,123,120,134,132,124,115,138,150,132,128,138,132,129,125,126,132,124,118,130,118,123,128,113,133,130,130,125,119,120,129,127,121,124,123,122,121,125,122,118,117,128,133,113,118,119,120,113,123,124,114,114,127,124
137,132,128,128,123,120,118,123,116,113,114,117,143,133,131,131,141,127,136,143,133,131,136,135,122,131,125,125,127,135,144,138,139,133,136,147,129,118,123,128,125,135,140,126,130,140,138,134,121,130,128,150,146,130,124,135,127,133,132,111,122,135,140,124,117,113,115,134,125,118,121,129,136,125,125,121,135,132,145,120,116,114,123,142,135,138,133,135,149,149,140,135,141,121,142,119,118,120,124,142,127,128,130,133,136,129,119,126,132,127,138,117,116,119,128,148,122,125,131,123,127,123,129,125,126,135,134,120,122,117,124,141,128,144,132,133,124,127,126,131,127,130,128,117,126,119,117,149,133,146,135,137,138,137,139,148,124,130,120,120,123,115,112,138,133,134,128,131,128,115,115,115,115,130,118,119,121,119,112,140,132,121,125,136,120,120,133,123,136,127,118,124,127,115,114,134,135,131,132,144,134,127,136,115,123,113,117,140,127,113,107,132,138,126,129,139,127,117,120,123,134,118,118,130,132,124,124,140,133,124,118,116,121,124,120,119,123,128,134,134,130,126,126,136,125,129,128,122,141,144,132,131,133,138,140,144
