125,121,121,122,122,122,124,121,126,127,130,129,129,131,132,125,125,130,133,132,132,123,128,125,122,125,132,126,129,125,126,126,121,126,128,128,127,132,128,128,121,127,126,127,126,128,132,126,122,128,131,129,130,130,133,130,118,126,130,127,125,122,124,122
127,128,131,124,123,126,128,125,127,131,126,124,126,123,124,129,123,131,125,125,129,130,127,127,122,125,124,127,125,124,128,123,120,130,129,128,125,127,122,126,122,129,121,125,123,125,130,127,122,129,127,127,120,120,124,130,120,125,128,127,126,127,129,129
127,126,126,127,126,126,128,130,127,126,128,131,128,126,125,128,128,125,124,127,125,128,126,128,127,128,126,129,128,130,129,128,125,127,126,128,130,125,131,127,129,129,128,130,130,126,124,128,125,126,125,123,120,120,127,126,128,127,126,126,126,129,132,126
127,130,126,123,125,127,130,123,127,129,124,124,125,122,125,123,127,125,125,125,127,123,125,126,127,126,128,124,122,128,126,123,123,123,125,121,120,119,123,124,122,123,125,124,125,123,123,121,123,125,123,122,120,120,127,119,127,121,123,122,121,121,119,120
125,129,126,126,129,129,133,127,129,136,131,130,131,132,132,128,126,130,136,132,132,132,132,128,125,126,134,131,132,129,127,128,126,126,131,128,127,130,129,128,127,127,131,129,127,129,131,127,122,121,129,129,133,128,124,126,119,126,125,122,123,128,126,125
125,124,124,125,129,130,135,127,122,135,129,131,129,124,129,130,121,129,125,128,126,127,126,126,121,125,120,128,122,125,125,129,124,128,124,126,122,123,121,128,123,131,123,125,125,123,126,127,125,128,124,125,126,122,127,133,132,133,127,130,125,130,132,130
127,131,126,132,133,133,131,122,127,137,132,130,131,131,132,135,127,130,126,128,127,125,127,125,126,126,125,122,122,126,124,124,128,130,127,127,124,129,128,127,123,127,127,126,125,126,132,127,127,127,128,128,125,123,132,130,125,129,128,127,128,125,127,123
127,126,121,128,126,125,127,122,126,131,131,132,131,128,127,127,127,130,130,128,126,121,125,126,130,128,128,129,128,130,127,126,125,128,130,128,128,127,128,124,122,128,128,131,129,131,129,129,128,130,127,128,123,127,127,128,131,126,130,131,131,131,125,119
125,125,134,133,127,126,123,122,121,128,134,138,136,137,136,128,124,128,132,138,135,141,132,128,127,129,131,131,137,132,130,133,123,129,135,138,137,135,136,129,135,125,132,134,135,137,131,125,118,118,130,129,127,127,124,124,122,123,128,128,129,126,121,127
127,125,133,123,121,118,122,128,126,132,132,130,130,132,131,127,125,125,125,128,127,138,124,127,123,127,127,127,127,128,126,123,123,128,126,127,128,129,123,124,128,128,126,129,126,130,124,122,124,125,126,126,119,122,124,116,124,125,125,124,122,126,122,137
127,128,132,127,127,128,132,133,128,133,126,123,125,122,123,128,127,129,128,125,130,131,128,125,128,126,124,126,122,122,127,128,131,127,122,121,122,125,126,124,132,130,123,125,121,120,125,127,128,128,123,125,123,122,123,126,123,126,125,127,122,126,124,130
120,116,140,114,126,126,129,123,126,116,117,113,121,118,122,126,125,120,126,124,124,145,123,127,121,124,123,124,125,122,127,122,127,125,123,114,123,123,123,125,129,125,124,127,127,123,127,127,126,123,124,122,127,122,118,112,121,119,123,124,126,119,120,144
130,127,125,132,125,125,129,128,127,136,130,130,125,127,131,130,127,131,133,127,129,126,127,127,128,128,130,126,128,127,128,130,131,131,131,131,129,131,129,128,129,131,129,129,129,132,129,131,125,128,129,129,128,126,124,127,124,127,131,128,129,128,127,127
127,129,135,126,129,131,132,124,132,140,131,128,130,132,129,135,130,134,130,127,128,131,127,128,128,126,127,125,127,125,125,128,127,127,130,127,125,129,125,125,130,127,127,127,125,124,128,128,124,133,129,125,127,128,131,126,121,132,126,124,123,124,133,130
129,123,124,124,121,121,120,129,125,124,127,125,126,127,128,123,125,126,125,127,126,127,128,126,124,124,128,126,128,127,128,120,123,125,127,126,127,125,126,125,123,126,127,126,125,125,125,124,122,123,122,123,121,124,122,119,118,124,121,121,121,120,118,126
128,128,128,132,127,124,124,134,126,123,124,129,126,125,129,119,129,123,123,125,127,130,129,126,131,126,126,125,123,129,125,128,130,124,127,130,130,125,129,128,132,127,127,126,130,127,129,124,123,126,127,123,124,120,126,119,128,126,122,125,126,129,126,129
130,132,130,127,128,125,121,120,130,124,128,129,132,128,126,124,127,126,126,128,132,129,127,129,124,128,128,130,129,126,129,124,122,125,128,126,125,127,128,128,121,125,124,129,126,126,131,131,123,119,124,123,123,125,125,125,130,122,124,123,125,125,127,133
140,135,127,130,131,129,124,134,128,131,130,129,128,131,133,128,133,130,130,127,127,123,131,133,133,130,128,131,131,124,129,129,130,130,130,128,129,129,129,130,126,126,130,126,126,128,128,129,130,129,131,131,130,130,136,133,124,127,130,128,129,127,128,133
128,126,129,127,126,128,131,134,125,129,126,128,127,126,127,129,126,124,127,124,124,128,129,126,130,125,127,127,125,129,124,129,128,123,125,126,125,126,125,126,134,123,127,126,124,125,125,126,132,126,129,129,125,126,129,123,127,125,123,124,127,128,123,127
126,129,129,133,133,132,132,126,126,126,127,129,128,126,127,127,129,126,122,127,128,124,124,124,127,128,128,128,127,130,127,125,127,128,127,127,127,126,124,127,126,125,127,124,126,129,126,127,123,124,128,124,125,127,127,128,124,127,125,130,130,128,128,121
123,127,126,127,127,126,124,124,124,128,129,127,129,130,129,127,130,133,129,128,129,125,131,129,129,131,128,130,125,128,127,132,130,133,125,124,124,126,129,133,129,132,129,125,127,125,129,133,122,128,128,132,128,130,130,131,126,125,127,127,129,128,129,125
129,128,128,129,129,123,125,127,126,125,132,131,129,129,130,125,122,128,133,129,127,133,130,128,120,129,131,129,130,127,132,126,123,126,126,125,129,127,131,126,128,127,132,130,131,127,129,123,120,125,134,133,128,129,131,121,117,124,131,127,126,123,124,130
131,130,128,130,126,126,122,129,128,122,129,131,130,132,130,121,127,127,130,132,130,131,129,127,129,127,133,137,130,129,130,129,124,125,130,132,131,129,130,127,134,126,130,128,131,126,126,126,126,123,126,130,129,128,130,127,132,124,127,122,123,128,122,125
130,126,149,129,126,126,132,124,124,125,129,132,132,136,134,132,125,128,133,131,131,152,131,131,126,129,131,132,135,129,129,129,121,125,129,133,131,131,128,126,139,126,130,130,130,128,125,124,120,123,130,132,131,132,127,127,122,124,131,124,130,124,120,147
118,123,124,127,123,125,120,119,122,127,125,126,126,124,125,127,123,127,123,124,125,126,128,129,121,128,123,125,121,126,127,129,121,127,123,122,124,121,126,129,121,125,127,129,127,127,128,125,122,121,126,123,123,121,119,125,116,125,127,124,126,123,121,124
136,134,126,128,135,137,136,126,132,122,129,128,130,125,125,123,134,123,124,128,127,118,124,125,130,126,124,125,125,124,126,126,133,129,130,125,124,127,128,129,126,133,126,126,125,125,129,132,136,134,127,127,127,123,123,127,131,130,128,128,125,124,125,127
127,138,128,139,141,143,145,127,129,132,131,128,131,127,131,140,131,134,131,131,131,122,131,129,133,132,130,128,127,124,126,137,129,133,129,132,127,130,131,130,129,131,128,129,128,127,131,132,132,131,130,127,129,129,130,126,134,125,125,131,133,134,128,122
127,126,118,127,135,136,140,127,126,133,135,129,132,137,137,133,126,133,139,134,133,115,140,131,125,127,137,130,134,127,137,125,123,128,135,130,130,138,130,130,119,127,129,129,128,129,142,128,128,129,132,133,137,135,133,126,131,127,130,131,132,132,137,116
131,129,125,122,125,128,126,127,131,127,128,126,124,120,122,124,128,123,118,121,121,123,118,129,125,125,123,126,116,125,119,126,124,129,126,118,121,123,123,133,121,129,125,124,123,123,123,133,132,131,124,119,124,119,125,131,133,134,128,129,127,130,131,129
131,131,129,133,138,136,136,135,126,125,122,120,124,123,121,123,124,121,127,125,128,120,123,120,124,121,125,121,125,124,119,129,124,123,131,130,124,130,123,126,120,122,124,126,122,122,129,125,119,119,130,127,127,126,123,120,127,127,120,125,122,123,123,124
129,128,106,126,127,128,130,131,130,133,128,131,129,130,133,127,129,128,133,130,131,110,133,127,129,129,131,126,129,130,134,127,125,128,131,130,128,135,133,124,122,127,131,128,127,127,132,121,129,126,130,130,136,131,129,128,126,125,128,129,128,126,128,106
133,131,137,137,126,127,127,130,133,129,128,129,126,126,123,120,129,125,129,125,128,139,118,126,128,133,124,129,128,130,130,132,129,131,128,131,133,128,128,129,139,133,125,127,133,131,126,124,123,121,125,121,116,119,120,121,120,128,122,121,125,125,119,132
122,122,127,118,122,123,123,128,120,125,123,123,124,128,125,127,118,120,123,125,124,126,124,127,118,122,124,124,124,126,123,124,121,126,123,124,121,123,127,128,120,124,126,126,122,123,128,127,121,120,122,125,124,125,130,124,127,123,126,128,127,122,127,133
124,122,127,120,122,122,117,123,127,122,127,127,126,125,121,121,127,127,123,127,123,128,120,128,122,129,123,124,122,128,124,126,120,127,125,125,124,122,122,126,124,127,124,124,124,124,120,124,121,126,124,124,123,124,121,121,123,124,124,122,124,126,128,128
128,131,118,123,126,127,133,126,128,135,124,124,126,127,136,134,127,133,129,123,125,118,128,128,128,128,125,124,126,125,129,125,120,128,123,120,123,123,125,126,116,125,128,125,122,124,131,126,119,121,129,127,125,125,127,131,126,130,130,124,125,123,128,121
132,129,131,126,130,129,126,133,130,120,125,125,125,124,125,122,128,118,122,123,123,128,124,126,128,124,123,129,125,126,127,126,129,127,127,130,128,124,132,129,125,127,130,127,128,128,126,128,130,130,127,126,129,131,129,134,129,131,128,123,124,125,130,132
128,123,133,125,123,125,126,126,127,132,131,128,128,128,128,127,127,123,131,128,131,135,130,129,127,126,127,129,129,122,128,121,129,122,128,126,132,132,128,126,129,125,128,129,129,129,128,125,126,120,128,129,128,128,126,120,118,125,125,122,125,125,124,136
132,130,133,135,131,127,124,132,132,135,130,132,130,126,125,131,133,133,132,129,129,130,128,128,135,133,129,128,127,126,127,135,135,130,131,134,128,130,130,131,133,126,129,128,128,128,129,130,136,124,130,128,131,126,122,126,125,130,127,128,132,132,124,131
124,119,123,123,115,114,115,126,126,122,122,127,121,116,114,115,123,122,121,119,119,125,113,126,122,125,113,126,119,129,122,124,119,125,129,130,124,121,121,122,125,124,117,121,126,128,123,126,119,122,117,115,117,113,115,118,123,127,118,127,127,133,128,126
124,126,125,122,125,124,125,125,126,130,127,124,127,125,124,123,123,122,127,126,127,126,126,128,124,125,125,128,126,126,131,129,127,126,126,124,124,120,129,129,124,126,126,127,125,125,122,126,125,124,128,127,128,122,118,127,130,128,123,120,117,127,125,122
125,128,128,127,128,127,129,123,127,120,123,124,124,127,122,117,127,122,126,125,128,131,124,122,125,124,125,124,126,127,127,124,122,124,126,132,130,130,125,124,130,126,125,127,128,131,122,122,122,126,126,125,120,124,118,122,128,125,125,123,126,121,117,123
124,125,126,125,126,125,124,123,122,124,126,127,124,128,128,125,124,123,126,126,126,127,129,125,125,125,126,127,128,128,129,124,126,124,126,124,125,126,127,125,123,124,128,128,127,128,127,122,123,124,126,126,122,125,126,125,124,129,124,126,128,123,126,131
122,125,123,128,127,124,125,125,124,120,123,122,123,123,121,123,127,126,122,125,124,124,125,125,126,125,124,121,125,123,121,126,125,126,123,124,123,123,124,125,124,128,125,122,121,123,120,125,123,121,124,121,123,121,122,124,128,123,122,123,124,126,126,129
121,123,115,119,127,126,130,125,125,129,125,123,127,129,130,129,124,129,130,127,129,120,131,127,124,125,129,123,127,121,127,121,124,127,128,126,125,128,126,126,121,129,128,127,123,125,129,126,119,127,130,132,129,129,131,130,125,129,128,131,126,127,133,128
130,127,139,130,130,129,127,127,128,136,134,128,132,131,133,131,128,137,134,129,128,136,136,133,128,133,132,127,129,127,131,128,127,131,130,127,128,129,130,128,131,129,128,126,128,127,131,132,131,130,132,132,135,131,130,126,123,132,133,132,131,129,130,138
122,127,125,122,126,125,122,119,128,122,126,125,129,132,124,126,129,128,127,131,131,128,126,129,128,129,129,126,129,126,123,128,126,128,125,120,123,125,126,127,122,130,127,128,122,124,122,130,125,128,126,127,124,128,124,128,123,128,124,123,121,124,131,128
126,124,125,125,123,123,125,128,126,129,128,130,131,132,129,128,127,131,131,129,130,126,125,127,126,129,131,129,131,127,131,126,128,128,130,131,130,131,130,126,123,129,129,128,126,128,131,130,127,130,126,130,126,128,128,126,124,128,124,127,129,129,127,127
125,121,127,125,124,126,120,126,126,124,130,130,132,129,129,126,124,131,132,134,133,129,133,127,125,126,129,129,134,131,130,125,125,129,137,136,134,138,132,126,128,127,130,134,133,137,136,127,121,120,131,134,135,134,137,123,125,123,131,129,131,127,127,121
129,127,117,130,132,131,133,133,124,137,133,131,131,131,126,131,130,136,133,130,131,115,128,126,127,131,130,126,133,127,127,131,129,131,135,136,128,132,125,126,125,129,127,131,126,126,133,131,135,133,133,132,129,132,137,139,130,134,131,132,131,133,133,115
129,126,131,130,125,123,125,131,128,130,129,127,129,127,129,134,125,132,129,128,130,133,126,126,130,129,126,128,126,128,126,133,131,132,131,129,131,131,129,132,131,130,127,127,128,128,130,134,132,132,131,126,125,126,132,139,128,134,130,131,132,130,133,133
131,134,134,137,134,135,137,129,125,127,128,131,129,131,130,126,129,130,126,127,132,132,125,131,132,132,129,129,131,127,128,130,133,131,126,131,130,130,129,130,132,128,127,127,129,127,124,126,130,129,128,129,130,133,130,119,129,123,130,133,131,126,120,129
131,129,128,125,128,129,136,133,128,137,133,131,131,132,133,135,125,133,133,138,131,129,132,127,125,128,134,127,133,128,135,126,122,127,135,134,132,135,135,126,124,126,129,128,131,129,133,124,121,125,129,132,129,132,130,124,125,130,130,124,124,125,127,131
126,127,125,130,124,123,119,128,126,126,128,131,126,129,125,124,132,126,128,123,124,125,125,132,133,130,124,129,128,128,132,129,134,129,127,132,132,126,127,130,134,126,128,127,130,130,128,126,126,121,126,124,120,124,122,126,131,125,124,125,127,130,125,124
131,126,134,126,124,121,121,126,127,124,126,126,124,122,125,126,128,123,124,125,122,137,120,122,132,125,126,127,123,128,125,127,127,123,125,122,122,121,126,125,134,125,126,129,125,126,123,125,130,125,124,123,120,119,122,125,140,127,124,128,125,135,135,137
121,123,97,119,128,131,134,126,122,122,125,123,127,134,130,118,120,126,130,133,129,95,132,126,118,125,130,124,132,125,129,118,122,124,127,121,125,130,127,124,108,125,128,125,123,122,128,128,132,126,126,131,131,133,121,121,131,127,122,122,118,120,123,93
127,124,120,124,127,128,124,124,126,125,129,127,127,129,126,124,123,128,122,126,126,119,125,128,124,128,127,126,128,122,126,121,127,129,127,126,129,128,131,125,119,126,126,127,126,125,124,125,133,127,129,127,130,127,122,121,135,125,123,123,121,123,120,120
132,132,129,130,129,130,129,122,130,119,125,128,122,126,121,122,129,123,122,122,122,131,124,128,130,128,124,131,123,129,125,126,126,128,124,127,126,124,126,126,129,129,126,128,128,126,120,127,129,128,126,123,124,122,121,122,125,123,125,125,125,127,127,125
118,120,118,125,125,125,121,119,123,131,126,130,125,125,122,123,125,132,126,127,128,124,124,128,121,129,120,130,125,125,124,125,127,131,123,125,127,128,124,130,122,128,127,125,128,128,122,126,124,129,126,127,125,126,127,122,130,131,129,125,123,121,119,118
128,125,121,123,127,129,129,113,127,134,129,128,129,122,131,129,125,127,121,126,129,121,128,127,121,127,120,122,124,125,129,121,123,127,128,122,125,126,129,126,119,128,128,128,126,123,130,129,134,126,124,125,123,123,122,123,125,123,125,122,121,123,125,118
128,124,122,124,124,123,119,126,123,125,126,125,124,127,125,128,125,126,128,126,125,123,123,124,125,127,125,130,125,128,128,130,128,128,131,127,126,128,132,129,126,131,129,126,126,127,128,128,131,128,127,128,126,127,129,126,123,123,126,126,125,126,127,123
127,127,129,127,128,125,129,128,132,125,126,127,130,130,127,127,132,129,126,128,129,125,130,126,130,129,130,124,128,126,127,130,132,133,130,127,130,131,128,134,129,132,129,127,129,131,130,133,136,133,130,128,133,132,129,128,125,128,127,131,132,126,126,125
115,120,120,120,127,128,128,123,125,116,125,124,128,122,125,123,124,118,122,122,123,120,122,122,119,124,121,119,121,125,124,125,124,124,124,119,121,119,124,126,121,124,124,123,123,125,125,126,125,131,122,119,122,123,124,125,125,125,125,127,128,124,124,122
123,124,132,123,124,122,124,123,124,128,129,128,129,129,131,130,126,128,132,128,127,137,131,126,125,125,128,125,126,132,128,127,125,128,132,132,128,132,128,126,127,126,127,127,127,129,130,126,132,129,130,132,130,133,133,127,132,131,129,134,130,136,140,136
120,120,128,127,124,125,127,120,121,123,126,126,124,124,123,125,123,124,129,125,125,129,126,123,124,126,126,131,131,127,128,126,125,127,128,130,130,128,130,125,130,127,125,128,129,129,130,125,127,128,128,130,128,129,124,123,121,125,130,126,129,119,116,131
134,129,129,129,128,126,122,137,128,125,127,126,122,124,121,124,124,124,119,122,122,135,122,126,125,127,122,129,123,137,129,131,125,126,125,125,125,120,127,129,133,128,124,123,125,124,122,129,123,122,123,120,119,122,126,128,134,134,130,131,129,131,129,138
131,131,136,134,127,128,125,135,128,124,128,127,126,123,127,126,127,127,126,125,129,136,129,128,131,129,127,128,130,132,129,130,131,127,132,135,132,133,130,131,135,127,130,130,129,129,132,127,133,132,131,133,132,132,134,131,139,130,128,129,134,130,127,136
114,126,141,126,134,132,131,119,123,128,130,128,131,133,131,129,125,129,131,135,128,136,134,128,122,126,134,126,134,120,131,127,128,128,129,128,129,131,133,134,125,125,129,133,127,128,134,131,129,125,127,130,128,132,129,131,130,124,127,134,129,131,135,137
132,129,129,131,130,131,130,133,126,133,129,126,129,129,127,130,129,129,126,126,130,126,129,130,130,131,127,130,128,126,131,131,129,133,126,131,129,129,131,133,127,131,129,125,129,131,133,130,126,133,130,129,124,128,130,133,130,132,132,133,134,130,129,133
124,125,38,107,121,123,125,99,127,123,123,118,126,127,125,117,127,123,128,125,126,32,129,121,116,123,128,121,124,112,124,109,127,125,129,114,118,127,123,120,77,126,125,123,116,117,127,127,126,130,128,130,131,129,125,117,117,130,127,123,119,115,125,28
124,123,129,130,126,125,130,131,121,118,126,127,128,130,123,117,126,119,132,128,133,127,129,125,129,121,133,128,132,124,131,123,127,123,132,137,129,134,133,128,126,123,130,126,126,126,133,124,125,123,133,131,133,133,128,125,130,124,128,120,121,128,119,133
126,128,129,126,124,123,126,132,128,124,129,128,129,129,128,128,126,129,134,129,133,127,130,124,129,125,132,130,129,132,130,125,127,126,133,133,131,134,131,123,134,124,130,130,130,128,130,128,130,129,132,133,134,136,138,132,129,130,131,132,133,131,134,126
129,129,132,135,132,133,134,129,131,130,130,131,130,123,120,126,128,127,122,124,129,133,123,128,131,128,120,128,124,133,125,129,132,129,130,137,133,133,127,129,130,127,126,131,132,133,127,128,132,133,127,127,122,126,128,135,129,132,130,130,131,132,128,129
126,127,128,122,124,124,127,122,129,134,130,128,130,130,131,130,124,135,131,133,131,128,137,130,122,128,130,126,130,123,130,123,127,131,127,127,127,134,130,128,124,130,128,127,126,124,135,129,128,128,131,133,136,132,136,137,119,128,133,127,124,121,128,131
134,131,132,130,131,132,132,131,129,128,127,128,129,126,126,127,128,126,129,125,125,128,123,126,132,126,123,129,126,127,123,127,129,126,123,125,125,122,125,129,130,127,125,126,127,127,122,129,134,130,128,127,129,129,127,130,126,126,131,125,128,129,133,134
120,125,133,129,124,127,123,125,127,120,127,126,128,129,131,126,128,124,126,131,132,128,131,123,129,125,127,125,130,124,129,127,130,128,129,130,128,127,126,125,137,128,126,126,125,125,132,130,130,130,129,125,128,129,125,130,127,131,128,133,129,134,136,132
122,123,121,118,121,120,119,122,127,126,123,121,130,128,130,130,123,134,128,126,131,121,130,127,121,130,128,122,127,123,126,125,121,131,127,119,125,126,125,127,119,129,128,125,126,125,128,130,119,126,123,122,120,120,128,128,119,123,126,121,122,118,121,125
131,131,127,128,129,130,126,131,128,122,129,133,130,126,128,126,131,127,125,127,126,128,127,129,129,129,126,131,123,129,129,133,124,129,126,125,126,125,123,128,125,129,126,128,125,126,124,131,123,124,122,123,121,122,129,128,128,127,126,128,127,129,127,126
131,131,133,133,137,135,128,130,128,130,134,129,128,125,124,130,127,129,131,126,124,136,124,131,127,128,126,129,127,132,125,127,131,128,127,126,127,124,127,128,130,128,129,129,128,132,125,128,137,127,126,127,123,123,125,124,134,127,128,133,130,133,136,132
129,123,122,125,127,129,130,122,127,132,132,130,130,128,128,131,125,131,129,127,126,125,126,126,124,129,128,129,124,127,126,123,127,126,127,122,124,122,128,122,124,124,128,126,127,126,123,124,127,126,129,133,133,132,128,120,122,124,130,128,125,129,128,118
127,129,135,128,133,130,130,126,129,131,127,127,128,122,131,127,127,128,131,127,124,132,131,125,127,126,132,122,126,124,126,120,129,128,129,123,123,125,129,125,126,129,132,126,126,130,131,127,129,125,128,128,127,125,133,132,125,129,130,129,126,125,130,134
131,126,128,127,129,128,129,131,127,127,129,127,127,131,133,128,127,128,128,126,128,127,130,129,127,126,127,124,129,125,125,128,129,126,129,131,130,132,125,128,131,126,124,125,124,130,132,129,130,128,130,131,135,129,130,128,127,127,128,129,130,126,128,129
132,125,129,128,129,131,125,130,129,125,128,127,126,125,123,127,131,126,127,125,128,129,125,123,131,126,124,122,123,128,124,133,133,129,131,131,126,124,125,129,128,132,124,125,129,126,127,128,130,130,126,124,125,127,126,128,132,129,130,130,131,131,126,127
128,131,134,130,129,128,129,134,130,126,120,122,122,119,126,135,128,131,121,118,123,129,122,127,127,126,120,126,122,128,125,132,124,129,124,123,120,121,124,129,124,130,123,123,126,126,124,130,131,131,125,126,128,126,129,136,129,127,126,133,130,128,129,138
133,130,128,124,126,126,124,125,130,127,125,123,123,124,122,125,127,123,122,122,119,133,119,129,126,124,125,125,123,128,123,122,127,126,123,119,121,123,121,124,128,129,128,128,123,126,126,127,134,128,128,122,122,118,123,126,133,127,124,122,120,123,132,125
133,126,127,127,128,128,124,126,129,132,131,129,127,133,130,132,131,130,135,131,128,131,129,129,132,131,131,131,134,131,132,132,135,132,129,128,131,132,132,133,135,133,129,131,132,130,127,131,133,132,131,132,130,130,129,131,131,128,128,127,127,123,121,123
131,125,123,126,122,123,119,126,129,123,121,123,121,116,118,121,129,126,123,118,122,121,120,121,129,126,123,125,120,124,126,127,127,128,126,126,122,122,125,124,127,129,125,122,124,124,124,123,129,127,122,123,124,121,124,123,118,126,123,124,124,127,122,126
122,128,126,125,124,126,121,124,128,131,126,126,128,124,123,123,127,129,123,122,124,125,119,124,128,126,126,126,125,124,125,124,128,129,125,122,125,125,122,125,128,128,127,126,124,124,125,124,128,127,128,130,125,128,129,123,117,127,130,124,123,125,127,130
122,128,121,127,129,130,133,118,124,131,129,126,126,132,134,127,125,126,133,131,132,121,134,126,126,125,135,129,132,128,126,122,125,121,127,124,127,128,129,122,120,123,127,128,129,127,130,123,136,131,126,126,133,129,133,129,131,125,132,132,127,132,131,113
130,131,135,131,128,128,132,135,130,136,132,131,128,129,131,128,127,125,128,127,127,132,122,128,128,126,130,125,126,126,124,125,134,129,130,134,131,132,128,126,132,128,130,128,129,128,127,125,129,129,130,128,128,128,129,130,133,136,128,131,128,132,133,135
125,120,118,116,122,119,117,121,126,124,123,123,125,127,122,122,122,124,124,123,124,123,123,127,121,123,127,127,124,126,124,126,121,119,122,118,117,122,121,124,119,124,123,125,123,123,127,127,120,118,124,120,124,118,126,126,120,123,124,122,122,122,124,130
132,129,132,130,129,128,126,134,128,121,123,124,123,121,125,126,130,122,118,119,119,126,119,126,131,124,120,124,122,127,123,129,133,127,123,121,119,118,122,128,133,128,123,122,123,123,123,125,132,131,121,118,119,120,126,128,129,128,121,128,129,127,126,124
130,120,136,120,124,125,128,128,124,121,129,125,127,128,131,129,123,127,127,126,125,138,129,129,124,128,129,125,124,126,129,128,124,125,130,127,127,130,125,127,123,125,127,126,125,126,130,130,127,129,126,124,124,125,127,126,128,128,126,123,123,126,130,145
126,127,128,125,125,125,127,126,127,124,123,122,123,125,128,127,125,127,130,127,129,128,131,128,128,123,128,127,127,124,130,123,127,126,129,123,126,129,128,126,125,127,128,124,127,127,131,126,130,130,130,130,132,130,127,127,131,127,127,130,127,129,133,131
123,126,132,126,126,126,130,125,126,131,127,128,129,132,133,130,126,131,133,128,127,134,132,128,126,128,132,128,126,127,126,129,127,128,128,129,126,129,127,128,131,126,129,128,127,128,131,128,125,127,127,131,128,132,131,135,121,130,125,123,125,126,127,135
132,136,133,135,133,134,131,128,129,124,124,127,125,119,119,127,132,124,118,121,123,127,118,128,133,130,121,126,122,131,127,131,133,128,123,123,125,120,125,129,136,128,125,127,128,127,118,129,128,128,120,121,118,117,121,122,130,123,123,124,127,126,119,120
118,124,127,126,124,123,119,123,124,128,131,130,128,129,131,129,129,129,131,131,131,130,129,130,129,132,133,130,132,134,131,133,128,130,128,127,131,131,132,131,131,129,132,132,132,131,125,131,126,130,129,129,127,126,131,132,125,130,131,128,129,124,125,124
132,131,95,136,135,131,122,135,130,117,128,131,128,125,127,127,131,124,119,126,124,93,121,132,132,128,120,126,124,131,128,131,132,130,126,121,129,125,129,131,125,132,128,127,127,131,126,132,129,121,125,123,120,116,124,123,129,122,128,130,127,125,127,85
131,130,126,134,129,126,128,136,130,122,124,129,128,128,126,127,129,127,127,130,128,122,128,130,130,127,129,133,133,126,126,134,127,128,124,131,132,130,129,132,131,125,130,128,129,128,126,128,118,122,127,128,129,131,125,128,126,126,127,130,136,131,124,121
129,131,136,134,132,135,126,131,127,130,127,129,128,128,128,126,130,130,125,127,123,131,124,126,130,126,125,127,126,129,123,133,129,129,124,127,127,126,124,128,136,128,125,127,125,126,123,130,127,126,125,125,121,123,127,125,125,128,124,125,126,128,130,131
126,121,129,124,131,131,135,125,123,129,127,128,125,125,127,128,126,126,129,130,127,133,124,124,125,127,129,123,127,131,128,125,126,128,130,127,125,129,125,125,128,127,129,129,126,126,129,127,132,132,128,128,125,126,125,123,128,125,132,128,127,127,127,131
127,134,134,134,132,131,130,132,127,126,124,129,125,123,123,128,132,127,121,124,122,128,122,127,131,130,125,127,123,131,126,130,128,129,126,131,129,124,122,132,127,128,125,126,130,131,126,131,121,126,121,119,121,119,123,125,132,125,122,124,128,130,127,126
129,123,121,126,125,124,123,130,126,125,125,126,125,122,124,128,125,125,121,125,125,125,120,129,127,129,123,127,122,130,127,127,127,126,124,124,129,122,128,129,130,129,127,126,129,128,123,127,132,130,126,123,124,126,126,128,131,129,127,128,128,129,129,125
120,126,128,131,131,127,125,127,129,130,127,127,129,129,134,135,128,133,134,136,132,125,134,126,128,130,135,130,133,129,132,129,128,135,135,132,133,136,132,133,124,131,133,131,132,134,135,134,124,132,131,132,133,133,135,144,128,136,136,138,135,133,133,130
121,124,120,128,131,129,121,125,123,126,129,132,131,131,128,126,121,126,128,130,124,119,127,128,120,125,131,129,130,127,126,120,119,126,123,128,130,128,126,122,119,124,128,131,128,126,124,124,127,124,125,130,125,133,131,124,127,122,129,130,130,126,129,124
132,128,134,133,129,127,124,133,129,124,128,128,125,124,121,122,129,124,117,125,123,134,122,129,133,129,119,130,124,130,126,132,128,130,128,134,131,126,126,130,136,130,127,129,131,131,126,129,125,127,124,123,124,121,124,128,130,131,126,132,129,132,131,138
126,127,127,127,128,129,129,129,127,131,132,131,132,128,130,129,125,129,128,128,127,124,131,127,128,129,129,125,127,125,130,128,126,128,131,127,127,125,129,128,125,128,128,124,126,128,132,127,127,128,131,128,128,125,128,125,129,129,130,128,128,128,130,129
125,123,111,122,121,121,120,128,125,123,129,132,129,131,126,123,122,125,123,123,123,116,127,131,117,129,120,124,127,131,126,127,112,124,119,123,127,127,121,127,121,126,123,125,127,129,123,127,116,120,122,123,126,123,125,128,117,126,126,121,127,127,123,112
131,129,128,128,126,126,126,131,131,137,130,130,133,123,132,130,133,134,132,134,134,130,135,126,132,129,130,128,131,129,130,130,131,128,132,137,130,135,131,128,130,130,126,130,130,131,140,127,133,139,132,136,134,134,135,129,134,133,130,132,132,134,132,123
127,124,122,125,124,120,108,130,123,125,129,127,124,127,126,124,126,126,130,126,123,124,126,126,128,129,126,124,126,128,126,126,126,123,125,118,129,120,125,124,125,127,127,130,131,131,122,124,127,124,123,123,125,123,121,117,129,123,127,130,133,126,127,123
124,127,125,123,123,121,120,124,129,121,125,122,124,127,124,124,126,127,123,123,124,123,121,129,127,127,128,126,126,122,125,124,126,129,129,127,125,127,121,125,123,126,124,126,126,125,120,125,131,128,124,124,124,124,125,122,128,128,132,128,128,126,125,125
132,135,134,135,137,131,139,127,131,130,127,127,129,127,127,130,130,135,129,128,128,126,126,124,129,129,132,127,127,125,126,126,127,132,132,131,127,131,126,128,127,128,130,131,126,128,132,129,123,126,135,132,132,133,131,131,134,128,131,135,134,131,132,127
128,129,123,126,134,134,134,132,126,125,128,125,125,128,131,135,131,125,124,124,122,118,126,128,129,128,123,122,127,126,129,125,131,129,124,121,126,124,127,129,121,127,127,124,125,125,124,129,129,127,129,128,125,130,126,133,125,126,131,129,128,123,125,119
126,132,126,132,127,127,126,133,130,130,129,131,130,127,124,127,131,130,123,131,129,124,128,129,132,131,130,128,130,130,132,129,130,130,132,134,134,131,133,131,130,130,129,132,132,132,131,129,128,130,130,131,127,131,131,131,131,135,131,135,133,136,134,125
128,126,121,128,130,129,120,127,127,132,128,129,126,127,128,131,126,131,124,128,125,120,125,127,125,129,131,126,126,124,123,133,124,128,123,124,126,128,125,129,122,128,127,124,125,124,128,129,123,127,127,127,130,131,132,135,119,130,130,127,130,123,127,130
120,124,132,126,129,130,131,125,129,127,129,125,127,128,129,126,133,127,136,133,129,131,132,128,129,128,135,130,134,131,130,127,128,131,131,127,130,132,131,128,131,131,133,131,130,130,133,130,122,127,128,132,133,133,129,128,120,128,131,130,128,124,123,136
125,124,124,123,121,122,122,125,128,126,128,128,126,129,128,132,127,131,130,126,128,126,127,131,127,130,129,128,126,127,129,131,126,131,127,127,128,125,125,130,127,130,126,126,128,126,126,131,126,130,128,124,124,126,128,130,126,130,130,128,130,127,125,131
129,129,152,122,126,128,132,121,130,132,125,123,123,126,123,129,128,127,124,124,125,148,122,127,126,125,124,126,125,128,122,123,128,128,124,120,124,121,125,127,136,131,126,126,123,124,122,128,127,132,122,121,120,117,124,125,128,131,130,128,130,123,121,145
130,130,118,129,126,127,128,126,131,121,125,128,126,126,129,120,130,124,127,128,124,119,129,122,131,128,125,130,128,130,128,124,134,129,124,122,128,125,128,126,126,130,129,128,129,129,126,127,128,124,126,125,128,125,126,125,129,125,127,124,122,124,129,115
131,128,128,130,124,125,130,137,130,133,127,126,127,129,127,132,126,126,129,127,129,132,128,129,128,127,128,130,131,130,127,136,126,127,128,132,129,131,128,130,133,127,127,128,127,127,125,128,124,124,129,130,129,130,126,129,127,128,126,122,125,126,123,132
121,119,127,125,121,118,115,127,127,122,130,130,126,132,127,123,124,128,129,131,128,131,136,132,126,129,131,126,131,124,130,126,128,131,127,132,133,133,134,131,132,126,131,130,132,128,126,127,128,123,130,128,129,131,126,127,127,124,125,123,122,127,131,128
129,134,128,132,134,136,131,126,131,134,129,125,127,125,126,129,129,129,129,128,129,123,126,125,128,126,129,125,130,125,127,127,130,130,127,124,125,128,125,125,121,125,128,127,126,125,124,127,131,133,130,128,132,128,130,134,129,132,134,131,129,126,134,128
130,129,133,133,132,133,130,125,128,127,126,129,128,130,126,125,128,129,124,131,130,128,131,129,130,128,129,129,130,126,128,129,130,126,124,128,130,127,129,128,130,128,130,125,127,126,124,128,126,122,122,125,123,127,121,127,123,125,118,120,122,120,122,132
130,132,131,136,135,133,135,132,131,132,131,132,131,132,129,127,127,129,133,131,133,126,129,125,131,128,132,125,135,127,132,129,124,130,128,132,132,134,130,128,122,128,128,131,129,130,134,125,124,127,132,130,132,131,132,135,128,128,127,130,132,131,132,129
122,125,127,123,121,122,123,127,124,126,127,126,126,126,127,128,127,128,126,126,124,124,120,127,123,126,127,127,125,125,125,126,123,127,128,124,125,129,127,126,126,126,126,127,126,129,129,126,123,127,127,131,130,129,130,126,118,130,130,125,126,124,124,131
126,129,139,133,129,130,125,124,129,132,127,129,126,127,128,132,129,133,122,125,129,140,127,121,130,127,127,129,126,125,126,127,131,130,123,125,127,125,126,125,132,129,127,127,125,125,121,130,131,133,123,125,122,126,128,131,129,128,125,127,129,124,128,133
121,118,122,120,119,119,112,121,126,124,127,126,129,126,128,126,126,129,129,128,130,128,127,125,124,128,131,124,128,125,127,128,126,128,127,128,124,126,126,127,130,128,127,126,126,128,129,132,122,124,122,125,127,125,126,128,125,124,123,124,123,128,125,122
125,124,123,127,132,134,131,124,125,140,138,134,137,137,136,135,125,135,137,137,135,125,135,130,125,131,140,129,134,123,130,126,124,127,125,128,126,130,129,125,121,123,128,127,125,125,126,121,125,119,122,125,120,123,124,121,127,120,124,116,119,126,120,120
127,126,125,123,123,124,121,125,126,128,128,128,129,128,126,126,127,133,130,128,130,126,132,128,127,129,127,127,128,128,130,123,128,130,130,128,128,130,130,129,125,126,130,130,129,128,134,127,135,132,131,132,129,131,133,129,126,130,128,127,123,126,129,125
123,123,124,124,126,124,127,126,124,125,121,120,120,119,122,123,121,126,120,120,120,123,120,127,121,126,121,125,123,129,126,125,119,126,127,127,123,123,127,125,129,124,123,125,122,123,123,123,125,121,122,122,123,124,126,123,122,124,122,122,124,123,122,125
122,126,130,127,130,131,131,123,126,124,126,126,126,126,126,129,128,133,128,129,127,132,132,127,129,130,126,129,125,127,128,128,128,130,126,123,125,125,132,129,126,128,129,129,128,126,127,125,126,127,129,127,122,126,127,122,122,126,128,125,128,122,121,125
129,126,127,126,132,132,126,128,126,116,124,125,124,122,125,127,131,126,131,131,125,126,125,129,129,129,124,128,130,129,132,132,131,130,129,128,128,128,130,129,127,129,129,127,130,131,126,131,129,128,126,125,130,129,123,125,125,126,132,131,134,130,128,125
132,128,126,126,125,127,127,127,128,138,129,129,129,131,133,128,128,132,130,131,128,123,132,128,129,128,127,127,128,126,131,124,130,131,129,127,127,127,130,125,125,129,125,125,126,127,135,126,132,131,131,130,132,131,132,132,127,132,134,127,126,123,121,126
130,129,112,127,126,124,121,125,127,125,124,125,129,132,131,125,128,128,123,122,129,109,131,128,126,125,127,128,132,128,135,127,130,126,131,130,128,132,129,127,126,129,128,130,130,128,136,125,129,131,131,130,130,131,133,131,125,131,124,127,129,126,128,111
120,128,127,126,131,131,125,119,125,118,124,123,132,130,130,121,127,125,127,126,126,125,128,128,123,128,126,123,125,127,126,119,123,125,128,128,123,125,124,121,116,126,128,126,125,125,132,126,117,124,128,133,128,132,128,126,129,131,128,127,124,122,126,127
127,127,125,128,126,127,135,133,125,130,127,128,132,128,131,131,124,128,132,131,132,122,131,126,127,126,129,126,130,126,126,129,129,127,131,131,128,129,123,126,130,127,126,125,125,127,128,130,126,127,130,127,131,129,128,127,134,128,127,132,131,131,128,128
126,129,128,128,132,133,131,126,128,129,124,123,125,124,123,125,127,129,127,122,128,125,122,124,127,125,126,125,124,125,123,128,122,121,127,122,120,123,119,121,124,122,121,118,122,120,117,123,117,123,124,124,127,122,127,129,125,125,124,128,125,128,131,126
126,126,134,121,122,123,129,127,128,122,128,127,129,135,132,123,125,128,131,133,129,132,131,125,127,125,129,126,133,125,131,126,127,126,128,128,128,132,129,122,129,128,127,128,126,125,133,127,133,130,130,131,126,131,134,134,125,133,131,126,124,126,129,141
125,128,122,118,124,127,132,120,127,132,126,124,127,122,125,129,126,126,129,125,127,125,125,127,127,127,127,125,124,129,126,124,132,124,129,126,126,128,127,127,122,122,129,132,124,125,126,127,137,126,129,133,128,132,130,132,128,130,129,125,122,121,128,122
126,126,124,122,127,126,115,120,122,118,124,126,127,127,122,113,126,118,128,130,131,124,125,126,127,123,132,127,132,124,127,124,133,123,134,136,128,131,127,127,132,126,127,128,125,126,127,127,130,128,129,131,128,128,128,122,130,124,126,129,124,128,129,124
128,126,110,127,127,126,133,127,127,126,121,129,125,124,123,123,129,127,124,126,127,114,125,127,130,129,122,130,128,132,128,127,128,128,123,125,128,128,128,127,123,126,125,129,133,134,132,127,124,126,126,123,129,124,126,129,130,131,125,130,128,137,132,109
125,131,138,133,132,130,127,131,130,123,126,127,126,126,125,129,130,129,127,128,126,136,128,130,129,130,126,130,125,124,126,131,127,129,124,124,127,124,127,131,129,126,127,128,127,127,124,125,123,128,130,131,129,131,131,127,133,124,129,130,131,131,131,136
119,126,125,124,124,125,126,123,123,127,125,125,128,122,126,128,125,128,122,125,123,123,124,130,124,125,126,125,123,128,130,127,131,129,127,123,125,123,127,129,126,128,128,125,124,122,124,128,127,127,126,124,127,128,127,126,127,122,127,124,124,128,128,126
131,128,128,127,123,126,127,127,128,126,125,126,129,127,127,128,128,131,126,125,126,128,122,128,128,129,128,124,124,125,123,125,127,130,130,132,127,127,126,125,126,127,127,127,126,130,125,125,129,126,130,128,122,127,132,129,135,132,130,129,129,134,132,124
132,126,137,125,122,121,125,131,126,129,124,124,120,121,126,138,124,126,119,122,116,139,122,127,123,125,121,125,120,123,125,132,123,125,122,117,124,121,125,127,129,127,124,126,124,124,123,129,120,118,122,119,125,112,119,123,113,126,126,124,125,124,120,139
124,121,126,120,122,123,128,119,127,129,124,123,124,126,122,120,127,126,122,126,130,129,126,127,126,126,127,123,129,123,122,125,121,124,125,122,124,127,120,123,122,123,124,122,123,122,123,123,125,123,127,127,124,128,126,124,133,127,122,124,122,127,127,128
123,124,116,121,127,129,138,120,125,137,129,126,129,124,126,139,125,128,127,122,129,119,124,131,123,132,123,125,127,131,126,131,121,132,127,126,127,126,128,132,121,129,126,128,128,128,127,131,124,127,129,127,126,125,126,130,132,130,130,127,128,127,129,123
125,128,137,133,128,131,128,128,123,130,131,131,130,131,132,126,125,128,129,129,127,132,128,129,125,127,131,129,130,129,131,133,128,127,131,135,129,128,126,129,135,130,127,123,130,127,129,128,130,127,131,127,132,135,130,127,131,124,131,131,131,138,138,135
119,125,125,127,123,120,127,125,126,122,122,121,122,122,125,120,125,123,121,120,119,121,123,126,123,125,121,122,120,124,128,127,123,127,118,120,122,120,129,125,123,127,126,124,125,125,127,130,121,124,121,121,121,120,124,131,131,126,126,125,129,129,134,130
137,133,124,136,132,132,137,132,131,123,124,126,126,125,125,123,129,122,124,127,126,121,130,127,132,126,126,129,129,127,127,124,129,123,122,123,129,122,130,128,128,127,129,128,129,126,125,126,134,131,129,126,132,132,132,135,135,131,129,129,132,132,134,124
123,137,126,132,132,130,122,120,133,124,126,126,121,123,123,132,134,125,122,121,120,121,127,131,132,128,119,123,123,126,125,129,131,130,120,119,126,121,123,132,121,132,123,128,129,128,120,132,136,136,123,122,123,123,124,135,132,132,132,134,133,124,123,133
127,125,121,128,129,128,132,127,126,126,128,129,127,126,128,127,123,129,129,125,125,124,122,125,125,125,128,127,124,125,125,123,123,127,122,127,125,123,123,122,117,126,126,125,126,124,119,123,117,123,123,122,120,119,122,122,133,123,125,125,125,127,129,126
126,132,125,134,129,132,127,125,128,134,124,127,125,131,127,134,125,133,127,130,124,124,129,133,128,130,130,132,130,132,125,133,125,129,128,130,130,126,126,130,128,128,125,125,129,128,128,130,120,125,126,127,129,133,133,135,124,124,127,127,134,127,121,125
134,135,184,133,132,133,136,126,130,127,118,119,121,120,118,121,129,121,119,119,116,180,119,125,130,125,119,122,117,124,122,124,128,122,117,115,119,111,120,121,150,128,122,123,124,121,116,124,130,126,116,118,118,118,115,112,134,124,120,127,123,127,126,183
118,124,125,121,120,124,122,115,126,127,131,128,129,128,130,125,123,132,134,132,133,130,132,129,124,128,129,130,131,127,129,124,122,130,132,129,125,130,125,125,121,126,124,129,125,128,131,126,122,123,127,124,123,124,124,126,119,123,123,122,120,118,118,121
125,127,151,131,134,133,124,128,125,114,129,131,126,122,125,126,128,122,126,125,129,151,126,127,129,129,123,131,125,126,127,136,128,130,132,134,128,130,124,130,140,129,126,125,127,130,130,129,126,126,125,125,124,125,127,130,129,131,129,128,130,129,125,154
128,121,129,124,121,123,120,132,123,130,121,123,120,117,120,122,125,118,121,118,117,131,116,121,128,122,118,126,120,128,124,122,127,122,119,119,122,119,121,124,130,122,122,122,125,127,121,125,130,121,123,119,117,119,122,125,133,129,124,122,123,126,126,133
121,126,133,127,129,129,131,120,125,138,132,131,135,135,137,136,128,135,128,135,132,138,140,128,129,132,138,128,134,129,135,127,130,131,133,132,133,135,135,130,128,128,131,129,130,132,137,130,131,128,130,133,129,129,138,136,132,128,131,127,127,128,131,129
128,129,128,128,126,128,126,129,126,119,121,121,122,119,121,125,128,122,117,121,123,122,118,128,127,126,122,127,123,125,126,128,130,124,124,126,127,122,124,131,130,126,125,125,128,125,120,127,131,127,122,124,121,128,130,121,127,126,129,130,133,131,124,120
119,116,130,120,121,122,120,128,119,119,113,114,112,107,110,115,117,113,110,108,108,130,108,121,114,118,109,118,105,119,115,120,118,118,113,110,114,106,115,119,125,122,115,113,120,118,110,121,123,124,115,115,115,106,117,122,123,126,119,120,118,121,122,137
120,128,134,131,132,133,138,122,124,127,128,130,130,130,123,127,126,127,130,129,129,129,125,125,129,125,129,124,128,124,125,125,127,126,130,132,129,135,127,126,128,126,127,130,126,126,131,125,121,127,130,132,133,132,130,129,131,125,130,127,128,133,129,126
122,126,118,122,131,130,134,125,123,127,120,117,121,122,122,129,126,124,120,116,121,114,115,124,123,122,119,122,116,124,114,120,125,125,118,115,115,115,119,123,113,124,119,118,119,117,117,124,122,124,121,122,123,125,129,124,131,127,127,130,130,124,128,125
126,127,138,132,129,132,133,123,127,123,130,130,128,128,126,121,128,127,127,126,122,135,124,128,131,129,124,131,128,127,132,127,129,126,122,126,127,122,128,125,133,128,126,126,129,130,124,127,131,123,124,126,129,129,124,127,135,125,122,126,125,132,136,130
129,134,135,132,131,134,130,132,130,129,134,134,134,130,132,127,129,129,135,130,133,134,135,128,132,131,132,129,132,129,132,132,132,131,129,132,132,136,131,130,134,132,130,132,128,130,136,127,131,133,134,132,131,128,133,139,130,135,136,132,130,128,133,134
119,123,121,124,125,127,130,124,123,131,128,128,128,130,130,127,127,128,126,128,130,124,127,125,127,126,127,129,131,129,127,126,131,127,126,127,129,129,129,129,125,127,130,129,129,129,126,127,123,127,126,128,130,129,131,130,125,129,129,130,131,125,123,124
130,127,131,128,127,126,125,130,129,131,124,124,125,130,128,128,132,123,129,124,128,131,127,127,130,127,129,127,130,129,123,128,129,125,126,128,126,128,123,127,131,127,127,126,126,127,123,126,129,131,130,131,133,130,126,129,130,130,128,133,132,131,129,133
131,129,127,129,132,130,126,134,129,127,127,128,125,129,125,127,129,126,126,131,127,124,125,126,130,129,127,128,129,126,128,132,133,128,129,134,129,126,130,128,130,130,128,128,130,126,125,128,134,130,123,125,124,127,123,121,129,123,125,126,127,129,121,128
118,122,127,121,118,117,117,119,124,117,122,124,126,127,122,114,121,118,126,129,132,131,124,123,120,118,128,122,132,123,124,117,122,117,130,127,127,133,125,116,124,119,126,125,126,125,125,117,128,118,126,132,132,135,132,124,121,129,123,127,126,123,130,139
127,126,123,124,124,125,126,124,127,121,121,122,121,126,122,124,127,126,127,128,128,125,128,124,127,127,130,129,126,130,126,129,127,128,128,125,125,127,130,128,128,128,128,129,128,126,127,128,131,135,124,125,125,125,124,124,122,123,122,125,123,129,129,126
131,130,136,136,135,136,136,131,127,139,125,125,123,126,120,134,129,131,120,127,126,134,121,127,130,127,123,130,122,128,118,137,123,126,122,127,125,127,119,130,137,125,120,126,126,125,123,127,120,124,124,124,128,127,125,129,130,123,124,127,131,127,120,128
131,128,136,131,130,127,132,131,130,130,130,132,133,135,131,130,125,135,127,130,134,134,135,127,127,130,134,131,133,128,129,132,122,131,128,132,130,130,131,131,124,126,130,132,132,126,129,125,123,125,132,132,134,132,129,131,124,127,129,127,129,126,128,129
125,128,130,132,129,127,127,126,126,122,126,128,130,126,127,128,131,128,126,128,132,129,127,127,132,128,125,124,126,127,125,131,130,127,126,129,128,129,128,129,130,128,123,127,127,126,125,128,127,131,122,126,122,128,129,129,119,123,126,129,131,125,127,126
132,134,128,133,132,132,134,133,133,137,135,132,134,134,137,138,135,135,135,134,133,127,137,134,136,132,134,129,134,126,133,138,133,134,132,132,132,133,130,137,130,131,131,129,130,131,135,134,133,135,135,133,134,134,132,135,133,132,134,132,133,130,131,129
127,129,130,131,131,131,129,129,126,133,132,131,127,131,130,129,126,131,132,130,129,127,133,128,127,128,129,130,133,127,131,129,128,128,129,129,132,128,130,128,129,127,129,129,129,128,130,128,128,128,131,130,131,131,128,128,130,131,132,129,130,128,129,129
129,131,126,130,133,135,136,128,131,132,130,129,131,133,130,133,129,129,127,129,128,126,127,128,130,129,126,128,129,130,125,129,127,130,122,123,127,127,129,129,130,128,123,129,127,130,128,130,128,129,127,126,128,127,128,131,129,128,128,133,133,131,135,126
123,133,126,132,134,136,135,123,130,130,129,128,130,131,134,136,128,130,130,129,128,124,130,130,126,131,130,128,131,127,130,128,126,132,126,124,128,128,130,130,126,132,128,127,127,126,125,127,126,131,130,130,128,133,128,132,128,133,135,132,130,124,126,122
129,126,120,120,124,121,126,128,127,131,128,127,128,128,124,128,126,127,128,127,126,122,129,122,124,125,125,126,124,127,130,124,128,128,126,126,128,128,127,126,122,127,125,127,127,127,130,127,128,121,125,126,128,125,119,124,131,126,124,133,129,127,126,124
132,129,130,126,126,125,117,120,131,123,124,128,125,123,119,119,127,119,118,122,118,130,121,123,126,126,118,126,120,126,123,124,126,127,118,120,120,114,123,126,129,129,121,122,124,123,120,128,125,124,120,118,121,117,121,123,116,123,124,125,125,125,122,130
123,126,136,125,127,126,119,121,128,122,124,123,125,120,120,120,125,123,125,125,125,134,121,120,125,123,123,125,121,123,123,123,127,125,127,126,125,126,129,124,124,126,129,129,127,125,122,127,121,125,122,120,123,124,119,116,129,119,119,125,125,123,120,131
121,122,123,125,128,127,129,126,125,125,126,129,126,124,120,125,122,127,123,126,124,127,124,121,124,126,125,127,121,126,122,127,125,123,122,128,126,126,124,126,127,121,122,127,129,128,127,128,132,125,125,128,126,125,127,131,135,128,128,131,129,130,132,122
129,137,136,136,136,134,134,127,130,130,129,128,133,130,129,130,135,130,128,131,135,125,132,129,135,130,130,127,131,127,130,130,135,129,130,129,127,129,130,128,135,128,130,125,128,131,132,126,133,130,131,133,129,129,128,127,129,125,131,130,130,128,126,125
130,127,126,129,125,125,128,135,132,123,125,126,123,121,121,119,130,122,127,127,128,123,124,123,132,127,124,130,129,128,128,122,130,122,131,137,129,130,127,121,130,127,128,129,129,128,127,123,132,126,128,129,128,129,122,120,129,125,125,125,127,131,126,125
128,127,119,124,129,127,135,122,125,129,129,128,130,131,135,131,124,131,129,135,133,124,136,128,124,130,135,124,133,126,132,127,121,126,130,132,132,134,133,128,120,123,129,130,128,129,132,126,121,128,128,131,127,133,129,131,127,127,131,129,131,126,119,123
122,124,125,124,121,121,119,123,126,121,125,125,122,119,119,122,128,124,118,121,117,122,118,127,126,129,121,121,118,126,123,128,129,129,124,125,123,118,121,126,129,128,124,122,124,123,120,128,124,126,123,116,116,117,119,123,120,126,120,119,119,120,121,128
124,125,113,125,120,122,113,125,126,131,128,126,124,125,120,128,125,131,125,124,123,112,121,127,127,127,128,124,120,129,122,122,125,122,122,122,122,120,120,123,122,119,123,123,122,122,120,122,127,123,125,126,120,120,125,123,125,126,128,131,128,130,127,117
117,125,117,128,129,129,127,129,127,130,129,129,130,129,129,131,126,122,125,126,127,119,125,126,124,126,126,129,126,129,127,128,121,127,123,128,125,125,128,125,123,129,126,128,128,128,122,128,115,126,123,119,123,122,121,122,115,129,124,130,130,126,121,117
128,125,124,126,129,129,128,133,129,130,129,128,125,123,125,133,128,134,119,123,122,126,123,127,126,131,124,126,126,127,127,130,126,134,123,126,128,121,129,131,126,130,125,127,130,128,125,128,125,133,124,122,122,122,124,140,124,134,130,128,128,124,129,126
128,128,130,128,128,128,131,126,126,130,129,129,129,130,131,128,127,130,129,128,129,130,131,128,126,128,128,127,128,127,127,127,125,129,131,131,129,129,129,129,127,128,129,129,129,130,130,129,124,124,131,131,130,130,130,132,125,130,130,127,127,126,126,134
124,123,135,125,128,128,137,125,127,118,117,120,123,117,124,121,125,118,116,124,120,135,121,121,125,120,120,127,122,125,124,122,122,120,122,124,126,123,123,125,127,127,125,126,126,125,123,124,118,123,123,123,128,126,122,118,132,124,124,128,130,125,123,137
128,130,124,129,129,128,132,126,129,127,128,128,128,130,130,127,128,126,121,124,125,120,125,130,126,128,119,124,126,125,119,129,122,129,122,119,125,125,126,126,123,127,123,126,129,128,123,127,121,122,125,120,121,122,122,122,120,125,124,126,128,124,122,121
130,125,127,130,127,128,120,131,125,122,123,127,121,121,120,124,120,124,125,121,124,128,122,124,122,125,122,129,124,126,125,130,121,126,129,132,129,128,126,128,133,128,126,125,128,131,129,127,126,125,126,125,125,125,120,124,134,132,125,128,126,133,129,133
127,127,128,123,122,123,117,120,128,128,126,128,127,129,129,131,126,133,129,129,129,125,134,129,123,127,128,127,126,127,126,125,119,129,131,127,125,131,127,127,124,127,128,126,127,128,138,126,122,124,130,132,132,133,136,131,123,122,133,127,126,124,125,126
132,123,124,121,121,121,119,123,127,119,124,124,125,127,127,122,127,122,127,126,125,128,126,126,127,126,126,131,128,129,130,128,129,126,124,124,126,125,128,126,128,129,128,128,129,128,129,129,131,126,122,126,123,123,123,129,128,127,122,121,121,125,118,124
126,129,129,130,131,128,128,128,126,124,126,126,122,120,119,125,125,119,118,119,118,128,119,128,126,125,118,128,123,128,124,127,128,124,120,124,125,122,125,130,132,125,122,124,125,125,121,127,134,129,125,123,127,125,122,127,134,127,126,131,131,130,130,128
125,125,104,127,132,129,124,122,126,127,131,126,131,133,132,136,132,137,138,132,132,108,133,129,129,132,136,129,131,122,127,129,134,136,139,135,131,137,126,133,122,132,134,132,128,130,132,131,128,133,134,141,139,140,131,127,121,127,135,132,131,121,119,103
127,127,123,120,122,121,123,122,130,124,125,125,126,125,125,128,129,126,126,125,122,128,124,126,127,128,128,125,128,123,125,127,126,128,125,124,125,126,127,124,123,124,128,127,126,125,127,127,131,127,126,128,127,128,122,121,131,125,125,124,124,125,125,127
121,123,121,123,124,126,129,123,126,127,126,129,128,125,124,129,127,132,128,128,129,122,126,131,127,131,127,129,129,130,125,126,123,131,125,127,127,130,129,128,123,128,127,127,126,127,126,129,124,127,128,126,129,130,125,127,122,125,125,125,125,122,124,125
122,127,128,123,124,122,120,117,124,122,124,126,125,129,125,122,125,128,131,128,128,128,131,128,127,126,132,124,131,123,130,123,122,123,132,130,130,134,126,123,127,123,127,125,125,126,128,123,129,125,126,127,121,125,123,119,125,126,120,119,121,123,124,124
124,127,124,124,123,124,125,127,126,127,126,126,127,125,128,127,127,129,129,128,129,128,132,125,125,126,133,129,129,128,128,128,128,126,128,126,127,130,128,127,127,126,129,133,128,127,130,127,127,127,127,134,129,134,131,126,118,129,130,125,127,122,123,124
136,130,133,132,131,132,141,136,127,126,127,128,126,127,130,130,125,127,125,121,123,130,125,131,125,129,120,126,123,131,129,127,127,131,129,128,128,124,127,131,131,129,128,127,130,132,130,127,122,124,127,125,129,127,126,126,125,129,129,122,126,126,125,133
129,129,143,133,128,130,131,130,130,127,130,131,132,130,132,125,135,130,131,132,132,141,137,128,136,128,132,126,130,127,129,134,133,129,131,130,127,131,131,131,140,131,131,127,128,130,132,130,138,138,134,135,137,131,130,135,128,130,134,135,130,135,137,149
130,131,128,129,137,137,143,132,127,130,127,131,130,130,132,129,126,127,130,130,129,125,130,124,125,125,128,127,131,129,131,122,127,130,131,131,129,131,124,122,126,129,128,130,129,126,125,128,128,127,124,125,123,122,128,132,121,128,129,132,129,127,128,122
126,123,125,128,126,124,124,125,128,126,126,126,125,124,120,128,126,125,119,119,120,129,117,127,127,125,126,130,121,130,123,123,127,126,125,126,127,123,125,130,124,128,128,126,128,126,121,129,125,124,129,129,130,127,127,128,124,126,129,124,129,122,120,128
124,124,127,122,123,125,118,124,124,127,131,128,129,135,128,125,126,131,137,131,132,129,133,130,125,131,133,127,136,126,130,121,127,130,131,132,132,135,131,126,121,126,130,131,131,131,136,128,132,127,130,133,132,136,133,134,126,123,130,130,127,126,127,131
130,131,131,130,130,125,127,132,125,121,123,127,123,126,128,122,124,125,126,128,125,125,129,123,127,125,128,133,127,128,131,128,122,123,127,129,125,125,130,126,122,125,128,129,128,126,127,125,128,124,125,124,118,123,127,124,132,127,125,125,126,126,128,123
128,128,125,125,129,129,134,127,129,132,134,129,134,134,139,129,130,133,135,134,132,128,138,129,129,129,136,131,129,128,127,122,131,130,131,130,126,130,131,127,124,125,130,128,127,126,138,129,129,130,131,135,127,133,132,132,130,128,128,127,125,129,128,123
122,125,124,129,128,127,128,127,129,128,127,125,126,124,123,129,128,124,124,122,123,126,118,125,127,128,125,126,123,130,125,127,127,129,128,124,126,127,124,128,126,130,126,125,127,127,123,130,120,126,124,123,122,122,129,131,130,133,129,130,129,129,131,128
129,129,133,131,128,124,120,133,129,123,127,128,129,127,131,130,128,126,130,128,128,137,129,129,128,129,131,127,132,128,131,133,124,128,128,127,129,127,131,132,127,127,131,127,126,127,127,128,122,121,127,125,121,123,127,130,127,124,125,120,125,122,116,138
130,127,127,128,128,125,128,128,130,121,124,126,125,123,121,129,127,126,130,129,127,132,125,127,127,129,125,132,128,130,125,130,124,125,125,128,125,125,126,126,130,127,127,130,129,128,120,126,127,126,123,122,122,122,122,126,134,125,127,130,129,130,127,128
128,125,123,127,129,127,132,130,130,129,127,125,127,124,125,127,128,128,128,128,129,122,128,128,127,128,130,126,129,127,126,127,125,132,131,125,126,129,129,127,125,128,130,126,127,128,128,131,123,129,130,128,127,126,127,132,134,128,128,127,127,129,131,122
122,126,132,124,125,125,126,127,127,138,126,127,127,131,128,135,124,131,129,126,129,127,132,127,124,126,130,125,126,125,124,128,125,128,127,128,127,131,124,129,127,127,124,126,127,124,130,129,121,130,126,127,124,127,130,135,120,129,123,124,125,122,125,124
127,123,123,123,124,123,134,126,127,134,124,127,124,128,127,131,125,122,121,127,128,127,124,131,127,123,124,131,125,128,125,130,125,121,123,125,128,127,126,129,125,123,125,127,125,127,125,129,130,127,125,125,128,127,126,128,133,127,123,126,127,130,130,121
129,127,128,122,125,124,130,119,128,126,129,125,127,128,132,127,123,127,126,122,124,127,131,128,124,126,128,126,122,119,125,125,122,122,126,124,125,124,126,125,128,121,129,123,125,121,128,124,123,127,130,131,129,131,129,130,124,126,125,122,120,120,126,128
120,125,133,130,127,130,130,123,124,139,132,130,129,130,130,137,124,132,132,126,126,132,129,131,124,129,127,123,130,129,132,132,124,129,130,135,131,136,127,130,126,126,125,128,127,132,131,130,122,126,130,130,129,129,127,133,124,129,132,134,133,130,130,132
119,125,129,126,127,126,132,131,123,126,125,126,126,126,124,128,126,122,120,119,121,129,124,126,128,124,123,128,116,122,120,124,131,121,120,123,124,121,123,126,128,123,125,121,126,125,121,122,133,130,126,126,130,130,126,120,134,123,127,127,129,131,128,126
125,127,122,122,124,122,124,129,126,133,127,125,128,125,133,131,125,132,127,124,128,124,123,127,125,125,125,126,121,124,124,125,127,125,126,124,123,126,125,125,130,125,125,127,124,123,130,124,127,124,124,125,123,124,133,125,120,126,128,122,123,124,121,126
132,129,125,124,123,124,118,122,126,124,127,127,126,125,126,123,128,124,123,124,125,121,125,124,130,126,126,123,122,123,127,117,136,126,129,126,125,129,127,122,126,127,127,127,126,126,130,129,138,130,128,127,128,129,127,124,126,126,129,129,127,130,132,122
130,130,136,130,130,129,129,129,126,127,127,126,127,120,125,125,126,123,124,124,119,132,123,122,127,124,125,122,120,124,128,122,131,124,125,124,126,122,128,125,132,125,129,122,126,126,122,123,131,129,125,129,126,125,124,123,130,127,126,125,127,129,127,132
123,121,125,125,125,127,126,127,126,133,132,135,133,132,135,129,128,133,130,136,131,133,136,129,128,132,135,130,133,133,133,133,129,133,133,135,134,135,134,131,130,133,135,134,132,132,134,130,124,134,133,135,134,132,133,132,123,130,130,129,129,124,126,128
121,126,119,120,125,128,129,125,127,130,128,123,128,126,126,130,122,129,132,126,132,122,131,125,120,124,129,121,128,126,129,125,121,125,130,127,125,131,124,123,118,129,124,126,125,127,133,127,118,130,126,127,123,122,124,125,122,125,127,129,127,125,134,123
129,129,119,123,132,133,130,129,128,131,129,125,129,132,130,134,127,127,130,130,126,118,123,128,127,125,128,123,129,130,124,125,130,127,127,126,126,127,125,125,124,126,127,124,122,124,123,129,133,124,123,127,124,127,121,128,135,131,128,130,129,125,134,126
129,135,127,124,127,132,133,131,129,131,126,123,129,128,127,130,126,125,130,128,135,122,127,126,125,124,129,126,129,124,127,121,128,123,127,129,128,130,127,122,121,124,124,126,123,125,127,124,124,126,125,124,125,123,122,122,124,127,123,127,127,124,129,125
131,126,118,122,123,123,126,122,128,125,119,123,123,122,126,126,127,121,128,127,124,121,125,124,129,121,128,127,124,127,127,122,128,122,122,121,120,122,127,123,122,127,125,123,122,122,120,126,126,128,127,125,130,124,125,120,127,129,123,129,126,131,131,125
126,133,131,135,133,129,126,132,130,119,127,131,127,128,125,126,126,121,121,129,129,131,125,126,126,128,123,133,126,132,126,129,127,129,124,126,132,126,129,130,124,129,126,130,128,128,119,127,125,127,121,122,125,121,122,122,131,127,126,128,128,127,127,125
137,131,132,127,126,130,132,134,128,129,127,122,126,124,128,133,125,120,123,122,125,133,124,129,125,126,120,125,125,127,126,128,124,126,124,125,121,122,122,126,130,128,122,129,128,126,124,131,135,135,122,118,123,122,130,139,128,136,128,128,129,127,131,136
127,128,135,128,127,126,125,129,129,135,127,130,128,125,127,130,131,133,133,127,126,136,127,130,131,131,124,127,127,129,134,131,127,128,125,126,125,125,126,128,128,128,123,125,126,128,129,125,126,127,127,126,130,127,130,126,125,129,132,132,132,128,127,128
127,125,132,127,124,125,124,123,122,122,122,123,123,126,123,119,124,123,121,123,123,124,127,124,127,124,124,129,126,126,123,123,129,122,118,120,125,122,125,125,132,124,125,124,127,124,122,120,131,123,125,126,128,129,125,120,129,122,126,124,125,124,124,128
127,127,130,128,128,127,125,129,128,125,124,124,123,116,122,126,132,124,130,127,125,129,127,124,135,129,123,126,125,125,131,130,133,124,130,135,131,128,128,127,129,126,128,130,131,133,131,127,135,130,132,134,133,130,131,127,128,125,133,134,135,132,133,129
125,125,118,121,122,123,129,131,127,123,118,120,121,119,123,123,123,118,119,118,120,118,124,124,126,121,119,124,123,126,126,122,128,122,123,121,121,121,122,124,125,124,124,125,125,123,126,125,130,123,123,120,120,117,127,123,133,122,120,119,120,126,131,129
129,130,140,131,133,133,136,129,129,132,129,128,127,128,127,130,130,127,128,128,129,137,125,127,128,126,127,129,128,123,127,128,133,127,129,131,128,135,126,127,129,127,126,127,124,124,124,127,131,127,133,134,138,138,132,126,123,125,131,134,131,128,124,141
124,122,108,118,121,121,124,114,127,129,126,120,126,127,131,121,127,127,135,130,128,112,137,128,123,126,131,123,130,127,127,122,126,123,129,124,125,133,127,120,118,125,124,129,125,123,136,124,128,124,127,130,129,129,127,126,115,117,124,123,119,120,126,113
119,124,128,126,128,126,127,122,124,122,124,125,124,124,123,126,127,123,120,122,122,124,122,125,126,126,124,125,124,127,127,126,131,129,127,126,125,125,127,126,127,125,126,128,126,128,126,128,129,127,128,127,123,126,127,128,125,129,126,129,127,124,123,126
128,131,131,132,132,131,133,127,128,119,128,126,128,127,125,124,125,126,124,125,124,129,124,127,126,128,124,130,125,130,124,127,126,130,125,126,129,126,129,129,125,130,127,129,130,127,127,126,124,127,129,130,134,133,130,128,130,129,127,129,131,125,123,128
128,122,120,123,117,119,126,134,125,123,127,129,125,122,125,122,122,125,128,128,127,129,128,122,124,127,130,132,126,130,127,124,125,124,129,129,128,125,126,124,130,124,127,126,127,127,125,122,129,123,129,129,127,124,129,128,133,126,124,126,127,135,133,121
132,128,124,125,124,126,124,128,124,128,129,128,129,134,130,126,122,124,129,129,128,126,128,132,120,126,122,123,126,126,124,126,122,125,126,123,123,125,124,124,127,124,123,123,126,126,129,128,130,133,129,130,129,127,132,131,129,128,130,127,124,130,133,126
131,130,132,129,128,126,130,122,127,124,127,126,126,125,130,127,128,125,131,130,130,130,131,126,127,126,131,126,130,128,125,126,128,123,130,131,133,134,129,124,129,127,131,130,132,134,131,124,131,130,130,133,130,134,131,127,123,131,130,129,130,126,129,129
127,128,131,125,131,131,137,128,126,122,124,123,124,126,128,124,127,125,124,126,126,128,129,127,124,126,124,125,124,127,129,125,126,129,127,120,123,124,127,126,127,128,127,127,126,124,133,131,128,132,127,125,129,129,131,131,125,128,129,127,122,127,131,128
133,124,127,123,128,132,132,129,128,132,130,127,129,129,132,124,124,126,130,128,126,124,130,131,123,129,129,128,124,122,127,123,126,126,128,123,124,126,127,126,121,127,129,127,123,122,124,126,129,130,129,130,132,133,129,131,124,132,132,133,125,127,128,126
126,130,103,131,137,137,140,134,128,133,133,134,134,126,127,134,128,128,128,133,134,99,131,127,129,130,131,128,133,129,129,126,128,127,137,136,134,137,133,130,113,132,128,132,129,129,128,129,127,125,127,130,123,129,126,129,131,124,125,130,132,129,134,102
121,123,124,127,132,129,125,132,127,118,126,132,129,131,129,121,129,125,127,135,131,124,133,130,128,129,132,128,134,129,131,128,132,127,133,135,130,130,131,130,124,128,131,131,129,129,127,130,128,129,126,131,128,132,124,123,131,127,126,134,133,130,128,124
119,118,124,110,110,110,115,124,121,123,119,121,120,123,121,125,123,117,121,121,121,126,119,127,120,121,123,126,123,124,119,123,124,120,125,124,123,123,122,125,121,123,122,122,122,123,119,126,129,131,124,123,124,122,122,125,122,125,126,128,130,120,114,133
137,133,135,133,128,131,126,127,132,130,131,132,127,128,132,123,132,129,128,131,130,134,132,125,135,127,132,127,130,128,125,129,136,129,131,133,135,133,130,125,133,127,132,130,132,130,133,125,138,135,130,134,132,132,130,129,130,126,130,129,127,129,128,127
122,122,125,124,126,130,131,123,126,132,126,126,127,128,131,128,124,128,133,127,131,129,129,127,124,124,129,125,125,124,124,126,122,122,124,121,122,126,123,124,124,122,126,126,125,122,126,124,125,126,127,128,130,124,123,122,118,124,127,124,122,122,121,128
131,127,124,126,123,122,115,132,127,123,122,127,125,125,126,124,124,122,128,123,129,125,128,123,126,123,127,130,126,130,129,125,126,120,127,129,126,127,127,123,125,123,126,130,129,126,126,123,128,124,123,127,128,127,126,125,120,124,127,128,129,130,127,122
130,127,121,119,126,126,127,123,127,122,123,123,127,123,131,122,127,122,122,123,125,124,128,127,124,124,123,127,119,128,124,120,127,124,123,120,120,123,122,124,119,126,124,123,123,123,128,126,130,127,125,125,128,124,129,132,128,129,126,123,119,120,125,121
126,127,126,128,125,125,120,123,129,129,130,128,130,130,126,127,130,127,131,131,132,126,127,128,129,126,133,128,129,128,128,133,130,128,132,131,127,131,126,129,129,127,130,129,126,124,128,127,124,126,128,131,126,128,128,127,125,126,128,129,125,130,128,127
129,123,126,122,124,125,132,137,129,123,124,123,127,123,126,128,124,125,125,121,122,127,125,126,124,122,124,126,123,125,124,128,123,126,122,122,122,120,124,127,126,125,124,123,125,123,124,126,125,125,123,123,127,124,124,128,122,123,123,121,119,121,126,129
123,127,121,129,125,125,120,131,127,128,130,130,126,128,128,130,129,126,130,125,127,125,130,131,129,128,127,131,131,127,129,127,128,125,126,125,131,126,130,126,129,127,126,128,132,131,126,126,125,127,124,125,121,123,122,126,127,122,126,125,126,127,123,117
128,130,126,128,131,130,139,134,130,133,126,123,122,122,123,130,131,128,122,123,122,121,123,128,131,128,121,120,119,122,122,126,131,127,122,117,117,119,121,130,125,128,122,120,122,120,122,129,131,132,124,122,122,123,128,129,136,130,125,130,128,131,134,126
132,128,138,128,126,124,115,122,132,119,127,123,130,128,129,126,131,127,128,125,127,139,127,130,128,129,130,127,128,128,126,128,135,130,128,122,125,127,126,132,134,128,129,125,126,125,123,130,129,128,126,125,126,126,130,127,131,126,127,126,126,126,130,135
124,125,133,128,124,122,127,128,123,120,128,131,125,127,126,126,123,122,122,124,128,133,123,131,126,125,127,130,123,131,129,125,125,120,126,132,130,125,126,125,133,126,127,126,129,130,124,122,123,119,123,119,122,120,120,117,127,119,122,126,127,131,128,131
130,121,123,120,119,118,118,127,127,122,124,125,122,126,120,123,123,122,128,125,124,129,124,129,126,123,124,128,126,128,124,123,126,122,126,126,129,127,129,125,126,125,126,131,127,128,126,128,128,124,128,125,124,126,128,126,124,127,128,121,122,124,129,128
128,130,130,130,131,132,125,134,129,127,128,132,131,129,126,128,131,129,122,128,130,129,126,132,129,130,129,133,128,127,124,128,128,129,126,128,129,129,126,129,127,126,129,128,127,127,124,128,131,130,128,128,126,130,133,132,132,129,131,133,131,128,131,131
116,123,122,123,126,125,124,122,122,132,130,127,131,133,133,129,122,130,133,132,132,126,135,128,119,127,132,126,133,125,132,127,122,129,130,131,130,132,128,129,121,128,127,129,128,129,134,128,124,129,132,134,134,131,129,132,131,130,130,129,127,128,127,130
124,130,129,127,125,126,128,127,124,125,123,126,126,126,126,128,127,127,126,128,126,126,127,129,129,126,126,129,126,122,127,129,126,128,124,123,126,123,125,127,122,126,124,125,126,124,124,124,126,127,125,123,124,121,124,125,133,123,123,126,124,127,126,127
122,126,131,127,130,133,127,120,129,132,127,128,128,129,129,133,134,132,132,133,131,135,131,130,132,129,130,128,131,127,127,131,133,128,127,128,131,133,129,128,135,126,126,127,127,127,130,127,135,125,132,132,132,133,134,138,130,126,131,130,131,126,130,132
127,130,128,130,130,130,131,128,130,128,129,131,132,133,133,132,128,126,130,132,133,130,130,130,128,129,129,125,130,131,130,128,128,127,128,127,130,130,126,128,127,130,127,129,132,130,126,127,123,127,128,125,126,125,126,126,128,128,123,129,130,132,131,126
132,133,129,132,131,130,127,134,129,128,131,132,126,126,128,134,129,124,122,125,124,127,124,135,128,129,123,134,129,128,127,132,131,130,126,132,130,123,129,135,135,128,129,131,129,132,125,127,126,126,122,121,121,122,125,129,128,131,128,127,129,128,129,129
127,128,127,131,130,127,134,133,126,128,129,126,125,125,127,130,129,131,132,130,127,122,127,127,133,129,130,132,129,125,131,132,131,130,129,132,131,126,129,130,126,127,128,128,129,129,131,129,128,130,130,130,132,130,134,135,134,132,130,135,133,133,135,130
131,134,140,134,137,138,138,134,127,134,131,132,132,136,136,134,127,128,133,130,132,135,131,124,128,125,130,123,133,122,125,125,128,125,124,123,128,127,129,126,129,124,125,124,124,125,124,127,130,127,132,131,132,133,129,131,123,131,126,130,127,129,132,142
120,122,123,121,124,128,132,121,124,129,130,128,129,132,127,125,120,130,130,132,131,129,130,129,119,123,129,129,130,128,127,124,120,126,129,128,125,134,129,124,121,123,125,130,127,123,132,127,118,127,129,130,130,131,128,127,121,127,128,127,128,131,132,127
131,129,119,125,126,125,125,126,128,123,125,123,125,130,124,125,128,127,126,127,126,120,128,131,128,126,130,126,128,129,125,129,126,124,125,126,125,125,123,121,121,121,124,124,125,124,125,123,125,123,123,122,129,123,121,121,124,127,122,124,127,128,131,120
128,131,117,126,129,134,131,126,124,127,122,122,124,121,123,125,123,122,130,122,125,116,120,124,124,122,119,126,124,125,122,119,121,122,124,127,125,127,125,122,116,126,124,130,125,129,129,123,121,121,124,120,121,120,126,126,126,122,121,124,126,123,120,114
126,128,127,133,131,128,136,126,127,126,130,131,131,133,132,128,123,128,128,130,130,126,127,129,125,127,126,130,128,130,127,125,124,126,124,125,128,127,126,127,128,127,126,125,126,126,125,126,126,127,128,128,131,126,127,130,134,131,128,131,129,133,128,124
121,126,130,127,133,135,139,126,128,132,128,127,130,131,134,125,126,128,129,126,127,127,127,126,122,128,126,120,127,122,126,127,120,121,125,126,125,125,123,125,125,121,125,120,125,122,123,123,123,124,126,127,126,126,123,117,130,122,121,119,120,121,118,128
132,130,129,128,127,127,129,126,129,126,125,124,120,120,124,125,127,125,129,123,121,129,120,121,129,123,125,128,121,130,125,122,129,123,125,122,123,122,125,121,134,127,126,124,124,128,125,125,133,129,127,122,128,122,125,124,131,128,128,128,124,133,131,129
134,134,134,132,129,134,131,130,129,123,124,123,126,125,123,122,127,124,126,125,122,133,124,124,129,125,125,131,121,128,126,126,130,124,120,120,126,121,125,125,132,128,129,126,128,125,122,126,130,131,128,128,132,130,123,118,129,126,125,127,124,127,123,130
131,125,128,122,129,129,129,126,128,128,128,129,133,131,127,131,131,131,123,130,128,130,127,129,130,128,126,128,123,127,123,130,130,128,122,122,124,126,122,130,129,127,123,125,126,127,126,132,135,127,125,128,132,132,127,125,128,127,128,131,126,129,134,134
128,129,129,129,124,123,118,125,126,122,126,125,125,121,120,113,124,119,124,122,123,124,118,127,127,126,120,126,121,129,125,124,127,124,125,119,122,117,126,122,133,131,127,122,124,130,125,122,126,123,126,124,124,123,126,119,123,125,127,125,127,128,127,123
132,130,117,128,124,121,111,128,130,116,124,125,124,122,123,123,131,127,130,127,128,124,125,131,132,130,128,135,133,132,126,134,135,131,129,135,133,132,134,134,130,131,134,134,134,132,131,131,132,131,128,130,135,134,132,125,129,126,128,130,131,129,122,118
130,129,130,125,125,127,118,131,130,126,126,124,125,126,120,124,132,126,125,121,126,126,123,129,132,126,128,126,124,124,124,125,133,127,128,125,124,128,122,129,128,129,127,123,122,125,122,128,137,129,130,127,133,126,121,126,133,135,127,127,125,131,132,132
126,130,129,129,127,130,129,129,126,126,125,124,127,131,132,125,127,124,130,126,128,127,132,130,127,123,128,127,131,128,128,129,126,122,123,125,127,129,128,126,125,122,128,126,124,126,124,124,125,128,129,132,135,134,125,131,135,136,129,131,130,131,135,129
128,125,127,126,126,130,128,131,129,124,122,125,125,128,124,128,131,125,124,127,124,128,127,129,131,128,127,131,128,128,127,133,129,127,121,126,128,122,126,128,133,128,126,126,128,125,121,125,129,126,125,126,125,127,122,124,126,125,124,124,125,128,127,131
124,126,135,124,122,121,116,128,127,124,127,127,123,125,124,129,129,129,125,128,126,135,127,132,124,133,125,129,129,127,134,132,119,129,133,128,130,128,131,135,128,126,127,129,132,130,130,130,121,125,127,124,124,128,130,137,121,124,128,127,129,129,128,136
132,130,131,132,126,125,122,130,131,123,125,125,125,124,124,134,131,125,120,121,125,128,121,131,134,130,121,127,125,130,126,135,133,130,126,128,128,121,128,136,136,133,127,127,128,127,122,132,129,133,121,122,126,121,126,136,129,130,127,132,133,132,130,128
121,121,121,119,121,122,119,124,124,124,126,124,126,120,124,121,125,124,131,126,128,125,127,131,123,127,126,128,128,124,125,123,126,126,127,127,129,131,130,128,122,125,128,129,129,132,128,129,126,130,128,132,127,132,133,129,125,133,126,125,126,123,124,121
111,108,101,108,107,108,105,117,121,120,118,122,117,112,114,121,118,118,111,115,114,110,113,121,115,124,114,119,114,123,121,118,109,123,115,114,119,110,119,124,103,126,121,120,121,120,113,123,112,119,116,109,106,106,114,121,120,118,117,113,115,121,120,112
125,126,116,122,121,118,125,134,126,134,131,132,125,131,132,130,131,125,134,133,126,123,133,131,133,126,131,130,132,127,130,133,136,127,128,134,133,130,134,132,129,128,131,131,132,133,132,131,130,132,126,124,126,128,130,134,127,127,123,125,129,128,125,118
139,135,135,140,136,133,131,130,137,134,135,134,127,130,130,138,142,138,134,134,130,138,132,134,143,136,135,135,136,135,131,139,147,137,131,137,139,136,132,137,146,139,133,135,135,133,132,134,145,137,133,135,134,137,131,132,133,127,131,132,134,132,127,127
127,130,129,131,132,133,136,128,130,136,130,127,130,124,132,134,128,132,122,121,124,125,128,126,128,128,123,122,121,128,128,126,128,130,123,123,124,127,126,129,126,132,126,127,126,128,132,126,133,130,129,129,130,126,132,126,125,125,131,131,130,126,127,128
130,128,122,123,125,123,123,127,127,118,125,125,124,130,126,117,130,121,129,132,126,123,133,128,130,124,129,127,128,127,131,124,127,122,126,126,128,127,128,124,122,124,128,130,127,127,131,126,130,129,128,129,119,128,132,120,127,125,123,125,126,127,128,112
132,135,129,136,131,132,129,125,132,124,120,126,119,115,115,126,132,124,117,120,116,119,113,123,133,127,115,123,117,125,121,126,133,126,119,121,123,113,121,124,130,129,123,122,125,123,115,125,129,126,117,116,118,114,122,120,128,122,126,124,125,121,118,118
125,130,127,127,134,131,129,128,128,128,127,123,127,125,126,125,131,129,128,128,130,122,130,126,125,128,131,121,125,122,120,121,131,131,130,124,122,132,124,128,122,129,128,124,122,126,131,131,130,132,131,130,130,130,133,130,125,128,130,134,130,129,135,128
129,126,128,126,125,123,127,133,128,122,128,124,130,126,129,129,125,128,131,127,130,130,131,130,128,130,133,128,129,128,125,134,125,123,126,123,122,120,127,129,129,126,129,124,126,124,123,127,125,125,123,129,127,134,132,129,127,121,126,120,127,129,128,129
121,133,137,133,133,133,139,117,127,128,126,123,125,131,128,125,131,125,132,131,133,133,134,124,129,123,132,126,135,125,130,125,125,124,132,132,131,136,130,122,132,125,131,127,128,127,130,122,126,126,132,134,133,138,127,126,124,123,126,128,126,123,129,131
129,124,128,122,121,122,117,133,124,130,124,127,126,125,128,128,123,128,124,126,125,130,127,124,127,123,122,126,125,123,127,126,131,126,123,127,126,125,127,127,132,126,121,124,123,124,128,125,131,125,123,125,128,129,123,123,127,124,123,122,123,128,129,131
125,125,131,124,127,130,136,125,124,124,125,127,126,132,128,128,121,127,131,133,132,130,131,128,119,126,132,127,131,128,127,127,118,122,130,134,128,133,126,126,118,123,126,128,126,124,128,126,116,119,126,129,129,128,127,122,123,120,124,127,128,125,122,129
125,128,116,121,126,129,131,122,127,125,131,130,130,128,129,129,123,128,125,128,125,111,125,126,121,126,130,125,133,124,130,124,127,125,128,129,129,132,127,127,117,124,127,127,127,127,126,126,129,124,127,132,129,134,125,127,124,126,131,129,131,122,121,118
120,127,127,127,134,132,129,122,124,131,131,127,131,131,130,131,128,130,126,127,128,126,127,127,124,128,124,123,125,126,125,125,130,132,125,123,122,123,125,128,120,127,123,125,123,124,128,130,126,124,127,123,123,121,121,125,126,125,129,127,125,122,127,125
131,131,128,131,132,134,135,128,126,129,123,127,124,121,125,125,123,123,120,123,121,127,121,124,125,124,121,125,120,123,124,123,127,127,124,124,123,121,124,124,126,129,125,126,125,126,124,125,135,134,125,125,127,125,125,126,133,131,128,127,125,125,126,130
123,130,130,134,132,135,135,128,126,133,129,133,129,128,128,129,130,131,131,132,132,132,133,127,132,132,131,129,132,133,130,133,132,130,129,131,130,128,130,131,134,129,131,129,130,129,126,129,129,131,127,129,127,127,127,128,125,125,126,129,129,127,123,129
132,124,132,127,125,126,120,130,124,114,125,129,129,123,126,118,126,120,124,126,128,137,126,130,130,125,127,132,127,125,126,127,129,120,131,132,129,129,128,129,136,123,129,128,126,130,129,126,136,122,125,128,121,122,125,126,133,119,126,124,124,129,128,136
125,120,123,121,118,119,118,123,125,126,124,127,124,126,125,128,123,123,123,124,124,124,127,124,125,126,122,124,127,127,129,126,124,124,119,122,126,120,127,126,124,125,126,126,128,127,124,126,122,125,122,123,126,125,121,123,127,123,121,121,122,126,122,122
124,127,124,123,125,123,120,126,126,122,128,127,123,123,126,124,124,127,123,125,122,127,127,127,123,128,123,124,124,126,124,125,127,131,127,125,127,121,129,132,125,129,131,131,130,125,125,129,125,126,128,130,124,127,130,132,125,128,130,124,124,124,126,126
130,128,131,132,129,130,128,129,128,127,130,130,129,131,130,131,129,125,125,123,126,128,129,128,131,128,124,128,128,125,131,127,129,129,125,129,132,126,130,132,130,128,128,128,129,130,130,128,126,126,126,125,128,129,131,129,133,131,125,131,131,135,133,123
127,130,132,133,135,135,134,134,130,136,132,130,131,131,133,137,129,134,130,130,131,133,132,131,129,132,129,129,131,132,129,132,127,134,132,133,132,131,131,131,131,130,130,131,131,131,133,134,122,126,129,128,126,129,128,129,117,129,127,124,125,122,123,126
125,128,130,131,128,128,125,129,128,137,129,129,128,125,126,133,128,135,128,126,127,130,125,129,128,131,123,125,127,126,130,129,121,132,126,129,127,124,126,128,123,131,123,129,126,128,129,127,120,130,127,122,120,121,124,129,123,131,129,128,127,126,127,127
127,125,129,128,121,120,113,126,126,124,129,129,130,132,128,121,126,126,129,132,131,131,128,122,125,124,131,130,134,128,129,125,124,126,132,133,132,130,130,121,122,125,130,130,131,129,128,122,131,128,131,133,130,132,136,125,130,131,132,129,127,136,135,126
127,126,126,126,125,125,132,130,125,128,130,130,124,130,128,131,126,129,131,126,125,132,127,130,128,127,131,133,126,128,129,129,129,127,129,130,129,130,131,129,128,125,131,133,129,130,128,128,124,124,128,129,125,127,132,130,131,129,126,126,127,128,128,126
135,125,125,123,127,129,131,130,123,128,126,125,124,130,131,130,121,126,133,130,128,123,135,127,123,125,135,128,129,124,132,125,121,124,128,124,124,125,126,128,119,124,127,124,123,125,129,126,128,125,128,129,130,130,127,125,129,122,125,121,120,121,123,127
125,126,127,124,123,126,121,119,125,124,126,123,122,123,123,120,120,122,127,124,124,125,123,122,123,122,122,126,123,124,128,120,120,120,124,123,122,119,122,119,121,123,124,123,123,122,122,118,123,118,121,121,120,119,119,116,123,118,123,120,121,122,117,120
120,122,127,131,124,125,121,119,123,123,126,128,127,122,125,125,130,123,130,126,129,131,125,130,133,129,126,128,126,129,130,132,132,125,131,134,129,131,126,130,135,128,124,124,129,130,129,128,129,128,125,127,129,123,122,120,128,124,125,125,128,130,126,122
131,126,107,118,126,125,129,123,127,122,124,127,125,128,127,122,128,124,122,124,124,107,120,126,126,124,117,125,119,125,128,122,124,126,126,125,122,124,124,127,115,129,123,126,122,124,125,128,122,129,123,120,121,115,116,121,111,126,124,115,114,114,117,108
128,128,127,131,128,128,131,127,129,128,130,128,127,128,130,131,130,131,137,135,132,128,136,136,130,131,134,129,134,130,136,133,126,126,129,135,134,133,133,129,132,128,132,129,131,129,134,127,127,129,134,132,133,137,136,133,123,125,132,126,124,125,122,125
128,128,133,123,125,124,125,127,131,134,126,124,126,126,133,134,131,136,127,127,121,131,130,129,129,131,123,123,120,121,122,130,131,135,124,119,124,119,128,129,129,129,128,123,123,125,130,131,119,127,129,126,125,126,132,136,125,133,130,129,129,126,130,139
121,120,127,124,121,122,118,124,121,125,127,129,126,123,123,125,124,126,125,127,123,127,123,126,122,128,123,129,123,130,129,128,124,126,125,129,125,124,127,125,125,124,124,126,126,126,124,126,118,122,122,125,125,124,127,127,123,123,129,128,129,127,126,125
132,124,128,126,121,122,121,129,126,125,125,128,127,124,124,124,126,123,122,123,123,131,124,130,126,127,121,125,125,128,125,129,123,125,126,127,128,123,129,130,132,127,126,126,129,130,126,128,127,128,126,124,123,123,125,128,127,127,124,122,124,125,127,130
128,128,128,127,123,128,126,119,125,118,124,128,128,129,129,123,126,123,122,125,120,127,127,125,126,123,120,126,123,126,125,120,129,124,120,123,125,120,128,119,124,126,127,127,122,126,124,121,130,122,124,124,124,125,124,124,121,128,124,118,118,120,122,126
124,124,115,126,125,127,133,125,126,129,130,130,132,134,132,129,124,129,133,132,130,116,136,125,125,128,136,130,128,124,129,128,126,129,129,129,126,126,129,130,124,127,130,124,125,125,133,127,134,126,130,132,128,131,131,126,127,126,126,128,128,131,129,119
123,117,126,123,122,127,123,129,122,123,124,127,123,129,126,120,122,122,127,128,126,130,126,128,123,124,129,125,130,125,126,129,123,120,125,123,129,125,124,125,128,122,124,126,128,131,128,125,123,121,121,121,122,121,122,118,123,118,124,122,127,129,123,133
133,128,119,124,130,129,137,131,129,126,129,127,123,124,127,133,129,131,122,124,122,118,124,128,129,128,122,126,124,127,127,125,129,128,126,124,128,123,127,125,121,127,129,126,129,127,123,126,130,128,126,126,129,126,125,127,128,128,126,128,125,124,128,118
119,114,121,120,119,118,113,119,119,118,127,130,131,132,131,122,119,122,131,136,132,136,130,127,120,128,132,136,135,138,132,123,121,124,129,134,135,133,134,126,123,126,134,136,135,132,127,122,117,117,127,130,131,130,128,120,114,117,123,118,121,119,118,122
126,134,129,135,134,137,138,128,127,135,130,128,129,125,128,130,123,124,126,128,130,126,126,126,122,125,123,126,130,127,127,128,121,126,129,129,125,126,122,125,127,128,125,124,125,128,125,128,126,127,126,122,126,122,125,130,134,128,129,129,127,129,132,123
127,127,129,130,127,127,126,129,128,131,128,127,125,130,130,128,125,126,130,131,130,122,131,126,127,125,130,125,129,127,127,126,124,127,129,127,128,130,128,126,124,128,129,125,126,127,128,126,124,125,131,131,134,134,129,132,125,132,127,131,129,128,128,127
124,128,127,131,130,133,141,125,128,135,131,132,132,132,136,140,128,135,130,131,130,131,133,127,127,131,131,132,130,128,128,132,127,131,126,129,129,129,130,131,130,131,131,128,129,129,132,128,129,131,132,133,136,138,132,134,128,128,133,133,136,129,128,130
128,127,126,127,123,124,121,130,126,119,120,127,125,122,123,124,124,123,120,124,124,125,120,125,127,126,123,124,122,127,124,126,128,125,124,125,124,121,124,128,125,125,126,129,128,128,122,126,130,126,126,125,129,125,125,118,133,124,127,127,128,132,132,126
128,123,124,123,123,127,132,131,129,126,132,132,128,130,126,126,132,122,124,128,131,127,127,127,131,125,125,127,132,131,124,126,135,123,132,134,132,129,129,128,133,127,129,129,130,128,129,131,132,128,127,125,127,130,130,135,132,131,127,126,124,131,132,126
129,125,128,127,124,124,128,131,129,139,137,135,140,140,140,137,129,142,143,142,139,141,145,136,130,138,143,137,138,132,136,139,128,135,139,136,136,138,135,135,133,132,139,136,134,134,140,136,128,136,142,140,142,143,144,145,132,141,137,133,131,131,136,138
132,129,122,132,127,128,122,125,131,126,129,131,126,124,128,130,133,130,128,125,123,126,123,132,134,132,125,128,127,129,133,134,132,131,121,124,128,117,124,127,129,128,127,128,132,132,122,127,128,128,125,120,121,118,123,126,133,131,127,128,127,130,130,119
130,125,139,125,131,126,121,123,130,128,132,130,134,133,128,132,127,133,120,129,131,142,127,126,127,126,129,125,129,127,126,128,130,132,130,128,122,133,125,128,131,127,127,130,123,122,130,130,135,128,131,129,130,127,129,128,125,124,133,129,127,125,134,138
126,127,130,127,130,128,127,126,128,130,127,129,127,120,123,126,129,129,127,127,126,133,124,125,129,129,127,128,124,127,130,128,130,131,127,130,130,127,128,128,129,132,132,132,129,130,129,131,130,128,125,125,126,124,131,138,130,130,129,132,130,131,136,135
133,128,129,130,129,129,127,134,127,126,129,127,126,131,128,128,129,129,132,132,128,130,126,128,130,127,127,133,128,127,131,131,129,128,130,128,130,130,129,128,130,126,128,128,131,130,125,129,126,126,127,126,124,126,126,126,130,128,127,127,128,130,132,130
136,132,129,129,127,128,140,144,132,140,133,134,128,130,131,138,132,133,132,127,125,129,127,131,134,129,131,130,130,133,129,133,133,132,131,132,132,131,130,134,130,133,127,129,133,133,132,131,137,140,129,130,129,131,135,143,140,139,134,135,134,133,134,137
128,130,143,129,126,124,128,133,126,127,127,130,130,128,127,129,124,127,129,121,125,144,125,128,127,126,123,125,128,128,130,131,124,127,124,126,127,123,124,130,139,127,123,124,126,127,126,125,127,128,128,125,125,122,121,125,120,125,126,121,122,123,122,144
128,125,126,127,127,124,124,123,129,127,128,127,125,128,129,121,129,123,134,133,131,128,126,123,130,122,132,130,131,128,127,125,125,120,131,129,132,134,130,119,126,123,132,129,128,131,129,123,122,126,131,129,125,129,130,129,117,128,130,126,126,124,124,123
129,128,130,129,130,130,130,130,128,126,124,122,125,124,125,128,129,126,125,125,126,126,125,127,129,125,124,125,125,126,126,130,129,124,126,125,124,123,122,126,128,125,125,125,124,123,123,125,129,126,120,122,121,122,123,126,123,125,123,122,122,124,125,126
126,124,129,124,129,126,119,128,129,121,123,120,125,125,126,129,129,123,124,124,125,132,125,129,128,127,121,123,123,127,124,133,128,129,126,121,122,123,123,132,128,130,124,123,124,126,121,133,126,130,127,130,135,128,120,122,123,123,123,123,125,125,126,127
133,135,135,132,129,130,131,131,130,128,128,125,124,126,126,129,129,129,126,127,125,133,123,128,129,130,128,128,127,127,125,128,130,125,128,127,125,130,125,126,131,129,128,132,129,127,125,126,135,134,129,124,125,121,123,131,122,131,126,125,122,119,124,135
131,126,129,128,125,125,132,129,130,125,128,127,123,127,129,126,129,125,124,127,131,134,124,130,130,129,128,133,129,130,127,124,126,124,122,126,130,124,129,125,134,125,132,125,127,125,118,124,123,122,124,126,125,127,131,132,126,128,124,127,130,130,128,132
127,129,114,123,124,124,116,126,127,124,127,123,127,124,127,123,123,126,127,124,127,121,130,128,123,126,127,127,124,127,127,122,124,124,130,127,123,125,127,123,116,122,128,128,124,125,128,123,125,119,123,124,124,122,127,121,131,119,121,120,121,122,124,116
132,131,128,132,126,128,138,140,128,119,122,131,125,128,128,127,129,122,127,128,128,127,127,125,134,124,126,129,124,126,129,133,131,121,123,128,130,125,127,130,131,123,126,125,132,128,121,128,131,130,122,125,125,128,125,122,132,125,124,128,130,134,127,131
123,127,147,131,127,127,126,123,126,119,124,126,127,129,127,118,127,126,131,127,132,150,135,129,124,126,130,128,131,131,131,124,126,126,131,132,130,132,135,124,139,128,131,133,130,131,137,127,121,129,127,131,125,127,126,126,125,133,122,130,127,131,129,156
127,127,119,119,123,124,126,126,129,128,130,128,130,131,127,131,128,126,126,129,126,121,126,128,127,127,129,128,124,129,124,124,124,126,127,126,128,125,127,123,120,123,128,126,125,125,124,124,124,127,129,128,128,128,126,129,124,131,128,126,126,123,132,122
126,127,127,124,124,123,113,124,126,113,126,126,128,128,121,116,128,119,125,124,127,125,118,124,126,125,124,123,124,126,126,125,129,127,123,124,124,126,125,123,126,128,127,123,123,120,117,125,130,131,127,127,129,126,131,129,135,129,130,130,128,123,122,129
130,135,131,130,135,133,134,131,129,125,124,123,126,124,130,131,128,126,123,123,122,123,127,127,126,125,122,122,122,124,123,123,125,126,121,120,122,122,124,123,121,124,122,122,122,122,120,127,128,125,126,126,124,126,125,126,135,123,125,126,125,127,131,122
130,128,128,130,126,123,120,130,130,133,132,130,130,134,127,135,127,130,132,131,131,127,132,127,128,127,134,132,137,125,128,126,130,129,130,136,135,135,132,127,127,127,131,131,130,129,124,126,131,130,130,131,128,131,134,134,123,131,130,134,135,132,132,127
126,124,117,122,124,123,118,128,123,114,122,124,125,119,120,121,121,120,125,124,126,115,129,126,121,123,127,125,127,127,127,122,120,119,128,123,124,125,128,122,120,123,128,128,126,128,125,125,125,126,127,124,119,126,123,118,126,122,125,124,122,125,127,113
127,128,142,129,131,135,135,119,126,135,129,124,131,135,134,135,122,134,135,133,134,143,136,134,123,130,134,126,134,125,131,135,124,134,134,129,129,135,129,132,132,128,129,129,126,124,131,131,131,130,132,131,137,131,132,133,132,132,133,132,134,122,123,142
130,129,131,128,129,128,118,128,130,124,124,123,125,126,128,120,128,125,125,128,128,127,128,122,128,125,127,124,125,125,126,122,129,126,124,119,122,123,125,122,125,128,126,125,125,126,125,123,132,135,128,125,134,127,126,125,126,129,125,131,126,129,131,126
122,122,122,124,130,129,128,125,123,124,125,125,127,125,127,128,127,131,124,124,124,119,129,126,126,130,126,124,126,126,129,131,126,132,125,127,126,129,126,132,120,127,124,124,125,127,132,132,126,126,127,132,134,138,133,130,132,123,127,133,132,130,127,121
134,129,126,125,126,128,130,121,131,126,122,123,120,122,121,123,129,120,119,121,121,125,121,125,127,125,119,128,123,127,121,127,127,127,122,122,126,120,125,127,126,125,123,126,129,125,122,128,124,125,123,120,126,124,126,123,121,129,126,124,125,122,122,120
128,132,138,131,135,134,136,128,127,139,130,127,128,130,127,130,126,129,126,127,128,135,124,123,125,126,129,126,131,127,122,118,126,130,130,131,130,137,127,124,128,128,127,127,125,129,128,127,128,127,125,128,126,124,119,118,125,122,123,129,126,127,126,140
125,123,125,122,123,122,120,125,126,126,125,128,131,127,127,126,125,126,124,127,129,126,128,125,124,125,127,126,124,128,128,123,127,125,127,126,127,125,128,125,127,126,127,127,125,125,127,124,126,124,129,127,131,125,129,126,123,128,124,122,123,125,126,127
133,133,133,132,132,132,130,128,131,128,131,129,128,131,126,126,130,127,129,130,127,131,125,129,130,129,128,130,128,130,130,126,128,128,128,130,130,128,126,125,129,128,127,130,129,130,128,126,127,124,126,126,129,127,126,125,129,127,127,125,127,127,126,131
136,127,135,132,124,123,124,133,127,124,128,128,123,124,129,120,129,124,130,128,130,134,132,128,130,128,127,129,132,128,131,132,127,128,126,131,133,128,132,129,136,129,130,127,127,129,132,127,126,126,136,137,133,136,130,126,122,124,127,117,120,124,123,135
126,130,125,127,130,131,128,124,129,135,129,124,130,134,130,132,130,135,129,127,129,119,130,127,125,129,132,127,126,127,125,123,124,131,125,122,123,122,127,125,121,127,129,128,126,122,122,127,124,128,129,127,130,124,126,127,117,130,130,124,126,119,117,121
122,120,124,124,128,129,135,126,124,131,128,131,127,126,130,131,126,126,129,128,128,130,127,124,123,124,129,129,128,130,127,132,129,130,128,134,132,133,131,131,129,126,130,130,132,135,130,129,128,121,131,134,134,130,128,129,130,128,126,127,130,127,125,126
131,126,123,121,124,125,123,127,128,133,132,127,135,126,132,128,126,132,133,132,134,124,136,124,126,126,134,125,128,128,132,123,122,125,132,125,126,129,130,124,121,125,130,127,126,126,135,127,125,127,130,134,130,131,131,127,131,124,131,132,129,131,135,126
128,127,130,126,126,126,130,124,124,120,126,124,126,127,127,124,125,127,121,124,125,128,123,129,125,129,123,125,127,128,127,123,126,126,123,121,124,123,127,125,128,127,126,128,126,124,127,127,132,124,126,128,125,127,129,129,134,128,124,128,127,133,133,124
126,129,128,132,129,129,130,125,128,131,130,129,129,132,131,131,127,133,131,132,132,126,132,124,128,128,132,127,131,128,129,129,128,130,131,130,131,132,129,126,132,131,127,129,131,129,130,127,131,135,130,132,134,136,131,128,131,127,129,129,130,130,129,124
130,132,132,128,127,126,135,134,131,133,127,127,124,130,129,129,131,124,124,122,124,128,124,125,129,123,125,126,124,130,123,123,127,126,126,122,123,126,126,126,131,129,127,124,125,125,126,126,132,132,128,127,132,129,134,133,129,130,132,128,128,128,131,133
129,125,123,128,123,119,121,131,129,123,127,131,129,134,130,128,129,127,131,132,133,128,133,126,131,128,134,127,132,125,132,125,127,125,132,129,130,130,131,128,127,124,131,132,129,129,126,127,124,123,127,129,128,128,125,123,125,130,125,126,130,131,128,121
129,129,132,130,124,122,122,125,131,129,129,129,128,125,129,126,132,128,123,127,126,131,129,127,134,129,125,126,127,128,130,131,132,128,132,133,131,131,131,128,131,127,129,130,128,132,135,127,124,127,132,135,130,129,130,129,129,130,130,131,130,130,135,129
128,130,118,126,128,129,128,134,126,137,131,131,130,129,131,135,122,133,123,125,126,116,130,129,123,130,128,125,128,124,125,130,123,129,125,124,129,129,127,131,123,128,127,129,128,128,129,130,123,126,127,130,128,132,135,137,124,127,132,130,132,126,129,120
125,127,127,128,129,133,138,120,124,134,131,130,135,131,135,131,125,134,137,138,139,129,140,133,125,128,136,124,137,124,130,130,124,128,134,134,132,139,132,128,126,124,131,130,128,133,139,126,126,125,133,136,138,139,133,137,125,131,130,129,129,125,125,125
120,127,126,131,127,128,127,123,126,128,125,127,125,125,129,126,127,131,124,125,126,126,127,128,123,128,129,130,126,126,127,128,121,126,130,127,130,129,129,127,127,128,129,125,131,129,128,126,122,127,130,129,135,133,126,124,126,129,129,128,131,130,127,130
131,129,123,129,130,130,133,126,130,129,130,128,131,130,130,133,127,134,130,131,129,125,130,133,126,130,129,128,128,127,128,131,127,131,129,129,128,131,128,130,125,128,128,127,127,127,131,130,125,129,134,132,135,131,126,124,130,126,132,129,128,129,126,121
130,121,124,120,120,121,125,131,122,125,126,129,129,134,128,126,127,131,135,132,133,133,132,131,127,130,133,126,130,127,129,130,129,130,131,129,131,130,126,132,129,128,126,123,129,129,132,130,129,127,129,126,125,125,125,132,130,129,127,121,123,127,128,137
122,125,130,126,126,130,115,110,125,123,134,126,130,133,129,119,120,130,135,130,128,129,129,124,118,127,129,126,129,124,124,120,117,128,129,127,124,130,123,120,124,127,126,126,125,125,126,124,113,116,125,128,126,127,125,118,127,118,129,132,131,128,124,133
130,129,125,124,129,129,130,133,126,128,126,126,127,127,129,131,127,128,124,125,123,127,129,127,128,127,125,127,124,129,129,128,127,130,125,123,126,125,127,128,128,128,129,128,127,127,129,128,132,131,127,126,125,129,129,127,127,125,132,129,128,127,127,125
133,131,125,127,118,117,119,132,130,129,124,130,124,126,127,127,128,120,129,126,127,130,124,125,128,124,127,131,128,125,132,129,127,125,127,127,129,127,131,125,133,126,129,131,128,127,126,125,126,125,129,126,125,124,129,127,123,130,126,127,127,131,128,124
120,122,120,124,121,122,126,122,123,116,123,127,120,117,116,117,119,113,117,121,124,120,117,116,121,119,118,123,122,124,119,118,121,119,121,125,126,123,126,122,124,126,124,124,127,125,121,127,121,122,121,117,122,120,125,130,120,124,117,120,125,121,122,124
124,127,121,125,134,133,136,131,126,130,123,122,126,127,122,124,129,122,126,124,126,117,125,125,126,126,128,129,125,131,128,128,127,122,120,119,122,123,123,123,119,126,125,128,129,125,122,125,127,124,125,125,123,125,120,114,118,118,123,121,119,121,118,113
120,129,128,128,132,130,129,123,125,123,124,123,123,124,123,127,128,125,126,126,124,123,128,126,126,125,127,126,129,125,125,127,127,128,127,129,129,131,129,129,124,127,126,129,125,126,126,129,123,127,128,129,127,130,129,127,133,122,129,128,130,127,127,123
134,131,117,127,125,124,126,131,132,124,124,126,122,123,125,126,130,121,121,122,122,117,123,125,130,123,124,124,125,126,124,125,135,125,122,125,126,126,126,125,127,127,125,125,126,125,122,123,131,133,126,125,131,125,125,127,134,132,127,129,127,132,139,119
122,125,123,120,127,129,124,118,125,122,124,118,123,125,126,121,122,120,130,126,121,117,122,120,117,118,127,121,124,118,126,118,123,122,122,117,116,119,122,120,119,125,129,122,121,119,124,122,130,123,126,125,125,127,127,126,130,123,121,120,114,120,126,122
128,130,123,130,127,127,120,123,127,125,124,126,125,127,123,127,125,125,126,127,127,121,122,125,125,121,124,125,129,124,125,124,122,124,129,131,128,129,125,125,124,125,127,126,126,128,126,124,124,122,125,124,119,123,121,126,123,124,126,127,126,119,121,129
127,128,126,125,127,129,129,125,126,125,125,124,131,133,135,125,126,124,134,133,129,129,134,124,127,121,134,124,133,127,132,123,127,126,132,127,130,136,131,125,126,126,132,130,129,128,135,129,133,135,133,137,134,137,136,133,128,130,133,130,128,125,134,130
125,125,132,126,130,128,127,125,127,127,127,125,123,128,122,126,128,129,127,126,124,126,126,125,127,125,127,124,128,123,126,128,127,128,124,123,123,125,126,128,125,125,124,121,123,122,128,127,126,128,127,126,130,128,131,139,125,135,130,131,128,123,127,129
133,130,131,131,126,122,128,133,130,133,132,130,129,133,132,135,128,129,135,131,132,132,129,127,130,129,129,130,133,128,129,135,132,128,129,134,134,133,128,130,132,128,129,133,131,131,132,128,128,129,131,131,133,135,129,123,130,125,129,132,132,132,129,131
137,130,128,127,127,125,124,133,133,128,128,126,130,129,132,131,130,129,127,125,127,128,127,128,130,128,128,125,125,126,124,124,123,127,124,122,122,121,123,124,127,128,123,126,125,125,123,127,125,123,122,121,120,120,123,123,128,128,123,119,121,123,123,133
127,123,123,127,126,128,124,130,123,125,126,128,128,128,126,129,122,130,127,128,130,130,131,128,121,129,126,127,123,130,129,128,127,132,132,132,130,133,131,132,130,130,129,128,127,127,134,129,126,132,129,132,133,130,131,130,125,126,131,133,135,129,128,123
128,122,125,128,126,125,126,127,126,119,126,129,126,125,124,122,125,117,122,124,122,123,119,125,125,125,122,129,122,126,124,129,121,125,122,127,129,120,124,127,129,130,125,127,129,130,123,125,116,123,125,123,127,127,118,120,117,126,123,126,126,125,123,123
131,129,138,132,125,124,129,127,126,122,131,131,130,128,129,127,126,123,131,125,131,137,129,129,128,125,130,127,128,128,132,135,126,124,129,131,129,127,132,132,135,126,130,125,128,129,130,129,119,121,130,130,123,128,128,133,125,123,128,122,123,133,128,139
125,122,128,131,130,131,120,125,124,122,126,129,122,124,124,121,126,127,125,126,122,126,123,127,126,125,122,127,124,127,125,127,126,128,124,126,124,120,124,125,126,126,127,126,126,126,121,124,120,124,127,126,124,126,123,118,134,129,128,126,124,126,126,130
123,125,116,124,128,128,122,127,128,122,127,127,128,131,129,123,132,132,128,129,129,120,132,130,129,129,129,126,128,125,127,126,135,133,129,126,128,130,129,129,122,129,127,127,128,127,129,127,127,130,134,132,130,132,127,124,121,124,127,127,129,124,126,122
126,123,119,122,124,124,124,124,129,125,122,122,128,129,129,125,133,129,131,128,131,118,130,125,131,124,128,117,128,123,126,121,131,125,132,124,125,131,119,119,124,124,126,119,121,122,129,123,132,129,129,128,132,133,132,127,121,125,125,123,124,121,126,120
128,131,132,131,132,131,135,127,129,134,127,127,128,128,126,135,132,132,129,127,128,126,126,127,133,126,126,126,128,124,124,131,132,128,126,127,128,130,124,129,130,127,125,123,126,126,127,125,132,129,128,131,130,132,128,130,124,130,130,133,134,133,131,127
124,128,112,124,125,127,129,119,130,136,125,121,122,123,126,134,126,128,128,125,124,112,124,125,124,127,123,133,127,130,125,121,125,125,123,119,125,122,125,124,115,129,126,127,129,126,120,125,120,122,124,125,128,127,128,128,124,129,128,128,129,123,123,111
137,128,122,124,124,126,132,137,131,129,125,126,124,125,126,133,131,134,128,129,125,126,133,132,134,130,129,131,123,132,131,135,130,128,124,129,127,125,128,134,130,127,128,129,130,128,131,134,135,130,130,130,128,130,131,129,136,130,128,128,129,129,124,125
133,125,127,122,126,125,130,132,124,131,128,127,124,131,127,132,126,125,130,132,127,131,128,127,127,127,134,127,133,126,128,122,132,125,130,130,132,129,132,126,126,128,129,130,130,129,128,129,128,127,125,127,126,130,130,132,133,137,128,128,125,126,125,135
128,128,129,123,126,124,123,130,125,121,127,128,125,127,124,118,124,122,127,132,130,132,126,124,122,125,129,129,130,128,129,122,121,123,131,131,127,130,124,120,123,125,127,130,128,126,128,120,120,125,125,125,128,127,121,120,126,122,123,122,126,126,124,138
122,130,136,124,126,128,132,120,125,126,121,122,124,125,124,120,125,125,127,129,132,134,127,121,122,124,129,129,132,127,128,119,124,122,129,128,125,135,125,121,126,123,127,130,126,128,128,124,127,128,126,129,135,132,123,123,118,117,124,123,121,121,119,136
126,129,132,131,127,123,116,123,126,123,130,132,127,130,129,122,130,126,124,133,130,133,129,127,133,127,129,126,130,131,129,131,129,129,130,131,130,134,131,127,131,129,127,131,131,131,126,129,128,131,127,125,128,127,125,130,125,129,128,128,126,128,125,126
126,126,124,124,124,125,133,125,124,123,127,125,124,125,124,124,122,123,122,124,123,124,125,132,121,126,123,126,127,125,127,128,127,121,125,126,126,124,126,129,123,123,124,128,127,125,121,126,135,125,125,126,127,127,123,122,131,127,123,123,124,126,127,127
124,126,122,124,125,127,128,122,126,133,130,128,130,129,130,127,125,128,130,131,131,122,125,126,123,125,127,127,126,130,125,127,122,127,127,126,125,129,130,126,122,125,129,129,128,128,131,128,121,127,127,130,126,126,126,125,122,127,129,122,122,121,122,122
124,129,131,124,126,123,126,130,126,129,125,125,125,122,128,127,124,128,124,128,126,121,126,127,124,127,127,125,123,127,126,122,120,129,122,121,124,123,123,125,127,127,126,130,126,126,125,126,124,131,124,121,120,123,127,128,126,125,124,126,125,124,125,136
128,127,129,132,129,128,127,127,128,125,127,131,130,125,127,129,130,127,128,128,127,132,128,129,126,128,127,128,129,127,127,130,126,126,130,129,130,130,128,128,128,126,127,124,123,125,126,126,126,129,125,126,124,124,128,129,130,131,129,130,128,129,128,128
125,124,125,121,123,125,129,123,127,128,126,121,123,124,129,124,127,126,128,120,127,123,124,125,126,125,127,120,124,123,124,125,126,122,124,123,119,122,126,124,124,121,124,126,121,121,124,119,125,122,120,124,126,122,123,119,126,125,123,123,122,123,123,127
130,129,128,126,127,128,133,135,129,129,134,133,129,136,133,127,126,132,137,134,135,129,132,128,125,126,132,129,131,129,132,127,125,124,132,130,130,130,129,127,124,123,132,131,134,130,130,127,119,123,125,127,126,123,128,127,126,123,130,126,129,130,129,129
125,126,122,129,129,133,132,134,119,133,124,128,124,125,126,125,122,129,120,123,124,125,125,125,121,127,122,127,124,123,125,127,127,128,119,122,124,123,124,127,122,130,122,123,122,121,124,132,127,133,122,123,124,125,131,133,124,133,135,132,131,125,128,123
127,132,123,128,129,129,132,133,127,138,131,126,127,128,134,127,125,127,123,130,126,123,123,125,126,125,124,125,126,125,124,126,127,131,125,125,126,126,128,128,126,129,128,134,132,124,132,127,124,124,125,129,131,130,125,133,123,125,122,126,125,123,124,124
122,126,122,129,128,131,131,131,127,131,123,128,126,127,127,125,129,130,128,131,129,128,122,127,130,127,127,127,130,127,128,126,124,128,130,128,128,128,130,127,120,129,131,129,128,128,126,131,132,132,128,131,127,129,126,127,131,124,121,124,126,128,124,120
120,122,134,136,132,133,130,125,121,130,133,137,138,137,135,127,125,126,130,136,135,142,134,127,125,127,134,142,134,135,136,131,126,128,134,134,138,136,131,127,133,126,134,133,131,135,129,126,118,117,131,130,128,128,124,122,128,120,119,125,125,127,121,127
125,129,135,127,126,128,132,130,126,130,132,131,130,130,129,125,124,127,126,129,130,126,129,126,124,126,128,131,125,126,123,125,124,127,126,128,125,127,128,124,135,128,127,127,123,126,127,121,124,123,125,125,125,124,123,119,128,120,123,128,125,124,124,140
127,130,133,124,125,126,129,133,131,132,127,122,125,122,128,126,127,127,125,124,125,124,129,124,130,125,128,128,122,127,126,125,132,129,122,122,121,124,124,126,136,132,123,123,121,121,125,129,127,130,118,122,123,125,123,123,129,122,122,125,126,122,128,135
127,117,140,118,124,123,124,118,124,115,118,123,123,119,124,126,124,126,123,122,123,119,123,127,118,125,125,128,124,124,129,123,125,125,123,119,124,124,128,125,140,125,123,121,123,124,117,119,124,123,119,124,124,126,122,114,125,122,121,120,117,115,119,150
131,132,126,130,125,127,130,129,126,136,129,126,127,128,127,126,126,128,133,130,129,130,127,127,128,130,128,127,129,127,129,128,130,131,129,130,125,126,131,130,126,132,130,132,130,128,125,132,129,128,127,129,128,129,127,125,126,126,129,128,127,128,130,122
125,138,134,127,129,128,130,134,132,138,132,127,128,132,131,131,129,127,128,130,129,129,131,127,129,125,128,129,124,124,122,128,127,128,126,126,127,126,127,128,131,128,131,127,127,125,128,132,118,133,128,125,121,120,126,133,125,135,129,127,125,126,130,133
125,124,127,122,123,123,123,121,126,127,128,124,127,130,129,123,124,124,127,126,129,128,127,126,124,123,126,124,127,128,124,123,123,126,127,128,127,129,125,124,121,123,124,122,122,128,126,123,119,120,124,122,119,117,120,122,132,123,122,115,113,117,115,127
129,128,128,127,125,125,125,125,126,123,126,124,128,125,132,125,129,125,124,122,123,133,127,127,131,124,126,132,127,127,130,128,131,125,128,128,128,126,129,127,130,128,126,126,126,126,128,125,126,130,123,123,123,122,127,127,123,129,131,128,129,129,127,130
128,126,125,126,128,128,125,119,128,122,128,129,130,126,126,130,124,126,129,128,128,125,128,127,124,128,128,123,125,130,129,128,122,126,126,126,126,126,127,129,125,121,127,128,127,127,128,129,123,120,125,123,124,124,124,126,123,123,125,131,129,128,130,127
129,132,123,124,129,130,126,131,130,129,134,132,128,131,128,130,133,131,129,133,133,126,130,131,132,128,131,127,126,129,127,128,128,129,127,130,132,128,127,129,128,128,129,130,128,129,131,134,129,130,134,132,129,128,132,135,129,130,135,125,128,125,122,127
128,130,131,127,125,126,126,135,125,124,126,125,127,124,125,127,129,125,127,126,124,127,128,127,131,124,128,127,126,123,123,130,132,122,127,125,125,126,126,126,134,122,127,124,124,127,128,125,128,127,130,129,126,123,124,118,126,121,124,125,126,126,129,129
125,128,126,129,129,128,124,125,128,128,126,127,128,125,126,127,128,125,128,125,123,124,122,124,127,127,129,128,127,130,127,126,126,128,127,125,126,128,126,128,126,128,127,128,130,126,126,127,121,124,128,128,126,127,129,123,126,127,129,129,124,125,119,123
123,126,126,129,127,127,126,121,129,131,132,127,130,132,128,129,129,130,129,127,128,130,131,129,129,131,125,126,125,123,126,132,128,134,128,126,128,125,128,134,127,134,128,124,123,129,132,133,125,128,130,127,126,127,131,132,127,128,128,129,128,127,129,125
123,123,128,131,130,129,127,124,124,126,132,130,130,127,131,128,121,130,130,129,125,132,132,126,120,125,130,136,128,128,130,126,125,124,132,130,129,127,129,125,126,124,131,126,130,129,128,121,117,126,132,131,130,130,122,123,126,126,128,121,123,127,124,133
124,121,127,129,127,124,125,119,130,128,132,130,129,133,132,124,128,127,131,136,134,137,128,128,129,126,132,136,133,130,127,130,128,125,130,131,133,130,127,126,133,124,132,129,130,131,129,127,127,122,128,128,130,127,122,129,128,120,123,127,129,134,131,128
132,123,143,130,130,130,128,133,123,129,132,131,130,134,131,131,126,127,129,140,139,138,128,131,125,126,132,146,134,133,130,131,124,125,130,131,129,128,126,126,143,121,132,137,135,133,129,128,121,122,130,129,133,132,122,115,130,123,122,122,127,126,127,152
120,129,126,129,128,127,128,126,121,124,127,125,125,123,126,127,121,127,122,122,122,126,128,129,119,128,123,124,126,124,125,127,123,125,125,124,123,123,126,125,119,122,126,125,123,123,124,125,119,121,125,124,123,124,119,126,127,120,122,120,124,128,123,126
132,130,124,126,131,130,125,118,133,118,122,126,128,124,123,126,133,125,125,123,120,121,127,124,133,130,128,120,124,125,131,128,131,131,126,125,122,124,127,132,126,139,128,130,130,126,124,132,135,133,124,123,125,127,122,123,127,130,126,131,130,125,128,119
129,136,129,140,135,133,139,138,133,136,134,127,129,127,136,133,132,130,129,128,131,125,129,129,133,132,130,130,125,128,133,132,130,135,129,129,124,128,133,132,127,134,129,128,128,130,130,130,130,131,129,126,131,132,129,123,127,124,122,130,127,129,129,124
124,126,118,131,133,134,136,128,125,134,138,133,134,131,140,129,127,131,137,136,134,123,139,131,126,128,131,124,126,134,144,125,122,128,131,128,127,129,136,128,116,129,139,137,142,137,138,131,126,134,130,133,136,138,132,140,127,131,130,130,128,125,127,117
128,126,127,127,129,128,127,119,132,124,124,125,121,121,119,127,127,126,124,118,119,123,122,127,127,127,121,120,124,121,115,128,124,128,127,119,124,122,124,131,122,127,123,123,124,118,122,132,132,131,121,122,121,123,129,132,126,126,127,129,126,125,127,126
126,129,128,127,125,123,123,129,128,117,120,118,124,125,123,123,123,121,127,124,124,123,122,121,124,125,128,122,124,126,126,127,121,123,126,126,118,122,122,125,118,121,132,133,133,132,127,125,117,118,123,122,123,122,126,125,125,131,135,128,130,126,126,121
129,128,107,126,124,125,132,138,131,128,125,123,125,129,133,125,131,129,133,133,132,126,130,125,130,127,133,120,129,132,135,124,125,127,130,127,127,132,135,124,112,123,129,136,134,128,129,123,127,126,125,129,134,131,126,132,130,127,123,128,128,130,136,107
131,131,134,131,126,127,126,128,131,128,124,129,126,128,125,127,127,131,122,129,123,133,120,127,127,132,127,137,129,130,127,132,129,129,127,128,127,126,128,126,134,127,127,126,125,131,127,124,117,117,125,124,121,119,120,125,131,127,121,120,123,130,130,135
121,120,124,119,124,126,124,129,119,123,127,125,127,128,125,126,119,121,122,127,128,124,126,128,118,122,124,123,121,122,123,126,121,124,126,125,125,126,126,127,121,122,122,124,124,123,124,125,122,121,124,127,128,131,129,125,126,125,128,124,118,119,121,129
124,126,132,126,127,125,121,117,125,128,128,127,124,125,123,126,125,128,125,123,124,127,121,128,122,128,123,127,126,126,120,127,120,125,125,124,125,124,123,126,121,126,125,124,125,122,118,123,118,122,123,123,121,122,126,120,124,124,125,128,126,124,121,130
128,133,119,120,125,126,128,130,129,132,126,125,128,130,135,131,126,132,125,124,126,119,129,129,125,129,129,123,126,127,131,124,119,127,127,121,124,124,128,123,116,122,125,129,124,122,128,128,118,121,130,127,128,121,129,128,127,130,124,123,122,128,135,121
125,123,130,129,131,129,126,125,132,120,122,128,122,124,124,124,127,124,123,126,125,124,124,126,130,122,126,128,124,128,130,126,126,128,131,130,132,129,125,128,126,128,130,126,124,130,130,132,129,129,133,126,127,127,125,138,129,131,126,126,127,131,133,133
130,131,130,121,125,128,130,137,126,128,126,129,128,127,127,128,127,125,130,134,130,126,128,129,127,124,126,130,125,126,124,124,127,123,125,129,129,130,124,125,133,123,125,127,125,128,125,122,124,122,127,127,128,125,120,128,123,126,122,120,121,122,123,131
130,131,129,133,130,130,129,134,133,133,126,130,126,128,126,128,133,132,127,127,129,129,130,130,136,131,130,130,129,131,130,129,133,130,130,130,130,129,130,131,132,127,128,131,131,125,126,131,130,126,123,127,133,130,125,126,129,125,123,126,131,131,128,132
130,121,123,126,123,124,122,120,121,122,122,125,120,117,113,121,121,124,114,121,114,127,116,124,120,125,123,130,127,126,123,124,122,123,120,120,122,120,124,125,123,123,122,124,120,117,113,123,117,124,116,114,114,114,133,116,125,124,131,125,125,128,122,124
128,131,125,123,125,125,123,126,126,122,128,125,127,125,124,128,123,126,124,124,123,127,126,129,125,125,126,127,129,126,126,126,124,128,128,129,126,126,126,129,125,125,127,124,121,126,123,129,127,127,121,122,123,118,123,130,129,127,123,123,122,124,125,130
123,124,130,132,128,123,124,120,127,120,123,124,126,125,121,121,126,123,125,124,127,131,124,124,123,124,125,130,128,128,124,126,124,124,126,127,126,128,128,124,127,125,126,131,134,130,125,123,124,127,121,124,122,123,118,122,128,120,111,118,118,126,126,128
124,126,125,126,127,126,125,122,122,123,124,129,128,127,126,125,126,123,125,127,124,124,129,126,125,124,129,126,128,129,129,123,127,124,126,125,125,126,128,125,122,123,125,125,125,128,126,123,119,124,126,126,125,125,129,131,129,130,131,125,127,125,128,129
127,121,124,122,122,125,124,121,124,125,126,122,121,128,120,125,127,125,126,121,123,123,124,124,127,125,124,124,125,128,121,125,122,127,126,124,122,123,122,127,124,126,121,122,121,126,123,124,123,122,123,122,123,121,124,122,127,125,128,123,126,126,129,128
124,126,123,123,125,124,126,128,125,130,127,125,126,128,131,126,124,128,130,129,128,119,128,127,121,124,129,118,124,125,129,121,123,128,128,128,125,126,127,125,120,130,128,129,129,129,132,130,122,130,128,129,129,130,136,140,122,128,127,129,128,123,128,122
126,128,133,128,131,130,129,128,128,135,136,129,131,133,131,126,128,134,134,129,130,126,133,129,127,133,129,131,125,127,132,130,125,133,128,126,125,126,130,129,138,132,134,130,132,132,132,135,129,132,128,132,131,135,133,127,127,136,133,128,127,126,128,136
124,123,125,122,126,125,124,118,129,123,128,129,128,130,125,129,130,129,130,130,135,121,126,130,129,129,127,119,126,127,119,128,125,129,130,127,127,128,125,128,124,131,128,127,124,129,126,129,124,122,127,128,126,124,129,131,124,127,131,127,130,127,126,127
127,129,126,128,129,128,126,123,126,130,135,132,130,135,128,128,126,130,132,132,135,127,127,126,128,130,128,125,126,128,131,125,124,127,129,131,129,129,131,128,122,132,128,129,131,131,132,133,129,129,127,127,130,129,129,124,126,128,126,126,126,126,124,128
122,124,127,127,130,129,128,122,123,129,124,132,130,129,133,128,125,127,129,134,133,126,132,127,123,128,134,132,132,137,137,126,125,128,132,131,126,130,135,127,127,125,132,141,135,136,135,123,123,118,131,134,136,134,128,120,131,120,124,132,132,128,130,127
127,130,117,130,129,129,130,126,125,134,127,128,131,126,133,129,128,130,131,135,131,127,128,126,127,132,133,128,128,131,131,129,128,131,129,128,121,123,129,128,120,132,133,139,134,131,126,131,132,132,128,130,131,135,133,138,128,133,129,132,128,129,129,114
127,132,133,129,126,126,132,131,128,134,124,126,128,125,130,132,126,128,129,128,125,127,126,125,129,129,129,131,129,127,123,131,132,135,126,128,125,127,130,132,133,132,130,133,132,128,128,136,131,134,124,127,125,130,134,133,129,129,132,131,133,131,132,134
126,129,133,131,129,130,134,129,127,132,127,131,131,130,129,127,131,132,128,132,132,132,129,129,133,134,127,136,129,129,126,130,130,132,128,126,129,129,125,126,131,133,127,130,129,130,126,126,131,129,131,130,131,135,127,113,122,118,126,125,123,126,127,126
130,135,128,128,130,131,135,137,123,137,133,134,136,133,139,130,124,128,134,135,129,125,132,128,124,126,138,132,132,132,135,125,124,124,131,128,127,130,133,124,125,125,133,136,131,132,130,125,125,129,128,129,132,127,124,125,125,130,124,125,122,124,122,128
134,127,126,132,128,128,125,131,127,126,126,128,126,126,122,127,132,128,124,127,124,133,127,133,132,129,128,130,127,128,130,129,134,130,130,130,131,128,125,129,128,125,128,125,127,126,126,127,125,121,127,124,123,121,122,125,128,124,119,126,128,130,124,125
129,121,135,123,121,125,125,125,127,127,123,124,122,122,126,128,128,123,125,122,121,130,122,123,133,124,126,132,126,123,123,127,128,121,125,127,122,125,128,126,135,125,124,122,118,120,123,125,133,131,126,125,123,116,134,124,128,127,133,135,135,131,123,136
124,122,93,117,125,124,123,114,120,125,134,128,132,134,128,121,120,126,132,132,133,118,129,127,119,123,130,106,124,129,130,119,122,125,125,123,128,127,129,127,98,125,129,130,134,133,126,130,129,129,123,125,126,122,124,113,127,126,130,127,128,127,132,90
123,128,122,129,131,130,130,119,126,128,130,130,129,130,125,127,124,130,128,127,126,121,128,128,124,128,127,116,124,126,124,124,126,128,130,128,126,127,126,124,122,128,128,126,126,128,125,127,130,127,124,123,125,122,122,123,123,128,126,121,121,124,131,121
127,124,127,127,126,127,126,118,129,123,127,125,124,125,119,125,128,126,126,125,125,130,124,126,131,129,125,127,126,124,124,126,127,128,126,126,126,125,123,127,128,128,122,124,125,122,124,123,124,123,123,125,122,124,124,117,127,118,123,130,129,129,127,128
125,119,123,132,126,125,124,126,119,134,128,125,125,122,123,124,122,126,124,127,126,127,124,128,120,127,126,126,127,124,116,128,128,131,125,128,128,125,122,131,122,131,126,123,122,126,127,127,125,128,130,127,120,120,118,118,128,121,116,119,117,126,125,120
124,130,121,122,128,132,130,122,128,129,125,129,126,120,131,131,124,127,120,119,118,118,126,127,123,128,125,116,125,125,126,121,122,126,127,123,125,127,132,126,120,127,129,124,125,125,127,129,127,130,117,124,125,127,123,115,126,120,117,127,127,126,122,123
123,124,124,126,123,125,125,126,122,126,126,124,125,127,127,129,125,125,126,128,129,124,127,125,125,127,125,124,124,125,128,131,128,128,132,130,129,129,130,130,128,130,126,126,125,129,126,129,127,127,129,129,128,126,124,124,125,120,123,125,127,128,124,125
128,131,132,129,129,128,127,123,132,128,133,129,129,131,128,128,129,127,130,124,125,123,128,125,129,131,128,127,130,130,133,128,130,136,130,129,127,127,132,133,130,136,132,132,135,133,129,131,132,130,129,128,129,131,127,126,129,127,127,122,124,127,133,128
121,120,120,122,127,125,125,126,123,115,122,121,122,124,124,125,123,124,120,117,119,121,124,122,118,123,122,118,124,125,125,123,122,125,123,121,121,125,126,125,122,126,119,123,122,116,119,126,127,131,122,125,126,129,126,129,123,123,119,123,120,124,126,119
123,121,134,128,129,129,130,127,125,126,124,127,127,126,131,130,125,129,131,126,125,126,129,125,126,128,131,131,129,129,130,127,127,130,126,129,131,129,129,128,131,130,130,135,129,127,128,125,130,132,130,132,130,129,135,130,133,130,132,132,135,132,127,136
124,122,129,128,126,127,130,131,122,123,126,126,124,124,122,126,123,126,127,130,129,125,129,123,123,127,126,125,127,125,129,126,129,126,127,128,130,128,127,126,134,126,129,133,128,132,128,123,129,127,126,127,129,130,120,124,123,124,121,116,116,123,120,130
129,126,128,127,124,125,122,125,127,124,122,125,122,126,121,127,124,126,120,120,121,138,122,125,126,128,123,131,130,123,121,132,126,125,124,126,128,126,123,129,128,123,122,121,120,121,124,127,125,127,126,128,126,124,127,131,135,134,130,132,132,130,124,135
128,132,133,128,128,125,123,129,127,124,127,126,127,125,128,127,127,126,129,124,126,135,130,129,130,130,133,134,130,132,131,127,134,130,130,133,131,132,131,128,138,129,132,134,132,130,133,132,141,132,136,132,134,135,131,131,125,138,129,127,126,126,128,132
124,132,135,126,133,130,129,128,122,126,135,131,133,133,133,131,125,125,131,131,134,123,134,131,123,127,135,136,129,132,131,125,128,128,130,133,132,133,129,129,134,126,134,136,133,136,136,130,129,126,126,129,128,133,133,130,120,126,123,136,132,127,129,137
128,135,131,135,131,130,129,134,129,129,127,127,126,126,129,128,130,127,128,128,125,125,126,127,127,131,126,128,127,131,133,131,128,132,131,130,127,131,133,131,130,133,131,129,129,128,128,131,136,135,127,128,129,133,129,136,125,127,128,129,133,128,128,126
120,124,36,106,124,124,120,107,127,127,126,125,127,128,126,121,125,126,130,127,132,92,128,121,118,124,127,66,120,124,122,112,119,127,123,117,119,124,126,123,54,129,128,129,130,128,129,126,122,128,124,126,126,127,124,113,113,131,125,129,121,121,127,24
124,126,131,127,125,124,124,126,122,122,123,123,130,128,127,122,126,123,133,135,138,126,129,125,127,119,132,129,130,129,132,125,130,122,133,131,129,131,128,125,129,123,134,136,132,132,133,125,127,127,131,128,132,123,119,119,125,119,117,124,126,127,131,128
123,120,125,126,124,125,126,125,129,128,128,120,126,129,130,129,128,128,133,133,133,133,128,124,128,128,133,132,127,131,130,126,131,129,132,131,132,131,131,126,133,128,132,137,135,134,133,129,136,130,131,135,137,135,135,132,127,126,128,130,129,129,128,127
134,134,133,136,131,131,130,132,130,128,120,125,126,119,126,128,129,126,122,124,119,131,124,128,131,127,129,133,132,133,126,130,132,129,126,129,129,129,126,128,130,130,126,133,132,127,127,130,130,129,127,126,129,131,126,136,130,133,133,133,135,134,130,126
125,129,127,123,125,131,130,125,129,139,132,130,131,127,127,128,124,133,129,135,132,119,131,129,122,127,131,122,123,128,129,125,124,131,126,125,124,125,131,123,125,129,133,135,136,134,137,131,121,127,128,130,132,132,128,145,129,128,128,126,125,125,131,131
132,132,132,128,127,129,126,130,129,129,132,129,125,128,122,125,130,127,126,127,127,127,124,125,132,125,125,125,126,123,120,127,130,126,126,127,127,125,122,127,133,125,126,121,122,125,124,126,137,131,130,127,127,126,128,133,129,124,129,128,132,131,134,130
126,125,134,124,126,123,126,126,129,122,128,133,131,129,132,126,129,126,125,132,127,128,129,123,130,128,130,135,127,132,135,126,131,130,128,125,127,127,127,129,135,131,129,134,131,128,126,130,125,131,131,131,130,129,133,140,128,131,136,136,138,132,131,132
124,126,124,123,126,128,127,123,125,131,126,123,127,127,128,129,122,127,127,123,130,119,130,126,119,129,126,122,123,122,124,124,121,131,126,124,123,123,129,126,119,128,128,124,125,125,128,132,120,127,124,122,120,121,121,124,122,117,119,119,118,123,126,124
127,124,127,128,129,129,122,124,127,130,128,131,128,126,125,129,129,130,124,127,128,129,126,128,128,130,125,125,128,124,124,133,126,128,125,127,125,127,125,131,126,125,124,125,124,124,125,129,123,124,122,126,126,125,131,132,131,125,132,128,129,128,129,126
127,132,132,133,131,130,130,128,129,125,127,132,124,128,121,128,127,126,129,126,124,131,124,130,128,129,127,130,129,131,127,128,129,127,128,130,125,128,127,128,130,126,125,124,124,123,126,126,132,131,131,131,126,126,135,134,133,132,132,138,134,129,130,130
126,128,124,127,126,127,128,128,125,129,131,128,127,131,129,126,126,129,130,130,131,127,127,128,124,127,127,121,128,129,123,123,129,125,129,127,130,127,125,124,123,126,123,121,124,123,122,119,125,126,129,130,133,133,128,122,127,120,128,130,127,128,125,122
127,131,132,121,122,123,124,124,128,127,127,126,127,129,132,125,127,128,129,119,125,119,128,125,126,126,130,125,127,128,128,121,128,130,131,126,127,131,130,126,130,127,130,127,129,129,131,132,127,129,128,130,129,129,129,135,128,132,140,128,130,127,126,135
127,127,129,132,130,129,127,127,127,129,132,131,129,126,130,129,127,126,128,129,128,126,128,126,126,126,126,125,126,129,127,128,130,126,123,127,126,124,124,128,133,127,133,135,132,133,129,127,130,125,127,127,128,130,128,128,124,131,127,127,124,126,124,130
129,126,130,131,131,131,130,126,129,125,123,125,130,126,127,126,131,125,122,124,121,127,121,126,131,126,128,129,126,127,124,129,132,132,126,124,126,124,126,128,133,134,124,129,127,126,127,128,132,128,129,127,125,129,127,122,129,126,127,130,129,128,130,127
127,131,132,127,125,124,127,131,130,126,120,119,120,122,125,131,129,127,119,117,119,126,122,128,128,129,123,123,125,122,125,132,126,130,122,122,125,125,122,130,128,131,123,120,123,119,121,132,131,133,129,125,125,127,128,132,128,129,131,131,130,132,131,133
128,129,129,123,126,126,127,126,129,122,126,121,121,121,122,125,127,125,124,122,123,127,121,128,126,124,123,124,126,122,120,126,128,124,125,122,123,123,126,127,131,127,126,121,120,122,124,129,133,128,124,124,121,120,126,127,125,123,125,128,126,126,122,131
125,126,127,128,128,130,131,128,129,134,136,134,133,133,130,131,131,128,131,134,136,132,130,130,134,131,130,130,130,130,130,132,134,132,132,131,129,130,129,132,137,132,132,126,127,134,132,130,133,126,135,131,126,129,122,127,132,128,124,122,122,125,124,124
127,122,121,123,122,122,122,124,128,125,115,120,118,115,121,121,130,127,121,122,117,123,123,121,130,128,123,125,122,123,126,125,128,128,124,124,129,124,125,124,127,127,121,126,122,120,122,122,124,124,124,123,126,120,120,125,128,123,121,123,123,128,124,125
120,133,130,125,125,129,129,125,127,127,123,125,125,128,125,123,128,128,127,123,124,122,123,124,129,127,125,126,126,126,125,124,128,128,125,125,125,127,123,125,131,128,129,126,125,122,123,122,124,124,126,129,126,124,122,121,129,127,127,125,122,126,122,131
121,134,120,127,129,131,130,122,122,129,133,133,132,134,132,125,127,124,134,132,134,124,131,126,126,122,128,123,127,129,128,121,126,122,127,124,125,126,129,121,120,126,126,132,134,131,129,128,140,134,126,125,129,131,132,120,127,124,131,133,132,132,129,120
134,138,134,131,130,130,127,138,131,132,129,128,127,127,129,130,128,126,129,127,124,126,121,128,131,124,128,133,129,125,125,126,132,127,128,128,128,131,125,125,134,130,131,131,128,130,126,127,135,135,131,128,127,126,131,144,126,135,136,133,135,130,127,132
127,123,121,122,125,125,124,117,125,129,122,124,125,126,123,125,122,125,123,130,131,123,128,128,121,124,128,125,124,123,126,126,119,122,120,120,122,120,127,126,116,120,126,122,123,118,125,125,122,120,118,119,123,125,127,125,123,121,119,118,123,123,127,123
128,128,131,128,127,126,124,125,129,122,120,122,124,124,124,129,129,124,119,119,121,128,124,126,132,127,125,127,126,121,122,130,134,126,121,121,123,121,124,127,131,130,124,119,119,116,119,126,132,132,124,122,121,121,129,125,128,131,129,126,125,125,130,128
122,123,139,122,123,125,126,126,122,128,132,129,130,128,133,130,121,130,125,127,127,129,130,130,122,124,125,130,129,127,123,129,122,125,123,126,125,128,131,127,131,127,126,128,126,123,129,130,128,130,124,124,127,122,124,128,125,121,111,126,124,132,132,142
129,126,131,124,124,126,125,131,127,124,126,127,123,128,126,126,125,128,131,124,126,129,130,129,128,124,129,129,125,127,135,126,127,128,128,126,128,125,131,124,128,128,131,129,139,132,130,127,137,136,129,128,128,132,133,126,125,124,126,129,130,128,129,130
125,128,131,129,130,132,134,125,126,136,130,127,128,135,132,128,126,128,134,126,133,132,128,128,126,126,128,129,127,126,131,126,130,127,129,130,128,129,128,128,131,125,129,132,131,131,140,130,124,122,131,130,131,128,126,131,127,131,128,124,123,126,126,132
132,125,129,130,127,126,126,124,129,123,120,124,123,121,122,130,132,127,120,114,117,130,124,128,135,131,123,127,129,124,119,133,137,127,127,125,123,124,126,131,134,128,123,120,119,121,120,124,128,121,122,126,120,121,123,110,128,122,124,123,123,128,124,127
124,126,126,128,127,128,127,126,125,129,128,130,131,128,130,130,130,131,132,130,129,132,129,132,128,131,130,130,132,130,128,132,130,130,132,130,133,132,128,131,131,128,128,128,128,127,130,131,127,129,128,131,130,130,125,130,126,127,127,123,122,125,123,124
126,123,100,132,132,129,130,123,129,121,122,128,123,126,127,132,130,130,119,118,118,123,126,131,132,131,123,113,130,127,126,132,135,129,127,125,130,130,128,130,108,129,125,122,120,120,120,125,128,123,123,125,124,123,128,125,131,118,129,123,124,126,126,85
128,123,123,128,124,122,123,136,131,121,123,128,124,129,125,127,128,125,130,135,132,135,126,130,130,127,129,130,126,133,132,131,129,128,128,133,134,129,125,131,128,126,130,130,132,132,128,129,123,120,132,128,133,133,124,122,126,122,120,128,129,130,128,118
131,131,134,131,129,130,128,124,129,129,125,126,126,125,122,126,129,128,123,124,122,131,125,124,130,130,124,132,126,125,123,132,132,129,124,124,126,124,120,131,135,127,125,127,125,122,124,126,127,126,126,128,123,122,126,125,126,130,121,128,127,127,130,132
128,132,132,126,130,131,133,130,122,126,127,126,129,124,131,127,125,129,129,126,122,126,126,125,124,129,130,132,128,126,131,125,126,129,129,125,125,127,132,125,129,133,131,128,130,127,125,125,133,131,125,128,125,129,128,119,130,126,130,129,129,126,119,137
126,131,130,131,128,126,130,128,130,128,121,122,122,122,127,130,132,130,124,123,120,126,123,127,132,130,122,125,128,128,127,132,128,128,127,126,127,126,129,133,126,130,124,127,127,122,126,131,126,124,121,123,124,124,124,116,128,125,122,132,130,130,123,131
127,121,125,130,128,126,127,124,125,123,123,124,122,124,125,128,126,129,123,122,119,128,122,128,125,127,123,128,129,123,123,128,130,123,128,126,128,129,129,126,126,124,123,118,119,123,124,126,134,131,128,128,126,124,127,129,130,132,130,132,131,133,125,124
126,128,127,130,134,132,133,137,127,130,129,133,131,136,134,129,128,128,135,134,136,124,135,128,125,132,133,128,131,133,133,129,127,135,134,134,130,131,134,133,127,131,136,138,138,133,135,137,122,133,135,133,137,140,137,148,127,141,140,134,133,128,127,127
129,127,121,129,128,129,125,122,123,130,135,132,128,132,125,124,121,125,129,130,132,129,126,127,119,124,123,124,126,127,121,119,119,123,127,132,128,127,126,122,117,122,126,129,130,130,128,124,130,127,130,131,133,131,127,121,128,125,129,126,124,127,120,119
131,126,135,131,128,128,123,126,131,125,119,128,124,123,119,126,131,130,117,125,120,133,124,130,131,129,127,136,132,129,126,131,130,129,128,129,130,127,127,129,136,128,127,130,127,122,126,128,127,131,126,126,126,124,128,131,126,128,126,129,130,129,124,138
130,135,129,128,130,128,128,129,125,129,128,127,129,128,130,128,124,127,125,126,128,125,129,129,126,128,130,128,129,128,130,127,127,127,129,127,127,126,128,127,126,128,128,130,129,125,129,125,129,129,126,128,131,131,128,128,127,128,128,127,127,127,128,126
125,123,113,123,129,130,125,124,120,129,125,127,126,123,123,129,117,127,120,127,124,124,125,128,115,125,122,120,128,125,125,128,118,123,120,123,121,122,123,128,112,117,118,121,122,124,124,130,115,120,124,128,126,122,124,125,127,121,114,122,124,127,129,111
132,130,127,128,128,131,132,132,131,132,127,127,129,121,137,128,132,132,135,130,131,128,131,127,132,129,131,132,131,135,139,128,132,131,129,128,129,130,134,129,130,133,134,139,140,138,135,129,137,139,127,132,134,135,126,132,129,134,132,132,134,130,127,128
125,124,124,129,128,129,124,125,124,125,133,129,128,131,126,128,127,129,128,118,120,126,126,126,127,129,129,126,131,126,124,131,127,124,126,127,125,129,124,125,125,125,125,121,118,123,125,116,131,123,127,133,127,124,131,116,126,126,131,126,128,126,132,122
128,120,124,125,126,127,124,119,129,125,130,127,128,126,125,127,127,125,127,126,129,123,121,129,127,127,125,124,123,124,119,125,124,129,127,123,123,123,126,127,127,128,128,129,126,127,125,124,132,127,127,122,121,125,127,120,120,132,131,127,123,123,126,125
131,136,129,129,128,129,129,134,133,131,124,121,124,126,125,127,130,132,134,129,130,124,127,125,129,131,127,124,127,127,126,125,125,133,134,132,134,132,127,128,128,130,136,136,138,131,133,132,128,128,132,131,133,135,131,130,126,129,133,131,130,129,129,129
126,128,121,124,128,130,130,131,129,125,128,127,127,128,130,133,130,128,125,122,125,121,128,129,130,129,124,115,128,124,124,126,125,129,126,126,125,126,124,127,120,128,129,126,126,129,136,129,128,127,131,128,129,131,124,126,126,128,129,125,124,125,127,119
129,132,125,133,130,129,128,129,131,128,127,131,132,127,128,130,131,128,130,128,128,130,131,129,134,131,130,131,131,130,131,129,130,130,130,132,132,131,133,130,129,129,128,133,131,129,125,130,133,132,131,131,130,133,133,140,128,138,137,133,134,132,127,123
125,126,122,126,124,127,125,129,125,129,129,125,122,128,125,126,125,130,128,128,128,128,125,126,125,129,127,125,127,126,128,129,124,128,126,125,124,126,127,128,122,126,125,125,131,128,129,128,121,127,126,126,130,132,129,141,126,130,136,124,125,125,120,122
127,129,132,126,126,127,128,127,129,128,133,134,130,136,130,127,133,127,136,134,134,128,132,128,127,129,130,130,128,130,134,126,126,131,134,132,129,131,128,129,130,130,133,128,133,134,136,130,121,125,131,132,130,129,124,131,128,128,126,121,120,122,124,132
129,124,123,126,126,128,128,129,126,132,130,128,128,130,130,132,125,130,129,130,129,124,131,131,127,131,130,129,128,125,127,131,127,133,128,126,123,126,125,131,126,130,127,126,126,127,126,130,125,126,126,126,124,129,130,131,125,132,130,124,125,126,122,128
130,131,148,124,126,127,127,129,129,126,129,124,125,125,122,126,127,127,124,123,123,127,120,128,122,127,123,132,125,119,113,125,128,130,125,123,124,125,124,126,146,131,122,120,120,121,121,127,131,134,124,123,120,124,124,118,128,124,120,125,123,124,129,154
129,122,117,125,125,126,121,120,130,124,125,129,127,132,126,122,129,126,125,125,128,130,127,123,130,128,126,123,131,127,125,127,132,129,128,126,130,129,126,129,122,130,124,118,121,120,126,126,128,122,129,130,125,123,123,126,128,125,129,131,133,130,127,118
131,131,130,127,125,125,128,135,128,127,128,127,125,129,126,129,127,128,129,128,130,136,130,129,128,129,129,132,126,131,131,136,126,127,128,128,131,129,126,129,129,126,128,129,131,128,129,127,125,124,129,127,127,125,124,125,129,126,123,123,127,127,130,128
124,119,127,126,124,126,124,118,124,127,131,130,129,131,123,125,125,127,130,136,133,129,130,133,126,128,131,131,127,128,131,128,130,131,130,135,133,130,125,128,134,125,131,130,132,129,134,125,131,121,133,130,127,125,127,129,124,126,130,128,130,128,134,128
128,136,129,130,128,131,130,132,131,128,125,125,124,122,125,126,129,128,128,130,128,124,124,125,129,128,128,125,126,127,130,124,125,128,127,126,126,126,129,126,124,130,126,126,130,131,124,130,138,134,130,130,129,132,130,130,125,131,134,132,134,130,131,125
131,128,127,129,126,126,124,125,129,128,127,131,130,128,125,125,129,128,128,131,129,128,129,129,129,127,127,127,127,131,125,128,130,127,127,130,131,129,124,128,130,127,123,125,128,126,123,129,124,120,127,124,127,121,120,125,124,120,122,119,121,122,121,125
130,132,130,130,133,130,130,130,130,132,127,130,132,131,132,128,128,127,133,132,134,128,129,126,130,130,135,129,129,132,131,127,123,129,130,130,129,130,131,127,123,130,134,136,137,137,133,129,128,126,126,126,132,133,137,133,128,128,136,128,128,128,125,127
123,126,128,124,125,126,125,129,126,125,128,131,125,127,129,131,127,127,124,123,124,124,125,126,123,127,126,125,125,124,124,124,123,126,127,126,125,129,127,125,126,126,128,130,127,130,129,124,120,126,128,128,129,128,124,134,126,128,120,121,118,124,124,129
130,131,136,130,127,125,126,126,132,132,124,125,127,123,127,127,129,126,125,127,125,128,127,122,131,130,125,129,127,125,121,125,132,130,126,130,127,130,125,129,137,130,120,123,121,128,125,135,132,130,128,128,128,125,130,130,124,134,130,128,129,124,127,137
126,123,125,125,129,129,125,126,124,128,126,125,129,127,131,128,124,129,132,124,127,124,130,126,123,128,131,130,129,129,128,126,126,126,126,125,125,129,129,130,124,126,124,128,126,123,125,132,124,124,123,127,129,124,122,127,124,127,125,129,122,123,125,124
122,130,123,130,132,133,133,138,124,139,140,134,132,137,135,129,125,134,139,137,138,125,132,130,127,130,131,128,130,128,131,124,122,125,129,129,129,129,126,122,121,121,130,127,129,127,130,126,123,119,122,125,126,125,117,119,125,118,121,124,128,130,131,123
125,125,126,123,126,128,126,126,127,132,130,128,129,125,127,128,129,128,128,129,131,125,129,129,128,127,129,126,128,129,127,123,128,130,130,128,125,127,132,125,125,130,132,134,132,132,134,129,128,130,131,130,129,127,127,134,127,131,134,129,129,129,128,126
124,126,122,124,123,121,123,122,124,124,122,121,122,121,124,125,123,125,121,118,125,129,124,127,121,125,125,126,127,124,122,125,123,123,124,124,121,125,124,125,126,121,123,127,124,121,124,122,123,123,123,122,120,122,123,127,128,122,129,121,121,121,123,124
126,126,131,127,127,129,128,130,126,126,124,123,124,128,128,128,127,131,126,125,124,126,130,127,127,131,129,128,129,126,130,128,127,131,128,129,130,127,127,127,127,128,125,122,125,127,130,123,125,124,126,131,129,126,123,125,126,124,125,121,121,125,121,129
123,117,129,123,125,124,125,123,129,120,122,129,125,127,124,130,131,127,122,130,124,124,126,131,131,132,129,127,130,129,130,130,130,129,128,124,126,127,130,131,128,131,128,126,125,126,119,129,130,126,126,130,132,135,130,118,125,123,125,130,128,129,126,126
129,135,126,125,125,124,130,131,128,132,128,129,130,130,133,125,128,130,128,129,129,122,128,126,130,129,124,125,126,128,136,126,130,132,125,125,124,126,131,123,129,132,128,128,130,129,128,132,134,132,130,127,130,131,119,142,126,132,123,123,119,122,126,121
128,118,113,127,127,129,132,121,129,128,130,130,131,128,129,129,128,126,126,126,130,125,130,127,127,127,126,118,127,131,137,128,130,127,130,127,129,128,130,127,118,129,132,134,132,134,134,123,124,126,129,125,126,127,129,131,128,128,125,127,132,132,123,112
119,119,127,127,129,130,126,117,128,121,132,125,128,129,127,125,124,129,127,128,130,118,126,128,121,125,126,120,125,127,127,122,118,126,126,127,125,125,131,126,119,130,127,130,128,128,131,128,123,126,127,129,130,128,129,131,128,130,138,127,127,126,132,130
132,132,128,129,126,125,126,138,125,129,129,125,129,126,132,130,125,128,132,130,128,127,129,125,129,129,130,130,128,130,132,129,127,129,128,127,123,123,125,127,129,129,132,131,134,132,129,129,128,129,128,127,127,129,133,124,122,128,135,131,127,124,123,123
126,129,128,129,128,128,127,125,127,125,122,122,124,122,122,125,127,127,127,119,125,127,122,123,128,128,125,125,124,123,118,128,123,121,124,122,123,121,117,122,122,120,119,119,121,120,119,125,117,128,124,122,120,123,131,136,123,130,134,130,126,127,124,124
128,123,134,122,126,126,124,122,129,125,130,134,132,130,131,124,127,126,129,136,131,123,130,124,127,127,127,127,125,129,132,122,126,127,125,126,124,129,131,126,135,130,132,129,129,134,131,126,134,134,130,128,129,128,131,136,121,135,140,126,124,122,123,137
127,130,120,122,127,127,127,129,126,124,123,123,125,125,128,128,127,128,129,125,126,123,126,127,128,123,129,121,128,130,129,125,129,122,131,127,125,129,126,126,122,122,128,130,129,131,129,131,135,127,128,131,131,132,129,141,129,135,131,128,126,124,126,124
124,119,123,124,126,123,117,112,124,118,124,127,128,127,121,119,129,124,130,131,130,126,126,126,128,120,132,130,127,127,126,124,131,123,132,129,126,127,127,127,132,124,134,135,130,130,123,123,130,128,129,129,129,124,129,124,122,119,122,128,131,132,131,126
122,129,113,126,123,125,127,126,129,125,124,127,126,124,124,126,130,129,122,118,121,131,128,127,132,130,123,120,133,130,133,128,127,127,125,127,128,128,129,127,114,127,127,123,125,124,121,124,125,127,122,124,122,124,129,134,130,134,130,132,133,134,127,112
130,130,137,131,129,128,128,131,129,124,125,126,124,125,123,128,128,129,127,127,126,131,128,130,128,130,128,132,125,127,128,131,127,131,129,131,131,128,122,127,133,127,124,124,126,127,127,125,125,125,131,131,129,129,129,128,130,129,129,129,130,130,129,141
122,123,124,122,123,127,125,121,127,130,124,127,125,126,125,124,126,128,124,123,122,130,127,130,125,126,126,125,126,125,123,126,129,128,128,124,126,126,125,125,125,130,125,122,120,125,126,128,131,128,125,128,124,125,125,126,124,127,126,127,125,123,123,123
130,126,128,126,126,126,125,124,129,131,124,122,127,127,130,127,126,127,125,122,127,126,123,127,128,129,128,128,127,130,126,126,126,130,126,126,124,127,124,125,123,129,128,129,130,129,127,129,126,129,127,129,127,127,130,131,131,133,132,134,134,132,135,127
130,132,138,125,126,129,127,133,125,126,122,127,125,125,126,133,123,125,119,117,118,129,126,128,123,126,122,132,127,118,123,130,124,123,124,118,125,125,127,129,134,121,122,118,121,115,122,124,114,121,117,121,122,121,122,116,123,123,118,119,118,124,130,146
126,124,125,117,119,122,122,123,125,127,125,121,126,125,121,122,127,125,127,126,129,125,124,126,126,127,127,126,124,128,123,126,121,123,125,123,123,122,121,123,123,122,126,127,130,129,127,124,128,122,125,124,122,123,127,129,129,130,123,128,128,127,129,131
127,135,121,126,128,125,129,138,125,129,120,123,126,123,131,135,124,129,123,126,123,124,125,132,122,132,130,121,127,128,128,129,123,130,127,128,128,127,129,131,118,127,127,125,121,125,125,131,128,128,127,127,131,127,127,134,126,133,136,131,130,127,124,118
124,128,136,132,129,128,130,131,122,129,131,132,131,127,128,127,125,129,131,127,127,139,129,130,126,129,126,135,127,128,129,131,131,127,126,130,131,127,131,129,135,128,131,129,132,133,128,129,128,127,134,129,131,128,135,126,133,127,135,132,133,130,132,136
121,126,124,122,121,121,123,116,125,120,122,121,122,123,126,124,125,125,121,118,118,123,126,124,124,128,120,121,124,121,131,124,124,126,124,125,126,126,132,129,122,128,120,120,120,121,127,132,122,119,123,125,126,126,129,133,130,132,130,127,125,125,129,129
129,133,124,128,127,125,123,127,130,122,130,128,125,130,125,126,129,124,127,127,129,124,128,127,133,125,126,125,130,129,127,128,132,125,128,132,132,129,124,126,128,127,124,118,124,127,130,128,134,133,135,132,130,130,133,134,126,131,131,135,131,128,129,116
131,125,124,126,129,126,126,128,134,126,120,125,124,121,119,131,133,124,117,121,115,120,125,131,133,130,122,115,127,122,124,131,129,132,123,125,127,127,121,131,121,136,119,120,119,121,123,133,137,131,124,123,123,128,126,134,125,125,121,128,124,126,121,120
124,129,125,129,129,127,131,133,126,128,127,126,124,126,129,126,124,128,129,125,127,121,124,124,124,125,126,121,125,125,120,123,123,124,125,126,125,125,121,123,119,126,123,120,124,122,121,122,123,119,120,121,119,122,126,115,126,123,128,129,131,128,129,129
134,130,124,130,128,125,129,137,126,134,133,132,129,130,129,128,124,126,129,127,134,133,131,130,127,129,128,129,129,130,126,134,129,128,128,127,130,130,129,130,123,126,125,130,128,129,133,131,125,120,128,126,133,129,126,133,132,124,129,124,125,127,124,127
126,125,180,126,124,124,128,129,129,119,121,121,120,124,120,120,129,126,118,110,114,132,120,125,132,124,116,152,122,114,120,122,130,123,118,118,122,121,121,122,173,129,114,109,110,115,109,119,132,128,118,122,115,118,126,118,124,120,120,128,128,129,129,187
122,122,124,125,126,127,129,116,124,131,136,131,133,130,132,125,124,129,132,132,131,125,128,127,125,129,131,124,127,132,133,123,123,128,128,126,123,125,129,126,121,122,132,132,131,130,127,125,119,122,123,123,122,122,120,121,124,120,120,117,117,119,121,127
121,124,153,134,131,127,117,120,125,122,129,124,123,124,125,128,127,124,125,128,123,138,125,128,127,130,129,148,127,132,133,133,129,131,127,125,129,125,128,129,146,129,129,132,133,117,124,131,126,129,126,125,128,129,128,134,126,128,125,128,130,125,129,152
127,125,130,126,124,124,124,131,125,120,119,122,120,120,122,121,126,121,119,118,117,125,122,120,128,125,120,128,126,127,123,126,131,122,122,121,124,124,124,127,130,123,122,122,117,122,119,121,132,124,122,122,118,118,125,137,128,138,134,127,129,127,124,131
127,129,131,128,132,132,131,131,128,137,131,132,134,133,136,130,131,131,136,133,133,131,137,131,130,129,133,133,133,137,136,126,127,131,131,132,132,133,138,128,133,128,133,135,136,132,140,134,131,126,134,136,135,132,133,128,130,125,136,132,126,124,120,134
124,122,129,125,125,123,126,121,127,123,122,122,120,120,124,128,126,123,120,117,121,126,123,129,128,125,124,126,127,124,120,129,133,123,125,124,127,127,123,128,128,126,121,125,129,125,127,126,134,126,128,126,127,130,126,120,129,123,125,124,121,123,122,123
122,120,133,118,117,117,116,126,117,111,106,111,109,112,107,118,116,116,109,102,105,119,107,123,114,118,112,122,119,111,108,123,118,117,112,113,113,115,111,123,129,119,111,108,106,106,107,118,124,124,119,118,113,112,121,132,122,126,127,120,121,119,120,135
124,125,130,126,128,129,125,130,126,129,126,126,129,127,126,125,126,124,129,130,130,126,126,127,129,125,127,129,127,130,125,127,127,127,129,127,127,127,127,124,132,128,130,134,136,132,135,129,122,122,129,129,130,130,130,123,124,124,131,133,134,130,128,130
124,131,119,124,126,124,124,132,125,125,123,117,118,121,120,124,125,122,118,119,121,116,114,124,123,123,121,112,119,120,114,121,120,125,120,120,124,121,113,123,114,126,118,119,119,118,121,121,125,122,126,126,125,129,129,125,123,126,130,126,127,122,129,118
125,124,138,133,128,128,130,125,127,124,128,133,128,126,125,124,128,130,123,126,123,131,124,129,130,130,125,132,129,128,127,128,131,126,124,126,131,126,129,127,135,128,126,120,123,124,121,127,123,127,128,124,125,121,129,127,131,127,131,137,137,131,130,135
131,131,134,131,129,130,132,136,129,129,130,130,131,130,134,125,131,130,136,131,131,131,134,130,131,129,133,135,134,136,138,131,132,132,131,133,130,130,132,129,135,133,133,133,133,133,135,134,135,139,131,132,135,136,129,138,126,142,141,130,132,128,125,132
126,126,120,125,126,126,124,127,126,133,129,128,128,128,130,127,128,127,128,131,131,128,126,125,128,127,128,123,129,130,124,127,129,129,129,130,129,130,126,128,125,128,128,130,130,128,126,127,126,130,127,128,128,131,126,127,124,127,127,122,124,125,127,123
128,127,133,126,126,124,126,130,127,127,126,124,125,131,124,127,131,125,129,128,132,131,125,128,128,125,125,129,127,126,126,126,128,128,127,127,128,124,124,129,130,128,129,128,129,128,124,129,129,137,129,129,129,130,131,135,130,133,132,131,128,127,128,134
127,131,128,130,130,128,127,131,129,123,126,130,130,131,125,128,129,128,124,132,123,128,124,130,129,130,128,129,128,131,128,130,134,129,125,131,132,130,127,129,133,130,126,125,125,127,122,127,136,131,128,126,124,125,124,120,130,121,117,122,125,123,122,127
127,118,123,117,122,123,123,118,122,120,127,128,128,127,125,118,121,120,129,128,131,124,124,123,120,116,130,128,125,129,124,119,124,115,128,127,128,127,126,117,128,119,130,134,134,133,125,117,128,122,128,130,133,128,128,140,122,132,132,126,123,123,125,131
123,127,124,124,125,126,126,121,127,124,129,126,126,129,129,126,127,125,131,123,129,127,127,123,129,129,125,121,126,121,128,128,128,127,131,126,126,127,129,130,127,131,127,126,128,131,128,126,126,132,125,124,119,123,127,122,126,119,121,129,131,131,128,124
129,134,137,139,133,132,130,133,128,132,128,126,125,122,124,131,128,125,124,126,125,140,125,127,129,129,125,134,123,124,118,134,128,127,121,124,126,123,120,129,133,121,123,128,126,123,124,130,122,125,121,124,124,131,122,130,128,125,121,124,128,129,123,134
129,129,139,133,130,131,129,125,129,134,133,131,133,130,132,129,125,129,135,136,133,132,133,129,126,130,128,127,128,125,129,130,121,131,131,135,132,129,127,128,127,125,134,132,130,133,133,129,122,125,131,130,128,131,124,128,131,126,131,129,129,130,129,139
128,126,128,132,130,129,131,131,128,126,124,126,129,123,130,130,132,128,126,127,127,127,124,128,133,130,125,131,126,129,130,130,128,129,123,125,125,126,128,128,129,131,121,124,125,124,124,127,130,129,124,125,125,129,129,128,121,126,124,121,117,120,120,126
133,132,129,135,133,134,135,138,135,134,132,132,134,133,135,135,134,132,135,134,132,131,135,134,136,134,133,131,130,132,136,136,132,135,131,131,130,129,131,134,130,134,134,132,134,134,135,136,131,133,135,133,132,135,131,133,126,130,131,132,131,128,130,125
130,128,127,126,128,127,129,134,125,131,132,128,130,129,129,128,126,130,130,130,128,128,128,128,128,129,130,130,132,129,131,127,129,129,126,131,130,129,128,128,129,129,130,132,129,131,130,128,128,130,130,132,131,131,128,133,125,133,130,128,127,128,125,126
130,128,126,131,131,132,133,131,132,131,132,128,130,129,128,129,132,128,126,127,130,129,129,128,130,129,124,128,127,129,125,127,127,129,125,126,126,126,128,129,126,128,126,124,127,125,121,129,128,128,120,124,129,131,137,134,124,129,128,132,135,129,130,121
126,132,125,130,133,130,134,134,130,131,132,132,130,130,132,134,127,130,127,129,130,127,129,129,125,131,127,125,126,127,128,128,124,135,128,126,127,127,128,129,124,133,126,125,124,126,130,130,121,130,134,131,129,131,130,127,129,131,131,126,125,125,130,124
130,130,119,121,125,125,125,129,127,128,126,125,125,127,122,125,125,123,125,128,126,119,128,124,124,125,126,123,128,128,135,125,126,126,125,123,126,125,130,126,123,126,124,128,129,120,122,125,128,122,121,127,126,128,130,129,126,126,132,133,131,129,127,122
125,129,133,127,127,124,125,124,129,120,124,128,124,125,119,121,127,127,115,121,117,125,122,124,125,127,120,128,124,121,125,121,126,127,120,119,123,121,124,126,131,125,115,115,115,115,115,122,125,123,119,123,123,125,121,128,128,123,120,121,119,122,120,130
126,127,136,128,128,126,124,118,127,121,122,121,122,123,122,124,125,123,125,120,122,124,122,121,125,126,125,128,127,126,124,120,124,127,127,129,127,129,127,127,129,128,125,126,127,123,125,123,126,123,122,125,124,126,123,119,127,118,115,121,119,123,126,137
126,123,126,130,125,125,125,128,125,124,124,126,126,127,121,123,124,123,124,121,119,129,122,126,126,125,124,129,127,125,118,128,128,124,122,126,124,127,125,128,130,123,125,126,124,123,127,131,133,130,127,129,125,131,130,122,126,127,127,130,130,127,129,125
128,130,129,131,132,131,132,129,134,129,128,129,132,132,131,129,135,127,130,131,135,128,132,131,135,130,130,130,129,129,131,128,134,129,130,128,126,128,130,128,135,128,133,130,132,132,128,127,130,130,130,129,129,131,129,128,126,126,128,126,126,127,128,127
133,124,127,124,121,119,124,130,132,121,123,125,125,123,125,121,130,125,127,130,128,128,127,123,133,126,127,126,129,129,128,122,132,123,127,130,130,129,129,125,128,126,132,134,128,129,125,122,134,127,128,129,126,124,123,127,125,121,121,126,127,129,127,125
127,132,120,129,130,131,131,130,127,131,128,130,133,128,136,129,123,128,132,134,128,129,133,130,123,128,133,131,130,132,136,127,122,126,128,131,129,129,131,124,118,126,131,131,132,135,131,129,131,125,129,132,133,135,123,131,125,128,120,125,126,124,126,118
126,127,128,128,127,125,123,122,127,122,122,124,123,119,124,127,128,128,120,114,113,126,122,127,125,130,123,125,126,120,122,128,127,127,124,119,118,123,126,127,128,128,123,120,118,119,116,123,123,128,121,120,120,116,119,127,125,127,123,121,123,125,120,124
127,123,113,127,127,128,126,127,125,132,130,126,126,124,123,127,126,125,130,120,121,122,123,129,127,122,124,117,121,124,117,124,128,121,122,124,119,123,124,126,118,118,120,123,119,119,116,122,132,128,125,125,123,127,130,126,130,127,135,125,129,127,122,113
127,131,118,130,129,130,131,131,126,130,129,129,127,130,127,130,126,127,125,129,127,126,126,127,122,129,125,118,127,125,124,129,121,128,125,127,130,128,126,129,115,130,122,123,123,121,122,123,121,127,122,123,125,126,127,119,122,126,125,123,129,127,126,114
131,133,129,136,132,131,133,129,130,132,121,126,125,122,126,132,128,127,121,122,121,129,127,129,123,132,125,128,129,128,128,128,124,133,127,127,127,127,127,127,126,134,121,119,118,122,124,129,125,133,126,126,123,128,127,142,121,132,124,127,127,128,124,123
129,132,132,129,129,130,130,130,128,130,128,127,128,129,130,128,126,129,129,127,129,128,130,126,125,130,128,127,128,128,130,127,125,129,129,129,130,130,129,128,128,127,130,129,129,130,130,133,125,127,130,131,129,130,127,134,127,131,129,124,122,123,121,128
125,118,131,122,125,123,128,124,122,115,118,121,121,123,127,125,125,120,120,115,122,127,125,121,122,123,117,126,124,121,124,127,123,122,126,124,125,127,126,127,130,123,123,122,123,120,119,118,124,124,121,126,129,128,126,113,126,121,120,125,126,126,133,139
130,130,122,127,131,128,134,131,128,125,124,127,127,129,126,129,128,124,122,124,125,121,127,126,125,129,122,118,127,124,116,126,122,129,124,119,121,124,124,127,119,127,123,124,123,121,120,123,121,122,119,121,122,124,123,127,127,123,118,126,129,130,131,120
128,118,130,131,125,125,126,124,118,122,122,126,121,120,120,124,121,124,120,120,122,136,120,125,122,125,126,135,128,129,132,130,124,125,126,128,132,127,126,127,130,124,128,129,125,125,123,125,128,132,123,122,122,118,124,129,131,132,125,132,133,133,133,131
125,119,125,125,126,125,128,125,126,133,131,128,130,126,132,129,124,128,129,130,128,124,128,129,122,123,131,127,126,128,132,124,122,128,126,125,125,124,132,126,125,126,128,132,129,127,133,128,119,123,129,130,136,137,129,122,127,121,113,127,125,127,127,129
126,122,127,125,123,127,125,120,127,122,128,130,126,131,125,125,127,126,128,129,127,129,126,128,127,126,125,127,126,126,132,127,127,126,126,128,127,125,128,127,127,127,128,125,125,125,123,130,130,132,124,123,123,122,121,133,128,131,123,125,125,128,127,125
127,126,129,130,126,127,124,128,124,120,123,125,122,123,117,124,125,121,118,119,121,129,122,128,126,124,120,127,125,126,126,127,129,123,122,124,125,124,124,127,131,125,122,120,123,121,120,124,135,127,128,127,127,126,128,125,127,125,128,130,130,129,129,125
126,122,106,128,129,131,126,124,129,133,136,133,132,135,130,132,132,134,137,137,134,125,130,131,130,132,134,120,125,132,127,128,130,136,134,133,129,131,127,128,112,138,139,144,139,137,139,131,128,134,135,134,136,137,123,120,121,124,123,124,125,123,124,100
128,124,123,120,122,122,126,122,129,124,126,127,122,126,120,127,128,127,127,128,125,122,123,126,128,127,127,128,124,126,125,123,124,128,124,128,125,127,128,125,128,126,125,123,120,126,127,126,134,127,129,127,126,124,126,117,123,125,125,130,126,124,126,128
127,130,121,124,126,124,130,129,127,130,126,128,128,123,125,130,127,128,127,129,129,123,129,130,127,133,128,122,128,131,130,127,121,130,128,125,127,129,126,128,119,128,128,126,126,129,128,128,125,124,128,128,127,127,125,133,130,127,122,122,124,127,125,125
124,123,122,118,119,121,119,117,125,124,129,128,128,127,128,123,127,128,132,134,130,125,130,129,127,123,130,126,125,130,129,123,125,123,128,127,127,128,124,122,130,122,129,134,131,130,130,119,127,129,125,125,124,119,121,119,124,124,126,124,125,127,126,127
123,128,125,128,130,128,126,127,126,125,128,131,129,131,129,128,126,128,132,127,130,130,132,127,125,124,128,126,127,126,129,127,126,126,129,127,129,130,130,127,126,123,125,131,129,129,132,128,125,126,128,131,133,132,123,123,126,126,124,122,122,122,127,122
132,130,134,130,129,128,129,132,123,128,127,127,127,128,129,130,123,129,119,119,124,129,122,130,125,128,121,132,130,124,131,126,130,131,127,127,128,127,129,130,130,128,127,125,125,127,130,128,125,128,127,128,128,124,126,132,130,130,128,123,126,130,132,132
130,130,142,130,126,129,129,125,130,130,124,129,127,129,130,127,132,132,132,132,132,132,134,128,136,127,130,136,129,129,134,130,136,129,130,130,129,128,132,131,145,131,129,130,129,131,132,129,131,134,133,132,134,132,132,138,130,130,138,137,137,131,126,144
127,132,127,127,130,132,134,128,128,129,123,129,128,128,133,126,126,126,127,131,123,125,127,125,125,126,131,129,131,133,130,124,130,128,127,126,127,127,126,124,124,129,131,129,131,127,128,129,123,128,130,128,127,127,131,134,128,128,135,127,128,127,129,121
127,126,128,127,126,127,125,126,128,124,125,121,122,127,123,129,128,127,123,119,125,126,122,128,127,125,121,119,127,122,114,127,126,127,129,129,131,130,123,130,126,127,125,125,126,124,126,129,127,124,129,131,130,132,122,130,127,121,119,120,125,126,124,126
123,123,128,126,129,131,126,120,125,133,132,130,133,134,129,126,125,131,132,139,133,117,132,128,125,129,133,124,130,134,136,121,125,127,129,130,132,132,130,126,127,126,133,138,136,133,134,125,127,125,134,135,133,135,126,130,126,121,127,129,125,125,124,132
129,121,125,128,128,125,126,126,127,121,123,128,125,128,129,125,126,126,126,130,127,128,132,124,126,125,129,132,128,125,131,128,121,124,128,129,130,129,129,126,121,123,126,127,123,123,127,125,130,124,125,123,125,124,129,130,128,128,128,126,129,128,127,125
132,130,124,124,129,131,128,127,129,130,131,129,134,132,139,128,130,131,136,134,135,126,135,128,130,127,131,126,127,128,133,123,125,129,131,131,131,129,129,127,121,127,128,133,134,131,136,134,131,130,131,129,129,131,131,128,130,130,130,130,130,127,123,125
130,129,128,125,124,124,122,127,129,127,123,124,124,126,124,128,127,125,122,122,124,126,121,126,125,129,124,124,126,125,119,128,124,128,124,122,125,127,128,129,124,129,123,126,125,120,123,128,127,130,128,128,129,129,129,130,128,135,134,128,129,130,128,122
134,123,133,125,126,126,127,129,128,126,124,123,128,128,130,130,126,125,131,130,131,130,129,129,127,129,133,133,131,129,128,133,125,126,130,130,127,129,128,131,128,123,132,127,126,126,131,128,125,119,131,128,128,125,115,131,130,125,123,119,122,129,133,137
126,126,128,130,128,129,129,131,128,125,124,128,125,124,123,127,125,127,124,126,122,134,129,128,126,129,127,135,130,128,122,127,125,126,125,127,129,126,126,127,128,124,123,125,121,119,121,124,127,126,126,127,126,126,131,126,128,127,127,128,128,129,131,126
133,131,124,122,125,126,127,128,130,127,127,127,130,127,129,128,126,129,128,125,128,127,130,126,128,129,128,122,127,128,122,128,125,132,130,124,128,131,127,129,124,133,134,131,131,128,130,136,128,126,128,127,128,123,132,128,125,132,132,126,127,127,133,121
129,135,131,126,129,127,129,133,127,134,131,127,130,130,130,132,124,126,131,129,130,124,130,129,124,126,127,124,124,123,126,128,125,130,126,124,124,127,127,130,128,129,128,127,130,126,131,131,121,129,125,125,121,126,126,138,121,132,128,122,121,123,127,127
130,133,123,122,123,126,130,135,125,126,130,126,125,126,125,129,127,124,127,125,127,134,125,129,128,124,122,125,127,124,124,128,123,121,125,129,128,126,127,128,126,122,124,121,127,126,124,127,132,132,123,125,125,128,127,125,128,126,124,127,129,129,133,122
124,126,126,121,123,123,127,128,126,124,131,127,126,124,128,128,123,128,127,122,125,127,127,129,123,121,126,126,125,122,125,124,126,121,127,126,130,127,124,124,131,123,130,124,126,129,135,128,123,127,132,126,125,121,127,130,126,127,120,121,120,123,125,129
127,128,135,137,129,132,132,136,122,137,129,128,127,126,131,132,123,129,125,131,127,129,129,132,124,130,130,131,127,131,130,130,126,127,123,128,129,128,130,129,128,125,133,132,131,130,129,135,123,125,130,129,132,131,133,132,129,134,135,129,131,129,128,130
124,123,129,127,123,122,123,133,123,126,124,120,120,125,120,124,127,121,124,117,120,127,120,125,129,123,118,125,122,120,117,124,130,123,123,123,127,125,118,124,130,127,118,115,120,121,120,122,132,131,132,129,125,126,127,115,124,120,126,128,131,129,128,131
124,126,121,126,128,128,131,128,126,132,128,123,127,123,134,127,124,128,126,122,122,125,126,123,127,125,126,127,124,124,125,125,128,125,124,122,120,123,127,124,124,123,125,128,125,124,129,122,125,123,122,127,124,127,125,120,128,124,127,126,123,126,126,128
127,120,120,119,123,124,124,124,127,121,124,127,127,127,128,123,129,128,121,123,125,118,126,123,130,125,124,120,125,120,123,121,135,125,126,124,126,126,127,125,131,130,130,130,131,125,130,129,137,131,125,125,130,131,130,123,124,122,122,134,133,129,126,121
125,130,134,129,125,125,125,133,128,123,121,122,123,125,126,124,127,124,124,119,120,123,123,122,130,123,122,129,126,122,126,123,130,123,126,124,127,127,125,123,137,126,122,125,125,123,127,121,133,127,126,127,127,125,123,125,125,127,132,130,128,127,123,137
126,128,128,132,128,127,128,130,127,133,130,133,132,132,134,128,129,131,134,133,131,137,135,130,129,132,131,133,133,132,135,131,128,134,132,136,134,135,135,132,127,134,133,136,134,134,133,132,127,133,133,132,132,130,127,130,129,128,130,121,121,122,124,129
125,124,123,127,128,129,132,122,125,130,125,123,129,123,132,130,121,126,130,130,127,117,128,123,120,128,129,122,126,130,132,126,120,127,124,121,123,126,133,126,118,128,126,132,133,128,127,124,123,131,120,126,126,128,132,124,125,123,129,129,128,125,128,124
130,126,118,125,130,129,131,135,128,131,134,129,129,130,131,133,127,127,127,132,129,119,123,128,128,125,130,123,125,126,126,125,128,128,123,125,120,124,124,128,122,128,128,126,128,127,125,126,126,126,128,126,126,125,132,135,131,127,128,136,134,127,130,118
126,129,126,126,130,125,130,134,129,125,126,126,129,127,132,127,125,125,129,131,127,118,126,126,124,125,129,123,127,129,130,124,126,125,126,126,123,127,126,123,125,124,126,128,131,127,122,122,124,125,124,125,126,127,130,128,124,127,126,129,126,122,126,123
132,130,119,118,119,121,124,130,127,123,127,122,122,124,127,124,127,124,126,127,124,123,126,125,127,125,124,120,123,123,124,123,126,125,124,125,125,122,122,127,120,126,123,120,121,126,121,123,125,125,126,122,126,123,132,123,127,132,130,132,131,129,129,123
128,127,128,135,129,131,124,123,128,124,127,129,130,126,122,130,127,127,122,131,127,132,126,125,127,129,127,130,129,129,124,132,125,127,125,130,130,130,125,127,125,125,120,118,118,118,119,119,128,122,124,125,127,122,125,122,132,129,129,133,133,129,135,127
129,130,129,128,128,128,127,135,126,124,123,124,125,125,129,131,124,126,120,122,122,127,126,129,125,125,124,126,124,124,126,129,124,126,125,123,122,123,124,127,129,127,125,125,127,123,125,129,133,137,126,123,124,125,132,145,127,135,133,127,125,127,130,131
129,131,134,130,129,124,126,128,130,131,127,127,129,125,126,125,131,130,122,127,125,129,125,130,131,134,127,135,127,130,135,131,126,129,121,123,123,123,128,126,130,127,125,125,123,124,129,127,126,128,130,127,126,129,130,121,128,125,127,129,125,127,131,134
124,121,126,122,125,122,119,119,122,122,124,126,126,127,123,122,126,124,122,124,128,130,126,125,127,124,122,126,124,120,121,122,131,123,124,126,125,124,125,122,132,123,120,118,121,127,125,122,130,123,127,125,126,126,123,116,131,120,121,127,125,125,130,131
126,127,129,123,125,123,124,131,130,117,115,121,122,122,124,125,133,129,124,122,121,129,126,125,134,127,128,135,129,132,136,127,130,123,130,128,127,126,128,128,131,125,126,134,135,127,123,123,136,133,129,132,135,136,132,128,124,127,129,136,136,130,130,129
130,127,119,122,123,121,129,132,125,118,119,123,120,120,123,123,126,124,121,115,123,119,127,123,125,125,122,118,124,120,128,125,131,123,126,122,122,122,128,126,125,122,126,120,120,123,123,125,131,124,124,121,121,117,128,129,129,130,128,125,128,130,129,125
129,130,137,128,129,126,128,131,131,128,130,128,126,128,125,129,128,127,126,133,130,126,123,128,129,128,128,129,124,130,127,125,127,129,128,130,132,129,125,129,133,127,128,133,136,130,126,128,130,127,134,131,130,135,129,127,127,120,125,128,131,129,130,141
126,126,109,120,121,125,130,120,126,126,132,127,130,130,135,124,127,126,134,128,130,122,134,124,123,122,130,114,125,126,137,122,123,120,127,125,125,126,133,120,113,123,133,132,133,134,132,128,120,120,123,121,129,125,125,130,125,117,123,120,124,121,120,108
122,123,125,126,128,128,125,122,127,123,121,126,123,123,124,127,127,125,123,122,123,127,123,126,126,127,125,126,124,125,123,126,129,129,127,127,127,128,124,127,129,131,122,129,127,130,131,130,127,128,127,128,130,129,127,129,128,128,125,122,123,124,127,127
128,127,133,131,131,130,130,126,129,123,126,127,125,129,122,128,126,125,125,122,124,129,126,128,126,130,123,124,127,127,123,128,126,130,131,129,131,128,127,127,125,128,123,122,129,127,126,125,125,126,130,129,131,133,125,125,128,128,122,122,120,124,125,130
126,125,123,122,120,119,121,129,124,122,131,127,126,129,124,121,123,128,131,128,132,134,128,125,123,124,127,131,130,125,125,125,128,122,130,128,129,127,125,123,127,121,127,129,124,124,128,124,127,125,126,126,129,122,128,128,130,130,134,133,135,133,131,125
128,123,126,125,123,127,128,125,122,127,130,130,131,132,124,127,122,126,123,126,127,129,124,132,119,122,126,129,126,126,125,125,125,123,122,122,122,122,123,124,126,125,130,124,126,126,128,132,130,134,128,128,129,128,133,126,130,132,127,133,132,130,131,128
126,122,128,121,125,124,120,122,130,126,127,125,128,131,130,128,128,126,129,129,129,126,126,127,128,122,128,128,129,132,131,124,128,124,131,132,131,135,128,125,130,126,131,136,139,138,136,124,125,130,136,133,134,132,127,133,127,131,119,126,129,128,136,130
123,128,131,123,126,128,130,121,128,123,120,127,126,126,129,129,127,127,122,124,126,124,130,126,125,127,125,121,125,123,130,127,127,126,127,122,126,126,132,129,129,127,128,125,125,129,132,129,124,132,126,127,130,127,131,127,128,130,130,130,127,127,127,133
131,132,127,125,126,125,127,123,125,128,125,131,126,127,129,125,124,128,129,130,126,123,130,131,122,126,128,120,125,127,122,126,126,126,129,131,129,130,125,126,126,128,124,128,125,126,131,128,126,134,132,131,130,130,128,127,123,126,134,128,127,124,122,127
126,138,101,133,133,128,132,136,129,131,124,127,132,124,131,133,128,127,128,133,125,120,126,127,129,130,132,111,132,135,127,126,126,128,130,135,129,133,133,130,103,125,133,135,132,132,132,128,127,124,131,133,129,129,133,129,128,129,138,132,132,127,132,97
127,120,124,130,127,125,125,121,127,120,130,131,130,129,133,126,128,128,130,137,131,129,135,130,129,129,135,130,130,132,132,129,128,129,130,132,132,128,127,131,124,134,131,135,134,131,127,126,131,130,131,131,133,133,134,129,127,125,131,127,128,128,129,119
127,125,127,120,123,122,123,120,121,120,123,124,121,123,118,126,122,121,123,124,123,122,119,127,118,123,121,122,124,120,118,125,122,122,122,121,122,121,119,127,123,128,121,118,120,122,123,127,132,131,123,123,121,124,123,126,128,125,123,122,118,120,120,131
130,131,133,131,130,130,125,123,134,127,132,134,134,126,133,124,132,126,134,127,124,132,129,125,137,130,129,135,130,128,130,128,136,130,130,131,130,131,130,127,136,132,129,131,134,138,131,130,135,130,127,128,126,130,131,128,131,125,124,128,129,130,126,131
126,134,130,126,127,130,127,130,125,130,130,127,128,130,128,129,124,124,129,128,129,127,129,127,125,123,126,125,122,121,121,127,124,122,124,122,122,121,124,125,125,123,131,125,126,129,125,126,122,127,123,125,124,123,119,119,126,123,129,122,123,124,125,128
127,123,124,124,125,124,124,124,123,123,122,126,125,127,123,122,126,122,127,130,128,129,127,124,126,122,126,129,128,128,128,126,127,120,125,128,127,126,126,123,122,119,124,128,130,124,127,121,126,126,127,129,127,127,128,131,129,126,125,125,129,130,129,123
126,125,120,118,125,126,127,120,128,125,130,125,126,125,128,125,128,125,122,125,123,117,126,125,127,122,121,118,122,121,118,123,123,124,121,121,124,123,122,125,121,126,123,126,126,122,125,130,126,127,121,123,122,122,124,131,126,131,130,124,123,126,135,124
129,127,125,129,127,127,124,122,128,129,128,129,130,127,129,128,131,129,130,129,131,129,129,128,131,127,130,129,126,129,128,129,128,127,131,129,128,128,130,128,129,127,130,132,135,129,130,126,119,124,126,129,130,128,130,124,127,127,130,128,132,128,127,125
125,125,129,126,128,127,126,129,126,122,126,123,123,123,123,127,124,124,124,119,121,130,127,125,125,123,125,127,124,121,122,126,124,124,126,128,126,124,123,125,125,126,127,117,121,125,127,129,124,125,123,123,121,120,124,122,127,121,125,124,126,125,127,127
128,124,124,128,124,126,128,128,127,126,126,129,129,126,128,127,129,126,128,127,124,127,128,130,127,125,130,127,133,132,130,129,130,124,128,128,127,128,129,128,126,125,122,123,125,125,124,121,126,125,127,126,124,125,121,128,125,122,120,128,128,129,123,120
130,133,126,125,125,125,127,131,131,130,126,122,124,120,125,130,131,129,122,119,120,118,121,128,132,129,124,120,122,121,121,128,129,128,124,118,121,121,122,130,126,131,121,122,123,119,123,131,135,134,123,124,126,128,135,131,128,134,135,135,135,130,129,130
128,122,140,127,130,128,127,118,133,129,128,128,128,130,127,131,130,130,132,129,130,127,128,129,130,128,127,131,126,125,125,130,132,129,130,123,120,124,122,129,139,132,127,125,130,128,128,132,129,126,124,124,126,130,128,117,128,124,125,129,127,128,127,142
124,120,128,124,121,124,127,126,123,122,128,121,124,126,129,127,124,127,126,125,126,131,127,131,126,124,126,132,131,129,125,128,129,120,128,129,132,128,126,123,132,122,124,123,126,121,117,120,121,121,123,124,123,121,126,121,126,121,132,129,132,132,127,134
129,120,124,119,120,124,122,126,123,121,127,125,124,124,123,127,124,124,125,124,125,127,124,129,125,123,124,124,127,123,122,124,128,121,126,129,129,127,127,124,128,122,124,122,122,127,128,125,125,125,127,127,125,123,124,121,129,127,125,124,124,125,125,129
126,122,128,129,132,130,130,133,129,126,127,129,129,123,128,129,131,128,129,132,132,132,131,132,130,128,130,126,127,129,122,130,127,128,131,129,131,128,124,130,128,129,126,124,129,126,126,128,131,129,132,131,130,133,130,130,129,130,129,134,132,129,131,130
127,128,120,127,127,128,129,128,120,131,135,133,133,133,130,124,121,128,133,135,135,129,130,129,120,127,128,128,129,131,133,127,123,131,129,130,127,127,129,128,120,129,135,134,132,135,134,131,124,130,131,127,130,131,128,129,124,130,128,127,125,123,123,119
126,125,129,126,126,128,128,129,125,125,125,126,126,125,128,127,128,125,126,127,128,125,130,128,130,126,126,124,123,123,120,127,127,128,125,125,126,124,124,123,126,128,125,120,122,123,123,125,130,127,122,119,119,120,127,119,123,124,129,126,125,127,126,127
126,130,130,127,126,123,126,127,134,135,126,127,131,128,130,129,133,128,132,136,133,127,126,129,133,129,133,135,128,130,125,129,130,132,127,129,124,126,126,126,136,129,128,128,133,135,135,135,134,125,135,130,131,136,128,142,126,131,131,127,126,126,131,132
131,129,127,130,129,129,131,129,129,129,131,132,133,134,131,132,129,131,129,130,130,129,127,128,128,128,130,130,130,129,130,129,128,127,128,126,126,127,130,128,126,126,128,126,127,128,126,125,126,126,127,125,128,124,130,129,127,130,131,131,133,131,131,129
129,128,129,135,132,131,131,137,129,127,124,131,126,126,124,132,129,127,123,127,125,134,126,132,130,130,125,134,128,130,129,131,132,129,128,133,133,128,127,132,133,126,122,123,120,124,126,127,125,121,130,126,126,124,127,131,130,129,133,131,128,127,127,125
131,131,126,130,128,127,130,136,128,129,131,128,128,124,133,128,129,129,132,130,128,127,130,129,131,131,130,128,130,132,135,130,130,130,130,130,128,128,131,129,128,131,133,130,130,129,131,131,131,133,133,131,129,133,134,141,127,134,135,133,133,127,126,121
131,132,139,129,130,130,136,136,130,133,132,128,133,133,134,130,128,128,133,132,135,127,130,124,128,124,128,127,125,127,124,125,126,125,126,126,128,127,125,125,135,126,128,128,128,132,127,126,126,128,129,127,130,128,133,136,125,135,136,130,132,129,128,133
119,128,125,125,126,130,132,123,122,132,133,129,129,127,130,127,118,126,131,139,135,129,131,127,117,124,127,125,126,127,128,126,119,125,125,125,127,125,129,126,119,127,127,130,130,128,126,129,117,126,123,126,128,132,133,127,128,129,133,131,133,129,128,127
130,121,120,124,128,126,126,125,126,126,128,127,129,129,127,127,128,126,127,124,127,126,126,129,130,126,125,120,125,124,126,128,125,125,123,124,125,126,122,121,118,123,125,132,128,126,124,119,125,123,121,121,125,125,126,122,124,125,123,127,129,127,131,121
122,125,114,121,126,124,125,129,124,120,120,121,122,122,122,125,123,122,122,124,124,117,121,123,122,122,125,117,126,125,125,123,122,122,123,128,122,125,126,123,115,123,124,127,123,125,125,124,120,120,120,119,125,123,125,131,124,121,124,125,122,122,127,113
128,134,127,128,128,132,132,134,127,129,131,131,128,131,128,127,123,129,127,131,134,127,129,128,124,126,126,128,129,126,124,129,126,125,123,124,128,124,125,126,125,127,125,124,125,128,125,128,130,129,123,124,126,129,126,133,125,134,130,133,130,130,124,121
127,130,129,129,129,129,133,125,125,129,124,125,129,127,129,128,126,130,128,128,127,121,125,126,120,128,128,127,126,129,128,128,123,119,123,123,125,125,126,125,127,117,122,127,124,126,126,120,122,127,124,128,128,122,118,110,128,119,116,122,122,128,128,130
126,129,128,122,118,121,122,119,129,128,124,120,120,125,125,123,128,127,123,122,119,129,120,122,129,125,124,128,125,123,125,122,130,124,124,125,125,125,129,123,133,127,124,120,122,121,119,123,131,129,123,128,128,124,129,122,131,126,129,131,131,131,133,130
131,131,135,129,128,128,127,125,128,125,126,125,123,132,120,124,127,125,124,117,126,128,126,125,129,126,121,130,129,120,125,127,131,125,127,126,129,129,125,126,135,128,126,122,124,128,126,123,133,128,129,127,127,127,123,111,130,129,125,129,126,127,128,135
127,124,130,128,127,130,130,127,129,131,129,127,130,128,126,130,131,130,128,128,128,126,126,127,129,127,126,127,125,128,125,130,128,128,123,123,125,125,128,130,131,127,127,124,128,129,122,131,130,130,124,126,126,128,131,125,126,129,128,133,130,129,127,130
131,125,129,127,125,122,120,119,124,118,120,125,121,123,119,120,125,124,116,115,120,128,120,127,125,125,124,127,127,122,123,127,129,121,127,122,128,126,125,123,127,124,122,117,119,118,117,121,126,121,129,126,124,122,125,122,128,128,127,123,119,124,124,123
127,119,121,128,124,128,122,116,128,120,122,131,125,128,126,128,132,132,129,128,130,134,127,132,134,130,127,129,132,130,130,132,134,133,133,134,137,131,132,132,126,132,129,126,130,133,130,129,133,126,132,132,127,132,130,121,128,123,124,124,123,128,125,117
134,126,128,127,127,128,128,127,130,124,121,118,123,124,119,127,132,128,125,126,129,126,121,129,132,128,125,123,124,125,124,127,134,127,128,125,126,125,124,128,132,127,129,128,126,125,125,126,133,131,122,124,126,128,125,127,125,133,132,137,134,131,129,128
131,128,129,128,126,126,126,133,125,120,124,122,126,129,125,124,126,123,129,130,131,130,128,129,128,123,124,124,124,126,126,127,124,121,129,129,130,128,122,124,126,123,125,126,131,130,125,130,129,131,130,127,131,133,136,142,126,137,136,134,136,133,137,123
131,127,127,130,130,129,123,129,128,127,120,127,124,129,123,129,129,126,125,124,129,138,125,130,131,128,126,130,124,126,120,133,133,124,125,130,131,128,121,127,130,125,125,125,125,127,128,126,127,120,125,123,125,122,123,122,127,125,121,130,132,130,136,128
123,121,135,130,127,128,126,125,128,125,122,128,128,126,128,133,126,129,123,128,124,131,129,131,121,129,132,133,129,132,130,131,121,125,131,132,130,128,134,130,130,124,131,126,128,131,130,131,119,122,128,128,127,127,132,137,126,124,126,122,126,128,126,134
128,129,130,130,129,127,126,131,131,125,123,123,122,122,125,133,133,128,121,120,124,128,122,130,134,131,123,127,128,130,127,134,134,131,129,128,129,126,128,134,132,131,120,121,125,121,124,132,129,132,127,128,127,126,132,134,128,133,134,131,130,129,126,127
128,123,120,122,126,128,122,123,122,120,124,122,125,122,124,127,125,126,129,124,122,126,128,130,123,127,131,127,129,129,125,124,126,126,128,126,128,129,127,126,124,127,130,125,130,130,127,133,124,131,130,130,130,132,130,133,124,131,124,124,122,121,125,123
122,116,107,117,115,115,118,119,115,119,111,116,115,111,116,124,117,121,113,109,108,106,114,122,112,124,116,104,121,115,109,121,113,122,119,117,116,119,119,124,101,118,114,106,108,110,113,122,113,117,118,116,112,108,115,107,124,114,112,116,119,122,121,116
129,127,116,127,126,126,129,138,127,128,132,132,130,131,131,128,132,126,132,134,131,133,132,131,134,127,129,126,130,132,137,129,134,129,132,133,134,132,128,133,129,132,130,127,128,130,133,134,129,129,127,126,126,127,129,130,126,130,118,125,126,125,126,116
135,131,135,137,129,130,127,132,140,136,138,134,130,128,131,136,142,136,135,134,130,139,131,133,145,137,132,141,134,131,131,137,144,139,131,138,137,134,131,137,147,141,135,132,135,138,135,135,136,134,138,136,136,138,125,123,132,124,123,133,136,133,133,131
128,135,128,132,134,135,138,134,130,132,124,125,130,124,134,129,127,129,120,119,119,122,127,126,128,130,123,124,126,128,131,127,128,130,123,120,123,125,132,127,125,130,125,125,124,122,127,124,135,134,124,130,132,132,127,127,131,120,124,127,129,128,127,125
119,120,119,122,124,124,122,114,128,121,134,129,130,128,124,122,132,124,132,131,129,128,129,128,132,124,127,123,128,127,135,126,127,122,126,127,129,127,127,126,122,126,128,130,131,128,130,123,130,126,128,128,126,127,130,119,124,122,121,126,128,125,125,118
133,126,126,132,128,125,123,127,133,122,120,121,120,117,117,127,132,124,113,114,110,122,118,124,131,127,120,125,126,118,115,128,132,127,121,122,124,123,122,126,128,129,117,113,110,111,111,122,129,127,121,123,119,120,118,114,134,123,118,123,118,127,127,124
125,132,127,127,127,130,127,118,128,131,129,123,124,125,124,127,128,128,134,127,128,118,127,122,127,128,129,122,123,132,126,124,127,133,131,123,122,125,127,130,125,134,130,132,135,132,131,134,129,136,128,130,132,136,134,124,124,130,132,134,133,129,131,127
128,125,131,126,125,127,123,125,126,123,127,123,127,128,127,130,125,130,133,126,132,134,129,129,129,130,130,134,129,127,131,135,128,124,130,131,129,129,127,128,128,123,120,117,122,124,131,126,125,121,135,134,134,129,126,127,126,125,125,124,127,128,129,128
125,131,132,124,126,126,130,123,130,126,126,129,130,129,130,128,130,125,131,137,138,126,134,124,130,125,132,135,127,134,137,125,125,124,130,130,127,130,130,122,132,126,131,137,139,141,131,125,120,123,130,129,132,133,130,131,125,127,131,129,126,121,126,132
132,123,126,127,126,126,124,125,124,132,126,128,127,125,129,125,125,124,124,126,125,128,125,124,128,124,124,126,123,123,127,126,132,127,122,128,125,127,128,125,134,127,122,126,122,125,128,127,127,124,126,123,121,122,126,126,126,128,123,130,128,128,132,130
127,125,126,127,126,126,126,128,123,128,128,127,127,129,128,131,120,127,133,138,135,124,129,127,118,125,130,128,126,129,130,127,119,123,125,129,127,126,125,126,122,120,128,134,135,131,130,124,115,120,124,126,127,129,129,120,126,120,125,128,129,124,127,129
132,128,114,126,133,130,131,136,122,119,128,129,129,127,127,128,121,127,130,130,128,119,129,128,120,127,127,115,128,128,131,125,125,125,126,127,128,130,126,127,117,126,129,129,130,131,124,125,124,123,126,129,129,131,122,127,123,123,117,121,118,122,122,114
124,130,129,127,129,129,130,121,128,131,128,125,130,127,131,128,126,125,124,125,121,120,128,125,125,130,130,125,124,128,125,126,124,133,122,122,118,123,124,128,125,133,124,128,124,121,124,130,128,129,122,123,127,128,124,116,125,125,118,129,123,123,128,130
124,132,128,128,127,126,127,125,126,126,127,127,125,124,125,124,125,125,121,119,120,126,122,125,125,125,123,122,125,122,122,125,129,127,122,124,123,124,123,126,128,131,123,121,123,123,124,126,136,135,124,125,122,124,125,130,127,134,133,127,130,127,129,125
128,133,129,134,129,127,127,134,127,130,129,130,131,127,130,127,132,129,133,131,129,134,132,128,131,132,131,133,133,130,128,134,133,130,129,132,131,130,128,132,134,129,130,130,129,130,131,132,130,129,128,128,128,129,125,123,128,122,123,125,126,128,126,130
119,109,130,126,123,124,124,116,123,122,127,129,127,128,127,122,127,125,125,127,127,132,129,129,130,122,129,134,129,129,124,127,131,119,128,132,128,129,126,128,141,118,128,132,132,128,129,126,137,120,126,126,125,125,128,123,126,123,129,127,130,130,131,132
128,124,126,123,121,121,121,133,122,122,127,129,125,128,120,126,123,124,123,119,126,126,128,125,122,126,122,122,127,126,127,124,126,124,126,129,126,126,124,126,125,123,121,116,115,124,124,124,122,124,127,125,124,120,121,122,125,125,119,126,126,128,123,124
125,120,123,125,125,123,120,124,127,124,125,125,125,126,123,128,124,127,125,122,120,121,125,126,124,127,122,120,123,121,121,126,124,131,129,131,130,128,123,130,125,127,126,121,123,127,128,128,122,126,131,132,127,126,124,126,123,124,121,126,126,127,126,125
127,133,129,131,132,130,130,130,128,126,132,129,129,132,128,130,131,127,122,128,129,129,128,128,132,128,126,131,128,130,132,128,127,130,126,130,130,130,134,130,126,126,122,124,128,125,132,129,127,127,131,130,133,131,135,129,132,133,133,137,141,136,133,129
133,132,133,132,133,134,134,136,130,135,126,129,132,129,134,134,129,131,128,127,128,133,131,134,129,132,130,136,133,129,130,130,127,133,131,131,129,131,129,130,127,130,131,132,131,133,133,133,120,126,130,129,126,127,125,128,127,131,131,122,126,125,123,126
128,131,132,133,130,127,128,133,129,138,126,125,123,123,130,128,128,131,122,130,126,129,126,128,130,130,129,131,128,130,132,127,122,133,126,129,126,125,126,126,124,131,126,127,123,125,124,125,124,129,123,123,122,125,123,126,124,128,122,122,125,125,121,128
129,123,130,128,127,125,124,123,124,126,133,131,134,131,127,124,125,126,132,133,133,130,124,122,125,125,129,132,129,132,126,122,124,124,130,131,130,130,130,121,122,125,131,131,128,131,127,120,132,128,134,133,131,128,130,127,128,130,134,140,141,137,133,131
126,130,129,132,130,131,128,128,127,130,128,130,126,132,130,131,127,130,131,132,131,131,128,131,128,126,129,130,129,125,127,130,128,125,130,132,133,130,130,128,127,124,129,129,127,127,131,127,129,123,130,131,130,126,128,127,128,128,131,130,131,131,131,128
125,125,127,123,124,124,127,132,122,127,135,130,132,133,133,127,124,125,133,128,130,124,134,129,124,126,131,123,126,127,137,126,121,124,127,125,127,125,126,126,123,125,132,128,129,128,127,127,127,126,129,128,128,124,124,127,126,122,125,123,124,120,118,126
126,121,122,120,123,122,122,120,121,124,123,124,125,124,122,121,120,123,121,123,123,121,123,123,121,120,127,126,125,126,126,120,122,119,121,124,124,122,123,119,121,119,122,124,123,122,120,119,122,116,119,121,123,119,119,115,127,117,114,120,124,125,126,123
125,125,125,130,127,127,128,128,124,121,128,126,124,127,126,126,131,127,126,133,125,133,124,132,133,126,132,134,129,133,135,130,136,124,124,127,128,127,129,127,135,126,128,131,131,125,123,123,128,124,125,125,126,126,125,116,124,122,120,129,130,128,127,127
126,120,108,118,123,125,125,124,127,122,122,125,125,126,125,125,128,131,116,126,122,111,124,126,127,125,126,110,123,120,122,124,121,126,122,123,122,121,130,128,108,124,126,122,120,117,125,126,118,127,120,120,116,114,116,120,124,116,116,115,114,119,124,110
130,129,129,130,124,126,129,133,128,127,133,130,130,131,132,129,129,130,134,136,136,134,135,135,129,128,134,139,134,133,140,132,130,126,132,132,132,131,133,127,128,127,133,132,134,136,135,132,128,129,135,132,131,128,124,130,129,118,121,122,121,127,127,128
128,129,134,128,130,129,129,130,130,135,127,125,126,130,132,131,131,132,124,120,123,128,128,131,129,134,123,128,124,122,122,126,126,138,124,124,122,125,126,130,131,135,125,125,121,123,132,136,126,128,131,129,129,126,134,133,124,135,134,125,126,127,133,138
123,121,127,131,127,128,127,127,120,124,125,124,124,122,126,126,124,127,125,124,122,129,125,125,122,128,123,128,128,127,129,127,123,125,124,127,129,126,126,126,125,124,123,127,124,123,123,128,121,121,121,126,127,126,128,124,125,122,125,128,125,126,122,126
130,126,130,127,122,123,124,130,125,122,122,126,124,125,123,128,125,125,120,121,124,131,124,131,127,126,123,131,127,125,124,131,126,126,127,126,126,125,124,129,132,126,127,122,122,123,123,129,126,129,127,125,122,122,124,128,131,126,122,123,123,125,127,132
128,123,124,119,120,123,122,122,126,127,128,128,126,128,125,122,125,124,120,122,124,126,129,124,125,121,121,119,124,122,123,122,128,120,125,128,127,127,123,121,125,123,124,124,118,122,122,121,124,122,126,124,122,115,115,125,126,131,129,123,120,125,126,124
127,127,118,128,129,130,132,133,127,130,133,130,132,131,131,126,125,129,137,131,135,127,133,124,126,129,128,123,128,126,132,129,126,128,131,130,128,128,129,126,120,128,131,132,127,131,136,129,129,126,129,128,129,128,129,120,127,125,125,129,129,129,126,116
125,119,130,129,127,126,124,123,119,122,132,130,128,129,124,123,121,122,127,131,132,130,124,128,122,123,126,132,129,123,126,128,125,119,124,126,126,125,127,127,129,121,130,125,126,127,122,119,122,120,118,122,121,123,125,114,127,115,119,122,126,129,126,132
133,132,117,125,129,130,131,128,131,131,125,125,123,123,124,129,129,127,123,122,122,122,123,127,128,126,126,123,126,125,128,124,126,127,127,125,127,127,126,125,119,129,122,124,124,127,122,127,132,132,126,126,128,124,129,127,125,131,128,127,125,126,128,115
116,114,122,126,129,128,126,118,117,124,130,134,135,133,132,126,119,128,131,138,137,135,132,127,118,124,133,133,133,132,129,124,123,124,133,137,135,136,131,124,124,120,129,130,130,130,130,121,112,115,130,130,129,125,118,116,128,112,113,116,120,124,124,129
128,137,131,131,128,129,130,134,127,130,124,130,130,127,129,128,123,124,124,128,129,125,128,127,121,127,129,128,129,132,131,127,123,127,125,124,125,125,124,127,124,126,130,130,129,125,121,127,130,131,124,125,123,125,132,127,128,129,131,130,129,128,129,125
128,128,127,128,126,125,129,127,128,129,131,129,130,131,127,126,126,127,132,127,131,124,132,126,127,126,130,123,126,128,128,128,124,127,129,131,130,129,127,127,123,126,131,129,130,132,134,128,118,126,135,130,131,128,128,135,130,135,135,129,129,126,128,129
129,133,132,135,134,133,136,136,129,139,133,129,129,130,130,134,127,130,133,134,135,136,132,127,127,132,127,135,129,125,132,130,128,133,129,134,130,129,127,129,130,130,127,131,131,132,135,132,126,128,135,131,134,137,130,126,128,126,127,124,124,125,128,129
124,120,122,121,123,124,124,122,125,123,120,123,127,121,123,125,124,126,125,119,123,128,121,124,129,127,122,125,128,124,119,127,128,126,126,126,127,128,127,127,127,127,124,122,120,123,124,124,128,128,125,128,125,124,126,121,129,126,131,136,135,132,131,130
129,127,123,121,124,126,126,131,130,125,134,131,127,124,123,129,133,125,128,131,131,133,127,127,133,124,125,128,131,126,126,129,132,125,128,130,130,129,130,130,131,129,128,126,124,126,130,130,126,133,131,131,129,126,131,135,126,133,128,130,134,131,131,124
130,133,132,131,132,131,133,137,131,139,142,138,138,141,141,136,129,138,144,141,143,143,144,136,129,135,138,142,136,138,140,135,128,136,139,138,138,137,137,134,130,135,140,139,141,143,141,141,131,140,142,139,139,139,135,150,134,143,141,133,134,131,135,133
129,124,122,132,129,130,129,130,131,125,125,129,128,127,129,132,134,131,122,122,119,131,126,132,135,131,126,129,131,127,124,132,132,127,126,126,131,130,127,128,125,128,127,116,116,122,122,126,129,126,123,126,121,125,126,128,127,125,129,128,128,129,127,118
124,125,140,129,132,131,132,120,130,135,134,132,130,126,127,131,127,129,130,130,130,129,133,124,128,130,125,134,123,126,121,126,129,134,128,124,125,125,132,128,136,132,132,132,129,124,129,131,132,128,125,125,129,130,132,122,127,119,133,133,131,123,127,146
127,126,132,128,133,129,126,120,129,129,123,125,126,123,126,129,130,129,124,125,120,126,127,126,129,128,126,133,126,124,126,130,128,130,129,131,130,131,130,132,132,132,125,127,129,126,127,135,130,131,126,129,127,132,134,132,126,128,133,128,132,128,132,131
129,129,129,130,129,129,128,128,128,126,128,131,130,131,128,128,131,127,128,132,129,127,127,128,129,128,132,128,129,127,128,130,129,127,130,128,129,130,128,128,129,127,124,127,127,128,123,126,127,126,127,126,125,127,126,130,130,134,129,132,132,133,133,132
136,145,133,134,131,131,136,150,134,134,131,130,126,128,129,133,132,131,131,133,130,130,126,131,135,133,127,129,133,130,133,133,132,134,128,131,131,129,132,132,131,134,132,129,132,131,130,137,144,145,132,133,131,136,139,150,130,144,144,133,130,127,124,130
130,130,147,128,126,131,134,138,127,125,122,124,125,130,124,130,125,128,125,122,124,131,126,130,126,127,125,138,127,128,131,131,130,126,123,124,125,124,123,126,142,125,122,121,119,125,123,123,129,125,122,121,119,119,122,120,125,128,119,118,119,124,119,145
127,125,128,122,122,122,120,118,131,124,131,130,127,131,125,121,129,125,131,129,129,128,127,122,129,123,132,128,130,131,131,126,123,120,128,129,131,133,127,123,128,123,132,130,132,133,127,122,121,128,130,129,131,127,126,131,125,126,121,125,126,126,124,122
128,126,128,127,128,129,128,130,127,125,124,124,125,125,126,129,129,125,124,124,126,126,126,128,129,126,124,125,127,126,126,129,129,124,124,124,124,125,123,126,129,127,123,124,123,123,123,126,126,125,122,121,122,122,123,128,128,125,124,125,125,125,126,129
125,117,128,127,128,128,127,126,130,118,122,120,124,125,126,131,129,128,121,121,127,125,120,130,128,129,125,125,124,126,120,131,128,132,126,125,125,123,123,132,129,132,124,123,124,123,122,130,121,122,128,123,129,124,124,124,127,125,121,127,126,129,126,132
129,133,135,131,129,126,130,132,133,128,127,125,125,125,128,129,129,130,129,127,127,127,126,127,131,128,126,131,126,125,127,128,128,127,127,129,125,128,127,128,132,131,129,128,127,125,121,124,131,134,125,126,122,121,123,134,126,134,130,124,125,126,131,134
132,129,129,127,126,126,127,127,129,126,129,128,126,128,127,127,129,127,126,131,133,136,126,129,128,126,124,133,130,127,120,126,127,121,128,129,134,130,122,124,129,122,123,116,121,124,123,123,120,125,130,127,124,123,128,128,128,126,130,126,130,132,130,131
127,121,116,121,124,129,125,119,124,127,128,123,125,126,125,123,123,129,127,122,126,117,127,127,123,124,127,120,125,126,128,123,124,122,128,126,121,124,126,123,114,120,126,125,126,123,128,123,125,118,126,125,125,119,124,126,131,128,126,128,126,128,130,116
131,129,124,128,125,124,125,132,127,124,131,130,130,129,127,129,131,124,127,129,126,130,127,127,133,125,126,132,129,129,127,133,132,122,124,127,128,127,125,129,131,124,122,124,128,126,126,122,134,127,127,127,125,127,127,123,130,123,121,132,134,133,129,129
124,122,147,126,126,123,123,115,127,124,125,128,129,131,129,125,127,127,129,131,137,134,138,130,125,124,127,142,128,128,137,124,126,126,129,132,129,130,133,127,146,128,131,132,134,130,130,130,127,133,123,125,131,128,132,133,132,137,140,129,131,127,120,150
128,130,120,124,130,129,129,127,130,131,135,129,127,130,127,128,127,127,132,131,130,122,125,126,128,126,127,119,126,123,120,125,122,126,126,128,125,125,121,125,119,126,128,127,126,127,128,128,120,129,129,126,127,123,132,128,127,129,131,125,124,124,128,122
123,117,127,123,128,128,121,111,127,119,126,123,124,127,118,123,126,125,121,128,128,123,123,124,127,125,126,127,123,126,123,125,124,126,125,122,123,126,123,125,127,128,124,122,122,121,118,123,133,131,127,129,125,130,129,130,129,133,130,129,125,127,131,127
130,127,127,126,126,128,128,128,130,125,123,127,126,123,125,130,126,124,120,123,123,120,125,127,127,127,121,115,118,122,122,123,123,127,120,118,121,122,122,125,123,125,121,119,120,121,123,130,129,127,125,126,126,126,128,124,127,125,126,131,133,128,132,130
129,130,127,130,128,125,121,133,130,133,133,131,128,134,127,129,128,125,134,139,138,128,134,127,130,129,132,131,131,133,127,127,127,130,132,134,132,132,125,125,125,129,132,136,136,132,126,126,128,134,131,130,133,135,136,140,123,133,135,130,133,128,130,122
120,120,116,122,126,126,124,118,122,118,119,124,123,122,125,124,121,124,124,127,125,120,130,126,121,122,124,116,128,123,126,122,123,122,124,127,125,126,129,124,119,125,126,123,126,126,124,124,127,126,122,124,123,127,122,113,125,120,121,124,126,125,126,116
128,130,142,132,131,131,132,132,125,135,133,130,134,132,134,133,123,129,133,135,134,130,134,133,123,129,134,136,124,128,135,132,125,132,131,126,126,127,128,130,139,131,136,135,136,133,135,133,132,124,130,132,134,137,127,133,128,129,121,123,122,123,129,145
128,132,132,127,129,125,122,114,134,129,129,130,132,131,125,123,128,124,125,119,128,122,127,122,130,125,124,122,125,124,121,125,129,129,127,121,123,126,128,124,128,134,128,124,128,130,129,124,129,133,126,124,125,127,131,129,126,130,135,129,128,128,131,128
125,127,120,123,125,124,123,124,127,128,124,125,126,125,127,128,127,131,125,127,127,124,129,127,127,132,124,122,125,126,132,129,122,133,125,124,128,126,130,130,119,129,124,126,129,127,133,134,122,125,131,131,132,137,132,119,129,126,129,130,128,127,129,124
128,126,126,124,123,124,122,127,129,118,121,128,126,124,123,124,128,123,119,116,120,127,122,127,128,125,120,123,125,121,118,126,126,127,128,125,128,126,122,130,127,125,123,121,123,129,125,124,122,124,126,122,120,125,124,128,128,127,126,123,122,123,128,128
128,135,136,129,128,131,133,130,131,134,125,125,126,127,126,124,126,125,127,132,130,120,122,122,127,127,131,124,125,131,123,121,127,128,125,127,125,128,128,125,130,129,129,132,129,130,124,125,127,127,120,125,128,128,126,113,125,126,127,127,130,126,125,139
126,127,126,123,124,122,123,127,125,127,123,126,125,127,128,125,125,125,126,126,127,127,128,126,124,126,127,127,128,125,125,124,127,124,128,127,126,127,126,126,127,124,126,127,127,126,129,124,125,124,125,126,130,125,124,133,126,130,127,127,125,126,120,127
128,129,132,127,128,129,126,125,131,129,127,132,128,128,127,127,128,127,127,128,127,128,128,129,127,128,131,131,128,130,130,126,128,127,127,130,126,127,129,127,130,126,129,132,127,129,127,126,128,124,129,125,127,124,124,126,132,129,126,127,127,130,127,134
129,127,131,126,123,119,124,131,127,121,126,126,127,126,127,121,131,126,132,131,132,136,132,130,131,127,130,136,132,133,135,130,131,125,131,133,129,130,126,126,135,126,126,128,124,135,131,129,126,129,137,131,131,126,116,128,127,125,121,122,129,131,127,132
131,135,125,128,132,131,130,129,130,134,130,128,130,132,130,129,128,130,130,126,128,123,130,126,126,129,128,119,126,123,120,124,124,130,127,129,126,126,124,125,120,129,125,124,124,126,124,130,123,129,126,126,130,125,120,130,128,132,123,117,117,125,125,122
129,126,125,131,126,128,130,137,122,125,126,125,126,124,128,129,125,126,129,128,129,130,129,126,124,127,125,131,128,128,127,129,130,129,127,130,133,131,131,131,128,125,127,132,132,130,130,131,126,119,127,133,135,132,125,136,129,128,129,124,124,126,125,127
127,129,123,126,130,128,127,122,129,129,128,127,132,126,134,128,125,129,135,126,129,126,132,123,127,127,133,123,125,128,133,127,123,127,130,131,126,130,132,125,120,125,130,131,132,134,134,130,126,123,129,128,130,136,131,125,126,127,139,136,133,131,134,125
127,122,127,127,127,126,125,122,124,120,123,126,127,127,125,125,125,127,123,123,124,128,122,127,127,127,126,124,125,128,124,123,127,124,126,126,126,126,132,125,126,124,126,122,124,127,125,128,129,130,125,126,125,126,131,124,130,128,132,135,137,130,128,127
128,129,130,130,130,131,133,132,127,133,133,131,132,131,133,127,127,131,132,130,131,130,130,125,129,130,130,129,128,127,129,127,131,131,131,129,128,129,131,127,132,132,130,130,132,135,131,127,131,133,130,130,130,133,127,123,130,127,126,130,130,131,130,128
132,133,131,125,125,127,128,139,133,130,126,126,125,125,129,126,130,124,127,127,130,122,126,125,128,123,124,123,124,121,121,127,127,124,130,120,124,123,124,126,134,128,126,124,130,123,128,125,132,129,125,129,129,132,131,140,135,128,129,128,129,130,126,133
129,125,123,127,126,127,124,128,130,127,131,132,134,132,129,126,130,128,132,136,134,130,128,126,131,125,130,127,130,132,131,123,126,123,131,131,129,133,129,126,124,121,128,130,129,130,128,122,127,122,129,131,127,126,126,130,129,134,134,129,131,130,127,124
127,127,130,129,128,128,129,130,132,127,122,128,128,124,132,128,133,127,125,122,122,132,131,127,133,129,128,135,129,128,135,132,131,128,128,128,127,128,133,127,131,129,131,132,131,128,130,128,126,129,130,129,130,133,133,126,128,132,134,127,129,127,126,129
127,130,122,134,131,130,134,140,125,135,133,130,131,123,130,131,122,130,128,123,127,128,133,128,122,126,129,123,126,126,123,127,126,131,126,129,128,129,128,129,119,129,128,128,128,132,132,134,125,125,129,128,128,135,130,132,127,134,128,127,129,128,125,118
129,133,126,130,131,130,134,131,126,132,135,133,136,131,138,129,126,130,141,137,137,131,140,133,126,128,135,131,128,136,137,127,125,127,132,131,129,130,132,127,126,125,140,137,140,136,137,129,124,126,133,133,134,137,128,136,121,128,127,124,125,121,125,125
127,129,125,127,128,126,128,128,125,131,126,127,125,129,127,123,127,128,127,127,126,129,127,127,122,127,130,130,129,128,127,127,124,129,128,127,133,131,131,129,126,128,131,132,131,131,131,123,121,128,131,127,132,128,124,132,128,126,120,124,123,129,128,126
130,125,126,132,133,132,134,127,128,135,130,131,130,132,132,132,126,132,129,131,127,124,126,131,125,130,131,127,127,127,128,130,125,130,128,127,128,126,128,129,124,128,131,130,130,130,129,132,128,125,131,129,129,131,125,115,125,121,124,131,131,130,125,122
124,122,130,126,122,123,123,120,123,129,136,130,131,129,129,126,127,130,135,133,129,127,128,129,129,128,131,134,131,132,131,129,130,129,128,126,124,125,128,130,130,127,130,132,131,132,129,133,127,128,126,123,125,123,126,133,132,131,128,126,129,129,129,135
125,122,131,128,130,130,126,109,122,128,131,130,132,130,128,123,118,128,129,133,129,121,126,123,116,126,130,127,125,129,124,120,119,127,125,128,128,126,125,123,125,126,127,132,127,126,127,121,117,114,123,125,131,132,129,108,123,114,120,127,128,121,118,131
126,128,124,124,128,128,129,130,128,131,125,128,125,125,128,130,127,129,124,125,124,128,133,128,129,130,128,127,127,123,124,131,128,129,126,123,125,126,128,127,126,130,124,122,122,124,128,127,132,129,129,127,127,130,131,121,128,125,129,130,129,127,131,126
131,134,128,127,123,124,125,135,129,123,126,129,127,126,128,128,126,124,126,132,130,132,125,127,126,123,129,133,128,129,136,128,129,122,130,129,130,128,129,129,131,121,129,124,126,131,129,122,126,126,129,129,126,123,129,134,128,130,127,125,126,130,128,127
125,121,121,121,121,120,119,119,119,113,117,125,120,118,116,120,121,118,119,118,121,123,119,117,118,122,119,119,124,121,121,120,124,120,122,123,128,124,127,125,122,118,117,117,119,126,119,122,121,122,122,121,119,117,123,131,126,123,124,118,118,125,125,123
127,134,122,126,125,125,128,127,129,127,126,127,125,127,122,124,128,124,127,124,124,126,128,123,126,125,124,119,126,121,123,127,123,122,125,126,125,126,126,126,117,125,125,123,122,125,121,120,124,120,125,127,122,120,117,108,123,118,118,119,116,122,123,114
124,124,126,125,130,126,123,121,127,125,127,127,125,124,124,127,127,123,128,129,129,124,129,127,125,127,126,124,124,127,129,127,125,129,125,128,124,128,125,127,123,128,127,132,128,130,129,130,128,124,129,128,129,131,127,119,127,125,129,130,130,131,134,129
131,133,120,125,123,123,123,126,132,125,123,123,122,123,123,128,130,122,124,125,126,130,124,125,132,125,121,122,123,121,124,128,133,127,125,123,128,126,122,126,125,131,123,123,127,125,125,124,131,135,126,125,127,127,133,134,127,136,140,136,133,131,130,115
121,121,119,116,120,120,123,117,123,122,125,123,124,127,124,121,120,123,129,127,127,114,125,122,118,118,125,118,123,121,125,118,121,120,124,122,120,125,128,121,122,124,127,121,123,128,127,123,128,121,124,122,125,119,125,126,125,120,119,124,121,121,126,124
125,125,125,130,127,127,125,124,128,126,124,123,125,124,119,124,125,125,124,126,127,127,121,124,124,122,129,129,126,130,127,124,121,124,126,129,127,127,125,124,121,124,127,128,127,130,126,125,121,118,124,123,118,123,123,129,127,126,124,120,121,122,122,122
122,127,122,121,126,127,125,119,128,128,134,131,135,130,133,126,126,124,136,136,136,129,132,122,127,121,131,125,127,124,135,123,127,127,130,130,127,130,131,126,126,129,134,132,134,136,135,130,135,138,135,132,136,135,133,134,127,132,134,132,126,125,128,125
124,125,130,124,127,127,122,126,126,127,130,126,122,129,121,126,127,127,126,129,131,122,127,127,127,127,126,123,125,124,124,128,125,128,123,123,120,123,122,127,127,131,126,125,127,124,131,133,131,131,129,127,129,132,128,141,126,133,128,128,126,127,126,132
130,134,136,136,130,128,131,136,131,131,132,127,131,131,133,132,129,129,132,137,134,133,129,128,132,131,129,135,132,132,141,131,130,131,130,134,130,129,130,129,131,133,132,133,135,137,132,128,130,128,130,130,132,135,132,123,130,125,129,133,133,133,127,129
131,130,128,123,126,127,126,125,135,131,130,127,128,130,132,130,131,129,128,126,127,124,127,127,131,127,126,124,124,126,124,122,124,127,123,125,123,124,125,125,129,124,123,121,121,120,120,126,123,126,123,124,121,120,122,122,132,124,120,124,125,128,134,134
129,126,128,130,128,126,123,128,119,129,123,124,127,125,128,126,122,129,126,129,125,128,128,126,119,127,129,132,128,128,128,126,130,131,129,127,128,129,131,129,129,128,124,131,133,128,135,127,127,131,129,131,135,136,131,124,125,127,132,127,131,126,128,127
125,124,128,132,127,125,123,125,125,117,132,129,125,122,119,124,126,124,123,118,118,130,121,125,124,126,120,124,127,124,119,128,126,125,125,126,130,126,126,127,124,126,122,120,116,122,119,123,117,126,126,123,124,120,122,126,123,128,129,122,126,127,123,119
129,119,135,129,126,128,131,127,126,126,127,126,129,128,130,128,127,124,131,128,128,134,127,130,128,122,130,142,130,129,135,133,127,124,129,129,131,131,130,130,136,123,129,128,127,128,127,133,119,119,131,127,129,126,128,124,127,123,126,129,133,130,135,137
125,124,130,130,127,126,125,122,125,124,122,126,122,124,119,124,125,126,125,125,123,131,124,126,127,126,125,127,127,127,122,129,126,127,127,129,128,126,122,125,124,126,126,124,120,122,123,119,121,127,126,129,123,124,123,119,129,128,127,126,127,125,125,127
125,124,120,127,128,126,130,120,130,127,131,129,130,131,130,125,130,128,134,130,134,125,131,129,129,131,130,120,127,127,126,127,128,136,129,127,127,126,126,127,119,135,131,128,131,131,128,124,130,132,129,124,128,132,126,127,120,126,130,120,121,122,127,120
126,123,118,117,122,127,126,124,131,124,129,122,127,127,130,124,132,128,131,128,130,120,127,125,131,125,129,120,122,130,127,123,131,125,123,121,120,121,122,119,125,128,131,135,132,134,133,129,126,129,129,123,127,124,124,130,121,128,125,124,124,126,126,119
133,132,132,133,131,130,129,138,131,129,124,125,126,126,127,131,132,127,127,130,128,126,124,130,135,128,126,125,125,128,128,129,133,129,123,125,128,127,121,127,133,129,126,127,131,129,128,128,135,127,130,130,129,136,132,135,123,131,131,133,131,129,130,127
127,132,111,122,129,126,128,129,128,133,123,126,122,124,122,128,126,128,123,125,125,119,122,125,122,128,127,109,126,126,119,124,123,125,124,129,129,128,123,126,108,121,120,120,121,123,126,123,121,121,127,127,125,126,129,128,132,128,127,123,121,125,127,115
136,124,122,128,124,124,126,132,131,132,132,130,126,128,130,133,132,131,130,126,125,131,134,133,135,132,127,130,128,127,130,135,130,129,127,127,130,128,129,134,126,126,129,127,128,130,132,135,130,129,128,129,125,129,124,122,131,124,125,130,125,126,126,125
126,130,127,122,125,123,125,131,126,126,138,134,129,134,125,125,129,126,133,132,127,126,127,125,130,126,130,124,126,133,131,121,128,126,129,134,135,132,127,125,130,126,127,129,132,135,131,126,127,129,129,126,125,124,129,133,128,134,138,128,127,126,130,128
125,123,130,121,123,124,120,123,125,123,127,133,126,127,122,123,125,125,128,134,130,126,125,124,122,122,129,129,126,132,134,124,122,120,126,128,128,128,129,122,126,123,128,134,133,130,131,119,118,122,129,125,128,123,124,121,125,126,124,124,126,127,127,134
124,129,130,117,122,123,125,122,128,124,126,128,129,127,126,121,124,123,128,131,130,125,126,120,121,121,131,127,126,128,127,119,123,124,127,126,124,128,133,124,130,126,136,132,136,135,126,125,121,123,123,123,126,128,123,123,126,119,117,119,121,123,123,138
124,125,133,133,131,130,124,124,127,125,130,133,131,127,127,125,130,129,126,130,128,134,132,127,132,128,127,131,130,129,128,128,128,128,129,129,129,129,130,127,129,131,129,131,132,133,130,132,125,133,127,128,127,131,127,128,129,127,133,126,127,126,122,130
125,125,125,124,126,126,125,127,120,125,129,129,128,126,126,127,122,125,123,127,128,124,129,131,120,124,123,121,127,126,122,128,129,120,125,125,127,125,124,126,125,123,126,127,121,127,126,125,134,122,126,125,125,122,127,123,128,135,132,127,131,127,128,129
124,124,121,124,123,124,126,122,126,132,129,133,129,131,129,126,127,131,129,128,130,124,130,126,128,128,128,125,129,127,122,125,126,130,128,124,127,130,130,125,126,131,130,126,128,128,129,123,128,130,127,131,128,129,134,125,123,134,128,129,122,123,123,121
126,125,129,126,125,129,129,127,130,123,127,124,124,123,125,130,130,123,128,126,127,135,128,127,126,127,125,125,125,123,127,128,122,126,131,126,127,125,122,126,122,128,124,124,126,126,130,128,124,128,128,125,125,122,131,123,127,127,127,128,127,128,128,132
128,124,126,127,126,128,128,130,126,127,130,129,126,128,126,130,127,127,127,128,127,129,125,129,125,126,126,129,127,131,131,129,128,126,125,128,126,128,130,130,130,125,130,128,125,127,125,129,126,126,123,118,120,126,127,129,126,128,126,126,127,131,130,127
127,130,125,123,126,127,125,129,126,128,126,121,125,123,125,124,126,128,127,123,124,125,126,129,124,127,124,124,124,123,130,127,124,127,122,118,119,122,122,126,124,124,124,125,121,123,122,129,124,130,121,120,121,122,124,121,122,127,122,121,122,121,114,126
127,129,126,128,129,129,130,127,136,133,128,131,132,132,136,135,128,135,132,132,135,129,135,129,124,135,134,128,132,128,129,127,123,128,132,128,131,128,131,129,124,131,132,127,129,129,132,128,122,123,128,131,127,128,126,126,128,120,123,124,124,130,128,127
126,125,123,126,131,134,137,125,136,127,127,132,123,129,127,126,124,126,128,129,122,127,125,124,123,120,119,130,122,125,127,127,123,121,124,126,124,122,121,124,126,120,121,125,123,124,124,128,128,125,125,124,131,125,131,130,130,132,129,128,127,132,135,124
125,134,126,134,134,133,126,123,137,135,129,134,130,131,132,125,129,129,125,126,129,126,125,122,129,125,126,124,129,120,128,122,131,135,131,123,131,127,127,121,129,131,126,127,128,128,132,122,127,136,127,121,129,127,133,123,121,131,130,126,123,122,124,125
128,128,122,127,126,122,129,125,129,132,130,129,129,127,123,124,127,127,128,130,129,120,123,127,130,126,128,131,125,127,128,127,127,133,130,126,126,124,127,129,126,129,130,129,129,128,124,124,129,127,128,129,125,128,129,127,125,132,132,130,127,131,124,120
124,125,134,130,129,127,125,124,120,131,135,139,136,135,138,119,123,127,132,138,136,140,132,122,126,131,133,133,134,142,131,127,128,129,134,145,136,135,134,126,129,129,135,132,136,137,129,118,122,124,130,127,128,130,126,119,122,123,129,126,129,124,123,132
124,126,132,122,120,123,127,128,124,133,129,135,131,132,128,127,125,128,127,127,123,139,125,129,128,127,128,127,128,126,125,129,128,128,128,129,128,128,128,126,127,126,129,128,123,126,125,126,126,119,126,122,122,123,123,120,126,126,125,124,122,127,114,140
127,130,130,126,128,130,133,131,136,126,123,122,126,125,128,134,134,126,127,121,126,132,126,127,132,123,122,129,122,125,126,130,134,127,123,124,125,126,123,129,129,125,125,123,120,123,128,131,127,119,125,121,128,125,126,126,124,123,128,125,124,123,120,134
118,118,135,117,124,124,127,128,119,119,117,117,119,120,125,127,126,118,126,126,124,151,123,124,122,117,122,121,123,120,122,119,126,117,120,131,127,127,116,120,124,117,122,125,125,122,126,128,122,115,123,123,122,124,115,125,123,117,123,123,120,118,113,149
131,128,127,131,125,130,128,125,137,132,130,126,128,130,127,127,134,128,127,127,131,124,129,130,134,127,125,128,127,127,127,129,133,134,131,130,129,129,129,134,131,130,129,126,129,132,125,133,127,126,131,130,128,127,125,126,130,130,128,130,127,128,122,124
125,131,135,126,127,132,128,126,138,134,127,132,128,131,134,133,129,132,127,126,128,131,129,130,126,128,131,125,129,128,123,128,127,133,133,130,127,126,124,129,126,128,130,124,124,126,125,125,127,134,125,128,123,122,132,126,129,131,126,125,124,125,127,133
125,121,123,121,121,121,121,131,123,127,127,122,128,124,128,125,124,122,123,127,126,126,126,126,124,126,130,128,128,129,127,127,124,125,122,129,124,129,125,120,125,124,127,127,118,126,121,118,124,120,123,122,122,122,121,117,130,122,123,120,116,119,121,127
130,126,129,129,126,124,124,125,125,126,127,123,126,123,129,128,128,128,122,125,129,129,126,127,129,125,124,128,124,133,129,131,131,131,121,134,124,126,127,132,130,123,129,132,125,128,126,123,124,125,124,121,126,124,125,126,131,123,123,126,128,128,125,130
127,130,129,128,127,125,120,125,120,125,128,127,130,126,126,120,124,126,128,125,130,130,126,123,126,125,126,127,128,124,126,120,123,126,130,124,128,128,128,122,126,124,126,125,126,130,132,125,120,120,125,125,122,126,125,129,127,123,125,123,126,126,131,130
136,134,126,129,131,127,125,132,128,132,128,130,131,132,131,133,129,137,128,130,129,127,132,127,126,133,131,126,134,126,122,131,126,134,130,126,131,130,129,127,124,135,128,126,130,124,133,129,129,137,129,130,130,130,136,122,128,136,128,130,131,125,147,124
128,124,130,124,123,127,130,133,129,127,128,126,130,127,127,126,125,125,127,123,124,132,128,130,129,124,125,129,124,128,128,131,126,126,126,128,126,126,128,134,130,125,124,128,123,127,127,130,126,125,129,127,128,125,127,126,125,118,124,125,128,127,117,129
124,132,130,133,134,132,128,127,125,126,128,130,126,126,127,124,129,127,125,130,126,125,129,124,131,129,126,128,130,128,126,128,134,124,127,126,128,126,130,128,131,127,125,130,130,131,126,125,130,126,127,128,126,126,127,126,130,125,127,130,130,127,124,122
120,128,128,127,126,126,122,126,126,133,125,133,132,132,128,128,131,134,125,126,128,123,130,128,131,133,129,127,126,130,128,123,130,132,127,128,125,128,131,125,133,138,128,128,124,127,131,126,125,129,126,129,128,124,132,129,128,128,128,128,128,128,127,121
129,127,128,129,127,124,124,122,123,129,131,131,129,129,127,125,127,131,131,128,126,131,131,128,123,128,133,130,128,131,128,126,125,127,127,132,129,129,131,123,126,130,129,129,128,125,129,123,124,130,134,133,133,133,127,120,126,118,130,125,122,124,124,128
128,127,128,127,126,125,119,131,116,129,129,128,133,129,127,125,120,126,127,129,130,130,128,132,128,127,134,134,131,136,129,135,125,128,135,134,131,131,132,135,129,130,132,133,128,130,129,130,124,126,128,127,127,127,129,127,129,128,125,122,124,128,125,127
129,124,146,127,125,128,129,128,126,129,132,128,132,133,131,122,121,133,132,131,131,153,132,130,124,127,135,133,138,136,131,126,122,126,132,144,130,132,126,123,128,125,133,131,135,132,128,122,122,127,131,131,133,131,130,119,126,130,128,124,126,124,123,152
127,121,126,127,125,126,121,125,126,121,130,123,125,127,128,119,125,125,125,126,123,128,131,127,126,127,123,126,121,124,130,126,122,123,120,126,122,119,130,124,126,125,123,131,128,127,128,123,121,119,124,123,125,123,124,115,126,122,128,122,123,120,121,124
131,134,127,132,135,136,135,131,126,122,126,128,126,125,120,127,134,125,125,127,125,119,123,127,130,124,124,124,125,121,123,127,135,128,130,117,124,123,126,126,127,125,125,124,129,129,130,132,134,127,129,126,128,126,123,130,127,123,131,126,122,128,134,124
130,139,132,140,143,143,143,125,144,135,131,131,131,128,134,133,139,133,129,127,131,124,132,128,142,131,128,128,128,130,129,128,139,136,128,129,128,128,130,128,134,133,133,127,127,127,130,127,131,127,130,127,129,131,125,131,127,125,131,132,131,133,117,126
125,128,120,130,134,139,137,130,132,134,130,135,137,135,139,128,129,138,129,129,134,114,140,128,125,135,134,129,137,127,127,124,127,139,136,121,135,134,129,121,124,135,137,125,135,132,136,124,131,131,131,133,133,130,133,134,126,126,133,131,128,131,135,116
129,128,123,124,128,129,125,127,125,123,126,122,123,123,120,130,124,120,127,123,120,124,121,124,122,124,123,127,117,118,124,124,121,122,123,123,123,120,127,126,126,125,117,126,124,123,128,127,128,122,122,121,124,122,128,134,132,130,127,129,129,128,133,126
126,136,128,133,137,133,131,130,130,123,118,122,125,122,125,132,127,124,125,121,127,119,123,127,126,123,118,121,122,124,123,128,123,132,133,124,128,128,124,129,122,127,128,122,128,127,130,128,117,128,128,131,125,121,121,125,126,123,124,125,123,126,123,120
132,126,111,125,127,127,131,131,128,133,129,128,131,131,129,129,126,132,126,126,133,102,132,131,125,132,128,129,133,126,127,129,127,135,135,118,129,132,128,127,127,132,127,129,130,128,128,128,129,128,130,129,131,130,130,129,127,129,130,128,125,129,131,107
133,130,138,132,125,128,126,130,126,129,131,124,125,122,120,128,128,130,130,129,128,137,120,129,129,127,127,129,129,139,129,132,126,135,127,139,126,129,128,130,131,127,128,128,129,132,126,122,120,123,123,119,119,123,120,122,127,124,120,122,123,123,129,133
124,122,124,118,122,121,123,124,117,125,122,123,126,128,125,125,115,124,122,123,126,129,123,120,114,126,126,123,124,121,126,122,123,123,124,120,125,127,127,122,124,124,127,123,124,123,125,123,119,126,123,123,126,125,126,124,127,123,128,128,125,122,130,127
124,123,124,122,123,122,120,121,128,128,126,127,123,121,120,125,130,128,128,124,122,128,120,127,128,129,125,126,125,125,128,125,124,127,125,126,124,120,122,123,124,124,122,128,123,122,121,121,126,127,122,125,121,123,121,126,126,123,120,125,124,128,114,129
129,130,119,126,127,128,133,127,135,127,125,125,127,129,134,126,128,129,123,126,126,117,131,123,124,128,124,119,129,122,127,123,122,127,124,117,125,125,124,117,118,130,126,125,125,123,127,119,119,134,128,128,121,125,129,122,128,138,125,123,125,124,130,122
127,126,131,126,130,128,128,130,118,125,126,126,124,125,126,132,121,124,125,128,123,128,125,128,123,130,126,128,123,125,122,131,127,133,130,128,127,130,132,129,130,131,128,129,128,130,125,129,131,134,122,130,124,125,130,130,127,135,124,125,123,129,135,134
126,124,130,123,123,125,125,124,127,128,128,128,125,126,131,126,123,125,129,129,129,138,129,127,125,125,127,125,128,127,126,125,125,129,126,129,129,129,128,127,125,124,127,124,126,127,130,129,125,132,129,126,128,128,124,122,129,128,122,122,122,123,128,130
131,128,133,132,130,125,127,128,132,127,131,127,127,127,129,132,131,129,134,129,131,132,126,130,131,126,127,129,126,128,127,133,128,133,134,131,131,130,129,136,130,128,129,129,132,130,129,134,125,131,128,124,132,128,125,125,131,127,125,130,132,133,121,136
130,117,124,118,114,113,121,125,121,119,125,118,117,119,113,116,122,120,130,123,121,126,113,126,122,117,118,129,117,127,130,125,126,123,123,131,121,118,118,125,127,113,118,129,123,126,120,117,124,120,118,115,117,117,117,126,132,117,120,132,131,131,122,126
131,124,124,120,123,122,128,124,129,123,127,123,127,127,124,126,120,126,128,126,125,125,125,123,121,127,126,127,125,127,127,125,125,126,121,124,123,126,126,124,126,127,125,127,122,123,123,127,125,128,125,127,129,123,122,129,131,121,119,122,121,128,125,129
128,125,128,128,128,126,126,127,121,122,121,123,125,124,122,116,127,121,124,125,128,129,124,126,128,122,125,130,128,133,126,125,126,127,132,135,125,128,125,126,130,122,129,124,129,127,124,128,127,124,125,122,120,123,122,122,123,127,127,120,122,122,118,127
123,125,126,126,126,124,122,128,121,127,126,129,125,130,124,122,123,127,125,124,125,127,126,124,125,126,126,127,128,129,128,124,127,126,126,127,127,126,126,124,125,127,127,125,127,127,125,123,124,126,128,123,124,124,124,125,126,126,126,127,126,123,132,128
124,126,124,128,127,126,124,122,125,123,123,124,122,123,123,121,129,123,124,125,126,124,124,123,131,124,126,124,125,123,121,126,128,122,121,124,124,123,123,123,123,122,121,122,123,125,121,123,124,121,123,120,126,120,119,125,127,124,122,125,124,126,128,127
126,123,116,123,126,129,132,122,127,129,124,127,129,129,132,126,128,130,126,124,128,120,129,125,124,130,126,120,130,122,124,122,127,130,131,118,129,129,124,121,123,132,127,123,126,127,129,124,126,129,130,130,129,128,132,132,130,126,129,128,128,128,138,125
129,130,136,130,130,128,125,126,134,130,132,132,133,134,133,124,132,129,131,128,128,139,139,127,133,136,130,125,128,127,132,125,131,129,131,129,129,130,129,127,126,139,131,128,130,127,135,131,130,133,131,132,131,128,130,129,128,135,134,130,130,126,125,141
121,126,124,123,127,126,122,127,127,127,124,129,131,127,121,130,134,127,127,129,131,127,127,128,128,130,130,123,127,121,124,128,128,127,128,117,124,130,120,128,124,126,129,127,124,121,121,131,122,120,126,125,124,124,121,129,128,122,123,127,125,127,124,127
125,124,124,125,125,128,126,123,131,131,128,131,132,133,126,121,129,131,129,131,131,125,129,124,131,132,132,129,131,127,127,125,131,129,133,125,132,131,128,128,126,131,129,129,130,129,127,128,131,125,127,125,130,128,127,127,129,128,126,128,129,126,124,125
122,121,126,124,126,125,120,129,120,132,129,128,129,130,130,125,127,133,132,131,132,131,129,126,124,126,130,130,137,132,127,127,124,133,137,132,136,137,127,125,123,130,138,131,139,137,131,126,118,130,132,130,130,133,131,129,123,131,131,130,130,128,116,122
127,130,121,132,131,134,128,127,129,135,130,126,131,127,123,128,132,136,131,124,132,113,125,126,132,128,126,128,131,129,125,127,127,141,134,126,127,129,125,126,129,134,131,125,133,133,133,126,131,136,132,130,124,133,136,133,127,136,134,132,131,133,135,116
128,129,131,128,127,120,127,131,130,131,128,126,127,126,129,133,128,127,131,128,130,135,128,129,129,124,126,129,128,128,127,132,132,129,128,135,131,129,128,134,131,128,131,130,131,131,127,131,133,129,128,126,123,128,134,128,128,129,131,130,132,128,136,132
129,135,136,135,134,135,134,125,129,134,128,130,130,128,127,129,136,128,126,129,131,135,127,128,137,132,132,130,133,138,124,127,135,126,130,133,128,129,131,131,132,128,129,127,126,127,125,128,131,131,129,128,130,131,128,125,124,124,134,130,129,122,122,128
132,129,127,127,127,132,134,132,134,139,129,136,130,131,133,128,127,134,132,133,132,132,132,128,126,133,134,126,134,132,131,127,125,139,139,132,130,133,129,125,123,129,135,127,131,132,130,124,128,129,133,126,125,132,129,128,129,130,128,125,121,126,125,125
132,128,126,129,123,124,120,124,134,124,131,130,127,132,127,121,126,132,127,127,126,125,126,126,132,130,124,132,126,131,134,132,130,128,126,134,128,123,134,131,130,129,125,131,128,129,127,128,123,126,125,122,122,127,124,130,132,124,124,125,127,131,124,123
127,128,133,123,122,117,124,126,125,127,126,121,125,123,121,129,128,124,123,127,123,135,121,129,126,121,120,128,121,127,128,129,128,125,123,132,122,121,122,128,127,119,126,128,121,124,121,127,128,120,123,122,120,124,120,136,130,125,123,130,134,134,126,139
121,120,100,125,128,133,128,121,121,126,124,128,131,129,126,120,121,130,128,130,130,92,129,122,115,133,132,121,130,117,123,115,120,127,129,105,134,130,118,120,119,129,130,125,126,123,127,134,128,123,129,128,131,126,123,130,127,116,120,122,119,125,117,91
124,125,121,126,128,126,122,127,127,128,130,126,128,126,129,125,126,129,127,127,127,119,124,128,123,129,130,123,127,124,122,124,125,133,127,116,128,128,125,127,121,125,130,123,127,125,126,131,127,130,128,131,127,125,124,132,128,126,122,123,121,125,122,122
126,131,131,130,129,128,126,129,123,123,126,124,122,124,122,126,131,126,127,126,124,129,125,125,131,123,125,131,124,128,127,127,130,126,127,129,124,123,126,125,131,123,125,127,126,125,122,124,125,127,126,122,121,125,120,124,121,126,126,123,126,129,126,128
125,122,120,125,126,126,123,124,127,128,128,131,124,126,122,116,128,126,127,129,124,122,124,125,133,123,123,128,124,126,125,125,134,122,124,126,126,125,126,127,134,126,128,123,122,127,125,124,134,135,126,127,127,122,127,126,128,128,129,122,120,121,117,119
121,127,120,127,127,133,125,125,127,126,127,129,128,128,127,121,123,121,127,124,127,121,124,124,123,120,122,123,121,119,127,117,120,125,123,116,129,125,121,120,123,123,128,125,125,124,128,128,128,119,125,122,130,127,123,125,120,120,123,121,122,125,116,125
123,125,122,124,123,123,124,129,126,129,126,125,126,127,122,127,129,125,124,128,126,123,124,126,127,127,130,127,126,126,130,128,129,125,129,127,126,129,129,126,129,131,130,130,125,128,126,128,129,128,126,128,129,126,130,127,125,126,126,123,123,126,126,124
128,128,129,127,128,131,126,130,134,125,125,128,129,129,129,132,135,128,127,127,130,127,130,128,132,131,127,124,131,127,126,126,137,131,126,127,135,131,132,131,130,130,126,127,134,129,132,133,134,129,129,131,135,129,126,126,123,128,132,129,129,123,126,127
119,119,120,123,125,127,132,120,119,119,125,122,125,126,126,125,121,117,126,126,121,119,120,128,120,116,119,122,122,118,125,125,124,117,121,117,126,124,122,124,122,118,116,125,124,125,124,126,128,121,122,117,126,125,121,124,123,127,128,126,128,125,129,119
125,126,129,124,124,122,126,125,128,130,129,126,128,128,128,125,126,130,130,126,129,139,130,130,127,123,124,131,126,126,133,131,129,131,133,131,128,130,128,130,127,126,131,130,127,130,126,129,132,133,131,128,126,132,133,137,131,129,132,133,134,135,130,134
124,122,129,129,126,125,127,122,125,125,128,125,124,124,124,126,124,127,129,125,127,131,125,125,126,129,129,125,129,128,122,124,126,131,127,128,129,129,128,124,128,128,130,126,130,130,125,128,127,125,129,129,126,129,125,115,123,128,128,124,126,116,121,127
130,129,128,128,126,126,127,136,121,124,128,126,123,124,123,129,117,122,122,126,123,134,120,134,123,125,124,132,125,132,138,130,123,123,123,133,118,121,126,130,128,124,122,133,123,126,124,129,128,123,123,123,118,126,130,126,132,131,130,131,129,132,135,134
129,131,136,132,127,127,129,129,123,126,129,126,125,125,129,129,127,128,126,127,127,136,131,129,132,128,124,131,129,134,131,130,131,131,133,137,131,130,133,132,132,131,132,131,132,134,139,129,132,129,132,133,133,131,134,132,130,129,129,129,132,128,138,132
125,128,139,130,134,131,131,118,124,128,127,132,132,129,132,129,119,132,129,128,130,139,131,124,122,128,133,121,134,126,119,122,129,130,131,126,134,137,132,124,127,129,135,121,136,131,132,130,127,125,129,130,127,129,129,131,125,118,130,133,135,134,132,137
130,128,129,132,130,130,131,125,130,125,129,125,130,129,128,128,131,124,125,124,126,128,128,127,137,126,125,127,127,129,129,130,136,130,125,130,129,132,132,127,136,130,127,130,132,130,133,128,135,129,130,125,126,129,127,129,131,131,132,132,134,131,137,130
122,125,48,117,121,123,117,120,123,130,120,127,126,125,122,120,127,130,121,122,127,22,125,119,110,124,126,113,126,98,113,100,124,128,133,60,130,128,113,104,114,124,130,116,123,118,126,123,128,138,128,127,130,125,124,123,125,132,126,124,117,121,98,33
125,124,128,126,124,128,131,126,129,127,126,125,132,125,121,120,122,128,125,128,134,129,124,125,125,127,129,126,132,126,124,132,124,132,141,129,130,135,128,131,124,128,131,124,125,130,128,127,125,132,133,132,128,128,126,126,129,125,120,123,122,128,118,131
129,124,128,122,122,123,128,129,124,130,127,125,130,130,126,124,123,133,129,127,132,125,128,129,124,131,135,132,133,129,134,128,122,137,138,132,129,134,128,129,128,135,131,134,133,133,134,134,128,140,131,131,133,133,136,134,131,133,134,132,131,133,132,123
129,129,133,134,132,133,131,129,136,123,133,125,125,123,122,131,128,123,132,128,130,133,121,133,132,120,122,130,128,134,131,133,133,130,130,136,132,126,129,133,132,122,128,130,133,132,126,129,134,130,129,123,123,127,131,129,127,135,129,128,132,132,133,126
124,127,124,125,125,126,125,132,136,135,128,136,131,133,134,125,132,130,126,126,132,128,135,122,125,131,129,125,128,120,125,121,124,132,130,121,130,129,129,117,122,134,133,125,130,127,137,124,128,130,133,132,139,129,136,125,123,135,132,127,123,123,140,132
132,128,130,131,131,132,128,133,134,130,128,131,125,130,128,124,129,128,126,125,124,128,125,129,126,127,128,127,121,122,128,125,125,127,123,126,124,125,128,127,127,126,123,128,124,124,121,131,129,125,128,130,129,130,127,128,131,126,131,124,128,130,138,131
129,125,134,128,126,125,122,121,125,127,125,130,129,131,130,127,132,128,125,126,134,132,130,124,131,131,126,129,130,131,126,128,130,128,127,135,129,126,129,128,129,128,128,128,130,130,126,128,130,125,126,131,124,125,123,131,127,127,129,136,134,134,133,132
124,123,121,119,122,118,121,124,125,127,123,122,129,127,127,120,128,128,127,125,129,122,132,123,123,128,127,120,128,123,121,118,125,124,124,122,130,128,123,120,122,128,126,123,124,125,125,125,124,121,122,124,123,121,129,125,123,125,123,119,118,119,126,124
130,129,128,128,129,129,129,131,122,127,130,130,125,130,125,130,127,129,131,130,126,127,125,127,128,124,128,130,126,125,130,126,123,125,125,124,125,122,124,128,125,123,128,128,125,124,126,125,123,125,123,123,126,126,126,124,128,124,131,127,129,128,127,129
130,134,134,135,135,132,130,131,127,129,132,133,126,130,130,130,129,128,131,131,123,132,126,128,129,127,126,129,123,130,131,129,130,124,126,130,127,124,129,131,128,124,124,130,130,130,130,133,129,124,129,123,128,128,124,139,132,129,131,132,134,133,130,131
125,124,121,126,128,129,129,127,127,133,132,124,132,128,125,123,129,131,129,128,127,119,127,127,129,129,131,129,127,126,128,127,129,128,123,119,124,126,125,126,125,129,123,128,120,123,125,125,123,129,132,130,133,131,122,126,123,122,129,127,125,130,120,120
126,130,133,130,132,130,129,130,130,129,128,129,130,128,127,129,129,130,127,128,123,132,130,125,127,128,130,121,129,125,122,127,131,128,130,122,129,127,127,125,127,131,129,125,129,128,130,131,130,128,129,125,129,129,132,128,127,131,130,130,128,127,134,132
128,126,126,127,127,130,128,129,131,131,127,133,128,131,130,131,129,130,126,124,130,129,130,127,128,131,126,123,130,126,124,130,126,132,129,129,128,128,130,129,125,129,128,123,131,131,133,129,125,131,129,134,129,127,127,125,127,128,130,127,131,124,127,129
127,123,128,127,128,131,130,131,128,130,128,125,126,126,123,129,124,125,126,123,127,129,121,128,126,124,124,124,126,129,126,131,132,126,131,130,121,124,127,128,135,126,124,127,128,129,129,125,129,121,125,124,125,127,124,128,129,127,130,130,132,129,121,131
127,131,132,130,129,128,130,130,132,124,123,121,123,125,131,130,131,122,117,121,124,129,125,128,134,126,120,126,120,119,127,128,130,124,122,123,121,119,126,124,129,130,120,128,120,120,129,125,132,128,125,132,130,122,129,130,131,132,130,131,130,127,133,134
130,130,125,127,127,126,126,125,119,127,124,125,122,122,124,127,124,121,124,127,121,130,124,129,123,126,122,128,120,124,128,127,124,123,121,126,122,120,124,125,126,125,123,132,124,123,130,132,127,122,123,123,126,125,125,133,125,122,125,124,121,125,125,127
126,127,127,128,128,126,124,136,131,131,130,134,130,126,135,131,130,134,133,130,129,128,131,132,130,135,134,130,130,134,131,131,131,131,131,132,129,131,132,132,132,131,135,130,131,130,127,134,128,133,131,134,128,131,130,126,126,132,132,127,124,124,121,127
128,126,124,126,123,125,119,125,128,119,125,118,119,120,115,127,132,121,126,121,122,121,120,127,133,119,124,126,122,123,129,130,130,122,120,124,121,125,126,128,129,121,121,124,122,124,117,123,126,123,123,119,125,126,121,119,127,124,122,123,124,126,126,127
128,128,127,126,126,126,119,127,129,127,126,127,126,126,127,129,132,127,126,127,123,127,125,131,134,126,128,125,125,125,125,130,127,125,122,122,130,125,129,128,127,127,124,126,124,125,122,130,128,132,128,125,128,128,126,126,131,131,128,123,123,127,117,130
121,128,121,128,131,130,128,123,129,133,126,129,130,133,134,121,120,128,130,129,129,121,136,123,119,128,133,130,128,128,124,120,123,121,127,122,127,129,124,122,122,128,128,127,131,128,132,127,132,127,126,131,133,128,135,135,127,130,133,133,129,132,121,120
134,130,133,130,129,126,133,131,130,133,130,128,129,127,128,133,124,129,129,127,127,134,124,131,124,120,127,128,132,132,126,132,131,132,133,136,129,130,126,132,130,127,130,126,128,129,128,133,131,135,129,128,124,128,132,135,131,138,128,130,133,133,138,130
123,118,117,117,122,118,118,124,121,127,121,122,124,125,118,123,117,125,128,126,125,122,121,128,116,122,126,130,125,122,129,122,114,120,121,117,121,120,118,122,119,120,126,128,121,119,122,124,120,123,123,119,124,124,127,125,126,122,123,123,122,121,134,121
129,132,132,128,129,127,127,134,127,119,123,119,121,123,124,137,133,122,122,122,120,122,121,130,130,121,119,127,120,125,127,133,133,121,119,125,119,118,124,132,130,119,120,125,123,123,124,127,131,121,121,122,120,122,130,126,128,127,124,129,128,124,127,127
125,120,132,121,125,126,128,130,124,127,127,128,126,127,132,128,127,130,126,127,126,144,129,126,120,129,129,126,126,126,127,125,124,128,129,130,128,126,122,126,123,125,126,128,124,128,125,128,128,124,126,122,127,128,130,128,131,122,125,124,122,126,126,142
128,127,128,125,126,128,128,127,132,121,121,122,125,125,129,127,131,127,125,124,127,130,133,126,127,127,126,126,128,126,128,124,133,127,128,129,133,130,128,125,129,132,131,123,133,129,135,129,130,127,129,127,130,127,132,132,131,117,130,131,128,130,128,133
128,128,130,125,126,126,129,124,128,135,127,131,131,132,135,124,125,134,128,129,129,132,134,129,125,134,130,126,129,125,125,128,124,136,133,129,130,131,132,128,130,134,129,126,127,126,129,125,131,136,128,132,130,126,129,124,128,131,123,126,124,125,132,131
130,135,133,133,132,133,126,134,124,118,128,120,123,119,119,129,126,119,126,125,120,124,120,129,130,122,122,130,123,130,129,130,129,120,119,129,121,119,126,131,132,118,122,131,124,127,120,133,124,119,121,120,123,124,118,123,128,117,124,124,127,123,114,126
126,122,126,124,123,123,124,124,119,132,132,132,130,131,128,123,123,131,130,132,129,128,130,126,127,129,131,132,132,134,131,131,125,126,128,131,130,131,132,129,128,129,129,134,130,130,128,128,128,128,129,126,129,131,131,123,126,131,129,125,125,122,127,122
129,134,101,138,135,131,127,133,118,121,131,129,124,126,126,129,130,115,130,132,123,87,121,130,133,121,122,127,124,127,137,130,129,118,119,116,127,123,129,130,127,121,123,133,127,130,127,132,125,114,124,115,125,126,124,126,125,117,131,128,127,127,130,88
130,128,128,131,127,125,130,130,124,124,126,126,128,125,128,132,125,132,127,129,131,119,128,128,132,131,132,128,133,133,127,133,131,129,130,127,133,129,132,134,133,133,129,125,135,130,131,129,121,127,129,128,132,128,126,122,127,127,128,131,135,128,123,122
132,129,136,134,133,132,122,130,131,126,129,129,127,129,128,131,132,125,125,128,124,128,126,131,131,126,126,126,127,131,128,137,129,121,125,131,126,124,127,133,129,124,125,125,124,126,123,132,126,131,125,123,126,125,124,125,132,125,128,126,128,128,124,130
126,122,128,126,131,130,132,126,131,128,125,124,125,126,125,127,127,128,131,130,128,135,125,126,126,124,128,128,128,126,132,125,129,130,127,134,128,125,127,123,124,127,131,130,127,125,125,128,131,122,131,125,124,131,126,128,128,124,132,127,126,126,127,131
127,134,132,133,130,129,129,131,128,123,127,123,121,124,124,132,131,121,129,127,119,129,122,129,137,122,126,129,126,124,130,135,135,126,124,128,128,124,129,130,135,121,124,131,130,131,126,126,128,124,122,118,124,126,124,126,126,125,123,126,131,129,120,127
127,120,122,126,123,125,123,131,117,119,127,124,125,124,124,124,123,117,127,128,123,123,120,127,123,120,123,128,122,128,129,127,125,123,123,128,124,125,127,131,125,122,123,130,122,124,122,130,128,124,124,124,125,128,127,134,129,130,126,126,129,130,128,125
128,125,129,131,132,125,130,126,123,126,128,130,128,132,133,128,126,129,130,133,132,126,134,125,130,133,135,127,135,127,126,126,127,132,135,124,136,136,129,125,129,133,135,130,139,133,134,123,129,135,131,130,134,133,137,133,127,148,138,137,137,132,149,127
123,125,121,130,130,129,121,125,125,131,129,134,132,132,127,117,122,129,127,127,126,117,125,126,121,132,136,127,130,127,123,123,122,127,128,125,126,131,121,121,122,127,129,127,129,125,125,121,126,129,127,129,129,127,128,124,126,126,131,128,127,126,127,117
131,129,135,130,128,127,126,125,120,122,128,125,123,121,121,130,126,121,127,128,123,135,121,127,130,119,122,131,124,134,127,135,132,125,128,139,128,122,132,129,132,119,126,131,130,133,129,125,126,120,125,124,125,126,126,130,132,122,131,131,132,130,137,131
128,128,126,128,129,131,130,128,131,131,130,132,130,129,129,125,129,128,128,127,128,127,127,127,126,129,128,125,128,125,128,127,127,127,127,126,128,127,125,128,125,129,125,127,127,130,132,127,126,130,127,126,129,129,130,128,128,129,129,128,126,128,128,127
128,123,114,121,122,120,126,127,122,130,130,129,127,129,124,123,119,126,125,124,124,111,127,128,121,123,123,127,126,124,134,124,113,118,120,121,123,123,122,116,121,121,123,131,127,122,125,115,119,131,123,120,124,128,125,118,126,126,123,123,124,128,128,112
131,130,128,126,128,123,127,131,132,130,129,128,131,130,128,131,132,134,130,126,134,128,131,131,129,120,128,128,132,131,131,128,132,135,135,133,134,134,132,130,132,128,133,130,136,130,137,132,132,137,136,130,137,134,133,132,126,132,132,131,131,134,124,129
125,124,122,124,122,117,118,128,121,126,130,126,127,129,129,120,125,132,127,129,122,121,125,124,125,127,127,125,128,132,123,128,119,123,121,124,126,126,129,125,124,123,126,127,125,127,124,127,122,121,124,125,124,125,121,130,127,121,128,127,133,125,125,123
126,126,123,123,124,120,124,122,122,125,125,123,127,121,126,122,124,124,125,124,126,125,121,121,123,126,130,126,128,125,118,121,125,125,129,124,126,125,121,125,123,125,129,124,127,125,121,125,124,121,126,127,120,122,128,129,128,132,130,129,126,125,126,121
133,138,132,137,135,133,137,125,139,126,125,126,131,127,126,132,138,129,129,128,131,124,126,129,134,125,130,128,130,121,128,131,135,132,132,125,134,131,126,128,128,128,132,128,132,128,133,129,131,138,133,133,132,131,129,128,125,131,132,135,134,131,135,127
128,127,123,128,133,135,132,128,126,126,127,124,126,127,135,131,126,128,124,123,124,116,129,127,124,128,125,124,125,120,126,125,127,129,126,118,129,130,125,125,125,128,128,126,124,125,127,122,125,131,129,128,126,127,127,121,128,129,126,129,125,122,133,118
133,132,128,133,126,128,131,131,130,127,130,127,127,126,122,130,129,127,127,133,130,121,124,132,132,128,132,129,130,131,132,133,127,129,132,133,126,127,131,133,130,129,134,132,133,133,126,130,131,130,130,128,129,131,131,134,131,134,132,134,133,134,136,120
126,126,123,129,129,127,121,124,128,130,128,126,126,126,131,131,132,125,124,127,127,121,128,125,129,130,129,123,127,127,123,125,125,125,128,124,130,129,129,128,124,131,125,124,125,127,133,124,124,128,126,127,127,126,130,124,124,130,129,128,125,125,141,123
124,124,131,127,128,131,132,124,124,129,126,133,129,131,135,127,131,131,129,130,130,132,133,128,132,136,135,129,132,130,129,127,134,132,133,131,132,131,133,127,131,137,135,130,130,131,129,127,131,128,131,134,129,130,126,123,127,127,131,128,126,124,133,130
127,120,124,123,122,122,126,127,123,129,127,127,131,125,129,128,122,129,127,129,129,129,129,129,124,129,131,126,128,129,125,126,123,129,127,128,126,127,126,125,127,127,128,128,126,127,129,125,127,130,124,125,123,127,127,125,129,130,130,127,129,126,129,124
131,126,144,123,126,131,128,128,134,121,123,127,121,124,125,123,130,123,126,127,122,152,123,125,123,126,126,122,121,123,124,123,129,120,121,132,119,123,122,123,129,124,124,127,123,124,123,128,135,125,123,121,123,123,126,120,123,131,130,128,125,123,113,151
129,127,120,126,127,129,128,129,120,121,127,130,126,128,126,130,127,128,126,131,123,116,129,128,129,128,124,128,125,130,130,131,132,121,120,125,125,125,130,130,133,127,122,129,125,129,123,129,125,122,125,127,128,128,124,127,125,128,124,124,124,125,123,115
130,130,130,128,125,127,133,131,134,127,128,126,127,126,130,131,131,128,126,128,129,130,131,132,133,129,128,133,129,133,132,129,125,126,129,135,133,129,131,130,130,128,127,130,130,128,130,125,125,126,130,130,131,126,129,127,130,126,122,122,124,126,124,128
122,118,127,121,118,118,115,126,117,133,129,130,129,130,127,124,117,135,126,128,129,132,133,127,123,135,135,125,131,131,123,130,124,132,130,130,131,131,136,131,127,139,135,122,131,133,131,132,126,128,128,132,125,129,129,127,127,124,122,121,127,128,128,130
128,137,127,136,134,136,131,126,136,131,128,129,126,128,125,136,135,124,128,128,130,123,126,128,135,120,125,125,127,122,124,124,131,123,127,122,126,129,122,126,123,124,126,127,129,123,127,129,135,126,128,129,130,128,132,130,129,135,134,129,126,129,134,127
129,130,132,133,133,131,129,126,128,124,128,132,127,132,124,124,127,127,124,129,129,129,130,128,128,132,130,129,132,127,125,129,127,127,126,126,129,128,130,130,130,129,125,128,129,123,125,127,125,122,124,123,128,123,121,122,127,118,121,120,121,122,131,128
130,130,133,133,134,132,134,128,127,131,129,130,129,128,125,130,127,133,129,130,135,125,129,129,129,128,128,125,138,130,126,132,127,134,131,127,131,133,129,126,125,129,135,128,134,133,130,125,128,131,133,130,128,130,134,130,128,127,128,131,132,129,143,124
124,124,126,123,122,123,125,127,122,127,127,128,124,124,131,128,125,129,129,127,122,126,124,125,127,129,127,127,126,123,129,123,122,130,125,126,125,127,125,121,125,127,128,130,129,126,125,123,127,129,131,129,130,128,130,118,127,126,128,124,122,124,130,128
128,129,137,132,128,128,127,125,132,128,126,127,128,128,127,130,130,121,122,129,126,138,125,123,131,128,126,127,126,127,125,130,128,127,125,129,125,127,127,131,127,126,127,123,123,125,121,138,130,123,125,122,126,125,129,128,121,132,128,127,132,126,131,137
122,116,122,119,122,118,113,121,122,125,127,123,128,125,127,125,124,130,127,129,129,128,128,124,123,127,129,124,130,127,124,124,125,128,127,126,128,124,127,124,128,129,129,125,129,126,119,125,124,124,124,126,125,125,123,125,121,128,123,121,126,127,120,124
122,127,123,130,134,133,130,128,133,141,134,141,138,136,140,122,130,138,132,131,135,125,138,123,130,138,136,126,133,129,121,123,121,134,128,121,130,130,133,123,122,133,130,125,126,126,131,125,118,124,127,125,123,126,127,125,121,129,119,117,121,128,117,129
127,123,125,123,125,122,122,129,128,132,128,127,128,130,123,126,127,135,130,127,128,128,129,127,126,132,128,128,129,127,128,126,129,136,131,129,129,130,128,127,125,136,133,128,130,130,131,127,128,135,131,131,131,130,134,126,127,135,128,126,124,126,130,125
124,122,124,124,125,125,126,122,121,119,123,116,119,116,125,124,124,123,124,123,123,122,121,129,125,118,119,127,124,130,135,127,124,123,127,125,125,124,126,125,126,121,123,125,124,123,120,125,123,127,125,121,123,124,123,119,128,126,120,125,125,120,125,122
125,126,128,130,130,133,129,123,133,123,127,124,126,128,126,128,135,126,128,130,127,134,128,128,133,126,127,128,124,124,126,124,132,126,123,126,130,127,128,126,130,127,125,126,126,127,126,126,130,121,127,121,124,130,125,125,125,124,127,126,121,123,117,123
125,126,128,127,131,128,125,128,121,121,124,129,123,125,127,125,132,131,126,126,126,129,125,126,130,129,125,128,127,125,130,127,131,127,122,124,124,124,125,126,128,125,125,130,131,128,129,130,127,121,126,127,127,130,126,129,125,122,133,131,131,131,116,125
130,131,124,126,126,127,124,129,136,134,128,132,128,130,132,125,131,136,128,128,126,125,129,127,131,129,128,128,127,128,131,126,133,135,127,126,126,127,126,127,128,133,127,127,129,129,133,130,134,141,129,129,130,129,132,124,124,142,130,126,119,125,139,129
127,125,116,127,125,121,122,131,125,124,125,126,128,129,132,123,126,129,123,125,128,107,131,129,126,129,125,126,131,125,132,125,126,132,133,121,132,131,130,129,128,127,132,131,136,131,131,130,128,132,132,131,131,130,134,125,128,131,128,127,130,129,127,111
123,126,126,129,130,131,124,122,116,129,127,130,131,129,131,122,125,129,127,125,125,125,129,127,123,131,126,125,126,117,125,122,129,131,133,120,128,129,124,126,123,129,127,126,124,124,132,126,130,128,128,128,131,127,129,130,129,131,129,129,125,127,126,126
128,129,126,127,126,130,133,128,139,131,125,128,133,128,133,130,128,132,126,127,131,125,129,127,128,126,131,127,132,130,125,128,125,132,134,131,132,127,126,126,127,128,129,126,128,127,131,127,123,130,127,129,127,126,127,128,130,122,131,131,130,127,128,117
129,132,129,131,131,132,126,127,130,125,126,122,126,122,123,127,130,125,127,123,124,126,123,129,127,120,123,127,123,123,124,125,120,122,121,124,122,120,121,121,122,118,117,125,119,121,116,116,123,127,124,125,124,121,124,127,123,126,125,128,128,127,130,126
129,125,131,119,123,123,128,126,120,133,123,132,129,130,129,128,127,137,127,126,129,139,128,122,126,131,129,124,132,128,125,122,126,138,130,129,125,131,126,125,125,133,131,124,129,129,133,127,132,128,130,130,127,130,135,131,128,135,127,128,125,126,133,137
128,123,121,122,125,128,130,127,128,122,125,125,127,123,126,125,123,124,131,128,129,123,124,123,117,123,125,125,125,121,125,121,123,127,133,123,126,127,126,122,122,127,125,128,128,128,131,133,127,134,130,130,130,129,130,130,123,130,126,125,124,121,133,126
124,125,123,123,127,123,118,119,118,127,124,122,127,124,119,122,120,128,126,129,132,126,125,126,119,132,132,127,132,129,124,123,128,133,138,129,131,129,128,127,127,128,135,124,131,129,126,131,127,122,130,130,125,126,123,129,124,121,127,130,127,131,128,124
123,129,113,128,127,127,131,132,125,120,126,125,121,123,125,128,130,121,131,130,126,106,127,128,132,127,119,132,126,130,133,129,132,123,119,123,125,121,128,125,128,121,123,132,132,128,129,125,127,122,125,132,124,127,127,128,131,128,126,131,132,134,131,112
127,133,137,133,132,130,128,130,127,122,127,125,124,124,126,128,135,123,126,128,125,139,127,131,136,127,131,126,124,129,123,130,130,120,124,132,125,125,132,128,131,128,127,130,124,127,122,125,126,128,131,129,129,130,127,131,126,128,131,129,131,130,123,137
124,124,125,124,123,127,124,122,124,126,124,124,123,122,126,125,127,125,122,125,123,121,126,129,124,128,125,125,122,127,130,126,126,129,131,126,123,126,127,131,125,126,124,127,122,125,125,135,125,124,124,123,126,125,124,129,128,127,125,126,127,127,134,121
126,128,126,126,124,125,123,128,124,128,124,125,129,123,125,122,126,129,127,125,130,128,122,124,123,125,129,126,126,127,126,124,123,130,132,131,125,129,124,125,123,125,131,125,130,130,122,123,127,134,130,125,128,132,131,133,128,136,127,131,132,133,126,128
130,131,133,126,121,125,124,131,130,119,124,120,121,122,126,133,126,119,123,127,121,141,122,126,123,125,124,124,118,126,126,131,119,119,118,130,126,119,123,128,124,120,120,122,122,119,125,124,121,120,122,119,124,122,123,117,126,126,126,122,122,124,114,146
125,121,125,119,122,125,127,123,127,124,121,125,124,122,120,120,127,121,126,125,128,130,122,127,123,121,126,123,128,124,121,125,119,124,130,125,126,126,120,121,122,125,123,121,125,123,124,124,125,130,125,126,126,124,127,132,131,127,121,125,125,128,127,131
129,123,117,123,126,127,137,123,133,126,128,123,129,124,126,130,125,124,129,126,125,118,124,129,126,123,120,127,124,126,132,122,127,129,124,122,127,128,127,124,127,127,124,130,125,128,126,128,130,127,129,127,128,128,126,127,127,133,126,126,129,127,133,118
130,129,136,130,130,132,128,125,129,135,129,133,128,130,130,127,124,129,127,125,128,134,128,130,126,131,132,130,126,132,136,133,126,131,127,138,125,129,132,132,131,131,127,129,130,127,131,128,128,132,129,132,126,130,132,138,129,129,128,132,135,135,126,136
123,127,125,124,124,118,129,126,123,121,121,118,122,121,124,125,127,124,126,125,118,119,124,126,128,123,121,123,120,121,124,128,127,122,114,120,121,124,125,126,125,125,121,123,122,123,123,125,125,119,124,121,121,126,122,132,128,124,124,124,127,129,139,125
131,132,127,134,131,131,135,131,126,120,126,125,127,126,128,129,129,123,129,128,127,119,129,127,131,129,128,125,129,128,126,130,130,119,119,123,125,129,131,130,131,126,122,125,126,127,133,127,133,126,125,129,130,131,136,132,127,126,127,131,133,131,140,120
130,136,126,135,132,128,123,127,133,121,125,124,121,121,126,129,137,118,124,124,119,121,126,126,136,122,118,125,120,121,126,126,137,119,118,117,121,124,125,122,131,121,119,126,122,127,119,124,139,123,124,119,124,124,124,124,128,129,132,132,129,125,140,123
122,128,121,131,128,127,129,129,125,126,128,129,125,127,127,127,129,126,128,129,124,121,126,125,126,125,128,125,126,122,123,123,125,118,125,121,127,122,124,120,122,119,124,127,125,124,121,121,119,119,124,122,123,124,119,130,125,119,126,126,127,130,128,128
129,133,127,131,131,130,125,131,134,132,126,127,127,126,134,129,129,129,125,129,126,122,133,129,130,135,132,130,130,132,130,130,127,127,126,130,128,128,133,127,129,129,125,129,130,130,133,124,123,128,127,131,125,129,133,120,127,127,128,126,129,124,143,124
130,136,175,134,133,136,133,127,132,118,124,119,119,119,119,124,136,117,121,122,118,191,116,125,134,121,117,125,114,126,126,130,132,113,116,147,114,115,119,126,129,118,117,127,114,115,112,126,128,116,117,116,121,125,115,128,122,116,123,126,124,128,119,186
120,123,125,121,121,121,121,122,122,134,128,133,130,127,132,125,124,139,132,127,132,128,129,124,122,133,131,128,132,128,129,122,122,137,131,125,125,127,124,122,124,129,130,125,131,130,127,124,123,130,126,125,125,126,124,119,123,127,125,121,118,119,119,125
124,125,149,128,132,130,122,124,115,121,129,125,125,127,123,128,126,130,129,127,127,154,129,125,133,126,122,130,125,134,127,129,128,133,131,146,126,123,131,125,132,122,120,128,134,130,132,123,124,118,124,124,129,125,127,127,131,128,127,129,132,127,130,151
127,121,127,122,123,122,120,131,125,116,124,116,117,118,115,128,118,118,126,125,116,132,113,127,119,112,120,126,123,127,129,132,119,116,117,129,124,123,122,129,125,114,123,127,122,125,119,127,123,125,120,115,118,121,120,126,132,129,122,124,124,126,131,133
123,125,132,127,128,129,130,125,132,135,132,131,136,134,135,127,129,133,129,132,134,137,134,129,129,134,135,125,139,133,129,129,130,137,137,132,135,137,133,131,127,132,136,124,133,136,133,136,128,131,133,126,134,132,138,133,122,134,129,128,128,128,128,130
129,125,128,125,126,126,130,124,114,120,125,117,120,119,124,124,125,121,123,123,122,123,120,124,125,122,123,127,123,128,126,129,129,123,124,127,123,125,130,131,130,121,122,124,126,126,125,129,129,125,125,120,125,127,128,123,131,123,128,129,129,129,104,125
117,117,129,119,122,122,119,126,115,112,117,109,110,109,109,122,118,113,114,113,108,127,109,122,118,113,104,120,108,121,121,123,120,110,108,123,112,108,114,122,125,116,109,123,112,112,113,119,126,124,115,115,117,112,120,124,129,127,121,121,116,121,132,129
126,130,135,131,133,130,131,125,122,127,128,129,129,124,120,129,129,124,127,126,131,131,127,128,129,123,125,122,127,125,124,129,131,131,135,128,127,130,132,130,127,127,131,128,130,129,134,125,125,128,129,129,132,127,131,132,123,127,127,129,131,132,121,131
127,128,119,127,131,132,130,122,130,122,120,119,121,120,122,124,128,120,122,118,122,114,118,123,123,118,119,120,119,113,123,118,126,119,123,111,122,121,117,119,123,120,117,125,116,119,121,120,130,127,121,125,122,125,126,129,124,126,132,131,124,123,131,118
127,126,137,132,131,132,134,122,123,124,130,134,124,130,128,126,130,128,125,127,124,134,127,131,135,131,127,130,126,133,128,130,131,128,119,131,124,123,129,132,132,126,125,126,127,122,122,128,127,123,124,132,127,125,127,132,129,121,121,128,131,133,126,136
134,131,134,131,132,135,128,131,132,131,132,134,132,131,127,129,132,136,131,128,133,131,130,129,132,130,131,129,135,132,126,132,130,134,131,136,135,134,132,134,133,129,131,129,135,132,137,134,133,131,135,127,132,131,134,133,130,138,133,129,127,128,140,132
125,123,121,124,127,128,128,122,132,134,125,131,128,129,132,125,127,131,131,128,128,124,127,126,128,129,128,127,132,127,130,125,131,131,128,127,129,129,125,127,128,128,128,129,130,130,129,128,128,130,127,130,129,127,129,124,126,129,131,128,128,125,129,121
130,126,132,128,126,122,126,133,130,128,124,127,130,130,129,129,128,126,124,126,130,131,127,128,132,128,127,127,129,126,127,129,132,126,128,129,126,127,126,129,131,128,126,130,127,126,125,127,136,129,128,135,130,127,127,130,132,134,132,133,132,128,132,135
127,131,127,130,130,129,129,133,131,127,130,130,124,128,127,128,128,128,129,129,126,125,124,128,133,128,128,126,129,131,126,133,133,124,128,126,127,128,127,131,132,126,127,130,127,129,125,133,132,124,126,127,125,125,120,126,126,123,125,126,129,125,119,128
126,123,125,118,118,116,115,120,126,125,120,127,127,125,117,115,118,122,126,124,133,133,124,121,117,130,129,124,130,125,126,120,115,127,133,127,130,131,122,119,115,123,128,126,129,125,121,122,121,124,130,132,128,128,125,125,131,129,123,129,127,125,136,131
126,129,124,125,123,124,123,126,119,123,121,124,123,124,123,121,124,125,128,126,130,123,127,125,126,130,129,130,124,125,129,122,130,130,128,125,125,126,127,123,128,128,128,130,126,125,124,122,129,120,125,129,125,125,121,126,128,121,122,125,126,131,119,126
128,135,137,134,136,138,130,131,137,123,126,127,123,120,127,129,131,124,123,124,124,133,123,127,133,124,124,132,123,130,125,133,126,124,126,133,123,122,126,134,134,124,124,125,128,127,124,125,121,127,122,122,127,126,127,121,126,127,128,127,126,127,124,133
127,127,135,130,130,129,128,134,132,132,131,134,134,130,130,132,129,132,128,129,133,136,136,125,130,135,134,126,131,129,123,126,128,139,133,129,127,131,136,127,125,140,134,127,126,129,133,124,126,133,132,137,128,132,129,128,124,130,126,131,128,127,123,138
128,129,133,129,127,129,129,128,125,128,127,129,129,124,123,127,129,126,130,125,132,128,126,128,132,122,124,126,127,128,130,128,130,129,126,125,124,126,128,128,132,121,122,127,127,127,123,130,131,118,123,122,124,130,127,123,121,128,129,128,127,126,128,121
134,135,130,133,133,133,137,129,134,133,133,135,134,135,137,135,135,135,131,131,133,129,137,129,136,133,133,128,132,133,126,133,134,135,133,133,134,132,136,131,133,136,133,126,132,133,136,131,134,136,133,135,134,130,133,130,130,134,134,132,132,131,133,125
132,132,130,132,130,130,129,127,130,131,128,130,128,130,128,128,126,132,129,128,130,130,130,126,127,129,129,128,133,132,127,126,125,132,128,129,131,130,128,126,128,131,131,127,129,130,132,128,130,130,128,130,126,129,128,128,131,130,130,128,130,128,127,128
129,131,129,132,134,134,135,126,129,128,129,131,131,130,134,132,131,124,125,125,126,124,128,128,130,126,129,130,128,130,128,130,129,123,120,129,128,128,125,129,127,126,127,124,128,128,128,131,131,127,128,128,125,126,128,135,126,128,132,132,135,132,131,126
127,134,128,134,135,133,133,126,132,131,129,134,131,133,141,128,132,131,129,127,127,124,130,129,133,132,127,126,130,128,126,124,131,132,126,125,128,129,130,125,130,134,128,125,125,128,129,125,128,128,128,130,131,128,133,127,127,136,134,130,128,124,127,126
131,125,119,121,124,121,130,128,135,127,126,122,128,127,126,124,130,120,127,128,126,121,126,121,125,124,127,124,129,122,126,121,132,124,128,122,132,124,125,125,127,126,122,127,131,126,126,128,124,117,125,126,126,125,120,131,125,120,128,133,133,128,127,123
128,131,129,128,125,124,120,127,128,121,127,130,122,126,124,122,127,116,124,126,119,131,122,127,126,125,118,126,117,123,126,125,124,117,116,123,117,113,125,120,126,121,116,126,122,120,123,120,123,110,120,119,123,124,120,114,125,118,126,124,125,122,126,128
125,129,134,127,126,121,117,124,130,120,126,121,124,121,121,124,128,121,128,129,123,136,120,124,126,119,121,122,123,122,120,119,130,123,128,125,124,124,123,118,127,123,123,124,128,128,125,125,127,120,122,123,123,124,120,121,123,114,124,124,124,123,117,135
126,123,124,122,126,126,127,126,125,121,128,125,124,123,119,123,124,118,124,127,123,126,122,128,127,119,128,129,124,128,126,127,125,116,121,125,124,123,124,131,128,125,129,125,126,128,125,132,128,131,127,125,125,127,130,136,127,130,130,130,130,130,118,130
128,139,135,137,134,134,131,125,134,129,127,132,134,129,130,130,135,129,127,126,135,128,131,128,137,134,129,126,131,127,127,128,136,131,129,128,131,131,130,131,133,133,130,126,128,131,132,132,133,127,131,131,130,130,132,127,125,127,131,131,129,128,129,124
130,127,126,126,124,126,131,130,121,125,124,123,121,121,119,133,127,128,127,127,127,123,124,134,128,126,127,130,128,128,127,138,127,130,133,128,126,126,127,137,127,126,130,130,128,126,122,135,127,121,131,132,127,129,120,125,122,122,125,127,128,130,128,124
127,128,119,128,128,126,132,121,126,130,128,131,133,132,133,126,126,129,127,128,133,125,131,126,130,126,132,127,133,134,123,123,126,131,132,131,133,133,130,123,125,130,133,127,130,131,131,124,127,121,131,129,127,131,129,123,129,125,130,129,128,127,127,122
122,121,125,123,121,119,120,124,127,120,126,117,121,117,116,121,131,119,123,126,119,125,120,126,130,121,119,123,117,126,127,126,130,124,119,128,119,118,124,123,129,120,119,126,120,126,119,121,124,117,122,120,116,122,117,119,126,120,118,117,119,120,126,124
126,126,115,122,122,121,116,130,122,125,128,129,125,123,121,131,126,128,125,125,123,111,122,129,124,127,127,126,123,121,126,126,120,121,126,118,117,118,120,127,122,124,123,127,123,120,121,126,124,133,123,120,124,122,128,127,128,130,128,132,131,130,122,112
128,125,119,131,129,134,129,115,135,130,128,127,129,131,128,127,133,120,129,128,127,116,127,128,133,129,129,128,122,124,131,126,128,121,124,119,122,123,127,124,128,125,125,129,124,127,124,123,124,117,124,124,127,127,125,115,130,121,130,129,131,125,127,112
131,125,122,129,131,131,133,125,131,125,130,127,122,121,125,126,129,124,128,128,119,128,122,124,128,125,125,124,126,131,128,123,125,123,120,128,123,124,130,121,123,126,123,127,128,130,122,123,131,131,123,121,121,125,128,127,125,138,130,125,127,125,142,123
130,129,129,130,127,129,130,122,132,129,129,129,129,130,131,123,129,130,128,128,129,131,132,125,130,129,127,126,128,127,127,122,129,133,130,128,130,129,129,125,129,131,129,128,129,128,131,125,128,130,131,131,130,130,131,126,127,131,128,126,124,124,132,129
126,121,134,124,127,127,137,127,118,114,122,116,120,121,124,126,120,115,122,125,117,138,123,124,120,120,123,127,118,121,126,127,124,123,119,130,125,122,122,124,124,116,123,122,126,124,120,127,124,116,125,127,126,128,116,129,127,111,127,129,129,124,118,141
130,129,126,129,130,130,131,127,127,126,128,126,125,129,132,126,130,119,126,127,123,122,129,127,128,124,121,124,122,122,126,125,134,120,119,120,122,121,122,123,126,124,122,126,129,129,126,122,127,122,125,124,121,126,122,121,128,118,128,126,126,125,126,121
128,122,129,125,128,128,122,133,122,119,126,120,121,122,120,123,119,115,126,124,124,129,121,128,123,117,120,128,122,132,126,132,123,122,126,139,126,125,128,132,128,123,124,128,128,130,125,128,128,126,128,127,126,125,124,133,132,124,126,129,131,135,126,135
124,127,128,123,122,121,120,129,123,138,127,131,129,133,130,120,123,134,125,126,129,127,133,123,124,135,123,123,125,121,131,121,123,138,130,125,126,126,129,122,124,136,129,127,130,131,138,122,121,130,132,136,132,131,134,125,121,125,131,126,123,127,123,128
127,122,123,122,122,121,119,131,126,122,126,127,124,128,126,128,128,122,130,129,126,127,126,128,122,127,126,130,126,126,127,129,124,124,125,126,130,124,124,127,127,122,129,127,127,125,127,127,127,126,125,123,121,125,123,125,122,127,122,122,121,121,130,125
129,129,130,128,130,127,130,124,119,120,128,123,121,120,123,124,121,120,123,125,120,125,120,129,124,125,121,128,120,124,131,128,128,120,119,127,125,120,128,129,129,123,119,125,126,126,127,127,129,122,125,124,127,127,121,130,129,123,128,131,131,131,125,130
121,127,109,128,131,126,122,125,119,135,127,137,132,134,134,130,135,146,132,130,132,101,140,123,131,141,136,126,134,129,121,125,136,148,144,123,134,136,132,124,129,142,139,121,135,133,135,129,130,137,137,141,134,130,133,124,123,130,135,130,126,120,123,100
125,127,125,120,121,122,127,126,128,126,127,128,125,126,124,132,124,123,124,126,122,129,126,125,123,129,127,124,127,125,123,125,127,123,122,126,125,129,124,127,123,133,125,123,125,124,127,135,126,126,126,126,125,128,124,131,124,127,122,126,125,124,114,129
124,125,121,125,126,127,126,130,130,128,124,125,125,124,126,127,132,129,130,129,128,121,128,128,131,126,126,128,127,126,128,126,128,128,127,122,129,129,127,124,126,128,128,130,126,127,123,123,127,124,127,127,129,128,123,122,125,126,126,124,122,121,137,123
125,125,126,121,123,122,114,122,123,126,125,128,128,128,126,118,128,129,124,125,127,131,130,126,125,129,129,125,134,130,120,129,129,133,137,128,132,131,128,127,127,128,129,121,126,130,124,125,127,130,128,121,124,124,121,121,126,126,117,119,122,123,113,132
123,123,124,123,122,126,125,124,125,127,124,128,127,126,127,128,124,129,129,129,129,123,134,127,123,133,133,132,127,127,127,126,122,127,129,125,126,129,130,125,125,130,130,128,127,125,131,125,123,128,132,128,133,130,129,122,128,130,128,125,125,121,122,125
134,128,132,130,131,135,139,133,132,126,129,125,125,130,134,125,128,131,124,124,122,131,125,127,131,127,121,128,123,131,135,126,132,128,127,134,123,127,133,129,133,128,126,130,129,129,130,127,126,131,128,125,126,127,131,122,126,134,123,121,125,123,130,131
132,130,142,128,128,129,131,126,126,134,130,131,133,131,128,131,129,133,127,127,131,144,132,129,129,126,128,129,132,131,125,135,131,131,127,135,129,130,131,135,132,132,129,126,128,128,130,123,134,131,132,134,136,131,132,133,134,132,133,132,134,135,151,141
127,132,127,134,138,138,138,132,137,127,129,131,129,129,133,133,133,127,131,128,128,122,129,127,130,124,126,127,133,127,131,127,130,130,132,123,132,128,124,126,128,124,127,128,128,127,127,126,127,126,126,124,130,126,130,126,126,127,130,131,129,128,138,124
125,125,125,128,125,123,123,127,124,123,129,120,124,121,121,127,126,120,124,126,121,125,122,125,125,126,126,129,123,120,129,121,130,119,126,121,126,125,130,126,128,128,122,131,126,126,124,127,125,126,128,130,126,127,126,122,125,126,125,122,123,124,128,128
119,125,124,126,126,125,117,125,122,133,128,130,132,133,128,123,129,136,133,130,134,133,134,124,128,132,133,122,134,125,123,121,128,132,134,122,132,134,129,124,122,131,133,124,134,131,135,129,126,132,132,132,131,133,131,127,126,132,132,128,126,127,128,133
131,131,131,130,128,123,127,127,125,121,128,125,123,129,127,127,123,124,131,128,122,127,126,128,126,125,126,132,127,129,130,127,123,123,129,129,124,128,126,128,125,124,127,129,126,127,126,128,124,125,127,121,120,127,127,132,125,123,125,125,127,126,126,130
129,126,126,125,129,129,132,127,125,133,131,131,136,133,130,130,127,136,126,131,133,125,134,128,126,134,134,128,132,127,127,126,128,138,132,128,131,134,127,129,126,137,132,127,128,124,138,126,132,142,131,130,128,128,128,131,127,134,127,129,129,130,124,122
124,126,126,129,126,126,126,127,131,128,125,124,128,123,123,128,129,123,124,127,124,123,121,130,130,120,122,129,127,124,131,129,130,125,124,127,126,125,123,130,130,124,122,129,127,126,123,128,130,128,124,119,123,127,127,131,131,133,127,131,130,129,131,125
128,127,134,128,126,122,123,129,123,130,127,125,130,128,128,122,124,128,124,127,130,135,127,127,130,128,129,130,132,133,128,133,124,127,131,132,128,128,133,130,126,131,133,128,126,129,128,128,119,126,126,122,124,128,128,123,127,124,121,119,121,122,130,137
127,128,129,127,127,126,127,125,129,122,125,126,124,123,123,122,130,124,130,129,123,131,124,128,131,123,123,133,127,132,128,127,126,118,122,132,121,121,128,127,129,121,123,129,127,126,123,124,125,122,123,120,126,127,122,133,125,125,128,129,132,129,128,129
128,129,125,127,127,128,130,128,136,127,124,126,126,125,125,130,130,128,128,130,128,122,129,128,128,131,127,128,128,125,127,124,130,132,129,126,129,129,127,127,126,135,129,128,130,128,131,128,128,130,127,128,127,126,129,128,128,131,126,128,128,128,132,120
126,127,131,126,124,123,126,123,139,131,126,130,129,130,131,128,128,130,123,126,129,126,132,125,126,133,130,126,127,120,126,124,129,130,133,123,128,129,128,125,128,133,129,128,130,127,129,127,129,135,126,127,124,124,135,123,125,137,121,124,127,121,133,123
124,123,123,123,125,127,132,129,135,125,124,124,125,128,130,133,124,120,125,128,128,125,127,128,121,122,125,128,124,126,130,126,123,122,123,131,128,126,125,128,124,120,123,128,125,125,125,129,128,125,124,126,125,128,126,130,125,125,122,127,128,131,118,128
126,126,127,121,122,124,131,125,124,126,126,130,127,130,132,125,121,132,125,125,124,130,130,120,120,126,125,126,119,124,121,120,121,131,123,129,125,127,130,124,123,130,123,123,121,123,132,123,125,133,127,135,126,127,134,126,125,129,124,121,120,122,125,131
126,127,133,129,127,128,130,124,126,132,134,133,129,132,130,124,123,129,128,125,126,134,129,128,128,127,125,126,129,128,129,126,124,130,132,132,132,128,128,127,127,127,127,126,131,134,129,123,124,129,130,128,129,129,130,130,127,134,132,133,132,131,123,133
122,126,129,123,125,125,133,122,127,124,126,126,127,122,125,127,123,119,123,126,122,130,126,121,125,124,123,125,115,121,120,129,130,114,119,125,120,122,128,129,128,122,117,123,122,123,124,129,127,131,125,134,128,128,128,132,125,124,126,128,129,130,112,130
122,128,123,125,123,126,124,128,129,133,125,127,126,127,132,127,127,132,129,124,126,124,123,128,122,127,126,128,127,127,127,127,122,130,125,128,124,125,122,130,126,128,129,125,123,126,128,127,123,129,126,123,125,127,127,122,124,125,125,123,119,123,123,125
129,125,123,125,122,125,117,129,127,125,126,126,128,127,120,122,127,125,126,125,128,121,123,124,126,126,124,122,125,121,122,123,132,127,127,122,128,125,127,128,125,128,128,124,130,127,130,134,129,128,128,129,126,127,127,133,124,124,128,129,131,133,128,121
125,131,135,131,129,129,126,127,138,128,128,127,126,127,123,127,132,125,124,126,122,135,119,125,127,122,126,124,123,126,126,129,129,123,122,131,127,126,124,129,125,125,124,125,121,126,121,131,126,124,128,123,129,124,128,127,125,130,123,127,128,129,125,131
123,122,126,125,126,126,128,129,132,136,133,139,130,132,134,128,131,133,131,132,131,133,137,132,132,134,133,130,134,134,136,132,132,133,136,135,133,134,135,133,134,135,136,132,135,135,133,130,133,137,133,134,131,132,132,127,126,134,131,130,125,126,129,125
127,125,119,123,125,129,125,125,117,129,126,128,127,128,125,131,122,128,132,125,133,121,128,125,121,125,125,123,131,122,126,123,121,128,133,119,131,128,121,120,121,124,126,126,131,126,127,123,127,125,130,124,126,125,126,126,127,127,130,128,127,127,123,117
129,132,120,129,132,129,129,128,129,132,126,132,133,131,130,134,132,130,124,126,130,117,127,131,129,131,130,123,134,123,130,129,130,128,126,119,129,124,123,128,127,130,130,125,126,122,124,131,129,124,124,126,124,124,123,131,131,125,129,132,132,128,140,119
128,130,126,126,128,132,133,130,130,126,124,127,129,127,129,135,125,130,130,127,134,126,127,124,122,129,128,124,132,122,127,125,121,129,128,122,127,127,122,125,120,124,129,120,130,127,128,128,123,120,126,125,126,127,120,125,122,123,126,128,127,126,131,122
127,125,119,122,123,127,126,129,134,124,120,120,125,126,128,126,126,125,125,125,126,121,126,131,125,130,128,126,121,121,126,122,124,126,123,121,121,122,123,125,126,125,124,124,122,122,122,126,127,127,124,126,127,124,120,133,130,127,125,131,131,133,123,128
130,132,132,135,130,128,130,127,122,121,132,129,124,127,128,129,126,118,128,134,126,129,126,128,127,127,125,131,125,131,128,128,130,118,124,130,126,124,127,127,129,120,123,129,125,126,122,125,124,119,123,124,124,123,120,128,130,124,123,128,130,130,127,128
132,126,133,126,126,128,135,133,127,124,124,121,125,125,133,130,123,122,124,125,126,129,128,128,123,121,120,127,124,128,127,128,124,123,125,127,121,118,123,125,126,120,127,124,126,129,127,129,132,123,120,122,124,125,134,129,131,132,128,126,128,127,145,129
127,128,134,128,127,126,124,129,135,130,125,131,125,126,128,130,134,132,131,128,124,136,128,134,134,129,124,125,127,130,132,131,123,127,127,131,122,123,126,128,125,129,124,125,126,127,128,128,127,129,126,128,129,125,128,129,126,133,132,133,129,128,117,133
124,125,130,125,124,125,120,126,120,122,123,120,123,124,125,121,123,121,121,122,122,126,125,125,125,127,127,126,124,127,125,128,122,119,120,127,123,126,126,128,127,126,124,126,121,122,127,127,121,123,125,131,126,127,124,123,125,124,124,122,122,126,123,129
130,124,130,126,127,126,128,123,115,117,130,120,120,121,122,128,124,128,130,125,128,130,124,125,126,121,120,125,125,131,129,132,131,126,127,134,128,125,125,130,128,122,126,126,135,133,131,127,132,132,133,128,135,132,129,130,125,126,133,133,136,132,128,126
128,121,118,120,121,125,128,128,129,119,123,117,120,121,125,129,118,119,124,123,118,119,127,129,119,125,121,125,120,120,126,128,118,121,123,120,121,120,125,130,124,122,124,125,123,122,125,132,125,123,122,122,117,124,128,133,128,123,117,120,122,128,132,122
128,131,139,132,133,133,135,123,136,127,129,129,126,126,130,129,130,128,129,128,131,143,129,126,131,131,131,126,129,124,129,124,129,128,131,130,133,132,128,129,126,127,129,126,131,128,124,129,129,141,133,136,134,132,131,123,123,128,134,134,129,130,125,142
124,123,110,119,122,120,123,126,126,126,124,121,131,130,126,127,127,130,128,127,132,106,133,128,122,132,128,124,125,124,126,121,121,135,136,116,132,132,119,121,119,127,132,125,123,125,127,123,124,116,128,128,130,123,125,125,123,116,121,125,117,122,136,109
122,123,128,126,127,126,126,122,120,123,124,124,124,124,126,125,125,120,124,122,122,126,118,124,125,121,123,125,125,126,130,127,130,122,130,127,125,131,124,126,128,126,125,126,125,130,125,125,128,129,128,122,125,127,128,125,128,129,128,128,126,123,128,126
128,131,129,133,132,134,131,132,122,125,127,124,128,125,127,125,127,123,126,128,124,128,125,126,131,128,125,128,123,124,128,126,130,124,125,126,129,129,128,130,130,128,126,129,128,127,130,125,126,127,130,130,135,131,127,124,125,127,131,126,129,124,128,128
126,122,122,120,120,119,129,129,126,128,129,125,128,126,127,126,124,123,125,132,131,128,126,125,125,131,133,132,128,129,131,130,128,124,129,131,132,126,129,131,129,129,126,129,123,126,125,129,126,131,128,131,129,123,130,133,126,130,121,127,131,133,123,125
128,125,125,124,125,127,125,128,119,129,130,132,131,133,136,122,121,127,126,124,128,127,130,124,119,123,121,125,123,131,124,124,123,129,126,130,125,125,127,123,127,125,125,126,124,126,132,123,129,129,128,128,129,126,135,129,131,134,126,126,128,132,124,128
124,129,131,127,127,126,128,130,126,130,124,127,124,125,128,129,124,127,126,128,127,131,128,126,121,123,129,125,134,130,126,123,123,135,136,129,131,135,129,124,123,133,134,128,135,132,133,126,127,133,130,128,131,131,130,129,127,131,131,126,128,129,129,135
124,129,130,127,131,131,134,129,126,123,122,124,123,127,128,135,127,126,125,127,126,131,129,128,125,127,125,124,121,122,128,129,126,127,123,124,125,125,128,125,125,123,126,126,126,124,128,129,130,123,127,128,131,129,128,128,125,129,125,128,124,128,126,132
130,124,126,124,131,133,132,128,131,131,129,128,131,132,133,127,124,132,125,127,126,125,129,123,122,130,131,125,126,118,122,124,120,132,128,118,130,129,130,125,124,129,126,126,124,122,127,129,129,131,129,130,130,130,128,123,124,135,132,129,125,127,128,126
123,133,107,136,137,134,136,131,133,129,132,131,130,128,120,133,133,127,129,128,133,96,124,130,134,124,129,128,134,124,128,128,132,138,136,113,131,134,128,129,132,129,133,126,133,132,125,128,126,119,127,127,124,133,127,128,131,121,127,133,134,130,131,94
125,125,124,127,132,130,128,127,121,128,128,131,131,132,131,125,128,129,128,132,132,124,130,125,131,132,134,130,137,131,129,128,134,130,135,125,131,129,128,130,132,129,132,129,135,131,125,132,133,117,130,128,129,129,122,129,132,116,132,134,133,128,130,124
125,114,121,112,112,112,118,126,122,121,119,117,122,120,121,120,115,119,126,126,122,129,121,124,119,123,126,125,122,121,123,123,119,116,124,124,123,124,120,123,121,119,119,125,122,122,122,128,126,119,123,122,125,121,124,115,127,126,127,127,124,118,126,128
132,133,135,131,128,129,124,131,130,127,130,126,129,126,125,130,131,128,131,131,129,137,130,132,130,127,131,130,131,135,128,134,127,132,131,138,132,135,132,134,124,132,132,129,130,129,131,133,129,129,132,131,130,130,128,126,126,129,126,129,128,128,125,134
123,123,125,126,128,131,125,126,133,126,126,126,128,129,128,130,127,129,125,127,131,129,131,125,123,126,127,127,123,123,128,124,121,126,123,122,125,125,123,121,122,126,130,126,122,122,123,125,125,129,127,124,129,122,123,117,126,129,126,124,120,120,121,128
128,125,123,122,122,121,119,134,119,123,126,124,124,126,121,127,120,122,129,127,132,118,126,130,119,124,128,130,127,126,131,129,115,118,128,123,128,126,124,130,123,120,126,130,129,126,122,130,120,123,126,129,130,128,125,125,126,123,128,126,129,126,137,121
127,124,120,121,125,127,125,129,124,125,123,124,125,126,131,136,127,123,124,127,126,122,130,129,120,125,124,122,123,117,127,120,120,121,124,116,123,122,118,124,120,123,125,129,121,119,130,130,127,129,125,125,128,127,133,130,127,131,124,126,122,123,121,123
128,129,126,128,126,124,122,125,126,132,128,130,130,129,122,132,127,131,127,127,134,124,125,130,129,130,132,127,130,130,127,133,129,131,136,128,130,129,131,134,129,130,132,126,129,130,123,128,126,126,131,126,128,128,126,127,129,128,126,128,128,128,122,127
127,123,126,121,124,126,131,130,120,124,124,125,126,130,127,131,124,124,125,122,119,125,127,127,125,123,125,127,121,126,126,130,129,123,117,128,125,126,126,130,130,124,125,124,122,120,127,129,129,122,121,126,125,121,124,127,129,122,122,121,117,124,128,130
126,125,123,128,125,123,122,128,127,125,129,128,126,131,128,130,127,129,126,126,127,123,129,130,129,125,127,129,129,133,128,130,128,123,124,127,131,127,128,131,130,123,125,130,129,128,123,130,128,118,126,121,127,126,121,129,127,122,123,123,128,128,123,123
130,132,126,129,131,130,136,128,135,129,126,126,123,124,128,137,130,128,126,122,121,122,124,131,129,127,120,121,119,119,125,133,132,125,121,116,120,119,125,134,128,127,120,124,120,121,126,134,133,130,123,123,126,126,126,135,127,126,129,131,132,132,129,126
129,128,138,127,123,122,119,126,115,125,127,125,129,127,129,124,126,126,127,128,128,143,131,127,124,128,130,131,126,124,128,125,129,125,128,132,128,130,128,126,124,126,125,132,127,127,125,129,129,130,124,125,125,128,130,132,128,130,126,125,125,128,116,139
125,123,132,126,124,122,129,129,118,122,127,123,124,124,122,126,121,123,127,127,127,132,124,129,124,127,128,130,127,127,130,130,124,120,126,135,125,121,130,129,130,121,123,131,130,128,120,128,122,119,122,123,123,126,122,127,127,119,122,127,133,132,119,129
128,120,121,118,119,119,118,130,120,122,124,122,122,123,122,126,119,126,128,127,122,128,123,128,119,123,125,125,126,127,126,127,121,125,126,126,127,128,125,126,122,124,127,127,125,126,125,125,127,127,126,126,124,128,128,128,128,127,121,122,122,126,128,128
127,129,131,130,132,131,125,129,119,129,132,127,131,124,126,129,127,125,128,132,131,127,131,129,129,128,130,132,129,129,127,129,131,126,128,129,131,129,130,130,131,129,129,128,127,127,130,130,131,127,127,131,131,128,131,135,135,129,133,131,131,131,133,127
125,126,121,124,127,126,125,119,129,131,127,135,130,132,135,123,125,134,127,127,133,125,135,125,124,135,132,124,133,130,127,121,124,133,132,130,129,131,130,123,127,135,133,124,131,129,132,123,127,136,133,136,131,127,130,126,128,131,129,130,126,127,134,124
128,130,128,126,126,127,127,123,127,125,127,125,124,125,128,126,131,122,127,125,125,128,127,127,126,123,128,124,127,125,125,127,128,118,122,123,129,126,126,126,127,125,125,124,119,122,122,127,125,127,124,122,126,122,126,126,126,120,125,127,123,126,127,130
122,125,133,127,130,130,126,124,124,132,126,133,129,128,127,127,127,136,127,126,132,135,129,128,131,124,128,127,133,132,131,125,129,129,128,131,133,135,132,130,127,133,130,126,126,128,132,133,127,138,131,131,131,129,138,133,126,136,135,129,127,125,138,132
129,131,129,130,130,131,131,126,129,130,129,133,133,133,131,131,130,130,132,131,134,130,131,129,129,132,130,128,129,131,128,129,129,130,128,129,128,126,128,126,130,126,127,129,129,128,127,125,127,124,126,127,125,126,125,128,127,122,127,129,131,132,128,128
131,131,130,133,131,131,127,129,126,121,133,133,124,126,131,130,127,125,131,130,123,126,125,127,127,127,127,130,127,132,130,130,130,120,122,132,124,124,134,128,130,121,125,129,131,134,124,125,124,121,122,124,124,127,126,125,131,127,124,126,130,128,136,126
129,128,128,129,128,126,136,129,129,129,128,127,126,127,127,132,130,134,130,127,127,122,129,124,133,132,129,128,129,128,128,130,135,134,130,126,129,129,132,130,129,131,130,125,133,132,127,127,131,131,131,132,131,132,134,136,128,134,132,133,136,132,139,127
131,135,138,136,137,137,135,128,132,136,129,133,133,135,131,138,130,134,125,126,132,139,131,127,129,129,129,124,130,125,121,131,127,134,126,128,132,132,128,132,123,126,128,121,124,128,126,129,130,129,131,132,131,130,130,128,126,130,129,132,131,131,129,142
122,122,122,122,124,130,128,125,124,131,131,129,130,126,126,124,125,129,127,129,132,128,129,127,124,130,130,126,129,127,130,125,126,128,128,125,128,127,126,121,125,127,130,128,128,127,133,122,129,122,127,129,133,130,130,128,127,124,127,129,132,130,126,124
132,125,120,126,128,123,122,125,124,122,122,126,125,127,124,127,130,130,125,126,127,120,126,127,127,129,129,127,127,125,128,128,124,132,130,123,124,127,125,123,124,127,127,128,127,127,121,122,126,127,126,129,124,122,123,127,128,121,126,126,127,129,123,123
127,131,118,129,130,133,128,128,127,119,125,121,122,121,127,127,125,121,130,123,122,114,123,122,122,116,120,127,124,119,126,122,122,122,123,115,124,125,122,122,122,119,128,124,128,128,129,126,119,116,121,123,123,126,124,124,121,117,121,125,124,122,125,115
130,131,127,132,131,132,133,125,127,130,129,133,131,131,134,124,129,129,127,129,129,124,130,129,127,128,132,130,128,127,127,125,128,125,121,130,128,128,127,124,128,125,123,128,124,125,130,126,126,132,126,130,130,125,129,130,128,131,128,133,131,131,127,121
126,126,129,129,131,136,135,120,125,133,125,128,130,131,131,124,121,133,123,124,129,129,127,125,122,131,125,123,130,125,126,122,114,127,129,123,123,127,121,118,121,126,125,123,122,120,122,117,124,133,127,127,121,124,117,125,129,125,120,120,121,123,112,129
127,131,128,128,126,126,127,132,127,124,125,121,120,123,121,126,126,125,126,124,119,128,120,127,126,122,124,128,122,126,130,128,126,122,123,130,123,122,123,130,128,124,123,128,121,124,125,131,130,125,123,126,123,127,124,131,132,125,129,126,128,132,125,130
134,134,134,132,129,134,129,129,128,125,127,126,127,127,125,127,128,122,127,130,123,131,124,127,128,126,127,129,122,127,128,132,127,123,121,129,125,126,127,129,127,126,126,128,122,121,124,130,128,133,125,134,133,127,122,126,127,126,127,127,125,127,113,133
126,124,126,123,129,127,124,130,125,127,127,133,130,130,128,131,127,125,127,125,125,131,127,130,127,125,127,127,122,122,125,129,130,126,125,125,128,128,122,130,128,123,127,127,127,123,127,130,130,124,128,132,130,128,126,131,129,126,132,129,130,132,135,134
131,127,128,126,124,122,120,125,121,122,125,127,123,124,121,118,121,117,125,124,121,122,116,130,122,124,119,129,117,124,134,129,123,124,120,126,120,120,124,125,125,124,118,130,123,128,120,127,122,127,127,126,127,126,127,126,127,125,123,125,126,127,128,123
126,129,120,125,123,117,115,129,121,123,126,121,124,125,124,130,130,128,130,131,129,120,127,128,132,127,130,134,127,132,128,128,135,126,129,133,130,131,134,134,134,134,130,133,132,131,133,137,128,128,130,131,133,135,128,126,126,125,129,132,130,125,125,118
132,126,129,125,126,125,124,127,124,120,122,119,128,124,120,127,125,124,124,125,128,129,121,127,126,123,124,127,126,122,126,128,130,126,129,124,129,129,120,130,131,126,126,123,121,125,121,131,131,128,126,131,128,125,122,135,133,128,125,128,126,134,125,129
132,129,129,130,129,129,129,123,130,126,124,124,130,129,131,126,126,125,124,125,128,127,132,128,124,125,128,127,128,127,129,125,125,123,123,126,130,132,126,126,122,125,125,127,128,125,127,121,125,129,130,130,135,126,130,131,128,132,128,134,135,132,139,127
131,124,126,126,129,130,125,129,131,119,128,120,127,125,121,131,131,123,126,126,125,127,128,131,131,124,128,131,127,133,127,129,129,126,123,131,124,130,127,130,129,123,127,126,124,122,122,125,127,124,124,129,128,124,120,126,132,118,123,122,128,129,126,129
129,126,132,124,122,117,123,126,117,123,129,123,125,126,123,122,123,126,126,128,126,138,125,125,126,125,125,130,128,134,125,127,124,127,127,135,129,128,130,123,128,123,129,130,131,132,127,120,129,127,125,126,124,129,133,120,123,122,128,129,128,130,141,134
130,130,133,130,126,126,127,131,126,123,128,124,124,125,124,133,131,125,125,125,123,125,122,130,131,123,123,128,126,127,130,130,131,124,122,131,125,124,130,133,132,124,119,131,127,126,127,128,128,121,121,121,127,125,127,131,128,130,129,132,133,129,134,129
124,121,119,119,121,119,121,123,124,121,127,118,125,123,120,121,123,125,129,127,125,126,129,126,124,124,122,128,124,125,127,123,125,129,128,128,128,129,129,124,126,128,128,125,131,131,134,127,131,132,130,123,129,130,133,127,130,133,122,128,126,122,124,123
116,106,101,110,108,109,114,116,116,118,119,112,113,115,110,114,109,109,119,121,113,112,114,123,110,113,113,120,112,110,121,110,109,110,111,102,112,112,118,114,119,113,111,126,110,115,114,113,118,113,116,108,110,117,116,120,124,116,113,113,114,124,113,116
130,124,118,122,120,117,132,129,125,132,129,132,128,132,133,127,124,137,129,129,130,121,133,127,127,135,132,129,130,134,126,129,133,130,127,131,128,131,136,132,131,131,130,129,131,133,136,128,131,125,125,125,124,130,134,133,124,131,124,125,132,128,124,118
133,139,136,139,135,134,131,134,138,136,133,135,127,130,130,133,143,136,129,133,130,135,132,133,145,134,136,134,136,140,130,135,144,137,132,142,134,135,139,137,141,139,137,134,136,135,135,135,136,134,133,136,131,135,133,131,127,131,134,133,131,133,121,136
128,132,129,129,132,135,133,128,139,127,130,124,126,127,128,127,130,126,127,127,123,128,126,125,128,122,125,126,123,125,129,126,127,125,122,123,127,124,126,128,126,125,126,128,124,127,127,129,127,129,131,126,133,133,130,127,127,127,135,129,128,126,129,126
123,128,122,125,125,123,123,131,123,128,126,129,126,128,128,129,125,133,126,128,128,121,133,129,121,134,130,124,128,126,128,130,124,127,130,122,129,127,128,128,125,128,132,123,129,130,133,129,129,127,130,124,123,129,126,131,127,120,122,128,127,127,115,118
132,134,131,134,132,134,123,131,131,120,125,120,116,117,118,130,132,114,123,125,112,120,115,127,135,121,118,126,116,121,123,128,135,111,112,124,116,117,122,127,132,120,115,129,119,120,114,127,129,118,117,121,120,122,122,121,123,124,124,123,123,120,123,122
127,130,127,132,134,133,125,122,130,128,125,124,130,125,124,126,132,128,125,127,129,123,129,122,128,127,128,121,126,118,119,117,130,128,128,120,129,129,126,123,124,129,127,124,131,127,134,125,131,130,131,128,133,128,135,131,126,131,135,131,132,130,131,129
126,127,128,123,124,124,129,129,119,130,125,126,132,129,126,130,126,131,125,126,130,128,129,130,128,131,128,131,127,131,127,132,123,126,119,129,125,129,132,130,128,128,123,129,120,121,126,126,121,121,125,129,126,130,127,126,122,124,123,122,126,127,129,127
125,135,138,132,130,135,134,122,128,131,124,130,130,130,130,127,128,132,125,127,133,138,132,123,125,133,133,125,135,132,126,122,126,132,137,134,133,136,126,121,122,132,134,125,133,130,131,125,122,128,133,132,134,131,129,128,122,124,128,127,127,124,131,133
129,125,127,121,121,123,120,129,128,125,126,124,123,125,123,124,127,128,123,125,125,130,126,127,123,126,123,124,124,127,123,128,125,129,125,124,122,127,127,130,127,126,127,121,120,123,122,130,123,127,123,126,124,123,121,127,128,125,121,123,126,127,128,130
121,124,129,128,128,132,136,126,124,131,126,129,129,131,127,127,122,129,126,127,136,131,129,126,122,126,130,126,134,123,127,121,119,126,131,126,130,129,124,116,123,124,131,126,132,127,131,118,121,128,128,129,127,127,127,120,125,123,128,129,129,125,122,133
134,125,116,124,128,131,133,121,130,127,129,127,131,127,130,127,125,125,126,128,127,114,128,126,123,126,130,122,131,123,127,124,124,126,130,116,129,132,124,121,125,127,126,128,128,126,125,130,125,124,130,127,128,129,122,120,127,122,128,126,126,120,130,113
123,129,128,132,133,133,126,126,127,131,127,131,131,129,126,128,128,129,129,121,128,129,123,127,127,122,124,125,127,122,128,122,131,126,123,119,120,121,118,123,121,126,125,125,124,124,128,129,128,124,125,121,121,126,123,127,123,124,128,124,123,124,118,128
128,130,129,131,131,132,135,128,127,124,126,127,121,122,126,127,128,123,125,127,124,126,124,123,128,129,122,127,119,124,124,126,129,121,122,125,122,120,127,126,129,125,121,124,124,123,125,128,129,126,124,127,126,126,125,128,128,126,129,126,124,122,136,129
131,132,133,134,132,135,134,126,133,129,131,133,128,129,125,130,128,130,132,131,132,132,131,132,131,129,130,130,133,134,131,135,129,125,128,132,131,129,130,134,133,128,129,131,128,130,124,131,129,124,128,129,126,127,124,126,127,121,130,126,128,126,130,130
124,119,133,122,124,123,121,128,99,124,127,126,126,123,126,125,114,128,124,126,128,136,126,127,117,130,127,127,131,132,119,134,118,129,132,133,131,127,132,133,124,126,130,123,131,128,131,131,119,128,128,125,125,126,126,130,126,124,124,125,129,128,128,137
126,118,122,118,119,118,125,126,129,123,124,125,124,127,124,121,120,122,122,126,122,125,126,122,122,128,126,125,123,128,124,124,123,120,116,125,123,122,124,123,126,124,124,126,122,124,121,121,123,120,122,126,125,123,117,124,125,119,121,121,123,124,120,125
124,127,122,126,124,118,124,127,123,125,129,125,124,124,124,126,122,125,126,126,124,126,123,125,123,123,124,122,123,121,124,123,122,127,126,122,128,126,129,124,124,133,129,130,124,123,126,125,126,133,128,126,125,129,129,123,125,133,129,122,125,124,123,123
127,130,132,132,131,128,132,128,130,126,131,131,129,133,131,130,128,127,128,125,124,127,127,126,129,124,125,126,130,129,124,130,130,123,128,129,132,128,133,131,130,126,123,125,130,129,130,124,127,132,123,125,132,131,129,135,127,131,127,134,136,135,124,131
131,132,133,134,135,133,133,129,133,129,131,130,131,130,133,131,131,126,130,129,129,135,130,131,130,127,129,133,130,134,130,130,129,133,134,136,132,132,128,132,130,131,129,132,128,132,133,131,127,133,128,126,126,127,128,124,127,130,124,125,122,122,124,123
128,129,131,133,128,127,126,124,143,130,130,126,127,125,126,135,141,130,129,124,127,132,125,127,139,125,125,125,128,130,126,128,133,136,127,129,124,124,124,125,130,129,128,127,127,129,127,121,128,131,125,118,121,125,130,123,123,130,131,125,125,125,120,130
126,125,128,125,120,119,117,125,128,130,130,132,128,129,127,124,122,131,130,132,129,132,131,126,123,136,134,127,133,132,126,121,120,127,133,134,130,130,127,123,123,130,133,127,128,129,125,125,126,130,131,134,126,131,133,134,126,132,129,130,128,135,128,134
127,125,126,126,125,127,132,130,128,130,129,126,126,132,124,131,128,124,128,130,127,127,128,132,130,128,131,131,127,129,127,133,128,127,128,131,127,130,132,132,127,129,131,129,128,129,127,128,123,127,132,126,126,130,131,131,127,128,126,125,129,130,130,126
129,129,124,124,128,129,129,129,132,130,125,130,126,130,132,126,126,135,126,128,127,127,136,125,123,141,132,124,130,126,126,125,123,133,132,119,129,125,128,120,123,134,128,124,127,127,128,126,124,127,130,133,130,128,124,125,126,123,123,122,120,121,125,132
126,125,126,124,123,123,123,124,122,128,126,126,122,127,120,120,119,127,125,123,123,125,122,122,117,121,124,125,124,122,126,119,114,124,123,123,124,120,119,118,119,124,123,125,121,121,121,121,119,123,121,118,124,121,119,120,121,121,120,120,121,122,114,126
124,122,128,128,125,125,124,121,124,125,128,129,126,127,125,119,125,127,128,124,133,132,123,129,129,122,127,130,131,135,130,128,129,126,132,133,132,127,131,133,133,122,126,128,131,131,131,131,125,124,127,126,124,126,125,128,126,124,123,126,127,128,116,126
127,121,107,122,129,129,131,126,121,123,121,126,123,128,126,128,126,123,126,128,124,103,118,128,122,121,122,123,123,114,126,120,124,127,130,112,126,119,120,123,121,120,121,128,120,121,120,124,127,126,122,122,123,123,122,115,121,125,119,115,110,118,120,104
132,127,130,130,128,130,129,127,129,128,129,131,130,129,130,128,133,138,129,128,136,127,136,130,135,133,134,128,136,139,131,134,132,134,132,136,134,134,134,129,130,135,131,129,130,131,137,124,130,135,133,137,131,132,137,122,126,130,130,123,121,126,129,126
130,128,131,126,125,125,127,125,126,132,129,129,126,131,140,128,137,131,127,125,120,135,132,129,133,129,123,120,121,123,122,127,135,133,122,126,125,127,126,128,129,135,122,121,122,124,133,128,130,137,123,127,128,127,134,130,134,138,130,130,128,127,134,140
122,120,126,123,122,123,122,124,117,124,129,125,125,124,121,126,119,125,129,127,125,127,121,128,122,121,124,128,126,127,130,125,121,125,126,128,125,125,125,122,122,123,123,127,126,129,122,119,121,121,124,123,126,127,126,123,123,126,126,129,128,128,124,129
130,123,128,125,121,122,123,130,127,124,129,124,125,123,126,123,124,123,125,126,125,131,123,125,128,122,120,127,121,130,127,127,127,127,123,132,122,122,127,126,128,127,126,128,126,127,125,123,129,129,125,124,125,126,128,128,129,131,123,123,124,125,124,132
126,125,128,126,123,126,123,124,118,125,124,128,126,127,131,120,124,127,126,127,122,124,128,125,125,128,125,125,121,121,124,124,122,123,122,120,122,125,122,125,127,122,123,124,122,123,122,125,125,125,124,127,125,124,125,116,125,129,118,117,119,121,125,122
127,127,115,124,127,133,133,127,139,133,129,132,133,134,130,126,128,130,128,129,130,115,135,125,129,130,132,128,129,126,122,127,126,132,132,122,130,135,129,127,127,134,129,124,126,126,133,128,126,131,131,133,125,127,129,127,128,126,127,130,129,131,125,117
123,114,127,121,125,127,122,128,120,121,126,127,127,126,130,124,119,124,125,129,128,133,127,129,118,127,130,125,127,131,125,125,118,120,121,133,127,126,126,127,123,122,128,126,126,130,127,125,120,117,120,122,123,125,122,124,126,107,123,123,128,124,118,131
130,128,118,129,129,131,136,127,130,128,129,128,121,126,130,128,130,124,126,125,124,117,125,128,129,126,125,125,124,126,129,128,135,123,125,123,123,126,124,129,128,127,124,128,126,127,125,130,131,130,127,124,125,126,123,137,126,131,128,128,125,128,128,115
115,115,121,120,120,118,118,127,113,129,130,132,133,132,130,118,116,129,132,136,133,134,131,126,118,131,134,136,136,134,131,122,119,126,132,132,131,133,131,120,124,131,135,136,131,130,125,116,117,122,128,132,131,131,125,117,118,120,120,119,118,120,113,127
131,135,131,136,134,137,137,126,135,132,129,132,127,125,132,126,129,127,128,126,131,126,126,124,132,126,124,126,129,128,126,123,127,125,129,126,126,123,123,121,130,123,126,126,131,129,125,122,131,125,125,128,123,124,129,132,131,132,130,128,128,130,125,127
127,129,129,130,127,127,127,128,126,131,127,132,130,131,132,131,128,135,124,127,130,120,131,125,126,137,130,126,128,125,127,133,127,135,129,124,130,131,130,129,128,134,129,126,129,128,129,124,127,133,130,134,132,128,132,130,131,131,127,130,131,130,135,126
128,129,129,131,130,133,136,126,142,134,131,134,133,131,136,129,132,131,130,130,129,132,130,125,133,130,134,131,130,133,129,125,130,127,125,133,124,130,131,127,131,135,130,128,132,129,135,126,131,131,130,136,133,130,136,131,127,131,135,129,132,128,132,128
126,127,125,125,123,124,122,128,120,122,126,121,123,122,124,126,127,123,128,126,121,124,122,124,128,122,121,127,120,124,124,127,129,123,121,126,119,123,123,126,129,124,121,126,124,125,122,129,128,129,127,127,126,129,121,129,127,131,125,125,130,133,121,131
126,121,124,121,124,128,134,127,129,132,132,130,128,131,126,127,123,128,125,126,129,126,128,128,128,123,126,131,127,128,131,122,131,129,132,129,130,129,132,132,131,126,127,134,126,130,131,129,134,123,128,129,125,132,133,136,129,129,121,127,128,131,135,126
127,124,130,125,124,126,129,126,133,140,134,138,140,140,141,132,133,143,139,136,138,141,144,130,131,143,145,137,138,140,136,132,128,143,140,145,139,141,139,131,130,142,140,135,136,137,142,126,132,149,139,142,142,138,146,137,134,147,135,133,129,131,149,136
130,131,124,131,131,127,124,128,131,125,131,129,125,127,129,128,133,123,129,130,122,120,123,128,138,122,126,129,123,134,127,133,133,119,116,130,120,122,126,127,132,123,123,129,124,128,119,127,129,121,122,123,120,124,126,130,128,127,127,128,128,128,126,119
126,125,137,125,130,125,122,127,124,131,130,134,131,130,129,130,126,123,128,128,132,145,127,126,124,128,129,126,126,122,128,128,123,124,130,133,129,125,125,129,122,128,129,130,127,124,130,134,127,126,131,128,131,126,130,133,120,126,131,128,126,126,122,145
130,129,129,129,129,127,129,123,123,125,130,125,125,127,114,126,126,125,131,129,125,134,124,126,128,121,131,126,128,128,125,126,129,122,126,128,126,125,126,127,130,127,128,128,130,131,126,127,129,128,126,123,128,128,131,131,127,134,131,132,132,129,134,130
129,130,128,130,130,128,131,135,123,128,129,130,127,130,129,132,126,128,132,132,128,129,126,130,129,129,130,132,130,133,128,135,126,129,128,132,130,129,127,132,125,125,131,129,128,129,123,128,125,127,128,126,124,125,122,131,129,126,128,127,127,131,131,130
135,134,129,130,128,130,141,134,145,134,133,130,127,129,132,144,136,133,129,128,127,129,130,135,138,132,130,129,128,128,133,135,136,132,131,132,128,131,135,132,134,132,131,132,132,133,138,135,139,135,129,131,125,132,141,135,133,138,136,137,135,132,151,125
128,128,143,127,127,127,128,130,134,125,128,123,131,132,127,135,124,124,127,125,123,145,124,130,124,126,124,130,125,133,124,134,126,120,125,139,128,122,126,129,131,122,123,125,127,124,125,126,128,125,126,125,129,120,125,116,124,128,124,122,121,121,119,146
125,125,125,125,124,123,119,129,119,129,127,129,127,130,121,130,122,132,131,131,131,128,125,129,120,123,131,131,132,128,127,129,121,128,128,131,134,135,125,127,122,123,132,127,132,131,126,122,126,126,128,126,128,130,130,122,129,132,128,126,126,124,131,122
127,129,129,129,130,130,128,129,128,123,126,123,125,124,126,129,129,124,126,124,126,127,124,127,127,123,124,125,125,126,126,129,127,123,124,125,124,123,123,126,127,123,124,125,123,124,123,126,127,123,121,122,122,122,124,124,126,123,123,122,122,123,126,126
126,124,129,124,128,123,124,124,117,119,126,122,127,125,127,124,124,124,125,123,125,132,121,125,123,124,120,125,125,126,126,126,126,120,125,126,125,124,122,127,125,123,124,126,122,125,123,123,124,124,125,129,133,124,119,123,125,118,123,125,126,125,118,134
133,135,135,133,129,131,131,128,133,127,126,129,122,121,126,131,135,126,125,127,126,133,124,132,134,131,130,128,128,125,127,130,130,126,128,127,125,122,126,127,128,129,129,131,127,126,123,131,135,128,126,126,120,125,128,122,128,134,126,124,120,120,135,130
130,126,129,125,124,124,133,129,127,126,128,131,123,125,128,124,126,126,127,132,129,132,129,127,127,130,131,130,129,134,128,129,126,122,120,132,125,124,132,129,127,128,123,128,124,124,125,124,126,127,123,128,127,129,133,127,128,124,122,130,132,129,133,132
129,126,116,124,122,123,118,130,123,127,127,122,128,125,129,129,124,127,128,129,127,118,128,130,124,128,126,127,125,121,129,125,119,127,124,118,125,126,124,123,117,126,126,126,125,127,127,128,121,125,126,124,124,126,125,126,127,120,120,122,124,126,123,118
130,127,130,128,124,129,136,132,124,124,127,128,125,129,127,129,122,124,126,128,128,127,132,128,130,125,126,126,126,132,125,136,126,120,128,128,123,125,133,136,135,122,122,124,128,131,125,132,128,123,123,125,127,127,122,123,129,122,126,129,136,135,126,128
125,125,146,131,127,126,124,128,115,124,125,127,129,128,127,123,128,129,128,128,133,154,132,129,128,130,128,132,130,129,131,126,129,131,134,136,128,132,129,126,129,132,131,133,131,131,135,123,130,131,131,125,127,130,128,127,133,128,125,133,131,130,131,149
126,126,119,122,125,126,126,128,128,133,127,129,130,129,128,135,128,133,124,129,128,121,127,131,122,134,130,125,124,121,125,121,122,133,128,121,126,129,124,123,119,130,127,126,126,127,128,126,125,134,129,130,128,126,129,127,126,133,128,126,127,124,127,123
124,125,128,121,122,119,116,128,114,127,124,128,127,127,121,126,122,127,124,125,127,127,124,129,122,126,124,122,128,122,125,124,124,122,126,125,124,123,123,125,125,122,122,127,124,122,120,131,130,128,126,129,129,130,129,130,128,132,128,131,130,121,133,130
129,137,130,133,135,131,130,131,131,128,125,127,126,125,132,133,135,125,123,126,121,123,128,125,134,124,122,124,122,120,126,128,130,125,121,117,120,121,125,126,127,126,121,123,121,120,125,130,126,130,125,126,127,125,128,134,125,124,127,124,130,128,124,128
127,127,129,130,124,123,124,124,130,131,128,129,133,131,127,129,128,127,128,130,132,127,131,126,130,131,134,126,135,130,119,129,128,129,132,127,131,134,130,129,128,131,132,124,135,134,133,131,130,130,130,129,128,131,132,129,126,132,135,132,136,131,141,125
125,123,118,123,122,124,119,127,118,120,126,121,120,118,122,123,120,124,125,123,122,115,125,122,117,115,123,125,125,123,125,126,123,125,125,116,123,123,124,122,125,121,128,128,122,124,125,123,127,125,123,124,126,127,123,125,126,120,126,124,122,126,113,115
123,128,141,131,133,137,129,127,133,137,127,137,135,133,137,125,123,134,127,127,136,147,138,126,123,138,135,125,133,130,121,127,127,135,136,132,133,132,133,128,124,138,132,123,130,129,134,132,126,131,131,137,131,129,131,127,124,131,136,130,127,121,126,144
128,131,130,128,128,126,117,128,129,120,123,131,126,128,127,131,130,122,125,124,128,128,128,122,127,131,125,124,122,122,123,127,127,121,119,121,125,126,126,128,126,129,123,122,126,123,128,128,129,126,126,133,131,123,127,126,129,123,130,130,128,130,124,131
124,124,122,126,129,129,127,125,126,126,123,122,129,126,125,127,130,126,124,126,125,120,130,126,129,130,128,123,127,123,125,132,130,131,127,121,129,129,130,131,128,133,124,123,129,124,130,131,128,131,129,132,134,132,130,128,122,123,129,132,134,128,121,122
130,130,125,130,128,125,127,129,133,118,122,119,118,120,125,127,128,115,128,124,120,128,120,130,129,123,121,127,117,128,124,124,130,123,116,124,121,123,127,129,127,125,126,124,124,121,120,126,127,123,124,126,118,125,124,123,123,127,123,123,123,121,123,124
126,135,135,135,137,138,133,127,137,129,129,128,129,128,125,129,128,125,128,129,130,135,124,126,127,120,127,126,132,124,125,123,126,126,131,125,135,131,122,129,126,125,132,127,130,127,123,134,128,126,127,125,129,124,117,126,129,123,129,128,126,127,125,135
126,122,124,123,122,124,117,126,128,123,125,125,130,127,124,126,126,126,127,127,129,128,126,126,125,129,130,127,125,125,127,127,124,128,125,127,127,126,127,125,125,127,127,127,127,127,127,127,123,130,127,126,129,129,128,128,126,125,123,122,125,125,127,126
131,132,133,133,132,131,129,129,126,127,130,126,126,129,128,126,129,127,131,130,126,129,126,126,130,128,130,129,130,132,130,127,130,127,128,131,128,129,127,125,128,125,132,128,129,129,126,125,125,131,125,127,128,126,126,127,131,124,128,124,127,126,130,133
128,127,134,127,122,124,125,126,126,126,125,128,127,124,124,126,127,128,124,127,129,133,127,127,132,127,124,131,130,140,126,135,128,130,131,137,129,132,133,133,135,129,130,126,125,130,129,129,127,130,134,136,133,129,126,123,128,124,120,117,119,123,132,136
130,132,126,130,130,131,128,125,132,131,128,128,131,135,134,127,131,131,129,126,128,118,131,127,128,132,132,123,127,120,129,120,121,128,125,115,125,127,122,118,125,131,131,128,124,124,124,123,128,134,128,128,128,127,124,113,125,135,127,122,120,117,119,119
124,119,124,123,129,132,135,125,130,130,130,130,128,127,131,131,123,126,128,127,128,128,128,128,124,125,129,133,129,129,127,128,127,128,131,133,133,133,133,136,130,132,131,131,133,132,126,132,123,131,132,133,133,130,125,126,128,126,126,126,126,127,134,129
126,128,123,123,127,125,125,129,129,134,129,129,132,130,127,128,127,133,129,127,132,125,129,129,127,128,129,130,131,127,130,124,124,133,133,124,131,133,123,124,120,134,133,128,126,125,133,127,125,134,133,134,129,127,129,134,124,131,131,132,128,134,133,128
126,126,130,127,125,128,125,126,119,123,126,125,124,127,126,125,122,127,128,125,126,126,123,128,124,127,125,125,124,126,129,125,129,123,123,123,127,128,126,126,127,127,125,125,122,121,129,127,130,132,128,130,130,131,127,134,128,126,127,131,131,131,130,131
127,130,129,132,129,129,130,128,132,135,129,130,131,130,133,128,133,132,130,127,132,129,130,127,133,132,131,128,130,131,126,127,132,134,131,129,128,131,129,131,130,130,133,129,129,129,127,132,131,126,130,134,126,132,129,131,123,129,132,129,130,132,123,129
133,132,132,129,127,126,133,127,136,131,125,125,128,127,129,130,129,125,123,125,126,126,126,127,127,126,126,129,125,122,129,129,131,124,124,124,127,126,128,128,131,127,122,129,124,123,127,129,132,127,128,125,129,129,136,129,125,131,131,127,126,127,136,133
126,128,124,127,122,116,126,128,123,130,129,131,132,133,130,130,125,130,127,131,136,126,133,125,129,133,136,126,134,131,123,127,126,131,133,127,130,131,130,130,128,133,133,126,127,127,123,125,125,131,128,129,124,128,121,129,125,130,124,126,130,129,123,123
128,128,132,127,125,123,124,128,127,127,129,123,127,124,122,132,129,128,129,128,128,132,126,127,128,129,122,128,127,135,130,129,129,138,129,137,127,130,129,131,128,129,131,126,133,134,132,125,126,129,134,130,128,132,129,133,130,129,131,133,132,130,127,127
130,132,121,128,128,131,128,129,139,135,131,132,129,128,132,128,127,127,125,128,126,115,130,125,127,128,128,125,128,128,121,124,124,126,124,124,128,130,131,130,124,132,129,123,131,129,131,129,123,135,129,129,131,128,133,126,128,139,131,130,131,126,128,119
129,128,128,130,131,134,136,122,135,133,129,136,134,132,136,125,127,137,134,130,137,129,141,126,129,133,133,127,135,131,125,122,124,138,136,132,135,134,132,127,124,137,137,125,137,134,138,128,126,132,136,139,136,131,135,127,123,132,132,127,125,125,130,125
124,129,128,129,127,129,126,123,127,128,126,124,124,130,129,121,124,126,126,127,126,126,129,124,127,127,130,131,127,130,125,125,125,127,126,129,129,130,129,123,128,130,131,127,128,129,126,121,125,134,126,130,133,126,127,124,130,130,128,130,129,128,125,128
129,129,124,131,131,131,129,125,129,132,130,131,131,130,131,128,130,130,128,127,129,126,131,130,131,130,130,127,127,127,126,123,129,129,132,127,128,128,129,128,126,132,132,127,129,128,131,127,128,132,132,134,131,128,125,127,126,125,132,129,128,132,113,124
124,121,123,118,119,125,126,129,124,129,126,131,131,131,128,126,130,136,129,128,132,137,134,128,132,133,131,128,131,131,126,133,128,134,133,135,128,127,133,131,130,133,127,127,128,129,130,124,125,131,127,128,124,125,127,131,130,128,125,122,123,128,138,136
123,128,130,129,129,126,111,123,116,136,129,133,131,132,128,119,130,135,131,126,127,131,129,128,127,131,131,124,132,123,124,121,123,131,128,124,127,128,125,120,124,132,130,127,130,127,124,120,116,122,127,126,130,126,124,123,125,118,132,131,132,128,119,131
126,125,127,126,129,130,130,128,127,126,126,127,124,130,130,131,131,124,129,129,123,127,132,128,128,130,125,130,120,126,131,131,128,126,125,128,124,125,128,129,127,133,124,129,125,125,133,130,128,123,128,127,128,130,130,128,125,123,130,130,128,128,127,129
134,130,125,124,118,117,127,131,138,125,127,123,127,122,124,133,125,127,128,127,128,126,126,126,123,131,129,130,125,134,125,133,125,127,130,131,127,129,132,131,126,125,130,123,126,127,126,124,124,123,126,125,124,126,132,127,128,126,125,126,131,130,133,126
122,117,123,122,121,123,128,124,116,120,125,120,117,117,118,121,114,116,125,126,119,119,119,122,115,118,122,122,119,120,128,123,118,112,119,121,121,122,122,123,124,114,120,126,123,124,123,128,120,122,119,119,125,126,124,123,122,123,119,120,122,122,133,119
128,131,122,128,132,134,131,126,140,122,123,125,127,126,121,130,129,122,127,127,124,114,122,127,128,123,130,129,124,124,130,126,126,117,120,119,121,123,118,124,125,118,129,130,123,125,116,129,124,119,125,125,123,125,117,115,125,115,123,122,117,122,115,111
124,129,128,129,130,129,125,122,124,124,121,123,124,118,122,127,128,129,125,122,124,125,128,126,124,124,124,128,130,126,123,128,127,129,132,123,127,133,126,127,125,126,128,123,127,127,128,130,126,130,126,125,124,130,127,133,126,128,130,129,129,128,119,127
131,130,118,126,125,126,125,128,133,123,124,124,121,122,125,131,128,116,121,125,123,117,126,127,124,119,124,126,125,127,125,128,127,117,127,126,123,123,127,129,125,126,123,125,124,124,126,128,127,127,125,129,127,125,130,133,129,132,129,131,131,132,130,120
123,125,121,124,127,129,122,122,123,125,121,121,123,125,122,119,123,129,125,126,124,119,122,122,118,122,124,119,121,117,121,120,121,125,123,114,123,125,119,122,119,124,128,119,117,115,121,126,126,123,124,123,124,120,124,129,124,123,119,120,116,123,131,122
125,131,125,130,128,124,119,130,126,124,124,124,124,127,122,128,128,120,128,125,127,123,120,125,127,121,124,125,126,124,128,123,126,120,127,132,126,130,122,122,124,122,125,124,128,128,126,124,126,123,123,126,121,122,125,120,127,124,131,126,121,119,136,119
125,128,126,127,127,131,129,129,124,132,126,132,131,132,132,128,127,132,127,128,131,126,136,126,121,131,132,124,132,127,128,125,124,132,132,126,130,135,126,124,124,130,135,127,128,128,133,132,133,134,133,136,132,131,136,131,129,133,133,132,126,127,137,125
125,123,131,125,131,126,129,124,127,126,126,127,125,126,126,127,130,127,125,125,126,131,130,122,128,131,128,123,126,123,123,129,130,128,127,122,128,125,127,130,125,130,123,122,125,123,131,128,130,134,124,130,127,125,134,128,125,134,132,132,128,125,133,126
129,134,131,130,123,122,129,129,137,134,130,129,131,129,131,131,136,135,129,126,132,132,126,128,139,128,130,131,133,135,129,130,135,136,133,136,130,133,130,134,132,129,135,129,133,132,130,127,130,125,131,132,130,130,125,127,126,125,131,132,131,132,126,127
131,132,128,128,126,126,129,135,129,135,127,127,132,129,134,132,128,130,127,124,127,129,129,127,128,131,127,123,127,125,124,131,123,124,121,119,122,121,125,128,125,126,125,123,125,124,121,127,124,123,120,122,120,123,120,128,130,122,120,122,121,126,120,138
129,126,123,126,126,130,125,126,129,126,129,126,130,129,128,124,124,126,127,126,127,130,126,128,125,125,123,132,129,127,131,124,128,133,134,131,134,130,131,127,128,131,125,132,129,131,136,126,127,131,130,129,134,130,129,126,125,125,135,131,132,127,123,124
127,120,125,124,125,126,126,127,120,119,129,126,124,127,127,125,123,122,123,125,120,118,122,126,125,130,123,128,119,130,124,133,126,120,117,130,122,121,128,129,131,121,123,128,122,124,124,124,124,121,123,132,128,123,118,119,124,121,122,124,127,122,129,122
128,128,138,128,126,122,130,121,126,134,130,124,133,128,126,128,123,128,129,127,128,138,127,128,126,125,127,131,129,134,129,131,127,131,132,139,133,130,133,134,135,129,125,129,128,129,133,123,126,131,129,128,128,127,130,125,128,126,123,126,128,130,127,139
121,124,129,130,130,127,120,123,124,122,129,126,123,124,123,124,129,124,124,127,125,125,123,123,128,123,124,127,123,126,125,123,124,122,124,127,124,122,125,125,125,124,125,127,124,124,122,124,124,122,126,126,125,126,120,130,131,126,128,127,122,126,123,128
123,126,117,128,128,125,123,123,125,123,124,127,130,125,127,126,138,126,127,127,129,120,134,128,136,133,129,126,125,124,129,127,138,131,132,122,129,130,129,129,129,133,131,127,126,126,133,127,129,134,134,133,129,129,125,126,128,129,129,126,126,124,130,119
124,122,121,121,124,123,124,128,124,124,119,126,128,130,131,132,128,132,125,124,130,117,134,134,126,130,123,123,129,123,126,129,123,131,133,121,132,130,124,128,125,129,125,124,126,121,130,128,130,133,128,134,131,124,128,122,122,129,125,123,122,122,133,119
132,133,131,132,131,134,134,126,135,125,130,129,126,127,130,131,131,127,128,125,125,128,126,129,131,122,128,127,129,127,123,133,131,127,129,125,128,128,126,133,126,129,125,125,128,127,129,132,125,131,128,130,128,126,132,127,127,135,135,133,134,133,125,127
127,128,114,127,123,127,129,127,130,130,125,127,122,126,131,127,123,128,129,129,123,110,123,127,122,124,127,127,125,121,129,117,121,120,121,110,123,126,119,118,122,122,123,132,126,121,125,125,124,124,123,129,124,127,132,123,126,133,130,126,124,124,122,113
134,124,121,123,125,127,132,135,129,126,126,125,122,124,132,131,126,135,128,129,125,122,136,135,126,133,131,133,124,129,135,135,124,131,127,129,128,128,135,134,129,134,129,129,128,128,130,133,128,136,130,130,127,128,131,129,132,129,129,128,128,128,119,125
126,124,125,123,125,126,132,128,130,124,128,132,126,129,130,131,126,129,130,128,130,132,131,127,124,137,137,123,132,127,123,127,127,125,131,125,133,132,132,132,124,131,131,125,132,131,129,132,126,126,127,125,122,128,130,132,131,131,127,130,130,126,137,130
125,127,128,125,125,125,124,129,125,127,128,132,125,126,123,125,123,127,130,128,131,136,127,126,121,126,127,128,130,128,131,122,122,127,138,128,132,128,127,121,123,121,130,129,135,129,124,122,121,124,125,130,126,125,122,124,128,121,121,122,127,126,130,135
122,127,134,124,125,128,129,124,129,125,120,125,124,123,122,128,128,124,130,127,131,140,127,125,123,125,129,128,130,124,126,119,125,128,130,129,128,130,123,122,124,126,133,127,132,127,123,127,125,123,127,133,131,128,121,118,125,117,125,123,120,119,124,134
129,130,132,131,127,123,122,126,126,126,130,132,126,130,126,124,131,126,126,128,130,131,128,129,132,130,129,133,130,132,132,128,130,127,131,135,127,130,128,126,130,126,132,128,136,130,125,125,129,125,127,127,127,126,131,125,126,130,130,127,128,126,130,129
125,124,123,125,123,125,131,126,124,128,127,127,124,126,125,124,119,126,124,124,123,124,123,125,121,128,124,125,126,124,125,123,126,126,128,122,125,126,127,124,122,125,127,127,123,120,126,129,126,122,126,127,127,125,121,133,129,129,119,124,126,126,124,127
127,124,122,126,125,126,128,123,131,132,132,133,131,130,131,127,128,130,130,131,126,125,127,123,126,131,128,123,129,130,125,128,125,128,128,125,129,128,128,125,125,128,128,133,129,127,130,117,126,133,129,131,128,126,126,125,124,133,119,120,120,117,120,120
130,127,126,124,124,127,129,127,128,125,124,124,126,124,127,131,129,124,124,126,126,133,127,125,119,125,127,127,127,125,124,129,119,124,122,122,123,121,123,127,123,130,129,128,128,126,125,127,128,127,122,119,122,124,134,124,123,124,128,127,124,124,124,136
126,128,131,130,129,130,128,131,126,127,128,126,127,129,126,130,127,124,127,129,127,131,126,131,129,126,127,129,128,131,130,129,127,125,129,131,130,128,129,130,129,129,125,123,126,126,126,128,128,127,126,123,124,125,129,127,130,128,130,129,126,127,128,126
122,124,121,122,124,127,130,123,125,129,122,122,122,126,126,124,125,127,124,118,127,125,124,129,123,126,124,124,122,123,125,125,123,125,124,126,120,123,123,127,122,123,127,122,124,121,123,129,121,128,124,123,124,121,119,119,124,133,123,123,123,125,119,131
131,128,125,126,127,127,132,136,126,133,132,134,132,130,135,135,125,135,135,136,135,128,133,125,124,129,128,129,131,129,130,129,122,131,133,128,132,134,129,129,123,126,130,133,130,128,131,121,118,123,125,129,125,124,128,125,121,121,128,127,129,129,126,127
131,131,127,128,131,131,130,122,126,129,127,125,121,126,131,126,124,125,122,124,122,124,121,126,124,125,127,126,124,125,121,126,126,122,121,132,124,119,123,127,127,123,121,121,121,126,117,126,129,126,124,129,122,128,138,130,127,143,133,131,128,127,129,125
133,130,125,129,129,127,131,126,132,133,130,130,132,128,134,125,127,125,129,126,128,126,123,124,128,123,126,126,130,120,127,121,129,128,129,127,123,130,130,124,125,132,136,133,129,125,126,127,125,133,127,130,127,131,129,123,123,137,125,126,123,122,122,125
129,129,124,130,128,129,129,120,128,129,128,129,128,128,126,126,126,124,129,131,127,121,122,128,129,129,128,125,124,126,130,128,129,130,129,130,128,124,128,125,125,135,131,129,127,130,126,128,127,131,133,128,130,129,122,125,125,128,126,126,127,125,123,119
118,128,138,133,131,131,126,124,121,134,135,139,136,135,134,120,123,130,132,139,137,137,133,124,132,130,134,141,134,135,139,127,130,129,132,134,134,136,133,123,132,128,132,132,130,136,131,116,122,124,128,129,129,129,124,121,123,127,123,123,127,124,123,130
119,131,130,127,129,127,129,136,129,132,131,132,129,129,127,130,124,126,129,132,127,140,126,128,126,125,128,137,128,126,126,128,125,125,128,124,126,130,128,127,132,127,128,127,124,127,123,123,126,122,122,126,126,123,114,124,127,125,129,130,125,129,122,140
134,127,129,123,124,126,128,131,136,123,123,118,120,124,128,135,132,121,124,121,121,133,128,128,128,125,125,128,126,124,125,129,131,125,123,125,126,123,126,130,129,126,124,121,127,120,127,133,128,123,122,118,126,126,120,126,128,127,125,125,123,125,126,135
125,128,130,122,123,123,125,131,125,118,120,122,119,121,123,125,126,122,126,119,120,149,121,124,121,121,118,138,124,124,120,121,126,119,125,117,123,123,124,122,124,117,118,122,123,124,125,129,121,113,119,125,124,126,114,119,118,118,121,119,115,114,115,156
134,128,128,126,126,129,128,127,135,127,128,127,126,128,129,125,132,128,131,130,128,123,128,128,130,128,127,126,126,128,129,127,130,128,132,130,126,128,128,131,131,129,132,131,126,128,126,134,127,125,131,129,128,130,125,128,127,128,127,126,129,131,130,122
132,130,131,129,130,128,130,132,133,136,128,128,132,130,133,135,130,129,130,127,128,131,128,129,128,126,129,128,129,124,127,130,126,129,133,124,128,130,127,128,126,132,130,127,126,124,130,116,126,135,125,125,121,119,129,130,127,123,128,126,127,129,131,133
122,127,127,122,124,123,123,125,125,129,125,126,128,124,128,125,122,129,127,125,127,129,123,128,125,125,126,127,122,128,123,123,125,127,128,127,127,125,124,121,125,123,120,122,122,127,127,117,123,122,123,122,120,119,121,119,123,123,117,112,118,115,118,126
126,125,129,126,122,125,123,133,125,130,126,127,125,128,126,126,126,126,123,123,123,129,125,126,133,127,125,130,122,128,132,131,131,128,125,133,122,126,128,129,131,127,126,124,126,128,124,129,128,122,127,122,124,125,122,129,128,126,126,127,130,127,130,126
128,126,125,127,127,128,127,121,124,126,128,127,126,130,126,120,125,124,127,127,125,127,127,124,125,127,126,124,129,128,128,122,124,127,128,125,128,126,131,126,127,126,126,126,131,128,127,132,122,120,125,121,124,125,125,128,126,127,130,133,128,129,128,130
131,131,125,129,130,129,129,133,125,135,128,131,132,129,133,133,128,137,130,132,134,126,128,127,126,137,131,125,131,128,121,129,126,136,131,129,132,132,127,128,122,137,128,128,125,125,135,129,128,137,129,131,128,127,135,122,122,136,121,123,126,121,120,124
124,126,129,125,123,126,126,134,126,127,126,124,127,128,127,126,128,124,128,122,123,129,127,130,132,125,127,130,125,127,129,131,129,121,127,129,122,128,126,132,131,124,126,127,129,130,124,125,126,125,129,128,126,124,118,130,129,110,127,125,129,127,128,130
133,124,125,131,128,125,125,121,128,128,126,128,128,128,124,123,130,126,126,127,123,124,128,127,130,127,131,128,134,129,127,127,132,127,125,127,126,124,127,129,129,125,127,130,128,129,128,125,125,129,129,124,127,128,124,125,126,124,125,125,123,119,122,122
126,129,130,127,128,126,128,126,129,133,128,132,132,126,129,129,130,132,129,125,130,126,130,128,132,128,125,125,125,124,126,124,132,136,133,129,127,130,128,127,131,129,124,125,128,124,129,129,126,129,125,128,124,129,127,128,127,129,128,129,128,127,127,124
122,125,131,130,129,128,127,123,123,131,132,133,129,130,130,126,125,132,129,131,127,130,127,125,126,129,127,132,126,130,130,126,125,131,130,128,127,126,130,124,126,131,124,130,133,128,127,119,125,124,132,132,130,125,123,121,124,120,123,121,122,124,127,127
116,128,133,128,130,126,126,128,124,127,131,129,132,128,130,123,123,128,134,132,136,129,127,131,133,126,134,135,130,131,134,134,126,128,134,135,132,132,130,131,133,127,132,132,130,129,127,126,121,127,129,129,127,120,131,129,133,127,129,130,135,135,133,129
125,122,141,130,127,131,130,141,120,129,130,130,132,132,133,122,124,128,136,135,136,154,129,131,131,126,132,151,135,132,133,127,127,127,135,133,130,132,127,124,134,128,138,133,135,129,126,116,119,129,125,130,131,124,118,120,123,129,118,120,126,122,124,152
124,127,128,128,130,129,126,121,126,124,126,124,126,124,127,121,126,127,123,124,122,125,128,130,124,129,125,125,124,125,123,125,125,124,121,126,120,122,129,124,123,124,124,124,126,122,124,114,119,118,125,125,124,122,125,119,118,123,119,120,130,123,124,127
136,126,123,131,130,131,125,121,129,116,127,125,123,129,122,126,132,125,121,124,121,117,128,127,124,123,125,118,126,124,122,127,130,122,122,121,127,123,129,132,129,130,130,127,129,128,125,136,134,122,123,126,128,129,128,131,131,119,131,132,125,129,126,121
139,133,133,133,133,135,136,126,142,138,125,130,131,128,140,131,138,134,128,127,130,120,132,126,136,131,128,124,130,128,134,128,137,131,130,125,126,130,131,128,129,135,129,129,130,129,132,123,131,123,128,125,129,134,118,135,135,120,130,132,129,130,130,122
128,132,126,132,131,137,135,114,128,135,131,135,135,135,140,128,125,137,137,134,132,113,140,127,122,136,129,117,134,131,134,123,126,138,137,124,128,135,135,123,123,139,139,141,140,129,137,126,129,132,131,133,137,137,134,136,131,131,129,129,124,124,129,111
125,125,125,127,126,128,128,128,125,122,124,123,120,121,119,124,123,121,118,121,121,122,123,125,124,119,121,120,120,120,117,123,123,125,116,126,121,117,124,127,128,120,123,123,122,122,128,133,133,124,123,123,124,126,130,132,130,130,134,128,127,128,127,124
129,123,128,126,125,122,123,132,127,116,121,119,122,123,125,132,127,124,122,119,125,117,122,129,124,124,122,119,127,125,127,127,122,131,128,122,120,128,124,126,121,126,133,133,133,124,125,126,112,123,121,124,121,125,128,127,132,137,130,128,128,126,126,120
128,128,114,126,126,122,131,122,127,129,126,128,127,129,132,130,126,131,130,129,135,105,134,130,123,133,130,114,134,126,131,128,126,132,131,129,129,131,129,127,122,128,137,131,133,129,127,120,131,127,131,130,133,127,129,131,127,128,125,126,131,132,134,102
127,128,135,128,126,127,124,141,127,131,127,127,130,126,117,128,128,129,126,130,122,136,125,126,134,125,131,139,129,135,137,132,130,126,124,126,126,127,129,125,134,129,126,127,130,129,124,119,122,123,125,121,123,121,125,123,129,121,122,123,129,132,129,139
120,123,122,123,126,126,128,122,117,126,124,126,127,126,125,126,115,124,124,122,129,133,126,125,116,124,122,123,121,123,122,121,124,127,128,124,126,130,124,124,123,124,125,124,123,125,125,123,121,125,124,130,127,130,128,120,124,124,122,120,117,120,121,131
127,128,130,128,128,125,123,125,131,128,126,127,125,124,119,123,127,127,122,124,122,128,121,127,129,126,124,129,127,125,122,125,122,123,123,127,125,121,122,123,126,125,125,124,121,124,122,123,124,125,123,122,120,124,115,127,122,127,125,126,122,121,120,128
130,127,117,123,126,127,131,123,132,127,124,127,125,126,136,126,126,127,126,123,123,120,132,125,123,132,127,119,128,124,127,122,119,128,123,120,124,126,127,122,116,129,127,126,122,122,129,111,120,132,125,130,126,125,133,122,125,139,123,125,126,129,131,121
124,125,129,131,127,128,127,129,122,123,122,127,125,122,122,131,124,131,124,124,126,130,127,126,123,127,127,127,129,127,128,131,130,132,132,128,131,132,131,128,128,132,127,125,129,129,128,127,131,134,124,126,127,123,132,130,125,140,128,128,130,131,130,136
131,128,131,124,126,126,131,135,124,128,128,128,127,126,127,127,124,125,129,135,128,130,126,127,126,127,128,127,127,127,124,126,126,125,129,123,129,130,128,128,127,128,128,127,125,127,127,131,126,124,127,129,127,120,124,120,119,131,119,121,118,123,120,132
127,129,133,131,129,129,129,127,129,123,128,125,125,129,129,132,129,128,126,128,128,132,127,129,129,127,129,131,132,131,132,131,132,128,131,128,130,129,125,133,129,128,133,130,131,130,126,131,130,125,127,128,130,129,126,124,124,123,123,126,133,132,125,136
126,123,128,125,122,123,120,127,121,122,123,118,120,123,111,117,119,120,117,119,111,124,109,127,128,123,123,130,122,125,126,122,126,117,114,130,117,113,122,120,131,122,124,120,116,126,115,121,125,118,121,117,116,129,124,127,128,112,125,124,125,123,123,123
129,129,130,124,128,125,126,132,121,126,127,126,129,127,125,128,120,126,123,123,126,125,129,124,121,127,125,126,127,128,127,125,127,128,127,125,128,125,128,124,126,129,122,124,131,125,126,125,127,122,122,125,123,118,126,126,131,123,124,124,124,123,128,127
122,122,129,127,125,124,123,113,126,121,125,125,128,126,120,115,128,124,124,126,129,128,125,125,132,123,125,134,127,128,132,126,129,123,127,130,128,125,127,124,131,124,130,128,129,130,123,128,122,122,124,123,122,122,121,120,124,124,121,122,124,126,125,126
127,124,126,127,128,128,126,123,124,125,127,127,128,127,127,122,123,124,126,126,124,130,127,125,128,127,131,128,128,130,129,125,125,126,125,124,124,124,127,125,126,124,126,124,124,127,125,121,122,127,126,126,125,127,131,128,127,135,127,126,126,127,130,130
128,120,121,122,123,123,123,125,128,126,122,127,121,123,119,122,130,127,125,123,126,125,125,123,127,125,125,127,128,125,123,125,124,124,123,122,122,123,120,123,127,119,123,121,122,121,123,124,124,120,120,123,120,121,124,126,129,124,125,126,125,129,129,131
120,128,119,122,125,125,128,124,130,126,125,129,129,126,132,129,126,130,130,125,129,121,130,123,121,126,125,118,124,125,121,122,125,133,134,123,126,132,125,124,123,127,129,131,133,127,133,124,129,129,127,131,130,132,138,132,124,126,130,125,123,123,130,121
128,127,132,129,130,132,127,133,131,131,132,134,128,131,133,120,131,137,133,129,130,135,136,127,129,137,127,131,129,126,130,126,127,139,129,122,125,127,130,127,126,132,131,131,133,125,136,131,125,136,132,133,130,134,129,125,124,135,128,126,125,124,126,139
123,127,121,125,126,125,123,116,130,127,128,130,134,127,124,131,131,129,129,131,138,128,127,129,125,127,125,123,127,126,117,127,124,128,130,122,132,127,120,130,123,125,127,126,130,126,126,128,124,123,122,124,123,123,125,130,123,125,128,127,125,126,125,126
130,128,123,127,129,128,126,125,130,130,132,134,133,130,126,121,128,132,134,133,137,128,127,127,126,132,126,126,128,127,128,127,127,135,132,128,128,130,129,127,127,128,130,131,131,130,125,125,129,128,127,128,128,131,119,126,125,119,129,127,123,124,125,123
124,128,128,130,130,133,130,122,125,124,129,130,130,131,130,125,127,128,131,132,132,129,130,125,124,128,132,131,138,135,134,127,124,128,136,129,132,134,130,125,123,133,139,133,134,134,130,128,117,130,133,130,135,128,121,127,129,122,130,132,129,127,130,126
133,128,124,130,128,130,125,122,131,124,131,126,129,133,129,127,128,131,132,130,129,111,127,126,127,132,131,120,130,130,134,126,129,134,128,122,126,128,127,124,126,140,138,134,131,128,129,130,132,135,131,128,133,134,139,132,129,137,134,133,124,130,127,114
124,130,131,129,127,125,127,131,129,130,127,127,125,129,129,135,128,128,128,128,123,134,123,128,130,127,130,134,130,127,123,131,134,126,127,130,127,126,126,134,130,129,131,128,130,128,129,125,134,128,130,126,128,132,139,127,124,127,127,130,134,133,132,137
127,131,131,130,128,130,129,124,132,132,131,132,134,129,126,128,136,135,129,132,131,133,124,127,136,132,130,131,130,132,132,127,133,127,126,129,130,126,128,128,131,125,129,131,131,130,129,134,124,128,133,128,131,132,121,122,125,121,122,122,128,124,127,129
136,133,129,131,129,132,135,137,131,132,134,135,134,137,137,126,126,127,133,132,131,129,133,129,127,134,135,131,131,133,133,127,124,133,132,127,128,131,133,125,126,134,133,132,126,130,125,122,129,130,129,129,130,124,124,128,128,132,123,124,123,117,129,127
128,128,131,132,128,126,127,128,127,126,126,127,125,128,125,125,129,128,125,127,122,125,127,128,134,130,130,129,127,130,132,128,131,127,122,136,129,123,133,127,131,133,122,130,128,128,124,121,125,121,126,125,124,123,121,129,130,122,127,129,131,130,127,122
117,126,129,121,125,125,125,134,127,121,125,120,122,123,126,128,127,121,122,127,119,138,121,127,130,123,123,138,122,123,124,130,126,121,124,128,123,125,125,128,131,124,119,119,122,126,123,136,135,126,128,124,121,126,126,135,133,119,136,134,135,129,128,135
123,125,104,122,122,122,119,100,120,127,134,130,132,130,127,119,118,132,135,128,133,93,130,124,113,134,126,98,127,125,119,114,119,126,129,124,125,131,124,126,113,123,130,129,129,128,125,133,129,121,123,128,124,124,119,124,131,119,129,126,127,129,128,90
129,130,123,132,132,133,128,115,129,129,130,128,128,128,125,127,124,131,129,126,127,119,129,129,116,128,126,115,127,126,117,122,121,130,128,121,126,126,129,126,120,130,126,127,124,127,127,141,128,125,122,127,125,122,122,131,130,129,123,124,124,128,131,120
131,123,127,126,124,126,123,124,128,122,124,122,125,122,120,126,132,125,126,126,125,132,123,127,129,121,126,128,128,125,128,127,131,123,123,128,125,124,123,126,129,126,124,124,123,125,126,123,122,123,127,123,123,125,121,129,128,125,128,130,131,130,129,126
120,130,131,129,126,126,122,128,130,128,124,122,122,124,122,116,129,123,124,130,125,119,122,125,127,124,130,123,122,127,122,124,133,126,127,128,126,125,126,127,129,130,123,126,122,124,126,130,130,133,126,123,120,117,122,122,125,119,121,122,120,124,127,121
126,128,118,128,128,130,126,119,131,123,129,123,123,132,127,121,125,121,121,120,117,122,123,126,116,122,122,119,123,125,121,119,120,123,122,123,127,125,127,125,123,126,125,124,129,126,124,128,129,120,122,122,126,126,118,126,122,113,126,129,124,124,121,124
120,130,124,125,126,123,125,123,127,129,124,127,130,124,125,127,128,127,129,126,132,127,127,127,128,127,127,124,123,125,125,126,129,131,132,132,131,129,130,128,129,126,126,126,129,127,128,121,125,132,129,130,126,124,126,127,124,122,128,127,126,124,126,123
134,127,129,129,126,129,129,128,134,129,132,130,127,129,127,128,132,127,128,125,126,126,130,127,131,132,128,127,130,129,129,128,132,135,129,126,126,128,130,131,131,131,132,134,136,129,131,135,129,128,129,129,128,132,127,126,127,130,123,125,126,132,129,129
123,120,118,125,126,123,125,119,121,117,124,121,119,124,123,126,121,117,117,119,123,121,122,126,116,117,120,120,126,121,118,122,122,117,117,121,120,123,122,125,120,121,122,121,126,123,117,122,129,123,125,126,127,131,127,120,123,125,122,123,123,124,124,119
121,126,128,128,130,130,129,128,128,124,128,125,123,129,132,125,127,128,128,126,124,138,129,131,128,127,127,135,127,129,132,129,127,126,131,131,127,130,126,128,128,130,135,130,126,129,128,129,136,131,133,130,132,132,132,135,129,125,130,131,134,132,132,137
128,127,129,126,126,127,128,126,123,129,125,125,127,124,122,127,124,128,128,130,132,131,126,122,126,129,126,127,126,129,130,126,129,129,128,125,129,134,128,127,128,131,131,127,131,131,125,115,126,124,127,129,129,130,122,113,123,132,114,115,120,115,121,130
127,125,129,127,127,121,122,133,122,122,125,125,127,124,122,130,119,121,119,120,125,135,122,135,128,123,126,135,126,126,128,132,128,120,122,136,126,123,124,130,131,123,124,125,121,125,127,132,133,126,128,126,127,127,129,128,129,130,129,131,131,126,127,135
131,130,131,128,127,125,127,134,127,125,124,125,127,126,130,129,133,128,124,127,128,134,132,132,134,127,131,132,129,132,136,131,134,130,128,132,132,132,129,127,133,133,137,130,130,133,135,145,136,129,133,127,133,135,130,129,135,134,129,126,126,127,130,131
135,131,134,133,133,130,130,129,124,128,132,133,131,132,132,130,121,129,132,126,131,140,133,124,120,131,131,133,134,127,125,123,128,127,139,120,133,137,132,126,127,131,134,134,135,130,129,135,131,120,122,129,129,131,127,127,127,117,132,134,126,126,128,140
129,133,133,134,130,130,127,128,132,123,126,125,124,128,127,129,133,127,129,126,125,127,127,129,133,127,125,128,128,129,134,126,138,129,132,129,129,129,132,127,136,133,130,130,130,132,127,133,136,129,130,128,130,132,135,127,131,126,128,130,130,130,128,124
126,122,65,118,123,126,121,62,126,130,124,124,125,125,121,119,119,128,132,124,128,21,119,118,94,127,119,39,124,119,100,100,115,124,131,106,124,130,121,118,98,127,131,129,125,121,126,121,123,131,120,128,124,123,108,125,120,128,132,132,115,124,123,14
128,124,130,125,126,124,121,125,120,127,125,130,132,131,125,120,120,126,137,128,138,128,129,122,123,124,131,128,130,130,130,128,126,126,138,125,130,140,128,129,125,127,135,135,135,130,131,133,126,130,128,131,130,118,118,126,126,118,123,125,128,130,132,132
120,121,129,125,127,125,127,118,122,129,124,127,132,127,132,128,125,132,133,127,134,125,128,127,128,130,134,131,130,127,132,129,125,133,134,135,131,136,134,130,129,135,138,137,133,132,127,134,130,135,136,136,136,137,129,134,131,134,129,130,130,131,131,126
138,129,135,133,131,131,129,132,132,121,124,121,124,128,123,132,130,119,119,125,120,128,122,134,134,124,131,133,132,132,132,134,134,119,124,133,127,127,128,130,132,129,131,127,130,133,124,132,133,127,129,124,131,127,134,132,131,140,134,133,135,134,132,125
133,129,122,124,127,132,132,120,133,139,132,134,129,128,134,123,127,133,133,131,130,130,129,124,119,135,125,127,128,125,124,122,122,136,132,121,124,131,132,121,125,132,136,133,137,127,137,118,123,134,129,133,131,125,146,126,124,144,125,126,123,130,126,133
131,130,129,128,128,128,129,134,127,134,126,130,129,122,126,125,129,130,128,129,126,129,121,130,127,128,126,126,123,123,123,125,126,129,125,126,127,125,129,131,126,127,122,125,126,128,129,127,131,127,127,130,128,124,127,131,132,123,131,133,132,131,132,132
124,121,127,122,125,121,125,135,130,132,131,134,134,131,131,128,130,132,128,126,128,132,128,125,130,134,128,135,129,130,132,130,129,129,124,129,128,126,128,128,133,127,131,130,130,128,128,126,134,129,127,131,128,130,139,133,129,134,135,135,133,133,133,134
124,128,120,125,125,128,125,125,128,129,124,125,129,126,129,118,125,129,129,125,127,121,128,119,122,127,122,120,124,124,118,121,123,126,126,117,124,127,124,122,123,124,122,125,126,122,126,119,123,126,119,122,121,118,127,125,123,115,121,121,118,123,126,122
122,125,128,128,130,130,121,126,122,126,133,124,126,130,122,131,128,123,126,132,128,127,122,129,126,125,127,126,128,125,123,131,124,123,126,128,125,127,123,128,125,124,128,124,124,122,118,129,125,124,126,129,126,128,133,128,127,125,129,129,129,128,127,132
129,133,133,132,133,131,131,131,130,123,129,128,125,126,124,128,130,126,126,130,121,131,130,132,127,129,130,132,130,130,128,129,128,126,128,129,127,127,127,131,128,121,127,126,123,127,125,136,132,126,131,129,126,130,130,131,130,130,138,136,132,130,129,128
128,130,124,127,128,128,130,122,128,133,127,126,127,126,130,122,130,129,130,127,130,124,127,127,127,128,126,123,123,128,125,128,126,128,126,129,127,124,124,127,124,127,122,123,127,125,124,128,122,123,131,133,131,126,126,126,125,131,132,129,126,124,125,119
132,122,124,121,122,120,127,130,128,127,129,127,126,128,129,130,128,128,128,124,125,132,129,123,123,127,128,130,131,126,124,128,129,129,129,120,129,131,129,127,124,128,125,128,130,127,130,126,129,129,129,126,131,130,138,126,123,137,128,126,126,127,126,136
124,129,133,130,130,131,127,129,129,131,127,129,129,130,130,130,129,131,128,127,128,125,126,127,125,131,125,124,128,127,129,128,125,131,125,124,124,125,129,128,125,136,133,130,129,129,132,125,125,127,126,130,127,130,128,126,128,132,125,126,126,123,128,127
127,130,132,132,133,133,130,129,125,127,127,128,128,128,124,129,126,122,121,125,121,124,124,130,128,123,128,127,127,129,129,130,134,127,123,125,124,119,125,128,133,123,126,126,128,128,128,131,132,128,128,124,127,128,121,129,129,122,127,128,130,133,130,130
133,127,126,126,125,124,132,131,133,126,121,120,120,120,131,131,132,122,121,115,118,134,127,130,134,128,124,127,120,122,124,129,129,132,122,127,124,121,126,123,130,125,122,122,125,123,126,130,133,132,128,126,127,130,134,131,130,135,133,133,131,131,129,134
126,130,127,125,128,127,127,123,123,127,123,124,124,122,120,129,122,127,124,126,123,132,123,128,121,125,123,132,121,123,120,124,125,127,121,126,123,122,124,127,128,122,119,126,119,125,130,138,128,126,124,122,123,122,129,128,128,127,130,128,125,121,121,129
124,129,129,129,130,128,132,126,132,139,133,135,135,128,134,131,131,133,132,138,133,129,131,133,130,131,132,128,127,132,132,130,133,132,133,129,130,132,131,133,130,130,128,130,127,130,130,131,127,134,132,128,126,127,123,124,130,130,122,121,125,121,123,128
127,121,121,122,121,122,122,127,131,115,119,115,119,122,119,127,131,119,122,118,115,120,123,127,131,120,125,120,122,125,125,130,130,119,121,127,126,122,123,127,128,121,123,122,124,125,118,119,126,125,124,122,125,123,123,121,122,121,128,124,125,129,124,126
132,127,127,125,126,127,124,131,131,127,124,127,125,126,124,131,131,131,124,126,123,128,125,127,129,129,126,126,126,126,122,131,128,129,128,124,128,128,126,129,127,127,126,127,124,124,119,119,125,131,127,128,127,122,119,128,124,124,127,126,126,125,124,129
134,129,121,129,129,130,130,115,125,132,133,134,133,131,135,117,120,131,134,131,131,121,131,119,118,127,128,123,129,130,123,120,122,126,129,126,125,128,126,123,122,122,131,132,127,126,128,131,136,129,129,131,130,131,127,132,128,131,133,132,132,130,129,118
135,132,131,131,129,128,130,143,129,129,127,127,128,129,129,132,124,126,128,126,124,130,124,128,129,123,131,134,131,130,128,129,133,127,128,127,127,129,127,130,131,134,129,131,128,130,131,138,139,131,131,124,128,128,140,132,129,138,131,131,135,129,130,133
124,128,124,125,124,126,121,122,121,129,126,128,125,124,122,125,115,121,126,127,130,124,125,131,119,119,127,126,123,124,120,124,117,113,126,123,123,122,123,123,119,125,124,122,123,120,117,124,119,120,121,121,123,125,127,123,124,119,117,120,122,124,123,121
125,124,127,125,126,127,122,134,131,120,121,120,123,123,123,139,131,119,118,123,122,125,122,128,134,123,124,129,122,122,128,133,132,120,118,126,120,119,123,131,132,123,121,120,120,123,125,130,128,125,124,120,123,127,129,127,129,122,127,127,126,126,129,127
125,125,131,123,126,124,130,128,127,132,130,132,130,130,133,129,122,134,129,128,126,143,127,125,121,131,126,136,125,125,125,124,122,125,126,128,125,128,126,127,124,126,127,129,126,125,122,121,132,123,122,125,126,124,123,128,127,115,129,132,130,135,129,146
132,125,128,122,126,125,128,126,132,125,122,127,125,123,130,127,130,131,128,125,125,131,131,125,127,125,126,127,128,128,132,127,130,127,130,123,126,131,131,127,125,131,130,131,134,126,133,136,136,125,126,129,128,132,131,128,127,111,130,128,129,126,129,132
125,128,131,130,132,133,133,121,130,134,129,130,128,129,134,124,125,133,130,127,132,134,129,126,126,132,127,133,128,128,130,129,126,135,135,129,126,135,128,128,131,132,131,130,133,128,133,118,124,135,128,130,129,123,131,125,125,134,126,126,126,128,124,130
123,123,127,127,126,126,127,127,126,117,123,118,122,123,120,129,129,119,118,122,114,124,124,130,133,120,127,130,125,125,127,129,131,119,118,130,121,120,126,133,131,121,120,121,121,125,120,129,124,117,128,121,124,124,114,126,128,116,120,123,126,122,127,125
120,130,130,128,129,127,129,126,122,128,130,130,131,128,129,123,125,128,130,130,129,129,132,125,129,129,130,130,131,133,130,130,129,127,127,130,131,131,131,129,128,125,126,129,129,131,128,124,129,130,131,130,130,127,132,120,125,129,121,121,124,123,125,122
120,130,115,131,131,130,128,109,127,121,126,124,123,127,124,130,133,118,121,122,121,90,129,133,132,121,127,103,126,127,127,126,127,117,118,129,126,121,132,135,123,119,121,122,125,128,118,128,127,120,128,125,127,128,129,124,130,111,125,123,128,130,128,80
128,122,125,126,123,121,125,130,125,122,126,126,125,125,126,133,129,127,129,132,135,116,130,128,134,130,130,125,132,133,133,132,131,130,133,130,130,134,128,131,132,130,131,132,132,128,126,129,121,128,128,129,132,134,122,125,130,126,128,129,132,128,128,117
127,124,133,129,131,130,124,135,131,127,130,128,125,126,124,132,132,122,124,128,123,128,126,133,135,128,125,131,125,127,129,134,129,125,122,125,124,124,124,132,131,126,126,126,122,123,121,128,128,130,126,127,124,125,123,130,127,124,130,128,130,126,133,131
130,131,130,127,127,130,129,130,130,128,128,126,127,132,125,127,126,129,126,129,124,134,128,125,127,129,127,137,128,126,131,123,125,122,125,131,129,125,127,123,123,129,126,131,127,129,121,129,132,124,128,128,130,129,123,123,128,117,129,128,128,120,122,135
132,129,130,128,130,126,128,131,132,123,123,119,120,127,126,132,134,123,122,123,121,130,124,131,133,120,129,129,127,127,128,132,133,120,122,129,124,123,128,129,133,126,126,124,124,128,121,131,124,123,127,121,123,126,119,128,128,124,127,132,129,128,129,130
110,126,128,127,127,125,127,125,121,117,123,123,123,124,123,123,124,118,121,121,120,124,123,124,127,121,125,129,125,125,125,127,126,123,124,131,126,122,125,130,125,121,119,124,124,129,126,128,129,127,129,123,127,124,130,131,134,128,133,134,132,128,128,122
126,127,126,131,133,133,129,130,127,127,129,132,132,130,135,127,130,132,133,134,136,127,135,126,123,129,131,126,135,133,126,126,131,132,136,126,134,141,131,126,127,134,136,134,134,129,129,120,125,138,132,132,137,138,149,131,126,152,133,132,129,126,128,127
127,128,127,130,130,130,128,118,124,135,129,133,132,128,126,116,122,131,132,129,135,121,124,126,122,127,127,121,129,125,122,124,119,132,132,122,131,132,125,121,123,123,131,130,130,127,125,125,128,128,129,134,131,126,124,123,125,124,125,125,125,124,121,116
128,129,136,130,127,126,123,134,123,121,124,122,124,124,121,129,130,118,119,125,122,136,124,126,134,123,131,139,129,131,133,134,132,120,118,132,128,120,131,126,134,127,129,126,124,131,126,133,132,124,130,124,126,130,132,131,126,121,130,129,130,125,130,133
128,131,128,128,131,128,129,128,129,128,128,129,128,128,130,124,127,127,130,123,128,127,130,128,126,128,129,125,128,125,128,127,126,128,126,126,127,129,130,127,126,126,130,129,130,128,128,128,129,128,127,130,130,130,128,127,128,128,127,129,128,128,128,128
123,124,121,129,129,127,125,118,120,127,127,124,129,129,124,124,119,121,125,126,123,114,125,131,122,125,127,119,126,126,121,124,117,122,120,128,122,122,124,119,119,124,120,120,120,126,128,112,120,130,127,125,125,123,128,122,120,121,121,124,128,125,125,110
129,126,126,127,128,130,134,132,131,122,128,122,123,134,132,129,129,127,136,125,128,127,131,131,130,125,129,128,131,132,138,128,133,128,133,128,130,133,132,132,130,133,139,134,139,132,132,138,136,132,133,131,133,131,130,131,130,135,133,133,133,128,128,130
117,130,128,130,132,127,125,129,121,121,128,127,120,125,127,123,128,128,125,125,120,122,126,123,126,130,128,124,129,129,125,129,123,123,127,126,126,124,127,127,125,130,121,121,118,126,125,129,129,120,132,130,125,129,123,129,128,119,124,127,127,130,129,122
123,126,125,126,125,129,127,123,123,132,121,126,130,125,125,120,125,127,126,126,130,121,124,120,123,123,126,120,127,124,121,121,124,125,130,123,124,126,125,124,124,125,129,127,123,127,126,125,126,128,124,122,122,128,125,123,128,133,127,127,124,128,126,123
139,129,127,131,128,128,127,135,135,124,125,125,123,127,126,133,134,127,131,129,129,126,126,129,130,126,125,126,131,125,122,130,129,128,135,130,133,134,126,127,131,135,137,138,137,130,130,133,127,131,130,131,132,136,134,125,128,127,130,131,130,132,124,128
128,126,121,128,129,129,133,120,125,128,127,124,124,125,133,130,126,128,125,123,124,119,129,131,123,128,121,115,127,123,120,126,125,127,129,122,128,130,127,125,121,134,128,125,127,128,130,118,129,131,126,129,129,128,128,120,123,137,122,124,125,127,124,122
128,134,131,133,132,129,128,135,128,126,130,128,132,132,125,129,132,128,129,126,128,121,129,133,133,129,132,129,129,131,133,135,130,132,128,130,134,127,130,132,131,127,133,128,130,127,127,134,137,128,132,130,133,132,134,129,130,136,133,132,130,128,130,119
125,124,124,125,126,126,124,129,127,128,127,127,122,124,129,130,129,127,132,126,130,124,130,123,127,129,123,123,126,124,128,127,124,126,127,123,123,132,128,127,123,125,129,128,129,125,125,117,123,128,125,127,129,131,144,125,121,142,126,125,126,118,123,121
125,127,128,127,126,127,129,133,130,132,132,136,136,130,132,128,131,136,135,135,136,132,134,131,132,131,129,130,128,130,132,127,132,136,138,131,133,136,129,128,130,130,128,132,130,132,132,120,127,132,129,132,130,129,130,121,120,125,124,120,124,119,124,132
126,125,124,128,125,126,128,125,125,131,129,128,130,128,130,127,123,132,133,128,126,126,131,129,126,130,129,128,127,127,128,127,127,129,130,126,126,125,127,127,127,129,126,127,124,127,127,124,125,128,126,126,125,130,128,126,124,133,126,123,125,121,124,125
132,130,138,127,129,128,129,135,129,126,125,125,121,126,123,120,125,123,124,125,123,151,120,127,127,126,123,141,117,120,116,123,130,124,121,124,123,122,123,126,135,123,119,120,119,123,125,122,129,129,122,121,122,127,120,119,126,128,125,129,125,126,124,158
125,123,120,125,125,126,121,124,126,124,129,128,127,127,124,130,130,128,127,129,126,119,128,130,132,126,128,122,125,126,125,128,131,130,122,130,128,122,127,130,130,124,118,124,119,123,123,128,121,129,131,128,126,121,124,128,128,130,127,131,131,126,129,116
136,129,130,126,126,123,127,134,131,132,124,128,127,126,129,130,133,127,127,130,132,129,132,132,133,125,129,132,132,128,135,132,129,127,127,131,131,131,129,126,132,126,128,131,129,129,129,121,123,127,127,128,126,124,122,128,127,125,125,124,129,131,131,130
112,127,130,127,127,123,123,130,117,137,128,135,131,126,125,123,121,135,132,137,133,128,132,123,126,134,132,128,131,131,132,131,126,134,133,127,133,133,136,131,127,135,129,133,128,130,134,130,126,126,127,129,127,121,130,130,133,125,123,127,129,131,137,130
136,130,129,129,129,131,132,127,133,121,126,122,125,126,126,132,135,122,128,127,125,124,125,124,127,122,125,126,128,126,128,126,126,121,129,123,130,124,123,127,123,122,126,129,130,127,128,130,134,132,129,129,130,134,135,132,130,132,132,133,130,132,130,125
127,130,129,127,130,125,124,127,126,126,129,132,130,129,126,124,127,129,129,130,131,129,131,127,128,129,130,130,132,129,125,128,128,128,127,130,131,125,126,129,130,126,122,126,126,125,128,128,126,123,123,125,125,120,126,122,120,119,116,119,120,120,120,125
129,129,130,129,130,130,127,133,128,132,130,130,134,133,129,133,127,128,129,131,137,126,130,128,127,132,132,127,134,133,128,129,126,128,130,126,131,133,131,125,127,134,138,133,134,132,129,128,128,127,127,126,132,133,138,129,128,126,128,125,128,126,128,124
134,127,124,126,125,128,126,125,127,128,127,126,125,128,126,129,128,130,125,126,124,127,124,127,127,128,125,127,125,123,125,122,123,127,125,124,128,126,126,122,123,132,130,125,123,128,125,120,124,129,127,129,127,127,134,121,121,130,122,123,122,122,122,130
129,125,131,126,126,128,123,132,131,122,125,122,125,124,127,129,129,125,128,123,127,141,125,124,126,127,124,135,125,126,122,129,128,124,129,130,131,129,124,132,125,121,124,123,128,128,127,137,130,130,128,124,127,130,129,126,126,136,122,125,124,123,128,139
119,123,127,127,129,129,124,126,121,123,125,127,127,128,131,124,123,128,128,127,127,126,132,123,125,128,129,130,132,127,129,124,127,123,126,127,129,128,124,125,131,127,127,123,122,125,123,124,122,124,126,126,127,121,126,125,124,131,127,126,124,122,122,124
129,129,128,131,132,134,136,120,130,141,136,137,137,132,140,122,130,137,139,136,138,122,136,126,124,137,132,124,134,132,128,125,122,134,133,123,127,133,131,124,122,132,127,129,127,126,128,130,120,126,123,125,125,118,123,127,126,127,127,129,130,131,126,124
125,127,126,125,126,130,129,130,129,129,128,128,131,130,128,127,126,133,129,127,130,126,128,126,126,134,129,123,126,128,131,126,127,132,130,128,128,128,132,127,126,137,134,130,135,130,129,122,129,134,130,130,128,125,134,128,130,136,135,131,128,131,131,126
125,124,126,124,122,123,123,121,123,119,120,118,120,122,124,125,125,120,116,121,123,125,125,132,128,120,124,125,126,124,126,129,124,120,124,126,125,126,126,126,128,124,127,123,123,125,124,123,126,125,122,119,122,125,126,121,122,126,123,121,123,120,122,122
132,126,131,126,129,130,126,128,130,120,127,124,127,127,131,126,132,126,125,126,124,131,129,125,130,125,126,131,129,126,127,127,130,123,127,126,127,127,129,126,130,124,122,127,127,131,129,123,126,124,129,131,129,127,124,119,122,124,123,123,124,121,120,130
120,120,121,121,123,124,128,120,126,119,130,125,120,124,127,125,133,128,128,131,124,129,129,125,129,132,126,126,128,128,126,127,130,126,120,125,128,125,132,127,128,128,125,128,125,127,127,129,127,121,130,128,132,137,122,127,131,127,126,130,124,133,127,128
131,131,127,127,126,125,130,126,130,130,127,130,127,130,134,126,128,130,130,127,128,121,128,129,130,132,127,123,126,127,132,125,130,133,128,126,125,127,132,126,131,136,128,130,129,127,131,136,134,138,129,132,129,124,138,126,127,146,125,124,121,122,124,122
117,128,116,128,129,130,128,118,130,130,125,129,132,132,129,123,125,131,125,123,127,107,126,130,124,131,126,115,129,128,132,125,126,131,129,131,128,131,130,128,127,132,132,132,131,131,128,125,122,126,130,128,127,130,134,127,125,132,127,127,134,128,128,104
121,128,126,128,131,131,128,117,122,132,126,128,126,128,127,121,121,131,128,127,130,126,127,126,118,132,124,123,123,122,123,122,123,133,132,124,127,131,125,126,124,130,131,127,130,126,130,134,126,130,126,127,128,129,132,129,129,135,128,127,127,127,127,130
138,129,128,127,126,124,127,135,129,126,125,126,130,129,132,129,128,127,135,126,125,122,129,128,129,126,129,128,132,128,133,126,126,127,131,126,125,128,125,124,126,128,133,135,133,128,131,133,126,125,127,129,124,132,129,123,129,119,133,129,123,124,124,118
125,128,127,128,126,127,126,126,127,122,119,121,121,121,121,128,129,123,123,123,123,125,118,128,128,121,125,123,124,122,124,127,123,117,120,126,121,119,115,118,123,118,120,118,122,120,120,120,124,122,123,121,121,126,136,127,126,137,128,127,127,123,125,123
128,128,128,123,125,125,127,129,124,131,133,132,131,132,131,129,126,131,131,134,132,140,127,120,122,136,124,132,128,130,127,124,123,138,130,121,128,130,129,127,127,136,131,128,128,129,129,130,132,130,125,126,129,122,136,129,124,139,129,128,118,118,123,142
137,126,123,125,127,127,128,122,121,119,123,119,125,126,128,125,121,122,125,124,126,124,125,126,118,123,125,123,129,129,125,123,122,129,129,125,127,130,127,126,120,125,128,128,133,129,130,141,132,130,128,131,129,126,135,127,124,141,126,126,123,124,123,123
118,124,122,127,126,121,115,119,117,126,127,129,130,125,119,125,121,132,132,131,133,126,126,124,122,126,130,126,128,126,128,124,127,127,132,126,130,131,128,130,127,131,133,132,128,131,127,133,132,126,127,129,127,127,132,127,124,119,129,130,131,130,129,124
127,127,118,124,122,124,124,119,128,126,125,126,128,127,119,128,134,126,116,124,118,107,125,131,133,129,127,119,127,129,124,129,128,124,117,133,124,122,128,127,125,120,120,127,125,123,125,125,127,118,128,126,125,132,132,132,129,130,131,134,132,132,132,107
128,125,132,131,130,127,127,134,128,121,126,125,124,121,123,131,134,126,128,127,127,140,128,128,134,127,130,135,127,130,128,129,131,129,128,131,128,126,126,125,132,124,125,125,126,130,127,126,121,130,134,129,130,131,123,130,128,130,129,129,126,128,132,142
124,126,122,122,124,126,128,121,125,128,123,125,124,124,128,125,126,126,123,122,123,125,128,125,126,128,125,124,121,124,123,127,125,129,128,130,127,126,127,131,124,128,125,122,126,125,129,136,131,123,124,122,126,124,124,124,123,129,123,126,124,120,125,122
127,124,126,127,124,127,127,126,124,127,125,126,128,126,127,121,124,126,125,124,128,127,125,127,122,124,128,130,127,127,128,127,124,124,132,126,126,126,122,125,124,129,131,125,130,128,124,124,127,132,130,125,128,126,132,131,134,134,135,135,131,133,134,129
133,125,133,125,124,129,128,137,127,120,128,123,119,126,126,134,125,122,119,123,118,142,126,127,122,123,122,137,122,121,123,131,119,120,117,127,120,120,128,129,127,121,119,122,118,121,118,115,114,124,125,125,122,129,114,119,121,117,121,120,123,125,129,146
123,122,121,119,123,123,123,123,126,124,125,124,128,125,120,120,124,121,123,126,130,130,122,125,124,121,126,127,126,126,122,123,119,125,124,122,122,124,118,121,126,124,128,129,128,124,126,133,125,127,122,121,124,124,127,127,129,128,127,126,129,130,126,131
127,132,120,125,126,125,133,126,130,124,124,121,125,121,131,131,126,121,122,124,124,118,127,127,123,126,128,119,127,128,131,124,128,125,124,129,130,124,130,128,124,129,127,124,131,130,126,130,128,124,129,126,129,126,132,127,129,137,130,131,124,124,124,117
125,130,132,130,129,128,132,127,124,132,132,134,132,129,131,127,124,131,130,126,125,135,130,128,131,130,128,134,123,127,134,132,129,135,128,133,130,124,133,130,131,134,126,130,126,131,137,131,127,131,129,131,130,128,129,134,132,123,133,131,133,136,134,136
130,124,121,121,122,120,123,122,125,123,121,121,124,125,122,125,127,123,121,120,118,122,126,125,123,125,121,122,121,120,127,127,126,121,121,124,123,122,126,126,125,126,118,117,123,122,122,127,123,123,128,123,126,129,133,130,131,126,130,127,123,126,127,128
132,127,124,127,125,124,126,133,130,123,128,127,127,123,126,129,132,126,126,126,127,120,129,126,129,125,129,120,130,129,126,130,131,128,127,129,131,124,127,129,129,120,118,125,130,126,134,133,133,129,131,132,133,130,136,134,132,127,133,132,129,131,128,118
128,132,124,127,127,125,128,122,136,122,123,121,120,122,125,126,138,120,116,120,115,123,126,127,129,123,124,118,123,127,119,126,135,122,115,125,125,120,125,126,129,123,117,117,120,127,121,130,137,127,125,124,127,131,128,123,122,122,125,127,125,126,121,119
125,125,125,131,128,127,128,130,127,123,129,125,121,124,123,129,129,124,128,129,126,122,125,122,125,122,127,121,125,125,118,122,123,121,122,126,125,122,122,121,121,117,121,124,122,122,122,128,117,118,122,122,122,125,124,136,137,122,126,132,129,130,130,126
138,130,128,128,125,126,130,138,132,136,128,130,129,126,134,131,128,134,129,129,134,123,132,131,130,133,130,126,128,129,129,128,128,132,128,133,130,126,132,128,128,130,128,128,124,129,135,121,123,127,128,127,130,128,135,124,127,125,123,122,127,124,126,124
132,129,154,122,123,127,127,149,130,120,121,117,123,121,116,123,131,121,115,115,114,193,119,126,132,121,119,170,115,116,125,132,128,113,113,125,121,112,117,125,141,113,107,114,112,118,115,129,129,118,123,120,118,130,118,126,132,116,131,132,128,130,129,198
125,127,123,127,128,127,127,117,125,140,130,133,134,133,131,124,125,135,132,128,130,127,133,125,120,132,129,125,133,132,128,123,125,132,127,123,127,125,126,124,120,134,133,129,128,127,128,118,122,126,125,124,120,118,118,118,119,132,120,116,118,115,120,127
116,126,145,131,131,127,121,138,125,124,126,122,125,126,124,126,129,124,127,128,125,155,126,125,137,129,133,148,129,130,137,131,130,122,117,130,125,123,128,124,138,129,132,126,127,126,122,120,126,125,130,127,127,128,134,128,130,138,126,127,128,131,129,155
123,127,129,127,125,124,124,132,120,116,117,114,115,122,120,129,118,115,116,123,114,129,118,128,124,114,121,131,121,126,125,129,124,112,125,126,121,122,122,130,126,124,121,118,119,123,116,128,131,124,121,115,119,122,130,128,130,141,129,129,129,127,126,132
128,128,132,131,133,133,132,129,129,130,136,133,133,136,137,129,129,131,140,131,137,136,137,135,128,134,132,137,134,134,134,129,126,130,134,124,135,137,133,134,127,136,136,134,132,133,128,137,126,133,133,133,136,129,135,127,129,129,130,128,123,119,123,133
123,126,128,123,127,124,130,124,122,120,118,117,122,123,124,124,124,121,119,117,121,123,123,123,133,121,125,126,122,124,130,131,130,121,122,130,126,125,128,132,132,121,125,122,126,130,122,133,134,127,129,122,129,130,113,119,127,117,128,123,122,122,123,122
126,119,126,116,118,117,117,135,120,105,109,106,106,107,108,122,119,110,103,108,103,126,110,121,123,110,113,127,112,115,117,122,122,112,109,120,110,107,113,121,127,113,107,109,110,110,117,122,125,125,119,113,115,112,128,122,123,143,124,120,119,117,118,130
127,126,127,128,128,129,125,132,129,124,126,126,129,126,126,128,128,123,131,129,129,129,126,126,126,122,127,126,124,126,130,128,128,126,131,122,128,129,129,127,125,130,136,131,137,131,130,126,124,129,129,126,130,130,124,131,132,124,130,133,133,131,130,131
129,126,119,124,127,126,123,116,124,122,118,118,117,118,121,124,124,115,119,118,124,115,116,124,121,116,117,111,120,118,112,117,125,119,124,123,121,122,115,121,124,120,120,117,122,119,121,129,127,127,122,123,126,130,127,126,121,119,127,125,123,125,124,118
128,122,135,130,127,126,125,129,126,127,131,133,130,128,122,130,130,129,128,128,125,136,126,130,134,132,127,134,126,128,129,131,132,128,122,128,129,125,129,129,132,129,118,123,118,124,126,129,128,123,123,128,125,127,128,135,135,124,136,137,137,134,129,136
133,130,133,129,127,131,134,133,127,124,130,129,130,136,132,129,131,130,131,131,131,133,131,128,133,130,131,135,137,135,138,132,133,128,133,129,129,138,130,131,132,136,134,131,138,132,133,137,137,134,133,130,136,131,142,132,128,147,130,128,127,126,127,130
132,129,126,126,127,126,128,126,129,134,129,130,129,131,130,123,127,129,130,129,131,125,124,128,128,128,128,126,128,128,123,124,130,129,129,129,129,129,128,129,127,130,130,128,128,129,127,129,129,128,129,128,129,129,128,122,122,130,126,124,124,129,125,123
123,126,129,126,128,125,126,133,130,126,124,128,131,124,128,129,130,127,130,126,133,133,129,130,133,125,127,130,127,126,127,126,133,128,130,129,128,128,125,128,131,125,128,129,127,126,131,124,134,131,129,132,128,130,129,130,129,135,128,127,128,129,129,136
129,128,130,129,131,128,126,134,127,127,132,133,129,131,123,128,131,126,127,128,127,127,124,129,128,126,131,127,128,129,127,130,132,126,129,129,128,127,128,131,132,126,128,125,124,129,123,133,129,124,127,128,123,127,117,129,127,115,121,123,125,123,124,127
122,117,120,119,119,124,117,124,121,130,127,131,133,130,119,115,116,129,125,128,132,132,119,124,120,131,127,128,130,126,120,120,114,128,127,124,130,129,123,123,120,125,134,130,129,129,125,123,129,125,126,129,132,125,140,128,124,138,123,124,122,122,124,133
124,128,123,124,124,126,125,118,128,126,127,127,130,126,125,121,128,130,128,124,130,127,128,125,127,128,123,124,121,124,128,123,127,132,124,130,126,127,123,125,128,125,125,127,131,125,128,125,126,125,124,124,123,124,116,129,120,120,124,127,133,134,131,128
134,132,141,134,132,135,127,138,133,126,125,126,123,123,127,129,131,124,121,127,127,133,122,129,141,122,127,134,124,125,130,133,129,125,122,135,125,124,123,129,134,125,130,122,121,125,124,121,120,123,129,121,126,128,122,122,132,127,122,126,133,126,127,133
130,129,135,132,130,131,126,132,132,138,132,133,135,132,131,130,129,132,133,130,134,137,134,125,125,134,128,130,128,130,132,129,127,135,138,129,131,132,133,127,127,135,133,131,132,130,131,123,123,131,130,131,129,127,128,132,127,137,128,128,130,129,130,142
125,129,130,129,127,129,128,130,128,125,127,126,128,130,127,126,132,121,125,126,121,126,127,129,133,125,127,129,126,130,132,128,131,120,122,127,126,122,125,127,131,122,124,123,129,127,121,127,126,122,128,120,127,131,127,121,119,123,126,122,115,122,122,123
135,134,134,134,133,134,134,132,134,132,134,133,133,134,137,136,135,134,134,133,132,125,137,128,133,134,132,128,133,133,137,133,135,135,132,127,130,134,134,130,132,136,133,133,135,130,137,131,134,135,131,135,133,133,134,129,129,130,131,132,130,130,131,123
127,128,127,126,129,127,129,128,127,131,129,130,130,129,130,127,126,131,131,130,130,129,129,125,127,131,130,129,132,132,129,128,127,129,127,127,131,132,129,128,128,132,131,132,127,128,131,128,131,127,130,130,129,129,129,126,127,131,124,127,128,126,126,128
127,134,131,130,131,132,131,134,130,134,128,135,128,130,130,135,130,128,124,130,133,124,130,128,130,128,125,127,128,127,127,133,128,126,126,128,125,127,129,129,128,128,126,126,123,126,123,131,128,123,125,129,127,136,131,133,129,128,131,132,130,129,129,122
130,129,127,131,133,132,135,123,136,132,130,132,132,129,140,128,133,129,126,131,128,122,133,130,130,131,127,123,130,127,127,128,130,130,128,125,128,131,133,125,128,133,125,126,125,126,129,121,123,134,128,128,129,131,128,128,130,134,127,124,124,123,128,125
134,128,120,125,126,124,124,125,129,127,126,126,126,126,127,124,126,122,127,130,126,121,125,125,120,122,128,122,126,126,127,121,125,120,120,120,125,124,128,126,125,126,127,128,125,127,122,137,126,116,124,128,128,136,129,130,130,124,133,135,130,127,125,122
125,131,128,127,127,123,123,127,125,123,127,127,126,122,118,123,126,122,119,120,119,133,125,129,124,122,123,131,121,122,122,122,127,120,113,128,120,115,125,121,127,117,114,117,119,119,123,115,123,117,125,123,126,122,127,117,120,119,121,119,118,116,118,131
124,128,131,127,128,126,122,124,132,117,120,120,121,124,122,125,130,119,120,122,122,133,123,122,120,120,126,132,126,124,123,121,128,121,126,123,127,123,127,123,127,122,125,126,128,127,122,126,121,116,125,121,126,125,116,121,126,114,121,122,119,124,122,138
124,123,126,129,125,127,122,129,124,123,125,123,126,124,122,125,129,120,122,125,119,124,124,127,126,115,127,126,125,127,126,126,127,122,127,125,124,127,126,130,128,122,126,124,122,129,124,131,128,135,129,127,126,129,120,136,132,124,130,132,124,129,130,127
132,131,130,131,131,131,131,125,132,127,130,130,132,131,131,130,136,129,132,127,132,125,129,129,135,130,128,127,129,127,132,129,134,130,132,127,128,128,130,131,132,129,132,129,132,130,129,131,128,128,128,128,130,131,130,124,126,128,132,128,126,127,127,126
125,123,121,121,121,118,119,141,124,128,127,125,128,126,122,134,127,126,125,128,130,124,124,131,128,124,129,125,130,130,127,137,126,128,127,129,131,127,124,135,124,123,133,131,129,127,124,134,131,125,130,127,127,124,122,128,128,118,129,124,128,128,128,125
133,129,126,131,132,132,131,117,127,128,132,132,131,133,135,126,127,126,134,134,128,120,133,126,126,129,131,124,129,132,136,124,126,127,132,126,130,134,131,122,125,129,129,132,129,132,128,129,131,122,131,133,132,131,123,126,129,124,124,126,127,129,125,120
127,127,130,128,126,124,122,123,129,120,125,121,119,123,118,121,130,122,118,117,114,125,124,125,132,124,121,127,118,121,126,127,128,122,115,126,118,113,124,123,130,124,120,119,118,125,121,120,125,119,122,119,120,117,126,120,120,125,118,121,124,118,122,123
120,126,119,128,129,128,124,122,126,131,125,127,129,128,123,132,124,132,122,124,126,110,119,129,126,127,124,114,124,122,118,127,120,120,122,126,122,122,119,127,122,120,125,120,120,121,122,131,129,130,125,126,124,129,127,129,125,128,128,126,125,126,128,112
123,130,119,129,129,130,128,123,135,131,132,132,130,129,125,127,133,126,126,128,129,118,127,128,129,121,125,118,124,126,125,125,128,123,120,129,126,122,128,125,127,121,122,125,120,128,123,125,124,122,126,125,125,134,125,118,114,122,123,123,129,126,126,112
130,137,132,136,133,132,131,132,131,122,126,123,121,126,125,123,129,123,121,121,124,129,131,124,126,126,131,127,125,130,131,125,126,126,124,127,126,126,130,122,125,125,120,119,120,130,125,120,131,129,125,122,125,125,138,126,123,137,129,126,126,124,128,123
133,129,129,128,129,130,129,127,133,129,128,128,129,130,130,122,129,130,128,126,128,130,130,124,129,130,128,128,128,127,128,123,129,131,129,127,129,131,129,125,129,131,129,129,130,130,131,126,126,130,130,130,131,127,135,125,126,135,125,123,124,122,121,132
128,120,126,121,122,121,124,136,121,112,122,118,115,123,120,125,121,122,118,122,120,141,124,125,123,121,121,133,120,121,127,126,125,121,122,126,128,125,125,125,127,121,122,122,123,122,120,127,128,112,126,126,130,136,115,128,131,111,122,125,125,135,131,144
129,129,124,129,131,129,134,119,128,126,129,125,126,126,129,126,128,123,123,127,124,121,129,126,127,122,123,121,123,124,123,125,129,123,116,123,122,121,123,123,124,123,123,124,120,127,125,124,125,121,123,122,124,127,121,127,124,117,125,128,130,130,127,120
121,122,132,126,124,126,125,129,121,123,123,120,122,124,121,123,120,116,118,121,122,127,120,126,128,118,128,132,124,130,131,133,128,121,122,130,127,121,127,129,133,124,127,126,125,129,124,132,131,125,127,124,123,126,127,135,132,125,131,133,135,137,135,135
118,126,123,127,127,128,128,124,128,134,129,131,127,131,130,118,123,132,129,126,130,129,131,128,123,135,127,126,126,122,132,120,123,137,128,127,125,128,131,123,123,134,136,130,129,124,134,121,120,126,128,135,132,132,127,120,122,125,125,126,125,127,123,131
119,126,127,124,124,127,126,125,125,125,125,127,126,126,123,130,124,128,125,130,125,127,126,130,126,125,125,127,126,128,127,127,125,120,128,126,125,126,127,128,128,124,124,125,122,125,121,128,131,125,122,125,121,122,131,126,128,131,128,127,128,132,127,126
127,128,132,129,126,127,124,126,121,121,123,125,124,121,120,125,124,121,117,123,120,126,124,132,126,123,124,130,125,125,125,130,128,124,119,129,123,121,127,128,130,122,120,120,123,126,125,129,132,122,127,126,126,128,124,130,128,120,128,131,130,132,129,130
121,129,117,131,134,132,131,115,130,135,132,134,131,129,136,129,135,140,139,136,135,100,136,119,130,142,132,109,132,132,128,122,131,144,138,125,131,137,131,128,126,149,146,138,136,132,137,130,127,135,130,135,134,129,118,123,121,125,123,123,122,125,121,95
125,124,123,122,121,124,128,128,125,130,125,127,125,123,124,132,123,129,124,131,127,128,130,123,121,129,125,126,126,125,125,125,124,130,128,121,131,128,125,130,122,128,122,124,122,125,130,137,128,127,122,128,124,123,113,126,125,127,130,130,122,127,121,130
133,129,121,126,124,125,127,121,133,129,127,127,126,128,125,130,132,127,126,128,130,124,130,128,126,129,127,123,127,130,125,127,126,128,128,129,128,127,128,125,124,128,127,125,129,131,127,121,125,125,129,125,128,125,128,122,127,123,127,122,125,124,125,126
125,119,121,119,120,121,121,118,123,132,126,131,131,130,127,118,126,133,129,129,130,128,129,124,125,132,129,125,130,130,128,129,126,129,129,124,127,133,128,128,127,127,135,130,129,128,124,127,127,126,122,123,124,117,119,125,127,125,122,124,128,128,127,131
127,126,128,129,129,128,129,120,123,129,131,128,132,128,129,127,125,131,128,132,129,125,133,128,127,130,127,126,127,126,125,127,124,130,129,128,134,131,127,126,128,127,127,124,125,131,130,122,128,130,129,133,133,125,123,123,124,131,121,120,124,122,126,121
135,127,128,127,128,130,132,128,126,125,126,121,121,128,133,125,129,124,120,123,121,131,125,128,130,129,124,133,123,127,134,129,134,127,125,130,127,124,131,127,135,135,126,125,125,128,133,121,127,131,131,126,128,124,132,122,131,136,119,120,129,131,130,133
125,128,136,127,127,128,127,144,127,127,129,126,129,129,131,129,129,131,135,128,131,143,128,131,132,130,128,139,132,129,133,137,133,131,128,128,131,129,131,130,136,133,129,127,131,126,130,122,137,136,133,132,133,129,142,130,133,132,138,134,134,131,132,146
134,128,124,130,131,134,134,130,133,123,131,129,128,132,132,132,130,126,129,126,123,121,126,129,130,130,131,123,132,127,129,127,127,123,127,127,124,128,127,127,128,127,129,132,129,127,125,120,125,130,127,125,130,131,138,127,126,128,129,129,131,131,125,120
127,127,125,128,126,126,126,124,127,126,122,123,125,121,120,124,126,126,121,122,126,129,123,129,125,120,124,123,125,122,117,123,131,127,126,129,128,130,127,127,126,123,125,127,127,127,127,122,127,125,132,127,133,125,126,124,123,128,119,120,123,126,127,127
124,125,125,128,128,132,127,122,125,131,135,133,132,133,130,124,130,135,134,134,134,132,130,121,121,135,131,125,133,132,123,122,124,130,131,124,132,135,130,129,119,132,136,135,130,133,128,126,123,131,134,134,134,132,131,132,126,134,127,128,122,123,126,134
126,124,127,128,125,125,126,130,121,118,127,123,122,130,128,127,123,124,128,123,128,128,126,129,126,124,130,131,128,126,128,130,124,122,129,132,130,126,127,129,125,125,127,123,124,126,119,130,122,127,126,124,125,125,130,129,130,122,127,126,130,130,128,128
129,130,123,127,129,131,131,128,126,127,134,131,132,133,137,128,126,135,138,128,137,124,134,126,128,133,127,125,127,128,130,126,127,135,135,129,131,133,129,127,127,138,133,129,132,128,132,130,134,138,126,127,128,127,132,127,128,138,125,128,127,124,124,124
126,127,126,125,125,122,124,124,131,122,122,121,126,123,123,127,129,122,123,123,125,125,124,132,132,122,124,127,125,123,122,129,129,118,123,130,125,125,125,128,129,123,126,124,121,127,120,134,132,133,129,127,130,128,133,128,128,139,129,129,127,129,125,123
128,124,130,124,125,126,127,139,123,122,127,125,126,128,131,123,125,122,133,129,131,135,134,126,131,128,132,135,132,129,135,133,125,126,133,133,126,135,132,127,130,126,131,129,129,127,128,125,120,129,129,123,128,119,122,126,129,123,119,121,128,133,132,138
123,130,127,129,127,131,125,131,131,121,125,123,123,123,122,122,132,123,124,129,121,130,128,128,130,123,129,135,127,127,131,127,127,116,122,130,126,123,127,126,129,124,125,122,125,128,120,124,125,125,131,126,126,129,122,133,135,118,128,127,128,135,132,128
134,129,124,124,126,123,127,128,131,129,127,127,128,126,129,131,129,130,125,126,126,123,130,126,128,133,125,126,128,125,123,127,128,132,127,129,128,129,129,128,129,133,133,131,129,126,131,128,125,132,126,129,128,125,128,129,129,128,128,128,128,132,128,122
133,132,127,128,129,127,126,131,135,134,128,131,130,127,132,130,127,132,131,129,130,128,129,124,125,132,127,122,127,124,125,124,128,133,130,127,126,129,127,127,127,129,127,129,125,124,131,125,125,131,123,124,122,122,137,121,120,139,124,123,120,123,124,124
134,128,127,122,125,125,130,129,128,126,125,128,125,126,126,128,123,125,124,129,125,125,124,128,125,121,124,125,124,126,127,126,123,120,125,131,128,124,125,130,124,120,120,126,123,128,126,132,130,123,125,124,125,130,125,128,127,122,125,126,132,133,129,123
127,124,126,122,124,124,128,127,121,129,131,127,127,126,129,123,121,132,126,125,122,129,126,116,121,130,123,127,123,123,126,124,123,130,126,126,125,130,129,123,125,132,123,126,127,125,134,124,125,132,125,131,123,122,127,125,124,131,124,122,122,122,127,128
125,135,136,134,131,133,130,134,127,126,129,129,127,129,131,123,125,126,129,128,125,131,129,130,129,128,130,129,128,128,130,125,125,126,128,126,127,128,130,125,128,132,135,131,127,131,127,121,125,130,130,130,131,132,132,132,127,137,131,126,131,130,131,134
129,126,127,124,123,121,121,134,125,128,120,123,124,119,126,129,125,123,120,120,122,131,125,120,126,119,123,129,120,119,121,128,129,120,121,126,122,122,123,127,126,114,115,120,122,123,129,140,130,128,130,126,126,128,113,128,128,115,128,129,129,127,131,130
124,127,126,128,126,130,133,127,128,127,126,124,124,129,131,128,124,126,127,124,121,123,124,126,127,128,124,128,125,123,126,129,124,128,126,125,122,127,125,129,130,128,128,124,128,124,127,122,124,129,125,126,125,121,124,125,125,123,126,126,122,124,120,126
123,118,116,119,122,123,126,122,123,120,127,124,125,127,122,122,127,126,125,121,125,121,125,124,123,126,122,121,124,122,122,125,129,129,126,120,125,128,127,130,125,128,129,130,129,126,130,131,133,126,127,130,129,129,126,133,128,123,131,134,127,128,126,120
131,129,132,129,126,126,125,130,131,123,125,123,122,128,125,126,132,122,126,117,121,134,124,126,129,123,125,133,128,123,128,130,126,124,131,126,126,128,123,128,129,121,126,124,127,127,124,137,132,128,125,125,126,123,129,125,127,129,130,131,128,125,122,137
125,128,129,130,129,129,130,125,130,131,133,133,133,133,136,129,131,132,135,131,132,134,136,132,134,134,133,134,135,133,136,132,134,136,136,133,135,135,132,132,133,133,135,134,129,134,133,126,128,134,134,134,131,128,130,126,127,132,120,119,120,122,126,129
113,134,121,129,129,128,129,120,128,128,125,124,128,129,126,130,122,126,127,125,125,118,126,123,117,125,127,119,132,129,124,121,121,125,125,122,125,125,125,122,121,125,129,131,130,128,125,118,123,125,128,123,127,131,124,127,125,122,125,129,121,123,125,120
125,127,119,127,127,128,130,124,130,139,130,135,134,127,130,132,129,133,133,131,132,118,127,132,123,134,127,121,129,124,122,128,127,132,125,124,125,126,123,130,125,128,126,131,125,124,127,127,135,124,124,128,126,131,131,133,126,125,132,133,129,127,128,118
128,128,126,127,128,126,132,129,122,127,126,127,133,131,131,132,124,128,129,128,126,123,129,124,120,126,125,124,131,127,128,124,121,126,126,123,127,126,126,126,121,126,129,126,129,128,129,125,128,124,124,126,126,132,130,124,125,131,129,129,121,123,126,124
135,122,115,118,117,121,125,126,125,125,124,124,125,122,128,127,126,128,128,125,127,120,126,130,125,127,122,121,122,123,124,125,127,126,126,125,126,126,123,128,125,123,122,124,125,124,124,130,125,126,122,124,123,130,125,136,132,128,131,131,130,127,132,124
128,127,132,132,126,130,123,126,127,124,131,129,125,129,124,130,128,121,123,134,127,129,125,129,129,124,131,130,130,130,122,129,128,122,125,128,127,125,125,128,129,118,118,121,118,125,116,126,122,121,124,126,125,127,120,131,135,123,132,134,131,133,131,125
133,131,131,127,129,128,133,133,125,122,125,122,126,125,131,130,125,122,121,127,122,127,131,125,127,119,124,131,125,125,132,128,126,122,124,127,124,122,126,125,126,123,126,124,127,125,124,130,138,127,122,121,124,130,143,129,127,136,129,126,129,127,128,130
128,134,134,131,129,124,129,135,134,135,128,133,129,127,127,129,133,131,125,128,124,137,127,135,134,135,128,135,129,128,138,130,124,131,121,124,123,120,128,126,126,126,125,124,125,125,131,130,124,129,128,125,127,131,124,125,124,130,128,127,127,130,128,138
124,123,123,124,124,122,126,122,122,127,126,127,125,124,123,122,123,127,126,121,128,130,125,125,127,126,124,127,120,123,123,127,124,128,125,127,126,123,126,126,129,121,118,122,123,126,130,126,121,126,126,126,125,125,121,123,130,121,126,126,125,128,129,131
123,124,129,123,126,120,125,130,118,109,122,116,115,124,122,128,126,120,124,122,119,126,129,125,130,121,130,131,129,133,136,131,129,122,123,129,129,125,130,126,129,128,131,132,132,131,125,138,134,126,132,132,134,135,130,129,127,127,132,133,129,128,130,126
130,120,117,121,119,123,125,132,120,122,117,118,119,119,122,129,120,126,116,119,119,119,125,129,117,122,121,119,122,121,123,128,122,125,121,126,124,120,126,130,122,123,122,121,123,124,129,139,129,124,122,120,123,121,131,133,136,130,128,127,126,126,130,121
132,132,134,129,128,126,129,131,131,135,127,130,126,127,128,127,130,131,128,131,130,142,125,127,128,131,128,133,131,127,126,126,127,131,128,127,133,128,126,126,126,128,133,130,130,126,127,128,127,131,133,134,131,136,124,124,120,123,128,128,130,135,125,144
124,121,115,120,124,128,126,119,125,129,132,130,132,129,131,123,121,133,133,128,129,110,129,126,124,133,121,109,124,124,128,119,117,134,131,127,129,133,124,122,117,130,135,131,133,126,125,119,123,119,119,127,125,124,131,125,120,113,122,121,123,121,118,106
124,125,127,127,128,127,129,123,126,119,122,121,123,125,124,125,124,122,123,119,125,129,123,127,127,119,125,129,122,125,128,126,130,124,129,127,127,131,124,126,130,122,130,128,127,131,129,123,127,132,128,128,130,129,126,125,125,129,122,123,125,127,128,126
126,127,132,130,130,131,131,128,127,126,126,126,125,125,125,124,129,128,122,124,126,129,126,129,130,124,125,127,129,125,124,126,130,129,127,128,130,129,128,126,129,123,124,124,129,128,128,125,123,128,132,131,131,130,126,123,131,128,121,120,126,126,128,130
125,121,122,121,121,120,122,128,123,129,127,129,129,124,127,127,124,126,130,131,134,128,127,126,133,124,128,133,127,127,128,130,127,131,128,131,128,129,124,129,128,123,128,128,127,126,129,130,127,128,126,127,127,121,131,132,130,133,132,134,134,133,131,125
125,126,131,123,127,129,130,126,122,131,130,129,128,129,130,119,119,123,126,127,125,123,123,125,126,126,125,129,122,127,126,122,126,125,124,126,121,125,125,122,128,130,125,127,124,122,128,128,127,133,127,131,127,128,127,132,130,139,134,133,132,129,132,127
127,122,120,123,125,124,128,120,125,124,125,125,128,127,128,129,126,125,127,129,130,132,127,126,121,124,128,130,130,131,129,125,122,133,135,128,132,136,129,128,123,136,135,132,132,131,130,121,128,136,132,129,133,131,123,136,126,131,127,129,129,135,131,134
132,126,127,123,125,130,127,121,128,123,124,123,124,126,126,136,126,122,126,124,127,131,128,127,124,128,122,128,122,124,125,129,125,125,124,126,125,126,128,128,125,128,126,124,131,128,129,129,129,125,125,128,129,126,130,125,125,132,130,129,126,126,124,135
131,128,124,127,127,124,128,125,126,128,129,129,126,124,130,126,123,132,132,127,125,126,130,124,119,131,126,121,125,123,119,120,123,130,132,127,130,131,129,126,124,128,128,126,129,127,134,125,128,133,131,135,129,130,126,122,124,135,128,125,125,124,125,127
134,130,114,133,132,127,131,120,133,125,131,130,133,133,126,135,135,124,131,128,126,95,127,127,124,126,132,105,133,131,131,130,130,125,132,121,135,132,128,131,122,131,136,132,134,132,126,128,128,121,129,124,133,131,130,128,131,128,129,129,125,132,130,96
125,126,128,127,127,124,125,124,126,127,131,132,129,131,127,126,129,131,136,132,133,126,131,127,129,134,136,127,132,132,128,128,133,130,130,130,130,131,127,130,132,124,132,134,134,129,126,133,134,120,129,131,133,137,128,127,129,111,130,129,128,129,126,124
120,124,125,122,121,122,123,130,120,121,122,123,124,119,118,118,118,122,122,126,121,129,122,126,120,119,122,124,120,124,118,123,122,120,122,122,122,120,121,123,124,115,118,121,120,120,127,120,131,123,121,124,121,128,126,116,125,129,121,122,120,117,116,132
129,130,132,130,127,129,125,135,132,128,135,129,132,132,126,132,129,131,132,127,124,134,126,132,132,129,129,135,130,131,131,132,125,129,132,129,129,130,128,132,128,128,130,132,134,131,131,130,128,129,128,125,128,130,128,128,130,120,129,128,132,130,126,134
131,127,126,126,129,131,127,129,130,128,128,127,125,126,130,131,125,126,131,127,126,130,127,123,123,128,123,125,122,123,125,123,121,127,126,127,120,124,124,124,122,126,125,125,127,124,127,118,124,128,124,129,123,121,121,118,121,125,125,122,125,126,120,130
118,124,123,124,123,126,121,129,119,120,125,124,125,125,121,127,120,126,130,131,127,120,123,132,122,122,130,123,128,128,123,131,119,120,126,128,128,127,125,128,123,116,128,127,130,126,127,125,127,124,131,126,130,127,133,124,124,117,126,124,132,130,128,120
126,123,119,124,124,127,125,120,125,131,124,126,126,125,128,134,123,129,125,125,123,122,122,130,118,124,120,118,122,118,113,120,118,122,120,123,123,122,122,128,118,125,124,122,123,121,125,134,131,130,122,127,122,123,129,130,123,130,127,128,124,132,128,126
129,128,131,129,130,127,123,132,127,131,131,130,134,130,125,131,129,127,129,129,134,128,130,130,131,126,129,126,130,128,129,134,127,128,130,127,130,130,127,132,129,131,135,132,132,128,126,123,122,126,127,128,130,129,125,129,126,124,130,130,128,130,127,124
125,130,129,126,129,127,129,129,126,122,124,123,121,122,126,133,125,121,124,119,119,125,127,123,128,122,125,128,123,122,126,130,129,124,124,126,125,126,123,128,130,125,116,122,126,122,129,128,126,123,120,123,122,119,128,128,127,118,127,126,126,127,128,128
130,124,123,127,126,124,127,127,124,125,130,126,128,130,132,131,127,125,126,129,125,122,126,124,131,127,130,125,130,134,132,128,129,124,123,127,128,127,130,132,129,125,121,124,125,127,123,127,126,121,129,125,126,124,127,127,127,126,126,128,129,126,128,117
137,128,125,126,125,124,127,131,132,128,123,125,121,122,125,138,130,127,119,118,119,125,121,130,129,128,122,123,122,119,121,133,130,129,119,124,120,118,124,132,127,127,125,122,124,123,126,139,132,127,125,125,125,131,127,134,132,133,131,133,130,129,132,127
116,124,133,127,127,130,129,128,124,128,128,129,130,128,126,127,124,130,131,127,126,144,129,128,127,125,126,138,125,125,128,125,125,130,127,131,124,127,126,127,128,122,126,129,132,125,127,138,129,130,125,129,128,127,121,128,123,121,130,128,126,125,127,142
124,122,124,123,122,124,125,129,120,128,124,128,129,126,124,128,123,125,125,129,129,131,128,129,129,123,129,133,130,124,128,129,125,119,122,131,124,121,127,127,130,120,122,130,125,130,123,123,123,115,128,124,124,123,120,130,131,121,125,129,134,130,130,130
116,124,123,120,122,124,124,133,119,126,124,125,125,124,122,125,118,126,123,127,125,127,120,128,122,126,126,125,121,127,123,127,122,123,129,125,128,128,124,125,125,124,124,125,125,128,128,120,127,127,129,125,128,121,124,127,125,124,122,122,125,125,126,129
126,129,130,131,131,130,131,126,128,132,128,126,130,127,127,130,129,127,130,133,136,128,134,130,129,127,128,127,130,129,125,130,131,129,129,130,133,129,127,128,130,123,125,127,129,128,134,134,132,132,131,127,133,132,133,131,132,126,138,133,131,131,132,128
125,126,125,127,129,128,129,125,127,135,131,135,135,132,134,122,124,137,134,132,135,125,132,126,123,133,126,126,132,131,130,123,127,137,134,124,129,133,129,125,126,134,134,133,133,129,135,125,128,132,125,132,128,128,130,125,125,128,125,126,124,125,125,122
125,127,126,128,127,128,126,128,127,126,126,125,122,126,127,126,130,125,127,129,129,130,125,124,124,121,125,123,121,124,119,123,126,122,128,127,127,124,124,125,124,125,118,123,123,126,121,128,128,125,123,122,121,125,124,124,130,115,129,128,127,130,126,128
123,127,131,127,124,127,125,136,129,124,128,127,125,128,129,125,129,125,136,132,130,134,128,132,129,130,132,134,130,129,132,127,128,130,131,125,126,132,129,130,128,134,130,132,133,127,134,131,129,136,130,131,131,130,136,131,125,139,131,129,123,128,131,131
126,129,128,129,128,130,131,129,129,131,131,132,131,133,130,131,130,132,131,131,127,126,127,129,130,131,130,130,127,130,131,127,129,129,125,127,124,126,130,127,129,126,123,130,128,129,124,126,126,124,126,125,128,127,128,129,129,124,130,132,131,129,132,127
128,130,135,135,131,131,132,129,127,127,128,128,127,125,126,129,129,125,124,133,125,125,128,127,132,127,134,127,130,131,131,129,130,123,121,132,129,123,130,129,132,120,121,121,121,130,127,120,124,125,129,126,126,126,131,127,134,130,129,129,128,127,129,123
127,129,127,128,127,129,127,135,129,131,130,131,128,129,131,132,133,131,131,129,128,121,131,122,133,132,130,125,130,130,137,128,134,132,130,124,127,132,132,127,126,135,132,130,131,131,133,126,131,133,132,127,131,135,136,132,132,136,129,129,129,128,130,121
130,132,136,130,128,132,131,143,131,132,132,133,132,131,133,137,127,134,132,130,133,136,129,124,123,130,126,130,127,126,122,132,124,128,129,124,128,131,125,129,125,128,127,127,128,128,126,124,129,126,126,130,130,133,133,132,130,136,131,132,130,128,126,139
125,130,128,124,127,132,130,125,130,138,130,132,130,127,128,125,120,134,134,135,132,127,125,129,124,131,126,124,126,128,127,122,124,130,128,130,128,128,129,120,128,127,128,128,126,125,127,125,128,121,128,131,127,130,127,129,127,121,130,129,130,130,128,123
125,124,123,127,127,127,124,124,126,125,128,126,130,128,125,125,128,128,124,124,130,121,126,129,127,128,124,119,126,125,126,127,123,127,124,128,127,123,126,126,123,134,131,127,127,125,130,119,126,122,120,125,124,125,118,131,127,124,126,126,127,129,126,120
129,123,112,123,124,125,126,117,123,119,119,121,120,125,124,126,124,118,122,126,123,115,124,122,118,118,124,114,125,124,119,119,122,120,124,124,124,127,124,124,117,124,125,124,126,126,127,131,118,113,119,123,123,127,129,117,122,118,128,121,122,121,122,115
135,131,127,130,130,132,129,126,127,134,130,131,129,128,129,124,127,131,133,132,131,124,129,127,129,130,127,129,127,126,123,125,129,128,125,126,125,126,126,125,130,126,123,128,127,126,131,135,129,127,125,128,127,130,129,127,130,134,127,132,132,128,125,121
129,131,129,128,128,128,131,124,125,128,125,126,128,128,131,123,124,133,129,124,125,130,127,126,124,134,128,128,129,126,125,125,118,124,126,120,125,126,122,120,123,125,127,124,123,124,124,118,123,131,126,127,125,119,112,126,129,119,122,124,126,130,127,132
129,124,123,120,122,120,125,125,126,124,124,123,121,122,123,126,125,121,124,123,118,128,124,129,127,124,124,130,122,123,126,128,126,120,122,127,124,120,125,129,130,123,120,126,121,123,123,128,131,126,129,128,128,127,126,132,132,121,130,132,132,133,132,132
134,129,134,128,127,128,127,129,127,125,124,126,125,120,121,128,128,126,123,121,127,136,125,126,130,125,122,132,124,122,126,131,128,127,129,131,129,128,124,128,128,125,122,127,124,124,127,137,128,131,127,131,126,127,112,128,132,129,126,127,130,130,130,135
125,129,129,128,129,131,127,132,128,126,127,128,126,128,127,130,126,126,126,128,126,131,121,128,125,126,125,128,126,124,124,129,129,125,127,124,127,124,125,129,129,127,126,127,124,123,124,137,132,127,129,125,126,130,129,130,127,125,132,131,128,125,126,131
120,129,131,128,126,122,124,124,117,118,121,123,122,122,119,118,121,122,119,119,122,124,122,131,129,126,124,128,122,122,126,126,123,125,121,130,128,122,127,125,127,124,119,119,121,125,125,122,125,129,127,125,125,122,125,123,126,126,125,122,122,122,126,124
119,121,126,124,123,126,125,124,127,124,126,125,126,127,127,129,132,130,128,131,129,123,130,126,132,130,129,127,129,131,134,129,133,133,134,136,137,132,133,133,132,128,126,132,132,134,135,135,127,128,133,130,130,132,126,124,127,122,126,125,127,126,126,117
124,125,129,129,128,128,123,132,123,119,119,123,123,123,120,126,124,125,126,123,127,129,122,127,130,121,123,123,125,123,123,130,130,125,127,125,127,127,122,131,131,126,128,129,127,125,123,139,137,124,121,129,126,126,129,132,127,132,137,136,132,131,129,127
130,128,129,126,126,125,130,132,122,122,125,127,127,124,128,124,123,127,133,129,132,129,128,131,126,125,125,126,125,123,125,123,124,127,128,129,131,130,124,122,124,122,126,129,130,126,127,127,131,128,129,130,130,133,144,130,129,140,132,134,135,136,133,130
127,125,129,127,130,129,123,133,132,123,125,125,127,122,121,127,130,125,127,130,130,128,124,130,135,126,127,128,125,128,126,132,128,126,126,134,131,124,125,129,131,130,123,122,126,124,126,118,124,122,122,126,123,120,122,129,129,122,130,131,133,134,133,127
117,130,133,129,128,126,125,131,122,121,127,121,128,127,125,121,126,127,124,127,125,136,132,124,127,128,130,135,128,130,135,125,128,125,126,126,129,126,132,123,129,128,128,129,129,130,129,115,125,127,126,126,128,127,135,126,123,117,118,122,126,126,126,133
129,126,127,129,128,126,130,129,129,121,123,120,122,123,124,132,133,121,119,124,125,128,123,132,134,123,125,129,127,129,130,132,132,126,121,128,126,121,124,132,131,122,121,123,128,125,128,128,128,129,129,125,126,132,132,132,131,133,134,131,130,128,126,126
124,126,124,125,126,126,126,124,124,120,123,117,119,127,127,122,123,124,123,127,120,123,128,128,125,124,129,126,129,131,128,123,126,123,124,125,127,129,129,126,125,131,124,129,127,131,128,128,130,132,126,126,131,128,128,125,124,131,123,125,121,122,126,123
110,122,110,118,118,116,121,114,116,111,116,113,112,118,113,113,111,108,111,114,109,112,118,119,107,110,119,107,113,117,108,110,117,109,108,119,114,108,117,117,114,109,107,114,111,119,111,109,117,117,119,109,116,109,109,118,119,101,117,118,123,122,121,116
127,126,126,125,124,126,129,129,121,132,134,135,131,134,134,127,127,130,129,134,133,118,134,127,129,133,128,124,129,133,134,128,134,133,135,133,132,132,132,130,129,128,127,129,128,133,131,131,129,129,127,126,126,128,128,133,129,132,126,125,126,124,131,115
137,128,135,134,130,132,130,126,140,137,132,133,131,131,131,135,144,135,134,137,133,135,134,134,144,138,135,139,134,135,136,134,142,137,133,136,136,136,135,135,139,137,132,135,131,134,138,136,136,137,134,136,134,134,121,133,130,125,127,134,137,137,132,135
131,132,130,132,132,136,134,129,133,127,126,124,126,131,130,126,128,124,123,123,120,126,126,128,126,124,126,122,125,125,125,128,128,125,120,127,122,123,128,129,125,125,126,123,123,127,124,133,134,131,132,132,132,131,125,123,124,128,129,127,126,126,126,127
124,124,119,123,125,124,121,120,123,129,131,131,128,127,125,130,124,132,131,130,127,120,130,129,127,134,126,120,124,127,131,131,124,133,132,123,128,130,131,130,121,132,128,131,126,127,129,127,123,122,126,126,127,129,118,126,124,119,127,127,125,125,127,118
131,125,125,130,126,124,122,123,132,122,120,119,117,119,116,130,134,119,114,118,113,121,115,128,132,119,125,125,120,121,119,127,133,118,115,126,119,113,122,128,130,114,112,114,110,118,117,124,126,126,125,121,121,120,118,122,128,120,122,125,124,125,126,125
130,127,124,126,128,129,126,119,129,128,124,126,125,123,125,125,131,130,131,126,127,124,123,123,122,128,124,120,129,125,123,122,128,133,131,122,123,132,126,126,124,130,135,132,134,126,133,126,131,133,128,130,133,139,133,133,126,129,133,132,129,132,131,129
123,124,129,126,123,126,125,130,121,122,124,125,125,124,128,129,129,128,131,127,134,130,130,128,131,129,127,133,131,129,134,132,125,127,132,130,128,134,124,128,128,123,117,121,125,125,129,125,122,125,128,130,132,123,126,131,127,124,125,127,128,127,132,127
135,129,129,125,127,126,130,123,128,128,130,132,130,128,129,127,125,134,138,134,139,136,131,126,127,133,128,134,129,130,133,125,123,139,138,125,134,136,127,123,124,126,135,137,136,129,134,123,119,126,122,131,130,129,129,124,124,130,130,126,121,119,124,134
122,126,127,125,126,128,121,130,127,127,126,125,126,126,127,126,126,129,123,123,123,129,126,127,123,130,123,125,125,127,124,126,126,129,125,124,129,123,126,130,126,131,124,121,119,127,125,126,123,126,123,123,120,123,126,128,128,127,127,128,126,130,132,133
127,124,124,125,125,127,130,124,122,129,127,129,129,127,129,127,121,128,135,133,134,130,130,127,125,124,130,128,132,129,124,123,122,126,129,125,124,132,126,120,123,122,133,133,130,125,126,122,118,125,123,127,125,129,121,121,123,120,126,128,128,126,124,133
134,128,116,130,130,128,132,121,124,122,128,128,129,126,127,129,127,128,132,126,129,114,130,125,120,129,129,113,127,129,121,125,128,129,129,124,130,130,126,124,124,125,128,126,129,129,123,122,127,124,129,128,129,131,123,121,122,118,119,121,121,117,123,111
128,130,129,130,130,129,129,122,131,127,129,128,130,131,132,129,126,123,122,122,120,127,125,127,123,125,129,125,125,127,118,122,125,123,122,123,120,119,126,128,121,129,124,125,124,122,122,129,124,129,123,126,126,127,118,126,124,118,132,127,121,125,128,131
134,130,127,128,127,126,127,127,129,132,127,127,126,122,125,128,129,128,118,124,124,128,124,121,126,127,125,125,122,122,122,126,129,125,117,128,124,121,125,127,128,123,122,122,124,125,126,134,137,128,126,124,124,126,132,130,128,135,129,127,129,129,130,128
131,131,132,134,131,125,126,134,130,128,131,130,129,128,127,129,129,130,135,130,128,131,129,135,132,130,131,131,130,130,131,135,133,128,128,130,129,127,124,132,130,123,129,129,130,129,127,131,130,126,130,128,128,126,127,123,128,119,128,128,129,127,125,131
109,117,132,122,122,123,124,123,110,126,126,125,127,125,124,127,116,130,128,125,128,136,130,126,125,127,129,134,132,128,127,132,121,128,127,126,132,131,128,130,128,128,131,130,128,127,129,133,126,128,125,125,125,122,125,130,134,124,128,130,131,134,129,138
124,126,122,122,123,120,120,128,120,126,127,127,129,124,122,122,121,127,123,124,129,126,125,123,124,128,125,124,123,127,123,121,126,127,121,124,127,124,124,123,124,123,116,116,121,126,126,123,123,122,126,123,122,121,116,126,127,118,128,127,128,125,127,124
120,124,124,126,126,124,121,123,124,121,128,124,124,124,122,128,123,123,121,125,121,126,123,125,122,124,123,123,125,125,119,123,126,131,131,127,132,129,123,126,125,129,119,126,126,126,128,123,128,132,129,130,127,124,123,125,123,130,126,126,126,127,127,125
131,130,131,130,131,127,131,130,129,131,129,131,131,130,129,131,130,126,123,128,131,125,126,126,131,126,127,128,131,128,131,135,131,125,129,127,129,132,131,128,129,124,124,127,130,130,132,128,129,131,131,129,130,133,128,137,133,133,136,138,139,134,134,128
131,133,136,132,132,135,133,131,133,127,130,130,130,133,135,132,130,123,126,126,130,134,130,130,129,127,129,136,131,131,134,132,130,127,131,131,131,132,130,131,132,133,132,132,133,132,130,127,124,129,126,124,129,125,127,124,122,131,123,122,127,122,123,126
134,131,133,130,130,128,130,130,138,130,125,123,125,127,129,135,139,128,128,128,127,130,127,126,132,128,129,128,127,129,132,129,132,130,127,127,130,122,127,125,127,134,127,123,122,127,125,124,123,128,125,121,123,126,126,126,121,132,121,122,124,120,125,130
120,128,129,127,126,126,123,125,125,137,130,135,135,129,126,126,121,133,132,133,131,131,126,122,123,133,132,131,135,131,124,124,124,133,132,126,131,128,125,124,123,125,126,130,125,129,128,130,129,131,133,132,131,125,131,135,129,130,141,142,138,136,134,133
124,128,132,131,130,132,129,126,128,124,130,127,127,129,129,133,129,126,130,132,131,128,126,130,131,126,129,131,127,130,130,131,127,127,134,129,132,129,130,130,126,128,129,129,127,129,126,129,121,130,131,128,131,125,126,132,133,130,130,131,130,131,132,124
126,128,125,124,126,123,126,127,128,138,132,135,136,130,132,125,124,136,132,130,133,127,136,126,118,137,129,125,132,128,126,123,121,129,128,121,126,129,128,123,120,133,128,130,129,124,127,132,124,127,126,135,125,121,125,125,124,131,123,121,120,119,118,130
125,124,122,123,126,120,125,119,122,125,122,126,125,124,121,120,118,125,123,123,122,126,121,123,117,124,127,123,126,123,120,120,117,121,122,124,124,120,121,119,119,123,123,122,122,119,120,127,118,122,118,124,120,119,113,122,122,116,122,123,126,127,121,129
126,120,129,131,129,125,128,124,119,123,124,123,124,128,124,121,129,124,129,128,125,129,124,130,135,120,133,128,131,135,138,130,133,124,127,132,125,127,131,132,132,125,132,130,127,129,127,133,128,123,125,129,123,124,118,128,127,120,128,130,129,127,126,125
125,125,111,121,124,125,129,113,123,119,130,124,123,128,121,129,125,118,123,126,122,105,119,126,117,121,126,111,124,120,115,119,120,122,121,121,120,115,125,123,117,130,125,124,121,123,118,121,124,123,118,122,118,116,116,113,113,123,116,116,121,119,117,103
128,126,128,126,125,126,132,129,127,129,132,131,130,130,132,128,134,136,138,136,133,125,135,130,135,137,134,130,133,135,141,133,131,137,134,131,130,135,134,124,132,135,132,136,135,132,138,117,127,135,133,130,131,125,132,126,129,120,122,124,129,129,129,125
130,130,132,130,129,131,132,129,135,129,127,128,121,127,137,128,134,129,124,121,123,134,126,124,129,132,123,130,123,123,125,129,130,134,128,120,121,128,128,127,133,137,125,123,123,123,127,126,127,138,127,130,127,130,134,128,130,135,131,131,127,131,130,138
115,127,131,129,128,125,126,129,118,122,126,123,125,127,125,126,120,124,125,122,124,127,125,130,126,124,126,127,127,128,132,125,122,122,125,128,126,123,125,122,127,124,127,123,126,126,124,123,123,124,128,123,126,127,127,124,123,125,129,127,125,127,123,129
126,126,130,124,121,123,127,132,126,120,124,123,122,125,124,123,126,120,119,124,121,130,123,125,131,127,125,132,121,127,132,128,128,128,122,129,123,121,128,125,131,129,122,125,125,126,127,123,128,128,128,123,124,121,125,129,130,126,125,123,127,127,128,133
127,122,119,119,120,124,123,122,124,134,128,126,126,125,129,121,123,129,124,129,123,126,128,124,127,127,124,122,123,124,123,123,125,124,127,126,131,122,123,125,126,124,122,123,122,122,124,120,127,128,124,120,120,111,129,120,124,134,126,126,120,128,126,124
123,130,124,129,130,132,125,125,132,131,131,131,132,131,132,124,126,128,137,129,136,115,133,126,125,128,126,119,128,126,126,125,127,132,136,127,126,135,128,128,125,128,131,133,131,126,135,127,127,130,127,129,128,130,123,128,127,123,130,128,134,128,127,111
119,126,133,127,128,127,123,126,120,130,128,132,129,128,126,121,119,129,130,129,129,131,124,126,125,127,126,130,124,125,132,125,123,125,126,129,124,124,129,126,126,122,125,125,126,127,118,124,121,109,126,125,121,123,119,125,124,104,122,125,128,126,125,130
130,132,122,128,129,129,130,124,132,131,123,123,120,125,127,128,130,127,122,122,125,116,127,128,126,127,127,120,125,130,122,127,127,128,127,126,125,124,126,128,124,125,123,124,121,130,127,133,129,131,126,128,122,129,126,135,131,134,130,128,127,124,129,113
116,123,127,128,128,126,127,117,118,131,132,137,134,132,129,118,117,131,135,137,136,137,132,128,122,129,135,133,133,131,127,121,121,130,133,136,137,131,130,120,122,126,129,130,129,129,127,111,114,125,129,130,128,118,119,118,119,117,117,117,124,124,122,129
137,135,131,129,127,129,130,125,134,135,127,129,130,130,129,126,130,125,122,127,130,123,127,122,131,126,128,127,133,131,128,124,128,123,125,126,126,123,125,122,130,125,132,128,127,128,126,123,131,125,124,124,124,127,131,131,135,130,131,129,128,129,126,124
128,128,126,127,127,126,130,127,130,131,130,134,130,127,129,130,128,138,131,129,132,122,130,127,128,138,128,122,127,128,130,132,127,136,131,128,129,133,129,128,126,132,131,131,130,128,135,122,128,135,127,133,129,128,134,130,131,137,128,127,126,125,129,125
138,132,133,134,132,135,137,132,138,134,131,130,131,130,136,129,132,132,132,133,138,133,129,127,134,130,131,134,125,129,135,125,131,134,134,133,134,131,129,125,130,129,131,132,129,131,135,121,128,135,131,134,132,136,132,127,130,124,126,122,126,125,129,130
126,118,123,120,122,127,124,128,127,124,123,120,121,124,122,127,126,125,122,122,121,123,124,123,127,126,123,128,122,126,124,126,129,123,122,128,124,121,123,124,129,127,122,123,124,127,127,133,126,131,131,125,128,125,123,130,135,129,133,136,135,136,136,130
134,125,124,124,127,127,128,128,124,137,128,130,130,128,125,127,127,126,125,133,133,128,124,130,131,128,126,128,126,132,134,125,130,129,125,135,131,129,132,129,132,129,127,125,124,132,130,130,133,127,131,126,128,126,134,138,132,132,132,130,132,134,134,126
132,133,137,132,133,133,135,137,132,138,140,139,138,140,143,135,131,141,143,137,144,141,145,131,135,140,136,143,139,136,143,133,130,141,144,138,139,142,138,127,132,144,140,140,143,136,142,131,135,148,137,139,140,133,148,136,136,154,135,133,133,135,134,134
131,129,127,127,128,130,131,127,130,126,129,122,124,130,128,127,135,123,122,126,121,121,128,126,137,127,129,126,123,131,131,131,133,120,122,128,127,120,127,128,132,122,116,121,119,127,123,128,131,126,129,123,128,124,129,129,130,123,126,128,131,128,125,117
123,129,136,131,132,133,129,131,129,135,133,130,131,130,128,131,122,128,129,130,131,147,125,128,126,128,123,138,128,125,124,129,124,130,128,126,125,129,128,129,130,125,132,129,128,128,129,137,128,127,124,130,129,128,129,129,122,116,132,128,125,121,125,149
124,132,130,132,132,127,125,128,125,122,129,123,128,130,120,126,127,122,125,128,121,134,125,127,125,120,133,130,127,128,127,128,129,123,124,125,129,124,126,128,127,124,127,128,127,128,124,129,131,129,130,126,131,134,142,135,127,129,127,129,129,131,132,132
125,128,129,131,129,128,126,130,124,128,130,130,130,129,128,132,128,128,131,133,130,128,129,131,130,129,133,130,128,132,128,132,127,127,129,131,129,126,128,130,125,126,124,128,124,128,122,130,123,124,128,129,126,126,126,132,128,131,132,132,131,133,132,130
146,138,133,133,133,131,135,147,138,132,127,127,128,126,131,145,138,133,133,133,130,130,130,133,134,131,130,131,129,130,133,133,137,132,132,130,129,131,135,131,131,135,131,134,127,132,134,148,143,137,137,131,133,137,148,130,132,147,130,129,129,125,129,129
122,127,140,124,126,128,127,145,124,124,123,124,124,125,123,135,123,122,121,124,127,144,125,125,129,124,127,143,127,130,130,132,129,124,122,127,121,120,124,127,133,123,121,123,122,125,122,120,122,120,120,128,120,124,121,120,120,124,119,118,124,120,123,146
124,126,127,121,120,121,122,127,122,127,129,130,128,129,124,131,123,128,129,132,129,128,123,126,120,129,128,128,132,130,129,129,121,123,131,129,132,136,127,124,124,128,128,133,132,132,125,116,124,128,126,129,131,129,127,122,124,132,122,124,129,125,122,123
129,125,127,126,128,130,127,131,127,124,124,124,125,126,126,129,127,123,124,123,126,127,125,127,127,123,125,126,126,126,126,128,127,122,123,126,124,123,123,124,128,122,124,124,123,124,122,124,126,122,122,121,122,122,126,125,126,127,126,125,124,125,128,128
111,127,130,127,128,126,129,128,121,119,121,123,122,121,127,124,125,123,123,119,124,129,123,130,126,124,121,129,123,125,125,127,128,123,127,124,125,124,124,128,124,125,125,123,129,124,126,114,124,122,121,129,125,124,118,124,125,119,127,128,128,125,123,133
134,130,133,129,127,126,126,130,135,132,126,128,127,128,125,133,134,130,126,131,127,132,127,135,127,127,128,131,128,125,124,130,130,126,126,126,127,127,127,128,129,127,126,130,123,123,125,124,134,131,125,123,124,119,129,125,123,136,123,123,126,130,129,134
131,128,128,126,127,127,129,127,127,131,128,129,130,127,125,123,125,128,128,134,136,135,128,127,130,125,127,134,126,127,127,128,126,127,127,130,129,128,126,127,130,120,119,121,124,125,127,118,124,129,127,127,124,128,133,132,131,119,126,128,130,129,131,130
126,125,119,124,125,128,125,123,125,129,123,124,125,126,128,129,124,128,126,125,124,118,126,129,118,128,126,118,125,125,124,123,117,124,123,125,123,125,127,124,116,128,124,126,127,126,125,128,120,128,125,124,125,122,123,129,132,122,125,128,128,130,128,117
133,125,126,125,123,125,128,128,124,128,129,129,128,128,125,129,128,124,129,131,126,128,129,127,132,124,131,130,125,130,131,134,134,124,125,125,123,124,130,133,134,119,125,123,123,128,126,129,129,124,129,124,125,129,123,130,135,121,129,133,134,135,130,126
123,124,134,125,126,122,124,130,126,129,129,131,132,126,132,121,129,129,129,128,137,155,134,129,133,129,127,144,127,129,133,129,129,130,132,128,132,133,134,124,135,131,131,132,133,128,129,136,132,125,127,129,129,130,128,131,131,134,128,126,129,122,122,156
124,129,123,127,130,131,129,127,126,134,131,129,130,126,127,133,125,134,132,130,131,121,127,131,120,130,125,119,125,124,120,123,120,133,127,124,128,129,127,126,118,132,129,128,125,126,131,124,125,132,125,129,124,125,129,128,126,133,128,124,122,124,129,121
114,124,127,127,129,128,121,123,117,126,123,126,125,123,117,128,124,122,125,128,127,127,122,129,123,124,127,124,127,125,120,127,124,121,122,122,126,120,123,129,127,124,123,124,122,122,122,138,129,130,128,129,127,126,132,128,133,134,129,129,128,130,129,130
131,126,121,125,126,127,130,132,130,126,125,126,126,125,132,134,134,124,120,123,122,125,127,126,126,125,120,119,122,121,121,125,126,126,121,121,120,119,126,127,126,128,120,118,120,119,124,136,128,128,125,126,124,127,127,132,133,126,132,132,132,132,135,126
131,131,128,131,127,127,124,129,131,126,133,131,132,128,130,129,130,128,136,135,137,126,134,124,128,125,134,128,133,132,129,129,129,130,134,125,134,133,128,127,127,126,138,133,133,131,127,126,132,132,130,131,131,135,141,128,122,137,131,128,129,130,132,123
118,120,120,123,126,127,125,111,120,118,122,120,123,125,124,123,120,118,123,126,121,113,123,120,115,121,125,116,124,125,124,124,123,118,126,125,124,126,126,124,123,124,124,125,126,124,125,131,131,121,125,123,126,122,111,124,122,117,123,124,126,124,127,115
136,129,138,129,130,131,131,136,130,138,132,136,136,131,138,124,121,134,135,129,134,146,134,124,125,137,130,139,130,129,133,129,126,138,129,126,126,134,133,127,128,136,137,135,133,128,133,127,128,132,132,134,136,134,127,124,127,134,122,124,121,127,127,148
122,129,128,127,128,127,121,126,135,131,126,132,132,127,124,131,130,128,121,123,126,131,125,122,126,128,122,124,125,121,114,126,127,130,121,122,125,125,123,126,123,121,125,125,126,125,129,128,129,128,124,127,125,130,125,128,126,126,130,129,127,133,126,131
126,123,118,125,125,123,124,121,128,127,123,125,127,124,128,129,129,127,127,126,129,122,130,129,128,133,126,120,125,124,128,130,130,130,129,124,128,127,127,130,124,129,126,127,131,129,130,133,124,130,130,130,131,137,124,128,127,115,127,128,128,129,129,126
131,126,125,123,123,123,124,120,130,120,123,124,123,124,122,127,128,118,112,123,120,129,123,131,128,121,123,126,121,128,122,127,129,127,121,130,128,122,124,129,127,127,118,120,118,127,127,122,123,122,127,118,124,125,132,123,125,137,122,121,121,123,123,128
133,128,132,130,129,128,127,135,134,125,125,125,126,128,124,131,128,123,130,130,128,135,125,125,120,120,129,130,131,129,118,127,127,120,129,123,127,131,123,130,129,127,131,131,127,126,122,131,128,123,124,127,125,131,115,127,127,128,128,128,128,126,124,138
122,125,126,123,126,122,124,129,126,122,127,124,127,128,125,127,126,128,130,124,127,131,129,127,125,125,127,127,127,124,127,126,124,125,126,129,128,126,128,126,125,127,127,127,130,129,126,123,122,126,126,127,127,123,129,128,127,129,128,126,125,121,123,122
131,129,130,129,128,129,129,126,130,128,131,128,127,129,128,126,130,126,131,131,127,132,129,125,130,126,131,134,132,132,126,125,129,127,128,128,127,128,127,126,127,129,130,128,127,129,128,128,126,128,127,125,126,125,123,130,133,125,126,127,128,128,130,133
128,123,129,124,126,120,124,134,124,126,126,124,129,128,127,124,131,128,129,127,133,133,132,128,135,127,130,135,131,136,140,132,131,131,132,132,127,135,129,132,133,125,127,126,128,132,131,126,130,127,128,129,130,117,124,130,127,126,124,125,132,130,129,134
137,132,124,131,133,131,130,125,132,131,129,131,129,130,133,127,131,132,131,125,128,119,131,128,121,130,126,117,127,124,118,121,124,129,133,124,127,128,125,122,126,129,127,126,126,122,128,118,127,129,124,132,126,124,126,113,119,136,121,119,124,127,122,120
131,127,128,129,128,127,132,128,124,129,128,129,127,127,132,130,124,124,128,129,129,129,129,129,127,122,128,128,127,127,132,128,131,132,129,131,132,130,129,135,130,127,133,131,129,130,129,121,126,128,134,132,134,127,136,127,131,131,124,124,125,125,125,126
127,125,124,133,128,128,128,122,129,122,130,129,125,132,129,128,126,127,134,122,128,125,128,131,126,131,127,124,131,128,127,123,122,133,138,128,130,134,128,124,120,133,129,132,134,130,129,139,124,132,127,132,130,132,127,133,127,134,136,137,131,134,131,129
124,123,126,126,125,126,128,124,122,125,126,126,126,127,123,127,124,126,122,124,126,125,122,125,126,131,126,125,125,124,124,127,127,128,127,125,127,126,128,126,128,125,122,126,128,126,130,135,132,132,128,126,126,129,126,133,133,129,134,136,132,134,129,128
130,128,127,129,129,130,129,124,132,133,131,133,132,131,133,127,134,131,131,128,131,128,130,125,132,131,129,129,127,131,130,128,131,133,132,129,129,131,129,131,129,129,128,131,130,132,131,131,127,129,131,130,129,130,126,130,132,126,129,130,129,130,129,131
131,129,127,125,125,125,129,137,132,134,125,128,129,123,129,132,129,128,128,127,128,131,125,131,129,124,122,129,125,120,125,129,130,125,124,128,124,125,128,129,130,121,128,125,126,124,127,123,132,132,130,132,129,130,140,130,130,128,128,127,131,126,128,132
129,129,127,128,127,125,125,126,125,132,133,136,134,132,128,129,128,133,134,134,135,125,132,127,127,133,129,126,130,131,130,129,126,134,132,126,132,133,129,128,126,129,128,129,129,129,126,123,125,127,130,127,127,126,122,132,127,140,132,131,127,130,131,122
127,127,132,128,128,128,127,130,127,123,128,123,125,131,125,131,129,128,121,124,120,128,128,126,134,131,128,132,128,131,141,130,127,132,127,129,126,127,133,128,128,135,130,129,128,132,127,133,129,127,133,128,132,135,127,132,130,131,130,127,127,125,129,125
131,137,131,132,131,132,135,125,133,136,128,128,127,128,135,127,127,127,122,125,128,117,132,126,121,128,129,119,125,127,123,126,126,131,130,124,130,131,127,129,124,133,127,124,128,131,135,119,125,134,127,128,130,132,134,130,129,136,128,128,131,128,127,118
134,130,129,129,128,131,133,126,130,139,132,136,136,135,140,122,126,135,133,135,134,126,137,126,124,136,134,127,138,132,136,123,125,137,134,124,132,136,134,127,123,135,138,137,140,128,138,127,125,132,132,135,134,132,136,125,123,139,123,125,125,121,124,125
134,123,127,127,127,128,130,124,126,129,124,127,129,127,129,121,126,130,124,126,127,126,127,125,126,129,130,127,129,129,130,124,127,131,130,129,129,131,130,125,128,132,130,132,131,127,127,126,124,129,128,133,129,128,119,126,128,125,122,124,125,129,128,126
130,129,130,133,131,132,132,119,133,132,131,131,131,129,132,127,128,134,132,127,130,122,130,127,127,132,130,124,127,128,128,125,127,131,131,127,130,126,131,126,125,129,133,133,129,129,132,128,122,128,129,131,129,129,117,127,127,117,134,130,132,131,127,121
127,123,128,123,124,123,125,130,127,134,132,133,133,130,130,125,131,138,134,133,128,133,133,127,131,133,134,133,130,131,131,131,130,135,126,127,123,122,130,126,131,135,132,132,132,130,131,123,128,130,124,126,123,120,133,133,134,136,129,126,129,129,132,138
121,128,130,131,130,129,125,120,128,133,131,132,131,131,127,120,129,131,131,130,128,131,128,128,121,131,129,128,132,127,119,121,125,126,129,126,128,127,125,121,126,130,130,128,127,128,127,124,115,123,125,128,129,134,116,122,123,101,122,122,125,121,121,133
128,128,126,125,126,129,128,128,132,127,127,126,125,127,129,132,128,125,125,127,125,127,132,131,127,129,127,132,121,124,126,130,125,128,122,127,125,123,130,130,127,129,122,124,122,126,127,135,128,128,127,130,129,130,126,127,123,117,128,127,125,128,128,127
131,125,128,125,124,123,123,139,126,131,128,130,133,126,126,134,125,128,126,131,132,126,124,124,126,128,128,131,129,130,136,132,126,126,131,126,129,128,130,128,126,125,126,127,132,129,128,124,126,122,132,125,127,126,136,128,122,123,124,125,129,129,131,128
124,118,117,120,120,120,122,125,114,118,121,120,119,120,115,121,116,119,118,123,119,121,119,121,120,115,123,120,120,122,116,122,120,113,121,125,124,118,124,124,122,107,116,120,123,125,123,121,122,123,124,119,121,123,134,122,126,127,120,120,122,122,124,121
128,127,121,127,127,124,125,126,129,125,126,128,129,123,122,129,127,124,126,124,128,118,125,128,125,123,125,119,123,123,121,122,124,117,126,126,126,121,122,125,122,121,125,123,127,125,117,123,124,119,127,126,124,119,109,114,116,109,118,120,121,122,119,113
125,125,124,127,128,126,126,122,126,126,122,126,128,122,126,126,126,129,124,128,128,125,127,127,124,127,123,121,128,129,125,126,125,126,131,127,129,131,126,126,125,129,130,127,124,128,129,130,123,128,127,126,127,130,117,131,131,124,131,133,127,133,131,128
133,124,121,123,124,123,125,126,128,123,122,122,124,122,122,132,127,120,123,128,126,116,122,128,127,120,123,118,123,120,124,128,125,126,127,130,126,126,127,128,124,116,124,127,126,123,131,127,131,131,126,127,124,127,133,137,135,132,133,133,130,130,132,113
124,119,119,118,122,120,124,115,121,117,125,123,121,121,123,118,120,125,128,127,125,121,125,120,111,124,121,116,124,118,115,124,119,123,132,116,124,127,123,123,121,125,124,126,127,121,121,126,125,124,117,126,123,118,131,124,126,122,126,126,117,119,123,123
125,127,128,130,127,128,123,128,127,125,124,124,123,126,120,128,128,121,126,125,126,121,118,125,127,120,126,126,126,126,122,125,123,123,128,127,125,125,123,122,128,119,128,127,124,128,127,121,121,124,122,122,120,127,131,120,123,118,121,121,124,122,122,121
126,121,119,124,125,131,125,120,126,136,130,135,133,131,130,128,123,136,137,135,136,124,134,128,124,132,126,125,128,127,128,123,125,135,138,128,132,138,126,126,125,128,133,137,131,126,131,137,136,133,128,133,135,132,138,126,126,134,132,131,124,127,125,128
125,124,127,125,128,123,126,124,127,130,127,131,128,120,125,125,127,129,127,127,131,131,127,118,124,128,125,126,129,124,122,129,127,130,127,122,121,128,128,126,126,129,125,130,126,123,133,129,131,132,124,130,128,130,136,125,126,140,127,127,125,124,129,130
130,134,135,131,129,130,130,135,137,131,130,130,132,133,134,131,138,130,131,134,134,131,127,129,137,127,130,133,133,133,138,132,134,127,135,129,134,132,131,129,131,134,134,133,131,132,129,128,129,123,131,130,131,133,121,128,130,125,131,133,132,134,131,129
131,132,125,125,127,126,130,131,130,136,127,128,130,129,135,137,129,132,124,128,127,127,130,125,123,127,125,125,126,128,125,132,125,127,124,122,124,122,123,128,124,125,122,123,122,124,124,123,127,125,125,124,120,118,117,134,134,119,127,127,126,132,133,137
123,128,128,129,128,126,125,124,125,120,128,125,125,127,130,125,124,122,129,125,124,130,128,125,126,127,130,131,129,128,130,121,129,131,130,134,130,132,130,127,128,129,132,130,133,130,127,125,124,125,130,131,133,136,128,128,123,128,128,125,130,127,128,127
118,125,132,129,125,125,122,122,121,128,129,128,124,122,121,126,126,130,122,127,120,120,122,124,131,128,121,126,120,127,126,131,129,131,117,126,126,121,131,127,130,128,117,122,120,124,128,120,127,116,124,126,123,124,123,123,124,127,123,121,126,123,128,120
123,125,135,128,126,127,130,138,123,125,126,129,128,130,128,127,125,126,128,126,129,136,129,127,134,125,131,138,129,131,141,133,133,128,130,133,130,128,133,129,136,129,131,130,131,131,129,118,116,129,126,128,127,124,124,131,130,128,127,126,131,134,134,139
128,123,131,129,127,124,121,122,125,119,126,121,121,123,121,125,128,124,125,124,124,126,120,122,128,126,125,128,126,127,122,124,126,125,126,130,129,125,124,125,124,124,122,124,122,126,123,127,127,123,128,128,125,123,121,131,131,127,128,127,128,128,128,128
127,126,121,128,126,127,126,118,134,128,130,130,128,127,130,127,136,137,133,129,135,116,132,131,131,130,126,118,126,126,128,125,133,134,132,126,127,131,133,126,126,131,130,130,131,128,130,128,130,127,124,126,129,127,124,124,122,127,123,121,123,127,125,115
117,123,116,119,123,128,128,129,124,125,123,126,123,125,128,130,129,130,129,126,130,115,129,132,125,132,124,119,129,125,119,129,126,131,125,122,122,128,123,127,127,128,134,130,128,123,132,124,127,132,121,128,126,122,135,122,124,123,125,126,126,125,122,115
132,130,130,130,130,131,129,130,131,125,127,126,125,129,128,130,130,122,129,128,128,125,124,130,128,124,128,125,127,128,124,131,129,123,130,123,126,129,124,132,125,125,128,131,128,126,129,128,126,133,128,128,131,135,136,128,128,138,132,132,129,129,130,127
127,131,111,127,127,127,127,116,128,129,121,122,123,120,126,128,124,123,123,128,124,112,121,126,119,125,127,113,128,127,113,118,119,122,124,128,131,125,120,122,115,118,119,120,119,125,131,126,123,130,126,127,125,127,127,121,123,140,124,123,124,126,122,116
126,127,124,126,124,125,127,131,127,130,129,127,126,126,131,131,127,136,129,125,122,124,135,138,133,132,129,129,125,129,133,133,127,134,130,133,127,130,130,133,128,135,127,127,127,128,131,131,129,134,129,128,125,127,120,130,132,123,130,127,128,125,129,125
134,127,124,124,124,124,127,135,124,134,133,138,131,128,126,132,125,136,134,134,133,128,129,126,117,134,131,125,132,132,121,128,123,133,136,124,133,138,130,131,124,127,129,129,128,131,133,137,124,130,125,125,125,125,133,130,130,130,128,128,122,127,130,133
124,119,120,122,122,125,123,125,121,127,128,128,129,127,120,126,122,126,129,133,130,133,125,125,122,128,128,129,132,131,127,123,121,128,132,127,128,130,126,123,124,124,134,129,130,127,128,117,118,125,124,125,125,124,121,129,129,122,124,125,125,127,129,136
136,123,123,120,123,124,122,125,129,127,124,128,126,129,120,129,125,126,127,129,129,141,124,128,122,124,127,132,129,125,120,120,124,127,128,128,129,127,124,125,124,129,131,132,131,129,125,123,121,122,125,127,124,127,123,120,121,116,122,121,121,123,119,136
122,128,133,130,129,130,125,123,128,128,132,130,130,131,124,128,132,127,128,129,132,133,129,129,134,130,129,137,128,131,132,129,130,128,126,130,129,130,126,126,129,130,129,131,128,129,129,126,130,128,129,129,128,128,130,126,126,124,126,127,126,124,123,130
124,127,127,125,126,126,128,124,118,131,131,125,127,125,123,121,119,126,125,125,127,127,125,126,122,132,125,123,126,127,121,125,125,130,124,125,127,127,128,127,122,127,124,125,121,126,126,127,129,122,124,127,125,124,118,132,130,138,129,125,127,129,130,128
