84,140,97,107,83,127,112,143,112,143,149,119,148,148,155,111,104,120,113,193,154,126,127,96,71,99,71,126,99,124,121,169,77,138,164,100,114,122,118,126,129,100,161,149,129,132,175,133,124,129,137,117,133,131,127,129,132,108,96,149,141,123,148,160,157,121,130,130,117,97,110,70,111,122,204,100,105,92,163,104,125,151,58,148,122,101,121,117,87,124,124,88,131,117,132,149,131,120,137,130,91,159,126,110,89,82,123,112,141,107,47,127,116,101,18,188,124,126,117,145,105,136,113,126,189,125,132,157,105,132,136,144,97,124,76,102,186,119,79,94,122,166,136,130,134,127,173,151,131,131,132,121,121,215,124,91,74,132,107,115,93,187,114,137,100,91,118,115,123,145,101,128,68,160,100,169,119,160,137,121,138,159,127,196,130,136,156,136,128,118,141,154,128,117,159,117,110,109,115,81,176,104,116,103,127,144,106,128,238,99,124,115,122,118,79,133,119,164,128,109,174,113,91,129,99,123,124,111,104,147,134,100,113,133,153,118,100,123,92,125,114,98,114,155,152,28,115,135,114,134,126,136,69,156,132,116,127
133,121,126,135,130,146,132,161,158,124,165,126,133,123,113,115,133,130,121,134,112,134,66,127,137,209,136,140,129,129,105,138,121,143,127,170,126,112,132,104,124,137,146,127,118,133,103,138,97,136,124,125,68,102,127,120,104,134,153,100,110,133,128,135,119,121,142,130,118,124,132,128,141,119,138,121,93,127,111,120,136,121,111,108,145,124,105,125,127,113,121,124,130,98,135,120,120,120,130,110,114,117,109,122,129,116,127,122,119,137,122,124,127,121,124,119,135,119,123,72,122,129,122,130,124,143,124,109,138,123,125,136,134,126,152,123,141,118,133,139,127,128,132,133,138,145,120,150,124,133,138,110,131,149,135,97,106,141,118,128,133,148,117,127,133,131,114,129,129,118,142,101,117,132,127,84,115,126,119,123,122,120,121,127,122,116,100,119,128,126,131,164,124,145,101,113,137,124,112,135,122,136,128,138,133,160,137,122,118,111,129,122,146,120,93,120,116,171,111,129,127,118,124,129,121,126,122,122,132,102,139,128,148,137,125,142,137,116,128,144,123,136,130,115,129,127,142,122,124,140,116,133,125,157,124,127,127
115,139,129,125,141,159,122,123,118,128,130,130,163,133,135,125,108,122,125,116,112,115,78,133,108,102,122,122,126,131,44,112,150,125,84,132,116,124,122,133,132,126,129,81,126,123,131,131,160,134,122,126,119,116,118,159,117,126,146,140,127,139,127,134,129,114,122,120,161,119,132,133,111,91,138,122,128,110,60,128,121,116,99,122,102,85,131,131,97,121,139,132,167,121,119,127,149,127,126,101,119,119,122,118,132,115,133,142,129,106,127,130,130,129,121,137,146,103,141,75,142,133,133,124,117,132,93,137,154,151,134,128,169,114,148,111,146,123,132,136,135,108,120,117,128,127,127,157,127,129,122,132,135,127,117,105,110,106,102,124,171,105,114,137,97,117,135,130,121,120,127,125,132,111,103,148,129,150,121,121,129,122,125,130,138,132,162,164,116,148,116,142,129,136,178,107,130,139,122,120,123,156,128,129,139,144,142,138,93,115,121,126,91,99,119,172,122,122,138,128,134,131,126,120,136,120,143,134,117,129,140,130,119,125,120,125,121,134,136,153,115,130,127,119,124,125,142,138,130,132,138,137,127,117,124,153,127
100,126,130,127,130,147,130,118,111,128,170,132,159,153,98,16,127,128,138,94,121,167,143,61,134,132,142,117,136,128,128,123,146,71,150,140,136,80,101,154,126,150,117,128,134,131,124,126,151,131,128,127,128,169,131,128,134,113,130,176,140,127,128,109,123,124,139,130,130,135,132,113,77,123,133,129,97,147,99,122,134,131,171,103,122,132,131,131,154,168,126,91,139,113,109,133,120,122,136,126,97,127,160,136,114,104,121,115,112,127,119,142,133,16,131,153,127,139,130,114,134,155,137,122,142,121,131,132,130,135,119,132,138,130,130,106,129,93,137,116,138,98,116,133,114,154,121,110,129,131,130,153,177,173,97,151,143,142,115,128,139,111,146,128,133,133,134,137,131,223,140,167,86,132,124,149,181,117,122,127,113,113,131,111,124,108,154,134,142,107,115,100,127,141,137,103,129,120,131,135,162,119,53,128,143,55,110,138,121,126,122,128,139,143,131,134,125,142,127,133,128,113,140,122,137,125,117,129,134,123,110,115,157,131,135,138,0,134,136,137,130,112,184,110,144,132,120,90,140,134,123,126,122,149,120,138,127
115,92,118,149,87,159,175,127,116,126,135,106,125,145,118,126,95,130,117,161,107,134,135,126,105,106,116,128,156,139,140,155,135,131,149,112,145,128,120,99,138,97,121,145,119,114,131,72,117,125,150,124,108,133,125,98,156,138,134,88,124,117,127,111,92,102,140,113,117,131,122,129,135,124,131,121,84,142,116,96,125,130,146,123,127,118,118,136,99,132,130,131,112,126,110,152,118,156,130,114,118,119,135,112,134,109,90,127,111,134,127,123,124,139,122,138,112,124,98,96,124,133,115,144,124,65,121,118,170,128,133,115,77,122,100,138,107,135,118,118,166,97,194,105,121,109,112,110,121,98,127,124,139,124,145,122,100,109,80,127,142,92,150,165,119,130,165,143,120,121,133,129,91,115,134,124,128,118,124,119,114,24,133,129,90,121,118,111,117,123,125,129,128,123,113,119,98,129,169,107,115,173,168,117,165,92,168,135,166,103,106,109,129,84,105,113,115,138,113,118,93,167,141,116,108,143,85,153,130,120,111,134,122,111,121,120,116,115,124,151,119,124,123,121,136,79,141,118,109,119,100,115,119,128,175,156,127
124,115,116,116,112,119,94,121,129,134,122,118,109,125,132,124,105,122,103,105,117,128,149,105,142,116,125,124,129,128,107,138,124,122,110,129,130,133,126,119,137,112,103,112,125,126,106,159,124,129,102,142,99,108,87,124,108,123,97,113,110,111,141,159,111,117,97,50,130,125,130,116,116,96,117,118,97,141,126,98,140,58,121,123,112,128,122,110,90,128,121,97,123,88,113,104,130,137,126,98,121,110,137,145,127,101,121,134,128,118,117,127,115,124,119,138,130,129,119,101,125,125,130,113,120,114,149,123,136,111,117,131,97,119,126,98,110,126,114,130,82,102,107,122,121,85,121,170,158,203,132,114,115,129,78,79,122,146,111,135,126,78,90,100,106,130,131,106,170,100,116,122,121,112,38,128,121,107,122,82,91,105,157,97,79,128,104,133,123,113,127,126,107,122,112,130,156,143,144,144,122,149,130,135,122,115,126,125,92,107,131,120,74,124,121,88,80,115,122,125,88,178,116,127,121,130,120,130,87,117,115,136,131,89,103,121,142,63,134,128,127,130,133,106,133,115,141,117,133,123,69,119,116,108,177,112,127
132,112,140,117,141,125,110,127,124,122,131,114,98,116,72,134,115,127,93,131,95,138,117,124,158,136,77,141,116,126,111,144,70,126,141,122,169,121,132,109,127,160,124,74,116,79,132,110,137,118,122,127,106,95,111,114,117,145,133,131,106,162,117,134,95,128,122,139,117,110,127,129,129,121,72,134,149,137,184,51,128,114,124,118,124,103,129,139,119,138,144,107,77,93,117,120,125,133,125,123,126,105,147,153,129,82,136,173,105,153,120,125,136,148,88,144,114,123,116,140,113,110,138,150,137,125,118,182,154,97,115,115,107,116,117,108,109,143,117,131,134,183,127,124,117,145,115,154,123,117,106,140,129,108,123,80,125,139,142,127,111,9,127,133,145,115,123,108,120,130,129,135,121,104,127,118,136,131,119,136,116,118,112,123,136,140,96,127,122,99,134,127,128,133,142,127,108,175,134,135,135,114,140,148,128,106,117,132,155,132,127,126,170,135,132,116,114,112,108,107,98,140,139,114,160,134,127,149,130,110,86,142,122,65,125,122,108,123,123,138,133,124,109,155,115,94,174,122,119,132,119,138,111,150,141,127,127
129,120,133,125,145,120,121,96,132,128,101,132,129,130,128,131,115,126,119,145,115,120,64,91,116,186,129,118,127,128,81,135,128,134,125,128,130,117,96,217,127,122,117,148,128,140,125,132,105,130,112,126,214,67,122,123,127,126,139,101,103,127,130,111,125,119,139,144,113,128,107,125,115,146,121,122,138,126,111,124,132,129,122,129,124,124,111,121,114,135,115,118,121,124,123,132,151,107,109,111,130,119,134,120,129,122,159,120,112,110,129,124,130,99,142,130,131,117,99,70,132,121,141,132,145,137,132,127,131,123,141,124,134,131,144,123,135,115,125,111,102,89,116,124,120,115,122,197,124,137,130,148,123,150,133,94,118,153,126,127,131,146,107,127,134,126,122,122,128,147,91,141,123,144,124,90,128,122,123,129,111,131,120,122,128,126,178,111,131,129,135,153,129,133,122,112,135,129,112,129,175,140,121,120,114,139,119,125,92,138,123,131,121,129,85,121,131,194,125,134,126,127,145,122,137,132,136,126,132,154,133,129,85,118,117,99,127,118,134,129,124,109,122,144,149,130,136,147,123,131,108,130,124,100,118,123,127
135,120,130,131,118,126,127,123,125,115,80,128,134,118,151,110,140,126,126,145,115,167,125,142,117,89,134,49,130,129,114,182,137,82,139,114,133,97,190,172,124,101,120,127,107,140,166,130,124,134,104,128,162,121,128,128,109,123,100,157,161,115,140,150,100,145,124,117,137,134,136,128,77,121,133,121,114,130,115,147,128,133,142,124,126,118,162,128,111,91,122,130,148,117,117,120,120,141,108,131,135,140,150,124,120,110,123,141,124,180,102,165,125,68,117,135,112,123,111,114,133,152,133,141,108,120,131,117,60,134,130,133,125,126,116,117,127,100,146,106,103,138,126,130,122,132,144,99,133,121,144,145,143,108,126,119,99,127,116,121,139,134,118,127,103,147,124,141,140,108,131,125,123,125,121,163,137,133,123,128,113,129,118,124,138,99,137,127,110,106,164,85,126,45,113,108,134,134,136,105,111,116,96,116,129,135,87,143,120,125,127,129,124,131,169,126,134,147,149,111,108,142,142,125,127,124,136,113,113,151,128,128,91,121,136,131,76,123,131,153,136,128,137,113,133,132,106,50,143,117,119,133,124,132,129,138,127
115,125,100,119,118,110,132,128,127,143,138,130,138,120,92,121,151,123,99,118,152,137,82,120,120,96,126,138,131,133,118,148,120,125,132,131,121,124,144,122,121,127,142,108,132,123,110,152,109,130,127,126,135,115,134,97,124,112,146,167,112,105,120,132,102,128,127,128,108,130,135,117,146,113,114,55,58,127,85,155,142,122,144,164,112,144,114,128,125,123,115,139,125,128,127,118,113,124,137,145,110,144,131,141,121,100,125,155,133,139,159,118,94,108,134,114,116,120,119,143,131,126,101,134,89,143,107,121,177,152,131,133,145,61,101,141,111,137,124,166,147,139,120,129,134,106,116,123,132,131,132,111,121,155,113,146,129,106,117,130,76,61,124,139,124,103,77,121,120,147,129,117,103,112,130,127,72,127,141,136,136,130,123,138,157,129,115,90,141,120,127,138,132,170,144,138,98,100,117,139,110,87,132,125,125,99,117,118,144,111,122,135,174,118,87,128,112,118,108,131,142,143,112,120,118,130,115,96,114,117,124,121,136,140,119,123,115,116,120,109,113,123,123,94,118,133,117,129,90,127,126,0,132,116,133,140,127
120,121,164,147,120,135,122,109,126,129,195,132,120,153,109,166,132,135,127,111,132,113,122,57,133,180,134,162,119,120,90,145,178,59,107,189,94,152,109,201,128,146,88,146,56,143,141,132,160,129,137,130,195,73,129,142,158,184,66,152,139,134,147,117,167,127,128,122,127,124,158,125,98,126,139,127,131,133,147,127,135,121,165,81,112,91,107,137,137,123,133,145,144,130,127,127,111,112,130,126,97,136,168,134,125,126,125,137,117,204,97,105,127,75,121,126,122,132,130,131,133,145,124,138,121,110,128,97,148,118,130,128,123,96,152,94,140,95,129,126,130,41,138,129,118,170,147,95,126,138,97,194,119,114,116,126,109,171,137,132,126,131,114,127,113,121,130,134,118,162,129,81,96,131,120,138,123,115,104,129,115,122,126,146,142,112,45,125,98,156,112,130,127,153,153,121,121,131,121,136,118,118,104,122,128,107,140,113,124,142,125,130,150,131,124,122,117,65,120,134,141,119,120,122,142,124,133,100,115,123,131,124,90,141,131,173,112,135,103,132,130,38,160,89,126,118,92,119,153,149,129,130,115,179,136,111,127
171,112,160,93,152,115,107,109,121,136,146,103,181,131,90,140,118,114,149,88,88,140,135,117,101,113,138,144,83,117,134,50,115,127,126,132,157,127,129,146,130,144,145,57,132,152,84,104,126,133,142,133,126,131,99,17,113,139,164,144,148,167,96,80,187,42,127,152,108,94,131,192,152,131,55,140,180,168,144,142,96,150,74,162,137,55,136,156,91,136,167,82,53,163,150,142,143,150,135,166,145,181,129,130,83,127,151,224,145,99,138,130,161,156,47,97,181,144,137,130,98,133,137,101,153,156,142,113,170,174,138,126,157,131,130,122,99,151,89,125,79,172,141,90,151,128,126,111,107,151,142,135,113,173,134,135,80,122,145,151,136,173,118,175,95,226,134,95,142,142,136,154,178,137,134,147,129,179,149,132,181,160,143,135,89,157,147,122,99,107,137,136,119,127,135,95,119,140,136,159,140,102,101,80,122,106,150,132,99,105,125,118,126,121,106,133,131,133,157,155,142,131,103,132,130,144,151,31,116,137,93,254,159,75,194,134,88,235,175,82,124,143,133,109,123,155,164,157,159,86,96,125,112,119,174,65,127
14,115,114,117,142,122,124,126,126,117,135,139,124,0,116,121,145,130,146,55,113,137,115,102,193,103,125,132,123,137,144,103,152,100,138,101,113,148,119,139,124,98,143,160,140,126,115,131,127,142,134,117,147,141,152,123,91,125,167,156,137,133,70,167,198,109,101,239,104,132,141,97,114,166,112,115,137,162,112,157,158,46,150,116,84,116,134,148,151,115,89,112,72,165,109,93,93,112,131,121,135,147,109,128,112,123,115,132,149,114,126,138,89,124,118,123,133,128,141,114,137,156,0,138,145,122,135,123,118,128,91,150,119,130,96,101,134,143,112,120,145,175,126,123,111,53,86,98,116,109,128,173,142,127,133,125,110,104,167,125,204,131,87,133,144,143,117,122,162,126,126,122,98,136,127,157,145,124,115,121,105,106,133,113,119,122,96,146,127,125,116,128,136,136,123,141,102,254,131,111,119,138,53,111,127,124,62,99,98,110,135,122,94,125,136,156,130,113,137,138,58,147,114,123,171,126,127,111,124,145,124,171,109,141,90,123,116,125,138,154,133,109,126,193,191,161,102,132,153,145,95,133,123,108,126,84,127
156,117,131,115,104,81,106,122,120,86,125,121,139,138,17,130,130,127,81,143,138,142,156,133,157,149,141,136,106,130,137,127,136,144,152,117,66,120,132,174,125,120,141,188,132,118,141,103,147,148,141,114,115,147,108,144,114,139,128,114,135,146,112,145,127,135,124,103,134,128,138,145,143,115,117,130,87,139,127,94,109,133,144,142,157,139,117,127,22,128,90,91,138,141,124,138,162,104,134,156,162,164,141,156,125,148,114,86,71,142,127,131,129,133,123,157,93,107,113,114,133,112,130,142,121,92,145,133,132,125,135,127,167,121,124,123,76,140,129,0,130,150,15,126,156,138,143,144,127,117,127,140,113,149,117,124,129,128,90,171,151,162,114,28,117,99,123,103,143,145,133,134,110,113,163,132,143,106,129,115,111,45,68,139,90,148,113,125,124,144,137,149,119,150,123,106,109,118,175,110,116,14,158,116,108,118,172,127,107,113,131,108,98,108,133,139,132,115,140,117,120,53,124,103,173,68,124,60,116,131,112,154,129,133,135,134,125,156,152,168,182,129,146,148,119,121,82,132,143,116,129,109,133,128,171,102,127
115,143,115,134,100,135,115,131,137,118,135,144,141,125,181,126,125,125,113,137,130,132,139,113,144,158,96,130,130,131,119,131,127,143,118,126,129,127,127,135,134,175,126,122,127,148,115,103,127,134,164,106,107,134,135,62,134,130,127,66,112,101,127,122,100,127,133,71,80,122,122,122,141,140,107,163,101,124,55,136,139,135,153,181,137,103,125,76,237,120,97,136,149,141,118,128,143,187,130,165,152,128,129,128,126,138,72,99,113,131,120,129,157,135,103,138,121,112,155,152,115,126,119,127,140,70,145,119,118,117,136,131,148,110,109,114,203,137,119,190,154,130,92,136,132,141,92,111,126,119,128,138,109,144,104,184,137,127,102,0,94,168,142,144,98,117,121,132,145,141,136,135,151,143,126,76,150,136,124,95,147,168,152,115,74,124,112,127,120,120,130,131,128,137,144,127,86,112,103,112,133,131,145,139,132,89,105,129,128,134,127,119,146,144,118,117,138,132,138,124,127,148,127,173,127,102,128,166,124,132,116,112,122,119,148,123,121,121,127,124,156,122,119,146,133,119,148,123,135,129,102,108,127,122,122,154,127
131,149,134,134,232,123,83,125,116,118,140,122,119,125,87,127,190,145,139,206,136,143,112,126,158,93,134,140,123,118,128,118,115,125,131,114,142,130,123,99,140,126,152,146,123,135,114,85,134,131,128,126,156,137,125,133,112,127,84,172,167,99,152,169,88,136,94,127,126,143,114,113,127,134,156,128,118,120,155,187,116,62,120,136,89,110,129,116,125,121,118,127,107,103,121,133,87,118,119,122,144,136,147,143,135,126,145,120,137,132,134,125,149,148,146,97,126,130,112,101,118,132,108,148,113,126,138,114,140,138,169,115,124,134,116,118,112,118,135,140,121,148,170,152,110,68,120,148,143,100,122,85,121,154,140,137,129,153,134,126,47,107,134,142,108,114,127,147,152,142,123,120,98,141,98,122,136,156,125,117,124,130,116,124,80,153,91,108,126,122,125,103,122,118,142,123,90,131,137,127,109,161,121,135,114,132,114,127,103,104,146,133,100,130,121,128,168,134,136,134,142,96,116,122,99,130,119,107,110,123,99,119,125,140,124,130,146,134,127,153,157,110,141,81,173,143,120,125,141,132,128,121,131,122,155,158,127
120,118,136,107,141,115,112,127,120,135,133,151,131,125,98,123,133,127,151,106,131,137,99,110,171,131,129,134,115,146,125,99,150,129,138,130,102,117,127,117,126,105,121,117,125,131,114,109,128,119,94,124,140,115,105,98,92,121,126,46,144,113,112,94,109,127,127,118,146,132,133,131,130,71,132,123,66,120,141,128,146,119,129,85,134,142,121,105,172,132,115,42,131,108,133,120,95,145,121,156,145,100,126,222,112,146,114,204,141,118,123,124,151,135,125,129,100,143,82,121,124,114,137,124,124,116,152,143,70,117,124,125,164,130,136,116,94,121,130,105,99,97,98,136,123,124,122,93,127,114,122,138,124,131,68,126,106,142,97,123,132,123,105,122,130,127,133,125,132,127,118,123,164,141,134,98,119,140,123,126,128,107,93,143,114,128,138,140,115,127,126,150,126,102,127,139,118,130,254,145,141,103,101,100,169,118,98,132,99,137,146,190,124,112,111,126,174,120,119,148,140,197,101,122,182,171,124,103,45,124,164,104,140,138,126,121,130,87,132,126,108,129,124,126,143,161,169,132,136,120,117,119,129,108,137,135,127
119,179,121,134,139,110,121,117,129,124,123,120,178,129,159,110,152,136,93,114,112,124,135,133,160,156,94,129,180,131,122,113,100,134,95,121,181,122,119,139,125,190,129,129,125,112,114,154,134,118,140,133,134,129,241,94,166,130,140,140,121,84,98,109,130,154,141,140,138,146,118,143,127,108,135,131,98,124,128,132,93,149,139,126,122,128,131,105,89,120,132,148,121,105,122,130,116,139,125,151,144,149,132,107,116,140,131,120,115,127,146,128,121,140,202,110,130,141,128,137,197,126,119,141,130,128,115,130,75,128,129,107,112,132,147,113,113,125,207,138,126,99,102,132,129,127,122,121,172,116,117,129,105,107,112,129,122,141,126,135,131,143,185,128,149,131,122,160,117,136,123,120,141,121,144,112,145,168,116,133,126,145,155,101,138,129,115,137,119,102,129,127,129,125,100,140,123,111,109,127,129,144,118,116,128,82,128,126,141,156,125,116,133,140,130,137,115,138,125,123,137,110,194,134,113,116,130,75,164,122,172,111,148,103,115,128,116,127,131,172,130,122,126,165,109,119,157,126,126,148,142,131,211,134,125,89,127
109,76,129,112,127,107,121,123,134,130,133,129,131,128,31,131,129,136,180,125,125,121,147,116,194,118,120,123,146,125,142,125,115,132,141,121,193,121,122,142,129,116,126,96,119,118,141,116,133,128,142,131,118,134,165,105,112,135,137,134,118,91,128,148,127,137,133,103,137,120,123,114,125,194,143,130,122,120,173,138,240,130,131,133,140,127,135,129,165,127,112,125,114,121,136,127,129,134,124,125,140,85,122,145,122,133,132,142,144,130,129,120,129,144,183,127,132,131,169,146,114,109,137,103,124,114,86,129,93,122,138,142,108,134,124,143,148,130,103,105,117,110,118,111,146,128,140,144,140,120,118,139,132,131,147,116,123,133,111,138,137,136,118,130,136,118,128,170,138,124,129,136,133,139,121,139,126,122,123,132,105,99,129,137,136,122,116,137,125,126,125,125,126,126,142,120,106,123,70,134,127,112,126,123,137,126,121,122,118,138,121,105,125,122,130,128,117,134,146,125,137,125,204,153,161,127,112,135,174,131,141,137,124,100,106,135,127,136,125,161,126,126,123,134,128,129,90,138,138,121,114,122,107,118,121,117,127
9,103,88,133,124,97,117,115,124,136,141,114,121,84,80,132,140,138,134,78,112,138,107,118,104,121,149,126,81,115,141,142,139,134,145,104,179,151,126,155,131,154,130,148,125,157,119,154,127,27,94,124,80,112,102,121,134,123,118,142,170,152,136,168,46,126,130,201,103,124,124,254,103,108,129,127,105,101,116,145,162,160,77,122,127,118,109,117,129,103,167,110,143,88,131,177,128,134,118,130,114,122,127,105,84,114,116,70,138,170,125,144,129,113,64,85,123,128,129,121,134,115,162,134,140,132,139,132,90,113,120,120,127,130,138,138,136,117,87,102,119,87,142,114,127,113,164,164,114,144,144,131,113,140,136,101,125,114,224,129,118,127,164,140,210,220,111,111,136,109,118,153,84,124,89,135,159,113,114,129,162,134,160,128,72,141,99,147,126,132,99,94,131,77,186,145,137,105,119,121,52,138,253,102,109,157,106,205,128,73,135,130,105,123,144,146,107,138,141,80,83,124,152,126,64,126,115,80,100,141,141,161,98,108,91,118,147,152,239,169,154,109,129,201,128,105,167,126,108,254,139,127,101,91,120,146,127
128,113,144,115,118,124,118,121,138,123,88,133,115,105,139,95,122,129,117,143,151,72,156,114,138,143,127,81,124,120,122,117,120,104,134,115,121,85,122,97,125,121,84,122,112,131,138,125,128,122,164,127,80,138,110,122,178,118,109,102,131,114,130,118,93,123,133,121,120,113,107,115,96,130,104,137,44,146,136,144,119,127,106,128,124,133,99,127,133,120,115,105,103,113,137,140,126,134,135,126,21,123,86,135,117,196,125,142,117,99,126,88,125,113,147,126,129,120,130,122,130,112,106,113,162,114,141,128,98,99,124,118,137,131,142,142,107,121,128,135,120,131,148,89,120,130,148,101,134,128,137,121,147,65,132,121,125,130,115,127,130,90,145,115,129,101,117,126,130,99,131,160,70,112,127,124,105,124,140,131,142,115,128,104,157,105,180,133,118,132,157,152,127,191,124,129,103,123,113,127,119,137,82,146,124,151,106,134,148,134,131,120,141,120,140,133,107,121,143,146,112,118,127,129,141,129,115,106,113,109,114,122,163,114,139,90,72,138,109,164,124,175,92,148,169,130,121,89,152,118,119,133,116,135,127,121,127
140,134,112,90,171,152,127,153,115,114,107,126,128,131,47,124,151,124,0,92,139,115,118,146,0,156,161,128,137,254,120,119,32,126,157,114,81,130,125,117,125,100,124,161,127,208,117,128,142,129,159,126,132,140,142,99,80,116,158,147,117,129,167,121,146,229,114,127,174,95,123,124,134,113,176,117,59,127,116,88,163,107,155,125,137,156,133,137,162,127,120,43,105,85,116,142,150,156,118,141,111,100,114,190,76,101,148,77,119,189,102,120,137,116,165,123,119,152,147,168,117,126,163,171,96,136,149,113,114,66,117,117,175,133,113,168,99,105,181,151,209,68,127,156,140,129,151,105,124,102,134,148,136,104,74,128,127,142,108,112,137,188,103,113,174,133,114,124,188,120,130,131,111,114,113,135,135,169,130,127,149,79,58,129,119,124,136,144,149,137,123,100,122,180,112,129,156,138,51,109,85,92,161,77,144,77,96,66,179,126,117,172,129,154,155,152,168,93,103,119,120,118,13,138,115,150,95,147,150,108,115,152,114,116,163,127,158,197,141,123,120,115,117,52,134,50,152,111,114,124,177,128,117,117,141,109,127
122,131,125,129,118,129,121,136,129,123,155,119,121,127,124,128,120,124,128,138,142,129,118,130,133,203,137,133,134,130,100,126,105,146,135,107,134,121,105,254,122,114,109,98,132,137,108,137,110,128,126,128,126,99,122,135,118,139,76,113,120,141,124,127,146,117,128,130,108,127,103,122,122,104,145,129,117,132,107,127,131,139,141,108,110,97,117,120,135,134,122,114,125,109,139,127,132,127,174,116,130,147,155,130,129,143,133,128,117,160,111,143,96,27,135,131,152,123,139,125,132,119,121,130,120,121,105,100,150,123,133,134,134,140,137,104,140,85,137,123,148,146,124,128,118,94,123,141,125,115,134,137,132,141,129,121,135,153,117,129,124,124,140,127,136,117,138,121,128,148,123,162,131,127,136,103,92,124,117,130,114,119,127,133,136,100,165,109,117,106,123,110,126,110,135,119,137,123,118,121,188,119,103,121,117,111,123,134,99,123,130,124,107,139,150,126,130,196,168,121,113,126,122,141,133,128,134,136,136,149,133,121,121,120,131,160,122,128,136,137,109,121,178,115,136,117,133,132,130,120,135,126,113,152,121,119,127
114,134,125,127,148,131,117,134,191,129,120,120,138,133,144,124,203,121,127,177,142,139,86,130,109,121,129,144,131,127,232,176,138,120,147,108,122,120,119,105,129,158,146,130,114,118,148,136,18,130,124,126,117,66,150,94,136,138,102,140,133,133,79,71,118,133,160,121,94,136,124,127,134,115,145,124,147,128,95,140,135,116,114,156,126,127,122,127,117,125,120,179,152,109,112,147,163,130,121,104,88,133,134,132,92,145,138,134,123,132,138,121,107,120,143,79,127,35,115,95,136,127,197,165,116,138,115,137,121,165,91,135,116,125,155,120,114,121,133,140,99,78,127,126,106,208,158,98,136,166,127,43,125,178,119,77,131,215,138,123,126,173,162,127,129,111,181,136,140,127,123,121,126,112,121,100,156,130,122,123,128,150,121,150,65,137,163,202,133,153,115,156,130,125,131,128,147,78,98,134,115,150,129,192,102,168,174,129,100,114,142,135,136,123,127,139,116,100,127,81,91,129,134,132,148,132,119,110,137,221,148,133,123,128,141,122,105,102,124,139,116,121,128,57,152,148,120,117,111,120,112,123,132,118,135,101,127
138,146,130,132,173,167,116,134,126,118,130,116,115,151,105,131,202,126,132,182,141,126,122,127,122,127,134,129,125,122,130,136,133,127,108,121,115,127,127,139,116,106,129,101,127,129,133,133,112,123,109,109,134,141,138,133,133,134,124,187,145,139,133,121,110,108,120,126,127,125,128,132,115,143,126,128,162,126,192,121,139,104,113,104,127,124,124,146,131,142,148,107,105,120,134,148,150,86,123,127,130,131,129,133,118,129,112,116,135,120,122,117,152,120,135,111,126,116,108,125,127,123,122,130,150,88,135,126,105,131,115,120,108,121,126,122,140,130,126,111,125,128,235,115,141,113,161,134,120,137,126,143,115,132,155,131,128,127,119,134,78,147,104,128,121,148,114,116,131,130,118,127,122,131,122,162,140,113,125,137,124,131,145,131,147,135,101,98,125,125,133,118,159,117,123,118,159,138,181,151,123,184,118,131,139,129,135,123,84,113,108,125,102,142,128,113,126,118,132,133,133,153,113,134,101,123,139,104,126,126,118,111,128,127,123,128,121,135,130,111,120,127,128,121,146,155,146,128,131,133,119,128,117,125,131,109,127
141,122,138,120,152,96,105,108,129,121,143,116,124,141,112,139,103,118,146,137,126,130,141,127,86,137,125,139,125,130,129,143,104,119,91,115,138,124,125,127,126,130,116,129,119,115,105,137,142,118,75,121,105,113,137,155,94,130,86,149,177,122,114,140,150,88,127,145,128,128,124,134,93,121,166,131,153,103,165,124,118,114,109,102,127,134,122,181,91,127,164,147,100,104,141,117,127,153,120,105,125,118,120,93,116,116,121,124,143,123,135,133,128,121,119,153,148,126,123,184,121,116,118,109,137,126,141,114,117,126,137,137,152,153,122,146,97,125,131,127,99,134,155,133,118,145,130,167,107,128,120,131,133,144,125,136,102,146,175,135,161,155,104,144,166,119,126,127,108,128,131,128,164,145,103,129,121,133,115,129,93,130,157,102,93,158,121,130,133,126,130,145,127,118,100,123,135,131,96,162,133,171,121,128,94,147,108,113,78,106,118,130,113,169,103,127,111,134,149,134,142,90,164,120,127,113,151,108,155,151,138,116,116,121,105,119,116,190,129,100,125,129,136,149,141,141,137,132,121,120,193,120,130,97,92,115,127
128,147,123,126,139,161,96,123,141,136,130,134,124,110,167,128,125,137,107,113,129,128,109,137,132,136,119,124,130,128,138,139,125,132,126,142,142,127,129,115,129,141,129,113,127,126,148,154,137,131,118,130,138,116,144,124,127,124,134,125,132,118,137,147,117,135,127,101,136,129,125,126,135,139,118,254,127,114,119,139,129,128,131,105,127,130,122,162,135,122,132,124,138,146,123,128,143,136,126,126,126,126,123,136,121,118,108,148,129,137,122,125,110,137,122,136,126,125,135,151,131,123,118,140,127,109,101,128,129,129,125,118,116,130,124,135,149,128,114,136,126,102,103,133,125,121,132,111,115,140,122,121,121,125,115,152,132,124,128,125,109,134,132,117,124,113,145,111,147,120,123,126,120,116,128,121,133,117,126,145,121,109,123,113,105,123,115,132,128,129,126,105,122,142,138,131,109,127,117,122,121,142,130,121,159,111,139,122,112,135,139,139,150,139,129,130,141,127,113,128,116,134,134,122,127,119,107,115,127,124,129,134,126,140,111,134,115,143,124,120,112,130,122,120,131,138,127,116,113,123,149,107,127,119,147,95,127
158,99,120,150,92,128,72,126,149,128,126,133,121,124,83,127,124,123,118,138,97,135,138,114,127,141,125,118,121,131,141,148,141,107,136,119,117,136,125,115,131,144,120,89,131,111,138,61,128,120,139,123,116,128,96,145,98,126,113,107,135,137,103,135,114,138,127,83,105,119,128,179,135,120,119,123,67,163,183,112,83,109,109,129,117,109,138,160,174,148,80,133,81,143,120,140,104,101,125,112,136,104,129,119,138,127,117,150,131,139,142,123,121,113,131,139,177,115,140,162,138,127,126,120,142,122,113,121,147,131,141,117,91,148,132,140,162,130,137,102,106,115,156,102,130,109,127,122,100,87,130,133,119,122,67,109,146,112,254,124,130,123,112,138,134,142,112,114,112,134,131,138,124,126,165,150,122,129,135,127,108,89,123,121,111,140,97,141,122,120,130,125,139,186,131,115,114,115,107,117,126,123,112,137,134,112,121,113,143,125,120,123,129,115,124,124,130,130,123,122,116,111,148,54,91,133,128,108,103,139,112,131,127,99,100,125,124,132,145,125,135,122,123,113,125,156,133,122,130,125,116,129,125,119,156,104,127
118,131,135,129,110,119,153,128,129,102,124,135,121,129,121,132,138,135,145,125,149,125,146,109,90,129,129,122,132,139,108,129,143,125,123,127,105,127,125,129,123,127,127,150,134,135,129,163,116,120,138,130,131,119,134,138,134,128,126,116,143,153,128,112,121,159,127,124,132,116,131,117,143,132,116,117,124,139,138,137,110,125,130,150,118,127,126,135,181,122,104,113,140,120,130,136,110,126,135,116,147,127,129,144,113,127,90,124,129,118,116,117,102,129,157,124,119,124,115,124,114,136,120,130,130,71,164,129,118,130,132,122,106,117,134,114,73,133,114,114,129,150,162,124,129,128,123,122,141,134,128,115,101,118,144,151,134,103,125,71,117,115,133,190,132,123,117,120,158,132,123,115,139,134,109,111,116,141,125,123,134,96,121,134,107,123,124,131,131,138,126,147,125,144,103,137,118,121,118,143,118,171,125,120,116,130,164,129,141,124,122,128,122,179,129,138,176,128,121,126,120,132,107,123,152,138,125,127,136,121,133,116,126,134,111,128,121,143,117,129,153,123,125,133,122,78,130,127,140,119,123,131,109,128,118,129,127
96,128,125,123,126,123,110,115,120,126,74,125,124,117,163,136,136,125,128,125,118,119,126,157,92,87,122,86,121,131,130,168,125,62,124,104,125,122,141,150,126,71,139,122,146,115,103,121,113,135,126,131,152,131,130,155,100,99,127,93,149,107,93,145,119,129,126,117,130,110,107,143,39,135,149,123,97,124,119,157,111,121,71,134,136,94,114,111,99,102,112,125,123,109,114,116,122,148,162,121,110,138,153,124,116,119,114,108,146,141,148,158,105,23,145,130,121,116,123,123,126,150,121,149,92,120,121,140,126,120,110,120,122,121,127,108,146,160,115,126,114,143,120,125,134,92,128,128,128,125,113,106,157,121,136,132,129,122,102,132,125,143,127,158,113,142,136,114,134,59,157,89,107,134,121,157,78,132,161,132,133,147,129,125,107,101,168,132,153,57,131,82,125,67,113,97,124,108,121,113,87,132,105,102,123,63,115,140,137,127,124,130,122,128,184,102,130,148,154,124,113,113,130,142,121,125,129,137,116,144,139,125,57,152,126,149,7,116,117,112,122,133,186,105,106,124,107,123,133,94,139,129,123,180,114,140,127
125,135,144,121,144,138,114,125,124,122,128,123,110,92,103,127,105,139,128,137,113,121,136,112,120,147,138,120,123,115,130,103,113,112,114,128,157,113,127,127,120,107,122,113,122,118,118,103,139,116,86,112,136,122,122,106,130,120,136,196,117,92,127,97,133,114,127,205,154,122,130,119,119,121,133,128,123,139,140,112,121,125,121,115,112,155,125,116,105,110,113,103,100,129,137,120,111,106,123,119,127,111,120,116,125,127,221,115,96,127,132,125,112,122,133,90,130,109,103,101,135,132,131,122,92,62,131,122,93,129,122,111,118,131,130,104,111,118,110,107,116,126,104,119,117,141,122,143,122,106,126,125,131,112,107,123,129,107,124,144,213,123,147,142,122,117,116,134,143,120,126,112,110,126,96,133,137,124,124,110,150,130,130,122,81,121,144,161,126,122,126,119,136,92,112,151,81,135,124,126,110,141,124,125,88,121,63,125,146,121,123,133,120,141,115,112,120,112,114,133,134,127,122,140,115,124,121,123,120,108,105,108,116,117,114,124,123,133,125,132,133,131,126,113,118,149,121,136,122,125,109,125,119,116,122,120,127
124,114,127,126,139,120,130,116,125,128,71,128,126,134,141,124,125,130,127,128,124,117,82,101,106,180,114,129,127,126,116,108,135,122,127,98,129,142,114,107,128,141,108,146,104,139,121,137,144,126,122,127,136,194,125,141,124,125,130,88,133,146,122,135,130,121,124,115,99,126,118,127,128,138,132,121,122,126,115,124,133,122,112,146,124,102,110,132,137,125,115,113,121,114,125,133,151,113,121,108,138,129,125,118,123,123,153,127,113,129,119,159,120,89,131,114,134,124,118,68,128,111,136,108,127,132,138,139,129,127,123,114,141,135,142,123,125,125,122,118,120,80,117,116,104,129,130,202,124,139,134,123,121,143,111,86,128,115,117,126,136,143,130,120,120,129,133,132,130,98,111,137,129,142,127,81,124,126,128,125,125,117,126,129,113,132,68,122,120,127,149,137,129,129,135,153,130,129,116,133,171,137,118,123,129,101,135,134,99,126,129,127,111,128,95,120,133,194,124,143,134,132,140,122,124,127,130,125,127,122,135,122,137,108,134,124,116,115,130,137,126,105,115,138,155,123,130,166,133,137,124,126,125,113,118,136,127
116,99,115,120,164,127,133,125,134,121,136,133,121,109,110,125,105,137,131,101,124,135,123,120,139,118,109,138,131,124,133,143,110,141,113,140,99,130,122,127,121,115,135,138,122,115,147,128,128,120,149,125,127,98,131,90,110,124,179,131,124,97,121,133,132,153,109,112,133,127,131,129,154,116,113,129,122,115,122,149,131,123,129,101,162,100,134,125,121,120,120,145,145,130,140,132,144,153,119,99,131,149,135,118,134,140,122,113,140,102,131,125,126,121,181,112,122,133,132,146,120,133,131,126,137,113,150,126,149,135,134,111,197,120,113,117,115,128,107,112,146,140,122,137,161,176,114,132,254,75,127,127,122,123,116,131,129,120,112,131,137,102,137,134,90,129,153,143,124,130,120,126,126,158,156,148,133,126,123,121,85,119,123,109,77,130,154,121,135,123,133,132,134,68,155,125,106,154,149,132,139,133,102,137,108,112,146,131,136,138,147,124,146,136,107,127,196,127,122,130,102,108,132,142,104,135,139,133,151,140,120,140,122,156,120,125,143,113,131,113,130,133,126,110,124,87,113,125,122,111,117,126,147,123,173,104,127
115,146,121,135,115,74,128,121,143,111,136,116,129,126,138,122,109,121,133,137,133,132,149,117,152,143,129,137,117,130,113,134,119,120,113,123,114,130,131,139,136,134,136,138,117,127,124,179,113,128,129,139,118,117,127,145,138,134,117,101,125,106,137,121,123,132,121,114,133,134,125,129,142,126,135,125,135,137,135,106,116,122,149,131,105,120,132,133,136,131,127,147,118,118,115,126,108,145,123,165,135,146,126,140,126,116,94,94,107,128,122,128,113,131,131,129,126,100,135,140,135,129,129,122,139,90,254,121,148,144,123,146,120,117,110,132,142,131,133,136,125,120,138,132,114,111,137,121,129,120,130,124,131,150,114,131,117,127,144,123,91,102,142,140,107,113,84,117,141,133,136,145,145,120,158,104,125,139,128,140,130,126,115,127,119,128,120,103,125,141,126,145,139,147,120,130,124,123,177,133,100,145,150,121,101,134,103,136,112,99,111,126,137,254,125,127,121,122,143,114,130,145,109,143,132,134,116,134,109,121,133,122,121,137,110,126,149,151,119,119,137,114,119,118,119,153,127,120,107,133,139,115,126,125,165,149,127
137,123,112,125,144,114,133,127,145,126,139,130,119,136,49,135,129,123,158,112,117,127,98,114,142,129,122,135,153,148,118,112,129,132,150,125,158,121,119,116,130,54,127,119,131,85,157,26,117,125,135,132,135,131,176,119,100,125,132,118,113,119,144,114,127,159,128,98,130,121,126,138,124,162,155,126,113,127,168,166,241,125,120,117,132,160,121,113,172,125,105,127,104,109,122,154,134,145,134,156,144,39,132,146,134,137,117,105,144,141,128,126,109,135,197,123,83,122,167,159,123,121,141,114,128,116,133,133,114,133,122,120,75,119,142,114,126,122,114,126,76,78,169,143,135,121,141,175,159,80,127,131,116,151,159,104,122,112,125,141,136,72,98,110,138,95,115,128,119,133,133,137,139,93,67,129,108,146,122,136,89,100,147,155,115,121,136,118,133,129,127,147,123,141,146,141,117,118,115,147,126,158,121,131,130,131,121,137,93,125,125,110,108,134,126,144,96,138,137,127,133,71,59,44,150,123,94,127,195,126,172,112,121,98,86,128,119,87,143,154,122,132,128,154,133,135,77,140,133,117,112,127,128,113,113,121,127
92,137,94,132,122,81,130,135,114,130,114,118,127,114,155,138,116,114,98,96,90,108,95,101,140,57,98,111,110,115,131,104,96,119,135,108,111,94,93,129,119,88,118,105,137,80,99,114,110,125,101,125,133,93,101,168,80,102,118,74,124,113,93,107,113,125,120,112,144,110,114,137,113,113,137,135,102,90,121,124,68,117,102,99,113,166,125,110,148,116,106,93,139,57,120,145,101,148,93,116,97,129,100,121,117,102,109,137,110,78,77,108,69,95,115,135,115,91,96,119,105,146,114,133,79,104,123,94,100,146,119,112,111,106,112,100,100,107,117,124,101,146,104,131,100,109,134,142,108,125,127,87,133,148,134,115,93,97,113,115,85,134,126,142,107,144,110,112,104,112,116,94,79,112,108,109,71,94,111,121,100,87,108,150,94,140,110,90,112,50,111,81,113,107,117,122,115,113,94,105,114,99,100,108,105,120,83,113,118,106,108,120,105,124,60,110,101,139,85,103,130,106,127,126,113,110,136,113,108,130,118,134,94,151,133,107,87,112,117,117,100,122,112,125,87,88,67,129,101,103,121,125,112,101,120,104,127
143,160,107,140,127,80,124,129,138,120,122,129,131,119,71,136,125,151,105,155,139,125,136,134,153,123,122,140,121,99,118,138,134,129,145,118,119,130,118,121,122,117,128,170,131,87,195,101,127,137,151,110,113,136,146,139,132,132,138,133,120,183,130,142,120,118,132,130,121,127,122,128,126,122,122,93,157,121,95,134,132,121,127,96,160,160,130,156,61,131,122,105,140,134,120,127,150,117,136,125,101,144,131,148,129,116,112,96,103,140,125,130,157,137,136,115,90,120,134,100,125,135,135,142,136,108,111,126,109,120,125,132,177,133,117,148,127,125,142,116,137,132,167,126,134,131,132,135,136,139,132,130,134,146,115,124,142,124,127,216,105,128,93,92,124,120,149,118,149,117,134,133,145,126,127,125,144,129,134,111,123,89,96,124,138,119,130,123,125,136,126,114,117,126,161,116,131,118,98,103,130,81,131,132,119,136,97,126,164,123,161,131,81,89,134,117,115,121,136,121,142,108,133,138,142,114,115,119,120,121,122,144,142,124,139,133,117,87,140,166,200,135,127,130,140,134,107,129,112,131,123,111,129,143,93,128,127
145,142,143,130,145,128,130,127,130,127,127,128,115,111,161,128,123,122,128,127,85,113,123,127,153,105,109,138,141,149,121,117,130,104,113,145,140,132,114,109,123,136,123,149,122,152,132,133,120,117,108,127,120,100,133,122,114,129,107,117,133,148,100,95,115,140,124,128,148,190,109,118,142,125,97,102,139,130,94,126,118,122,155,132,115,161,101,141,157,105,138,152,139,97,136,114,125,127,125,122,139,111,113,143,90,164,118,127,99,132,106,111,138,164,139,105,109,123,126,131,111,126,116,134,120,129,126,108,133,110,118,110,148,134,154,170,103,121,137,145,146,136,124,153,132,110,139,117,127,143,103,133,103,86,125,157,137,114,158,121,142,159,139,113,162,146,118,132,134,157,128,127,119,114,136,96,89,80,131,125,103,104,107,58,127,136,124,128,133,88,124,119,120,151,82,150,134,121,142,146,98,102,137,134,125,104,143,122,90,119,126,124,125,126,114,121,141,139,127,137,113,131,158,106,155,126,105,155,124,121,116,129,111,141,132,135,98,132,130,93,148,114,119,139,107,156,147,123,118,130,117,123,175,132,131,120,127
121,117,117,128,124,87,126,150,126,123,115,123,176,135,204,123,119,125,151,132,127,127,131,124,164,132,118,129,152,121,129,97,92,146,93,131,162,115,132,144,130,211,119,168,125,153,84,152,133,126,138,123,103,132,207,120,156,136,136,169,126,129,230,144,114,131,126,133,110,59,131,136,118,88,158,129,131,126,105,142,145,133,92,106,122,151,134,107,119,116,136,140,160,123,123,137,141,120,136,117,121,144,132,150,151,111,112,122,99,115,123,120,106,141,166,129,153,138,120,125,130,150,130,144,127,131,115,147,83,91,127,99,123,137,158,113,103,123,145,148,119,132,151,139,146,133,121,126,156,136,118,136,122,134,122,152,144,127,134,113,133,129,167,85,126,114,126,219,131,133,127,139,145,146,124,112,153,169,123,121,107,86,134,112,119,133,126,146,95,147,121,121,133,104,121,109,120,118,101,107,136,128,126,149,123,117,128,131,107,143,133,131,108,113,138,124,112,142,139,123,120,120,130,118,122,128,138,125,127,129,132,129,134,123,110,129,119,122,125,172,121,137,137,112,114,113,120,127,130,137,132,121,185,141,87,120,127
125,151,113,126,110,120,128,63,178,130,146,128,127,97,137,127,116,132,123,97,135,143,57,122,113,207,145,146,133,129,205,126,121,152,148,133,108,122,128,105,122,130,127,157,189,117,108,128,108,142,126,126,63,191,121,90,116,90,200,108,95,135,137,163,111,133,120,142,104,133,119,131,155,74,134,126,124,133,115,130,129,142,119,136,112,92,115,122,131,148,124,142,116,98,115,124,140,146,129,106,135,133,167,125,131,117,117,146,119,76,138,115,103,118,156,138,137,65,151,96,139,129,105,122,134,119,103,126,123,147,133,137,146,134,137,116,120,133,128,122,108,108,124,122,129,102,120,141,134,138,141,100,91,141,132,83,120,127,105,127,135,172,116,124,136,110,143,124,125,142,118,112,105,134,128,72,137,121,115,129,115,146,124,135,121,133,163,177,129,116,106,156,125,91,124,102,137,136,121,128,152,137,128,125,121,160,169,131,109,128,130,126,151,126,97,106,110,232,117,133,117,127,127,123,126,132,144,132,146,129,144,128,145,125,126,132,133,124,138,123,116,223,141,133,146,173,152,117,125,101,137,129,131,75,123,124,127
138,114,137,150,107,135,144,143,119,119,128,119,116,133,102,117,139,132,155,163,147,108,132,118,120,110,129,118,120,128,142,127,135,107,147,84,108,118,93,189,130,118,115,118,127,144,111,145,103,116,97,125,195,150,128,100,122,157,101,157,0,123,155,144,144,124,108,116,137,128,113,122,85,122,157,126,86,127,172,128,135,139,194,117,120,140,132,113,146,122,127,123,121,108,142,134,129,106,143,141,121,130,132,112,111,120,124,113,120,204,125,123,98,137,143,112,111,149,126,121,129,122,115,110,160,110,127,111,105,118,124,123,97,120,121,81,123,107,128,120,193,161,127,118,117,114,126,67,121,133,136,128,118,130,110,136,184,76,142,128,118,116,124,146,132,132,108,133,128,116,139,113,167,122,146,151,146,133,111,123,160,129,144,139,125,206,177,115,135,116,136,128,133,82,125,160,123,129,123,111,172,149,102,120,108,108,131,118,97,130,130,145,115,136,144,121,127,150,113,133,140,113,121,119,99,131,120,105,132,132,134,113,118,137,122,180,140,126,133,125,127,116,128,101,134,128,166,111,116,113,133,130,131,95,151,149,127
104,154,133,122,127,136,114,140,123,136,131,148,102,111,186,144,176,123,101,189,232,156,118,108,134,131,128,129,133,132,121,219,143,94,173,136,211,126,141,121,121,126,152,201,150,53,101,138,118,143,112,130,120,120,151,136,81,113,133,137,144,66,179,165,106,119,130,122,134,168,155,142,111,126,133,120,68,84,162,164,145,147,165,113,121,215,158,135,178,141,126,96,186,121,124,207,122,124,150,105,73,61,132,141,100,101,119,109,126,120,127,159,148,121,197,156,126,100,109,142,106,161,98,155,84,121,149,132,80,94,129,124,150,117,177,122,152,143,143,108,139,161,124,207,127,85,135,190,135,137,142,91,103,152,105,176,162,127,115,116,140,213,164,127,189,175,151,115,125,147,136,97,4,156,127,164,62,44,147,131,143,134,126,108,116,141,132,109,155,116,157,118,131,158,151,193,137,126,153,173,86,98,59,152,138,42,130,173,148,127,125,117,134,121,113,136,151,147,109,134,112,135,209,137,150,136,84,158,120,137,140,147,142,127,105,147,142,141,137,248,148,127,140,143,136,173,103,140,137,101,144,118,126,134,126,85,127
124,123,163,128,134,113,121,129,124,119,134,117,127,128,104,121,132,106,139,178,111,123,201,155,128,190,168,105,131,112,108,168,119,127,122,127,127,137,144,144,129,137,124,121,131,89,63,148,120,121,169,128,138,152,107,97,170,151,158,133,124,92,91,117,134,145,142,118,77,111,125,108,105,108,124,96,98,165,241,127,128,121,103,135,115,116,141,141,184,139,137,70,139,138,129,130,103,137,152,130,88,77,128,150,137,79,100,115,141,140,122,147,89,117,130,156,144,119,195,149,136,105,166,134,157,115,127,137,121,126,144,150,129,134,102,142,138,133,130,149,121,78,97,116,136,156,130,94,128,158,138,177,107,55,124,136,144,116,111,135,147,154,152,134,137,133,137,107,115,93,133,133,141,143,127,109,123,102,135,131,174,157,118,123,130,113,130,122,123,131,126,76,129,78,163,105,119,162,124,126,135,92,133,124,125,119,178,122,118,160,121,142,165,116,169,154,105,117,73,116,100,113,124,82,136,110,171,134,127,146,104,124,132,109,153,137,103,127,136,89,113,162,118,151,138,98,109,116,148,126,178,78,123,141,115,72,127
113,112,134,123,113,164,114,130,154,133,117,126,133,124,105,133,143,125,171,125,133,133,106,114,149,152,112,125,128,143,129,117,125,154,137,127,114,127,132,139,119,139,125,73,116,135,156,80,170,124,133,127,129,105,125,149,124,152,134,98,138,119,120,142,107,122,121,137,148,142,114,124,143,69,199,118,150,114,173,141,163,123,126,128,138,122,130,103,120,137,106,151,187,96,148,114,116,113,124,149,121,127,128,148,111,137,119,152,156,132,128,125,119,127,151,136,100,152,132,118,146,102,129,127,109,116,107,140,69,135,120,168,231,128,132,113,70,136,131,122,138,74,141,128,123,127,157,162,130,123,127,121,120,153,138,133,107,157,139,136,106,127,160,103,137,119,128,140,126,120,127,130,144,117,116,133,164,145,126,122,149,129,120,115,114,145,114,155,126,140,135,145,125,132,135,120,133,121,176,147,152,111,132,116,161,157,204,122,123,153,117,124,139,111,132,112,137,130,163,151,190,130,118,176,224,113,113,123,83,104,224,121,139,139,126,125,129,176,128,125,153,160,132,132,130,128,137,140,138,121,146,121,130,129,138,130,127
142,160,136,123,107,158,86,130,110,127,115,135,130,120,85,129,103,209,119,114,142,125,109,127,121,130,138,133,132,120,154,141,139,116,138,128,125,127,127,120,120,138,123,97,123,129,115,131,122,122,135,126,114,117,120,108,130,126,130,162,142,130,140,143,139,118,145,133,146,132,115,129,138,153,130,131,82,136,141,124,127,114,133,158,96,115,124,161,95,132,134,114,104,128,132,120,151,124,124,128,121,139,129,127,128,130,123,133,120,131,127,118,149,133,108,129,132,144,119,159,132,122,108,118,141,117,120,133,138,123,132,125,180,133,127,126,161,132,139,168,121,148,134,140,101,126,121,147,113,131,127,125,132,137,133,141,128,144,139,111,136,149,120,170,134,127,127,128,127,134,131,138,134,142,175,149,156,139,129,126,136,175,114,127,107,136,130,112,123,132,130,133,113,167,136,113,109,127,163,133,134,124,114,128,117,112,42,125,97,135,55,127,124,121,133,120,187,124,145,140,138,124,148,132,117,162,130,109,130,132,134,125,132,126,125,124,133,201,141,123,166,127,127,124,117,158,145,119,135,122,142,134,126,120,109,108,127
114,91,120,122,127,59,140,122,120,130,121,121,138,123,91,130,129,140,124,123,106,136,125,127,121,133,122,138,134,114,78,120,117,145,125,121,103,127,127,135,127,112,130,145,132,103,136,100,180,122,150,121,120,135,127,99,109,141,127,136,119,118,149,136,131,133,127,114,117,128,135,123,129,117,109,132,150,112,122,138,129,132,125,133,87,98,128,136,95,134,112,140,136,160,137,127,160,150,125,106,149,136,132,113,126,140,135,118,134,122,127,124,139,125,155,119,113,98,135,161,113,123,130,127,140,111,96,126,140,131,135,127,177,128,122,128,113,138,121,118,159,149,141,127,129,140,115,129,154,153,130,133,117,131,128,147,116,130,116,137,94,107,147,134,128,137,254,170,139,130,125,128,139,149,122,157,136,127,131,127,94,125,121,113,115,132,146,175,127,126,133,135,129,75,139,126,117,144,178,142,148,134,107,129,171,125,147,119,111,121,120,117,123,96,122,136,144,147,141,138,124,136,148,131,108,133,141,129,158,128,122,136,124,137,125,128,139,102,129,122,143,136,134,134,133,108,122,123,127,113,122,128,133,116,137,131,127
20,72,190,101,164,145,115,110,147,91,92,90,105,130,48,125,138,130,173,135,143,116,105,147,130,145,149,105,87,97,101,106,124,172,116,140,102,124,118,116,133,0,130,79,120,116,6,127,160,112,183,123,121,139,120,98,114,131,132,135,105,49,67,142,143,68,140,134,146,162,122,66,103,145,114,130,171,127,145,124,129,121,137,147,134,122,116,125,82,126,57,49,95,129,115,102,133,141,112,144,138,198,128,118,105,118,142,170,81,119,143,127,83,136,174,114,157,156,149,146,159,83,147,76,136,163,110,163,198,170,139,147,89,133,88,100,29,115,53,111,124,24,148,125,113,150,137,92,116,95,138,161,124,111,125,106,136,164,2,125,70,199,132,106,108,21,102,136,134,112,127,121,118,60,130,65,172,73,108,132,146,168,143,122,131,110,166,163,156,155,128,131,133,157,140,133,141,166,117,97,127,179,181,115,130,161,155,137,92,120,140,131,130,152,140,120,130,115,164,109,60,155,124,100,162,147,80,104,115,121,90,117,110,102,211,117,121,133,80,230,93,128,127,110,117,241,31,129,124,139,162,133,143,100,88,53,127
145,164,104,113,112,221,140,130,123,136,110,96,133,108,134,124,175,122,115,88,181,121,107,134,146,80,118,118,134,120,131,84,122,100,113,146,185,118,138,108,135,182,120,80,126,144,106,88,130,126,145,137,127,108,159,49,124,131,176,104,84,121,146,105,102,129,130,120,128,120,111,132,193,154,127,142,184,148,73,194,139,140,198,155,151,118,122,118,139,121,100,124,88,137,118,124,166,76,130,118,116,140,117,121,132,125,143,61,99,136,128,121,163,141,139,72,100,121,139,65,118,126,111,112,94,138,147,123,94,144,132,148,148,138,113,122,137,143,114,231,141,142,87,161,128,139,95,125,144,95,120,88,131,136,108,172,142,112,82,135,100,170,132,136,83,107,134,146,141,124,151,113,81,153,140,129,138,161,134,140,204,113,145,119,164,96,157,123,114,119,117,140,126,133,123,139,109,130,185,92,115,106,112,123,190,115,114,120,93,143,129,115,179,140,110,117,188,121,139,131,160,168,163,161,88,136,84,175,118,133,113,105,116,126,106,123,149,102,146,121,144,142,127,111,121,91,83,137,119,178,127,123,136,135,141,134,127
133,119,120,120,134,121,127,118,125,127,64,127,132,124,130,129,118,133,126,129,130,119,69,106,121,178,116,105,128,125,127,103,139,113,119,101,130,127,122,180,122,120,101,148,101,143,127,146,142,127,129,126,153,73,128,140,121,125,134,94,126,149,127,162,126,116,142,141,103,130,121,126,113,120,115,124,116,137,112,128,139,138,109,128,147,112,108,123,143,135,118,122,122,126,130,128,118,99,121,110,130,124,114,124,132,113,136,127,125,118,118,148,118,88,134,135,141,139,131,78,130,110,135,120,136,149,128,123,127,127,135,117,137,129,140,127,128,123,127,127,131,88,138,124,120,123,118,197,130,115,134,137,118,136,126,97,138,124,120,127,117,142,114,113,125,116,112,124,134,117,121,122,119,136,120,72,117,126,120,126,123,121,122,133,125,138,120,138,118,127,155,154,133,124,127,151,125,128,119,126,173,138,121,125,125,130,148,131,96,122,124,128,113,117,85,117,126,183,125,140,126,123,132,120,127,131,130,128,130,107,134,127,137,115,117,127,130,117,133,130,126,104,121,122,138,122,134,168,124,136,110,131,125,113,118,116,127
156,139,190,154,128,136,120,149,136,121,178,131,138,148,137,120,125,133,76,112,145,150,137,109,142,40,114,147,81,144,145,180,80,92,119,110,165,122,126,154,134,72,174,143,158,139,87,130,139,117,110,133,137,138,112,159,100,123,133,196,133,108,45,153,142,122,124,124,132,178,156,114,107,135,116,123,101,186,135,224,138,140,107,120,127,235,89,152,122,131,142,178,60,169,140,180,144,155,146,135,128,137,144,106,160,112,132,160,98,126,69,156,139,128,154,125,119,109,119,115,156,170,153,165,105,132,135,81,91,174,128,150,100,114,166,92,145,117,143,134,109,248,127,156,113,110,156,100,131,131,126,130,111,241,113,141,157,113,161,135,129,113,157,154,157,180,122,126,137,165,102,115,136,118,140,133,107,132,121,131,167,196,144,104,127,135,142,118,227,72,143,126,132,169,103,161,128,168,157,88,160,98,147,156,120,68,128,126,126,153,137,147,136,128,12,126,128,158,95,133,132,126,43,153,144,139,151,94,127,141,107,164,128,152,201,126,91,132,149,88,145,107,120,139,113,145,130,167,129,113,131,126,181,154,141,115,127
117,148,127,128,133,144,117,127,123,132,126,115,131,143,145,122,126,119,132,149,122,123,66,121,133,107,138,125,130,124,170,156,152,128,128,133,111,127,131,119,127,124,132,142,132,137,136,121,122,125,100,121,144,123,112,135,109,115,130,142,129,117,140,110,115,110,121,134,151,130,126,125,133,82,139,122,142,146,93,145,115,117,111,133,115,107,131,119,134,121,124,146,109,112,122,142,130,96,123,105,143,136,138,122,117,108,151,117,145,124,131,129,107,125,118,133,129,137,162,92,139,141,125,121,122,120,96,123,115,147,134,133,150,110,127,141,140,117,125,103,112,153,148,114,155,125,125,128,119,117,122,106,129,153,144,118,108,112,105,127,133,125,98,132,92,132,180,121,122,133,123,121,115,132,121,112,121,152,128,122,105,128,119,129,131,128,122,102,134,110,133,152,127,118,123,119,144,127,111,106,139,130,129,115,103,155,106,134,205,116,129,121,123,100,120,142,123,127,145,124,114,125,132,118,121,124,108,126,112,137,143,126,132,137,117,132,121,126,127,144,130,118,128,140,120,127,127,144,136,133,102,134,120,127,126,140,127
141,125,163,122,118,114,120,124,114,108,135,109,129,115,120,119,143,113,89,113,86,132,170,154,153,134,76,141,113,133,151,150,52,123,137,136,145,130,114,141,128,140,129,123,120,129,89,111,127,112,122,128,130,134,132,156,94,151,130,162,153,130,158,130,53,106,120,112,198,110,123,116,141,101,36,138,141,122,123,108,154,87,152,114,121,84,119,130,175,109,139,60,128,73,125,105,123,139,135,118,123,90,134,131,114,119,124,110,37,140,188,123,122,151,165,123,90,130,120,140,132,131,147,115,148,129,152,128,88,79,116,118,159,112,178,132,105,130,114,143,137,141,106,146,132,121,72,83,139,103,117,154,112,117,109,171,135,117,157,130,153,106,93,112,122,118,138,128,131,162,130,132,134,152,112,145,89,95,112,128,105,108,129,152,120,150,99,133,125,134,114,101,125,92,108,124,134,152,131,119,119,113,106,127,112,138,99,106,59,142,116,115,119,107,114,145,119,92,131,148,38,126,79,104,96,118,142,116,83,119,61,111,132,108,180,130,146,149,141,93,126,121,139,162,124,63,190,148,134,118,149,132,112,129,133,107,127
125,141,155,137,137,159,76,113,123,132,130,99,115,130,126,130,142,131,136,170,171,128,102,130,108,158,146,131,105,125,139,122,168,116,116,127,93,136,123,135,122,98,129,127,119,146,110,91,134,133,86,129,126,135,123,97,107,137,152,157,152,124,174,125,108,151,89,169,152,135,131,136,129,108,101,120,99,118,149,91,169,114,142,80,83,115,120,115,170,129,82,86,98,67,140,116,119,179,115,127,144,117,132,153,133,128,121,102,116,109,116,117,129,124,105,115,71,120,47,143,131,135,124,114,130,115,120,139,203,113,111,71,99,123,115,106,66,128,157,139,149,122,214,144,107,156,79,143,116,116,128,142,127,146,152,107,112,110,70,117,111,85,124,116,127,115,97,101,76,136,125,127,137,127,93,149,144,135,134,128,117,250,168,143,99,141,127,117,122,127,119,133,129,137,101,144,118,139,87,193,117,192,127,133,133,108,83,129,74,123,105,164,147,105,134,88,122,90,121,152,50,92,148,109,103,115,123,86,170,79,107,117,120,156,138,120,156,76,134,113,120,135,142,106,141,148,212,127,137,105,121,116,112,109,53,117,127
141,113,105,150,109,170,165,116,123,119,115,133,152,133,139,127,111,122,125,159,91,133,115,144,133,120,112,135,131,122,125,111,128,138,89,130,112,121,138,153,125,116,127,118,113,177,122,100,138,117,133,124,93,130,122,105,145,148,127,132,117,203,150,105,131,82,128,130,120,80,126,98,167,131,107,129,155,134,75,127,131,126,126,146,108,87,123,126,102,144,133,168,106,145,138,110,113,112,125,137,126,127,132,97,148,131,146,139,120,130,87,91,108,144,103,137,124,124,115,101,95,133,108,117,161,123,120,133,214,153,126,134,132,107,106,153,127,128,136,118,167,129,158,105,170,154,130,123,122,102,127,111,139,103,196,101,118,148,128,125,101,101,101,144,144,113,122,113,128,130,145,145,130,116,136,147,131,105,129,128,97,86,106,101,146,130,104,105,119,152,123,121,120,145,140,98,95,123,97,133,154,91,164,146,165,132,191,138,103,96,123,117,131,157,150,130,124,102,126,118,146,131,78,149,146,124,132,109,124,122,143,100,128,116,116,126,140,144,115,93,115,126,148,124,139,109,150,105,99,111,146,119,117,136,153,171,127
145,134,149,111,145,146,121,129,127,118,124,126,155,138,167,135,132,125,47,111,49,116,150,112,127,122,45,128,120,153,148,114,63,111,95,131,138,127,125,136,122,177,115,112,145,90,105,150,124,115,142,128,116,138,119,135,104,121,127,119,153,112,112,116,129,161,133,106,156,70,141,134,148,119,114,103,145,148,116,136,113,111,141,134,132,58,123,139,106,118,138,94,92,119,139,121,141,141,118,150,154,79,118,82,113,138,135,102,76,149,125,119,121,141,132,146,115,131,125,125,218,125,129,121,139,132,131,130,84,126,124,135,140,132,208,138,101,140,159,131,131,126,154,88,156,114,110,121,136,117,180,106,123,126,140,143,129,116,145,126,178,135,158,138,116,170,133,99,136,136,136,127,134,122,133,121,147,114,127,129,118,166,119,93,113,125,137,127,107,150,130,121,127,118,132,125,123,146,133,102,117,123,117,96,139,132,113,104,60,129,130,111,151,123,104,148,138,113,117,154,98,102,105,122,112,125,130,116,120,134,89,121,115,89,141,120,140,139,138,102,146,130,120,139,130,127,176,126,127,108,159,129,140,106,123,138,127
117,136,76,104,94,109,136,102,140,121,160,169,124,111,123,131,127,133,99,114,25,142,155,120,52,73,150,124,208,154,110,197,139,139,193,128,158,130,114,160,134,220,117,164,122,144,153,105,107,137,100,133,109,112,122,115,137,132,124,126,127,196,138,160,137,218,126,128,116,98,132,126,107,145,113,108,149,158,42,55,180,127,115,125,137,164,138,71,184,125,150,95,90,162,107,142,133,94,145,117,152,69,135,158,128,117,139,130,171,93,125,130,222,118,105,151,73,102,138,112,100,136,88,120,117,148,137,119,34,110,124,147,139,123,243,99,182,129,162,133,132,162,152,108,134,115,54,165,142,81,140,93,120,87,96,198,102,107,152,125,79,47,45,147,126,146,117,112,122,134,110,136,94,151,124,188,79,153,116,130,88,136,139,130,136,142,94,92,117,108,118,110,133,103,131,84,117,109,200,126,157,65,104,135,111,66,89,123,158,109,131,143,87,115,136,117,124,147,109,111,142,103,110,111,29,132,188,128,120,121,70,139,128,82,34,119,149,119,117,94,157,121,131,155,101,62,133,144,140,167,118,129,92,145,175,177,127
138,125,105,141,127,130,147,119,115,126,129,104,152,160,158,125,152,123,118,137,135,136,102,108,127,107,122,125,143,123,147,108,109,137,105,111,143,126,126,125,129,127,130,127,126,146,170,140,122,136,109,125,160,123,128,168,139,143,108,78,128,167,109,117,137,109,136,112,153,128,144,143,115,115,119,118,124,120,117,146,155,148,118,128,105,197,130,113,104,136,142,179,114,160,127,126,118,121,124,107,130,149,119,115,144,135,129,127,132,129,128,133,118,150,111,109,136,128,132,122,134,120,125,138,120,139,111,113,150,154,135,131,155,132,112,129,186,143,138,132,157,110,138,115,171,133,142,112,128,122,118,121,138,100,175,128,120,127,122,117,156,102,113,120,125,126,172,115,102,128,136,130,117,135,133,156,152,116,132,127,105,107,124,112,165,130,128,121,122,116,128,122,130,119,123,138,132,129,107,131,150,143,144,139,136,136,141,150,92,127,125,123,124,120,144,130,130,145,134,116,127,121,128,122,127,122,104,139,130,135,127,120,136,172,124,128,127,119,142,151,113,130,127,154,114,104,118,136,139,115,144,109,119,143,90,219,127
118,161,95,119,88,128,66,125,88,145,126,123,152,139,110,126,105,118,111,155,116,127,144,124,162,135,80,145,161,147,126,139,116,150,128,121,159,127,131,128,124,127,128,126,111,118,160,126,130,117,161,124,129,132,138,116,168,134,126,97,115,78,105,142,125,119,127,121,120,161,117,127,130,153,153,123,94,91,125,76,74,126,170,138,141,46,144,136,71,123,118,127,153,90,126,104,137,132,134,159,123,185,126,116,108,150,114,102,171,146,135,128,168,143,175,137,154,135,150,152,120,111,143,112,155,112,162,118,122,162,138,102,109,131,74,141,180,122,154,135,176,89,76,144,117,139,136,121,131,148,118,147,112,117,116,127,156,136,115,132,132,142,201,130,136,91,135,130,148,137,123,137,147,119,130,124,155,134,123,131,129,137,144,89,130,128,98,145,147,138,135,133,122,91,160,94,114,119,115,133,135,137,147,107,136,111,113,128,213,150,118,125,93,140,134,112,146,109,150,108,139,134,205,113,102,126,116,119,116,140,161,108,130,172,108,127,136,125,111,223,147,137,136,140,113,106,121,137,139,133,146,123,172,145,146,95,127
114,136,122,120,115,139,128,132,115,129,133,111,130,125,237,133,98,127,111,144,111,133,121,147,122,133,145,134,91,132,118,142,152,122,103,133,112,124,127,111,125,117,134,128,131,100,136,138,146,131,140,142,135,132,108,137,99,125,122,154,150,120,105,124,143,111,126,110,105,121,132,119,88,139,137,115,134,106,116,158,130,117,127,91,103,97,140,133,155,121,128,118,121,138,137,115,170,120,131,120,140,124,140,135,125,146,140,120,160,114,122,130,146,139,122,133,122,129,122,121,133,128,141,130,142,104,102,114,95,112,126,113,93,107,103,137,145,129,139,125,126,123,93,143,144,122,138,152,122,116,139,133,118,163,122,117,129,137,124,139,123,126,124,101,115,116,141,130,140,132,115,129,140,144,134,145,130,100,123,131,94,139,129,149,118,134,122,126,130,113,129,127,131,114,123,118,131,127,84,124,133,138,132,132,124,108,161,117,128,126,120,115,140,108,121,121,144,120,150,140,133,97,151,132,89,128,124,144,101,126,110,142,129,132,114,126,132,117,130,121,138,127,131,125,140,89,144,131,140,118,93,126,112,122,115,89,127
150,81,120,100,151,147,171,116,134,125,130,162,164,134,117,122,122,105,111,140,135,130,120,139,137,129,127,129,134,138,145,119,112,123,152,131,140,114,132,144,88,112,129,120,122,138,156,188,132,125,113,123,119,143,77,120,115,124,127,129,130,192,113,119,144,175,124,130,134,135,127,136,156,90,108,126,88,148,97,154,101,117,125,155,254,108,128,147,72,131,127,94,101,135,125,132,251,112,127,137,133,141,129,128,131,114,111,106,125,117,134,114,157,125,113,111,123,121,133,117,136,130,113,148,120,121,170,133,68,126,124,153,102,128,138,112,184,132,173,130,131,142,114,130,143,140,119,131,118,109,128,135,127,138,133,113,120,134,107,120,104,160,94,132,123,123,128,155,0,127,136,124,107,135,66,148,130,161,130,129,119,169,120,124,160,131,137,114,125,117,129,130,154,152,129,135,87,148,147,126,134,120,130,120,147,120,195,136,115,116,118,142,101,142,104,124,242,130,130,131,107,151,136,156,124,153,151,115,183,122,127,129,122,115,151,121,140,118,148,170,128,121,132,103,147,118,138,126,136,117,156,130,130,132,84,119,127
147,133,116,105,117,177,170,129,146,133,138,115,113,109,101,140,222,133,97,94,141,144,99,146,124,129,134,145,129,125,27,140,130,157,98,119,131,138,125,129,126,144,139,126,135,98,121,136,163,138,117,122,144,110,142,93,163,126,163,138,142,102,105,135,87,128,121,140,101,131,115,124,194,99,152,134,160,132,103,130,127,246,200,140,157,76,130,96,109,131,134,154,158,96,152,112,103,112,121,112,146,123,125,124,106,136,115,122,137,162,112,122,125,125,147,92,135,166,148,123,106,127,178,152,149,176,106,132,82,116,114,147,124,138,140,153,136,136,117,147,134,126,127,189,123,119,138,177,132,125,124,117,116,172,105,124,132,78,99,135,132,116,128,134,199,98,116,117,137,136,135,141,80,114,106,170,135,125,131,124,107,139,129,136,92,127,91,44,134,128,127,67,125,107,83,129,139,118,168,103,146,135,132,168,105,159,128,143,110,77,128,127,147,136,116,130,134,152,111,115,67,142,128,129,116,136,153,157,134,123,128,135,118,118,133,128,146,110,131,156,118,110,137,72,181,184,124,110,152,131,104,117,134,122,122,134,127
151,151,142,135,151,130,127,175,117,139,131,147,43,124,173,120,142,129,139,117,247,139,119,96,155,115,118,141,125,119,140,186,150,138,171,145,198,151,143,124,126,115,138,198,125,58,54,147,134,137,117,127,141,141,133,129,101,108,104,113,118,86,213,161,114,95,137,124,133,160,126,136,140,123,122,127,76,91,162,158,158,108,172,108,127,248,112,148,196,138,124,85,186,103,124,138,122,127,143,86,184,0,116,154,126,101,124,115,98,180,120,124,143,102,203,91,128,108,115,142,98,159,131,206,93,120,157,147,143,55,119,121,174,106,202,119,141,130,133,104,125,170,130,189,116,124,130,156,130,116,132,129,117,134,127,146,183,130,102,111,98,135,142,153,169,146,135,116,135,161,144,124,120,153,127,149,111,39,133,128,131,137,124,114,147,123,162,123,167,149,147,139,125,152,94,199,125,140,113,191,150,109,154,123,127,78,123,107,133,178,129,135,133,124,85,133,140,137,76,118,102,138,182,122,154,129,64,151,132,139,111,132,138,121,148,122,110,121,121,254,133,119,111,140,154,138,107,138,139,89,140,126,92,129,130,123,127
130,137,128,130,115,142,124,128,112,129,125,135,119,105,123,121,106,108,118,125,152,128,109,146,115,125,119,130,140,132,127,88,139,119,144,125,132,127,126,132,127,124,128,100,126,139,137,140,118,128,114,188,150,110,115,165,130,126,113,99,128,134,122,121,155,135,127,170,130,141,115,129,142,154,113,122,128,117,118,136,140,159,138,133,83,118,131,152,140,126,130,119,130,123,124,116,109,127,125,110,119,138,125,143,118,129,148,109,121,128,126,125,139,137,123,101,127,117,113,135,124,127,111,130,118,141,117,111,137,152,121,126,120,134,141,140,182,125,126,136,125,133,138,126,104,126,135,93,148,60,127,122,140,133,142,146,145,124,148,126,117,144,134,175,123,117,146,125,135,127,135,120,130,125,160,111,126,134,118,38,142,122,119,137,154,120,148,117,125,142,119,135,109,114,131,130,128,118,153,117,136,111,125,119,125,158,81,122,115,133,132,121,207,156,126,158,142,130,130,127,110,71,120,118,134,118,133,125,145,119,128,120,122,136,116,121,132,150,128,139,96,122,124,109,121,138,110,125,127,140,189,130,113,127,135,123,127
135,150,114,138,146,139,146,126,118,140,133,142,113,130,64,133,140,142,180,129,170,135,136,104,115,98,123,135,128,129,130,153,173,112,196,126,102,142,128,114,129,85,133,127,136,135,103,122,127,137,109,126,129,129,129,166,132,122,114,130,130,152,147,144,152,146,122,141,144,166,128,122,138,132,127,141,135,102,118,117,134,143,161,134,139,124,139,137,140,137,136,139,119,94,127,140,130,134,129,108,144,148,136,134,130,123,125,99,137,115,150,135,127,125,147,123,126,122,121,138,113,135,120,112,116,125,122,123,202,146,127,128,133,123,104,134,154,128,116,109,91,161,149,128,120,117,131,144,120,148,147,109,141,151,112,92,132,118,127,135,148,146,107,144,133,149,142,118,148,122,136,128,121,137,137,139,117,87,133,123,143,135,125,160,127,133,146,132,142,129,136,142,125,154,116,154,146,113,112,151,128,153,133,129,127,145,126,141,158,135,134,121,121,111,123,130,146,112,127,133,127,138,160,148,144,135,107,119,150,115,127,135,137,137,122,120,136,169,132,151,115,123,131,123,141,101,115,127,128,129,140,110,84,117,152,143,127
114,136,117,90,121,89,157,87,120,129,127,144,2,127,128,117,142,126,212,91,242,161,125,93,142,141,153,169,92,75,124,129,197,149,157,100,107,134,136,106,127,88,144,188,143,182,130,144,142,130,115,122,135,131,151,147,118,134,144,81,102,78,99,130,131,111,127,127,71,232,120,114,169,134,145,114,81,58,141,149,102,138,148,111,128,212,140,111,135,142,112,73,135,144,109,121,115,126,115,114,139,100,125,159,115,123,95,115,121,158,116,127,152,133,105,122,115,143,126,142,80,109,124,147,153,93,123,121,143,24,124,148,120,133,96,91,143,114,116,118,99,158,155,202,93,162,126,158,113,139,127,139,94,97,101,101,99,141,125,139,70,147,146,107,167,92,142,135,138,154,115,118,158,164,104,122,86,51,150,123,130,60,116,18,167,139,114,129,102,105,134,103,125,145,90,206,104,123,91,180,144,127,126,120,102,83,129,109,103,141,128,123,119,121,50,116,114,160,84,132,124,109,161,120,106,125,18,115,128,124,163,110,132,159,127,97,172,161,115,183,115,136,114,117,133,158,62,97,128,132,118,138,106,154,113,93,127
158,107,125,112,115,124,86,167,134,134,101,109,102,91,155,213,193,124,134,173,137,125,142,163,126,95,114,121,120,122,139,207,134,107,127,49,146,153,87,103,124,96,82,118,135,137,126,124,134,126,138,130,110,113,135,185,74,133,82,139,124,93,120,175,124,140,115,110,142,125,110,125,98,98,147,127,131,112,165,174,127,128,99,120,124,104,135,139,90,116,116,123,169,107,132,107,137,127,117,112,165,133,80,119,123,139,104,118,135,116,80,93,124,74,124,74,126,115,112,96,132,140,123,150,87,111,118,90,85,157,134,123,108,130,127,131,156,73,133,114,104,154,118,93,140,126,107,112,121,125,157,115,105,53,159,115,177,127,118,126,147,129,142,121,97,134,120,119,129,33,111,111,118,126,120,124,101,133,136,123,152,181,112,138,176,101,152,126,101,62,127,94,123,37,120,192,132,141,153,79,83,142,118,123,127,123,116,152,131,139,126,129,128,135,252,126,123,157,173,128,134,134,137,126,124,119,157,137,127,144,161,123,132,99,142,147,77,128,125,147,133,158,54,122,128,87,118,147,131,99,131,125,133,141,107,99,127
114,119,134,91,161,65,157,119,111,131,127,148,131,132,116,126,100,111,116,135,102,120,152,138,112,126,128,131,125,117,126,142,96,129,109,121,141,121,125,125,131,132,129,102,134,107,104,143,137,129,157,128,124,143,134,145,116,135,116,169,118,105,101,124,124,117,134,142,127,128,130,117,110,101,160,125,125,128,117,120,119,133,119,133,179,153,132,155,73,133,104,237,116,185,132,127,110,130,136,139,140,126,131,96,118,127,123,157,124,129,134,138,130,127,121,122,99,106,131,95,121,122,130,134,134,136,99,127,98,117,133,132,125,120,105,100,132,130,126,95,119,121,161,127,135,130,119,162,123,117,127,116,110,112,142,99,119,108,86,130,130,128,120,106,125,122,156,105,139,116,118,129,119,137,150,109,137,124,128,122,114,103,104,114,88,121,114,124,130,122,128,114,124,134,116,122,115,127,221,128,130,122,116,120,121,102,254,112,133,125,143,105,87,125,130,130,92,126,109,119,115,99,110,119,126,93,117,117,141,133,143,136,127,116,116,126,136,145,126,127,104,123,126,136,131,133,121,125,119,132,77,146,118,129,151,113,127
114,70,111,140,126,109,134,152,92,102,146,111,113,115,116,127,116,127,160,92,181,128,104,149,130,178,127,133,121,139,128,103,166,156,137,121,99,138,152,118,127,130,136,125,132,123,173,85,124,139,152,139,129,138,112,71,144,136,117,85,120,182,134,112,92,193,116,128,99,131,127,135,147,92,136,118,157,122,104,124,116,129,149,142,120,90,120,134,222,152,79,108,186,126,141,152,105,130,148,167,132,153,131,149,145,128,131,158,136,153,80,137,109,145,116,115,126,99,111,142,137,144,116,133,120,134,99,154,209,141,118,137,54,109,104,150,131,158,116,101,175,142,120,124,130,143,99,138,142,113,142,135,127,122,65,141,138,121,62,119,76,78,166,54,101,62,81,110,117,118,143,142,114,106,107,95,101,143,138,136,143,86,156,133,173,135,137,99,122,122,135,115,125,150,132,99,131,121,95,138,132,144,143,139,112,102,143,143,134,116,120,133,163,74,124,116,109,115,100,127,133,124,103,83,163,130,132,97,177,137,142,160,123,155,148,136,133,123,119,130,103,137,127,135,153,105,127,134,139,146,122,107,132,135,109,130,127
104,150,113,138,102,133,121,137,129,137,127,160,118,146,146,129,146,76,80,112,135,133,105,118,118,139,122,127,101,134,127,130,124,129,103,128,155,128,131,134,95,130,124,133,135,154,131,121,133,129,129,135,134,132,144,129,117,125,136,106,126,95,150,128,120,114,120,147,102,124,132,125,135,132,101,138,135,117,83,127,117,128,160,146,27,144,123,119,158,133,108,140,164,157,118,127,52,127,127,132,132,98,129,93,141,149,154,141,110,140,132,130,100,139,146,125,123,119,129,109,116,121,133,109,104,147,137,147,131,113,115,130,159,134,160,128,0,135,122,191,198,144,139,147,148,149,109,157,154,174,116,132,102,137,121,164,138,124,117,124,103,116,133,151,132,86,161,126,83,130,111,123,122,126,142,138,101,126,129,138,135,116,254,132,138,119,149,135,142,113,136,130,91,135,133,141,121,108,204,147,137,182,163,148,127,126,113,131,161,142,80,120,158,94,128,144,121,139,120,112,110,188,122,142,127,99,133,182,58,132,134,136,134,138,148,126,117,147,131,111,0,138,127,141,128,153,90,131,145,130,125,128,142,143,120,138,127
119,114,134,125,124,153,124,179,133,135,164,133,126,151,132,129,184,132,133,132,148,114,133,134,151,145,134,135,115,128,109,137,132,138,151,153,116,107,142,100,129,96,185,87,88,132,111,114,89,137,158,129,193,149,132,150,144,194,108,95,96,137,130,131,115,114,187,122,112,123,166,134,147,126,119,133,93,121,116,150,109,116,124,165,105,82,121,103,114,107,132,114,132,65,148,120,136,121,134,128,102,146,122,122,141,167,133,122,157,164,108,116,111,151,122,106,145,112,134,139,143,107,123,109,172,126,120,132,121,131,70,120,99,128,121,102,129,174,123,132,121,127,137,125,136,222,189,88,139,123,136,52,123,155,129,88,123,128,103,132,115,121,173,149,131,116,132,139,136,118,114,131,90,115,128,105,118,127,153,134,136,139,113,112,131,162,106,137,122,152,152,160,130,135,105,116,143,108,118,121,157,133,152,133,138,136,152,116,143,88,137,125,133,137,168,142,124,128,127,116,66,138,115,103,117,136,152,121,130,65,135,128,103,118,145,145,106,120,118,130,116,83,94,109,152,149,147,125,139,118,116,138,127,170,129,133,127
156,139,135,164,148,117,149,101,129,124,150,132,104,119,114,174,148,125,95,102,132,94,117,158,127,165,148,112,114,122,135,98,164,111,108,152,129,151,176,195,124,122,149,139,122,132,113,140,141,112,122,128,113,135,137,109,114,121,110,113,140,144,112,88,93,123,128,141,99,148,105,130,128,154,59,132,113,128,140,106,132,135,108,127,139,156,135,144,125,148,154,162,92,115,127,108,126,130,198,126,130,121,157,109,127,132,154,138,108,143,120,146,122,99,103,97,116,116,130,133,122,103,121,116,130,183,126,67,173,139,125,136,153,130,138,159,132,184,136,145,186,152,146,124,144,122,109,187,126,109,105,110,94,138,139,113,213,127,179,124,145,89,109,133,141,142,135,125,127,78,174,172,134,100,142,121,99,110,163,127,133,81,124,134,159,124,136,116,89,101,115,88,125,181,110,129,137,129,117,134,65,130,114,129,123,96,135,129,126,123,120,124,150,121,210,108,119,59,135,134,117,138,149,137,137,128,137,140,149,128,75,114,121,118,112,194,138,138,124,108,135,102,161,121,134,144,145,120,124,129,104,120,126,131,127,140,127
115,145,136,99,84,125,117,128,27,119,124,118,105,132,143,122,109,115,127,125,106,123,126,124,145,131,149,109,116,132,129,130,106,126,103,145,155,134,126,122,130,120,116,128,122,130,105,108,139,135,128,121,166,124,139,156,101,134,137,120,131,92,96,133,126,126,145,139,152,111,128,119,108,123,153,129,146,127,193,98,103,140,104,133,139,160,120,110,124,126,211,104,138,92,119,142,157,84,120,106,139,137,113,116,127,143,133,181,102,122,131,132,61,134,136,123,196,169,130,81,116,120,110,116,115,158,147,132,115,100,141,127,172,117,136,116,99,115,127,124,120,152,224,130,123,135,155,119,147,176,136,112,119,98,145,151,120,154,44,132,125,165,139,169,140,133,142,117,145,121,125,120,117,123,120,107,144,90,127,122,109,119,116,130,144,117,155,142,120,135,126,133,124,112,103,155,134,141,105,122,113,124,131,123,113,114,88,119,114,151,124,139,134,102,127,146,117,122,110,112,132,147,118,165,151,120,136,141,112,130,126,136,121,125,128,136,140,146,113,100,104,146,120,145,118,205,89,122,121,127,154,136,125,113,126,102,127
136,99,126,123,120,146,140,125,120,130,131,126,141,131,95,124,154,122,123,136,106,129,130,128,134,104,146,119,128,128,117,107,97,127,129,133,94,127,125,110,131,141,127,159,127,148,125,116,127,120,122,133,123,152,175,155,127,134,124,160,129,118,132,108,117,135,133,158,134,106,117,116,119,164,144,123,109,127,67,126,133,148,128,130,150,75,130,122,43,126,108,142,123,102,149,122,152,130,123,117,122,152,131,138,134,131,140,130,121,134,132,129,134,132,100,132,134,133,84,128,129,133,141,128,128,143,102,128,137,118,116,130,70,131,146,134,192,117,127,112,135,135,148,123,98,130,110,156,109,140,130,130,127,120,157,108,122,134,126,122,194,145,114,132,120,119,121,166,100,124,121,134,141,112,171,130,136,147,127,123,125,101,147,96,178,131,133,129,129,132,129,116,127,137,134,135,153,112,148,113,126,139,129,120,138,134,128,108,125,118,115,130,148,183,139,167,123,120,124,135,134,144,108,136,152,131,123,115,113,128,109,126,125,118,132,126,132,148,125,136,124,133,131,105,121,132,128,129,132,133,149,139,139,111,129,109,127
115,136,144,127,122,81,115,118,112,123,118,129,143,127,125,136,138,137,155,92,125,128,131,124,127,127,146,144,146,127,119,94,110,125,115,137,134,133,135,134,127,145,135,126,111,125,120,116,99,125,166,130,151,110,121,122,97,120,156,134,133,113,115,254,92,138,141,97,128,132,113,107,142,139,189,134,162,109,133,190,144,116,158,118,57,124,128,121,106,125,112,138,127,105,186,130,213,132,127,121,151,122,123,126,119,132,96,154,129,120,131,128,103,135,129,159,134,152,127,110,120,141,130,152,133,142,135,123,114,135,122,146,153,138,134,125,64,126,136,124,124,116,141,127,108,121,103,169,180,116,120,129,128,137,120,162,129,171,108,124,89,152,116,139,132,120,151,128,121,153,134,118,119,135,156,116,114,123,122,131,96,109,109,132,116,141,88,34,135,113,136,125,130,144,151,119,151,143,109,134,133,149,114,126,158,140,133,137,123,119,136,127,142,128,101,130,146,105,123,116,124,100,130,131,213,128,124,117,124,128,134,143,145,100,109,136,125,128,111,159,121,130,136,102,154,199,80,110,115,114,124,127,127,106,153,126,127
132,117,130,130,150,166,121,138,123,130,131,117,132,115,151,127,108,118,126,129,133,127,116,140,118,130,122,137,124,126,116,194,127,119,124,132,134,124,129,145,119,142,128,114,118,131,114,119,115,124,150,129,141,110,126,96,121,126,161,178,126,113,142,95,112,115,134,145,134,120,132,121,134,111,120,125,122,126,142,157,124,154,133,131,224,116,128,119,130,126,126,113,118,100,133,120,91,117,119,120,140,130,125,115,136,126,105,126,119,120,136,131,132,130,137,139,128,134,107,118,127,130,121,113,122,172,122,121,124,152,120,114,125,128,132,114,97,129,123,123,118,136,154,122,115,137,101,116,107,111,127,133,140,134,100,160,129,154,142,141,131,119,127,124,121,135,84,131,123,134,129,125,113,122,139,124,117,123,133,125,143,130,134,135,87,133,142,119,127,122,127,131,142,147,130,133,107,116,107,130,132,149,140,128,114,123,108,134,127,130,142,122,148,149,124,127,156,127,122,130,106,97,126,135,121,128,124,132,104,126,113,120,126,119,138,125,127,124,133,133,133,125,130,142,122,144,137,134,132,115,107,121,129,119,130,147,127
121,125,93,155,112,137,137,149,125,121,98,132,123,124,129,134,143,122,120,138,118,103,152,105,87,124,135,138,134,132,133,135,152,86,163,167,119,118,96,74,131,156,182,86,72,130,88,131,134,130,109,128,48,90,119,85,120,73,171,162,186,123,155,137,102,147,133,124,113,144,136,124,130,134,130,123,132,112,134,127,133,126,150,88,126,133,123,139,123,236,145,153,192,96,113,128,119,110,130,137,100,128,132,141,65,116,125,115,125,214,123,105,147,116,131,116,133,128,144,116,109,123,121,133,85,108,132,133,149,127,135,124,151,135,134,87,145,6,115,129,110,61,137,119,149,149,130,154,124,134,138,150,125,117,120,159,158,145,170,130,150,85,118,130,121,121,135,124,133,102,171,192,101,133,130,112,114,115,105,131,148,126,126,146,115,68,19,128,127,126,133,137,129,92,126,115,124,99,151,153,95,111,92,155,130,186,126,52,111,112,134,127,165,137,248,137,133,130,121,129,151,139,124,122,92,122,120,125,118,104,164,128,72,149,114,117,130,145,149,119,127,238,104,59,118,66,147,166,190,113,122,118,145,61,158,158,127
143,137,138,126,106,130,121,110,126,133,48,139,122,127,147,128,167,125,114,138,125,105,133,117,138,84,125,135,133,131,127,129,164,98,103,101,121,120,75,28,129,146,54,173,117,118,204,128,137,152,141,130,106,98,138,113,149,136,124,149,96,139,145,129,135,139,127,126,152,150,156,127,165,125,131,135,111,142,155,150,131,147,126,128,124,78,172,124,131,60,145,151,202,148,104,149,128,114,26,135,151,147,76,154,135,154,128,155,130,93,80,142,181,183,112,116,119,129,119,133,127,92,127,179,141,140,131,82,121,136,138,127,137,128,127,122,125,21,123,149,142,10,139,149,140,141,151,50,131,125,100,142,127,126,124,177,38,140,136,127,97,136,127,110,114,121,124,132,122,120,90,89,105,134,134,180,183,141,99,130,119,102,126,166,152,111,122,119,113,122,125,130,127,84,138,129,117,138,173,119,50,122,139,130,140,122,165,112,144,134,127,127,125,125,104,128,115,0,149,104,116,132,117,108,139,134,149,121,132,120,152,137,104,145,163,86,133,152,126,138,134,125,78,122,121,93,110,105,152,128,140,126,127,104,130,143,127
119,168,111,144,149,80,107,129,89,123,124,119,175,131,162,141,142,121,106,207,102,133,157,133,112,139,104,141,149,130,116,174,192,128,119,118,173,126,125,124,114,126,131,90,117,136,106,216,127,133,124,129,120,118,103,87,124,131,124,120,156,142,127,172,120,107,147,132,127,146,119,109,121,149,119,113,123,120,56,112,141,133,122,115,117,68,125,108,152,124,92,87,90,112,126,108,124,115,128,144,127,132,120,102,134,104,133,167,98,88,114,136,127,125,50,140,107,120,101,117,101,125,128,92,134,100,134,127,182,127,140,98,81,122,121,125,150,148,208,173,127,140,18,110,126,106,121,152,92,96,128,121,126,160,113,86,93,124,157,137,115,125,127,97,110,155,154,123,136,115,131,123,135,119,120,163,139,115,126,128,85,204,166,114,142,144,112,118,119,128,126,145,121,101,122,103,117,98,114,152,114,103,151,138,106,113,149,129,111,127,126,132,121,100,113,127,169,130,122,115,126,146,164,147,134,119,187,178,105,145,96,115,134,96,146,119,121,118,119,88,118,130,131,167,133,32,198,116,123,107,127,126,118,107,119,210,127
143,106,125,138,83,96,98,115,123,130,133,112,152,126,118,129,110,158,109,172,126,135,116,130,127,145,118,127,129,126,104,165,142,118,120,122,122,133,134,125,157,134,114,108,123,138,123,168,127,122,117,132,98,97,116,111,104,115,121,120,132,84,124,162,97,114,124,122,134,136,124,126,140,125,133,142,85,112,205,120,121,137,131,117,124,114,126,154,196,141,151,95,108,109,123,133,125,153,127,140,138,84,136,96,125,131,108,88,155,130,120,121,141,135,123,156,145,124,138,152,130,121,132,120,161,106,119,125,130,118,133,120,84,114,110,132,131,132,160,99,139,86,169,129,126,125,137,105,124,142,127,130,125,151,137,113,117,130,160,135,127,103,98,109,137,147,117,126,89,141,144,135,132,141,112,151,141,95,137,127,124,145,178,110,108,133,122,124,128,120,122,126,147,141,116,119,141,118,158,143,120,200,117,121,108,109,127,134,120,118,158,73,110,127,127,122,135,130,123,128,142,105,156,122,110,99,108,118,124,122,118,113,123,115,137,126,119,95,126,125,160,114,122,137,128,125,147,120,146,122,129,128,126,126,159,142,127
126,141,162,120,150,135,124,133,118,127,116,123,119,112,107,124,111,125,127,102,130,140,131,112,153,120,135,139,120,138,121,167,127,116,121,133,138,124,125,99,122,99,132,112,114,133,154,102,130,108,155,126,137,97,163,108,136,131,86,135,148,113,120,161,80,133,70,106,175,123,98,123,143,119,142,138,155,127,144,127,142,236,124,74,140,130,133,104,94,139,148,121,126,135,173,145,166,117,126,122,122,119,132,140,127,128,125,115,139,133,117,133,115,136,152,93,140,100,117,130,117,133,156,166,179,134,129,128,106,131,193,110,115,134,120,162,125,143,118,131,140,164,154,160,117,190,175,103,101,160,128,77,141,122,79,184,127,138,117,136,82,107,178,137,119,117,122,119,109,141,143,141,95,123,120,142,148,134,126,132,150,128,135,136,112,125,170,95,123,143,134,111,134,165,117,125,147,100,123,119,103,145,109,110,128,140,168,127,152,137,126,140,242,101,131,79,169,150,123,91,25,116,130,116,115,131,139,120,118,45,137,134,129,137,138,123,112,115,147,132,154,133,124,220,158,130,139,143,98,149,104,133,132,161,135,141,127
132,184,123,116,130,122,137,141,132,99,123,118,168,119,200,120,121,122,107,117,99,133,127,126,104,134,138,137,186,120,120,124,102,129,85,139,189,122,138,131,131,186,134,175,128,133,253,109,132,137,142,133,119,115,140,120,144,119,136,113,118,177,29,113,106,121,134,126,90,156,128,128,135,164,123,122,98,158,100,148,138,127,72,113,127,156,133,98,73,122,124,176,173,150,113,120,143,106,136,146,126,147,129,135,142,123,97,120,94,108,142,117,135,124,16,132,144,115,108,121,178,140,132,146,136,106,87,125,29,117,126,225,132,120,185,85,155,114,140,150,159,71,120,124,125,139,116,111,144,110,133,121,124,125,119,150,139,113,121,120,109,146,179,96,107,138,125,100,145,134,126,123,124,104,124,106,123,177,125,122,84,139,131,121,123,124,122,148,133,125,126,145,131,123,137,97,115,146,52,98,130,124,140,123,123,86,146,136,117,139,133,134,102,86,130,120,116,142,122,113,130,116,94,126,115,147,126,122,148,139,169,130,137,98,119,127,121,96,135,149,123,124,132,153,137,115,86,129,125,128,122,135,88,147,74,94,127
113,129,135,131,132,140,140,96,123,128,115,120,103,129,115,137,115,129,133,87,144,126,135,134,127,119,88,129,151,130,142,89,130,126,107,88,131,127,134,135,129,110,130,127,116,145,123,111,152,130,142,128,117,133,125,110,222,173,102,105,118,165,142,120,98,119,112,120,108,122,149,122,117,118,94,136,135,144,130,102,133,121,141,107,124,80,82,110,118,123,134,107,109,89,141,146,125,124,130,125,99,142,125,115,103,186,136,137,142,111,111,141,141,118,90,116,141,119,127,130,126,123,123,92,164,146,128,149,113,79,117,121,132,127,117,125,142,133,116,140,120,90,117,132,122,147,123,107,120,120,117,133,129,88,97,104,155,138,135,129,145,99,127,138,145,105,123,116,127,92,130,131,99,148,118,106,160,125,122,132,152,115,143,103,166,112,120,129,91,169,104,118,130,148,122,140,107,136,142,102,110,149,95,148,131,101,119,140,100,128,134,129,140,133,156,121,141,96,128,127,88,127,127,116,130,132,84,127,137,123,97,127,124,100,95,114,133,123,147,138,129,154,124,118,128,127,145,107,132,115,121,136,120,128,131,121,127
136,141,142,128,71,104,130,132,159,113,126,130,139,122,123,124,111,132,127,111,102,137,139,128,153,107,141,133,125,125,132,144,125,129,146,118,124,127,137,109,124,151,127,161,125,101,130,121,112,130,137,121,118,112,110,84,136,126,109,105,123,151,121,128,134,147,140,124,96,125,115,129,123,161,105,124,151,148,159,98,125,125,105,120,124,142,118,139,175,138,151,143,123,189,124,127,121,110,131,113,125,105,120,126,132,112,125,124,106,98,129,122,165,131,117,127,136,103,169,153,131,129,113,116,150,118,126,122,168,108,124,126,133,152,124,136,185,137,133,119,146,87,75,117,125,130,105,81,136,112,132,118,128,86,114,130,128,98,152,120,85,160,91,80,115,153,115,112,142,126,141,133,116,116,97,124,122,123,136,121,114,140,122,140,113,119,117,94,111,129,122,114,125,128,124,123,129,144,111,118,116,76,148,131,117,107,105,122,132,114,124,129,118,103,119,140,117,128,127,122,127,136,127,97,88,144,141,121,133,134,120,133,126,99,132,138,133,102,136,130,127,112,123,148,105,76,132,117,115,116,90,123,117,122,109,162,127
138,129,118,117,137,107,121,104,125,120,81,128,139,135,139,107,160,125,130,162,131,54,135,75,124,130,135,185,125,132,111,156,139,96,156,146,135,171,111,99,129,124,136,112,164,128,150,138,128,128,163,130,166,135,130,155,98,149,136,166,136,97,136,153,102,136,130,139,133,126,103,131,153,114,131,129,90,130,108,155,123,126,90,95,139,134,142,125,134,125,126,118,138,122,121,130,126,130,99,117,121,136,93,132,139,113,115,127,122,101,127,149,127,72,130,143,121,132,137,137,129,140,134,147,103,117,129,155,100,136,134,127,138,136,141,126,135,128,131,126,118,129,118,126,118,129,126,84,131,121,128,130,155,116,134,140,110,133,108,131,136,131,146,130,112,141,133,139,138,45,114,121,119,125,102,162,113,129,183,129,113,130,130,122,121,123,116,131,115,63,125,81,125,55,142,89,130,120,123,98,136,124,138,120,122,80,107,132,124,128,128,128,120,131,134,127,113,163,154,124,141,123,134,126,121,124,136,125,127,130,124,120,120,131,131,147,86,113,145,138,130,121,97,129,141,128,99,168,141,135,126,130,120,152,106,117,127
78,117,141,135,108,99,127,123,111,112,111,120,86,201,103,110,98,123,130,44,128,89,144,90,88,113,116,97,128,136,104,60,135,115,128,111,128,130,134,82,126,96,82,113,179,98,84,95,90,130,95,126,121,93,111,113,86,135,68,114,114,114,84,75,254,121,103,194,108,117,165,127,90,103,96,130,230,130,148,72,127,123,112,90,100,78,129,109,120,123,115,133,22,140,97,90,108,84,109,134,115,118,112,105,121,117,97,142,107,72,145,131,85,127,149,178,118,145,113,98,117,109,113,75,112,149,113,133,114,107,105,122,108,126,124,102,109,133,106,124,120,148,94,96,113,123,81,187,99,111,133,138,118,95,172,101,106,117,124,124,145,145,172,112,169,140,118,119,111,116,130,148,187,122,101,115,101,71,93,111,125,143,114,116,146,98,98,152,136,138,94,123,124,72,147,112,100,114,127,102,111,123,102,143,108,158,97,131,122,100,114,126,100,111,122,146,105,118,108,147,161,121,127,109,136,117,95,140,98,128,108,119,85,98,97,121,114,132,162,74,129,86,115,182,90,117,103,118,183,163,84,122,114,70,137,135,127
130,140,127,126,100,160,126,126,132,135,142,139,113,104,150,125,114,116,129,149,141,137,128,136,110,134,132,130,121,132,127,130,106,144,117,121,138,124,118,108,144,155,125,151,128,132,153,107,116,130,137,148,118,117,127,141,126,125,116,122,139,104,145,124,97,140,121,158,132,129,128,129,116,126,120,124,78,124,114,122,98,139,127,208,124,121,128,116,116,129,115,128,119,124,120,130,135,134,124,123,143,141,135,113,144,143,131,150,122,109,129,122,130,141,126,140,120,129,104,114,128,130,134,124,161,118,107,124,194,119,138,110,166,131,124,136,134,121,139,115,110,123,105,140,138,140,129,154,138,132,124,133,137,136,129,123,117,115,178,139,153,117,127,112,116,126,125,113,141,127,125,129,141,123,128,140,139,126,128,125,121,149,131,134,127,141,102,124,124,145,129,142,118,144,116,121,107,127,134,137,113,129,127,122,135,124,97,132,127,132,121,149,204,201,118,157,145,141,145,123,118,74,107,134,148,122,120,131,124,138,132,129,116,135,135,120,130,149,131,124,130,121,128,146,152,149,133,135,123,133,202,133,122,134,111,158,127
131,104,135,122,113,124,127,128,114,126,125,127,126,141,140,133,119,154,123,127,128,129,124,148,124,122,126,133,128,124,135,147,127,119,123,122,115,127,129,125,137,139,132,140,129,121,144,133,105,129,127,79,136,132,124,131,120,128,127,149,144,155,133,123,122,127,130,114,130,124,123,119,121,89,101,117,151,126,147,127,145,129,110,84,58,97,131,79,97,124,137,130,110,133,135,134,110,106,128,110,133,149,122,149,127,125,131,112,122,131,123,129,128,132,112,133,113,154,151,115,147,133,130,146,134,106,123,126,109,117,127,145,85,132,134,127,170,135,140,111,109,149,139,135,149,125,128,119,93,140,128,132,127,138,113,120,127,150,131,146,128,134,122,149,128,142,120,130,178,137,131,129,136,130,196,138,135,126,130,191,136,156,134,110,130,128,128,80,128,118,124,128,107,127,134,105,169,126,141,128,123,125,122,131,122,129,160,120,99,132,123,133,185,116,134,120,105,124,143,131,152,132,120,104,103,116,132,103,94,131,131,115,132,115,120,125,133,152,126,147,97,121,132,134,126,156,149,122,130,138,150,130,123,125,110,123,127
109,127,118,124,133,136,121,128,115,135,105,117,133,121,125,125,111,130,127,126,152,93,160,229,126,141,117,111,133,123,116,148,117,122,122,240,133,104,189,81,128,110,215,86,189,98,114,136,128,121,174,127,36,83,136,127,158,162,168,97,87,122,140,150,111,121,127,122,117,124,95,138,184,99,143,129,137,127,111,142,132,132,53,194,108,89,115,136,105,106,126,111,108,129,141,115,98,136,108,110,138,131,105,130,124,131,129,127,127,50,125,122,72,130,151,143,140,125,101,171,132,161,107,146,140,112,135,140,126,153,125,118,118,131,103,194,140,254,118,125,100,125,127,135,118,158,142,140,124,109,139,118,99,56,131,132,145,85,127,125,106,112,167,145,129,123,139,129,130,34,124,118,143,133,132,94,82,109,168,125,169,121,131,115,145,174,48,128,132,145,129,152,128,121,125,75,120,118,120,104,135,134,143,124,136,162,118,147,106,137,124,122,130,130,203,127,111,128,107,134,124,129,138,132,127,137,136,126,154,118,113,122,81,143,152,90,152,126,131,168,128,100,64,152,123,166,130,142,78,125,169,121,125,220,139,108,127
120,140,113,161,84,105,106,139,112,142,144,118,110,123,91,126,125,126,153,141,103,127,98,103,102,136,111,128,136,145,130,119,168,105,164,131,118,113,122,109,133,98,122,105,125,114,139,182,128,121,135,129,128,123,116,125,107,123,133,59,138,115,134,141,131,171,142,114,117,93,128,190,106,139,157,109,53,150,142,112,168,130,129,88,127,171,135,106,217,131,254,113,75,102,110,166,128,146,125,110,133,56,138,157,140,140,122,136,168,121,134,123,120,145,195,160,59,151,95,158,125,129,111,117,146,103,83,140,121,115,126,144,99,116,145,125,117,123,123,120,88,90,84,126,133,111,133,143,128,122,127,115,114,122,68,111,132,149,39,133,108,55,86,100,144,93,120,122,98,118,113,137,128,117,114,102,140,107,127,122,103,130,137,127,103,124,127,129,131,132,124,127,133,130,122,137,98,109,107,100,129,154,103,134,102,89,126,131,87,123,131,124,134,95,119,148,98,117,128,135,155,90,18,182,87,131,139,138,104,124,124,149,132,96,98,112,122,81,141,150,120,121,121,156,125,139,93,131,119,141,115,122,127,118,159,97,127
193,139,143,116,117,162,166,135,147,125,129,122,125,169,99,121,145,131,128,192,131,140,143,137,108,124,123,138,125,120,154,97,119,152,97,137,117,103,122,128,131,146,118,103,120,125,161,133,142,126,112,131,125,94,131,121,127,107,117,138,113,160,74,83,68,118,109,59,154,118,133,120,136,109,117,136,159,147,149,130,126,114,73,209,104,130,119,115,142,118,139,96,125,156,131,126,114,117,129,130,142,118,132,141,102,142,157,148,109,153,132,113,112,127,110,139,131,111,156,148,130,106,194,115,92,138,128,116,146,160,130,106,130,134,104,140,124,138,136,103,90,124,147,106,94,160,135,123,124,136,133,63,107,134,11,106,100,142,116,132,157,121,116,90,154,102,131,115,126,132,114,115,169,121,141,148,150,132,116,128,148,141,139,121,99,142,210,85,147,143,135,115,134,31,100,112,81,75,121,140,123,144,178,139,150,107,152,146,110,129,128,126,217,134,112,166,139,127,110,117,85,89,115,158,115,130,134,99,116,116,130,108,139,146,145,113,149,131,111,105,115,101,129,47,136,108,113,125,129,127,106,126,114,156,146,254,127
120,109,124,109,136,121,114,114,133,128,118,112,124,90,151,123,103,102,115,163,112,124,119,113,116,128,127,113,101,117,100,156,122,111,118,122,138,128,131,136,121,146,114,86,117,115,117,121,102,132,92,103,93,87,129,141,110,115,98,101,124,101,133,149,126,107,128,157,103,121,122,113,105,90,129,103,36,112,110,101,136,164,96,118,132,120,123,103,97,130,139,102,111,100,130,121,123,141,125,107,119,109,116,125,122,113,131,102,147,97,122,127,127,125,103,131,119,104,114,84,112,113,110,128,130,84,131,119,82,93,93,119,125,126,121,90,126,136,119,92,100,148,112,116,47,128,127,127,85,0,134,129,111,149,182,100,137,116,113,128,100,102,93,102,145,135,140,132,88,105,129,113,108,136,137,126,110,111,128,143,62,122,110,114,51,123,118,113,111,98,121,102,125,137,100,126,104,131,119,137,134,116,100,130,128,103,120,126,123,124,108,130,121,136,112,139,146,124,89,128,151,96,128,119,117,112,133,128,69,97,123,119,121,115,119,113,127,77,118,139,124,126,113,126,123,94,121,109,117,107,108,107,112,104,166,83,127
130,118,114,127,122,119,146,137,112,137,127,126,130,149,89,124,126,110,126,159,115,127,134,118,117,119,128,130,130,122,111,129,123,113,120,119,131,128,126,123,116,109,121,122,136,124,169,195,134,118,114,131,129,140,103,121,117,133,96,163,133,132,110,102,155,139,134,114,120,130,127,131,116,101,134,134,121,118,132,112,135,135,103,99,207,127,128,151,90,142,109,120,114,127,129,128,191,113,123,108,110,125,126,133,114,137,118,122,116,148,118,128,135,130,129,112,118,119,142,125,129,122,122,133,128,149,191,125,132,122,120,141,80,130,140,132,170,131,119,118,109,138,56,118,135,111,141,133,139,97,130,111,128,131,147,142,123,124,132,150,121,144,130,116,130,118,135,116,87,127,131,122,127,120,69,128,123,125,126,116,145,122,121,129,145,128,116,125,133,129,129,112,121,140,127,129,108,125,162,129,104,91,125,127,128,121,112,129,132,136,110,124,137,112,122,118,66,127,129,126,128,202,124,129,126,159,130,122,107,122,123,117,125,126,130,121,124,139,126,155,102,133,123,98,141,202,127,119,126,138,142,123,131,129,153,124,127
110,118,83,144,106,134,134,128,118,126,122,130,95,123,130,143,117,122,155,55,158,138,138,134,112,139,150,113,105,111,132,176,109,186,156,119,153,150,143,143,123,107,74,157,142,133,70,123,112,155,149,121,113,153,135,108,84,112,114,161,132,89,117,193,165,105,120,184,0,132,105,123,134,141,152,120,158,71,133,158,124,98,108,137,127,134,129,119,94,116,115,130,129,149,89,98,138,124,124,132,117,152,146,123,134,126,95,124,197,142,152,123,112,109,144,105,119,143,140,140,108,161,148,103,136,67,136,148,177,194,125,127,115,113,91,152,127,140,108,101,167,99,126,119,127,167,109,110,124,126,99,146,152,124,190,124,122,100,120,132,94,104,115,127,112,111,133,138,131,134,131,152,180,126,117,101,123,128,117,127,115,144,107,139,75,132,161,160,132,75,124,223,127,107,39,120,71,111,143,130,140,145,152,102,125,81,94,144,154,141,122,125,86,113,146,114,110,118,119,145,225,145,110,132,144,129,121,103,133,109,151,118,152,153,72,108,74,146,116,145,123,106,113,139,134,43,90,117,157,171,133,132,126,95,147,159,127
131,124,128,140,130,126,130,195,118,138,143,128,115,178,111,161,148,132,124,186,133,224,124,142,126,73,134,187,100,120,113,78,117,128,101,79,115,203,105,197,133,182,153,141,153,143,134,142,127,124,90,126,176,101,108,136,73,118,184,143,133,152,96,97,184,121,116,127,83,119,171,124,181,135,108,142,146,124,165,134,118,133,143,160,137,93,134,133,128,113,122,117,121,114,110,112,136,117,131,125,111,137,104,120,135,113,127,107,117,234,97,157,120,126,114,178,124,147,128,138,129,97,144,46,80,133,128,156,186,130,128,134,136,115,127,147,141,131,139,122,141,173,134,109,132,121,91,124,117,125,110,133,134,181,142,142,138,139,120,133,93,131,154,126,195,128,123,120,116,117,142,97,122,129,120,133,102,137,77,126,129,139,128,132,97,142,48,137,149,80,69,72,127,107,193,92,136,129,123,126,66,138,136,124,136,125,129,105,187,51,134,125,139,126,37,126,115,130,114,139,173,142,110,137,106,133,135,139,130,122,121,118,53,123,140,125,149,93,112,108,126,118,123,74,94,125,145,180,147,162,105,120,126,74,143,159,127
141,124,122,125,136,132,128,104,147,126,112,133,132,130,136,128,117,133,125,120,113,120,60,103,110,198,128,134,127,122,74,166,127,127,135,133,123,120,90,102,126,147,125,150,129,137,119,133,104,129,110,127,186,199,121,125,128,127,132,81,132,135,142,112,127,125,134,120,103,129,105,125,126,120,125,126,118,127,115,110,144,109,124,137,139,127,113,124,119,134,117,135,131,124,130,130,123,115,123,116,124,121,156,123,122,126,136,127,119,131,137,131,124,104,130,121,136,130,115,78,130,117,124,117,139,127,120,136,121,132,111,124,142,130,151,126,133,130,121,116,117,79,118,127,99,141,124,213,122,127,137,103,121,161,123,87,117,158,120,126,151,140,108,124,125,127,122,130,125,130,92,161,111,150,121,97,131,130,128,127,121,123,124,125,124,129,103,121,134,125,129,145,125,145,116,115,132,135,117,138,181,142,124,126,123,121,136,132,97,125,131,127,116,123,92,106,122,198,122,139,133,126,139,128,127,128,122,116,134,120,135,123,98,114,116,102,123,120,133,137,122,109,127,131,162,132,134,140,121,129,122,128,127,102,128,130,127
85,107,117,127,80,117,115,127,97,127,137,121,139,130,159,136,120,137,156,149,134,136,103,132,64,127,108,142,88,136,121,157,147,116,126,119,99,127,125,129,123,115,140,123,126,77,82,106,132,134,119,153,125,126,171,71,133,119,145,77,154,68,118,133,108,143,126,84,108,134,132,123,106,136,128,115,88,127,133,115,153,114,84,147,127,124,127,122,254,120,112,161,131,109,136,130,126,153,131,104,142,77,138,176,147,133,106,117,214,109,127,127,115,144,170,160,56,137,168,135,135,125,139,127,147,77,98,139,100,79,114,128,126,114,96,123,147,123,121,128,109,109,120,132,130,145,119,135,124,127,124,158,131,147,117,73,113,120,76,133,131,69,104,154,116,109,122,146,107,132,124,138,160,178,142,124,121,116,118,130,86,206,142,113,109,139,102,129,126,132,132,114,125,117,130,120,108,123,38,157,116,131,130,130,91,80,131,125,139,137,110,134,115,112,152,115,118,103,157,149,105,111,164,119,85,110,137,196,130,117,113,141,136,106,138,120,135,58,108,59,117,131,121,148,153,77,162,131,138,127,102,135,113,147,79,54,127
126,132,126,131,124,189,121,121,118,123,134,128,139,143,109,132,187,132,139,104,124,142,93,155,136,128,116,141,135,123,153,148,110,145,119,129,134,133,131,151,124,120,135,134,128,131,115,106,106,127,149,133,116,147,172,99,107,145,101,112,122,137,136,98,124,107,126,108,106,130,117,131,143,131,116,135,141,109,131,146,149,108,127,143,116,112,121,134,122,128,130,112,114,156,122,122,113,127,131,97,127,123,137,121,136,127,84,110,132,134,120,127,145,128,140,121,133,149,158,121,124,127,141,136,133,106,147,107,145,143,131,130,171,105,164,131,133,140,131,107,144,113,92,119,144,90,119,127,121,180,124,127,126,128,151,126,123,120,121,135,103,125,137,139,130,133,95,139,138,149,131,140,108,130,90,117,127,132,130,123,127,125,134,136,208,119,112,103,141,125,129,136,138,128,154,130,129,133,156,138,131,119,125,126,99,143,141,123,114,124,127,121,78,140,126,146,109,134,141,131,130,254,112,143,126,128,135,144,148,128,129,130,129,128,108,126,162,117,130,114,134,124,126,123,149,139,128,128,135,132,138,115,127,137,106,144,127
140,130,132,132,124,134,127,104,124,135,123,130,93,130,130,131,112,124,140,125,133,122,137,127,121,89,138,131,129,127,115,134,121,129,117,125,178,128,125,146,125,145,112,128,116,130,132,79,126,132,118,127,110,138,124,132,140,123,127,145,143,121,117,125,117,133,116,124,127,135,108,127,116,135,128,86,124,127,135,109,129,114,144,119,120,110,109,133,108,127,142,126,128,129,125,134,130,141,121,164,97,110,126,125,139,106,114,124,130,143,119,125,149,209,115,124,130,124,137,119,126,123,130,201,120,112,127,119,123,109,117,121,104,104,130,147,106,153,122,116,143,150,74,130,104,133,126,125,126,108,107,136,128,136,136,119,145,124,142,113,136,112,100,165,129,128,113,115,126,127,130,131,124,122,130,126,136,128,115,134,118,134,115,118,113,114,136,108,130,137,126,131,120,155,133,103,131,128,133,128,119,114,132,123,130,87,111,125,69,117,121,131,204,115,141,105,146,122,100,114,120,138,124,106,130,129,119,146,127,121,123,142,130,132,140,119,121,133,132,97,140,118,137,129,126,139,127,122,122,137,131,51,125,107,120,158,127
151,143,124,130,124,126,127,191,121,130,145,137,136,120,136,96,130,123,122,142,99,68,128,59,114,122,117,92,132,131,121,160,134,138,169,41,144,176,65,92,125,96,136,126,111,107,143,115,124,135,139,128,186,119,114,178,81,29,86,97,173,122,130,136,122,130,130,122,141,123,124,144,88,139,111,129,76,127,129,134,145,125,126,100,134,150,127,100,128,77,118,146,129,152,120,110,137,139,196,116,65,119,48,124,165,179,121,146,126,226,145,112,131,75,124,103,108,115,136,117,122,85,137,164,127,111,120,90,104,163,124,129,115,121,134,125,107,151,129,109,112,137,130,126,127,100,137,124,132,143,101,102,183,97,140,140,107,130,113,119,128,165,113,120,76,129,127,129,132,203,121,136,139,121,127,161,121,117,117,128,122,127,130,142,132,98,170,106,75,48,115,140,127,57,111,125,127,139,128,118,113,125,170,94,115,101,124,61,156,120,127,120,124,140,136,132,131,122,152,125,98,145,140,131,136,124,132,126,126,106,121,123,162,132,151,128,177,134,92,117,128,127,134,160,120,149,107,134,112,139,133,134,120,104,118,112,127
138,119,129,121,138,147,158,121,120,138,125,116,139,132,111,133,132,132,112,122,130,132,137,117,140,138,143,130,114,135,124,169,113,145,143,125,109,130,128,149,120,114,131,116,126,106,125,136,116,127,153,119,118,125,113,147,120,136,142,135,133,127,127,152,163,121,118,103,139,131,115,133,137,114,156,122,141,133,159,140,128,130,151,152,201,140,129,124,86,135,122,118,116,131,139,124,193,130,112,137,119,128,129,105,113,134,121,137,138,135,128,129,138,131,112,142,135,122,109,126,119,126,144,114,130,140,144,133,115,130,122,120,166,132,127,132,118,129,149,113,185,134,72,130,128,154,158,128,146,132,127,158,132,133,162,111,123,127,134,117,126,141,110,89,142,119,163,118,154,130,127,126,131,133,96,137,136,128,129,125,131,130,66,128,117,131,110,128,128,122,129,115,144,162,140,121,156,138,116,130,137,84,142,130,150,121,138,132,117,119,119,121,142,163,154,109,209,145,127,129,138,133,163,116,144,130,137,103,142,130,116,156,135,124,147,129,131,162,134,130,212,135,128,128,124,127,128,116,118,108,119,127,137,120,127,141,127
123,109,135,131,105,112,118,125,113,124,128,114,107,121,128,128,131,115,133,129,138,122,125,137,106,123,122,132,119,127,105,97,133,118,113,123,119,127,127,121,129,127,128,98,132,124,127,154,141,128,123,88,141,129,118,112,127,133,124,170,143,131,127,177,129,123,130,96,127,123,121,120,136,131,116,130,131,127,151,124,128,128,139,116,120,116,127,96,128,122,121,112,109,127,137,127,99,106,129,113,117,143,125,144,133,120,96,128,124,131,122,131,124,126,129,133,106,91,153,107,135,123,127,127,138,124,121,117,119,129,129,137,105,136,112,129,154,128,123,103,116,138,112,130,135,128,139,113,114,147,124,133,130,140,125,126,122,124,159,145,131,120,124,127,129,135,138,131,153,126,130,129,135,126,168,133,129,120,135,164,135,132,126,115,136,133,136,146,119,125,128,122,118,118,121,118,141,127,138,134,130,123,131,124,102,119,179,119,105,138,148,128,183,122,145,121,114,126,113,121,147,146,134,97,110,123,121,118,114,123,115,107,120,120,128,123,125,152,130,126,113,127,125,116,116,174,148,116,123,132,140,125,126,123,110,137,127
121,148,119,133,137,108,120,140,136,119,120,110,128,117,108,121,78,102,128,126,104,122,102,120,124,124,116,119,138,128,118,118,130,116,124,139,128,127,128,139,151,112,114,112,128,118,126,78,130,122,108,121,132,80,133,122,130,112,134,134,114,119,116,99,134,122,132,144,132,116,123,125,116,106,133,115,123,121,153,100,126,162,135,112,114,145,135,132,101,127,120,122,116,126,121,134,134,96,124,115,117,117,122,115,130,107,165,96,110,94,129,133,132,124,141,124,122,91,113,102,128,129,135,127,118,85,135,128,102,137,108,109,89,102,127,125,131,126,126,124,122,123,172,122,84,133,136,122,128,173,127,128,130,121,99,122,131,96,133,130,117,128,112,101,124,125,108,117,144,124,123,117,119,119,102,151,118,125,127,112,132,114,130,121,93,126,161,135,132,123,131,130,112,117,117,126,109,127,134,132,123,138,121,128,113,118,69,128,109,153,116,117,183,129,109,115,71,128,122,131,121,128,127,112,101,127,120,123,130,126,121,130,129,141,116,128,128,147,128,121,125,124,125,140,125,92,130,132,111,123,139,111,129,131,128,121,127
134,36,125,128,168,140,165,123,128,136,129,138,119,147,116,122,115,96,121,149,130,133,109,136,133,146,123,130,138,119,104,147,129,132,119,121,145,121,125,140,139,142,125,127,129,127,116,87,115,120,148,118,132,145,121,142,133,123,138,101,125,93,102,134,117,119,130,124,134,142,123,116,129,50,125,147,133,128,117,126,114,145,155,201,148,112,125,76,116,139,145,134,109,121,113,130,145,127,123,118,130,118,123,111,118,129,138,117,137,130,123,126,121,129,128,140,117,102,176,143,115,126,139,128,130,146,156,122,150,112,126,151,117,132,109,106,156,123,151,139,100,146,234,125,133,138,124,130,115,140,127,156,134,136,164,109,116,109,84,111,139,170,102,196,115,150,126,132,143,127,141,125,121,144,113,136,133,103,124,122,103,131,113,135,118,135,124,110,128,122,130,138,143,168,107,144,108,131,142,130,123,125,152,121,145,146,135,118,179,114,93,114,149,174,123,130,143,127,149,139,127,121,139,78,134,136,129,164,142,138,130,124,120,94,127,129,131,129,131,134,131,121,127,141,141,102,127,125,107,111,123,111,130,128,132,165,127
152,119,127,122,113,120,137,121,133,132,132,127,105,111,137,121,117,119,121,101,131,100,137,144,153,191,110,104,137,131,126,103,138,144,144,140,130,132,107,158,122,124,109,143,138,157,107,131,130,128,131,126,150,132,138,122,120,144,100,92,125,131,160,100,104,149,130,117,79,143,129,119,117,138,108,111,141,120,133,122,122,133,146,141,132,109,187,113,145,93,137,91,154,105,135,116,121,147,128,143,154,148,127,130,153,158,131,134,142,76,94,133,121,103,116,108,123,115,133,127,118,121,120,130,120,132,122,0,152,128,135,130,122,110,128,140,96,119,114,120,130,112,120,159,129,106,127,157,135,122,215,112,113,115,133,129,116,120,135,124,137,166,113,133,114,142,117,127,125,127,126,136,114,144,130,115,127,137,122,126,144,95,113,129,143,110,156,124,61,127,102,111,121,76,87,124,128,135,132,124,108,126,105,140,115,118,125,123,100,108,121,118,113,126,137,138,119,155,171,136,124,118,134,116,117,128,129,162,127,132,121,129,114,135,107,156,144,131,141,127,123,133,144,137,133,98,127,128,136,122,117,133,114,113,141,107,127
139,160,126,116,160,231,138,131,116,122,129,129,125,172,117,127,164,160,145,205,135,126,148,132,118,130,135,138,132,130,153,151,126,123,101,121,126,122,125,122,109,124,130,105,132,109,198,207,107,128,119,159,113,166,116,138,127,132,112,179,140,137,116,107,157,128,124,117,127,132,140,122,133,132,120,132,131,128,169,99,142,116,106,131,142,137,126,222,136,130,130,98,90,150,124,121,151,96,118,119,133,139,127,157,123,120,118,115,122,105,125,129,139,126,128,121,90,147,113,115,130,120,123,124,141,122,128,127,109,121,122,130,118,133,130,117,131,135,133,93,105,138,148,121,154,109,144,134,123,99,127,119,117,129,115,128,132,158,136,132,111,128,105,128,129,149,92,121,67,126,138,128,144,141,45,144,124,117,124,87,113,143,143,111,134,124,139,117,125,129,123,133,152,139,118,108,102,127,165,146,121,138,132,122,105,122,125,127,94,126,73,131,100,118,122,118,139,126,125,125,134,150,132,157,114,102,129,114,91,113,128,105,134,127,133,119,127,169,129,153,99,123,130,105,153,170,155,118,125,122,149,116,123,135,114,146,127
144,155,195,114,166,166,156,134,110,150,132,128,87,141,103,134,129,123,143,156,178,114,90,112,180,134,14,132,109,95,142,144,151,99,0,117,0,127,144,68,121,147,130,168,134,198,215,135,138,128,108,129,127,105,142,220,190,135,127,197,124,154,60,158,108,199,127,160,140,96,129,137,140,131,102,157,173,254,166,144,95,159,132,169,120,137,119,120,110,119,118,107,63,170,130,169,115,141,136,156,136,200,129,149,163,104,124,120,30,191,127,130,85,132,137,118,156,136,169,152,254,146,124,150,145,134,126,150,118,91,121,115,154,77,166,104,157,154,135,64,75,252,147,162,129,137,110,203,114,139,127,133,110,121,158,136,119,153,99,123,60,208,71,140,160,112,118,111,132,127,141,125,111,140,134,116,99,114,131,133,134,64,50,144,155,153,121,133,122,68,125,114,120,254,92,151,130,131,79,149,132,93,172,125,142,19,137,149,136,116,124,104,175,113,88,130,135,107,52,129,98,131,55,92,146,131,108,43,134,120,186,88,115,135,170,131,67,123,156,55,154,126,123,153,113,185,74,125,143,170,112,137,125,147,125,214,127
108,103,140,126,128,105,121,120,94,126,137,129,90,133,97,138,123,139,89,98,76,129,93,103,134,182,132,116,117,122,120,109,90,162,80,126,94,128,135,132,128,103,117,93,134,142,117,95,121,120,106,132,149,137,99,78,113,134,142,123,128,83,94,99,130,96,98,147,134,105,128,106,154,100,172,127,142,140,166,56,82,81,132,120,122,104,118,89,113,143,90,120,140,85,134,127,115,81,123,142,171,110,135,130,123,146,148,116,112,138,111,126,72,141,125,104,156,120,98,27,127,104,133,127,112,148,93,133,121,61,86,117,114,149,121,96,49,131,125,143,139,105,100,118,105,141,134,152,126,123,151,151,127,89,122,111,123,139,68,124,135,144,126,118,107,94,98,132,132,117,129,130,113,126,117,139,150,152,129,115,130,145,129,141,133,131,127,124,121,119,132,133,132,117,136,150,168,144,111,119,112,160,125,118,133,111,108,110,109,114,138,123,105,102,138,108,139,80,140,130,103,128,120,101,162,133,149,127,94,67,91,111,133,131,98,148,121,98,126,93,137,142,118,137,113,183,90,129,125,123,116,110,120,122,107,167,127
127,120,134,127,115,10,118,127,117,129,131,112,134,115,145,129,119,0,133,155,103,132,134,116,117,133,123,128,125,115,143,167,127,116,124,129,142,127,126,132,130,118,123,121,134,125,90,164,142,123,155,132,128,116,91,108,128,134,130,129,130,83,104,153,95,107,126,114,130,126,131,125,116,101,128,119,117,137,139,130,143,124,147,131,149,120,133,119,179,132,127,131,105,135,132,127,110,147,123,124,133,105,127,107,120,117,121,115,126,126,122,129,111,134,134,140,140,132,116,129,111,123,135,127,144,108,143,129,132,118,128,148,119,139,116,141,106,132,139,134,134,111,44,129,117,125,121,135,113,98,127,133,123,133,149,114,122,137,123,128,121,131,114,109,137,127,170,137,153,124,131,136,145,119,134,136,133,108,125,131,120,125,148,137,114,123,116,133,132,131,128,124,125,136,122,125,129,128,108,139,131,137,133,125,107,109,125,127,169,125,222,99,130,176,125,124,120,130,137,131,154,140,139,165,98,125,121,118,164,132,122,124,130,103,127,132,122,116,134,96,130,133,126,136,133,151,139,125,137,125,91,128,120,131,118,130,127
116,125,140,127,109,102,124,129,132,108,109,131,113,135,141,84,130,126,137,155,122,107,136,134,147,113,136,141,138,127,127,150,134,87,160,121,133,114,105,121,126,124,80,145,123,138,182,122,145,137,139,122,133,118,123,125,122,96,102,124,150,129,148,139,119,133,140,116,128,131,143,116,66,116,118,126,134,156,106,155,130,149,141,131,134,126,168,116,134,124,127,146,128,135,120,150,122,127,86,125,109,131,104,143,121,144,122,134,117,153,83,86,129,94,122,123,119,134,126,117,116,138,132,148,140,124,131,95,93,71,135,128,102,116,130,108,101,93,140,104,124,143,108,118,123,129,135,117,132,117,155,138,99,73,136,112,73,150,121,125,128,137,133,127,83,134,117,140,131,112,108,113,124,123,103,166,166,139,119,123,117,111,132,105,148,85,122,126,68,87,108,60,131,61,134,74,117,131,118,133,87,116,89,140,112,114,93,93,103,148,126,132,129,119,146,130,126,112,137,113,134,122,113,134,133,128,130,117,124,129,123,119,118,135,154,121,52,102,134,142,116,148,130,115,143,138,83,87,155,127,142,136,129,108,133,125,127
125,145,122,117,127,118,127,125,138,131,119,125,156,123,141,117,138,132,142,132,154,125,168,133,180,141,0,137,173,128,124,124,74,125,161,121,193,127,112,99,127,147,133,70,129,20,117,146,120,131,119,127,125,135,118,138,114,118,122,131,134,124,165,118,111,119,130,124,134,139,133,113,116,126,108,139,140,136,135,136,54,133,114,111,126,100,134,128,139,123,128,125,130,115,125,116,124,127,123,144,119,67,127,124,124,128,128,118,92,128,155,129,117,138,177,125,133,121,131,122,204,121,113,146,114,136,143,172,114,165,129,125,143,128,157,135,125,107,169,148,127,149,140,89,118,128,130,116,126,133,137,130,131,134,134,99,116,127,138,138,121,104,133,154,140,140,144,113,117,127,127,122,113,134,134,88,127,86,123,128,151,152,144,191,145,123,134,122,90,136,124,118,129,120,121,113,130,119,116,151,121,111,101,128,119,104,123,128,151,146,130,132,158,121,124,145,115,116,87,134,151,127,228,144,141,128,84,138,140,124,117,115,129,64,152,134,151,120,113,197,129,122,125,135,136,108,157,122,125,127,126,131,254,141,120,102,127
121,136,104,125,127,132,145,121,129,99,149,129,92,151,70,123,144,130,178,145,186,137,118,117,162,194,82,145,128,131,101,148,164,142,168,127,91,132,154,117,124,87,129,177,129,101,93,127,128,142,94,122,140,119,117,100,147,149,134,66,106,52,138,148,93,156,140,152,141,161,132,95,181,124,114,118,78,126,136,127,146,164,180,126,136,187,127,113,197,112,102,119,225,151,111,127,125,134,136,122,139,134,138,128,149,134,106,76,128,144,81,145,143,135,175,145,163,139,141,154,108,98,134,149,110,84,148,149,122,117,142,150,106,130,45,144,134,148,96,58,135,113,113,182,90,147,110,130,120,115,137,128,114,95,122,135,137,141,59,109,128,142,151,106,163,53,141,140,142,132,127,147,107,125,79,126,153,98,133,123,154,69,92,162,129,112,108,146,121,106,130,121,126,112,99,142,107,85,104,128,139,137,115,169,131,140,179,117,135,131,139,112,134,120,104,105,133,146,190,108,117,117,98,140,177,123,86,79,106,145,181,94,102,177,116,121,97,106,131,148,118,130,120,205,122,91,78,102,138,137,154,128,118,164,118,155,127
109,137,128,140,136,97,132,120,116,138,117,122,96,118,115,119,136,134,126,117,81,125,133,126,112,150,122,119,136,114,154,103,142,110,111,128,135,114,116,128,130,116,119,101,109,133,126,133,96,125,115,125,118,157,104,163,136,129,105,108,117,138,121,144,102,98,127,158,120,105,103,139,126,101,135,129,184,114,104,87,95,135,141,57,75,155,108,119,124,116,127,121,105,110,140,128,137,140,112,146,137,127,111,102,106,137,129,145,114,131,125,111,117,114,122,92,115,145,168,55,109,126,148,109,108,171,109,114,109,126,132,140,128,125,103,117,104,115,92,85,148,103,122,103,121,145,149,124,114,144,122,154,126,154,172,95,107,124,128,128,217,97,80,149,128,110,81,127,137,117,111,106,105,123,118,176,126,124,111,125,128,90,116,129,145,116,149,102,115,129,121,150,127,147,108,127,150,135,109,107,152,118,100,104,123,136,158,129,137,129,104,117,128,126,101,136,164,128,140,128,156,108,107,118,121,120,84,122,118,132,144,106,127,149,125,128,137,169,105,106,113,121,115,152,123,92,120,138,81,132,114,130,115,128,129,137,127
101,126,103,244,110,128,117,126,120,111,123,116,132,128,119,133,126,125,117,127,142,120,152,136,127,151,122,129,116,105,115,144,245,110,119,127,130,122,125,107,132,120,122,129,125,171,99,123,117,120,129,127,132,107,101,138,124,114,121,110,132,117,163,147,108,97,132,105,99,133,133,133,85,138,136,125,136,173,142,142,159,128,98,102,120,150,123,125,140,150,134,113,90,109,115,178,126,124,123,128,118,129,135,111,233,122,117,113,176,131,113,127,134,130,181,127,137,138,147,122,120,151,130,78,145,100,123,115,128,152,127,123,129,127,130,141,173,133,104,103,90,122,137,101,124,126,151,116,122,129,128,140,108,139,120,128,129,118,123,134,131,121,174,140,159,123,121,107,116,124,115,127,134,125,124,124,140,77,117,128,115,172,132,126,90,131,153,131,108,107,126,119,131,124,106,119,117,103,105,131,124,146,130,172,122,154,124,249,166,140,131,133,142,132,113,127,112,158,136,113,150,134,176,129,102,122,167,71,114,127,109,117,139,120,133,129,127,127,106,96,125,108,123,125,126,105,134,134,112,102,132,125,105,98,133,96,127
97,134,132,127,120,127,133,114,131,125,123,124,73,116,124,178,106,126,120,114,150,99,137,107,113,95,118,189,130,124,128,100,130,100,110,101,141,122,117,116,125,150,91,153,104,122,149,119,142,110,150,126,129,132,136,97,168,126,90,104,121,124,137,123,98,128,127,116,86,125,168,138,147,117,93,128,132,132,126,115,113,110,152,111,136,127,113,127,143,124,130,128,125,103,125,134,128,132,113,122,108,136,116,127,107,146,130,130,122,136,140,91,113,103,143,114,119,109,123,106,113,171,107,82,160,127,131,103,100,144,110,134,118,115,120,127,121,84,117,133,124,159,115,135,121,121,122,79,125,124,128,140,90,91,117,126,116,153,116,126,103,165,134,126,105,141,131,130,140,141,81,126,109,129,116,127,109,113,99,122,131,106,124,122,142,116,128,102,120,122,97,96,128,148,103,195,115,123,121,140,117,115,83,139,124,86,107,106,101,141,133,121,121,135,111,128,130,100,121,110,136,130,134,129,115,130,106,138,133,111,136,137,141,135,102,158,83,117,121,161,116,83,131,117,120,98,127,136,146,121,143,134,135,116,128,111,127
136,114,136,126,127,144,153,110,150,125,126,132,116,189,84,124,29,120,119,143,108,130,141,134,99,91,107,136,101,131,156,85,139,135,104,119,112,132,125,136,131,132,108,93,132,119,155,78,122,122,127,121,87,149,155,77,120,127,116,179,131,129,88,111,159,122,124,89,127,115,131,128,95,98,123,138,121,124,192,87,120,91,88,140,127,107,139,110,106,131,173,125,100,208,108,103,128,89,114,128,112,133,113,151,108,142,131,120,123,121,127,136,129,124,135,167,126,133,163,140,122,128,152,116,146,114,145,129,121,102,129,89,62,118,127,134,136,121,101,120,82,107,184,105,176,139,89,119,121,93,130,117,119,108,131,128,132,120,88,124,108,120,165,139,110,133,147,101,131,121,125,130,189,134,124,124,139,101,132,122,137,139,145,124,190,117,112,129,124,136,107,146,129,107,138,104,106,144,129,121,124,132,105,121,110,87,150,138,144,130,114,141,130,115,150,158,122,146,134,136,178,107,93,94,133,128,129,99,112,118,129,116,110,140,142,114,135,127,130,110,113,114,126,105,117,113,122,127,151,119,100,130,106,117,121,191,127
134,135,128,132,134,134,124,145,130,143,125,134,178,138,107,122,128,134,81,135,57,133,120,138,99,115,97,128,121,144,132,131,1,119,126,137,157,128,132,145,127,117,134,147,125,140,239,122,124,133,138,131,141,130,71,128,126,118,128,120,120,180,105,125,131,57,127,134,104,156,125,113,108,119,147,133,106,81,157,107,151,147,114,161,139,127,141,126,133,124,134,134,133,142,127,127,146,141,139,137,135,166,116,120,130,151,128,142,123,111,149,128,152,129,44,143,120,128,111,131,104,138,141,142,142,123,132,133,90,109,133,154,109,129,127,116,154,123,75,139,144,148,113,91,132,110,128,85,115,118,126,121,140,135,126,121,146,120,130,135,112,84,77,150,104,122,113,75,137,134,128,130,136,147,110,143,135,174,140,133,162,170,138,254,150,116,134,128,150,157,133,121,131,106,138,109,127,129,150,82,128,119,136,143,146,169,102,122,181,126,137,138,133,120,136,148,136,137,123,126,121,132,142,125,110,136,130,105,168,139,97,151,141,153,139,135,129,123,131,65,129,114,139,135,140,99,126,146,105,151,121,125,215,138,128,99,127
159,119,136,122,116,108,130,99,134,123,113,129,132,133,140,104,137,115,108,150,127,83,117,110,117,133,116,98,148,123,105,144,136,90,124,106,140,130,162,111,121,115,140,108,155,104,164,114,118,134,111,131,129,80,102,115,112,96,156,111,116,97,166,110,126,127,121,116,138,119,176,108,97,115,92,149,155,120,132,106,137,98,90,142,112,124,138,111,136,135,146,107,124,151,132,87,119,130,104,123,195,115,119,115,156,135,114,128,112,146,135,140,121,109,117,154,131,150,124,137,102,163,125,134,120,109,131,106,140,107,126,123,122,138,116,136,139,144,139,138,120,142,126,87,128,108,111,135,121,117,133,121,120,92,155,123,150,153,143,125,91,119,160,103,118,138,127,89,118,78,120,103,172,105,128,137,115,94,103,127,113,100,117,74,87,118,91,147,118,118,93,79,123,84,159,97,126,114,137,121,97,125,146,95,123,167,120,122,95,128,118,128,119,111,95,126,130,117,116,130,163,144,126,127,130,138,119,144,133,116,103,130,99,103,134,136,110,122,84,151,141,84,112,79,113,129,147,93,167,146,137,134,126,76,141,137,127
129,103,91,126,151,135,132,124,85,131,103,133,143,23,157,122,20,135,128,34,165,132,60,104,112,116,138,138,123,129,128,133,122,150,178,119,115,132,138,106,125,158,124,135,132,121,129,156,127,143,125,125,131,252,131,93,73,136,214,114,136,131,112,119,111,140,59,161,101,137,146,139,120,186,155,128,201,127,145,136,111,252,106,111,130,126,126,138,134,145,108,170,146,64,99,106,129,130,114,98,111,135,147,138,153,128,112,133,114,132,141,108,104,133,134,143,130,134,7,67,132,118,25,82,93,125,153,133,127,167,245,119,121,133,172,114,124,129,148,126,119,91,110,118,132,10,142,46,129,112,127,238,125,187,146,60,141,134,118,129,185,181,132,149,121,120,122,137,122,127,133,114,113,105,126,81,153,133,126,129,133,139,133,153,195,131,99,126,131,123,113,136,129,117,140,147,127,91,98,121,105,143,107,111,139,184,88,129,128,128,132,130,145,133,108,77,134,144,127,98,194,127,122,117,133,121,125,103,127,39,157,120,144,116,137,114,140,94,117,118,106,189,134,245,82,116,115,122,78,119,129,124,132,117,129,114,127
161,113,139,130,139,122,166,122,118,141,121,95,162,161,22,129,105,132,87,125,121,123,156,145,108,164,174,134,146,99,130,99,119,123,134,127,73,124,125,135,137,142,124,104,132,105,252,196,128,131,114,135,127,134,117,102,116,135,130,175,133,203,128,119,138,228,124,117,107,110,145,193,132,156,143,127,137,96,245,106,126,109,118,94,112,112,124,169,92,128,165,118,114,122,117,142,103,69,123,175,147,126,138,91,110,149,143,105,115,119,123,117,116,121,99,85,183,128,118,107,108,105,141,152,142,167,121,118,86,109,128,124,93,111,142,122,32,126,111,118,121,101,192,128,138,114,110,84,133,104,138,133,122,140,130,144,117,121,211,189,117,136,80,118,132,171,138,129,114,117,123,131,144,107,151,129,167,135,121,137,162,177,194,127,179,109,127,132,114,150,127,124,130,91,122,105,141,146,215,104,104,179,100,132,112,130,199,106,99,94,134,104,148,119,110,140,100,124,128,126,142,119,109,109,102,87,150,86,101,140,98,90,112,106,146,123,140,38,167,165,148,132,133,107,130,193,107,129,125,161,110,138,134,99,183,141,127
145,135,124,113,124,124,121,153,99,122,146,114,143,126,145,134,88,132,194,129,142,140,100,105,145,36,152,123,99,119,159,68,196,92,109,142,84,124,109,164,130,96,151,47,131,131,162,122,151,102,160,128,110,148,135,226,104,113,134,113,131,128,139,101,122,117,126,120,121,106,133,127,98,109,138,119,94,127,113,128,125,96,67,141,121,134,154,166,160,106,124,115,117,69,134,127,111,147,144,119,114,85,125,134,99,93,121,109,90,117,221,131,50,133,133,125,121,126,111,102,140,163,145,145,128,114,130,118,116,126,121,122,118,117,118,134,137,110,122,115,94,170,124,54,147,123,112,78,120,133,132,119,128,143,127,193,132,151,113,125,121,94,99,150,94,126,111,131,112,115,123,126,148,132,133,143,172,134,138,128,166,148,133,155,160,122,134,123,121,116,135,109,132,124,146,124,131,131,113,143,123,139,115,116,125,106,134,135,115,90,127,132,154,151,111,172,124,158,115,155,100,139,175,132,124,119,178,112,103,128,154,115,130,178,98,118,129,123,139,116,124,114,119,144,122,170,158,135,98,100,160,125,88,154,104,128,127
119,146,164,131,142,146,133,119,144,131,114,129,135,152,162,103,162,127,93,136,127,124,113,78,127,168,149,137,90,114,150,148,145,45,146,85,112,120,97,75,130,93,117,158,113,150,229,122,122,123,89,129,152,132,117,126,120,86,141,97,129,113,105,137,143,164,126,115,117,118,152,129,99,140,77,140,140,151,112,202,158,111,71,139,141,180,171,115,161,131,113,149,79,171,143,194,145,147,79,108,155,120,117,133,132,103,132,130,128,123,113,138,73,169,79,146,95,120,128,93,95,161,117,166,96,137,117,169,107,122,132,148,119,118,146,72,121,105,102,104,146,158,132,136,152,122,122,113,131,150,107,116,163,179,128,131,127,112,113,122,133,71,110,116,117,162,136,129,119,138,116,85,133,139,120,142,106,160,101,133,138,94,112,138,91,125,109,118,101,106,123,166,124,148,128,129,132,146,102,97,111,131,125,139,129,100,86,137,180,120,126,115,165,127,112,149,117,6,127,148,150,125,113,135,124,128,159,130,130,121,75,146,107,181,155,98,133,124,138,117,125,112,122,115,152,175,100,146,135,134,126,138,52,126,124,164,127
140,113,147,97,127,194,117,122,121,124,133,155,116,131,132,130,123,141,127,90,130,145,89,130,120,149,134,148,131,136,111,172,122,119,116,121,134,130,129,133,141,133,131,125,112,137,125,116,133,126,184,137,116,128,123,110,110,129,138,124,145,134,140,114,92,92,128,68,128,133,122,148,148,168,139,128,130,121,120,121,118,118,138,139,134,118,122,91,110,148,147,163,147,130,130,114,114,124,126,122,142,108,123,132,124,137,87,139,150,151,119,103,124,133,119,148,104,120,153,121,132,115,134,114,149,74,133,133,154,112,126,110,152,125,130,118,82,121,116,129,104,118,127,133,108,103,118,150,150,123,130,133,133,128,94,124,122,122,139,137,117,128,117,120,112,95,135,127,146,134,133,122,141,125,254,104,109,130,135,135,98,164,157,142,125,148,93,130,126,117,133,119,132,183,144,113,139,118,160,134,126,141,144,118,142,97,237,116,118,121,131,122,142,114,104,120,179,112,139,129,124,121,139,151,145,121,132,129,127,117,142,103,132,113,121,125,135,82,131,122,121,121,132,88,135,153,130,117,131,108,118,129,132,118,119,101,127
142,137,108,140,112,136,121,151,122,138,149,127,107,154,150,127,89,120,115,137,139,127,138,148,160,106,122,130,139,118,123,166,131,143,156,128,129,124,132,151,129,113,111,116,126,127,133,104,128,122,123,121,125,93,128,148,127,137,144,178,148,125,169,127,192,125,204,93,115,140,141,131,137,137,150,123,147,124,134,158,111,224,106,143,177,96,123,115,111,129,120,134,132,89,126,116,168,127,115,120,148,133,116,131,163,114,105,117,143,139,114,131,138,131,134,179,135,131,124,146,125,134,128,71,124,113,139,127,133,159,88,123,126,124,118,153,132,136,115,131,128,145,157,144,129,117,118,154,106,139,127,161,146,157,125,107,119,141,127,131,143,130,120,150,122,119,135,135,109,139,121,153,86,128,103,129,99,108,122,123,127,143,106,132,124,113,109,116,125,106,126,152,122,131,147,150,136,106,128,101,174,108,156,99,106,110,84,138,116,144,123,132,79,133,104,124,111,155,133,118,142,158,121,116,105,122,152,135,147,92,113,125,145,132,145,110,144,136,124,167,126,122,120,164,95,126,115,135,117,119,135,124,127,98,137,177,127
130,113,133,140,112,170,130,122,135,126,140,138,124,150,137,133,188,137,132,201,158,134,111,120,124,138,125,128,130,132,121,141,110,138,135,121,120,127,127,137,127,139,128,141,131,139,135,107,134,123,151,147,140,153,117,136,112,130,110,127,145,141,114,127,100,122,133,142,122,133,126,115,133,143,118,133,77,127,152,155,125,165,122,132,142,157,117,254,119,127,103,95,119,130,132,134,125,132,125,127,154,128,129,122,132,129,116,133,163,138,135,129,103,129,132,129,114,126,101,131,135,134,99,130,137,101,131,126,153,143,130,139,170,136,114,116,110,128,125,134,126,112,124,126,151,129,130,97,103,85,121,127,124,119,159,115,122,145,132,130,58,105,134,96,151,131,134,123,131,139,123,129,129,127,52,119,135,129,135,124,118,136,136,123,174,129,127,126,119,127,125,145,142,140,151,115,120,123,117,130,119,127,158,138,156,176,108,125,136,132,132,140,126,149,129,139,127,127,133,146,141,230,120,132,148,103,126,98,127,128,115,111,133,143,118,128,132,133,135,129,128,126,120,166,134,202,146,132,134,119,178,122,126,128,116,150,127
99,169,253,107,120,117,124,131,108,126,136,138,138,220,141,131,42,133,140,85,152,135,109,93,164,135,122,132,113,135,137,145,142,122,139,138,143,141,136,76,128,120,139,121,157,93,88,124,124,113,141,123,110,191,153,115,96,125,105,133,110,147,85,133,71,121,65,44,93,138,119,109,149,135,108,126,136,150,97,207,169,254,144,118,154,134,134,131,135,124,118,125,96,190,153,85,145,117,142,112,142,117,125,129,132,127,124,115,167,123,150,129,95,134,136,147,122,116,158,136,113,157,167,102,124,123,152,115,121,186,254,143,150,138,149,109,76,131,123,139,134,113,127,129,131,113,104,146,145,123,124,96,149,158,144,82,138,121,127,131,117,144,96,169,116,157,112,129,140,140,123,129,120,140,124,148,139,144,132,129,116,134,122,121,62,117,134,123,133,72,121,143,120,112,149,115,68,60,122,116,131,153,91,143,129,171,79,122,97,144,132,127,110,132,110,102,111,120,121,147,233,146,142,82,133,129,133,107,110,44,129,194,137,102,67,118,136,135,133,163,129,116,130,55,22,102,128,147,132,151,136,115,117,118,119,130,127
138,124,130,132,110,132,127,153,117,122,129,124,168,144,140,126,128,124,114,141,81,119,145,130,133,137,180,119,92,137,113,105,155,131,94,130,153,128,140,126,127,136,130,172,129,154,116,121,128,132,118,128,156,128,112,141,157,119,127,123,111,65,90,124,135,111,127,128,134,180,127,134,121,122,71,133,95,141,85,140,131,135,165,121,130,161,123,143,99,124,144,138,174,123,113,139,127,142,131,135,124,187,138,114,115,138,126,124,149,136,102,129,137,141,90,132,149,132,128,124,108,121,135,112,124,123,128,94,165,154,132,121,111,113,46,166,139,135,174,137,144,72,127,145,110,133,118,141,121,136,100,130,130,103,128,125,137,134,132,126,138,167,155,113,128,136,114,149,139,127,127,127,134,114,134,122,116,137,133,130,138,137,136,134,118,126,136,125,179,123,128,117,126,134,116,149,123,127,128,144,125,122,140,118,117,144,129,148,143,127,123,127,100,139,103,113,126,155,147,132,113,125,137,134,112,128,95,172,121,141,160,141,131,185,106,135,129,116,136,46,129,126,124,150,119,146,134,144,137,128,118,127,219,138,122,146,127
126,119,130,114,130,137,122,131,135,131,66,134,137,111,152,108,140,124,138,131,118,113,132,107,134,128,125,93,125,128,124,154,109,109,137,154,128,103,111,124,124,105,141,122,146,125,151,125,126,129,154,129,124,163,125,138,122,134,106,127,142,105,124,133,124,138,134,124,130,129,91,133,118,118,130,124,101,112,130,158,123,117,67,132,136,124,137,123,107,76,117,114,119,126,122,133,129,124,89,124,124,141,143,156,100,139,122,117,129,184,126,183,112,101,123,138,143,125,118,129,117,112,125,156,113,125,123,93,124,114,129,125,132,137,140,140,131,121,139,129,114,123,122,140,115,126,132,112,136,136,141,112,16,92,130,131,132,128,109,132,122,144,118,130,115,139,122,127,130,37,155,90,121,135,121,142,114,134,104,129,141,119,130,133,118,110,137,112,107,97,142,95,128,73,108,98,113,123,123,124,137,129,119,125,112,149,125,119,132,125,128,123,147,124,176,132,124,130,168,131,134,113,124,132,133,122,146,132,134,131,129,120,110,137,133,119,101,115,118,129,131,117,6,138,143,140,130,109,147,98,136,133,129,108,135,84,127
137,138,131,113,130,128,130,140,125,148,143,137,134,134,132,138,119,132,129,129,151,144,155,130,130,147,154,163,119,114,141,115,144,157,145,145,120,127,161,140,128,139,152,166,136,147,85,117,137,132,126,125,145,133,135,100,133,159,134,157,128,153,132,132,139,140,130,134,105,124,119,131,150,140,162,132,121,130,106,99,132,145,141,135,128,137,115,137,139,151,127,129,115,141,130,130,134,124,146,118,73,131,137,140,122,149,132,128,112,142,140,131,118,141,129,138,134,130,138,133,145,125,128,109,134,134,121,150,153,87,134,134,138,254,124,125,153,151,144,150,115,153,99,151,126,140,141,157,128,157,142,144,132,115,135,130,143,140,124,134,122,90,162,117,129,117,129,137,120,140,140,137,148,139,140,132,116,126,152,130,132,145,131,153,139,128,127,136,124,131,138,129,126,161,126,155,128,131,96,142,143,117,126,128,121,125,138,129,121,134,130,136,135,134,132,118,122,139,110,132,109,134,113,112,138,124,135,118,134,145,147,119,144,124,125,140,166,134,134,124,125,159,143,134,141,129,139,135,112,139,127,80,120,138,141,129,127
116,99,120,123,115,192,127,111,81,111,135,135,132,119,109,122,97,146,138,138,129,123,98,117,58,133,135,135,135,130,112,115,128,116,107,130,136,127,127,143,114,141,130,90,123,115,139,176,115,118,152,123,98,139,126,69,122,119,127,223,122,129,112,151,150,111,130,109,130,126,124,116,128,91,147,120,130,113,94,170,119,111,110,184,146,112,125,109,72,118,134,114,98,97,141,117,156,117,119,129,121,125,128,133,124,131,173,150,147,142,125,123,74,125,112,88,102,134,147,83,132,119,129,110,101,203,97,127,92,150,125,153,194,139,92,126,69,123,108,135,109,111,70,136,125,136,104,176,116,74,132,145,133,154,119,132,112,124,51,120,119,105,107,150,122,116,102,126,138,130,133,124,117,140,120,94,121,133,127,129,107,134,129,129,118,131,115,110,134,120,131,137,112,122,113,142,130,121,88,126,105,157,138,117,177,116,127,127,104,94,150,136,171,115,125,134,111,73,118,135,138,131,127,132,156,108,106,117,136,118,121,87,132,107,118,124,143,119,124,139,116,119,129,115,151,222,110,118,135,116,105,130,126,89,90,123,127
122,108,133,135,151,118,127,137,133,123,176,129,130,136,127,123,92,126,126,120,106,125,109,127,130,230,137,150,127,127,105,130,110,166,127,105,135,130,96,129,129,124,126,110,140,133,120,142,110,131,134,130,136,196,119,127,113,150,188,123,114,140,127,105,103,121,149,133,122,123,98,134,139,167,133,120,89,130,123,151,130,177,124,117,139,127,128,127,125,120,124,137,136,97,116,134,122,137,165,122,144,114,174,131,133,133,140,124,96,169,116,134,120,35,118,142,141,125,83,146,132,118,95,127,122,147,144,102,154,132,110,117,120,134,155,116,105,92,131,124,136,141,121,144,121,182,124,119,133,176,139,41,135,156,152,108,129,132,123,120,138,162,142,126,131,135,121,121,123,127,115,125,120,130,104,101,114,129,121,131,102,117,134,120,112,118,96,110,127,109,106,114,126,119,149,134,131,130,111,132,159,123,125,130,119,114,104,142,139,132,124,123,151,134,135,127,132,241,173,129,122,94,134,99,113,129,133,124,124,46,117,120,124,116,134,158,133,121,133,128,123,119,176,203,162,106,139,113,137,124,119,125,112,164,117,102,127
113,128,141,138,130,128,132,111,135,123,111,130,107,130,133,108,105,132,121,102,141,100,115,145,121,155,125,123,121,126,86,114,120,96,105,151,110,107,140,107,123,133,140,139,90,140,123,123,124,128,117,126,61,71,133,87,158,145,110,129,93,132,133,125,108,132,130,114,99,126,105,119,143,122,125,129,144,97,137,130,121,128,118,129,126,105,126,110,123,106,116,131,133,125,143,120,123,127,72,132,104,122,110,131,102,121,133,124,126,114,109,124,120,141,136,119,138,118,129,128,108,134,95,112,124,122,127,117,122,112,122,123,130,80,140,138,129,110,125,121,153,126,134,129,118,166,142,75,125,133,130,159,94,123,107,126,115,139,122,130,103,155,124,137,145,119,112,119,129,70,108,92,108,129,130,127,125,129,150,125,136,113,122,128,149,134,92,128,124,169,127,133,128,153,115,97,133,120,128,121,145,132,93,128,133,130,115,119,116,129,125,124,99,123,137,124,129,142,117,124,137,127,114,135,146,125,93,120,124,120,129,124,46,136,101,129,55,132,126,145,129,90,115,120,136,127,137,88,153,130,109,121,129,222,120,127,127
113,99,135,140,124,132,109,128,115,139,125,125,137,131,63,128,126,131,142,132,135,128,130,114,132,122,123,128,68,138,124,150,129,129,139,121,109,124,129,130,127,103,125,126,132,140,128,133,132,137,101,126,111,118,161,98,122,126,130,71,149,91,155,125,114,100,120,130,127,113,132,124,116,117,142,128,130,120,169,86,160,97,108,117,121,150,128,117,167,132,134,94,133,111,130,121,114,127,125,124,121,106,131,142,136,125,116,146,159,123,129,122,143,134,138,143,122,120,147,138,121,128,138,130,130,118,112,140,100,90,122,117,144,131,157,105,108,124,92,140,137,141,124,121,141,130,126,113,123,128,126,137,127,117,130,111,143,115,124,130,128,76,106,127,120,116,114,134,115,126,120,128,129,166,99,133,133,128,124,129,82,164,128,128,115,127,110,136,117,145,124,121,124,117,113,115,141,144,126,142,127,150,118,143,105,111,80,135,106,134,131,136,123,121,144,117,127,100,135,135,127,95,115,113,124,124,133,154,101,126,99,153,131,131,133,129,122,117,126,93,125,128,131,122,125,146,139,120,128,116,126,123,120,132,101,115,127
124,111,119,127,147,114,130,103,123,133,86,110,85,131,118,117,84,128,183,159,166,101,111,98,130,95,102,108,107,97,123,120,88,190,141,75,105,157,73,73,128,73,101,81,135,139,93,136,141,118,176,130,98,73,142,112,157,168,102,43,107,129,136,108,166,63,113,138,106,115,92,101,140,131,183,129,175,57,157,120,129,122,64,115,134,100,112,120,136,89,112,148,179,129,67,121,125,140,101,125,107,153,142,118,77,171,144,147,135,81,98,114,136,125,101,119,139,96,132,163,104,139,91,70,164,148,129,129,158,136,108,125,117,127,76,84,127,74,53,121,104,65,141,49,116,156,156,1,124,142,126,106,142,113,117,98,111,139,115,123,88,120,113,133,92,61,121,122,118,88,116,148,118,162,127,50,214,107,126,126,142,148,106,160,205,105,146,95,114,166,115,187,127,115,100,119,131,65,121,85,75,149,93,154,108,115,126,89,108,81,124,132,109,125,142,115,107,122,145,113,155,113,110,143,182,120,118,95,120,138,178,108,95,145,156,143,88,137,50,135,115,147,114,86,60,208,90,109,83,117,145,115,110,160,132,89,127
106,114,122,140,130,130,102,112,125,127,180,125,103,95,140,242,119,126,110,136,166,80,149,156,113,134,122,179,108,132,121,193,135,122,131,163,125,116,200,100,126,100,108,141,147,127,136,125,138,116,172,127,71,93,135,170,109,90,89,123,145,134,127,150,83,131,118,86,126,127,168,127,85,120,127,127,137,133,148,174,126,133,207,111,122,124,132,117,129,127,112,125,122,117,143,126,128,115,104,120,119,147,60,136,99,158,149,144,139,126,104,183,108,84,129,82,127,107,129,126,135,170,127,134,146,139,123,130,81,178,118,126,119,131,114,106,133,125,133,116,115,125,124,100,124,138,148,144,134,143,137,127,42,56,116,110,152,146,105,122,133,127,122,140,107,124,135,136,129,151,42,221,76,129,108,142,133,144,106,125,125,119,128,138,165,89,162,88,122,85,175,108,130,79,97,254,127,120,138,118,109,131,94,140,116,134,90,104,94,119,130,129,118,132,219,112,117,155,148,134,93,125,122,131,127,127,170,122,124,105,126,137,102,125,160,106,87,123,123,135,129,108,112,117,103,115,127,127,134,79,133,134,123,68,116,88,127
123,136,125,132,134,124,127,137,137,130,51,127,127,122,154,160,149,127,117,132,178,122,130,144,118,138,129,122,98,129,123,154,96,127,133,90,116,59,108,148,127,147,101,140,119,129,159,130,134,130,114,127,156,122,143,150,163,136,126,138,124,124,136,100,159,143,133,154,157,118,91,129,63,128,137,129,149,117,120,162,135,172,152,137,124,118,126,120,118,131,116,128,136,107,129,132,120,133,96,129,161,141,136,130,142,156,125,132,144,161,91,166,124,48,134,137,125,157,141,126,129,92,138,155,94,136,116,86,137,126,153,119,105,139,120,136,128,84,136,136,124,189,134,84,119,98,130,123,134,129,118,140,75,46,127,131,117,139,110,124,101,117,130,124,103,122,120,139,125,46,64,168,130,135,134,119,82,134,59,128,126,121,128,150,113,87,113,152,111,138,92,80,131,86,158,90,141,124,139,139,112,133,130,125,118,112,152,129,131,113,125,126,123,139,224,128,135,130,137,143,109,132,142,138,130,130,115,142,126,157,125,141,166,109,142,207,122,128,125,142,120,136,206,137,146,134,112,56,149,127,144,133,118,106,122,107,127
93,82,127,98,139,87,114,113,121,123,125,136,155,124,36,121,132,131,151,149,91,128,143,114,175,111,136,128,165,119,136,126,91,128,128,121,202,121,125,129,134,116,136,110,117,77,134,160,121,122,127,130,127,121,112,110,130,135,128,166,105,82,118,134,155,114,128,132,127,134,125,119,126,151,140,133,110,126,131,138,210,125,109,105,126,120,125,135,126,124,100,153,136,139,137,112,137,122,128,106,136,102,120,123,121,140,123,127,139,134,127,122,111,129,143,121,115,133,96,126,128,117,133,115,117,81,122,116,49,126,133,145,119,134,115,136,155,122,114,111,105,99,61,102,123,121,129,142,135,126,127,133,140,129,101,124,132,126,139,125,136,99,130,83,123,124,118,169,134,117,135,132,119,112,121,139,133,131,123,127,93,94,142,134,135,127,137,123,127,129,127,126,130,130,148,116,135,124,77,127,139,121,139,133,103,111,129,99,117,140,129,122,88,120,118,127,132,127,141,129,149,107,254,146,153,130,113,129,209,140,132,158,135,82,106,124,95,120,110,179,112,124,123,136,119,95,82,138,141,126,108,125,150,128,144,94,127
164,141,118,126,110,149,136,185,253,135,129,126,127,143,134,127,168,128,139,142,136,128,64,138,116,89,137,126,129,123,141,150,137,148,135,100,116,138,120,143,131,122,135,130,114,111,99,140,0,142,121,127,225,110,134,135,130,196,188,134,140,119,128,110,108,121,112,108,128,132,185,133,118,81,158,136,104,120,126,126,128,140,101,139,149,115,127,99,111,133,127,126,160,35,118,74,119,147,127,109,174,124,114,130,174,125,147,134,131,168,122,134,87,140,129,128,129,1,138,77,141,111,108,34,153,120,105,116,100,138,133,131,131,117,136,116,121,132,131,118,113,114,141,121,123,131,147,77,133,139,120,160,118,158,129,111,131,249,103,124,153,146,120,113,169,122,95,128,130,122,134,130,96,111,124,118,154,122,117,126,134,126,126,133,138,135,68,239,149,91,129,42,124,27,144,128,114,114,100,116,149,128,151,73,118,169,167,136,113,84,117,122,132,108,123,120,120,85,152,120,96,127,128,89,144,128,125,110,138,91,160,118,132,119,146,135,136,91,105,136,119,145,146,55,109,185,122,136,113,118,122,136,123,161,136,123,127
123,112,112,135,126,110,127,126,141,116,125,115,135,119,87,139,142,128,81,131,162,137,169,134,177,110,118,145,115,130,140,123,112,132,132,115,120,124,125,143,128,124,131,81,126,111,144,119,144,127,132,137,114,114,131,127,142,125,97,120,125,135,165,130,98,167,132,121,144,125,118,123,118,140,116,117,89,130,81,114,126,125,123,108,105,107,115,117,231,120,130,130,127,129,121,134,117,254,129,163,136,134,132,113,129,116,115,77,139,151,126,129,102,126,124,162,136,122,140,217,120,133,113,121,153,128,113,129,138,141,135,129,79,130,121,132,179,135,122,158,150,121,128,145,141,129,100,99,130,136,117,117,128,131,114,185,143,130,108,116,118,143,138,147,130,105,116,121,115,134,114,130,138,120,121,127,162,139,128,145,140,118,122,102,96,136,93,109,116,145,125,121,128,163,170,122,125,125,134,132,135,132,145,133,113,141,87,127,105,126,123,119,134,144,128,134,101,136,129,110,120,103,97,120,115,135,118,96,128,124,99,126,130,137,144,127,136,129,131,126,114,118,136,100,125,163,148,119,123,141,152,115,140,116,132,103,127
153,148,135,108,115,216,122,131,104,118,124,126,127,100,112,127,121,111,109,137,127,130,134,140,120,151,149,132,122,158,141,140,118,122,119,126,106,122,129,127,127,138,127,137,120,118,98,114,144,127,131,133,135,124,122,131,145,133,121,167,129,157,127,117,141,126,148,113,130,131,125,140,134,119,123,131,121,145,167,117,116,147,123,138,158,122,131,138,112,126,122,77,94,145,128,124,52,127,128,126,118,132,129,84,105,125,152,83,124,131,127,135,157,132,99,140,152,127,128,119,137,123,165,124,134,71,125,129,80,124,127,129,136,132,114,109,193,124,164,93,142,137,163,135,113,110,126,141,117,136,130,130,130,140,104,93,126,97,121,117,158,141,116,144,120,144,85,116,246,138,123,125,147,128,155,139,138,144,128,122,118,136,47,126,100,132,132,149,123,122,126,121,115,143,135,133,98,134,54,128,132,96,121,115,77,136,104,127,97,137,176,122,148,108,115,118,49,120,126,131,113,150,160,94,98,145,137,103,227,118,133,119,125,124,138,129,133,107,136,128,205,123,132,140,113,131,155,134,132,124,136,134,136,138,101,138,127
142,110,135,115,147,149,121,122,121,128,135,112,108,134,173,141,126,152,127,157,133,138,130,128,132,156,170,133,122,127,135,135,126,146,111,139,104,136,136,146,145,151,134,114,117,122,130,126,158,123,113,126,126,136,137,124,110,143,142,113,155,155,124,134,133,101,127,121,154,132,126,136,171,120,164,121,159,122,112,110,137,130,158,111,146,124,120,122,112,134,144,159,121,121,131,141,155,130,123,107,199,114,143,93,127,199,150,115,144,153,125,125,133,155,133,132,115,156,126,135,142,123,167,117,151,157,112,140,94,138,137,128,129,130,142,141,189,149,148,100,161,122,149,135,138,164,134,137,126,117,132,171,142,154,129,118,107,167,146,141,157,145,128,120,129,151,119,129,146,149,126,142,166,145,112,160,178,123,125,130,125,114,123,131,124,151,106,162,142,138,139,162,144,167,110,141,143,135,152,156,119,144,121,139,135,163,104,120,140,122,147,77,120,123,121,126,135,128,179,149,149,116,147,128,84,126,118,136,133,149,139,109,149,118,124,123,136,90,132,133,171,135,147,164,144,175,163,137,132,94,92,141,130,105,114,137,127
135,119,144,128,117,147,130,143,140,132,141,144,139,111,161,149,127,117,115,167,181,152,118,146,117,122,140,160,119,140,110,216,108,141,147,122,100,124,129,151,131,154,153,105,111,143,143,146,120,123,205,139,111,129,113,121,140,131,149,29,131,143,142,182,77,132,140,116,87,147,108,115,149,176,140,129,130,120,33,194,130,140,146,185,127,85,131,163,122,131,134,73,122,120,137,133,125,218,142,132,147,152,146,185,143,157,114,137,218,164,122,135,137,162,125,169,141,129,158,210,145,129,121,110,142,112,110,126,126,131,145,106,141,127,112,155,41,148,145,160,142,111,161,149,156,117,73,123,137,132,127,131,178,115,126,164,100,122,138,134,100,148,132,134,121,72,144,133,138,171,126,144,129,112,173,101,137,129,144,147,89,180,153,153,94,152,117,111,131,113,137,140,132,196,160,67,134,142,105,141,132,146,133,125,151,135,168,145,113,135,122,141,123,140,124,152,152,133,130,132,98,132,151,145,146,129,136,173,174,134,98,125,130,120,155,134,142,120,118,157,146,127,148,134,132,119,96,120,135,124,152,128,160,152,121,113,127
126,134,132,129,113,49,112,124,127,125,128,117,131,135,174,133,140,11,135,143,120,129,126,124,94,131,136,129,124,120,140,169,137,120,127,127,109,120,123,115,186,134,133,133,119,142,101,117,134,118,128,144,110,144,111,109,136,133,105,162,142,119,136,134,125,137,124,115,130,135,125,122,116,114,126,132,116,136,139,140,126,112,112,119,83,124,125,138,154,130,121,126,109,124,132,137,85,132,135,133,131,120,132,147,124,130,124,118,132,110,129,120,108,124,133,148,127,129,136,138,136,134,149,124,141,113,126,131,140,124,128,117,115,123,117,132,130,119,142,102,119,132,109,133,113,116,116,124,128,133,133,149,118,125,141,117,127,130,120,120,144,133,130,93,130,145,122,122,110,139,124,131,150,142,130,158,121,120,130,121,108,137,147,127,123,136,112,135,128,126,126,121,36,135,113,126,136,136,101,144,115,151,131,127,144,116,118,125,104,117,220,117,104,101,131,127,111,137,144,128,109,129,138,114,109,121,125,134,108,124,110,116,123,113,127,131,128,100,123,111,138,137,126,123,128,133,149,125,129,113,98,128,120,123,121,123,127
111,135,118,136,145,194,117,131,124,123,123,123,134,133,124,109,123,169,136,165,121,118,112,128,117,109,126,114,133,129,229,194,128,119,132,133,125,126,122,127,126,121,121,110,142,163,130,100,86,127,115,123,158,119,122,122,127,116,160,83,111,115,120,94,122,114,133,130,134,135,149,125,116,126,113,122,106,128,145,112,122,150,123,125,212,137,140,103,120,127,109,114,132,124,113,110,115,120,124,134,123,125,123,130,121,126,119,127,116,125,122,136,141,120,122,126,115,162,110,116,134,128,113,134,118,148,122,130,126,140,119,121,121,115,115,135,135,126,124,113,121,142,112,131,108,141,137,110,134,160,124,126,118,120,99,136,126,116,117,157,103,116,118,102,122,136,133,138,143,110,123,123,127,119,163,132,136,135,119,110,146,138,128,108,113,108,153,79,135,129,120,101,128,98,125,109,136,118,142,129,120,113,125,122,94,133,118,132,142,142,85,125,204,115,126,137,137,130,132,121,139,77,130,129,118,110,115,121,134,131,123,125,111,130,127,123,109,125,120,108,117,114,114,126,129,132,121,119,126,118,142,119,123,132,136,117,127
126,85,121,138,113,226,146,121,129,132,123,128,119,111,132,125,141,109,143,113,133,132,104,133,127,119,125,123,138,125,181,176,138,123,146,137,123,128,131,108,120,130,122,114,135,119,142,202,65,139,134,129,138,115,107,84,116,126,150,100,121,118,147,21,134,130,124,127,127,124,141,136,114,122,133,136,116,130,125,134,126,110,107,135,174,105,126,128,119,119,108,125,146,134,119,137,82,124,124,107,121,126,131,124,129,120,83,112,136,131,128,132,139,134,129,125,123,210,146,130,124,125,127,152,116,181,110,133,154,120,122,139,157,140,124,129,85,128,124,114,124,137,98,119,122,141,106,142,138,107,127,117,112,115,129,146,117,165,139,120,65,101,118,137,119,126,25,135,125,107,124,119,121,136,110,135,127,128,133,122,124,118,135,112,135,126,139,85,123,134,124,117,124,107,138,128,93,120,131,161,115,131,131,144,80,105,145,122,150,130,161,110,154,88,134,124,157,120,134,129,112,108,130,122,121,119,119,136,141,124,117,139,138,125,121,127,114,105,127,117,131,140,121,126,128,167,118,125,127,131,102,146,130,120,124,125,127
115,129,125,121,155,135,114,117,121,115,137,128,116,131,127,127,107,132,106,122,115,125,112,132,126,119,135,116,114,128,109,103,131,127,130,132,133,127,122,129,120,110,116,101,125,118,131,87,98,127,109,121,123,118,110,107,133,120,138,140,103,85,116,110,128,117,124,180,141,123,133,113,108,110,98,123,101,127,125,109,122,105,122,134,132,160,131,123,120,124,124,123,129,137,117,127,98,108,123,127,106,112,128,117,117,111,97,134,108,115,136,127,105,122,118,110,118,131,117,114,129,131,119,122,102,254,107,117,115,128,128,118,140,132,120,107,111,121,114,120,103,114,104,118,110,121,141,117,126,108,126,110,117,94,116,108,125,153,126,137,162,109,149,147,118,128,114,125,101,100,125,118,127,123,102,108,125,133,121,111,140,108,129,117,128,118,142,116,130,127,127,101,116,101,129,148,82,114,115,114,112,104,121,129,123,111,131,118,173,138,136,130,135,112,143,112,135,121,101,116,132,130,124,126,130,120,119,128,120,118,99,120,124,106,120,128,121,134,122,108,129,129,118,114,113,139,113,138,116,123,102,124,119,117,132,120,127
119,143,140,129,99,152,109,129,138,117,126,124,127,102,126,108,117,130,130,140,102,122,147,122,122,147,128,122,135,119,158,154,118,118,146,130,124,127,132,118,129,156,127,127,138,115,94,116,147,128,123,137,122,107,125,116,133,131,114,153,127,123,102,175,130,132,120,109,76,115,125,114,117,146,130,76,73,124,196,107,116,112,108,157,127,112,128,105,149,129,127,103,142,135,142,124,130,130,136,146,102,98,132,129,126,99,136,134,122,121,127,124,130,106,98,129,130,156,125,123,122,113,119,117,146,119,126,121,128,117,119,78,157,119,99,126,142,122,112,116,117,88,132,126,130,118,118,124,126,133,122,102,112,96,101,124,137,163,131,122,89,121,122,85,128,125,139,112,116,110,119,127,128,132,142,129,113,109,125,128,136,123,113,108,111,118,112,160,125,110,123,97,132,125,147,120,118,128,124,122,141,109,131,133,132,87,152,113,94,143,129,140,111,108,133,122,121,142,74,128,140,95,147,160,139,110,148,125,136,136,115,123,111,110,128,130,111,111,120,94,133,135,119,134,111,151,142,119,123,110,150,80,123,123,104,121,127
237,116,128,143,102,107,100,113,138,136,111,116,137,156,97,123,77,128,138,153,128,124,122,108,115,141,129,119,100,145,103,89,165,109,165,130,164,100,129,76,132,83,113,77,122,135,109,137,127,254,165,125,113,118,127,128,164,97,127,206,127,146,103,92,194,126,127,81,120,144,113,249,125,110,135,125,171,156,188,155,170,95,154,126,127,163,131,121,139,146,167,102,0,217,81,57,121,134,134,138,103,115,125,118,191,122,146,112,155,67,123,112,71,143,87,135,109,126,108,75,122,137,117,118,70,153,128,129,78,147,152,120,128,127,151,80,112,137,75,143,127,148,147,121,123,138,99,61,117,134,134,102,168,109,130,138,125,147,161,142,131,145,89,118,50,254,139,122,125,136,134,131,192,125,107,127,138,120,134,122,214,79,159,120,198,105,177,121,120,149,147,154,136,176,65,103,133,109,128,119,179,123,27,127,125,63,132,79,72,183,130,127,110,130,132,124,137,162,141,208,189,102,91,122,145,125,143,49,109,112,132,172,126,145,126,127,125,178,0,182,157,117,114,28,105,60,174,129,148,13,122,124,113,156,158,122,127
126,150,130,147,115,105,149,137,131,128,126,94,96,152,89,129,128,130,139,132,131,102,117,141,142,126,137,113,140,117,119,132,132,93,95,101,122,128,125,125,126,114,108,133,144,97,92,121,133,123,130,122,127,119,126,104,176,115,109,128,103,115,112,130,116,108,130,175,108,140,123,136,112,130,106,111,143,150,132,71,126,121,143,109,116,130,121,141,109,130,138,94,117,199,121,137,136,106,128,86,91,149,117,115,119,88,149,78,98,145,119,125,92,111,122,111,87,126,98,137,117,127,108,98,126,137,141,140,69,148,126,126,110,138,114,177,129,133,138,154,115,93,108,103,119,135,127,110,119,137,130,109,116,106,86,137,125,133,118,123,70,127,109,120,97,98,147,136,115,106,126,129,99,110,144,106,126,116,142,119,162,111,137,129,168,112,139,107,121,150,125,110,124,122,127,130,114,128,138,100,111,128,161,114,100,108,87,145,148,134,128,120,110,138,174,134,84,84,151,103,112,106,152,129,90,126,104,125,155,116,126,131,109,109,110,130,139,141,112,141,130,127,107,129,116,108,94,125,125,154,118,104,131,166,106,194,127
107,159,90,159,163,178,170,163,147,146,150,151,138,147,185,146,168,131,168,122,198,142,188,112,127,148,105,137,99,126,158,108,202,167,169,135,81,142,177,122,135,122,139,176,163,185,199,197,152,152,72,135,162,157,157,219,141,132,133,159,129,188,178,131,160,157,141,142,76,118,136,119,166,149,180,160,163,96,207,98,129,180,136,81,142,158,146,124,217,164,138,136,204,174,147,175,141,151,150,128,163,206,143,164,147,137,156,204,170,155,217,159,135,186,141,150,153,149,151,121,138,170,138,145,122,158,153,150,205,110,154,148,133,161,192,118,167,165,85,85,160,254,203,124,189,145,158,232,133,206,121,160,137,140,136,158,183,152,139,143,123,254,189,148,181,127,182,153,141,174,146,118,113,152,151,238,125,169,143,129,136,49,126,181,151,140,124,146,164,147,152,149,133,169,141,161,132,109,108,155,155,134,119,154,134,165,164,138,232,157,130,143,149,142,123,180,157,176,185,138,154,133,120,160,190,140,96,145,112,174,163,149,146,195,153,137,158,180,118,121,135,152,143,185,141,124,102,164,182,160,154,149,110,166,139,173,127
125,127,133,140,121,122,117,205,209,129,196,125,120,145,124,131,151,129,119,125,129,119,104,138,144,195,149,143,124,128,122,125,126,154,154,128,117,104,127,147,125,132,156,86,72,132,108,137,180,130,143,125,228,131,124,134,127,205,115,104,126,118,126,165,123,121,146,142,99,130,144,122,140,113,148,128,105,120,109,101,127,108,101,122,122,91,100,110,105,95,124,110,140,71,133,124,128,127,164,112,97,131,137,136,147,143,142,120,124,173,104,131,111,140,115,115,135,155,136,101,125,110,115,90,128,147,88,122,117,129,112,137,135,126,142,129,134,146,138,139,112,122,126,142,108,198,151,121,125,140,140,98,128,178,122,109,108,19,96,129,125,132,152,102,126,126,137,133,123,122,106,163,107,129,132,97,121,127,131,127,127,120,123,124,159,110,69,78,138,141,138,136,125,168,121,135,136,109,117,127,163,133,133,125,133,148,169,129,103,119,122,120,138,118,133,120,123,122,135,117,97,137,134,140,134,133,121,130,128,92,144,120,117,121,137,148,122,111,118,137,126,51,136,127,145,133,134,123,132,132,132,128,120,193,139,108,127
135,152,152,114,79,95,140,120,126,105,125,111,124,110,199,125,151,122,125,146,121,129,145,126,107,144,135,116,153,133,128,110,120,138,114,131,140,127,122,127,125,169,119,103,122,139,93,138,120,122,132,123,129,125,132,73,138,123,133,159,130,133,147,130,111,76,133,116,114,126,131,100,122,168,94,128,93,109,97,141,114,114,103,130,120,117,121,150,110,125,142,106,140,95,128,118,132,124,131,126,116,145,123,130,132,116,110,144,81,107,112,129,117,133,90,131,131,124,127,139,136,126,116,145,136,99,78,128,131,127,125,144,80,124,157,128,114,126,151,123,130,121,137,135,128,133,114,113,121,146,128,146,124,103,137,135,123,120,128,126,133,98,186,87,127,167,129,103,91,124,129,139,145,103,114,116,129,188,130,142,122,139,163,114,108,142,105,111,121,132,134,125,134,137,116,110,117,121,88,115,133,147,133,131,146,103,155,129,101,141,129,143,130,105,130,132,66,134,119,135,112,128,99,92,121,121,145,101,64,127,125,123,130,98,131,122,117,115,134,77,122,122,123,138,105,110,150,129,128,114,133,113,117,132,71,119,127
114,124,117,123,150,134,122,126,127,123,46,125,100,125,149,122,129,126,134,98,171,134,119,156,142,152,122,78,143,123,122,173,134,100,122,133,119,127,171,204,130,118,131,104,129,133,137,121,127,121,127,123,98,77,128,148,118,127,106,87,139,129,128,129,125,124,141,142,106,127,96,127,101,114,131,125,101,130,111,134,123,157,119,163,144,102,142,115,139,126,117,109,117,106,128,101,136,114,147,133,139,139,143,131,121,159,147,120,134,114,129,191,125,104,139,121,134,124,111,126,122,125,124,113,121,120,137,140,141,122,119,114,112,141,116,136,135,116,118,111,132,124,121,130,141,121,124,132,134,112,132,125,137,104,121,105,139,118,115,135,114,128,117,100,124,109,124,121,120,70,202,79,127,115,141,100,98,147,111,129,142,158,120,137,112,115,194,116,107,92,166,110,126,90,108,113,125,112,144,117,103,135,122,122,127,156,151,148,99,132,126,125,177,125,221,124,141,172,152,140,120,117,116,116,133,132,125,137,136,145,128,119,107,122,139,90,143,109,126,138,104,136,84,115,125,141,133,111,133,111,116,119,135,138,122,119,127
171,135,116,133,122,116,124,127,136,131,131,125,130,154,138,127,116,116,147,86,147,143,138,127,137,139,131,129,151,142,135,134,136,149,111,126,135,132,131,144,132,132,112,131,113,125,122,146,132,118,171,125,111,151,144,157,127,130,193,115,101,143,113,119,109,106,128,56,138,122,121,129,142,103,137,114,107,142,130,113,119,92,139,223,117,134,114,115,97,132,115,164,161,118,134,136,119,117,118,123,127,161,116,119,137,132,110,192,131,132,113,108,112,118,114,140,159,122,143,159,120,124,105,133,102,107,114,125,216,114,115,107,123,140,108,141,70,115,115,140,167,127,101,114,120,159,154,134,121,99,137,136,121,115,176,158,132,142,125,125,84,140,92,127,119,111,126,124,96,124,131,128,89,129,187,139,141,101,141,127,125,122,123,123,153,117,108,111,119,140,124,142,119,174,120,108,152,124,79,112,109,111,163,152,131,112,114,120,118,108,126,110,95,108,106,112,229,100,137,129,169,81,91,131,186,123,109,139,120,111,119,151,110,133,141,127,140,141,137,121,124,126,127,103,113,96,127,110,137,108,137,132,129,126,127,170,127
122,112,121,128,73,152,117,130,117,124,125,131,126,149,157,125,137,144,143,108,150,132,122,124,120,127,129,131,127,129,118,139,143,126,125,123,127,126,127,104,120,124,133,113,120,119,144,160,107,139,116,109,131,117,94,122,124,121,112,128,130,122,130,129,95,129,117,103,146,128,124,132,121,164,116,130,202,127,129,114,121,133,126,104,94,146,123,91,128,120,130,136,126,136,150,136,93,147,137,116,119,129,127,135,133,137,115,139,139,101,123,120,131,135,121,164,126,149,109,121,129,130,154,130,130,104,112,124,146,127,121,122,141,128,120,116,132,124,132,134,118,143,103,128,141,140,128,114,147,222,122,144,130,134,59,128,132,121,185,126,128,138,133,122,129,125,128,111,142,139,131,131,117,129,152,137,116,122,129,159,103,122,118,122,133,131,117,144,118,129,133,140,124,137,116,111,120,126,138,126,136,118,127,122,154,139,96,134,125,130,124,141,114,195,129,121,40,116,125,116,137,138,121,122,127,146,113,122,130,132,114,139,116,145,125,127,135,164,125,127,128,127,131,114,107,158,141,123,130,148,191,132,122,138,122,146,127
116,138,118,139,134,147,130,117,145,117,123,135,170,129,116,128,129,123,128,118,71,128,127,116,127,132,221,109,113,143,114,118,76,105,125,149,110,127,122,119,127,122,130,83,138,133,161,130,110,120,150,127,126,133,100,185,153,117,94,85,119,160,107,128,148,140,127,112,139,0,147,139,106,119,128,132,137,133,119,137,159,129,91,150,137,38,138,136,117,124,120,158,102,165,133,146,132,145,131,142,147,169,137,102,146,122,133,130,138,123,118,139,119,145,103,121,111,115,125,116,70,137,114,117,127,123,122,127,106,151,130,117,120,142,113,116,98,116,135,140,171,142,124,74,143,122,110,135,120,131,122,106,151,156,144,131,110,109,105,123,139,126,76,150,54,134,135,112,134,110,131,128,130,115,130,133,155,177,128,130,103,96,102,194,134,118,149,127,44,150,116,157,124,170,134,106,122,116,136,87,134,141,139,137,128,129,98,131,138,122,124,125,134,137,104,107,140,152,141,133,150,116,102,117,104,133,183,103,145,125,135,125,126,85,104,131,112,119,131,78,132,140,130,126,134,132,127,132,143,115,144,123,69,135,116,141,127
159,120,139,78,96,116,133,141,133,160,127,107,98,117,168,124,130,114,55,109,152,130,129,122,122,137,106,128,166,98,119,69,17,120,150,121,162,130,126,126,128,181,129,172,140,82,71,133,138,131,138,123,154,131,124,108,76,115,112,57,134,89,151,108,141,76,133,117,116,135,126,173,159,139,129,120,46,112,121,127,90,130,127,112,134,120,128,134,134,115,146,0,87,111,117,100,129,142,135,82,116,77,122,73,61,112,121,0,112,136,138,122,169,122,118,119,183,133,129,133,113,123,111,161,130,131,136,116,42,122,134,123,117,143,130,102,120,119,133,47,106,115,133,148,148,145,134,96,126,133,127,128,105,113,108,164,127,134,124,145,136,143,168,112,120,198,133,135,137,133,121,130,126,143,133,95,139,211,131,128,129,176,174,136,151,133,127,132,135,93,128,123,128,56,104,133,129,140,22,105,144,137,57,61,118,127,172,79,151,132,125,140,133,102,116,147,121,127,116,126,139,111,100,116,66,106,72,94,110,139,137,87,143,179,99,129,110,76,163,172,147,121,125,129,123,149,138,112,132,118,133,125,141,137,153,66,127
119,143,131,168,137,152,139,130,118,127,124,121,139,143,110,150,80,127,143,107,138,132,130,136,108,125,135,144,132,129,153,128,113,135,127,130,123,112,137,131,134,182,118,157,126,98,116,119,134,109,230,130,98,125,112,105,198,124,127,127,105,153,157,128,103,123,130,105,127,125,113,117,151,114,133,128,94,128,174,124,105,88,154,206,127,114,130,150,104,145,130,108,130,129,132,147,121,112,130,127,136,121,140,119,159,139,116,96,159,146,112,112,115,153,132,109,99,122,113,122,148,128,92,106,105,123,129,149,163,163,134,118,138,131,124,137,92,152,139,132,254,110,87,116,128,162,97,126,123,103,134,127,137,131,88,128,119,124,124,116,119,178,153,122,86,107,107,123,115,142,134,143,107,130,145,122,148,160,124,122,166,152,126,138,99,119,142,134,127,146,130,124,131,180,130,111,113,131,126,129,129,119,156,135,138,101,162,129,202,88,124,101,96,127,146,115,171,134,155,122,106,103,126,114,121,119,147,139,99,123,122,113,120,128,138,114,126,80,141,145,154,131,145,139,139,127,118,110,152,153,86,118,137,153,125,93,127
114,141,122,119,124,114,120,152,126,129,204,123,121,113,155,178,99,129,80,131,129,140,99,176,127,254,125,89,124,120,147,172,117,119,114,174,150,150,132,219,126,127,125,145,104,115,66,125,116,117,157,123,198,156,98,188,88,96,103,39,203,118,89,136,77,103,137,105,137,137,125,123,11,125,80,122,99,132,141,142,132,133,177,145,136,86,44,129,99,208,136,98,114,79,152,106,136,136,225,124,170,133,155,118,120,155,124,115,117,184,254,159,126,85,118,121,133,123,124,117,117,161,103,75,82,133,128,208,116,146,137,125,115,128,100,111,143,188,153,131,171,159,118,87,117,93,107,232,122,117,99,125,97,124,131,145,254,121,149,128,142,95,148,132,94,114,138,121,134,155,193,179,80,134,118,36,49,120,133,130,154,121,119,123,76,76,208,111,165,126,126,101,123,143,128,152,134,118,114,121,115,113,89,119,113,143,114,113,72,129,130,124,117,125,251,127,119,116,134,155,94,126,134,135,124,123,146,97,134,133,112,126,195,100,125,192,94,115,130,129,115,109,189,93,165,153,177,184,110,75,121,139,117,45,118,112,127
106,120,121,118,108,239,121,125,98,123,124,109,139,140,117,121,134,105,130,83,135,132,142,113,151,137,129,130,109,131,155,92,136,149,121,126,120,124,126,122,133,100,119,94,129,104,115,121,79,117,137,114,104,147,113,124,127,127,105,129,132,115,134,187,106,112,112,127,144,120,120,115,147,122,153,132,185,122,153,93,113,108,129,146,106,117,119,113,132,130,117,95,129,109,156,122,108,139,117,116,143,116,122,123,131,132,79,90,142,118,116,120,166,118,150,182,91,176,112,133,138,111,133,110,124,180,143,136,70,123,144,113,173,124,110,123,122,133,143,138,174,136,138,112,120,124,124,142,135,204,127,126,133,141,82,137,109,189,131,129,74,155,130,149,133,106,54,128,135,127,124,119,123,158,140,153,148,111,127,121,189,152,126,114,146,125,103,92,124,144,131,140,115,103,126,113,150,144,195,155,136,133,133,123,117,126,98,126,95,134,155,122,103,129,126,127,67,117,143,156,150,165,151,119,133,133,126,125,97,122,151,115,134,120,116,118,140,131,115,125,159,150,119,100,129,90,149,142,121,127,146,123,105,127,118,144,127
131,175,136,108,73,50,0,115,138,124,127,114,131,136,79,126,150,120,199,155,174,126,142,140,130,138,114,120,115,107,127,126,142,139,95,133,103,134,129,118,128,92,134,139,125,110,130,235,167,139,137,139,137,122,40,87,137,143,130,132,148,78,82,126,160,144,122,124,106,167,129,103,132,248,142,130,160,93,142,145,90,156,137,109,124,81,123,171,147,129,90,123,158,155,151,102,124,117,139,122,126,160,134,170,92,110,118,105,120,149,122,134,167,133,120,117,102,152,62,135,126,114,113,134,171,152,87,125,171,152,115,137,161,114,67,137,127,132,102,99,131,151,74,135,119,147,105,112,108,167,130,112,157,79,94,110,89,148,151,130,115,113,109,78,111,150,133,201,144,130,129,150,186,189,154,124,146,136,133,136,122,126,130,125,155,129,154,141,125,157,129,136,123,127,150,128,108,146,79,145,164,97,162,104,89,142,93,119,128,122,151,133,163,180,145,127,113,134,116,138,120,160,172,199,120,113,134,130,116,133,120,106,119,177,142,122,152,102,125,79,119,152,136,123,110,122,117,131,136,122,106,119,129,138,101,118,127
152,121,157,134,146,134,142,103,124,192,124,120,125,108,139,112,136,82,104,155,112,126,130,127,145,120,120,130,120,116,110,158,106,127,121,118,210,124,132,128,136,156,122,58,122,133,62,201,142,130,120,104,131,121,117,77,127,119,133,112,133,51,109,165,120,83,134,141,153,144,129,157,117,132,124,125,155,128,147,113,135,136,89,142,96,112,125,71,169,123,142,115,102,119,119,130,100,144,128,137,118,104,131,72,126,115,147,165,94,97,134,131,139,117,78,142,177,122,140,153,131,112,117,97,144,167,135,116,82,137,130,132,61,125,134,117,136,122,140,201,144,132,108,106,124,110,113,98,116,83,132,119,102,148,125,129,129,139,173,118,127,143,134,100,104,177,129,136,105,126,125,129,133,131,105,124,138,146,120,119,108,171,125,107,136,136,127,140,122,113,130,136,136,93,117,109,148,143,147,140,124,155,127,118,132,107,121,126,127,142,93,97,140,109,110,112,109,124,116,129,112,154,164,149,68,118,113,117,127,136,115,100,129,91,158,125,109,54,149,132,90,132,128,129,123,193,184,136,122,155,76,125,175,120,163,132,127
137,142,113,128,134,124,122,139,122,142,138,128,144,152,144,125,104,127,128,132,122,125,130,113,100,131,147,127,147,128,136,162,84,165,119,129,128,113,126,135,130,114,135,159,125,157,201,110,133,149,117,125,138,136,80,122,139,153,117,116,131,162,212,144,173,107,115,132,133,69,127,111,125,135,174,132,111,107,118,124,155,154,123,99,120,96,124,119,74,131,127,130,164,130,136,113,116,147,134,111,137,169,145,141,133,141,138,158,171,119,95,133,148,148,48,157,125,126,127,136,97,135,149,138,152,139,134,130,98,125,135,134,122,134,93,101,103,115,111,153,74,137,126,100,146,156,153,119,134,152,112,136,175,155,106,117,125,124,139,121,158,92,86,115,115,123,125,96,131,144,125,142,122,143,130,153,164,196,129,128,132,139,129,214,150,120,145,128,119,138,137,148,126,100,147,136,130,125,141,86,164,137,135,127,122,162,123,110,194,101,124,149,96,130,115,162,123,147,119,120,126,126,170,114,140,136,174,113,141,165,90,124,150,190,148,114,143,110,138,89,102,139,140,143,101,117,102,149,118,133,159,124,113,125,109,145,127
116,124,127,128,139,168,126,122,133,115,127,127,110,143,89,112,154,152,135,73,115,120,123,117,117,127,134,109,119,121,101,140,116,110,133,127,131,127,123,129,128,110,117,96,128,115,121,127,158,116,88,117,139,135,129,118,141,125,114,192,119,102,128,82,141,109,121,66,155,119,129,130,126,118,130,130,156,134,153,112,123,97,110,145,197,127,125,95,106,120,127,113,106,119,143,117,97,98,123,126,126,118,125,117,115,122,156,141,94,124,132,129,105,120,129,117,136,80,103,101,132,118,111,121,108,48,114,126,100,125,122,118,142,132,122,114,111,121,106,115,106,112,118,109,113,121,126,129,117,135,124,114,120,96,121,132,132,84,113,132,92,109,144,174,110,133,78,124,126,118,123,122,126,120,117,154,105,118,123,111,129,124,131,117,152,119,122,179,131,117,125,106,121,93,128,135,214,140,111,128,111,139,116,115,125,113,105,116,130,135,116,131,106,121,105,124,125,106,121,133,116,90,120,142,130,126,112,122,117,134,113,115,116,126,120,125,122,133,126,117,134,123,123,79,114,185,132,132,126,129,117,110,124,123,110,121,127
157,118,154,143,134,138,130,110,132,126,108,131,107,117,132,133,127,124,152,99,136,130,132,158,162,152,116,144,141,140,151,119,139,129,120,94,131,127,129,132,127,121,104,92,141,164,98,139,169,136,151,133,120,131,115,129,148,186,149,117,123,141,176,125,134,121,139,152,127,117,102,121,119,123,112,134,166,137,100,101,129,148,137,106,127,130,115,131,159,134,130,140,122,136,121,96,127,136,123,131,140,150,141,135,148,214,139,158,118,142,92,126,155,152,114,112,143,135,138,121,129,121,148,105,150,132,125,138,135,119,128,137,114,78,109,150,136,109,131,113,126,70,127,129,140,180,126,107,122,153,133,139,125,103,130,141,152,153,148,134,137,55,128,120,135,97,130,126,153,110,139,145,138,119,137,72,168,116,118,133,117,116,113,134,143,113,140,127,105,174,113,111,125,122,117,110,120,162,139,116,126,138,181,118,138,139,142,117,89,128,125,141,148,135,161,141,146,88,150,115,89,116,146,148,140,130,137,109,134,119,134,134,130,125,142,136,157,142,128,142,130,154,136,130,115,135,142,104,126,152,152,145,123,104,135,144,127
136,137,119,122,118,108,121,135,137,127,128,119,109,123,122,126,147,138,125,120,138,119,126,133,127,145,120,114,136,139,145,113,143,146,160,136,120,127,125,134,125,141,115,108,122,126,103,214,137,122,155,122,145,134,114,98,144,122,124,119,135,114,130,140,116,123,118,113,96,131,141,121,134,96,115,123,119,122,84,124,151,147,131,107,134,87,127,141,79,121,130,138,140,111,132,144,137,130,123,116,125,133,120,128,130,98,126,107,122,115,122,136,138,127,128,159,144,132,153,136,126,130,126,132,124,111,140,140,123,166,124,170,166,124,145,122,140,122,121,122,128,137,113,135,141,136,130,174,123,143,128,130,129,129,112,114,113,127,115,124,132,118,192,60,132,122,139,130,111,115,130,123,118,116,124,80,132,152,130,122,146,101,145,137,118,134,110,141,137,123,130,123,127,119,124,115,140,116,117,119,139,127,140,123,122,106,127,137,95,162,132,130,144,145,146,122,119,142,123,124,105,133,126,254,126,130,142,116,126,131,128,119,133,160,127,140,121,121,134,136,131,140,118,115,125,98,141,131,146,124,130,122,121,118,123,115,127
136,97,113,121,109,124,124,134,121,130,130,124,136,119,101,126,109,123,119,148,122,123,126,136,101,137,117,128,121,126,125,113,128,129,143,122,118,130,129,106,122,128,137,138,131,97,102,157,124,133,132,130,138,126,145,126,134,121,108,73,136,99,122,127,105,124,118,110,105,116,130,147,119,110,126,130,118,139,124,157,118,123,113,140,141,110,128,100,184,123,141,116,131,111,121,136,136,137,133,131,140,84,132,122,140,141,117,139,159,123,134,129,115,134,130,154,144,143,86,163,132,124,123,126,158,118,85,113,161,104,123,156,105,120,128,132,171,121,121,173,113,108,90,128,136,115,123,144,134,125,126,130,138,130,126,85,132,122,135,119,112,105,102,87,127,119,104,131,129,130,130,139,136,142,118,119,129,143,131,136,117,136,130,124,117,125,101,137,132,122,126,126,126,146,123,121,124,125,88,128,123,149,110,130,129,116,114,126,118,140,132,112,147,161,149,132,107,136,133,132,114,117,112,189,109,119,138,154,210,122,106,129,131,109,138,126,125,119,132,99,108,122,129,123,139,104,127,129,133,136,121,131,128,156,110,123,127
136,103,134,132,110,113,101,126,133,191,121,125,120,136,140,124,124,132,107,158,112,125,105,118,153,125,129,126,121,114,115,127,110,125,136,130,207,120,134,115,131,142,122,77,131,131,60,139,118,118,112,126,119,135,121,84,127,117,114,121,131,80,124,127,117,74,124,166,130,134,127,151,125,146,119,117,132,128,144,93,134,131,101,103,69,112,124,127,142,122,172,146,102,93,126,133,78,152,118,152,128,94,123,59,128,128,138,136,115,126,135,125,139,123,83,122,160,124,120,153,104,127,115,106,139,146,155,115,131,122,118,122,126,123,140,97,105,123,138,203,123,117,188,136,121,141,107,102,143,117,134,151,115,129,134,121,131,124,139,125,146,147,142,174,121,160,101,125,70,128,123,121,144,129,116,111,133,136,128,115,113,187,144,117,118,134,124,122,120,114,127,132,126,113,99,112,145,133,162,136,117,185,125,118,107,99,72,126,95,134,117,117,137,179,118,118,87,127,123,129,114,144,139,122,74,123,126,163,107,121,124,119,125,110,154,121,115,93,142,117,109,129,127,129,124,155,151,127,124,145,86,136,156,126,143,154,127
129,127,117,122,120,141,127,156,119,126,126,119,158,129,228,119,120,125,120,128,113,126,135,126,171,150,126,129,165,129,116,116,80,150,101,131,158,118,125,125,134,207,121,163,122,149,82,160,127,126,155,123,117,140,173,104,156,133,134,180,125,154,243,126,119,117,133,118,109,63,126,124,122,86,137,121,118,127,85,141,141,127,88,114,134,145,128,125,106,116,127,122,168,112,118,136,121,124,136,123,129,141,140,156,149,111,132,117,93,106,123,122,100,131,151,143,155,135,107,130,133,153,125,142,133,89,112,143,90,92,125,103,107,140,164,122,111,121,156,139,128,127,144,140,141,136,123,128,156,126,127,132,119,138,145,152,127,134,130,115,137,120,178,92,113,117,130,193,119,140,120,135,145,128,126,111,147,173,128,125,100,81,138,113,119,139,127,146,94,144,129,127,124,119,125,94,113,109,103,103,132,112,132,150,109,106,136,127,105,138,126,129,102,109,129,130,108,147,143,120,120,114,112,128,118,121,152,118,132,133,127,128,139,122,116,123,118,125,122,179,129,129,130,116,116,99,136,131,131,137,131,122,181,141,81,128,127
94,136,153,97,141,128,136,161,128,126,120,128,155,111,144,52,120,126,115,149,136,81,123,237,130,123,132,99,126,125,114,139,131,53,155,125,137,114,142,123,124,94,157,129,134,135,165,123,133,121,153,125,178,105,127,141,154,111,87,75,150,121,151,122,71,137,130,108,127,131,137,106,41,117,122,121,65,103,117,124,132,125,136,128,127,142,146,118,122,117,120,111,123,89,128,142,127,120,135,127,80,138,86,135,66,168,150,115,140,109,74,144,139,145,125,154,122,119,128,122,116,151,88,96,151,135,124,128,109,117,131,129,134,126,126,116,152,137,98,123,122,128,127,131,127,151,162,84,128,139,140,139,176,115,83,125,137,150,123,128,136,146,120,136,116,117,119,131,139,115,143,146,78,127,124,146,80,126,136,128,132,121,113,115,137,105,145,109,109,174,105,129,127,110,141,99,124,130,144,120,112,132,77,142,135,200,98,162,140,131,124,126,128,133,182,138,145,88,128,112,132,125,130,132,136,132,117,128,118,102,119,125,110,132,134,98,21,130,120,125,114,102,124,116,154,155,113,157,161,60,121,138,131,98,133,95,127
135,131,130,131,139,124,140,129,132,129,135,122,128,144,117,121,123,132,101,132,125,153,148,127,114,73,93,155,138,132,128,123,150,104,113,157,126,124,125,118,128,170,133,136,127,101,148,121,130,128,126,127,127,148,135,103,132,114,148,153,143,116,96,133,139,125,126,132,138,120,107,132,89,124,105,123,140,124,186,75,149,110,133,127,138,157,1,117,121,150,147,147,123,130,106,139,125,140,166,128,158,119,148,125,129,193,118,127,131,173,143,99,141,114,117,117,113,130,127,110,143,126,135,120,118,115,121,237,107,136,117,117,132,136,137,120,142,191,152,144,112,113,134,103,137,114,118,98,130,113,1,127,126,140,127,138,195,127,144,123,129,120,114,134,134,134,122,138,122,98,118,154,145,104,122,159,132,141,112,130,102,119,129,118,108,110,128,128,254,177,121,117,123,203,121,115,128,126,131,128,115,119,149,116,131,148,104,125,117,133,128,120,137,131,91,118,117,117,137,111,120,119,128,123,120,125,113,99,121,125,119,138,144,126,123,133,154,119,123,161,131,110,159,128,122,118,130,136,79,139,136,125,100,95,127,164,127
124,139,127,129,108,86,128,131,127,126,127,121,109,137,249,130,118,117,125,140,119,126,124,132,120,136,138,129,115,126,138,109,152,132,102,144,124,128,122,112,125,127,131,137,122,116,107,126,124,135,126,132,133,138,115,141,116,124,114,167,135,124,105,127,133,130,124,121,105,125,131,113,102,166,127,107,122,115,86,151,124,128,119,81,149,94,137,126,149,121,127,121,128,123,124,124,104,118,128,141,131,127,129,139,120,135,127,141,129,119,128,131,115,133,128,121,121,133,139,103,119,127,129,130,137,98,118,121,136,134,120,129,118,113,107,145,120,121,132,122,134,130,98,137,133,136,140,146,113,128,137,136,119,143,140,121,123,117,118,125,110,128,148,99,120,137,118,125,127,128,123,127,138,120,106,122,122,103,126,136,114,102,133,145,123,125,122,133,129,112,129,123,127,112,123,133,132,123,85,127,127,105,148,126,119,117,160,123,135,115,123,115,113,116,117,121,128,127,136,124,126,99,134,128,120,127,126,126,98,117,134,130,121,136,112,131,140,115,124,120,133,126,132,146,135,81,128,132,118,124,100,124,109,126,128,124,127
130,128,133,100,127,125,118,127,124,136,134,123,117,128,100,129,118,138,116,145,126,131,122,126,167,132,136,133,110,135,122,129,119,135,145,129,196,124,129,134,131,116,132,126,127,128,137,158,120,130,129,126,130,118,141,118,115,127,130,119,118,111,146,157,129,110,127,127,140,127,137,122,113,91,110,124,136,120,89,139,203,124,134,128,118,121,127,110,136,115,116,174,135,135,126,114,132,117,130,236,126,107,129,136,144,115,90,142,136,120,129,129,124,134,104,116,130,130,194,159,117,133,131,122,120,78,117,119,113,111,132,177,103,130,140,138,134,126,93,128,109,82,66,140,114,135,143,148,141,96,126,140,119,143,106,109,129,124,120,125,138,84,87,113,117,127,91,110,123,141,131,127,122,117,120,144,106,130,127,126,105,121,145,131,140,132,141,122,120,140,128,140,128,118,124,128,121,109,126,148,126,137,133,133,131,130,163,122,114,138,134,119,88,110,123,110,132,144,161,128,120,126,71,140,152,122,119,122,199,126,149,132,131,124,117,129,119,107,137,141,124,136,126,135,145,133,120,129,139,126,104,122,119,110,137,125,127
92,124,116,127,132,134,114,116,128,121,126,121,98,113,120,129,135,128,138,138,130,118,126,127,112,141,129,104,104,95,109,145,90,120,130,127,111,130,132,151,128,104,125,145,137,121,72,125,130,96,103,122,126,130,129,168,126,118,154,122,122,127,140,117,74,93,127,103,114,120,128,92,92,132,143,126,94,98,107,174,123,115,128,112,153,223,119,111,87,116,115,95,72,80,141,74,123,121,131,135,92,135,125,99,140,107,106,152,159,93,46,123,45,124,107,138,118,137,118,114,120,130,135,115,108,88,120,121,122,155,128,125,116,123,112,116,78,116,79,115,91,66,132,102,160,121,99,110,118,118,134,125,134,129,148,151,115,133,104,128,152,19,92,127,120,45,119,107,133,116,118,125,104,104,117,101,143,132,142,124,116,128,104,174,93,108,120,143,123,60,127,111,127,16,104,123,102,130,84,93,125,170,137,139,109,154,89,105,52,122,117,139,107,149,133,121,146,134,159,142,96,118,112,125,127,113,89,63,107,128,112,80,111,171,80,129,118,139,123,155,120,144,135,103,128,149,102,119,143,99,143,127,138,107,131,81,127
132,113,125,127,134,72,138,126,122,131,125,123,130,137,106,123,135,134,101,118,142,124,119,117,128,123,131,127,132,128,113,86,134,113,136,126,113,127,125,130,134,116,138,145,129,135,118,140,122,132,139,148,133,146,89,137,118,115,142,115,118,128,151,147,110,136,127,140,144,127,132,133,138,101,105,121,180,113,107,141,118,108,131,149,112,106,132,98,77,126,144,130,129,133,124,138,99,130,127,102,130,149,123,140,133,135,130,105,127,134,129,126,146,121,117,107,126,115,135,136,131,128,136,134,118,116,133,124,140,123,129,133,97,130,140,116,193,129,139,135,122,151,115,130,161,119,123,140,175,119,126,130,124,120,114,120,129,128,97,124,119,116,134,156,123,123,121,133,175,127,125,119,111,124,134,117,130,146,123,114,128,124,116,112,143,120,136,128,130,123,121,133,116,139,118,122,141,121,154,119,125,114,108,128,158,126,139,129,130,130,125,133,174,142,115,115,134,127,132,125,146,153,116,128,120,120,116,117,115,131,122,142,118,116,130,125,116,148,134,147,115,126,128,111,127,125,121,126,133,137,148,127,113,134,117,136,127
122,99,127,120,136,97,134,127,118,123,125,125,115,137,145,124,140,117,128,114,131,130,129,130,113,115,117,119,122,125,132,125,131,132,141,119,117,120,129,119,122,134,132,130,125,128,98,163,116,130,137,204,132,129,111,151,124,125,130,118,125,104,134,125,119,108,126,100,137,128,119,119,133,121,119,79,191,130,104,122,121,126,124,95,108,139,128,166,115,129,121,113,123,122,126,127,94,99,127,86,123,119,122,107,127,123,124,121,138,126,126,121,171,131,129,101,138,133,137,118,130,136,120,130,124,126,143,129,125,129,133,130,88,127,132,118,134,133,154,118,169,152,121,128,119,123,120,108,163,99,128,118,129,129,140,78,132,124,139,191,128,130,133,100,128,137,119,126,129,126,131,125,126,128,103,133,133,135,133,24,130,119,121,144,122,125,122,126,129,137,128,130,146,119,134,125,140,123,117,133,131,96,132,117,115,161,133,132,142,114,102,120,198,146,115,137,121,130,137,128,124,132,124,127,108,134,131,117,126,140,128,137,117,119,135,123,140,112,124,112,112,118,124,128,125,120,136,123,124,126,147,126,121,129,117,108,127
149,118,141,131,145,135,112,110,68,121,121,127,110,121,128,130,111,127,193,106,135,115,89,142,152,113,123,94,132,124,97,125,155,111,105,137,99,124,122,120,124,124,91,65,123,102,83,128,115,131,105,122,93,101,166,62,109,135,107,108,138,172,106,134,122,122,84,140,109,128,122,150,135,163,169,126,153,117,163,70,144,53,140,125,148,98,107,146,141,117,156,193,171,75,136,88,115,127,118,121,105,149,116,138,93,117,136,155,81,111,105,117,151,114,112,131,120,122,130,135,172,85,125,96,133,140,133,136,149,116,83,132,128,130,114,138,97,121,121,152,121,72,132,106,108,119,112,124,144,115,136,107,119,77,102,109,129,112,139,133,112,99,82,128,124,108,105,153,122,82,135,135,152,142,148,117,152,98,118,117,132,140,138,139,144,132,133,145,120,111,111,93,126,103,108,140,141,139,146,144,87,165,126,134,143,92,176,106,100,133,128,141,125,132,156,97,125,33,107,149,81,149,158,96,188,126,102,163,155,81,162,107,81,119,105,115,122,139,142,107,110,121,112,144,98,153,94,117,124,115,130,126,114,71,123,121,127
126,134,122,132,127,208,108,124,124,136,124,122,135,122,104,121,138,113,126,134,131,122,122,122,153,113,137,118,134,129,183,118,130,125,137,133,105,128,132,112,109,151,127,168,123,163,93,198,87,125,121,137,144,130,138,146,112,126,133,105,128,137,121,112,129,118,130,151,132,121,120,116,125,133,117,120,127,117,61,133,135,125,112,123,196,86,133,115,66,130,128,118,149,127,126,130,101,124,131,105,121,140,125,131,129,129,122,127,140,114,136,128,131,127,108,123,154,142,151,118,133,131,132,121,127,149,83,124,190,124,127,118,44,129,164,123,250,119,151,100,126,162,114,118,128,136,123,154,149,146,127,131,130,125,109,100,129,127,126,111,143,130,110,182,111,126,90,145,138,120,119,122,110,119,146,123,133,150,129,120,159,110,150,105,127,129,130,82,131,132,127,132,125,148,106,129,136,111,132,127,116,108,133,135,96,111,91,127,143,123,158,127,104,71,134,124,150,126,146,141,121,170,116,123,139,126,122,115,113,128,132,139,134,122,124,116,116,155,121,142,126,127,126,128,130,110,132,137,132,132,123,123,133,122,148,129,127
100,130,125,120,177,121,94,134,117,123,137,125,135,129,171,126,88,122,128,39,108,130,132,126,78,146,140,134,144,124,121,251,120,117,144,130,161,128,126,155,129,121,129,124,125,117,114,110,144,109,155,131,94,120,135,100,127,124,142,174,125,100,138,160,127,112,169,50,113,128,110,124,100,129,132,130,233,112,106,170,132,143,116,130,174,139,133,131,125,121,97,99,69,108,157,133,193,174,130,131,140,135,132,134,129,133,100,139,176,116,135,122,102,140,124,191,115,127,146,147,118,144,147,106,118,95,114,111,109,143,113,122,124,136,115,125,49,132,144,139,115,96,142,144,109,101,99,144,124,147,124,140,139,127,68,177,111,138,139,131,132,111,101,167,133,109,116,140,108,142,121,135,115,135,127,114,123,132,122,137,100,142,116,117,181,131,96,121,133,117,125,145,121,108,113,126,232,139,119,126,142,151,135,115,111,124,103,125,119,113,118,137,170,110,139,103,122,102,119,137,117,161,127,129,163,122,131,134,109,143,105,102,140,127,116,126,140,142,116,166,126,139,131,77,85,159,112,127,127,126,143,127,139,104,129,122,127
158,128,148,110,147,146,132,116,155,144,146,138,156,151,173,133,137,141,122,153,115,139,162,140,134,141,153,130,131,127,137,159,134,141,108,147,134,126,132,134,135,136,147,185,134,149,126,147,161,133,160,130,134,143,137,159,134,134,153,152,153,142,112,149,167,105,137,162,148,135,131,139,113,158,146,152,120,128,182,145,108,133,114,132,140,141,146,129,189,132,150,128,130,165,142,107,134,117,134,132,147,127,132,143,109,119,148,116,142,107,134,140,163,167,153,153,138,128,156,161,138,127,145,134,160,147,151,127,147,148,143,119,228,103,149,135,173,130,153,170,117,132,160,122,138,156,156,119,123,139,127,145,140,148,159,126,127,142,153,144,151,171,127,169,146,171,159,134,116,151,115,125,143,148,144,137,138,131,128,124,150,222,125,173,133,145,158,157,145,132,136,140,131,119,146,117,150,154,147,137,150,129,106,105,153,157,182,128,147,130,137,140,162,114,137,157,145,166,183,146,154,147,140,140,90,144,178,133,163,127,142,122,158,125,139,131,149,136,137,97,106,128,132,136,133,124,166,135,130,144,140,110,137,150,94,120,127
135,99,137,131,74,89,130,127,92,121,123,110,117,112,146,128,110,30,136,134,126,132,128,121,115,125,135,133,109,122,140,149,129,138,119,123,101,126,126,131,103,116,123,120,129,127,115,226,127,127,116,136,111,136,92,98,127,130,138,208,133,146,157,160,135,121,126,93,133,126,127,117,125,108,129,127,101,124,155,110,139,111,120,144,192,113,130,136,158,131,124,110,112,95,141,127,122,124,120,133,135,138,128,141,127,128,121,122,120,119,132,117,130,126,123,132,131,135,140,119,129,124,126,122,122,141,124,128,144,125,134,142,124,121,106,132,133,125,127,115,112,129,77,140,103,122,115,147,127,98,128,121,118,135,133,124,131,141,102,131,151,117,127,142,126,137,120,135,92,128,124,130,125,127,108,173,131,105,121,119,120,150,147,131,129,131,108,131,128,128,125,123,144,137,116,127,119,129,120,157,129,172,123,134,86,109,109,117,122,113,216,126,112,101,122,120,150,120,134,150,130,113,139,97,110,117,125,105,132,131,122,115,132,131,130,123,137,127,140,118,131,129,132,119,136,173,155,122,137,109,115,111,124,125,113,133,127
101,113,123,122,70,79,122,121,114,139,129,131,156,123,106,124,133,141,94,84,115,128,150,120,148,106,95,117,115,119,141,84,116,118,169,133,154,121,123,120,130,108,138,179,132,166,128,142,127,138,131,122,152,128,109,115,124,103,120,87,83,120,122,79,116,138,137,101,136,140,124,110,138,66,56,126,82,122,59,173,114,129,145,152,137,147,125,89,134,112,85,93,124,160,102,121,130,96,136,170,118,120,127,114,126,135,114,127,93,115,136,129,141,125,86,73,125,115,180,49,119,134,85,114,81,123,103,133,123,106,146,160,184,136,141,131,115,124,105,130,134,149,83,147,149,81,95,48,139,75,130,93,103,104,78,168,131,117,92,131,34,118,108,130,130,109,106,117,122,121,130,118,114,122,90,78,102,175,118,129,192,92,116,139,155,104,134,114,136,116,133,111,135,123,132,133,103,120,165,101,117,89,140,134,91,117,69,123,154,129,147,135,143,118,135,134,104,147,119,92,110,116,114,122,90,126,136,120,138,141,89,146,134,118,124,138,117,115,138,116,122,96,124,109,116,104,89,131,124,137,136,124,132,129,152,137,127
116,71,111,131,126,124,91,119,106,103,99,116,43,106,59,116,76,125,153,99,86,116,112,87,99,113,102,99,133,118,115,103,121,86,92,110,74,117,116,121,126,142,82,56,118,110,77,110,112,113,117,112,81,90,97,72,115,104,120,188,108,145,142,105,73,77,96,83,137,90,141,105,100,107,89,123,141,96,167,0,151,82,121,55,106,9,114,146,39,122,120,112,100,143,122,106,119,89,103,120,106,105,106,111,130,63,128,134,93,109,132,105,135,71,67,81,149,132,147,164,91,94,126,97,127,118,98,113,106,50,98,109,106,98,83,122,74,119,89,108,120,52,108,105,101,133,110,103,110,103,99,128,99,71,90,57,116,112,142,104,107,62,57,52,90,99,114,104,111,69,125,126,127,117,120,127,92,73,113,113,101,68,119,47,136,109,91,112,107,146,107,114,122,112,50,96,96,109,100,159,97,119,115,107,117,77,142,104,38,123,127,122,103,119,94,110,134,102,70,111,54,122,147,82,115,127,85,100,130,88,115,112,99,45,68,123,119,116,114,97,116,121,110,119,134,123,109,86,113,113,108,146,100,85,111,131,127
157,64,188,107,134,70,116,127,171,87,122,118,144,114,188,117,146,125,131,135,130,121,149,127,106,130,150,119,177,116,128,103,67,131,77,128,124,127,120,124,131,254,119,148,132,175,85,87,127,116,121,131,115,111,70,107,188,120,137,210,137,144,172,116,109,137,134,132,124,112,110,125,119,101,99,110,81,164,75,121,133,130,88,85,102,136,121,120,127,110,130,184,119,132,119,134,120,160,139,123,100,185,132,170,124,107,118,43,70,145,129,122,163,130,109,135,137,118,153,163,189,125,133,170,156,93,129,122,28,133,117,133,74,135,138,85,126,110,149,76,126,117,199,137,94,130,89,103,104,143,121,149,117,77,117,170,118,121,80,125,140,111,200,29,125,195,93,182,124,141,112,129,156,97,96,103,130,254,120,124,115,150,170,117,107,141,107,137,117,122,123,96,132,108,128,101,133,138,62,98,130,146,91,108,99,111,172,120,104,148,131,148,157,136,135,105,107,127,117,126,113,80,90,176,79,128,113,66,110,100,131,76,121,118,136,122,98,102,148,126,145,127,131,74,106,156,139,128,131,130,158,128,148,160,54,77,127
119,99,132,124,122,125,121,130,120,129,117,130,131,129,110,132,108,133,118,129,125,125,136,124,139,126,134,119,119,134,171,161,109,132,113,128,97,130,125,105,127,140,129,150,132,116,138,126,137,123,147,126,137,119,146,137,117,127,124,152,136,130,133,79,138,133,127,113,132,120,133,116,107,113,108,142,136,122,106,120,123,118,126,121,152,115,128,139,99,131,126,150,107,149,128,140,137,142,127,123,131,141,126,129,132,138,119,142,117,125,127,137,117,125,134,122,121,145,140,133,123,129,123,126,146,115,104,132,181,137,129,145,141,132,126,128,147,125,121,115,154,146,154,122,133,126,129,112,169,162,128,121,130,129,124,133,129,127,120,142,126,122,127,127,113,123,120,151,162,120,121,127,128,130,112,128,126,137,133,124,99,106,120,109,109,130,133,124,128,129,130,132,132,111,137,129,139,127,175,118,130,123,114,126,159,119,131,132,97,123,117,129,83,92,131,139,135,117,125,127,114,136,109,119,101,143,128,111,127,116,123,132,116,138,118,130,136,129,119,139,113,122,136,128,130,107,133,122,130,124,122,128,141,127,156,154,127
121,118,107,127,151,36,118,124,130,122,136,122,121,111,137,124,124,133,124,105,129,129,98,126,136,113,131,117,125,132,89,120,128,127,154,143,123,128,135,137,122,127,110,89,129,129,113,98,149,133,150,121,147,93,109,69,112,123,192,117,116,100,124,164,128,126,128,121,128,123,130,120,130,109,116,126,119,133,153,121,129,115,139,143,60,138,128,113,117,129,113,124,145,124,122,130,254,103,123,119,110,103,129,128,126,116,213,124,123,123,131,136,129,113,114,140,126,84,120,101,120,125,110,133,112,85,127,123,133,129,126,119,134,136,96,109,84,126,122,123,97,124,89,123,114,145,103,108,136,108,124,130,112,109,95,139,135,147,122,141,81,100,112,112,113,130,127,123,101,103,129,131,122,123,182,125,129,136,129,125,132,121,138,112,95,124,138,154,125,125,126,112,119,97,120,132,99,113,142,144,118,134,130,131,172,89,162,116,150,139,127,121,163,120,123,122,204,126,106,126,116,104,134,138,127,127,103,128,128,135,107,129,138,111,117,127,115,118,127,104,123,130,124,117,107,155,130,132,130,125,105,134,123,117,123,141,127
149,154,132,115,120,127,108,135,116,131,128,139,110,123,102,141,122,117,103,173,133,144,129,118,115,115,135,142,176,144,126,210,108,143,137,108,149,127,144,147,122,140,123,102,126,160,108,124,108,126,166,129,117,111,107,133,132,125,137,101,95,125,149,184,122,92,150,113,99,119,109,90,177,94,148,120,133,115,151,150,126,147,200,190,151,97,140,123,56,135,121,110,146,82,134,139,122,117,131,123,135,138,127,125,130,131,108,142,126,170,104,125,119,152,116,191,116,124,137,59,109,122,109,161,130,78,134,127,191,134,140,143,170,113,78,143,82,130,117,122,130,111,127,127,146,132,105,97,129,112,122,133,180,118,104,194,128,133,122,126,115,164,84,127,156,140,143,127,160,145,153,143,119,126,147,137,150,136,145,121,112,105,122,129,77,127,112,118,120,122,130,131,119,214,122,91,117,124,158,110,151,92,143,112,129,116,159,119,110,126,113,117,104,146,119,130,151,109,141,131,118,162,78,119,207,103,101,112,116,145,128,130,127,93,146,133,156,141,132,137,154,107,137,165,154,101,112,94,151,101,170,111,132,129,205,176,127
129,125,123,125,115,108,126,120,136,127,146,131,132,138,130,124,96,123,124,116,110,128,67,130,133,145,138,119,123,133,137,118,122,152,101,107,137,127,102,154,125,115,144,133,104,132,134,129,116,128,120,132,136,90,129,162,132,140,127,145,96,133,127,129,127,124,113,108,122,133,147,132,145,158,130,125,106,115,91,113,123,129,126,122,144,96,136,119,130,108,113,116,127,128,137,142,131,132,139,113,128,126,134,131,127,128,119,128,117,58,122,116,132,164,128,132,127,127,108,115,121,129,145,105,126,134,137,75,161,126,137,119,123,128,137,125,127,105,132,124,103,134,126,133,126,114,112,138,128,127,142,135,125,155,112,118,143,132,139,124,164,114,120,120,125,132,154,133,135,142,102,127,132,137,139,107,135,129,106,124,101,134,127,125,175,132,158,120,158,132,131,133,128,134,138,140,135,112,125,132,147,128,136,119,119,115,135,116,109,117,124,124,88,128,93,134,114,126,95,138,134,128,126,137,113,126,124,131,134,167,148,114,123,133,128,142,149,119,126,155,127,125,124,111,136,114,134,127,121,153,117,136,118,145,126,134,127
130,125,121,121,126,119,140,124,137,128,74,123,110,131,106,251,102,125,122,97,128,130,136,138,117,164,135,68,143,131,125,98,106,106,156,62,123,168,174,71,124,138,59,136,89,125,77,135,132,128,106,128,141,119,129,123,134,92,112,74,163,165,139,108,108,144,120,124,126,135,117,116,144,140,122,133,135,100,124,122,125,115,177,123,127,70,138,132,137,102,148,130,178,142,129,109,123,124,78,122,165,119,83,141,125,123,142,127,110,101,152,248,181,126,101,121,131,129,140,140,119,69,111,117,92,129,130,123,121,111,121,125,133,124,122,102,157,65,117,143,140,75,130,130,122,152,113,165,132,138,117,143,105,91,113,118,185,134,157,126,119,132,122,117,73,87,128,118,136,87,226,141,99,139,127,103,118,128,189,126,139,121,121,114,139,129,120,121,127,169,157,145,124,100,117,183,127,123,143,131,134,132,144,146,127,148,164,107,125,99,129,132,113,123,206,127,134,130,130,117,88,122,130,119,150,124,127,148,126,130,113,129,184,129,132,139,125,123,132,117,131,100,33,100,126,113,161,149,130,125,119,128,123,72,124,118,127
177,149,125,134,115,115,134,223,135,136,107,126,106,129,116,96,120,127,129,97,121,151,152,254,152,199,159,131,158,127,137,101,192,172,174,66,120,109,168,100,125,137,193,121,237,126,78,130,116,133,102,129,111,155,119,146,71,18,154,123,140,125,184,114,150,154,138,138,128,135,64,133,114,111,141,136,110,117,157,126,124,119,106,107,120,118,110,121,119,78,127,158,124,144,125,150,118,142,175,127,138,137,43,129,141,145,130,149,109,116,87,113,150,141,128,133,125,128,121,117,132,13,149,155,112,132,134,92,136,96,138,131,124,122,127,145,161,133,122,141,119,110,128,160,138,91,140,154,122,118,56,72,104,83,151,139,146,89,139,135,127,91,124,133,103,119,121,116,119,132,106,220,146,140,126,133,133,138,121,130,141,97,126,130,128,111,195,125,97,102,112,123,126,52,145,126,125,123,145,128,103,125,152,151,119,163,119,80,197,97,130,136,145,128,116,134,106,121,162,107,130,125,137,122,154,123,134,172,148,126,132,136,106,111,142,141,177,128,143,125,127,205,141,170,115,131,109,127,31,143,136,124,117,25,145,114,127
155,108,91,93,132,110,127,120,134,144,136,123,141,87,134,127,210,120,105,122,143,131,100,127,130,103,138,124,154,133,116,151,136,125,115,140,115,134,134,121,127,127,138,103,132,116,129,97,127,139,132,128,108,115,95,188,127,111,113,155,115,97,109,139,134,144,106,69,127,134,128,129,162,184,152,123,233,130,85,140,123,43,183,110,96,94,127,124,105,118,105,197,154,107,133,118,109,128,131,111,158,160,135,136,120,125,107,110,134,148,123,134,149,131,111,150,131,122,114,115,108,130,159,146,124,116,138,126,98,153,170,111,109,112,105,156,130,140,117,165,137,100,152,142,0,95,144,171,153,170,133,116,140,171,77,73,136,139,108,120,251,124,115,127,110,110,133,134,149,132,141,124,127,123,115,178,115,125,141,123,78,127,115,152,97,123,121,124,135,111,127,146,132,160,158,112,129,105,186,95,131,139,92,116,127,139,71,138,116,142,131,127,112,121,111,250,81,152,123,119,170,138,124,114,89,128,144,156,104,161,138,105,132,118,134,127,138,88,134,160,138,125,134,103,156,126,124,129,132,144,104,130,123,145,104,177,127
126,147,126,128,141,101,124,119,122,123,142,127,125,123,135,133,122,103,115,117,128,136,117,132,134,121,122,130,130,133,109,130,123,143,133,130,136,127,123,131,126,124,128,143,112,133,140,114,116,133,113,133,130,123,134,132,140,119,141,111,122,130,120,114,143,127,134,139,139,138,131,128,131,120,113,114,141,127,127,126,121,135,138,134,134,146,130,126,114,134,127,121,140,132,127,122,136,127,128,128,121,106,135,127,139,119,131,127,126,141,128,130,137,132,114,133,114,120,125,124,122,123,137,142,127,115,122,126,123,140,126,120,102,184,130,126,109,133,136,116,120,143,133,133,120,154,123,126,142,97,127,133,135,121,130,133,123,127,122,106,87,130,132,134,132,125,116,117,105,128,129,128,144,127,112,129,126,145,128,121,127,112,122,120,93,131,132,120,124,135,129,127,120,129,132,141,135,131,128,123,124,111,133,130,116,151,113,122,142,133,108,130,123,124,113,140,120,121,130,123,127,99,136,125,110,119,130,129,117,124,125,128,126,141,133,129,108,121,127,132,129,133,127,131,124,108,117,136,121,134,128,175,130,129,128,116,127
125,131,98,117,130,117,128,146,130,125,142,128,174,118,116,111,116,124,114,129,131,109,151,192,113,164,129,123,119,136,137,127,105,164,126,165,140,112,143,227,130,112,145,68,119,114,82,128,120,135,142,127,84,139,126,184,82,119,107,117,132,152,122,138,98,146,128,110,108,128,138,118,121,131,126,130,106,113,131,84,110,130,104,115,127,112,119,135,138,156,126,105,121,93,143,109,128,113,196,123,145,135,126,128,129,129,114,116,144,118,125,144,129,58,125,105,142,106,143,140,111,134,110,138,79,126,130,138,129,130,133,125,140,130,120,149,139,177,129,134,176,140,122,135,135,96,115,201,140,137,130,97,117,146,117,169,233,100,124,124,97,120,110,114,135,114,122,127,127,14,128,136,110,116,127,112,18,130,117,129,135,116,128,114,99,122,128,131,164,132,118,114,125,153,124,80,122,119,123,113,147,127,105,99,117,167,144,125,126,109,130,118,119,127,190,128,127,176,173,135,126,108,120,113,138,134,92,161,133,132,141,133,127,113,87,160,106,119,118,114,132,76,174,165,148,105,134,165,104,111,119,122,137,131,128,109,127
152,81,163,107,87,103,147,124,88,129,130,106,80,113,69,128,122,115,126,94,165,136,127,121,120,125,161,134,123,114,131,111,110,117,92,145,117,133,134,119,131,107,128,143,126,150,240,142,128,112,108,131,149,117,78,151,146,123,117,141,130,103,193,123,102,152,148,120,151,134,119,112,163,125,47,127,97,137,113,124,191,103,147,149,104,165,138,130,154,130,89,117,90,152,126,120,117,177,119,125,121,121,122,148,118,132,112,110,76,129,132,131,131,120,129,107,152,141,89,140,112,147,109,120,113,133,92,136,100,135,147,151,112,151,130,108,124,132,121,115,108,113,42,136,129,96,116,119,117,94,126,86,133,83,121,149,125,138,124,132,168,115,203,237,116,137,133,172,111,132,125,121,126,98,134,112,127,179,121,129,130,105,161,152,133,122,116,143,129,109,131,133,132,136,120,171,148,123,49,156,119,161,133,133,104,150,69,116,233,136,122,137,112,106,129,130,121,124,118,125,90,140,164,17,107,123,115,106,117,142,87,93,117,186,110,120,126,95,141,137,136,133,132,126,115,246,180,132,128,115,142,119,124,135,119,144,127
149,122,131,134,120,136,128,152,122,125,87,134,115,140,124,95,117,127,130,112,116,111,128,147,127,152,132,114,132,132,140,149,146,164,130,122,127,144,116,147,125,96,146,136,87,114,132,116,127,127,139,127,102,100,120,130,102,72,138,110,129,111,142,143,156,123,140,149,93,127,87,128,131,139,110,124,142,114,132,105,131,122,134,125,127,128,106,124,138,119,134,145,133,172,108,122,118,122,164,124,86,102,84,121,129,156,122,130,105,214,138,126,118,160,125,123,142,127,127,115,126,116,123,153,110,133,128,124,124,106,135,129,128,122,146,132,125,100,119,132,106,143,122,121,127,119,113,114,129,139,114,100,127,82,147,121,136,127,120,123,133,141,132,127,127,134,128,125,135,78,130,163,163,122,122,117,98,94,132,128,117,127,118,114,111,123,160,124,123,125,141,112,128,71,106,110,120,134,129,119,116,125,158,129,138,204,127,123,135,115,124,124,137,119,156,134,131,77,157,143,130,132,150,131,144,129,102,126,137,122,101,140,127,122,135,144,186,127,116,138,121,163,148,176,118,145,109,147,153,141,130,121,114,114,129,157,127
138,137,128,125,144,161,120,123,115,130,123,254,116,133,144,124,90,113,138,105,106,123,156,112,153,124,126,132,102,133,140,95,123,131,104,124,135,128,122,133,128,121,126,105,125,88,126,129,130,126,96,133,120,130,117,106,118,132,130,177,120,117,144,109,123,121,124,157,106,127,121,127,106,103,127,115,183,117,157,137,121,125,104,79,145,112,117,110,90,130,106,117,102,131,135,113,152,145,127,120,126,150,129,125,112,128,143,166,137,123,113,125,158,126,127,105,104,119,113,133,124,121,119,132,120,149,87,131,135,131,122,126,129,122,101,117,77,128,115,92,118,125,164,128,116,127,114,148,128,110,127,124,131,136,127,101,120,130,113,135,104,109,102,124,126,138,141,120,149,127,131,133,136,129,148,121,130,124,130,132,83,167,137,125,109,126,121,136,123,127,128,132,121,109,113,119,147,125,94,140,143,144,121,124,137,147,115,129,117,105,119,125,63,103,142,134,170,127,134,128,150,153,128,114,128,112,121,113,142,131,132,102,138,108,128,119,126,128,132,139,133,127,127,140,124,100,150,117,124,131,117,129,115,122,90,112,127
131,107,120,110,154,74,140,135,120,135,132,126,137,166,152,125,68,124,120,168,138,128,123,142,122,95,122,131,119,129,167,115,152,129,113,123,122,127,126,118,126,148,132,100,125,132,137,116,84,128,109,125,114,150,149,173,102,121,120,123,123,112,139,114,120,133,142,140,124,147,126,139,146,150,146,119,66,100,57,114,134,181,176,133,115,71,135,116,120,116,104,152,176,121,115,126,154,133,127,105,136,100,128,137,139,143,151,136,126,105,122,128,129,134,146,119,146,133,96,95,126,137,94,99,108,138,140,136,124,132,115,117,140,125,155,131,103,125,121,145,113,126,126,164,246,95,123,200,106,183,130,126,125,128,158,113,141,128,138,130,78,94,93,124,105,110,168,137,133,127,124,125,132,109,149,166,106,111,126,131,103,113,135,142,107,135,106,115,114,126,126,121,126,152,153,134,150,125,130,125,128,130,117,124,130,155,125,142,87,161,130,125,185,131,120,25,147,124,101,130,100,107,117,126,127,126,159,166,127,134,141,140,127,117,121,123,127,108,138,178,113,124,126,94,128,126,126,118,136,138,125,139,133,125,121,113,127
127,135,135,130,126,97,116,115,130,132,115,117,125,137,147,120,154,122,137,140,113,118,68,114,124,116,140,120,131,126,68,124,126,138,151,137,120,127,125,105,124,118,121,135,131,117,132,133,128,129,113,124,139,118,122,119,112,130,138,124,119,91,134,166,104,119,122,141,150,126,141,121,119,101,129,122,125,132,104,147,108,132,100,128,134,134,133,125,152,130,126,148,116,127,123,128,141,104,117,113,153,129,132,114,113,112,133,115,146,121,137,126,115,119,121,122,121,107,164,106,140,133,121,117,127,128,98,129,102,122,132,115,176,98,126,134,144,117,133,103,138,157,146,118,153,129,130,87,120,138,116,114,135,150,103,119,110,137,116,123,115,100,110,120,123,140,61,130,119,120,120,122,101,124,132,97,133,141,121,125,116,132,122,124,106,119,114,126,130,100,128,138,128,101,117,117,127,124,129,102,126,116,123,98,128,134,112,125,219,121,117,117,129,112,114,141,116,130,124,126,117,127,127,114,109,123,113,118,127,133,143,128,131,127,130,123,122,115,114,137,125,132,123,134,113,103,117,141,133,111,102,136,128,127,133,109,127
89,163,128,254,116,156,157,99,112,125,120,144,149,127,129,138,94,135,74,128,102,125,124,122,134,130,108,147,104,154,135,169,87,97,84,111,114,107,142,140,128,110,132,164,138,176,45,109,139,102,106,131,98,113,84,143,236,168,112,103,73,178,140,185,112,96,127,158,136,102,117,105,151,121,96,134,253,213,105,89,197,110,113,119,116,188,128,144,117,134,108,193,47,178,145,127,120,152,129,151,130,139,137,73,165,134,137,89,147,164,93,102,209,153,103,152,91,122,151,119,111,130,106,77,130,149,130,167,211,105,129,123,140,142,124,191,105,168,137,125,251,139,106,105,149,127,126,125,108,114,134,94,114,164,146,83,148,120,103,138,126,72,91,126,90,128,142,79,122,130,139,142,103,122,145,147,124,98,131,130,93,123,132,153,106,111,85,141,130,114,138,138,129,208,83,135,130,136,93,117,151,113,238,215,142,89,129,161,134,117,136,116,109,119,193,130,168,120,145,124,134,134,55,113,177,115,83,71,127,136,82,78,134,96,126,129,104,86,143,67,140,161,132,173,119,74,113,107,171,127,116,128,114,140,66,206,127
130,100,127,119,138,175,151,120,119,135,130,126,139,137,107,125,106,105,118,140,127,118,120,118,120,125,128,128,120,125,136,145,121,123,113,124,118,132,122,132,132,147,122,104,132,137,125,130,116,126,117,126,114,125,113,146,128,116,122,154,144,117,150,168,133,129,124,116,154,115,128,123,124,68,137,118,101,124,111,94,108,122,99,115,136,117,136,100,75,127,141,151,115,129,130,130,89,133,124,97,133,140,126,114,118,133,119,154,135,128,122,125,142,131,127,147,113,133,163,126,128,122,141,121,120,147,112,121,133,134,129,163,101,127,136,114,148,127,131,116,128,139,96,107,132,133,136,128,117,149,126,157,117,123,126,101,122,134,127,116,124,121,127,122,128,143,44,133,146,124,124,124,133,132,150,147,140,123,125,120,123,115,111,116,102,143,124,121,123,122,124,119,144,137,128,132,139,128,196,128,126,112,112,123,89,136,134,128,105,123,126,119,150,79,130,132,181,127,114,124,147,183,137,122,103,171,131,130,106,122,134,127,122,126,130,122,133,141,136,135,126,133,137,101,124,147,127,127,134,131,128,134,119,128,134,124,127
125,103,129,104,137,126,118,118,119,115,97,127,103,110,132,97,74,129,152,60,104,97,112,100,102,95,129,112,103,120,109,73,104,116,104,92,60,127,132,78,132,107,86,124,150,148,115,153,102,124,118,117,99,86,117,14,134,114,87,157,118,117,107,94,114,100,112,109,93,98,141,140,122,106,145,124,107,120,108,68,127,114,82,123,134,80,120,120,131,109,115,95,84,102,123,108,131,114,98,140,130,135,104,110,106,141,109,165,91,134,126,115,108,119,86,93,116,102,115,128,118,111,93,103,120,109,120,130,140,68,108,113,130,113,124,114,97,107,104,112,118,95,144,91,70,106,90,87,106,89,124,95,104,85,93,80,111,109,126,134,20,97,102,74,75,111,97,107,133,72,134,110,113,133,110,85,124,101,121,116,118,136,114,146,108,116,98,93,110,97,117,51,130,111,112,79,98,133,114,103,93,133,132,117,148,45,125,113,123,143,123,131,61,111,100,105,127,113,129,115,107,133,120,92,124,139,86,129,109,108,135,123,67,96,97,114,98,103,123,96,130,95,92,109,120,72,112,118,103,111,97,92,105,113,141,114,127
137,134,130,102,94,137,127,126,145,135,131,112,115,119,118,129,117,129,123,127,108,132,145,116,137,149,144,132,135,150,123,160,108,143,150,140,123,127,110,109,124,99,137,122,117,177,145,114,127,126,53,121,148,117,109,254,113,128,97,55,144,124,89,167,122,102,144,86,175,148,121,122,98,129,124,119,85,162,110,84,132,131,100,91,106,152,130,130,130,122,130,175,137,112,122,114,102,118,123,154,154,133,138,88,140,149,103,76,120,111,129,128,115,132,142,143,78,122,138,123,125,124,163,101,136,108,133,136,100,140,130,130,138,123,139,131,130,118,147,123,205,131,124,136,115,113,189,71,134,161,128,140,127,141,144,139,128,120,105,126,164,105,110,133,151,125,145,122,144,141,97,125,133,129,133,163,143,113,123,118,71,119,112,80,102,141,137,112,130,116,132,135,129,117,75,149,106,133,142,128,134,158,154,173,138,145,141,113,137,145,125,109,133,126,100,108,206,145,140,138,146,165,98,123,126,127,142,118,106,122,110,123,134,165,184,125,111,137,122,133,139,136,129,138,116,122,133,137,115,121,238,118,143,135,182,178,127
135,144,109,122,130,93,109,162,160,125,125,115,137,76,137,111,64,126,141,95,125,105,76,109,134,113,129,131,130,126,74,82,143,107,168,167,122,122,120,135,127,134,150,115,94,136,141,148,206,127,144,129,85,171,131,148,112,115,86,144,130,116,94,185,94,129,114,147,165,131,115,144,98,86,133,101,87,139,113,133,125,179,85,86,144,161,119,130,114,139,139,149,112,132,120,184,119,127,135,106,56,137,125,116,88,146,143,133,121,118,145,114,105,118,126,122,145,193,118,92,132,135,94,201,113,103,106,131,114,145,133,137,146,110,151,125,130,94,133,126,93,97,120,116,146,79,170,107,120,128,134,165,140,152,190,98,137,30,115,121,110,124,168,140,50,121,69,128,133,139,118,134,158,131,127,115,155,130,143,121,118,128,115,140,144,133,161,28,133,163,138,208,129,164,110,119,147,118,96,130,87,144,123,198,117,81,195,108,99,133,128,135,106,120,128,124,119,97,119,105,167,136,127,142,121,129,118,114,132,96,128,127,96,146,134,108,56,106,142,119,121,107,110,154,118,116,127,117,122,101,115,130,124,125,120,82,127
117,107,135,134,138,93,112,155,101,126,133,120,146,113,120,125,136,143,135,122,120,122,90,113,166,106,109,144,128,118,118,136,148,116,121,175,127,124,123,103,128,128,158,92,93,140,141,132,124,130,133,126,77,98,120,130,124,95,127,144,120,126,105,154,125,122,180,83,152,123,93,130,132,149,109,112,89,130,97,150,131,56,119,160,139,150,126,134,122,134,115,152,115,114,123,178,141,118,139,114,104,144,100,126,71,154,127,137,150,136,129,118,112,98,108,119,138,115,80,98,129,133,154,209,113,119,155,139,150,131,95,108,132,122,150,122,150,100,131,107,103,99,112,138,78,177,150,151,128,181,124,69,122,143,66,91,137,94,151,123,160,117,146,158,105,114,118,128,130,139,114,144,138,131,114,130,131,139,132,122,114,142,122,130,73,121,147,107,129,144,134,186,132,158,78,115,124,101,110,135,75,153,109,193,130,108,104,111,127,131,140,132,186,125,118,186,115,128,113,112,84,104,127,108,141,132,117,113,130,185,139,138,89,140,127,98,82,107,146,143,106,125,106,68,178,111,132,143,145,110,114,121,123,143,137,81,127
133,127,114,133,113,131,112,150,138,141,142,129,47,117,154,136,144,115,139,122,121,110,116,117,161,137,118,128,125,95,118,185,150,137,170,100,176,120,129,99,122,120,113,186,122,59,70,146,145,141,101,131,141,136,126,97,134,146,114,73,96,48,176,165,118,82,121,86,86,156,114,109,129,113,115,133,82,85,179,118,133,168,156,77,102,188,135,107,202,128,113,102,152,100,103,127,103,130,126,96,147,29,135,126,140,139,116,139,59,153,145,107,167,160,208,105,144,110,108,122,95,122,129,168,115,111,141,136,148,68,144,121,155,138,180,134,184,122,85,96,112,143,141,192,118,126,139,126,118,129,151,133,99,62,113,144,147,130,119,113,109,127,156,117,167,133,124,110,98,138,125,157,116,168,110,157,102,8,142,133,119,77,125,107,120,127,107,113,118,107,130,108,126,106,76,172,109,113,115,166,118,100,161,137,124,112,74,148,149,144,118,122,139,136,143,112,111,110,110,118,112,110,225,116,155,117,62,124,112,140,92,121,105,98,126,132,125,120,112,232,118,147,106,154,120,151,77,98,140,120,128,132,32,138,147,70,127
120,116,174,136,150,147,102,79,111,128,77,118,103,108,110,94,125,129,176,94,45,82,111,118,137,138,94,62,119,119,145,117,123,46,106,118,100,124,122,86,127,112,98,84,134,133,75,90,127,129,126,128,91,127,128,100,166,141,112,92,98,118,132,148,69,146,113,158,122,116,98,87,67,114,3,142,161,185,138,106,118,78,133,90,133,112,103,111,121,92,110,88,63,121,138,51,133,113,134,125,137,97,117,125,101,171,140,142,85,125,119,120,78,94,145,128,130,144,120,150,149,108,156,134,112,126,126,149,140,142,115,130,169,96,121,173,139,101,96,124,70,10,115,93,153,128,103,71,133,109,93,123,99,17,119,119,129,117,109,129,154,0,78,110,130,53,144,106,132,37,105,129,179,106,134,38,146,50,119,129,131,66,114,26,98,81,99,127,122,78,106,123,128,51,132,99,145,163,103,116,129,163,149,122,140,188,83,156,43,119,123,110,120,135,211,152,142,96,137,94,47,129,132,88,151,129,109,121,127,93,43,135,102,98,99,148,131,135,106,141,137,128,137,137,103,123,96,114,120,116,117,139,93,74,127,68,127
130,186,131,112,112,125,133,131,130,93,121,118,162,103,251,119,152,127,111,142,107,132,133,127,93,148,134,129,196,118,106,108,88,144,95,128,192,127,127,122,135,208,134,152,125,138,231,110,120,135,150,133,126,112,155,99,155,129,133,125,115,183,45,133,107,112,138,101,96,158,128,129,137,181,118,132,83,148,97,153,129,140,75,117,154,145,128,123,81,119,136,195,182,139,114,117,124,115,134,146,125,169,126,131,137,125,114,133,72,108,131,123,127,131,15,124,145,112,110,117,183,137,125,152,133,78,88,124,21,137,130,230,123,117,175,84,152,117,148,137,153,74,110,124,129,131,121,92,145,128,133,133,117,106,95,149,132,120,125,133,118,117,217,67,119,161,97,110,125,133,136,126,129,99,116,95,138,233,128,134,87,124,141,109,108,130,108,120,133,126,129,133,130,122,136,99,109,135,63,95,137,124,133,137,102,103,167,134,102,144,128,130,93,84,138,116,99,155,119,115,138,108,87,104,120,135,139,122,122,135,176,116,135,79,120,126,123,99,136,113,117,127,128,154,128,104,91,129,127,118,121,126,94,141,71,91,127
123,128,99,132,110,143,149,128,144,124,131,118,128,83,130,118,39,119,119,76,115,131,157,148,132,144,135,127,116,127,123,74,133,172,118,118,117,141,123,150,130,104,127,101,117,124,108,105,124,108,130,118,113,171,118,148,128,120,185,128,122,130,120,140,115,121,116,178,124,119,102,124,125,109,129,121,109,118,137,69,119,167,97,118,127,145,128,121,102,117,141,151,105,236,130,144,102,127,124,125,136,162,126,123,107,142,114,161,105,171,141,117,117,130,161,158,147,150,174,135,125,110,64,170,112,118,134,123,154,85,92,107,112,129,97,122,142,146,128,145,136,122,145,123,164,39,149,80,138,74,134,221,122,115,254,109,129,120,129,128,114,105,150,115,73,110,142,123,123,121,110,111,206,120,90,126,168,122,122,124,140,135,130,133,196,124,97,110,137,125,123,145,138,87,144,138,148,149,131,106,128,127,198,129,130,117,130,145,105,175,116,123,74,145,133,86,184,120,103,128,230,106,109,106,136,129,120,114,127,112,122,113,133,145,142,116,159,159,108,123,110,125,113,212,68,88,115,134,122,124,128,132,113,128,116,145,127
92,117,153,87,164,107,128,109,110,149,137,114,156,134,116,116,130,125,200,165,124,123,122,166,144,129,174,108,106,116,127,135,170,148,196,139,112,124,111,155,127,69,126,96,128,139,65,135,144,134,162,129,137,141,142,103,103,130,141,85,111,150,110,135,97,114,136,127,175,131,131,76,96,139,128,122,159,134,114,104,154,118,91,136,133,124,106,147,157,107,113,100,178,79,112,113,122,166,115,119,112,125,123,155,104,106,145,171,54,156,116,158,254,133,75,154,137,156,146,164,143,75,147,73,139,163,135,144,121,121,127,126,113,145,71,123,113,107,126,132,121,112,139,94,124,158,155,78,138,91,133,144,121,141,103,137,141,154,99,122,101,231,68,130,126,31,119,131,129,134,110,131,128,103,142,107,121,96,124,131,135,118,123,78,148,108,172,139,134,154,122,124,126,118,158,123,137,131,161,99,145,119,160,130,116,180,148,92,94,96,122,131,123,146,91,132,131,91,125,125,64,127,124,92,207,126,136,72,167,112,117,126,118,68,237,137,177,132,72,129,111,105,129,105,123,251,79,149,101,143,154,125,113,110,117,89,127
125,116,121,130,151,166,140,131,139,125,124,138,109,129,98,131,146,124,133,136,139,128,130,128,109,131,127,126,151,128,129,129,129,127,145,121,107,134,134,133,135,127,126,127,132,127,168,151,117,121,136,128,119,131,111,171,134,130,124,134,135,119,120,122,129,138,122,120,137,120,127,130,131,121,139,116,117,122,135,120,122,133,138,110,127,142,128,152,102,133,145,114,137,162,132,134,135,127,126,124,133,147,129,123,121,126,114,134,122,128,118,125,123,132,133,110,120,126,145,129,114,131,126,130,115,119,131,131,114,138,121,137,118,123,127,117,118,131,126,109,121,123,141,125,132,122,128,105,126,129,126,126,111,133,156,143,129,121,115,98,133,129,128,148,138,130,132,142,146,124,133,125,131,116,158,129,118,141,131,128,115,102,113,129,106,129,120,108,132,127,127,135,133,124,126,132,103,131,131,134,123,122,111,121,145,148,181,126,113,131,99,132,141,110,121,141,145,127,126,131,132,115,124,138,146,112,115,110,134,129,142,122,131,141,126,127,124,152,123,127,134,121,124,113,125,110,120,126,132,114,137,127,110,129,156,140,127
130,125,128,123,138,22,127,127,118,138,127,129,122,138,120,125,129,118,125,112,121,121,102,121,124,138,127,130,130,129,105,151,128,116,113,130,126,127,123,127,119,155,134,106,128,118,144,101,134,127,140,125,127,137,106,146,130,122,120,136,139,119,136,128,142,130,127,126,133,126,129,124,115,66,128,123,116,127,141,117,109,125,98,136,120,104,127,108,86,130,142,140,126,116,129,130,146,133,123,95,133,136,129,106,121,130,152,158,136,130,114,128,131,137,129,138,127,108,166,133,124,125,134,127,136,94,120,124,159,140,131,160,84,133,148,122,169,126,126,100,112,148,120,111,116,135,141,114,117,162,124,144,121,126,113,125,119,114,131,110,133,132,115,140,142,134,185,130,141,124,121,135,128,137,152,151,139,114,124,125,141,119,106,122,135,136,127,132,116,125,124,133,146,152,134,129,132,129,176,133,123,104,119,124,166,138,121,122,109,123,123,116,150,85,129,118,205,115,148,127,152,188,136,137,110,187,134,117,121,133,146,121,122,131,131,124,135,190,126,122,135,124,133,125,128,130,127,134,130,135,146,135,125,129,135,109,127
136,145,106,137,118,151,127,123,133,120,132,121,129,128,87,119,168,135,140,128,152,130,146,99,82,107,120,130,101,130,135,78,115,125,168,114,107,127,125,142,128,86,127,132,129,121,107,108,120,97,104,132,144,130,139,108,126,128,127,54,101,132,144,111,66,136,130,117,121,133,134,109,133,138,110,134,103,124,89,233,108,138,152,188,160,124,120,141,139,133,112,146,133,95,118,114,168,127,108,158,127,105,114,122,113,140,97,85,172,148,122,134,120,126,117,103,110,122,105,114,143,125,107,127,87,89,145,127,23,101,120,126,114,120,137,138,125,135,133,129,113,154,109,157,134,116,82,64,122,128,127,130,142,130,109,116,129,109,117,127,125,126,103,140,144,101,118,127,153,144,126,137,70,127,114,132,117,178,124,124,254,146,116,144,150,110,153,132,151,128,128,159,125,162,128,156,107,102,115,137,129,137,124,117,152,136,117,152,132,139,135,127,114,139,120,136,127,133,151,126,112,138,173,112,127,132,123,122,165,111,131,94,117,116,115,127,136,104,129,112,159,130,123,131,147,119,115,136,135,122,90,120,137,131,66,245,127
115,129,128,129,117,162,116,122,109,127,129,127,147,132,125,121,139,117,137,106,103,129,106,134,105,105,119,128,137,127,167,158,103,122,108,138,132,126,129,128,130,130,130,100,137,151,129,108,139,130,121,123,148,112,118,152,141,118,145,137,128,152,137,108,131,124,130,124,158,119,131,132,115,108,149,127,101,112,102,148,127,125,131,109,136,149,125,138,74,128,128,114,133,137,137,107,116,121,119,113,135,179,123,130,125,130,135,138,129,108,131,136,126,120,122,128,142,152,142,118,108,118,117,136,120,141,103,151,136,106,132,144,142,134,105,113,180,119,123,136,152,112,108,129,128,124,133,139,128,155,121,129,117,123,133,121,115,128,139,120,153,85,127,144,129,127,135,120,121,132,120,114,125,136,113,176,123,137,128,127,132,128,128,168,131,137,130,129,126,135,119,121,126,121,131,132,141,131,101,122,128,140,117,132,112,146,162,129,118,123,129,132,128,120,131,124,138,152,140,129,128,119,136,129,140,136,135,146,106,119,128,129,127,133,110,131,119,109,126,117,125,128,125,110,126,85,130,137,124,134,123,133,138,132,118,124,127
107,47,118,88,154,70,190,124,89,86,131,118,180,116,237,121,115,115,94,131,113,122,111,139,127,132,125,134,118,120,140,136,115,108,70,142,147,110,116,117,138,136,133,141,116,100,243,90,120,127,130,117,129,147,68,110,98,113,133,146,133,148,96,100,126,148,142,100,134,128,123,132,91,98,101,137,49,126,141,148,169,123,105,99,132,138,122,90,176,106,107,89,85,164,126,112,133,117,117,133,143,132,137,214,117,121,123,93,175,80,114,120,147,119,120,131,91,123,124,136,155,134,129,146,162,125,112,127,46,115,149,123,135,127,124,114,201,114,132,109,87,103,152,118,124,127,138,124,111,119,120,125,140,157,151,114,97,105,109,135,112,138,79,149,115,126,115,137,163,134,113,126,169,175,101,121,115,108,111,116,91,206,139,94,127,122,139,126,121,116,123,128,131,46,145,125,119,135,88,119,144,98,84,112,77,105,87,106,166,113,115,149,94,87,124,110,147,117,132,140,144,113,93,94,37,123,139,103,103,134,131,111,132,111,110,125,128,87,118,194,132,116,127,139,160,95,151,136,131,127,100,123,115,120,101,107,127
129,119,141,86,128,104,134,117,106,121,140,124,115,145,123,127,122,130,125,94,111,107,116,93,140,141,126,142,124,114,133,109,80,161,113,119,131,121,135,88,126,139,118,143,118,131,119,132,108,122,116,126,153,109,126,99,82,112,170,127,121,134,136,88,167,100,134,156,100,125,93,131,149,128,135,120,185,87,105,115,123,130,109,171,133,81,126,128,137,104,132,110,133,153,106,96,120,127,82,126,228,104,137,118,113,87,118,121,123,171,112,128,141,163,98,143,131,144,125,138,119,74,128,132,113,128,131,101,126,119,113,123,134,102,146,114,96,105,127,124,118,151,134,126,105,118,111,124,127,113,112,123,123,157,143,101,111,112,127,123,121,126,112,127,176,131,116,124,134,118,102,122,163,138,106,112,152,120,125,127,115,132,116,120,88,124,101,133,132,110,123,135,124,77,136,122,144,113,122,120,140,124,144,107,127,200,115,86,118,81,135,130,122,113,84,118,126,144,132,142,150,129,117,137,124,130,122,113,127,111,122,114,90,133,136,104,114,142,101,99,133,72,123,94,105,137,134,136,103,139,96,118,114,87,117,148,127
110,128,117,116,94,90,133,132,127,131,127,129,100,105,110,129,130,115,123,104,99,136,97,136,99,111,116,125,132,129,127,75,115,125,146,147,142,128,131,154,118,90,152,127,114,124,122,123,120,115,107,81,148,140,130,154,112,129,98,92,94,116,141,85,118,133,127,154,133,104,121,131,136,117,113,191,104,124,63,128,142,118,144,88,120,179,115,105,79,132,116,167,125,125,118,139,120,65,126,135,121,93,136,78,122,165,133,110,117,105,120,141,76,137,161,87,133,103,86,118,115,138,103,118,88,139,111,125,92,145,121,125,83,127,148,122,93,132,139,124,163,131,89,133,90,125,163,113,117,80,118,102,142,133,123,133,132,108,120,171,153,91,138,155,138,90,121,133,116,158,129,120,93,101,93,131,131,114,124,72,142,79,106,129,144,119,145,106,131,134,134,161,117,81,111,144,156,102,101,114,128,121,131,127,112,154,90,119,106,139,122,109,116,123,106,122,104,139,127,121,162,98,117,135,108,113,109,134,124,130,137,139,137,160,109,138,117,85,115,122,138,119,148,120,126,113,99,141,116,123,89,160,138,125,109,126,127
145,130,127,115,108,104,126,123,130,128,128,124,136,120,115,137,125,126,117,169,124,130,144,136,127,123,117,123,134,122,131,129,134,131,130,127,118,122,126,134,135,137,126,144,123,131,138,149,137,134,117,94,135,114,137,123,118,121,149,102,132,154,137,115,131,133,117,146,136,137,115,121,153,134,116,117,103,132,129,130,121,131,129,109,151,136,125,134,79,128,132,113,123,119,122,114,138,117,125,101,124,142,128,126,123,133,124,127,140,122,136,129,144,116,124,121,124,131,124,117,123,120,118,132,124,146,156,124,105,132,123,118,114,128,134,111,140,122,115,119,115,135,113,121,117,144,122,99,93,160,124,128,141,128,112,124,123,130,124,171,139,114,126,115,109,132,127,136,77,127,128,123,134,120,167,127,126,134,126,177,128,142,114,138,104,135,139,122,122,119,124,132,127,119,139,130,130,131,123,129,110,124,118,131,126,138,136,125,120,132,129,139,95,163,118,127,126,127,131,115,109,77,127,129,106,116,116,126,109,127,118,121,119,127,133,124,126,111,142,134,123,121,128,167,126,106,120,129,124,125,129,129,121,129,114,125,127
120,126,134,126,120,94,121,125,111,133,130,129,130,139,116,130,129,128,136,137,128,128,127,127,121,119,128,130,135,132,121,133,120,136,128,127,123,126,126,137,97,98,135,135,135,118,141,154,127,121,142,114,124,122,148,137,115,125,117,130,135,122,145,117,143,145,130,158,149,131,123,113,128,71,137,135,121,132,131,126,126,140,115,144,139,118,124,98,89,123,139,144,121,107,128,141,116,120,128,79,135,131,129,140,139,125,154,144,124,139,116,134,121,130,131,139,117,123,140,130,142,130,131,136,133,121,156,129,136,128,129,170,70,129,137,122,175,129,135,123,119,136,97,122,98,131,115,144,94,93,126,135,129,124,93,109,127,128,101,139,143,122,128,130,142,127,130,122,128,130,129,129,124,125,193,132,121,137,127,131,145,129,129,120,136,124,137,127,132,129,127,126,151,152,128,130,128,123,141,137,123,138,145,138,103,135,120,129,111,124,138,124,136,96,126,152,207,112,139,136,109,122,120,132,126,154,129,117,112,120,125,133,131,130,130,132,140,150,136,147,128,129,132,99,141,149,138,129,135,111,105,127,129,131,136,113,127
146,136,127,117,139,102,137,129,112,118,136,129,134,172,132,128,165,88,137,218,130,127,147,132,133,125,127,135,126,126,108,97,121,111,109,124,115,127,125,121,114,122,133,92,132,115,188,189,154,127,114,167,114,163,92,139,127,132,113,219,139,137,114,170,147,124,126,117,137,135,127,117,133,123,114,120,128,134,151,106,144,114,97,123,139,115,125,241,123,127,127,106,80,155,119,121,141,97,119,110,119,130,127,157,120,121,119,104,125,111,129,120,133,123,130,129,84,107,125,115,138,119,124,126,141,159,128,132,105,115,123,131,107,129,122,122,150,130,145,85,98,152,154,117,166,98,150,135,139,101,127,114,117,137,114,109,129,127,151,139,115,125,106,114,122,148,145,127,61,124,140,121,137,133,38,151,125,102,125,78,132,162,156,114,133,134,151,146,125,129,122,139,149,124,115,114,100,123,173,152,109,129,130,117,182,129,151,129,115,123,158,127,118,116,131,110,156,115,140,126,138,154,140,153,97,107,127,122,85,113,119,104,134,127,138,121,138,163,136,152,100,121,124,91,154,167,166,122,118,135,151,123,124,126,111,140,127
125,121,131,137,110,123,122,149,217,147,150,136,122,118,143,131,140,128,113,113,209,153,135,91,107,128,119,159,120,163,136,156,182,162,141,129,67,126,122,127,124,36,161,62,141,97,50,119,133,99,142,125,123,135,124,153,105,139,104,141,105,74,73,138,171,192,149,152,51,147,107,146,134,150,75,126,88,180,40,241,62,179,114,126,127,49,130,96,116,136,109,156,63,119,124,122,133,101,134,154,130,144,144,147,120,149,94,106,254,109,129,131,98,146,226,137,128,135,118,133,158,123,126,74,92,68,112,107,101,251,146,146,126,120,92,106,127,149,132,111,121,63,80,142,123,163,155,144,125,157,126,143,133,254,130,0,125,136,85,119,171,186,225,83,135,121,160,149,124,153,104,126,94,20,97,64,100,119,135,120,147,151,98,91,107,127,115,110,114,72,137,172,126,89,159,140,78,106,109,110,153,119,128,148,119,210,100,138,100,134,126,129,112,125,133,122,135,200,132,109,199,130,114,164,94,120,132,128,137,176,226,104,143,153,75,113,78,128,141,181,123,148,127,146,100,60,151,143,126,110,139,119,115,116,153,113,127
144,120,109,108,124,137,132,101,126,128,97,139,113,123,139,105,183,135,110,145,131,111,141,170,149,134,119,105,125,121,115,114,113,111,103,107,163,142,153,82,131,138,138,133,154,128,111,127,150,135,85,126,144,141,108,113,127,95,169,133,111,126,102,86,99,102,130,117,127,115,124,139,149,141,136,131,155,100,106,147,117,179,68,186,127,134,109,128,148,138,141,107,128,88,119,94,134,137,82,133,112,131,125,126,104,110,122,134,101,90,166,143,122,87,127,145,134,135,157,154,130,134,144,65,97,115,125,88,172,86,127,132,118,114,98,174,113,132,121,84,109,143,140,130,122,123,105,119,118,110,120,92,112,97,123,131,116,138,123,123,105,98,127,101,179,128,124,107,139,105,125,98,129,118,146,125,137,127,148,127,122,131,111,144,84,129,102,81,153,98,100,47,132,65,151,108,122,127,119,122,75,106,139,129,113,147,99,138,100,84,137,118,117,125,105,117,104,126,115,147,127,120,126,109,124,136,102,71,117,123,125,126,78,82,114,103,125,108,117,147,103,127,117,38,116,136,134,88,106,122,95,132,112,99,124,146,127
125,174,149,126,223,150,103,120,144,116,132,129,139,124,116,130,111,111,127,146,109,125,119,115,133,145,131,125,119,120,117,113,129,111,143,136,148,118,118,139,137,128,125,139,123,114,153,131,110,134,78,132,138,102,115,104,138,116,133,93,114,114,127,118,116,137,114,254,157,131,119,135,112,111,108,116,172,141,103,104,109,121,138,125,91,181,128,108,124,133,103,116,109,161,132,127,93,124,115,125,105,114,123,108,128,117,192,134,105,101,134,122,124,126,129,109,113,109,132,121,128,134,155,122,103,160,124,123,125,131,112,121,118,115,120,112,77,114,116,111,84,135,176,122,113,176,140,135,140,83,126,148,130,85,81,121,134,113,135,120,254,120,139,47,110,119,107,126,143,130,123,120,115,126,98,103,129,136,124,115,132,119,136,124,103,118,160,112,132,117,132,126,128,86,115,150,90,119,116,114,129,148,110,126,122,117,73,127,163,123,117,121,120,117,105,87,104,110,133,113,142,124,132,196,113,126,116,118,108,118,118,120,130,117,124,124,116,129,117,140,118,121,119,106,116,105,104,132,107,118,95,129,126,123,114,121,127
119,129,132,123,120,133,132,162,124,127,149,120,116,110,150,156,137,128,122,132,139,71,134,146,109,113,116,178,129,128,103,141,122,136,130,131,122,202,96,93,124,157,86,148,116,133,132,129,134,127,120,127,107,130,123,137,139,111,126,153,151,119,113,130,124,133,127,120,134,126,109,138,92,127,135,136,98,124,150,158,126,125,150,112,128,107,116,111,119,134,104,133,123,119,117,140,129,127,102,125,109,138,40,142,139,142,130,127,134,123,118,110,150,106,136,133,125,125,126,133,139,139,138,118,124,126,129,148,100,153,136,122,134,124,127,105,155,145,121,135,121,127,134,119,135,126,143,112,130,136,117,109,65,74,119,131,102,150,115,120,109,114,124,133,105,118,111,133,120,91,108,158,114,122,121,137,124,133,171,127,128,136,132,127,117,106,128,120,146,125,81,125,128,127,124,171,133,128,111,129,148,108,106,132,131,143,124,148,129,148,127,128,133,140,151,145,131,134,123,118,121,111,130,136,140,127,152,135,130,121,112,135,215,115,144,164,103,128,127,145,131,110,91,135,146,147,139,173,147,108,125,124,126,94,117,114,127
126,3,124,135,144,163,162,142,113,109,119,122,167,130,186,131,110,128,86,99,110,123,123,132,120,148,155,130,151,134,130,78,102,128,62,140,151,120,128,131,129,189,136,166,129,140,97,130,130,129,139,122,137,139,7,106,133,135,132,141,121,163,254,123,126,114,127,120,127,37,149,132,146,88,105,134,114,134,101,121,170,129,127,129,128,161,142,94,128,118,151,92,139,89,121,134,133,121,136,112,127,97,125,172,142,114,133,151,86,93,152,120,103,133,154,131,145,141,92,110,132,140,131,151,133,143,143,140,100,91,135,108,115,126,158,104,94,125,162,166,93,134,102,142,159,131,135,149,84,132,139,126,149,141,130,142,137,142,98,113,143,136,148,92,123,122,128,226,132,138,124,124,144,86,83,111,151,173,128,125,125,101,153,132,114,137,115,141,70,132,125,132,130,120,116,100,141,126,109,112,144,127,124,147,157,108,159,117,101,123,123,138,102,146,126,121,110,155,134,123,137,102,127,140,149,114,165,55,133,147,133,127,151,96,123,124,106,112,125,181,128,128,131,133,122,149,146,127,130,126,135,127,150,143,116,134,127
115,131,106,119,137,117,124,134,127,126,63,127,113,118,147,120,131,126,126,129,159,139,112,133,138,159,126,96,127,127,95,125,139,102,128,131,115,121,169,169,130,104,127,98,125,135,114,124,134,113,147,128,98,196,138,150,109,137,90,106,136,114,126,154,116,110,105,102,113,119,93,126,104,127,136,132,129,136,119,137,120,129,125,154,134,103,130,134,127,107,121,125,123,113,119,122,147,110,165,128,136,131,150,121,124,148,128,126,121,138,112,211,121,76,140,107,133,105,144,136,121,114,128,120,110,122,126,131,139,119,141,117,130,144,120,147,156,100,136,114,141,106,124,128,85,127,131,127,118,158,141,125,158,110,97,136,138,126,105,135,142,115,134,103,114,127,141,121,140,51,213,81,124,121,107,103,101,127,92,128,147,165,122,130,162,106,110,115,125,82,161,97,128,118,131,93,135,133,136,108,120,146,121,112,129,132,137,138,98,129,128,126,103,120,218,139,114,187,136,137,156,132,98,119,148,130,125,137,124,122,134,123,111,113,122,92,144,121,123,119,114,116,84,145,146,149,124,98,143,113,133,123,131,160,124,143,127
131,109,122,118,138,129,142,124,112,125,112,115,139,88,133,114,132,130,143,105,117,116,68,96,128,98,131,123,116,129,112,163,138,125,139,132,125,127,127,150,123,120,130,133,132,132,125,131,106,137,137,132,140,111,131,125,116,132,204,142,119,97,141,139,120,119,120,86,148,129,162,132,112,151,136,110,138,124,127,136,116,74,113,145,138,142,138,141,132,139,110,142,121,110,135,130,145,130,124,107,170,113,131,118,145,115,128,108,155,150,141,123,133,131,121,143,129,113,65,103,138,140,125,110,124,123,134,128,105,148,166,113,144,101,134,128,125,131,126,112,129,155,147,122,83,122,133,93,116,179,118,118,123,164,128,148,116,99,148,119,139,120,108,145,134,150,125,124,126,128,124,121,107,130,124,115,143,134,131,122,102,141,123,113,132,134,109,115,113,86,134,140,128,99,107,116,111,114,118,99,114,128,128,88,116,140,109,145,160,123,125,117,134,117,110,155,130,122,119,131,141,101,144,122,110,118,132,135,121,150,145,133,127,118,145,129,118,88,114,147,132,146,130,98,113,102,117,137,141,136,94,143,126,125,106,126,127
124,111,43,121,89,96,104,97,135,107,115,139,132,123,130,120,190,121,181,148,142,136,165,97,117,141,63,147,108,129,132,97,102,162,118,126,120,130,127,110,128,114,137,74,122,161,160,129,150,120,123,123,137,121,153,185,130,158,134,100,129,46,81,77,103,117,138,91,155,158,126,124,110,141,200,129,54,103,138,142,121,164,138,80,124,154,119,110,95,135,130,73,153,162,134,94,126,127,133,137,129,148,134,131,94,124,100,76,194,124,147,128,82,125,135,102,107,134,132,121,145,100,92,145,138,99,133,118,103,169,139,109,106,125,100,116,125,101,167,109,120,42,117,133,123,133,146,113,137,147,130,133,143,110,119,147,80,141,119,119,80,39,155,134,171,105,120,150,120,124,98,132,172,156,118,118,176,124,125,125,113,157,128,130,153,143,130,125,132,150,117,126,129,77,139,138,118,66,139,149,153,136,94,91,115,138,123,112,181,151,125,119,121,125,132,115,112,151,148,128,197,105,116,162,76,125,99,63,120,144,187,103,153,177,94,113,128,133,119,127,133,150,127,134,140,15,138,134,136,116,135,130,109,155,161,118,127
103,80,116,108,107,96,77,103,129,122,101,128,115,106,82,103,140,107,122,113,68,122,146,118,128,77,84,118,124,124,125,114,67,116,173,116,118,114,104,87,111,104,112,73,116,93,104,96,94,111,121,117,117,118,96,157,87,100,120,107,113,66,126,109,98,115,127,110,144,122,125,117,112,101,88,124,102,75,79,115,121,111,93,125,106,86,132,130,105,111,121,90,78,79,116,116,98,124,91,119,154,89,107,97,108,165,82,102,103,93,161,128,123,95,80,114,112,111,128,122,99,95,106,114,99,85,107,109,91,103,128,108,107,111,101,107,80,96,95,106,79,107,45,85,132,98,108,66,106,102,106,100,131,125,75,131,144,82,124,90,104,118,96,108,108,82,118,100,96,120,106,110,94,108,96,115,84,111,107,112,124,65,102,71,97,113,127,123,120,132,121,135,115,79,107,100,113,113,108,117,109,102,94,120,99,135,124,100,63,125,113,114,143,109,104,120,105,139,121,109,112,119,120,125,83,109,116,116,110,117,101,118,132,93,94,123,76,108,101,93,117,62,114,106,110,80,117,137,76,102,123,139,138,97,118,113,127
123,117,147,136,88,138,120,118,117,129,122,115,141,82,67,131,107,128,139,111,122,130,151,130,113,132,140,122,113,125,139,148,115,125,122,130,110,122,125,136,131,93,114,124,122,131,110,254,133,122,94,100,113,109,130,100,99,130,127,196,138,133,134,134,157,127,121,85,113,131,119,146,101,120,143,119,94,118,220,99,150,116,102,102,96,126,125,71,89,125,96,110,95,115,138,120,117,106,120,116,138,134,125,153,119,129,143,108,129,117,116,124,131,116,131,125,125,134,111,114,134,129,122,124,128,151,162,125,93,127,121,158,127,124,107,132,87,128,122,118,99,121,13,125,125,131,114,114,122,135,134,121,119,129,91,116,112,124,170,128,137,138,113,96,131,151,157,117,159,138,119,127,133,126,207,132,135,105,124,127,104,169,149,115,127,135,132,122,129,134,128,140,117,107,108,107,98,125,169,147,120,160,95,121,125,117,140,125,106,120,127,126,184,98,129,115,115,120,126,143,99,140,145,143,139,114,124,99,133,130,125,121,131,118,123,117,121,129,130,162,109,118,124,126,105,149,142,116,129,113,103,137,104,101,130,119,127
134,127,128,125,142,110,124,108,135,127,123,132,126,116,126,143,134,129,136,125,121,116,45,150,127,160,132,124,124,131,170,122,119,141,118,131,133,126,127,117,131,133,123,120,119,124,116,138,154,128,114,126,89,145,128,108,120,129,149,129,101,130,122,137,113,122,130,140,128,124,128,118,127,132,143,122,133,127,115,122,131,130,115,132,124,115,138,125,116,130,130,141,138,114,128,130,125,118,134,107,143,130,128,119,126,131,135,122,123,134,181,124,112,123,121,148,136,115,139,80,131,108,121,124,130,119,97,114,139,123,132,130,150,130,139,125,116,125,132,124,133,121,141,129,125,146,129,154,132,138,120,125,140,164,129,106,129,124,121,124,154,118,108,124,148,124,128,116,120,145,153,120,124,128,110,107,116,132,132,126,127,141,130,136,108,128,69,162,105,129,118,149,127,123,136,121,131,134,124,126,135,140,119,120,140,147,126,128,157,122,124,128,129,122,155,130,139,139,124,130,140,136,120,113,130,126,115,130,121,105,138,129,114,136,132,129,145,127,123,121,123,128,135,143,123,115,132,131,101,138,114,136,120,111,122,123,127
134,102,140,130,106,31,142,122,94,119,133,122,117,112,103,132,101,142,137,107,125,123,116,124,113,118,125,123,134,122,111,52,127,122,117,125,134,121,126,113,130,134,130,130,119,118,131,133,74,121,109,122,123,142,107,116,128,135,124,133,136,118,130,187,128,114,128,142,142,123,129,120,112,94,135,114,92,126,125,107,127,135,113,123,60,156,123,113,120,124,130,99,108,118,135,127,162,103,121,124,124,131,125,117,130,131,42,136,121,114,122,128,108,125,127,86,133,144,134,115,129,140,131,132,130,245,123,132,113,116,130,131,95,134,121,122,90,124,116,91,118,125,130,121,120,111,133,147,116,99,127,105,118,112,139,119,120,172,117,119,174,133,127,145,113,116,159,122,116,130,123,116,121,131,122,147,123,121,119,117,133,126,131,139,103,126,136,62,118,120,125,123,118,114,113,132,120,139,115,121,110,155,115,133,153,126,96,135,135,119,132,131,114,114,122,117,114,120,124,132,109,110,110,109,121,106,110,128,101,135,123,118,117,114,107,125,122,143,117,127,125,132,128,116,148,141,142,135,110,126,121,129,122,131,119,91,127
129,101,127,127,155,86,124,117,113,145,128,157,122,125,120,132,132,131,102,160,129,128,119,133,114,122,129,130,111,117,125,156,127,122,130,131,150,130,122,123,126,107,127,116,123,112,80,104,124,123,127,130,113,124,148,120,120,138,109,150,138,121,148,122,115,111,116,124,144,132,118,123,119,128,135,124,177,139,121,112,123,118,122,91,130,121,119,113,93,127,110,140,107,100,130,118,146,158,127,115,139,145,125,101,132,143,116,128,140,125,120,131,142,141,116,137,137,132,128,150,117,114,141,106,132,141,125,123,100,138,123,124,155,129,114,147,134,132,150,122,120,84,81,133,136,127,108,126,137,133,124,126,127,146,157,125,111,126,125,119,154,106,114,106,112,119,148,122,119,120,123,136,127,111,152,127,133,154,128,126,115,119,43,122,145,127,120,130,122,127,125,133,134,132,124,131,118,124,102,138,134,97,133,134,120,114,126,135,119,117,147,254,132,103,125,127,138,126,153,129,116,121,178,136,174,105,135,126,149,123,128,129,129,117,118,129,138,108,130,88,142,131,126,125,111,135,152,125,132,130,114,131,125,122,132,124,127
159,130,131,139,130,130,133,121,118,130,74,127,107,114,147,70,132,130,136,132,130,63,123,171,127,126,146,66,136,133,130,136,129,136,143,114,137,132,142,39,130,100,153,125,184,131,140,123,116,127,130,126,113,84,115,112,113,99,150,121,104,131,139,129,122,128,127,141,127,132,113,120,137,132,135,132,140,124,159,137,125,117,84,134,140,134,134,121,110,81,122,123,121,157,131,142,133,132,121,134,165,141,42,124,114,144,129,133,131,90,104,114,128,206,122,108,124,136,130,123,125,127,120,152,133,122,124,107,137,90,135,129,131,115,132,144,114,166,125,134,114,169,128,125,139,88,150,106,137,124,133,121,128,57,159,135,115,127,123,127,151,132,150,137,132,125,143,122,132,60,120,110,169,117,142,131,131,121,138,132,121,107,137,101,112,136,106,125,120,122,100,76,129,65,100,130,120,119,128,116,102,137,173,123,129,181,137,129,148,130,134,126,129,132,130,139,125,99,103,131,114,138,134,125,133,126,117,130,134,100,113,130,104,127,148,103,207,132,145,132,125,135,50,104,110,132,130,101,146,120,130,131,131,51,139,119,127
132,111,122,131,122,107,109,125,113,128,133,120,120,116,120,126,191,132,103,102,106,128,87,121,114,115,137,128,121,131,159,98,123,126,113,133,143,128,132,117,125,127,127,92,126,119,119,128,120,131,124,125,156,115,131,134,147,143,158,103,128,151,110,143,131,122,134,120,139,126,117,128,114,115,141,125,103,120,86,139,110,160,152,126,127,166,129,134,106,128,118,128,138,160,140,118,147,115,131,102,133,160,123,126,128,142,158,138,117,101,132,128,113,121,154,102,140,96,166,114,108,117,120,130,132,125,82,152,114,106,134,121,133,128,106,123,183,121,126,111,149,116,93,165,107,125,139,165,123,156,127,132,111,130,111,125,116,154,131,130,115,72,158,141,153,122,83,123,117,124,120,127,123,124,107,173,124,102,130,130,116,114,137,125,123,131,116,150,115,131,124,114,123,111,109,157,136,134,113,105,134,145,114,140,165,123,133,128,117,136,128,139,126,105,139,108,130,158,148,136,121,129,134,125,136,130,166,159,120,118,126,133,124,127,121,126,118,104,127,124,126,132,121,96,138,124,127,126,134,117,125,124,141,131,128,106,127
124,135,141,144,138,118,136,127,122,122,217,133,121,120,116,0,98,134,119,118,139,132,112,162,144,160,149,109,120,134,125,86,147,181,113,216,122,51,142,108,128,127,215,123,161,156,90,114,127,116,111,127,170,139,135,101,130,161,113,119,114,128,134,93,100,111,122,133,64,137,131,118,98,130,115,133,120,122,151,61,136,116,159,130,127,207,123,130,125,143,133,119,97,117,135,110,121,130,206,117,115,124,111,104,131,137,148,127,131,157,69,24,150,99,98,136,122,132,137,133,112,132,138,101,139,142,132,174,143,62,123,120,147,123,142,143,135,194,128,115,156,134,127,132,137,119,135,90,124,116,112,145,108,96,108,117,158,130,157,131,124,120,101,124,145,110,125,128,116,217,5,161,135,107,127,87,135,132,129,123,129,108,131,107,134,130,158,140,24,123,72,115,128,159,126,72,128,136,118,137,143,124,136,119,132,80,126,126,102,127,124,122,118,134,122,138,135,134,116,138,130,126,127,122,118,128,144,101,128,129,92,134,81,100,117,141,164,134,136,133,133,171,244,134,146,134,136,56,136,130,121,132,126,163,114,137,127
109,100,165,124,157,139,104,109,125,107,112,121,115,144,108,108,137,131,131,155,67,135,126,120,106,111,70,133,99,126,110,150,50,123,127,126,87,127,114,119,125,79,111,108,137,117,100,145,120,111,174,128,148,140,99,127,133,140,163,95,115,116,105,135,140,83,127,127,178,80,131,101,96,137,143,128,152,127,89,130,122,122,71,136,127,44,136,130,134,119,112,152,122,123,114,90,128,148,93,154,102,113,132,147,118,152,137,161,160,101,181,116,125,150,137,161,124,129,155,123,195,111,138,94,136,133,136,114,148,150,133,127,161,121,114,96,68,87,83,120,96,49,139,82,113,138,136,61,107,91,144,124,143,132,112,146,87,117,122,138,151,99,118,124,73,107,153,81,137,121,124,112,132,101,124,108,133,103,122,129,130,136,122,115,106,121,130,140,133,177,126,166,131,64,158,82,136,146,119,115,157,152,145,146,135,177,144,104,116,119,130,139,123,129,91,112,154,115,121,96,112,126,142,150,192,123,138,100,120,133,107,121,140,118,150,116,144,135,94,86,135,143,126,97,116,143,76,126,95,127,123,120,105,105,126,112,127
121,125,136,125,127,127,117,122,133,125,121,130,127,141,140,129,150,127,141,116,109,135,122,130,130,106,129,136,140,129,123,114,117,132,114,128,129,126,132,111,129,124,130,121,125,122,153,131,134,120,119,125,138,131,116,153,127,118,110,116,118,130,130,132,123,109,132,134,137,125,121,132,130,141,137,126,137,132,71,124,126,114,118,138,127,112,127,115,107,131,130,148,121,130,131,134,137,126,115,112,125,151,126,131,126,127,137,127,120,117,135,121,126,130,128,118,124,135,109,111,119,132,131,124,128,116,130,141,127,131,129,115,142,132,113,123,163,133,121,121,137,134,117,139,93,140,124,142,126,135,124,133,140,131,134,125,108,128,120,131,169,115,136,126,129,138,124,128,119,130,131,126,125,120,124,154,111,144,127,128,127,124,135,155,141,128,139,150,134,132,125,137,126,133,115,128,145,118,110,120,132,139,136,132,134,147,121,138,185,121,121,127,153,130,121,162,136,134,143,124,116,125,124,138,139,123,119,132,127,150,136,127,129,139,118,124,116,119,122,119,131,110,131,116,118,104,127,129,126,123,115,145,131,132,121,146,127
133,122,131,121,126,131,137,113,120,123,109,133,135,121,134,132,106,134,123,97,128,110,138,115,117,149,137,106,128,127,119,104,119,104,127,131,130,112,118,112,126,140,98,78,105,139,144,107,124,122,127,128,101,102,126,74,122,119,103,141,126,148,132,107,101,132,127,142,127,109,138,139,127,124,85,142,143,134,126,120,125,132,121,125,116,92,96,123,116,121,118,136,123,160,117,113,115,120,98,123,159,156,149,121,137,156,121,137,131,155,125,122,129,101,114,111,142,135,132,133,117,131,114,126,101,129,130,129,133,101,131,125,126,102,117,122,133,126,129,128,126,100,110,110,135,116,107,122,128,138,121,143,125,65,120,109,122,127,129,125,146,112,133,132,87,130,117,117,120,106,131,118,191,113,134,100,159,127,130,127,141,113,143,125,110,115,121,153,103,186,113,115,127,103,97,104,115,124,113,119,121,152,150,137,131,112,124,112,100,138,132,129,124,130,155,127,126,112,119,112,150,127,114,122,132,125,120,134,127,119,114,130,115,102,106,124,118,130,141,127,126,104,119,120,119,107,134,85,85,151,128,143,126,123,129,94,127
146,115,134,102,117,116,176,120,129,183,125,163,161,122,208,127,124,127,78,113,100,128,117,124,93,128,134,115,158,84,110,85,102,129,148,138,179,127,125,123,133,233,115,64,126,185,76,126,127,107,110,133,127,127,138,120,157,124,117,158,128,25,151,93,115,0,128,156,117,79,123,129,112,155,117,124,177,144,98,113,113,130,47,131,105,115,160,90,107,118,158,163,143,119,135,122,99,130,135,140,118,129,138,40,147,126,140,242,113,122,187,134,133,153,94,125,92,115,117,127,165,111,129,130,150,137,102,114,122,143,129,130,104,143,177,97,58,121,147,249,159,161,145,124,109,121,114,166,142,128,146,139,123,121,167,142,132,124,164,99,127,172,163,145,140,160,124,189,91,134,121,128,156,110,164,130,163,182,121,119,130,145,140,112,147,141,127,126,102,120,128,123,131,128,127,119,141,136,159,127,120,133,122,152,126,111,104,137,92,149,139,88,118,130,148,127,103,127,145,121,132,160,92,107,127,98,161,145,106,137,130,122,140,100,124,114,133,108,143,31,98,135,132,125,124,140,161,147,127,143,110,126,154,120,92,120,127
131,133,130,125,106,131,124,43,135,124,109,120,132,119,136,103,111,127,141,137,175,40,143,238,151,141,132,72,136,121,131,121,150,116,122,114,126,64,112,66,129,121,76,147,126,124,134,129,127,133,146,129,143,178,119,130,120,100,103,106,140,114,140,103,93,140,138,147,144,141,70,118,62,109,129,126,116,112,157,102,130,146,147,136,120,124,134,116,134,174,115,105,124,119,126,140,129,127,165,132,121,154,145,123,85,141,116,127,127,0,122,98,139,77,170,122,145,105,119,127,125,193,146,124,134,117,119,90,107,130,151,126,128,148,136,122,143,88,98,136,138,119,113,125,123,96,132,120,127,119,110,109,118,45,122,143,148,121,102,124,133,152,167,110,123,116,126,125,128,187,150,118,113,136,132,129,133,132,119,126,102,132,112,130,106,78,185,109,134,167,163,51,130,109,116,110,127,120,139,128,161,130,102,158,131,121,103,155,106,122,129,123,130,115,104,127,130,115,175,107,116,133,112,105,137,131,120,159,128,121,130,125,195,113,142,121,84,132,157,151,124,110,148,126,193,141,96,61,120,100,133,121,117,91,123,89,127
131,150,102,129,134,105,112,163,188,122,121,123,126,79,125,117,104,131,131,59,130,111,80,120,134,115,127,134,131,129,233,151,143,109,173,147,122,124,123,140,129,146,150,119,94,128,131,136,26,133,143,128,119,170,134,122,121,134,112,136,141,125,88,94,107,130,97,158,137,130,130,134,118,98,129,111,116,128,104,139,130,223,95,93,112,141,125,130,119,137,130,159,130,105,112,173,139,126,126,100,57,141,126,115,86,155,123,141,122,123,131,108,110,122,132,114,137,46,130,90,130,125,94,190,113,106,91,127,122,158,151,136,127,115,155,113,104,107,126,123,94,83,115,123,147,69,163,97,119,136,130,182,140,161,189,84,137,200,104,122,119,143,182,120,86,119,177,131,132,142,121,137,137,122,126,109,171,134,140,120,131,147,120,140,151,127,134,207,134,176,131,192,133,152,118,120,141,111,104,123,98,148,121,192,132,118,189,111,97,113,125,133,113,120,138,118,121,85,129,94,177,143,127,126,128,136,123,115,134,88,144,132,107,141,143,107,62,110,134,122,118,103,118,159,114,145,136,116,121,105,115,124,134,129,129,76,127
133,105,119,129,136,128,128,97,124,121,94,127,115,111,115,71,118,127,108,162,121,81,115,92,133,117,116,72,113,126,121,116,115,115,134,123,112,114,116,101,127,78,95,128,97,133,126,127,124,130,155,126,122,97,129,115,115,120,112,112,122,107,117,124,111,131,113,103,83,118,82,133,128,126,136,120,110,124,125,139,120,131,102,158,117,124,115,120,146,103,134,117,139,121,122,132,118,118,119,125,129,132,107,113,134,148,129,155,123,101,125,101,122,111,119,115,136,108,131,140,125,108,116,124,120,137,120,108,133,86,127,123,122,120,124,113,117,102,118,130,104,152,137,118,104,111,116,127,127,117,136,110,0,75,106,100,148,121,132,118,104,113,106,126,143,127,122,122,123,0,94,107,110,116,128,117,63,100,115,125,131,118,127,122,131,127,120,129,109,106,118,86,129,93,109,83,121,111,124,137,100,136,122,123,135,113,166,132,134,140,125,128,131,135,139,115,107,99,98,127,121,135,136,131,122,133,115,114,142,115,131,139,96,131,130,124,93,123,137,131,131,111,73,144,134,121,139,101,124,125,129,117,128,127,136,92,127
128,119,132,107,108,120,121,129,113,125,120,127,131,144,100,125,132,120,116,112,124,125,138,122,178,129,141,131,96,117,102,171,122,128,137,132,168,130,126,129,124,110,133,155,120,142,132,19,109,131,117,130,125,130,107,103,118,127,130,100,120,102,148,130,145,110,136,113,139,126,133,111,116,254,93,131,108,136,128,127,136,140,129,128,142,149,125,121,178,120,122,138,127,143,130,120,141,124,133,254,129,86,136,130,138,129,114,138,142,104,136,132,144,123,111,116,153,112,107,125,128,127,129,110,115,112,135,131,150,106,150,103,88,130,140,134,151,132,108,126,150,99,158,140,128,137,131,138,125,86,124,131,117,143,92,117,137,127,142,124,135,101,99,127,115,124,68,151,143,124,124,117,118,125,96,117,107,134,129,141,115,97,127,141,147,122,126,121,123,122,125,153,127,144,122,129,110,131,119,127,121,132,137,139,134,123,140,118,103,136,118,127,125,122,121,128,115,127,143,126,121,112,80,97,137,128,123,118,155,133,131,143,143,124,117,134,129,136,138,87,117,124,121,125,136,120,102,132,127,140,121,118,126,108,147,113,127
117,131,119,107,136,110,136,101,132,128,105,125,117,127,125,27,158,128,116,112,161,151,142,161,148,139,129,35,151,122,140,123,115,94,131,66,125,118,49,168,123,96,97,118,127,146,133,115,133,120,122,122,220,172,126,166,112,152,116,84,193,107,138,103,89,121,130,132,151,127,90,117,44,124,123,130,155,120,136,146,123,158,124,93,115,121,140,121,127,146,110,120,131,128,137,130,114,128,184,142,138,141,240,130,117,132,133,126,124,130,93,192,139,0,122,106,143,132,133,129,127,106,120,160,102,144,122,129,121,112,135,130,120,129,141,128,132,119,96,121,110,142,114,116,127,136,132,93,118,138,140,139,199,53,102,128,106,130,103,123,156,134,153,120,88,133,114,132,132,200,214,51,106,127,118,143,114,154,123,121,118,127,104,130,134,71,195,127,114,100,133,0,127,115,147,69,139,119,133,117,112,135,118,157,127,77,129,155,96,138,126,122,121,129,154,140,120,121,122,124,83,126,107,114,128,124,148,130,128,138,117,127,116,116,134,61,79,134,129,137,120,179,186,71,146,160,94,81,153,98,126,126,121,152,102,118,127
108,129,131,143,115,104,120,137,116,118,138,131,254,105,135,137,132,123,90,144,68,133,145,124,108,144,118,128,101,147,137,154,37,131,125,137,139,120,161,153,133,116,141,109,147,83,192,129,121,126,142,131,108,132,130,159,90,107,136,111,134,104,55,147,138,111,116,122,172,92,135,125,110,131,174,122,138,122,143,133,105,121,74,132,146,114,120,124,56,147,121,118,124,130,137,126,131,141,143,145,127,210,116,84,125,94,116,113,136,118,127,126,139,132,118,139,121,125,134,140,145,133,114,108,114,115,109,133,61,192,122,113,75,141,96,107,127,159,157,133,162,123,113,105,128,125,142,147,136,135,105,109,167,156,121,131,128,137,128,138,153,144,118,106,117,113,115,123,107,126,130,142,134,122,115,136,107,198,144,124,125,168,145,180,107,129,127,153,147,112,136,156,128,113,153,85,114,136,128,61,129,151,149,114,123,141,95,109,177,130,124,138,111,117,160,121,111,149,188,114,166,120,140,129,104,141,121,99,130,131,143,130,144,120,119,150,146,124,111,90,131,116,148,99,132,105,148,126,156,126,132,134,117,118,117,135,127
152,142,143,117,134,150,133,123,148,125,130,136,138,119,127,119,97,130,107,127,141,132,128,133,148,141,146,139,117,151,130,151,131,123,137,125,129,130,125,106,162,136,132,117,125,101,106,159,121,123,134,126,129,136,125,134,134,129,105,116,142,129,114,151,116,122,127,134,122,141,132,135,136,92,124,128,192,132,167,99,111,132,120,120,75,120,124,135,85,131,104,89,89,130,128,133,82,134,127,133,133,124,128,80,110,126,123,94,132,121,122,131,160,144,113,163,146,119,151,138,124,124,146,118,138,99,152,139,106,127,112,130,131,138,117,100,183,129,169,104,148,146,52,133,77,121,101,124,118,167,130,133,129,138,139,108,123,120,146,119,133,133,107,48,124,134,144,103,249,127,131,120,135,142,148,140,150,132,124,124,118,133,54,134,100,131,107,138,117,123,126,115,116,133,148,123,121,136,92,139,115,105,133,115,141,140,167,136,119,135,125,122,170,149,113,120,71,124,140,139,116,149,165,141,127,142,121,106,211,114,116,136,132,125,139,132,135,115,139,139,196,133,127,171,115,113,167,137,132,121,154,132,128,123,90,125,127
126,137,125,118,122,102,127,116,120,130,119,105,130,112,133,125,109,128,123,113,159,125,90,132,124,102,114,129,131,131,80,130,109,138,120,121,139,127,113,123,108,130,130,148,106,111,132,73,102,137,108,106,118,112,136,137,120,123,134,101,130,143,146,106,122,126,127,115,116,130,117,123,149,108,128,132,113,114,98,116,137,115,143,122,105,133,131,98,110,124,126,125,151,114,122,127,114,90,114,121,109,119,129,129,126,127,100,120,123,146,108,122,120,130,137,106,116,110,144,115,116,122,129,127,122,84,110,126,115,138,118,129,84,234,154,125,124,130,125,118,118,124,118,145,104,121,124,115,120,104,120,124,130,131,126,132,117,108,122,107,103,125,121,124,135,133,82,134,123,140,124,136,131,136,79,124,161,141,115,108,111,141,122,124,100,130,124,114,121,132,119,124,115,128,113,130,117,129,126,124,126,110,135,118,108,159,99,127,133,107,130,106,119,122,117,122,117,122,146,118,127,112,113,134,122,112,126,123,121,125,138,137,112,132,118,125,111,111,124,140,128,119,129,124,114,113,106,120,91,123,110,169,128,114,115,109,127
158,129,133,103,104,124,150,91,122,123,103,144,29,115,91,69,123,128,77,43,169,141,155,103,116,115,91,150,114,121,129,28,135,154,113,105,67,81,100,73,126,172,118,169,125,187,86,140,124,126,92,123,108,153,127,46,142,129,121,163,117,187,155,70,133,129,122,130,80,94,121,128,200,126,101,147,144,80,167,30,92,117,163,94,117,87,113,150,132,145,130,116,111,195,128,136,123,96,118,149,79,109,92,120,112,155,124,136,102,127,145,44,127,115,84,91,153,115,150,118,74,107,136,130,175,131,136,123,189,62,118,122,130,92,100,146,113,133,121,160,167,204,149,116,128,121,117,83,115,130,122,121,110,30,118,83,129,132,116,134,88,76,138,124,142,127,161,119,131,154,119,123,178,143,127,176,133,113,109,119,118,125,129,135,169,130,124,138,107,145,99,116,126,185,131,101,113,153,118,178,141,92,108,111,115,95,154,138,137,123,129,138,124,112,81,130,140,99,0,121,127,125,60,122,112,117,97,125,145,124,125,143,101,140,144,89,174,152,148,90,121,149,123,96,130,74,170,78,112,124,129,118,92,125,84,129,127
121,166,125,129,113,82,89,137,139,166,128,123,131,116,149,125,139,126,113,150,120,125,134,130,121,129,128,128,117,124,126,158,125,122,113,130,178,127,125,144,105,142,130,103,137,130,84,115,118,130,138,129,122,125,146,121,115,126,113,125,128,102,126,146,124,100,137,136,121,125,121,137,122,119,136,128,117,133,120,139,157,128,119,137,90,118,133,117,177,116,156,137,102,96,133,124,119,148,125,138,128,97,127,100,128,127,144,120,149,112,122,122,133,124,126,146,176,132,148,132,133,132,133,115,140,127,117,119,121,131,136,143,138,129,132,132,163,122,128,175,132,101,217,142,131,133,118,110,134,123,127,144,131,137,103,134,127,127,166,121,133,148,134,173,121,123,107,121,91,120,123,127,130,134,138,128,140,127,129,114,131,154,146,140,129,127,122,126,130,132,126,129,161,120,122,110,141,112,129,125,125,153,121,128,118,106,56,122,113,144,140,121,156,124,137,128,97,130,125,136,150,147,151,112,88,123,122,154,156,132,124,121,130,118,128,130,127,90,132,103,106,125,131,126,143,149,115,123,125,130,111,138,119,119,143,125,127
80,155,107,88,115,110,140,140,139,133,114,153,113,121,157,130,130,135,84,110,127,125,122,112,60,85,97,134,161,128,128,136,32,116,186,119,157,140,132,106,131,134,134,219,138,105,167,143,130,139,134,129,158,138,123,134,100,109,136,106,115,84,173,121,151,190,134,127,108,132,116,111,154,117,103,125,116,89,82,134,95,122,159,116,142,98,128,128,158,106,103,92,100,119,119,144,141,150,143,131,133,149,134,134,73,143,92,139,95,113,109,149,81,148,146,109,101,118,108,121,106,159,106,171,92,90,134,133,153,103,133,135,117,110,127,87,154,108,181,126,112,145,128,168,134,117,86,114,142,147,124,111,122,96,99,159,128,104,92,121,55,148,189,102,130,92,150,141,140,147,131,111,91,163,127,101,105,138,134,130,131,95,107,168,117,125,118,109,133,94,128,167,128,92,129,129,81,118,182,110,129,112,82,82,113,76,80,100,164,121,136,142,146,127,103,145,119,161,139,106,99,97,100,123,100,121,69,125,133,136,104,118,133,134,36,117,148,150,114,155,109,121,133,97,109,94,70,125,165,117,138,127,147,120,144,101,127
117,115,123,94,170,107,104,112,132,127,116,155,119,151,124,127,125,116,123,147,125,130,134,141,93,156,135,132,116,112,117,125,108,128,122,124,139,127,125,124,127,154,132,98,126,108,117,133,120,125,133,140,129,138,111,126,122,154,147,154,125,140,136,147,120,111,114,93,128,130,137,122,127,186,158,112,136,124,134,127,117,117,126,152,166,168,127,198,72,134,102,236,115,203,121,124,153,136,123,132,138,116,122,113,103,134,115,134,133,120,128,129,144,143,143,123,93,106,128,108,125,116,123,152,145,130,157,132,104,115,120,123,140,131,120,106,112,131,126,80,115,120,150,135,143,133,112,166,120,210,127,147,125,132,99,93,119,103,111,119,117,123,126,120,126,120,174,138,85,120,128,137,140,130,57,123,137,113,134,124,100,140,122,126,136,122,124,128,123,127,119,116,132,146,132,132,136,136,186,142,149,125,124,111,141,109,149,109,147,139,113,105,120,142,124,140,83,138,134,124,121,133,141,126,140,107,113,122,142,136,154,135,129,109,133,128,135,131,114,128,124,124,132,103,126,156,116,117,137,109,105,139,117,131,103,102,127
179,135,121,172,148,129,130,132,130,126,139,133,124,120,144,114,93,123,37,184,160,134,121,130,93,108,143,141,87,124,127,116,115,126,102,104,140,132,134,149,128,204,136,166,136,147,78,136,130,152,84,128,117,128,136,128,254,129,128,109,84,121,88,106,133,148,136,87,127,145,149,121,164,136,114,143,113,110,116,96,134,57,165,235,132,142,124,132,125,134,139,118,150,49,99,217,134,112,136,155,99,130,143,103,7,188,136,99,161,185,117,123,97,152,118,147,109,124,148,148,112,94,118,11,92,151,127,153,75,141,141,111,136,121,147,148,117,106,110,101,187,96,127,126,128,114,112,104,126,98,140,114,107,108,102,110,147,140,125,146,103,124,148,149,110,117,113,143,144,89,130,117,141,154,121,140,138,199,128,128,142,87,102,150,181,111,120,128,116,78,130,163,128,193,134,151,134,123,130,123,115,138,1,128,135,101,84,244,147,152,120,127,98,135,127,120,147,120,126,153,113,125,116,132,126,143,126,171,138,130,134,121,140,130,127,131,182,147,68,140,142,147,150,72,70,109,130,138,90,71,121,137,152,169,121,65,127
104,119,119,108,115,120,115,156,134,142,117,134,125,138,142,116,127,135,134,138,199,130,149,132,127,128,114,141,101,103,144,134,90,156,153,133,161,118,125,131,126,108,126,126,132,131,119,133,142,132,150,135,125,135,108,73,142,133,148,105,134,141,140,111,141,117,124,133,80,123,138,109,128,137,147,123,101,67,124,124,150,150,92,122,114,124,130,118,150,130,106,92,128,146,114,132,119,130,135,132,127,154,122,138,140,98,125,139,151,124,169,105,170,132,117,128,134,126,143,154,105,127,127,142,153,117,136,152,138,147,116,129,120,95,107,77,115,115,66,131,139,99,134,123,128,151,126,105,133,124,137,140,137,123,127,105,157,142,104,122,109,89,117,120,113,85,124,111,117,124,126,131,145,159,108,138,155,191,127,133,118,159,147,175,128,127,136,118,130,161,134,128,130,148,145,129,121,134,123,111,133,150,138,134,123,113,114,116,127,131,131,124,120,144,149,141,109,107,86,109,132,119,140,108,134,129,158,96,133,126,138,139,130,153,121,119,148,124,105,137,114,138,143,112,118,102,128,119,125,143,124,119,87,132,141,144,127
153,100,130,111,139,243,114,110,98,123,125,135,115,79,87,135,93,117,155,191,122,137,89,128,112,128,132,134,120,130,102,93,121,129,130,139,102,127,122,122,130,173,123,101,105,129,121,130,177,129,130,119,127,88,126,127,114,118,122,143,142,144,120,36,84,126,122,101,130,121,128,151,142,141,145,119,53,133,136,98,139,140,136,123,120,120,121,192,118,142,127,180,145,107,122,110,127,110,127,134,125,111,122,121,127,139,206,116,103,176,129,107,119,131,113,117,128,123,145,107,134,105,148,112,116,20,125,133,156,121,120,129,119,128,128,117,97,129,111,141,116,107,130,115,121,127,153,114,99,95,127,97,110,123,124,124,126,46,151,128,194,134,108,121,109,97,83,124,146,133,125,115,121,125,80,118,133,129,129,126,132,140,141,130,65,141,152,132,129,122,130,114,126,119,126,123,89,119,129,146,114,134,124,114,71,92,192,123,100,123,127,125,109,136,123,121,105,110,139,128,113,166,122,116,165,121,117,136,120,112,165,111,128,111,131,133,121,115,109,119,128,116,125,197,149,139,124,118,113,94,117,135,115,113,140,86,127
134,137,91,134,124,141,133,147,74,130,119,145,126,63,151,128,225,130,110,214,146,154,93,104,137,147,122,154,121,131,116,174,119,150,180,103,118,127,129,143,134,92,137,128,132,104,70,114,146,126,131,127,123,50,149,87,108,138,98,95,121,143,108,137,163,133,254,177,55,140,128,126,149,137,129,127,105,147,79,181,143,4,160,152,130,109,125,99,122,134,174,139,123,148,97,112,121,91,133,130,146,119,132,133,152,138,109,130,178,101,146,120,146,144,138,98,128,143,128,161,126,122,114,108,107,119,164,123,122,222,52,127,119,135,148,123,82,117,115,128,142,97,166,116,119,181,140,119,140,145,124,70,127,179,114,42,145,152,75,124,82,126,171,173,118,156,120,120,137,152,129,126,131,106,116,142,122,130,137,129,130,113,118,117,114,134,134,150,141,107,129,158,124,73,129,121,145,188,130,127,128,119,114,143,136,177,131,112,89,138,129,130,58,135,107,148,116,97,137,139,40,110,142,81,132,124,145,114,145,231,110,175,145,129,130,128,115,126,117,148,101,146,143,77,152,120,139,114,130,109,126,120,137,97,118,105,127
137,120,136,113,117,118,130,152,122,113,115,133,100,124,137,130,122,117,107,114,134,131,141,103,113,154,119,92,106,125,124,112,135,129,130,116,124,147,136,89,126,155,91,141,100,130,92,123,127,131,111,125,117,121,124,111,112,81,110,126,148,108,93,121,124,116,115,108,84,117,91,126,126,125,113,136,122,100,154,110,106,127,139,112,126,126,94,124,150,135,130,114,137,140,120,110,130,127,164,127,96,122,108,125,137,147,119,117,138,152,174,130,139,36,131,115,106,116,136,125,128,127,131,150,112,124,130,157,127,133,129,128,141,97,124,122,131,159,126,134,159,128,148,105,113,109,132,144,118,129,83,115,96,120,144,130,136,142,143,124,117,130,142,124,124,111,140,121,120,60,106,129,115,119,126,110,68,130,122,126,127,132,130,131,113,115,134,125,142,136,102,79,124,106,115,123,119,127,119,128,109,99,121,112,113,100,130,95,130,114,120,120,114,118,144,112,134,122,151,129,130,124,113,120,124,116,109,124,127,122,122,125,143,143,131,174,131,125,130,130,124,111,102,129,135,118,139,134,143,141,121,130,122,74,106,112,127
147,133,164,130,138,118,134,135,134,123,101,135,166,107,124,136,118,129,153,94,80,122,133,140,130,118,157,111,178,152,122,133,146,93,114,133,157,137,125,121,123,141,120,116,131,109,132,124,121,119,79,131,130,110,106,145,128,129,118,109,109,163,76,126,107,177,138,126,167,135,138,150,127,109,82,132,134,181,124,137,158,145,134,123,113,150,139,122,131,124,152,138,96,151,117,127,126,115,128,147,137,73,134,135,145,119,114,154,95,126,102,128,110,125,170,124,110,110,104,95,187,123,100,124,112,140,139,115,96,172,144,132,146,148,187,102,139,138,152,132,120,67,104,118,119,115,88,81,134,119,137,110,80,83,123,164,91,110,127,134,122,97,98,138,135,170,128,151,136,91,121,131,155,79,130,130,140,75,114,135,110,90,140,29,118,114,101,118,145,145,113,112,125,124,119,90,117,138,155,138,120,142,119,127,134,158,103,149,102,119,129,135,136,111,114,124,132,120,115,126,81,120,151,116,128,129,97,100,158,131,107,137,114,20,132,140,129,149,152,161,134,114,119,98,114,147,152,120,119,110,102,128,143,113,122,161,127
130,149,113,115,146,61,127,135,132,182,134,101,152,127,156,117,126,130,158,105,111,126,120,127,127,130,105,120,145,141,130,160,139,122,108,126,165,127,135,159,127,149,124,86,125,121,49,153,124,137,121,133,129,125,130,96,130,128,118,55,117,97,108,154,136,116,134,120,114,142,131,137,124,156,150,135,87,147,165,149,199,122,150,140,105,90,118,94,204,142,142,87,97,121,136,126,116,127,124,117,127,99,118,133,107,121,144,97,130,129,132,131,146,110,122,158,253,118,158,143,122,134,129,112,113,154,119,136,141,124,126,140,119,129,120,153,220,132,118,95,82,104,155,140,126,110,137,106,128,85,124,127,133,111,146,143,142,132,155,122,145,143,92,158,112,128,97,145,110,121,129,136,145,164,66,118,122,141,131,132,136,166,137,124,136,120,116,129,146,136,131,149,126,169,113,107,130,131,55,115,114,146,114,104,73,132,93,136,167,130,136,146,139,176,152,120,86,148,127,128,150,100,148,165,118,142,116,148,186,120,130,134,138,108,122,130,121,121,125,95,95,109,134,134,110,130,97,129,131,138,132,138,98,123,186,156,127
179,137,98,117,124,140,136,89,129,142,146,139,92,122,129,145,102,125,144,112,106,136,152,104,142,68,142,121,124,136,174,120,120,160,110,57,124,138,162,168,128,130,44,174,159,92,103,132,124,134,131,128,203,211,112,202,167,216,88,114,73,100,122,132,116,132,122,124,127,137,120,148,107,133,158,127,109,113,195,142,122,97,126,75,122,120,117,130,114,0,163,151,177,139,146,116,133,139,106,142,123,104,122,131,165,126,132,121,122,62,87,126,149,103,113,86,126,137,128,119,144,117,120,55,110,116,125,116,194,169,129,124,147,133,137,195,114,210,119,127,120,35,138,127,121,118,132,128,136,104,127,104,139,132,151,159,78,108,180,130,176,75,102,140,119,152,118,129,127,154,81,81,149,127,146,102,109,125,144,128,138,117,126,114,120,173,215,139,105,128,143,142,127,152,134,165,135,106,155,152,179,122,153,148,142,95,158,162,125,135,131,130,103,136,130,124,122,70,121,122,83,143,139,123,133,131,139,150,130,151,149,148,170,134,122,150,140,159,156,128,117,31,140,182,151,82,152,95,77,129,133,120,117,182,137,109,127
95,125,112,155,115,104,114,138,129,138,132,143,102,135,111,127,154,115,147,94,109,105,139,108,116,150,125,93,139,142,155,80,183,95,164,137,171,127,126,109,131,72,112,95,142,149,109,166,133,126,105,124,152,132,147,169,136,99,127,154,100,110,114,114,178,130,133,146,199,119,145,141,104,156,147,131,155,144,152,77,140,121,119,88,150,190,159,113,110,116,115,138,124,142,142,156,155,118,108,113,153,133,113,104,129,129,163,134,64,117,142,148,102,159,152,122,92,151,153,72,154,154,126,147,112,227,137,125,117,130,121,140,154,65,108,131,160,123,105,74,109,149,137,105,143,137,144,150,116,156,137,118,99,77,151,132,123,126,135,137,153,118,171,142,139,171,153,137,120,101,98,114,151,132,153,154,111,114,122,120,142,122,140,141,153,105,132,133,147,150,122,95,129,92,105,156,161,130,133,87,114,113,94,120,119,112,104,137,140,139,131,145,100,148,113,124,159,160,130,136,134,108,134,105,114,118,89,126,79,129,139,124,111,122,97,126,116,151,118,132,129,124,103,123,101,82,96,136,107,122,110,43,120,145,156,88,127
150,124,119,129,120,137,136,107,127,120,137,115,156,150,120,113,91,134,102,108,108,163,100,118,122,129,144,142,136,137,138,133,102,169,110,126,127,140,109,158,125,126,151,130,114,119,127,136,130,125,142,126,139,118,133,129,94,85,155,119,122,109,126,136,151,133,134,121,127,118,161,121,107,130,125,143,151,168,89,110,112,123,119,137,134,130,143,131,134,135,122,160,145,131,136,99,138,127,117,120,217,129,137,125,159,0,128,138,147,140,116,149,97,173,148,117,123,129,108,118,141,128,111,146,75,128,127,101,114,167,129,133,120,122,124,129,105,116,138,145,127,182,130,126,131,128,133,152,133,141,130,130,145,171,136,140,104,122,118,129,146,163,130,151,130,149,126,130,132,124,94,112,141,109,130,128,124,132,95,130,137,124,134,147,121,143,118,133,144,61,115,43,128,67,108,139,135,111,140,109,138,125,153,114,138,179,122,147,104,146,135,118,111,127,61,120,128,134,125,137,137,151,118,147,127,132,150,114,117,129,129,127,102,136,136,118,175,108,130,119,128,76,140,116,77,126,127,150,102,141,131,133,138,136,127,155,127
118,168,97,128,121,136,112,93,150,125,133,125,124,92,153,121,73,135,135,93,150,145,85,136,110,160,144,135,139,129,74,112,133,157,166,85,121,114,150,66,121,117,98,164,174,119,122,125,155,126,141,126,99,233,128,117,105,90,150,118,93,141,128,186,112,132,122,149,101,131,107,121,160,83,136,125,142,133,133,151,125,158,126,146,132,84,116,119,139,116,124,147,86,102,104,137,114,139,111,115,111,123,149,122,125,117,125,147,116,94,131,99,103,117,152,151,135,204,140,116,139,116,105,115,109,116,110,132,138,152,138,137,143,131,145,114,100,163,131,128,102,115,115,106,144,86,115,105,139,124,140,122,114,146,152,94,127,81,115,131,117,168,109,130,90,97,83,130,122,148,113,95,145,122,138,74,136,134,110,130,119,150,126,141,147,155,237,64,125,125,104,180,131,89,122,165,139,128,112,123,155,148,167,137,120,145,176,127,98,143,131,127,120,122,114,117,113,212,133,129,164,127,118,116,132,126,143,117,137,153,141,121,179,140,135,140,152,127,143,119,119,191,128,194,130,171,144,107,102,111,133,126,133,68,129,141,127
127,137,113,152,118,129,148,136,130,140,132,131,132,136,25,124,125,123,153,117,132,126,138,118,93,144,109,136,144,108,119,110,164,117,143,125,94,130,125,122,120,99,132,167,120,119,173,140,130,128,118,124,135,115,77,125,120,117,127,123,132,127,108,108,104,228,113,140,106,122,121,183,137,149,153,125,134,160,125,118,84,123,147,152,134,127,137,116,184,142,115,191,129,139,126,149,121,158,115,116,150,124,131,120,140,142,128,195,144,153,135,120,89,124,165,128,110,133,101,121,158,143,117,115,120,144,101,116,217,129,117,118,115,115,127,107,102,137,147,120,105,131,100,110,126,111,108,134,84,123,130,119,132,103,125,113,120,128,87,136,121,177,98,134,132,106,109,198,167,127,133,125,111,115,90,105,101,172,128,130,119,91,107,150,122,125,127,144,132,110,128,125,132,186,113,137,124,103,151,114,127,146,93,113,131,135,181,138,116,130,128,128,132,149,124,132,117,121,102,131,112,103,142,136,109,150,112,134,210,117,144,132,118,159,123,130,121,139,144,110,109,133,128,149,144,158,99,122,114,149,104,133,154,147,153,183,127
124,70,123,112,115,102,124,132,128,128,128,130,130,132,29,123,134,121,162,141,111,130,137,121,186,127,113,131,168,130,121,126,110,128,133,127,203,127,131,128,127,112,135,99,128,104,139,159,132,130,137,133,135,131,153,119,114,130,122,121,126,94,127,137,126,130,130,127,127,117,129,132,120,141,153,134,107,133,167,145,240,128,121,123,137,121,130,108,163,128,116,128,115,109,131,127,146,137,129,129,139,61,128,127,128,140,126,134,152,135,134,127,109,134,168,132,143,126,101,150,127,118,129,113,136,130,102,125,84,121,129,174,123,125,120,138,153,122,101,121,99,78,101,114,131,121,141,157,142,103,124,128,140,138,122,106,128,137,127,138,126,117,109,104,128,125,120,150,135,130,127,142,143,121,122,131,131,136,127,125,99,117,135,135,143,128,124,138,131,123,127,129,134,117,144,122,118,118,88,135,135,140,115,115,95,126,134,122,120,135,131,108,114,131,128,134,108,147,138,129,148,127,163,166,140,123,120,127,200,123,151,127,133,102,111,128,122,111,131,157,111,127,127,130,132,140,100,135,143,130,109,134,122,134,131,113,127
126,107,111,130,130,114,121,133,124,129,133,119,137,192,150,129,152,133,143,212,119,132,59,122,100,99,122,122,128,127,147,134,123,125,123,123,118,126,131,100,136,124,123,109,141,129,156,138,124,131,142,131,152,170,125,179,124,153,51,102,136,131,113,121,104,135,139,74,165,116,149,144,124,163,126,121,104,134,116,142,139,206,99,132,117,175,129,128,107,120,108,138,107,141,131,146,127,102,126,111,145,126,127,131,118,113,128,145,137,129,125,129,108,125,130,124,141,125,37,106,127,132,122,124,141,133,134,124,131,138,97,115,118,105,137,132,129,122,121,107,111,114,127,103,192,133,116,76,122,26,122,98,129,88,189,145,122,115,175,125,46,75,127,130,95,131,124,130,138,120,123,120,136,135,109,151,158,105,125,118,126,106,124,112,191,122,134,126,144,122,124,121,125,141,143,128,126,129,104,126,131,144,140,123,128,114,118,132,106,112,136,129,65,121,119,65,106,122,141,135,179,164,133,134,127,138,102,151,138,51,148,122,125,129,135,128,108,87,150,157,140,119,127,186,141,131,127,140,134,129,104,128,127,138,116,137,127
37,167,153,157,127,140,128,109,132,145,122,125,159,99,135,136,171,133,104,89,148,115,98,160,149,152,119,119,146,136,128,226,130,138,157,132,130,114,134,120,134,106,129,129,132,117,113,159,127,44,107,125,156,117,137,104,56,125,137,70,104,117,209,209,78,128,130,154,156,135,123,90,139,114,112,129,76,139,119,134,145,115,159,80,134,127,124,143,123,158,139,116,243,82,210,97,154,133,125,141,108,126,123,127,209,137,140,124,129,110,142,102,133,145,120,47,112,134,104,92,140,119,122,189,187,140,142,132,68,128,133,122,142,127,132,129,109,126,152,190,226,90,134,144,132,125,239,45,128,125,136,129,128,136,85,129,150,120,152,129,74,179,85,106,81,93,114,120,135,141,133,127,68,122,142,151,133,125,139,126,127,126,141,126,79,115,152,162,115,132,149,122,131,89,141,124,141,155,175,110,153,145,220,21,128,70,152,43,160,121,131,130,129,126,93,115,152,120,147,62,89,167,103,147,146,111,128,165,122,126,117,146,142,123,167,119,59,141,175,99,137,119,127,185,200,58,115,102,130,224,202,122,145,132,152,111,127
109,121,89,114,122,126,122,135,120,128,169,130,117,151,124,115,123,134,133,122,139,159,174,124,120,87,98,126,120,113,137,98,130,149,127,127,130,112,122,105,125,139,155,152,117,133,136,121,134,139,103,128,139,132,130,76,127,135,122,167,142,106,132,103,129,139,132,130,112,142,125,128,131,130,142,123,140,112,173,103,114,135,111,118,122,139,90,132,159,156,127,79,125,142,117,153,120,133,156,136,114,143,147,134,132,119,133,130,156,123,136,122,172,197,128,121,138,142,153,162,147,154,138,112,134,129,122,176,149,144,133,124,138,92,127,94,102,127,133,114,156,174,137,129,152,130,131,95,119,141,138,137,152,134,153,134,168,151,115,129,105,148,181,112,143,113,155,131,125,194,131,141,144,127,118,165,124,161,114,129,103,143,107,140,148,141,141,123,147,141,113,109,128,142,131,146,120,124,110,136,112,84,111,133,137,78,142,132,165,131,124,127,121,118,131,142,117,74,133,123,154,129,110,132,142,128,143,119,130,121,126,130,148,145,114,132,130,123,127,113,136,146,132,125,131,98,115,138,138,138,146,121,133,129,118,131,127
119,111,142,81,148,180,153,116,114,132,126,155,133,131,122,130,117,151,113,171,116,131,165,137,118,132,136,128,132,115,127,149,97,138,121,123,139,126,116,122,123,141,126,123,127,104,130,143,109,128,141,135,118,137,125,132,127,147,128,175,123,111,105,156,118,119,134,134,115,132,124,115,141,134,157,111,144,132,129,149,115,121,124,142,115,156,127,165,66,131,107,209,142,205,133,117,177,141,133,134,144,131,129,115,97,132,126,158,143,128,129,130,133,134,120,126,96,152,133,106,129,123,119,124,132,150,101,123,122,118,133,119,155,128,106,110,104,128,136,120,146,107,148,123,149,133,111,165,113,151,128,135,121,115,153,103,117,148,102,128,133,133,124,112,134,115,59,114,107,124,133,132,130,142,120,121,140,120,134,124,123,125,113,123,120,122,109,106,127,125,126,114,119,153,114,133,122,136,222,136,132,131,137,120,99,133,243,116,139,131,107,98,113,140,135,136,104,124,119,129,100,87,127,109,144,106,111,125,130,144,140,127,136,118,121,131,129,151,120,143,121,131,125,115,129,133,134,125,125,128,87,125,116,136,103,127,127
122,117,91,135,87,168,161,122,135,117,131,133,137,126,123,133,183,130,129,94,126,142,113,136,103,108,122,127,159,123,137,143,147,131,103,128,114,127,132,136,129,166,116,85,117,124,179,127,112,138,110,132,124,124,136,112,134,128,106,105,131,169,120,139,103,125,126,92,134,128,130,128,125,110,116,124,149,120,97,172,123,116,111,136,103,113,133,70,116,146,210,139,164,92,130,142,115,106,135,120,133,124,123,134,122,123,114,121,143,106,140,125,161,132,125,164,154,143,133,205,132,111,93,124,127,110,141,135,238,135,126,117,108,137,124,126,172,133,154,121,121,177,164,121,244,108,124,157,133,91,122,73,116,117,126,113,102,126,115,122,74,126,93,120,143,113,126,121,174,127,134,133,103,153,112,173,123,128,132,119,173,169,155,122,109,132,122,121,123,125,124,121,136,153,138,124,132,118,106,147,118,112,102,111,144,130,250,134,87,128,127,141,91,144,138,77,141,121,131,125,176,138,101,150,150,127,127,149,139,126,142,121,126,131,124,124,130,145,116,133,112,133,131,91,118,78,121,131,130,131,121,120,120,125,198,94,127
128,95,121,130,146,105,130,131,94,125,130,111,141,129,154,121,129,135,127,156,152,130,102,140,138,130,135,134,136,100,120,149,128,131,140,139,119,136,122,131,125,146,123,137,126,103,116,69,124,129,127,132,133,130,113,110,124,128,136,110,128,134,155,156,115,108,141,89,127,131,128,118,115,127,132,128,95,114,139,147,127,140,113,91,163,142,127,105,123,141,127,138,140,159,127,138,155,161,130,129,153,121,128,124,131,120,100,81,150,102,131,128,148,129,138,168,135,115,114,140,122,124,126,120,155,103,123,128,126,131,146,120,118,136,121,116,236,128,142,110,88,125,167,135,130,128,116,105,117,120,124,127,118,143,123,127,125,116,129,135,107,149,127,152,122,152,100,134,134,126,133,131,120,125,164,146,136,122,130,138,100,131,132,115,99,133,130,116,133,113,137,142,118,159,137,135,109,131,120,131,121,141,117,134,91,123,122,120,131,139,128,82,104,98,136,124,103,117,161,141,114,113,130,80,101,123,124,130,183,129,143,127,138,123,137,125,139,81,134,122,145,116,129,136,148,120,152,125,134,114,127,105,123,125,106,117,127
135,129,137,147,132,153,153,138,136,157,131,147,126,119,148,127,152,105,127,117,130,125,123,134,116,131,131,125,137,123,140,132,143,128,147,133,155,127,129,121,117,130,125,114,134,137,111,154,133,127,146,131,129,121,103,118,142,136,115,100,136,73,108,119,131,91,134,134,133,138,128,141,131,131,136,138,151,130,122,96,109,124,116,131,89,124,139,105,175,132,145,139,135,125,118,137,100,124,136,118,139,97,128,91,134,137,140,177,107,140,131,130,132,121,152,140,144,127,132,133,126,139,126,141,139,137,145,136,141,127,119,143,112,120,162,140,117,133,133,172,136,141,151,131,111,114,117,108,122,120,136,127,122,114,151,151,141,118,151,77,148,157,149,175,124,136,124,133,106,141,115,128,143,143,138,104,147,137,126,136,127,114,127,144,126,131,115,119,135,122,131,121,131,130,127,126,128,127,154,128,130,159,144,133,127,129,115,132,131,135,113,113,135,178,145,140,132,132,133,117,134,158,133,176,115,114,152,140,115,134,119,121,134,132,140,133,122,93,136,117,103,126,129,114,109,155,145,125,139,131,117,125,143,125,158,137,127
124,161,123,136,51,126,80,128,116,122,123,85,136,150,104,125,174,142,124,90,127,126,141,115,117,130,118,129,131,120,105,214,141,139,145,118,101,120,126,111,155,109,110,109,125,102,86,100,139,117,134,117,99,134,125,137,124,126,90,106,123,126,124,115,94,129,115,75,138,122,121,111,141,123,139,135,203,134,140,77,131,98,144,121,107,101,125,143,125,129,132,130,126,145,141,114,103,127,127,122,128,111,125,105,123,116,110,58,142,143,125,120,149,123,143,182,98,121,103,129,132,104,133,101,137,55,145,130,74,108,124,117,97,129,117,156,124,133,161,136,221,142,245,117,125,79,125,138,130,160,128,132,126,147,15,107,123,116,130,122,104,155,107,89,125,134,153,123,134,122,131,118,120,134,100,169,128,104,119,115,214,106,139,117,188,121,96,162,125,132,122,142,103,134,117,109,156,123,136,149,139,145,162,129,134,102,80,128,77,131,108,111,59,132,133,115,85,128,136,139,171,145,163,103,121,132,124,85,122,120,147,109,129,115,106,123,142,97,110,114,151,138,118,97,116,86,160,126,132,147,104,122,107,119,138,146,127
131,126,118,157,124,108,132,139,137,126,102,138,158,104,164,115,104,121,140,38,104,100,139,83,114,124,159,93,138,131,134,199,158,152,146,154,122,78,125,136,125,77,111,107,104,142,120,143,124,161,153,132,78,141,138,172,49,93,84,183,137,161,127,189,112,154,128,137,188,126,98,153,113,134,146,135,170,85,106,157,130,153,110,72,120,171,122,113,142,128,128,185,182,210,92,34,120,128,121,134,100,104,108,124,154,107,115,134,133,104,122,114,172,129,113,48,125,125,118,103,126,135,149,254,142,110,129,113,89,123,114,134,148,145,142,140,148,102,128,108,116,65,127,105,146,114,137,59,127,141,139,135,132,81,168,164,90,103,132,123,84,134,79,132,32,148,145,142,119,112,123,132,202,128,140,123,131,125,145,129,115,110,109,126,156,107,174,112,138,251,146,154,130,173,58,144,122,131,162,133,148,139,139,71,116,95,150,72,127,147,127,136,132,125,151,152,121,167,102,161,113,127,138,132,128,124,115,114,120,123,154,128,149,133,140,115,66,144,92,153,123,54,90,153,169,123,112,157,177,200,119,103,124,110,121,150,127
127,145,124,129,149,187,80,125,132,121,126,128,143,131,64,123,195,107,113,109,141,127,122,127,153,136,119,121,119,133,122,104,131,127,110,124,162,122,117,111,121,86,123,79,126,131,135,102,126,119,120,117,128,127,132,129,104,126,118,87,105,118,128,109,123,146,122,104,145,126,127,138,140,119,99,111,155,124,163,138,117,110,128,137,100,146,128,111,139,122,120,106,106,122,128,127,114,113,114,114,123,120,131,121,122,120,123,109,114,106,132,129,155,117,136,94,120,129,128,137,119,125,118,139,105,113,109,125,102,134,126,117,133,133,130,120,125,121,128,175,141,139,188,124,108,83,118,112,123,140,124,88,128,109,79,169,131,112,134,106,90,137,114,77,114,134,118,123,125,130,127,118,105,126,101,111,125,130,127,127,167,153,146,116,178,113,130,132,125,132,125,126,129,95,127,112,173,124,189,123,126,135,138,130,164,141,97,129,86,131,101,121,154,135,116,120,125,124,125,129,144,178,133,180,66,143,132,103,109,119,129,126,125,128,120,123,123,152,129,133,97,126,122,108,106,151,138,131,124,137,133,130,126,129,107,116,127
139,186,134,136,138,117,164,141,126,138,144,132,150,137,175,144,119,132,134,145,162,161,127,140,137,131,135,168,135,142,174,185,141,139,138,152,143,134,138,150,134,117,170,242,116,182,146,182,147,135,130,132,185,146,167,204,138,122,151,144,141,145,167,133,150,133,142,144,184,152,133,136,173,176,131,118,122,130,161,178,123,148,177,120,152,201,133,141,183,130,148,167,166,146,137,145,149,103,117,136,191,142,143,137,139,163,127,148,124,153,129,139,163,182,178,138,143,141,145,122,139,143,129,148,130,144,142,140,145,174,141,150,155,144,228,129,139,143,148,137,120,196,178,163,162,135,134,175,150,158,127,139,150,185,157,176,135,149,137,145,173,189,156,162,153,157,153,150,135,202,113,138,130,135,137,136,155,177,133,131,140,154,144,183,117,143,163,133,149,145,149,187,130,148,141,183,139,134,154,130,160,136,139,130,134,212,137,148,148,133,140,143,157,138,113,176,133,161,246,141,144,126,130,172,153,127,158,141,122,154,138,151,150,186,135,142,148,123,143,155,124,129,154,151,152,158,127,168,147,130,124,132,137,148,131,122,127
143,127,142,124,139,146,133,124,126,112,117,123,133,118,158,125,115,129,78,114,139,134,126,132,106,149,166,126,136,147,132,100,80,131,115,127,79,118,118,132,122,134,134,173,125,142,173,124,124,116,160,128,126,132,135,81,134,134,142,160,145,248,189,113,136,157,130,134,103,13,120,122,124,141,137,123,129,113,66,124,170,119,103,141,152,91,126,135,130,123,127,166,108,155,133,137,151,139,136,135,121,147,117,157,121,127,139,145,124,128,104,124,145,135,56,127,123,130,128,121,83,142,128,146,151,120,101,148,107,119,126,128,115,125,132,119,119,116,119,133,149,127,112,101,135,129,117,119,142,130,124,125,152,166,112,128,119,127,150,133,108,116,85,120,90,123,122,147,146,140,124,126,122,99,134,149,131,138,128,128,129,104,114,168,144,135,154,120,115,120,131,132,128,148,153,107,120,123,147,75,147,93,144,140,139,114,162,84,113,119,124,131,134,101,140,127,141,141,126,125,127,144,32,129,148,142,126,101,144,126,123,130,123,125,144,127,130,117,140,129,131,121,135,118,130,141,141,142,111,147,130,117,83,126,103,155,127
171,138,208,131,112,134,137,148,126,121,112,135,113,108,138,123,127,123,126,134,184,125,121,118,172,94,144,106,173,120,121,126,156,89,99,102,61,118,150,149,131,124,98,183,149,115,208,133,121,104,133,129,111,140,130,163,165,131,109,184,135,195,139,117,119,138,132,137,100,127,133,113,135,160,93,103,91,186,205,148,116,130,137,136,130,209,149,106,162,161,120,72,60,246,174,140,133,103,146,142,126,158,119,142,146,92,127,132,155,148,117,113,43,120,87,110,150,107,128,125,114,149,118,156,158,124,117,202,138,133,133,122,111,131,118,114,130,131,95,125,112,154,118,135,143,135,140,117,121,148,149,118,134,43,143,135,108,89,101,113,102,151,69,116,120,171,119,132,136,127,152,166,135,163,134,254,114,141,150,128,124,128,123,149,143,128,149,99,128,91,137,100,133,89,161,116,132,160,119,159,187,109,152,174,136,140,130,137,100,142,119,138,134,111,208,134,133,121,186,155,85,133,157,125,150,127,112,84,141,129,109,176,142,132,94,135,160,149,157,110,131,109,127,97,138,93,180,98,151,135,115,125,153,141,138,166,127
130,112,128,125,134,88,115,112,102,127,133,106,132,139,157,132,101,131,138,164,112,139,121,130,112,132,129,132,120,137,119,167,123,113,105,123,105,134,127,122,145,113,123,104,126,133,88,154,128,121,121,118,99,118,135,122,134,136,142,204,144,110,118,177,144,102,120,122,130,131,116,109,101,94,142,127,113,122,177,118,145,111,118,115,114,133,121,120,215,135,133,99,82,117,146,130,133,127,129,141,127,109,125,157,119,129,135,150,119,116,125,117,111,133,139,154,145,132,104,146,136,116,133,117,136,125,109,139,154,124,119,139,68,128,97,138,99,133,129,106,123,82,219,132,113,127,119,126,118,123,128,133,128,149,167,126,106,133,131,133,133,126,121,113,109,149,93,125,108,128,130,137,125,121,122,153,105,88,128,122,116,120,176,137,123,137,113,127,124,129,131,117,139,108,108,130,135,130,132,154,113,254,138,127,82,102,102,129,116,111,141,140,118,125,120,120,84,115,124,145,115,109,139,120,114,97,111,121,137,109,113,103,130,99,115,117,132,82,131,139,95,123,129,116,135,165,152,107,125,125,117,123,127,128,168,136,127
104,80,105,142,137,122,130,112,122,61,110,124,147,112,191,80,116,132,158,134,96,134,120,120,112,68,105,145,113,126,109,87,55,122,133,133,69,130,97,94,126,108,129,93,106,105,131,168,103,103,133,130,141,101,103,113,93,117,118,73,133,87,76,116,139,100,118,82,142,139,126,90,111,114,89,115,151,96,75,145,104,126,95,148,130,139,103,130,120,119,93,139,121,102,112,127,136,133,117,123,169,82,113,97,136,114,126,91,156,113,94,121,125,116,98,137,97,95,101,130,114,132,105,110,112,118,113,104,94,135,124,98,132,115,132,127,111,110,98,77,118,76,160,116,116,108,123,96,130,149,121,93,133,145,141,151,139,92,79,116,130,97,132,91,124,99,139,118,132,141,111,121,96,95,127,102,85,108,118,132,126,109,109,54,138,134,133,107,139,125,127,157,127,112,137,142,101,116,133,123,136,133,122,143,127,158,147,127,121,134,129,130,131,108,113,121,137,124,128,119,138,122,79,91,133,133,149,127,92,128,131,97,128,120,82,124,76,121,95,62,122,88,121,107,141,77,127,135,82,137,132,102,92,132,83,154,127
122,125,109,107,120,123,121,145,138,240,126,136,115,135,223,120,135,128,101,110,116,134,148,115,206,147,143,125,154,127,117,100,110,146,122,121,214,117,131,137,136,189,135,101,131,133,166,139,112,139,142,130,133,126,157,125,145,124,144,91,112,73,34,100,126,51,134,118,86,114,139,172,120,126,151,141,125,118,179,124,99,119,94,108,120,148,126,118,106,130,132,113,125,141,119,122,119,127,131,118,119,120,125,92,118,115,140,138,90,138,116,125,122,131,33,102,150,123,122,145,90,132,134,157,105,132,123,130,117,108,134,128,118,134,134,125,147,122,173,129,139,105,124,121,124,147,132,88,120,128,136,138,135,128,98,141,125,128,131,143,123,103,176,134,107,153,125,130,115,113,123,134,126,130,122,87,151,199,131,133,104,144,123,123,134,135,132,122,114,134,127,133,135,106,133,99,129,127,123,139,151,132,145,111,111,106,140,122,90,145,127,143,119,143,137,127,108,134,113,124,137,124,180,108,124,123,141,122,182,130,155,133,150,106,124,128,114,90,147,203,137,146,130,131,117,96,124,147,126,148,128,115,215,128,110,137,127
119,0,122,112,96,110,182,114,147,92,123,118,200,130,130,125,115,132,102,138,84,121,151,127,126,123,111,136,121,110,137,127,50,129,113,131,154,134,140,132,125,134,129,121,131,63,174,58,133,112,145,133,127,122,68,114,141,133,112,161,135,76,77,126,153,114,116,114,134,161,127,109,112,53,145,141,131,120,134,146,157,133,118,119,134,126,122,134,86,104,136,102,101,169,112,107,129,130,130,139,151,171,129,82,96,136,98,56,136,139,119,136,160,144,142,143,122,128,104,138,141,115,130,149,148,101,93,118,21,184,129,178,128,140,102,125,170,112,139,92,97,81,188,111,133,116,141,113,103,124,138,112,124,158,132,139,139,130,83,138,124,156,127,153,108,135,109,142,148,118,141,136,137,156,96,136,144,91,127,132,143,160,152,59,97,130,121,132,164,126,126,146,130,81,165,120,111,126,102,93,132,139,122,105,101,151,161,120,181,124,118,110,131,124,121,148,128,116,143,120,138,128,176,134,70,120,95,66,158,118,142,118,131,113,135,123,128,113,121,175,150,119,137,121,125,115,109,138,140,119,122,125,144,144,94,84,127
142,126,100,119,136,105,117,135,107,126,130,121,133,132,47,124,143,133,150,146,113,131,105,122,178,133,118,129,141,136,121,125,121,135,149,121,152,127,129,128,131,109,135,99,116,88,152,80,115,128,149,131,131,130,166,120,113,129,134,108,125,120,134,152,114,136,137,92,137,117,121,137,127,139,150,130,93,130,146,141,227,147,127,130,152,120,132,109,183,135,124,147,121,102,131,133,107,136,128,149,151,37,127,130,131,127,114,121,167,121,132,129,118,131,175,139,122,121,157,166,127,117,140,103,137,101,126,125,117,122,140,137,74,122,139,125,165,121,111,117,104,94,167,126,133,127,147,175,144,110,124,144,128,152,132,105,116,134,132,135,153,108,102,127,141,116,112,134,119,127,131,135,139,133,93,139,125,143,126,127,110,120,138,141,132,122,127,131,128,126,129,140,131,137,140,121,111,116,89,135,132,135,123,126,95,137,133,122,106,143,120,105,126,121,138,127,112,127,153,128,155,94,115,105,162,113,106,123,193,132,175,115,136,107,103,128,121,109,132,163,123,131,130,158,139,153,109,135,143,129,106,115,139,125,139,119,127
0,109,101,142,124,155,130,123,119,123,105,138,156,86,127,135,107,125,136,36,143,106,137,76,194,171,107,108,76,122,142,156,120,104,124,130,119,92,134,169,123,96,111,131,122,116,15,123,124,108,197,123,119,156,137,111,210,165,127,121,146,137,134,158,148,112,134,149,108,132,114,104,109,122,121,129,156,141,125,120,106,105,147,141,113,175,152,139,121,118,145,172,154,0,90,186,111,115,133,138,146,149,106,143,102,105,108,137,174,121,126,105,152,161,116,29,151,102,136,173,156,115,111,118,254,122,120,109,166,165,112,133,117,125,96,125,129,122,111,128,109,150,109,127,106,145,122,177,125,119,98,135,164,101,152,139,112,105,177,119,180,153,175,115,74,103,143,137,133,146,124,169,15,137,127,112,104,124,153,120,117,100,137,147,134,138,115,126,137,158,155,159,129,146,9,130,131,115,141,131,144,94,24,145,133,108,153,132,100,145,124,123,137,149,148,124,125,78,108,174,127,137,115,169,150,128,164,143,127,103,109,110,136,163,136,133,114,139,170,107,109,148,143,118,98,153,130,95,81,109,131,132,124,161,118,103,127
128,95,110,127,134,138,109,126,133,141,124,129,145,136,33,125,92,123,121,125,99,129,167,137,202,127,111,131,105,134,132,139,96,113,119,125,189,136,135,114,125,122,134,104,120,106,146,168,127,134,130,125,129,116,131,149,120,123,130,149,128,121,110,131,129,172,134,112,114,107,129,154,123,126,148,123,125,141,149,145,199,123,162,124,109,98,121,135,130,129,108,131,126,134,123,132,121,134,134,134,144,107,140,149,122,134,128,112,167,127,150,125,117,126,164,126,139,120,135,148,152,121,114,109,128,143,149,126,104,128,127,127,130,129,114,144,131,119,122,111,144,99,177,96,156,125,123,146,141,98,113,126,121,151,108,142,144,126,122,132,127,135,132,145,120,113,120,123,119,132,126,129,134,140,113,129,121,128,128,117,133,99,122,105,169,118,146,121,131,129,129,129,129,114,117,140,120,123,163,110,133,121,133,105,125,127,107,122,122,117,115,109,113,147,126,120,128,130,115,124,134,112,117,150,124,109,112,97,130,132,122,137,125,122,121,123,126,117,134,187,116,129,124,140,124,89,96,125,125,140,121,124,185,132,136,125,127
122,122,138,116,137,159,121,111,126,136,136,151,117,131,127,125,127,125,138,94,115,132,120,121,157,135,129,131,117,145,141,92,159,122,134,124,118,122,123,129,127,116,126,125,126,123,106,105,146,118,99,133,147,125,98,87,107,126,140,63,136,115,124,100,124,124,130,107,144,124,127,125,131,95,133,118,86,124,139,127,140,130,125,103,107,141,117,102,172,131,118,52,124,124,134,112,124,134,121,142,135,111,126,223,112,135,115,200,139,132,125,127,154,126,126,121,121,139,97,116,116,113,133,127,127,113,142,141,93,134,118,120,148,125,132,122,111,121,131,98,82,97,101,140,132,132,120,81,116,104,126,144,134,125,94,123,107,128,98,115,151,141,110,118,126,134,145,119,134,130,118,130,156,139,127,96,123,145,128,124,133,77,69,153,120,125,137,132,114,123,130,143,126,112,136,135,123,135,222,135,131,107,112,96,129,126,85,122,117,129,131,196,127,114,122,127,176,139,127,139,134,176,101,134,169,164,127,106,75,125,146,107,139,135,130,125,135,83,135,133,97,135,126,121,134,155,162,132,128,118,114,123,129,105,125,139,127
150,119,120,127,139,124,147,120,129,104,116,131,145,141,66,125,121,108,121,105,119,120,152,117,107,124,122,128,167,117,127,131,123,108,117,118,145,130,122,116,129,103,122,137,129,103,209,136,116,126,134,131,131,125,153,117,103,116,115,123,124,200,81,109,123,240,130,124,134,131,117,173,133,111,116,128,88,162,146,130,77,130,125,133,96,112,116,156,103,138,130,144,98,149,116,142,181,139,118,123,135,131,123,109,111,118,118,115,108,137,132,123,124,107,154,133,108,122,108,118,154,128,120,134,132,127,140,122,156,141,121,143,123,125,109,111,142,121,137,127,53,136,134,121,130,115,110,120,144,109,127,124,132,115,112,117,117,114,136,135,121,154,82,134,131,139,137,153,122,124,131,135,116,124,155,96,117,155,125,133,115,154,146,131,166,118,108,115,133,120,130,140,131,162,132,145,139,114,165,114,128,135,91,93,113,123,147,128,106,116,127,128,115,122,126,127,108,137,102,133,113,127,103,107,92,134,125,103,185,116,140,108,120,114,116,128,132,165,142,155,118,117,124,125,132,138,103,123,109,126,116,125,135,116,176,132,127
126,135,122,129,124,121,126,149,125,123,125,128,138,116,144,122,117,129,141,132,141,101,145,124,120,118,126,79,136,124,133,169,112,127,139,161,140,101,173,87,130,134,164,111,127,126,128,125,130,127,96,127,99,119,123,144,107,176,106,140,111,107,120,137,102,133,126,126,152,107,148,133,135,127,136,130,120,134,113,141,118,133,116,138,132,106,131,111,133,122,120,117,133,103,132,115,131,118,125,133,55,130,123,129,142,109,118,130,122,116,134,131,108,105,138,114,109,143,117,131,136,150,132,137,96,121,130,139,104,128,138,128,121,148,141,155,136,108,130,123,113,140,127,110,132,122,100,112,117,122,138,137,63,105,113,156,118,117,130,130,126,146,130,121,113,135,130,125,140,51,109,82,100,121,126,148,88,116,103,126,115,143,134,130,102,127,113,141,126,48,134,77,127,94,145,95,118,113,135,117,118,126,110,138,125,107,120,125,129,128,127,127,125,133,186,124,116,157,113,134,114,111,124,137,114,125,142,131,127,126,136,130,85,137,151,87,87,133,132,143,133,106,99,109,145,134,126,90,139,105,131,124,117,147,117,101,127
137,142,140,113,118,113,133,242,124,133,35,132,125,114,153,106,147,126,121,135,169,160,133,162,169,141,126,144,125,128,142,160,159,229,88,124,116,146,138,144,128,137,144,146,254,123,156,133,110,148,146,136,52,163,127,131,90,0,127,159,139,131,152,168,148,131,122,146,158,122,82,126,97,121,128,123,102,118,137,138,119,138,102,82,127,114,146,128,143,81,127,129,154,138,117,150,136,128,165,125,152,149,32,132,133,116,117,130,135,84,112,109,162,138,139,125,129,120,128,108,139,40,135,180,115,122,132,32,145,114,112,123,146,125,151,138,121,133,144,137,143,119,149,122,141,79,147,89,133,137,141,82,120,141,122,157,91,101,125,125,103,122,126,142,93,138,131,143,123,114,96,186,133,119,141,154,89,132,103,129,134,125,135,114,103,108,189,127,151,106,118,131,128,98,123,140,128,136,147,111,37,110,174,138,127,158,161,127,222,106,126,117,138,129,153,140,105,124,143,121,116,143,110,111,161,127,139,159,124,137,142,125,131,133,145,162,166,137,126,150,132,202,158,171,90,113,115,110,74,149,139,130,130,0,139,153,127
123,91,95,128,141,132,93,108,126,111,127,119,107,106,128,139,92,130,122,160,70,129,120,127,88,143,129,148,115,122,116,204,138,150,86,95,79,127,132,121,130,200,117,105,116,152,27,166,130,132,68,121,43,131,96,108,148,134,130,249,178,184,117,161,109,119,113,96,89,109,124,123,87,121,130,133,126,104,168,25,95,127,94,108,148,59,124,111,92,147,160,69,108,76,135,134,150,81,129,129,129,159,138,151,131,139,119,161,79,117,110,110,135,130,99,168,145,121,118,153,125,104,132,151,160,86,107,136,170,122,116,118,95,136,100,117,129,137,133,90,107,156,158,107,110,119,100,160,135,131,133,158,116,162,128,107,115,133,187,126,103,124,104,82,168,110,98,125,125,146,131,132,158,126,152,147,102,74,139,127,72,50,125,126,51,156,33,129,129,147,136,133,122,208,88,75,131,104,125,171,136,164,143,117,121,66,166,138,61,96,130,142,108,124,139,127,114,113,122,133,89,120,88,114,85,133,118,94,100,126,161,133,153,65,84,109,156,152,125,116,123,126,123,122,136,51,217,81,115,118,131,106,125,113,234,62,127
133,158,136,130,104,96,108,125,122,112,128,122,143,114,169,131,126,229,129,110,135,128,142,127,126,121,134,128,120,125,130,153,133,122,125,128,133,128,125,128,90,124,131,128,122,116,125,158,120,127,147,137,114,114,102,105,134,124,139,162,142,122,124,134,125,144,124,110,132,129,126,125,108,111,119,138,105,137,138,144,135,109,100,152,115,112,133,106,179,126,109,129,90,142,128,128,148,121,134,104,121,124,134,145,126,128,125,79,129,134,138,136,131,129,135,135,105,141,126,131,130,125,121,137,128,84,155,123,151,116,119,131,117,139,117,125,133,132,137,131,123,123,85,127,121,110,122,114,131,90,134,117,130,124,139,132,119,136,160,142,89,141,124,81,121,124,122,116,120,142,133,128,140,131,127,110,138,117,131,125,166,170,154,134,127,125,109,123,140,125,129,108,154,113,139,124,111,125,127,129,123,132,135,132,122,108,109,127,142,119,0,124,86,143,141,138,103,132,129,127,127,132,128,157,90,125,136,136,122,118,115,119,135,110,135,127,133,104,131,118,101,131,129,99,137,152,144,120,127,124,123,124,119,146,111,124,127
98,135,125,139,130,129,130,110,113,118,136,125,141,116,108,114,142,124,143,149,111,139,133,107,120,87,136,129,150,140,140,124,145,92,98,114,136,117,120,92,128,121,144,120,119,121,147,125,122,129,119,130,145,134,122,165,185,181,122,117,109,151,157,127,102,149,115,108,127,110,167,122,128,124,128,123,96,136,139,151,138,140,116,109,127,136,128,141,122,124,128,171,152,117,142,142,128,127,130,122,7,131,110,143,122,205,136,132,109,90,125,116,157,109,111,131,112,113,121,110,117,131,113,52,177,128,133,118,110,164,122,126,142,118,136,170,142,105,114,141,111,76,146,125,140,119,130,120,123,120,138,105,131,143,136,138,108,130,160,120,151,142,87,120,87,127,147,115,138,124,124,115,28,126,137,121,103,109,120,132,132,118,130,120,143,125,156,117,124,159,126,219,127,154,143,114,115,130,153,113,117,130,93,155,131,126,135,153,133,129,127,134,139,143,145,121,136,133,147,123,79,132,117,110,144,127,142,133,126,132,129,124,140,121,142,117,51,135,160,137,128,175,114,147,128,144,132,138,188,99,143,130,118,126,130,109,127
99,146,138,133,85,139,84,115,169,124,140,116,161,126,164,133,140,117,74,172,106,140,133,130,158,86,89,156,126,108,111,175,131,118,125,102,127,124,123,114,133,127,144,164,127,139,113,151,103,130,104,140,125,121,134,218,93,104,97,44,133,109,93,172,99,122,150,97,127,133,120,115,90,124,47,130,135,151,63,185,130,184,109,90,140,166,136,120,179,116,96,127,110,149,85,134,128,222,135,116,139,143,134,121,124,136,56,152,179,103,132,137,89,135,165,176,112,87,110,116,117,130,108,117,122,61,112,115,199,169,148,107,103,126,106,136,197,114,142,90,122,173,160,148,161,85,94,53,159,142,124,88,143,131,98,141,119,86,112,131,117,99,139,70,137,185,86,141,117,148,125,133,149,131,120,106,87,125,138,143,59,72,143,117,67,147,116,89,142,134,125,139,132,98,130,102,106,123,154,128,130,113,126,124,96,174,127,125,117,120,121,119,162,107,98,141,141,157,155,86,84,115,130,156,72,144,118,144,153,155,59,123,125,145,125,121,116,100,114,141,87,97,131,110,114,139,120,127,117,113,222,120,145,143,176,101,127
128,125,131,103,137,61,109,132,119,139,122,133,121,115,191,131,111,119,139,125,181,136,136,132,136,163,131,157,124,93,110,117,110,116,149,130,178,136,127,128,124,124,130,165,116,88,124,142,124,131,122,129,134,123,119,126,94,127,132,94,138,95,183,131,114,64,124,127,126,142,116,116,125,134,119,127,97,93,139,158,121,140,137,91,120,192,136,105,172,110,127,66,114,95,115,132,130,147,119,79,121,66,129,98,119,113,122,110,101,129,169,132,117,135,173,124,132,116,116,131,119,124,141,127,127,123,136,124,88,142,112,137,139,134,158,99,158,131,143,96,72,96,154,145,131,146,134,122,134,144,121,137,109,151,123,131,150,121,132,127,133,167,169,120,147,130,146,121,106,157,125,124,133,130,121,117,147,83,126,133,106,140,123,92,99,133,124,122,139,110,129,138,126,96,100,166,123,131,96,148,140,98,104,128,106,108,71,114,122,138,124,106,112,124,91,136,101,113,135,131,133,91,207,137,106,115,78,111,104,120,123,117,128,120,109,130,147,134,127,228,108,133,137,108,132,153,138,136,119,107,133,128,128,113,124,93,127
125,132,124,126,151,144,124,131,121,136,138,119,136,125,119,126,137,144,130,149,137,130,133,127,120,117,127,129,111,121,126,176,132,126,121,118,131,127,132,117,183,137,136,160,129,128,91,116,102,134,112,137,135,142,153,128,128,123,134,138,142,90,132,165,114,114,121,127,130,134,132,125,112,122,139,124,101,130,148,144,135,114,122,112,21,151,133,93,158,126,133,97,133,117,132,126,60,127,135,133,137,118,132,107,134,146,115,102,148,111,128,130,122,153,157,154,142,104,131,133,133,134,131,142,134,105,123,138,128,111,148,134,123,121,148,126,115,122,126,120,105,129,108,131,128,125,125,148,121,157,127,133,112,137,135,148,137,120,131,143,123,128,150,104,126,133,113,125,145,127,119,137,130,133,121,140,137,105,136,122,110,121,154,161,109,129,120,107,130,141,130,125,47,100,118,132,129,131,135,155,121,140,133,133,100,121,118,126,135,130,98,100,118,131,137,127,73,124,156,135,104,113,130,125,115,126,139,98,148,144,112,135,131,113,123,133,138,148,130,107,125,137,130,152,149,131,139,127,144,103,129,109,123,134,126,106,127
118,132,107,118,128,141,127,74,138,129,117,124,132,163,149,106,216,130,142,233,130,143,85,105,127,185,138,143,140,131,154,109,112,159,132,151,125,134,110,178,126,108,126,151,189,131,92,132,102,139,116,128,49,0,133,100,117,86,89,103,115,143,138,129,116,114,137,105,127,131,139,134,134,129,126,131,141,136,106,138,124,118,126,164,142,132,128,115,134,195,110,124,138,97,133,98,135,128,135,115,144,128,146,122,142,131,110,134,148,43,138,102,112,126,147,97,149,69,91,106,131,153,186,91,151,118,152,105,123,127,116,114,129,120,130,104,140,91,129,119,137,108,126,122,146,113,129,159,129,100,130,62,121,141,146,86,129,142,117,131,95,150,114,142,164,116,141,128,129,134,129,142,101,124,124,88,133,99,101,128,132,139,122,132,109,137,142,151,124,97,128,127,124,90,127,102,156,111,111,120,175,124,122,107,133,146,109,116,91,104,125,121,99,115,118,108,124,235,135,124,96,121,133,97,127,127,152,121,140,190,119,129,114,127,141,134,133,99,132,133,112,254,131,28,143,144,127,147,131,88,145,134,120,80,122,160,127
137,121,117,120,121,114,117,128,123,131,119,141,132,114,109,129,111,102,112,110,127,123,116,116,133,126,125,125,138,116,129,141,144,120,140,121,119,127,132,140,139,130,117,116,119,130,118,81,137,121,126,126,118,120,143,105,138,129,142,136,124,104,130,117,126,114,128,151,120,133,133,126,114,146,119,99,77,137,122,136,135,137,110,131,149,127,125,141,70,127,120,135,132,128,121,126,155,134,126,109,121,122,129,98,127,120,121,138,140,127,119,111,141,127,115,125,117,124,94,151,128,128,109,127,137,142,119,128,158,131,132,120,142,127,134,120,140,125,133,142,115,143,113,136,113,145,131,151,123,101,127,117,135,138,141,100,125,136,130,117,94,134,133,164,127,123,145,127,152,120,134,138,135,130,172,124,152,134,130,113,118,144,103,135,98,135,121,125,117,126,125,129,104,140,130,128,121,118,142,128,126,88,136,129,152,124,60,129,115,124,178,122,101,135,148,138,163,124,129,124,130,103,127,127,132,178,120,124,133,120,132,130,130,121,137,127,142,162,130,121,161,126,125,135,124,159,127,122,134,114,112,135,128,129,96,111,127
121,138,143,91,137,140,120,123,126,130,123,120,131,110,133,125,106,120,114,188,152,127,157,134,160,129,132,141,149,121,118,130,105,150,97,128,154,126,137,152,126,158,123,151,129,121,148,111,142,142,97,127,91,103,127,167,149,145,115,154,121,153,138,139,114,129,124,197,108,132,133,131,166,192,133,123,70,127,127,115,131,190,165,116,104,146,123,122,63,127,82,212,153,139,134,116,130,142,123,122,132,165,132,128,115,158,162,150,136,169,118,122,155,129,95,119,84,134,126,124,111,112,105,132,120,143,122,137,103,131,102,134,182,125,127,149,110,147,124,191,185,104,141,122,179,186,127,154,116,27,128,122,126,136,216,100,129,144,95,134,17,155,112,142,135,105,136,138,123,138,133,137,132,135,207,133,153,139,135,136,124,105,122,117,139,117,124,117,132,131,128,122,129,150,119,119,143,128,233,125,135,142,129,121,119,136,71,132,116,136,126,112,126,132,148,91,151,109,97,128,112,73,116,141,120,118,108,117,128,103,136,125,132,115,130,131,140,118,132,177,114,143,130,167,123,113,120,117,114,149,130,134,121,140,117,121,127
98,131,135,111,170,132,146,130,131,128,135,118,95,107,134,139,156,119,96,77,139,133,133,144,106,116,159,135,141,128,119,101,95,105,138,123,198,133,136,104,124,132,130,142,126,95,98,128,122,128,108,129,130,133,146,128,127,141,104,140,93,74,150,125,147,144,112,127,105,130,113,126,126,126,178,138,109,114,121,132,144,83,212,126,139,185,121,131,155,121,127,106,115,122,135,134,116,127,129,127,145,89,129,133,151,141,108,150,124,150,126,124,103,146,194,112,145,117,112,163,105,113,165,130,103,112,123,139,98,90,135,131,123,123,181,135,106,119,126,154,98,126,130,188,90,123,125,185,104,98,130,127,116,121,125,180,152,108,108,132,176,106,118,134,148,89,129,140,130,137,131,134,113,120,128,133,121,81,134,119,114,113,118,119,191,125,110,115,123,131,131,130,124,159,100,153,162,131,137,111,102,152,98,122,123,107,123,129,103,163,117,132,67,124,120,141,147,121,104,136,174,128,124,107,160,137,129,161,145,104,86,138,128,103,115,125,131,125,138,154,110,133,126,148,127,164,60,113,131,138,168,128,150,111,147,100,127
161,95,157,120,141,141,175,116,171,130,138,114,129,121,114,141,133,125,138,144,137,131,141,116,136,146,138,121,122,118,124,159,129,134,121,129,93,138,138,121,145,112,120,110,132,129,99,75,124,113,119,123,111,145,170,103,120,131,128,205,146,140,166,127,113,119,112,157,115,154,130,124,136,115,98,115,151,127,148,130,160,124,129,111,108,130,120,134,120,149,158,84,107,129,130,101,121,127,124,125,111,143,123,141,123,100,140,97,84,145,107,126,105,115,83,126,134,104,158,133,105,108,120,101,122,142,149,122,126,154,119,147,157,164,102,143,107,140,163,107,110,128,252,140,129,131,108,147,153,127,134,124,120,113,195,95,116,113,55,141,166,125,128,96,106,197,114,71,134,124,140,135,126,123,122,185,115,139,140,128,138,143,149,129,122,142,112,93,117,114,135,121,126,136,139,123,119,139,96,172,132,113,106,140,140,124,138,118,84,121,127,129,187,158,109,127,107,124,122,159,117,124,240,170,106,116,131,170,115,113,94,132,115,141,132,125,122,157,146,96,143,124,120,110,116,148,190,125,129,108,100,117,118,118,98,141,127
124,142,116,131,157,205,130,134,133,114,131,124,122,142,96,124,161,130,121,123,150,128,120,117,134,119,127,120,119,121,147,105,122,118,129,132,151,126,122,131,130,106,125,119,128,126,134,92,103,116,113,117,130,134,136,115,133,128,132,203,125,94,152,104,136,123,130,66,154,127,131,123,123,120,108,128,132,142,151,144,130,112,111,165,91,160,132,98,102,124,120,107,123,113,133,134,162,109,123,122,130,124,125,125,125,123,101,127,115,121,135,134,116,118,132,106,131,139,96,108,137,128,121,133,120,181,109,121,96,132,124,104,128,128,126,122,128,126,128,116,114,125,133,119,119,102,125,123,130,137,126,127,132,111,130,153,132,141,118,138,95,122,146,157,113,125,108,118,123,120,123,127,121,116,127,154,118,126,128,119,145,124,130,120,133,130,120,86,133,127,124,119,127,104,125,140,205,138,141,138,107,142,138,123,118,123,117,122,139,133,129,126,141,131,108,127,120,124,133,130,102,104,133,159,120,129,124,115,137,131,115,119,122,134,121,125,124,147,126,132,126,131,127,94,127,181,133,141,125,137,137,120,124,138,121,127,127
135,137,121,115,122,184,105,124,149,130,128,128,127,141,107,121,152,135,129,90,119,121,121,124,124,125,129,128,121,122,149,119,122,112,133,131,127,133,129,104,116,118,120,85,129,121,128,182,130,128,125,121,129,120,115,131,120,114,99,151,117,104,110,122,113,114,122,86,140,122,123,122,129,173,120,123,159,127,106,128,118,126,120,120,94,114,132,124,106,134,130,136,128,122,122,118,119,137,117,124,133,124,129,104,121,135,133,166,123,112,125,128,143,130,115,145,123,146,86,127,121,128,126,136,138,150,114,129,149,126,114,118,183,127,120,132,141,123,137,133,139,124,156,121,131,88,139,148,137,194,130,108,117,125,72,117,128,124,122,122,114,120,114,149,105,124,131,132,142,127,123,116,107,125,88,132,143,133,122,125,114,130,98,126,112,132,118,130,123,125,121,131,139,137,130,139,141,118,159,119,108,114,131,127,163,126,129,128,136,121,150,135,102,146,136,117,96,134,140,125,147,153,133,125,115,164,121,114,133,119,136,133,127,121,122,127,128,159,129,114,151,128,127,121,120,151,126,118,122,126,109,133,131,132,99,130,127
143,132,136,128,132,112,121,163,132,142,170,125,104,121,131,88,110,132,126,93,115,105,131,198,138,186,131,103,147,131,119,139,169,157,143,215,133,121,122,121,127,121,171,114,110,114,50,133,117,133,114,131,124,110,131,159,93,135,120,100,139,148,146,123,121,154,127,120,115,158,155,141,106,115,102,132,148,93,156,103,134,95,122,131,127,130,113,126,120,130,139,152,195,89,120,140,128,137,157,129,111,95,152,145,157,123,129,133,91,96,92,91,172,92,127,94,114,117,121,131,127,135,127,139,84,136,139,101,107,119,117,139,119,126,139,137,154,200,139,152,148,79,136,145,125,125,135,113,128,122,97,117,106,108,140,133,166,116,150,128,143,140,112,116,86,114,127,123,131,51,27,145,75,113,127,138,82,113,134,125,121,88,119,138,116,124,147,117,81,176,100,110,119,133,104,93,134,146,158,109,94,118,144,125,120,131,114,91,129,105,129,132,132,113,161,117,113,158,140,117,127,123,122,118,170,127,115,164,122,128,120,126,82,114,120,177,150,135,115,110,124,102,166,129,126,147,115,168,113,137,125,122,124,147,141,124,127
150,86,163,123,139,104,108,107,126,108,118,122,133,124,79,122,128,130,149,102,97,102,165,127,110,136,162,91,118,137,135,101,108,116,66,147,142,112,120,149,134,115,111,102,126,97,83,125,139,110,122,118,127,120,116,71,112,118,142,202,134,149,75,105,164,112,120,169,144,119,123,139,87,125,142,122,168,130,147,88,101,91,119,133,118,115,120,168,125,112,120,166,107,96,142,105,116,90,129,140,118,104,109,127,95,140,160,149,81,113,104,124,91,96,129,101,129,134,133,129,118,115,152,121,101,195,125,118,122,123,120,115,145,176,121,117,122,121,124,112,129,86,139,110,113,147,122,198,118,143,130,140,106,102,128,82,113,150,122,133,211,114,88,120,122,124,120,115,131,97,118,117,136,109,96,152,116,98,115,120,179,177,136,125,175,128,142,161,156,135,121,90,133,106,127,135,183,151,132,107,102,154,124,106,119,134,113,129,90,125,130,129,92,118,156,115,147,107,80,137,110,155,86,113,133,160,121,129,116,129,125,129,107,124,94,132,107,84,135,96,154,133,119,134,109,155,126,123,140,143,92,135,130,119,106,100,127
101,76,94,153,60,133,114,132,144,104,130,117,215,129,235,137,99,116,167,132,92,131,141,134,133,147,89,133,200,138,149,103,118,116,109,125,248,127,122,127,132,205,132,142,117,117,115,112,126,135,138,126,128,154,77,64,148,120,142,97,145,165,104,118,134,139,116,109,101,114,126,129,110,95,118,124,130,85,60,130,131,130,70,87,127,106,135,121,99,123,138,83,95,100,119,136,117,120,130,136,145,132,132,119,118,125,133,137,113,109,137,126,138,126,54,144,148,135,119,117,132,147,130,112,134,136,144,131,124,78,115,177,146,118,139,123,143,128,254,157,135,136,177,116,122,145,130,114,106,150,120,144,109,162,153,107,109,118,106,137,121,180,172,212,120,116,131,170,128,130,136,133,151,137,144,111,124,172,124,134,89,172,144,103,108,141,115,133,102,126,125,162,131,126,115,95,106,104,111,98,139,81,156,116,128,91,88,138,106,144,112,137,138,147,129,130,87,133,130,110,127,111,97,89,161,133,203,132,139,113,134,132,152,51,90,122,130,130,110,182,116,123,132,134,116,131,158,128,139,139,129,131,164,136,104,87,127
117,177,139,127,194,128,91,136,130,117,116,95,121,88,96,131,105,125,128,97,193,123,116,124,127,115,125,127,130,123,138,112,127,142,141,111,126,127,141,129,128,115,124,114,120,130,124,85,139,110,160,121,110,110,130,75,134,107,175,180,118,99,168,99,160,144,169,168,126,128,121,111,181,113,118,124,28,140,190,187,132,50,183,173,138,124,129,132,128,119,145,95,121,89,110,142,129,102,129,122,137,121,122,144,125,126,135,130,130,151,123,126,127,128,133,151,112,125,103,102,128,133,86,144,90,124,123,124,100,147,93,104,95,130,127,112,97,131,126,157,116,114,177,133,73,141,72,132,159,92,124,182,125,95,231,187,144,120,91,124,74,111,106,134,124,133,110,114,138,127,130,119,162,133,118,125,110,151,138,124,153,125,125,119,85,122,130,122,129,148,133,128,134,119,113,117,98,154,129,131,156,184,133,147,121,125,138,136,109,136,123,125,163,111,117,139,160,102,131,158,68,111,127,153,128,137,125,104,137,179,103,114,129,153,135,122,124,160,132,128,134,137,134,53,74,169,136,116,163,95,133,122,125,127,123,116,127
111,119,144,126,124,107,117,112,116,133,133,142,123,126,133,121,130,129,91,125,71,128,135,133,107,131,163,129,200,139,144,142,72,143,167,127,185,115,123,126,131,130,124,88,129,97,109,137,109,130,146,131,132,110,83,148,122,125,144,95,127,130,184,153,152,110,124,134,128,85,137,102,123,114,101,132,128,121,120,67,161,140,133,145,124,91,121,117,141,124,115,106,106,130,130,137,118,121,126,101,140,102,116,101,139,121,115,150,130,149,105,126,147,130,116,128,140,129,89,129,96,118,128,144,128,113,140,137,109,75,131,126,127,143,155,117,157,137,81,139,122,120,144,116,148,144,116,135,120,104,109,129,133,120,136,156,135,115,108,124,126,59,45,108,114,99,126,84,114,134,123,130,113,134,116,139,107,173,126,130,109,100,125,191,127,131,126,124,108,125,134,121,134,132,124,109,127,133,150,110,130,118,140,127,100,101,99,123,155,126,127,114,114,123,133,146,104,134,116,126,92,131,172,116,100,131,122,85,140,121,87,122,140,77,89,128,126,117,125,175,140,125,113,155,125,93,124,132,130,135,126,137,89,119,140,148,127
123,124,93,108,115,149,140,136,202,123,123,115,113,133,167,115,32,139,109,141,160,127,113,137,151,100,122,137,110,136,120,150,111,119,141,128,144,110,147,114,125,128,118,121,125,123,134,168,60,115,132,126,90,143,115,131,82,124,77,163,141,86,152,94,215,133,144,120,99,149,107,118,110,106,160,111,111,124,102,134,123,68,195,125,153,142,109,126,112,129,112,156,156,132,103,120,122,117,136,125,117,113,144,140,184,145,79,112,137,95,125,132,109,141,143,153,141,93,123,138,113,135,105,78,105,183,119,137,98,153,133,144,138,129,126,128,124,128,131,155,116,115,112,158,113,141,128,158,112,120,137,126,155,121,142,131,159,167,101,123,138,121,109,89,42,123,123,134,133,138,127,142,155,124,128,135,118,126,137,119,90,134,131,141,183,132,145,155,118,116,141,168,128,195,119,147,113,106,152,119,111,135,107,90,107,84,122,122,96,221,140,117,152,135,128,138,139,96,139,141,236,128,114,122,128,137,152,162,120,124,107,131,143,116,147,119,140,99,143,136,130,152,133,188,107,174,87,116,125,148,112,122,142,131,116,128,127
119,116,131,118,127,210,116,126,132,128,128,135,131,124,145,127,116,134,111,107,110,123,125,128,117,123,129,119,113,129,116,130,129,125,118,140,122,127,128,106,122,140,128,101,138,114,151,118,132,123,122,133,133,125,122,146,121,117,127,128,131,128,121,162,123,126,127,124,138,123,130,112,107,166,120,128,156,120,102,118,106,130,109,114,140,151,129,152,75,127,126,156,115,143,119,130,141,136,123,120,124,136,125,111,120,140,126,138,128,113,125,145,131,124,118,138,113,116,142,126,121,129,126,127,137,120,114,126,126,136,127,137,131,132,116,116,161,123,128,119,134,124,132,118,137,125,133,126,152,177,124,133,121,121,150,108,129,139,112,134,116,112,118,120,123,130,107,135,144,114,119,122,117,124,101,131,127,119,130,134,110,105,106,116,114,130,127,117,127,122,122,112,128,135,126,132,126,136,154,125,129,121,115,118,112,114,101,122,131,131,109,111,113,121,130,132,124,127,122,123,134,154,101,118,102,148,127,126,124,116,119,121,116,132,120,132,133,127,122,135,117,111,127,123,115,113,127,131,133,124,145,128,137,135,135,109,127
140,124,131,109,132,246,154,116,115,125,125,123,129,124,113,133,134,119,118,123,125,126,132,142,155,149,154,128,120,163,104,128,116,132,124,119,132,124,127,139,128,121,133,143,119,102,110,109,139,128,126,124,125,135,111,170,127,133,136,149,134,154,106,113,128,131,132,92,141,142,123,130,150,153,128,124,127,145,155,127,114,115,135,123,237,127,126,132,89,129,117,73,98,125,135,112,124,121,121,133,116,148,129,86,105,127,111,92,134,145,127,119,160,121,101,131,144,136,120,116,125,119,106,121,132,95,129,123,75,130,131,124,166,133,120,129,185,133,165,80,176,138,137,131,135,133,136,124,124,101,133,133,133,145,141,126,117,127,101,112,92,135,112,114,123,136,56,122,67,126,133,130,137,124,133,145,149,141,123,127,123,124,58,131,142,127,130,157,120,127,131,125,124,146,132,123,141,145,68,124,145,114,132,120,67,134,111,134,99,130,143,114,107,128,133,122,254,130,123,133,141,69,167,119,133,139,131,116,201,126,135,129,135,135,128,137,151,98,135,142,199,125,134,112,116,107,171,125,143,100,159,135,123,123,106,161,127
131,99,126,110,127,115,107,129,125,254,116,145,113,127,211,120,121,125,59,122,132,120,131,137,158,134,102,127,160,101,111,124,127,145,122,129,233,126,129,132,128,189,125,56,123,161,83,103,118,132,126,131,133,121,155,116,154,129,139,74,123,54,79,123,112,28,134,158,121,113,141,169,132,99,99,145,130,137,143,121,114,122,96,155,105,136,133,91,136,131,158,107,136,131,116,130,106,124,118,112,118,110,132,55,126,123,163,202,104,124,132,124,132,132,48,126,164,134,118,157,129,119,116,137,124,154,116,125,164,125,133,127,131,132,167,117,106,117,174,220,138,123,92,124,107,132,124,68,124,126,139,127,129,112,129,146,131,124,162,143,112,150,187,134,127,166,131,145,103,108,131,124,118,123,120,114,163,178,125,136,111,155,146,135,154,123,132,132,103,128,123,121,130,129,125,105,141,135,178,138,114,157,130,129,110,85,86,132,105,145,129,123,139,91,142,130,102,128,115,126,122,132,154,125,113,110,148,169,169,136,123,126,141,115,128,121,121,102,139,139,120,128,130,110,129,151,144,132,129,148,124,125,184,129,126,159,127
123,130,132,134,122,132,124,144,133,119,167,124,130,131,100,145,116,129,150,149,116,6,148,103,128,95,137,210,124,134,134,122,137,144,139,130,141,249,10,26,122,156,111,121,150,100,128,126,126,130,137,123,68,113,127,151,153,124,139,167,63,112,112,124,139,137,134,150,136,139,156,130,173,121,115,127,107,152,133,149,132,112,133,172,118,127,150,126,118,122,126,116,114,139,114,130,117,130,77,123,147,133,61,130,126,111,123,137,128,34,129,0,99,141,122,149,131,139,125,138,131,126,141,137,167,114,134,127,166,146,130,137,131,136,124,138,147,153,124,137,126,138,130,130,134,121,141,66,130,143,133,116,74,108,131,150,132,141,121,130,122,119,136,130,140,123,127,133,126,146,56,175,124,117,128,180,179,110,228,129,131,113,131,125,118,146,144,130,121,117,0,146,129,114,123,211,123,127,139,125,214,129,122,111,126,135,125,126,148,120,131,130,153,135,69,130,148,105,133,109,149,135,122,138,141,130,139,128,127,120,128,113,254,135,132,151,156,126,126,111,133,101,133,129,110,120,115,254,141,140,139,137,137,100,120,106,127
156,129,108,107,150,153,121,110,123,83,121,189,151,137,91,141,115,124,59,112,77,124,142,149,96,133,143,130,162,144,131,91,160,136,90,131,107,117,125,110,125,88,124,146,117,147,201,101,139,117,107,121,113,127,132,166,113,132,118,208,156,254,81,113,119,240,127,177,171,106,119,131,128,123,139,128,142,142,62,78,109,102,120,100,98,58,138,149,77,139,116,243,107,119,148,165,114,103,126,165,119,166,127,126,144,120,131,120,121,111,131,132,154,138,60,122,43,137,122,126,109,134,132,146,115,132,110,146,53,125,139,135,123,115,108,117,93,121,221,225,113,145,154,112,89,136,141,158,128,119,147,131,148,159,139,115,94,136,97,130,103,182,90,141,120,116,132,125,142,139,138,117,78,114,192,133,133,163,129,121,118,203,150,127,150,146,136,145,129,129,136,129,124,106,117,107,122,102,232,111,127,102,125,131,139,108,204,116,59,123,128,112,130,93,130,127,127,136,106,122,138,135,67,122,127,125,197,124,151,138,149,118,145,129,149,121,144,170,143,73,61,129,130,133,128,126,165,125,104,144,122,124,132,132,119,163,127
112,111,117,139,141,146,116,121,134,132,128,124,134,133,121,125,175,123,111,112,123,117,129,134,113,137,120,125,118,129,253,132,143,116,129,139,133,127,120,116,123,94,133,93,137,146,143,152,86,123,115,133,141,139,138,138,117,113,128,114,118,132,101,85,127,137,124,106,156,114,149,134,114,161,116,131,124,115,121,164,115,118,112,137,180,149,134,131,121,135,148,139,132,142,120,149,98,142,117,138,144,150,126,122,122,135,100,115,127,119,129,134,119,120,134,140,130,116,117,136,126,130,107,144,112,112,143,115,115,126,134,109,131,110,98,125,155,121,129,105,125,151,134,124,148,104,129,93,126,160,127,110,128,113,126,136,132,91,119,126,123,125,147,133,119,143,200,130,128,122,129,119,101,119,97,121,117,123,128,131,143,125,109,113,160,110,108,84,129,118,119,132,125,119,139,144,106,110,130,117,116,107,115,129,92,117,101,120,142,131,136,127,143,134,109,115,98,146,116,120,142,178,120,118,118,132,123,139,134,124,119,131,112,127,140,126,121,127,116,120,126,127,119,138,123,79,112,147,115,124,129,112,127,145,135,124,127
109,88,110,111,121,101,86,108,111,115,101,118,109,89,100,95,109,123,115,82,91,95,100,92,122,96,112,101,102,123,103,95,98,106,113,116,85,112,100,89,115,96,87,64,117,91,86,100,112,121,94,114,108,91,95,85,103,113,116,128,106,102,81,96,115,103,107,97,109,88,123,118,85,85,121,131,85,102,114,79,113,105,81,115,108,75,121,102,62,102,112,121,126,96,122,103,106,98,93,113,53,108,93,115,98,83,121,130,105,92,113,101,99,99,95,95,122,111,106,107,124,119,111,105,103,130,116,106,106,93,106,104,112,144,70,117,105,96,97,110,103,89,62,97,96,113,107,92,107,111,112,114,100,89,108,90,112,110,102,111,84,93,105,78,101,111,102,103,116,73,94,97,103,101,93,94,101,82,107,117,123,114,113,79,114,109,105,111,122,110,118,77,118,86,106,94,108,110,107,103,101,124,114,108,109,80,109,108,111,124,125,132,103,100,94,113,115,96,82,112,99,99,113,110,106,109,86,115,120,109,127,116,89,91,88,116,77,122,104,106,120,109,85,110,108,132,110,102,97,102,108,132,112,98,108,98,127
169,188,112,122,139,98,64,124,134,135,121,154,156,137,51,125,115,116,103,146,118,125,137,127,114,125,129,127,195,121,130,140,102,120,138,125,137,130,122,128,119,115,112,121,126,119,201,90,127,121,142,142,98,136,182,123,120,127,139,136,127,188,99,140,130,207,130,165,121,116,125,162,139,145,105,139,144,161,132,124,94,148,108,140,153,84,126,186,80,130,94,151,119,157,123,145,109,127,125,114,127,131,127,129,115,126,140,115,110,156,126,120,145,123,126,145,100,127,119,115,151,136,120,152,153,121,133,138,118,127,122,85,155,132,126,149,181,121,149,163,113,137,180,117,129,133,108,119,179,115,137,121,127,112,120,113,117,136,148,144,128,182,84,142,108,141,124,84,126,120,131,135,145,145,172,126,121,150,124,122,120,172,124,132,146,124,130,131,132,131,124,126,125,154,139,101,118,126,139,112,137,126,121,106,110,102,58,132,71,118,143,146,114,148,142,121,101,130,102,122,108,113,104,113,94,117,146,133,195,118,140,115,118,107,126,123,135,151,144,172,129,136,125,134,131,166,106,114,124,120,117,130,128,122,121,125,127
121,111,120,124,116,147,139,129,114,114,124,127,141,131,103,139,139,125,118,172,97,127,138,127,127,124,138,118,118,120,135,168,119,131,111,133,129,132,138,120,136,124,127,121,120,137,118,137,96,129,146,125,126,127,95,120,122,112,141,95,160,133,101,229,115,105,122,118,121,122,128,118,123,161,122,128,138,132,120,89,124,131,121,119,106,127,121,125,135,123,102,115,124,141,129,130,150,140,128,141,111,114,120,135,126,123,111,112,144,114,129,132,136,124,128,169,129,135,120,208,131,124,130,128,153,214,140,117,101,120,127,124,77,130,122,122,112,124,121,108,117,130,141,114,115,145,123,158,122,118,127,121,129,116,124,114,102,148,227,122,86,137,142,126,105,98,135,121,113,130,124,130,115,121,134,131,114,110,131,125,164,107,149,130,118,136,96,86,125,129,130,122,133,124,119,130,131,136,121,126,110,133,119,131,133,115,119,132,130,121,137,129,97,162,130,134,121,113,114,125,115,109,110,142,138,120,133,115,100,133,110,121,127,123,117,119,119,133,127,148,133,119,130,132,131,78,136,132,116,141,152,135,124,127,183,134,127
134,142,141,128,137,87,146,133,108,114,136,128,146,126,175,128,119,39,113,132,137,135,139,126,139,133,131,134,113,118,108,135,126,120,108,122,137,124,122,121,97,117,131,106,126,122,163,116,142,127,117,129,121,138,109,124,130,123,121,170,146,139,120,137,140,127,124,127,122,136,126,123,113,153,114,120,96,127,146,124,123,115,110,147,183,124,124,122,141,130,130,104,91,135,128,118,103,127,130,111,130,135,120,144,125,133,116,96,137,114,132,125,136,126,131,130,109,134,126,144,134,127,130,148,137,142,123,128,148,101,133,104,129,129,127,129,156,137,138,131,86,133,162,133,125,115,128,125,138,145,132,128,132,139,123,116,117,138,125,135,123,148,115,139,122,135,134,94,83,134,131,130,139,134,126,140,133,99,126,129,118,216,163,127,124,127,106,131,124,126,132,121,161,139,133,113,127,144,138,138,123,155,126,118,254,124,154,138,110,123,192,134,103,109,132,134,94,115,129,136,110,168,130,138,101,129,131,131,109,132,121,118,131,115,129,116,131,129,133,137,108,123,129,102,149,141,154,116,135,124,143,127,113,146,96,109,127
121,126,150,119,113,112,114,151,125,121,173,137,120,167,141,128,171,123,116,185,102,143,155,147,142,139,104,128,129,127,137,43,135,120,137,117,120,202,108,195,125,163,122,125,122,121,126,116,152,158,104,129,144,130,128,88,147,127,161,141,118,104,127,62,213,108,122,113,97,121,146,110,147,149,114,119,236,130,91,142,121,149,133,219,124,75,116,128,134,88,100,67,70,166,0,122,124,117,124,123,121,130,132,119,69,95,104,142,128,217,129,161,97,113,135,185,128,152,111,153,146,134,122,71,44,83,129,129,105,109,119,134,146,132,124,150,96,133,126,149,144,126,115,149,114,110,0,165,134,141,130,131,132,135,128,128,129,149,117,128,129,162,115,109,223,89,126,131,124,116,109,128,198,119,133,157,168,145,97,133,131,133,118,99,101,113,75,144,116,105,71,41,128,23,151,76,90,94,159,91,0,147,24,254,107,231,143,187,138,73,130,128,96,143,128,133,136,112,124,253,210,123,137,141,167,122,108,82,127,131,137,105,58,121,117,138,178,158,96,129,119,125,146,60,0,91,130,122,191,106,135,125,129,127,140,86,127
112,85,105,115,132,125,117,120,132,115,115,123,151,133,41,122,145,131,231,117,113,128,133,120,142,113,93,118,143,112,129,121,137,137,124,126,165,127,131,119,130,118,117,141,117,124,176,133,134,130,126,133,133,128,228,99,105,125,130,88,134,63,99,110,115,190,126,130,121,152,120,145,132,148,163,126,75,122,144,115,100,140,112,131,148,128,127,117,157,127,121,165,145,131,135,124,130,128,125,105,136,119,127,97,118,126,139,120,149,138,134,126,112,134,151,123,112,129,149,122,131,123,126,107,137,130,102,126,124,132,126,122,106,126,76,122,160,130,97,112,117,121,127,111,126,141,126,126,155,124,121,147,135,128,134,101,123,120,119,122,126,110,105,124,135,116,140,217,120,121,130,135,128,204,116,129,131,138,122,125,89,118,122,96,151,133,115,129,136,125,129,138,125,131,140,141,122,108,81,127,140,145,108,111,132,121,151,123,136,138,119,119,132,113,132,127,115,130,124,136,127,115,214,138,121,136,134,172,189,123,133,134,123,147,113,123,126,109,134,124,128,136,127,157,129,122,96,132,122,143,105,130,180,125,145,89,127
111,114,72,126,92,72,114,125,147,126,125,121,127,102,53,132,136,115,88,148,118,128,145,102,120,93,40,134,127,101,120,145,42,150,135,123,131,115,118,117,115,116,114,133,129,109,117,124,128,129,140,126,124,145,149,122,134,111,102,96,113,70,120,142,137,75,142,115,83,125,120,114,104,123,174,122,108,78,111,127,129,167,95,117,109,96,123,105,107,118,120,79,112,151,131,116,103,110,133,125,140,145,120,107,111,112,104,85,185,95,116,134,105,173,118,131,147,122,124,116,106,133,106,160,136,85,116,110,98,154,141,132,113,113,128,84,80,95,48,98,131,126,127,116,140,121,119,151,131,142,94,124,148,115,134,126,123,139,111,115,69,44,127,130,98,93,121,132,73,142,115,114,121,158,100,121,124,180,131,123,115,111,125,200,105,126,122,107,118,129,128,137,117,73,144,106,107,84,93,91,148,135,100,98,84,122,83,119,171,133,113,86,110,119,104,127,57,147,150,117,176,88,97,153,50,102,101,96,105,148,136,90,145,166,32,137,121,80,112,90,94,123,134,127,134,37,77,135,150,125,137,125,123,128,121,74,127
157,132,143,184,139,134,153,135,130,125,101,144,107,114,146,106,97,128,141,91,164,88,147,150,110,129,149,91,85,125,106,94,169,152,110,161,118,115,129,65,126,98,104,108,104,116,120,128,133,103,148,127,64,149,125,138,83,86,85,99,120,156,134,105,92,127,134,98,155,118,89,161,110,132,110,132,54,134,144,146,118,110,117,96,126,157,105,139,135,163,121,233,179,119,122,53,119,150,98,120,51,109,112,139,203,160,125,133,123,116,145,111,102,128,112,82,119,119,128,142,135,122,163,160,145,117,111,125,175,118,133,130,105,138,134,112,133,138,116,78,114,82,121,89,135,131,154,31,129,105,149,139,125,5,111,143,145,146,98,118,165,110,127,127,89,171,137,134,122,88,139,147,115,119,137,118,190,91,129,134,105,129,124,147,146,82,157,108,120,155,125,153,127,124,83,133,126,136,99,134,142,124,169,44,120,82,146,56,108,132,127,127,132,130,142,138,130,127,113,86,127,119,166,119,145,125,101,139,152,120,109,108,119,119,174,120,81,115,60,135,117,87,98,99,137,165,99,109,110,113,124,123,110,109,98,112,127
128,105,128,124,126,205,140,131,135,138,137,136,127,116,138,125,116,139,94,143,135,124,126,127,109,130,129,125,123,121,109,133,119,135,125,115,136,124,129,134,118,139,132,117,127,123,92,127,128,123,130,135,131,134,110,114,142,127,132,131,120,103,133,113,106,122,114,136,108,126,129,133,129,118,115,125,106,132,118,132,113,133,128,145,187,116,119,102,139,127,127,114,114,106,121,136,113,146,123,120,128,117,127,105,125,132,126,151,139,122,127,122,124,128,107,145,148,121,129,138,124,126,125,127,138,105,128,122,139,130,131,145,120,124,127,144,158,121,131,166,129,128,108,136,131,128,108,113,140,126,126,132,130,131,189,117,131,110,141,129,131,147,121,99,132,125,101,130,118,120,126,133,130,125,107,116,125,129,129,128,114,137,135,135,121,126,128,137,124,123,129,121,147,153,126,113,128,133,110,132,113,136,123,123,113,120,143,137,131,131,90,130,183,177,127,133,91,132,132,131,120,124,136,176,121,126,117,138,181,133,115,125,126,113,140,121,121,113,130,115,113,121,124,145,143,136,128,119,130,131,142,137,126,150,125,139,127
91,135,142,132,187,92,124,125,149,131,127,121,128,144,137,123,147,111,118,94,125,121,120,116,124,139,135,118,122,118,108,103,125,107,151,144,125,127,125,104,127,109,126,142,132,117,161,112,106,123,114,126,135,141,134,125,132,124,91,103,102,84,133,144,103,126,117,82,153,116,128,110,113,113,75,120,74,148,94,122,118,101,105,136,105,157,123,115,112,126,126,132,124,134,119,134,97,120,123,132,119,114,138,105,118,121,106,120,115,102,138,130,113,115,125,110,130,99,125,84,141,138,124,138,87,120,140,130,110,128,129,110,90,114,122,109,93,108,127,96,124,112,127,123,158,123,116,107,120,136,130,117,138,112,144,135,129,88,109,127,78,106,134,101,107,127,113,120,121,124,123,114,101,120,155,78,109,152,123,126,114,85,113,117,139,111,112,119,140,110,129,131,128,106,117,138,173,145,108,103,109,152,111,133,118,132,83,125,200,129,111,128,120,106,104,106,178,124,115,127,75,116,107,131,115,114,115,120,120,138,118,126,121,127,125,129,106,121,122,131,119,108,118,93,111,145,120,140,110,113,119,131,124,117,127,127,127
108,173,115,141,117,133,31,136,140,109,134,126,104,112,141,125,153,135,109,132,133,132,104,132,117,163,126,134,127,142,120,133,154,135,134,127,112,127,120,112,129,139,130,151,116,149,132,109,142,133,129,124,130,127,199,111,124,140,130,82,124,182,194,112,143,115,124,126,124,119,133,120,134,104,149,149,116,120,157,112,158,111,151,136,115,170,131,159,143,128,96,96,153,114,128,141,115,130,123,133,131,104,123,128,130,142,133,146,145,152,120,120,126,153,114,140,135,139,153,124,119,120,128,124,124,106,117,133,159,106,126,82,127,109,136,150,140,126,123,112,157,141,94,160,136,119,124,147,138,115,136,129,131,138,109,123,132,137,139,129,115,98,124,98,156,97,129,0,103,141,128,122,129,119,150,129,147,135,134,136,132,124,131,154,140,127,126,147,107,135,132,140,130,155,118,151,117,109,112,130,110,120,139,158,141,100,57,138,125,131,134,127,135,95,112,115,136,134,136,125,134,128,121,76,152,131,142,106,104,141,123,148,124,138,149,125,129,129,105,125,118,129,122,142,116,162,120,127,129,128,139,126,103,138,114,67,127
125,99,121,99,128,127,96,125,144,115,119,101,141,144,71,125,103,127,79,164,70,128,118,140,64,115,132,117,90,124,130,100,67,132,106,125,108,112,100,115,130,51,121,67,111,114,128,154,120,100,112,124,140,131,72,101,107,146,132,114,131,120,76,117,143,75,120,114,133,92,139,123,73,151,106,123,29,96,122,126,88,108,80,90,107,118,105,138,108,108,150,55,58,134,114,96,106,120,126,111,123,126,132,93,81,127,114,118,195,67,100,128,93,123,150,115,125,115,143,106,93,119,119,92,156,95,109,170,85,182,123,131,107,135,110,107,157,87,16,114,80,72,134,95,111,98,149,85,115,123,103,114,153,100,133,99,97,130,185,130,102,10,139,142,48,93,127,92,126,132,93,125,185,103,112,115,158,99,112,127,128,112,154,123,110,110,145,135,117,132,127,130,127,29,146,94,104,130,114,76,136,178,105,115,107,136,109,75,144,118,129,126,164,132,134,114,126,133,128,122,149,112,7,135,8,143,109,74,127,122,95,103,144,153,133,122,126,102,130,84,105,122,113,90,132,143,134,142,84,126,136,125,107,102,93,17,127
103,99,123,123,254,99,136,118,148,109,131,123,121,110,110,120,157,112,166,129,128,123,90,126,120,149,155,127,135,130,142,113,126,134,98,131,120,124,136,134,136,147,137,85,128,121,98,116,127,134,126,123,124,130,142,113,112,137,149,140,125,103,101,111,150,103,75,154,154,121,122,122,118,161,205,121,159,132,169,151,117,69,119,149,132,124,112,94,105,132,35,110,121,71,157,118,139,82,121,124,136,135,136,146,127,143,152,142,114,106,126,119,79,128,134,111,176,108,55,50,136,113,133,124,99,139,139,122,84,138,86,123,116,114,127,109,69,125,114,123,100,103,142,126,92,156,154,179,129,130,136,137,125,136,148,119,115,103,213,116,133,144,112,127,121,110,110,143,148,127,118,124,98,146,124,107,146,126,123,116,138,133,120,127,171,140,127,117,128,134,137,124,131,115,132,126,163,120,109,121,130,156,111,112,127,148,71,125,110,118,104,133,128,119,128,90,136,64,120,136,161,144,110,156,182,126,123,109,112,75,163,119,125,122,120,130,136,138,109,139,138,148,121,135,148,156,79,123,120,140,121,124,120,113,108,110,127
133,201,119,130,158,110,83,157,139,122,123,112,178,146,202,125,126,129,86,138,110,123,132,120,127,145,129,122,165,132,120,94,112,134,77,140,189,120,129,135,129,244,118,161,129,119,96,169,142,133,142,125,122,120,244,86,152,143,136,165,128,171,225,102,127,138,132,124,100,46,129,132,120,80,98,117,144,106,115,130,131,116,101,105,137,146,134,119,127,119,142,108,138,100,115,144,141,109,134,115,125,119,134,160,143,125,115,116,78,104,149,129,116,145,137,138,150,134,156,104,137,158,133,154,134,113,104,139,98,84,123,67,109,130,176,125,96,124,172,139,96,124,128,148,150,147,135,104,174,128,127,147,104,136,115,159,118,134,125,123,122,139,188,98,126,85,140,91,127,146,127,130,148,102,149,109,151,167,122,126,115,100,151,96,135,130,127,146,78,128,125,138,130,111,133,95,127,112,99,113,146,125,140,143,118,91,141,114,95,143,127,123,140,132,128,141,149,146,148,117,136,131,127,142,151,130,184,114,134,122,141,148,147,87,92,130,123,124,128,201,123,133,124,142,111,61,134,140,141,134,136,120,169,128,91,127,127
118,130,125,147,190,128,126,141,129,138,132,116,155,124,146,124,124,147,119,117,135,144,154,110,104,107,131,153,110,121,137,138,96,122,125,119,133,124,107,119,139,120,143,135,98,132,164,156,128,126,121,130,109,135,147,204,105,117,78,177,158,93,112,153,101,136,130,109,120,138,109,140,115,119,188,128,46,99,113,199,109,148,91,134,144,142,136,98,113,107,133,141,133,72,141,158,147,185,118,103,157,134,123,129,123,158,132,133,177,110,135,110,102,146,140,115,115,105,109,146,121,139,105,161,136,91,141,101,100,143,136,135,148,115,120,111,118,106,122,141,111,162,166,154,146,114,109,184,124,133,124,123,140,214,120,124,134,112,132,126,115,95,146,146,94,117,153,132,155,166,105,114,96,133,100,125,101,156,120,131,100,160,107,129,102,161,127,118,119,153,125,143,130,155,97,112,128,121,163,140,141,151,101,140,114,121,91,113,109,158,139,123,101,126,101,121,115,166,145,144,96,154,160,137,127,141,141,99,144,125,140,138,133,167,158,126,136,105,123,141,149,112,131,149,154,154,164,128,105,107,135,127,130,145,140,82,127
102,111,122,125,149,107,114,101,111,110,136,121,98,144,127,132,102,147,164,61,70,110,91,101,88,118,136,77,105,121,99,69,145,85,108,154,98,127,126,115,132,99,112,126,129,101,125,114,112,109,56,107,124,146,117,93,92,119,109,155,109,130,97,70,142,94,104,98,150,113,130,137,88,96,153,140,38,117,113,66,76,96,109,63,126,118,111,105,110,127,102,128,58,81,126,134,114,65,112,114,100,124,108,111,114,113,140,158,81,74,136,125,97,114,107,85,97,105,65,62,142,123,118,96,75,151,109,124,126,117,111,137,157,143,130,101,23,124,101,80,115,73,120,95,85,110,162,101,99,86,127,109,108,108,142,67,92,126,93,117,150,100,124,89,97,97,151,128,122,109,100,99,88,128,140,126,106,131,126,107,91,102,146,122,121,106,141,111,124,127,106,138,136,77,107,150,148,128,124,91,107,168,100,93,127,115,115,125,137,103,138,149,16,111,132,87,118,99,159,123,144,128,68,90,124,128,95,133,64,107,147,103,104,126,67,136,154,89,108,67,93,137,121,63,117,100,100,142,136,127,31,125,110,118,127,90,127
128,129,114,134,128,126,127,128,137,128,122,123,133,135,138,144,126,125,108,118,138,119,128,149,127,93,113,100,120,124,120,145,92,119,117,119,111,115,122,108,132,152,137,128,106,123,151,132,120,126,131,127,119,110,129,89,148,131,127,142,134,136,132,144,121,128,128,127,97,124,132,115,114,135,127,130,104,120,131,103,133,117,116,120,124,146,98,130,131,117,117,140,137,144,127,141,121,110,140,138,119,136,114,129,132,118,138,103,162,139,247,111,106,152,122,135,137,136,120,139,112,127,110,130,142,141,124,230,124,150,141,131,121,134,127,123,125,140,126,122,117,144,142,114,119,141,124,82,128,122,104,132,106,157,140,130,161,127,132,122,131,130,127,136,98,119,135,126,118,107,151,123,126,130,124,115,103,152,128,124,114,156,138,146,114,134,108,144,195,141,139,158,124,168,132,147,128,111,124,121,114,133,117,124,125,150,125,125,148,123,127,118,126,124,201,139,116,86,111,120,139,126,127,138,104,128,117,101,118,136,124,127,102,145,117,109,138,125,118,133,131,98,106,123,101,111,128,132,104,128,127,124,129,127,130,120,127
162,110,119,118,121,115,121,105,122,131,141,121,139,117,89,140,107,127,129,253,82,132,97,144,128,98,138,120,135,127,143,125,125,144,157,137,100,139,127,147,133,113,134,144,112,140,116,144,138,119,102,126,117,131,109,120,101,126,99,67,169,137,133,113,118,128,126,104,122,108,148,129,118,139,123,128,163,132,126,101,124,145,134,94,142,97,117,118,151,139,165,103,136,71,149,127,145,101,120,141,110,116,144,124,118,140,154,110,118,130,135,135,212,129,137,210,131,135,155,138,148,78,100,114,60,174,135,128,72,117,133,122,135,130,139,98,132,121,93,157,109,90,147,127,107,145,114,115,139,107,130,130,112,115,121,146,109,156,245,142,114,151,109,160,111,98,131,115,138,128,130,100,163,92,155,110,114,119,112,130,140,97,168,125,198,133,126,120,124,99,111,112,132,75,143,118,159,150,159,117,113,130,136,150,131,137,128,116,126,146,134,143,140,122,110,124,132,136,140,88,91,146,121,107,141,124,118,110,108,134,125,110,99,134,137,125,111,154,77,117,160,130,124,117,129,98,115,119,137,83,148,125,129,117,169,114,127
115,113,108,136,118,137,134,127,124,126,133,135,132,129,142,115,120,139,121,159,137,135,117,127,114,113,111,124,123,113,137,157,145,126,105,106,95,107,123,99,130,168,111,68,132,132,114,110,120,131,158,117,100,105,126,99,153,124,118,77,137,120,134,162,103,95,133,93,92,133,130,134,124,106,112,104,65,142,102,113,99,136,128,216,108,72,130,102,155,133,136,149,128,141,117,155,108,156,131,121,144,144,127,122,136,117,107,160,142,124,126,113,122,117,121,133,165,128,140,182,117,127,118,132,148,108,131,118,217,127,133,118,117,141,113,148,189,128,140,185,138,132,102,132,133,122,112,138,113,124,128,125,117,123,103,143,129,120,101,105,121,132,117,210,139,124,143,112,118,120,129,131,136,156,114,127,140,125,126,134,101,129,160,133,66,146,87,110,135,122,125,105,139,159,116,89,111,110,155,123,100,138,128,122,118,77,84,138,137,128,140,125,137,105,123,124,169,128,137,121,128,161,130,134,116,150,128,142,163,131,125,152,124,116,149,123,133,158,121,112,111,118,119,110,149,147,136,116,135,129,170,132,132,163,149,115,127
117,99,107,107,122,103,114,133,114,128,133,126,133,125,13,126,137,124,155,126,128,124,120,124,196,128,122,129,155,132,110,136,122,131,161,121,174,127,125,129,129,93,132,77,125,80,145,111,130,124,139,125,127,126,171,121,112,129,132,120,120,102,127,121,124,137,134,100,138,103,122,129,127,137,142,127,88,127,157,154,250,140,131,123,117,109,130,111,191,135,126,143,126,108,131,130,149,136,124,143,149,35,129,145,133,132,101,136,176,120,132,129,106,137,195,133,120,133,143,172,121,112,133,107,127,104,113,127,79,105,146,158,113,123,127,131,139,122,106,118,84,84,141,121,136,127,143,173,146,112,124,142,121,146,133,104,120,134,101,133,140,102,98,146,140,106,115,148,123,124,121,135,136,124,114,126,125,127,124,128,107,125,130,140,132,123,118,140,128,128,127,133,125,120,143,121,102,113,101,142,128,106,109,120,116,121,103,119,101,138,125,100,118,112,130,132,135,128,149,131,145,115,155,145,161,116,115,123,192,138,167,122,139,100,100,128,128,118,128,158,125,126,117,165,138,138,108,129,145,121,104,124,116,129,128,126,127
134,142,111,121,76,63,134,125,136,129,113,118,129,94,153,124,133,118,60,112,108,123,93,121,124,85,105,124,158,126,149,95,130,97,147,118,129,120,134,110,113,78,124,119,128,74,130,136,92,125,112,131,119,101,123,99,142,116,105,35,77,61,134,121,82,178,133,93,105,122,139,125,134,94,76,108,5,115,76,127,134,152,140,80,149,102,120,121,153,112,127,83,166,129,89,114,150,151,125,121,118,92,122,101,123,102,98,44,101,94,116,130,64,104,122,125,96,110,116,96,127,122,115,104,94,79,132,138,151,126,133,130,86,96,127,128,161,108,121,135,147,108,99,124,148,73,91,9,121,123,133,78,120,103,91,149,135,83,103,130,72,73,148,107,88,101,120,125,111,109,109,110,68,107,93,101,113,104,126,138,127,128,91,119,62,98,100,99,132,122,121,102,121,92,133,116,74,115,114,84,123,97,102,137,97,95,120,111,120,136,124,100,134,149,104,147,88,138,131,86,102,68,112,113,74,108,133,128,75,121,113,122,121,131,106,124,94,69,141,141,130,127,117,111,113,54,83,117,96,83,110,102,144,126,148,134,127
107,112,146,133,127,118,146,122,133,134,125,133,122,125,120,143,151,131,131,134,125,126,178,124,120,126,142,117,113,123,105,123,131,104,113,133,115,133,122,95,132,148,118,132,138,86,108,116,127,118,145,126,111,127,136,105,139,139,124,166,121,117,149,115,178,135,112,152,161,127,132,121,136,138,118,118,200,130,169,70,136,102,155,161,128,101,127,111,130,142,126,115,132,163,145,147,131,113,135,124,130,143,119,125,138,118,135,127,109,115,118,128,121,130,133,109,132,148,127,112,124,130,127,112,133,156,156,124,224,147,133,119,160,130,109,145,148,144,135,102,183,138,142,117,147,133,146,133,127,144,133,110,117,148,141,200,132,124,102,129,100,134,139,112,104,147,146,127,114,103,141,129,143,105,121,106,139,109,135,129,111,118,140,122,140,128,156,130,118,153,132,109,129,99,114,125,132,158,181,117,119,137,115,135,126,138,135,116,123,102,139,135,128,139,115,127,154,127,145,119,112,129,105,118,116,131,141,94,139,120,121,143,111,137,105,130,127,147,123,110,133,147,123,115,105,133,142,120,131,122,111,133,111,116,254,101,127
118,208,146,135,187,141,83,129,164,111,117,117,123,163,89,130,136,113,129,88,148,123,138,124,130,156,126,131,122,110,153,135,128,122,116,119,137,127,129,136,136,126,126,143,126,130,110,165,120,123,113,121,127,138,136,128,151,131,109,140,128,87,149,111,121,131,96,84,148,130,111,114,135,120,100,124,189,130,126,127,109,102,117,154,146,150,122,80,136,123,127,93,108,116,138,126,136,146,129,133,119,126,127,122,123,120,96,139,93,125,122,131,133,125,123,142,120,119,122,137,139,135,129,127,127,93,109,139,116,129,118,114,143,133,127,112,119,123,125,120,100,129,118,125,131,106,116,119,136,124,124,140,137,120,74,138,134,112,124,134,89,96,158,52,156,127,124,108,80,148,124,126,114,119,128,125,133,141,131,132,124,117,154,128,167,124,102,116,133,131,118,133,128,132,123,123,253,141,115,127,115,171,133,131,142,157,134,134,123,126,115,133,147,110,110,110,117,113,139,131,100,107,113,243,102,124,124,103,140,114,115,105,129,143,153,125,135,136,135,132,123,136,126,76,116,145,154,131,126,151,121,124,125,148,108,123,127
127,121,124,135,115,135,130,143,147,130,134,130,119,107,137,121,131,122,119,101,126,116,112,163,124,186,120,124,131,123,112,129,120,147,135,157,117,112,178,96,131,126,176,106,135,132,123,144,89,128,138,126,169,80,128,128,133,142,99,121,99,147,134,139,97,133,114,115,114,126,169,124,125,103,119,121,132,117,130,103,123,123,115,180,116,103,110,138,132,113,115,133,127,118,136,124,132,137,117,121,104,130,109,124,119,145,143,128,127,111,129,112,115,162,120,145,140,128,132,124,133,117,132,103,136,150,114,132,133,123,138,129,127,139,116,134,141,217,133,134,125,119,122,127,133,109,123,142,122,127,134,146,117,134,134,113,141,145,115,129,165,109,134,120,128,116,130,130,127,76,127,123,139,141,141,91,101,117,169,121,148,129,121,118,124,120,165,99,118,125,135,154,127,150,109,129,139,131,119,115,144,139,131,131,127,150,129,140,117,136,130,127,112,125,172,137,130,155,115,129,118,127,120,140,127,136,139,122,136,159,134,125,111,121,130,117,123,131,129,136,124,119,98,87,135,140,144,129,110,123,138,133,126,129,109,125,127
124,118,99,131,127,119,127,125,95,117,128,131,156,134,127,141,165,120,139,157,90,130,149,142,116,197,113,114,154,123,125,124,124,148,118,139,185,127,98,116,123,65,132,86,119,109,114,119,130,123,146,129,151,130,130,141,109,140,161,108,121,127,116,110,104,131,120,130,215,146,147,136,112,158,169,121,158,146,127,157,110,103,147,150,120,254,143,145,118,120,130,113,100,119,144,127,114,161,113,123,139,119,127,136,142,114,137,160,96,113,122,141,128,117,205,87,135,152,127,145,127,113,114,114,109,159,147,131,136,140,132,133,163,141,130,108,123,133,140,136,128,47,151,127,104,143,143,181,129,118,107,128,122,123,160,175,90,141,122,126,151,113,85,180,103,128,123,143,134,127,131,116,145,109,127,124,135,68,107,129,177,109,127,99,157,123,154,157,137,183,120,121,123,96,136,172,131,119,131,125,101,143,159,138,122,130,122,125,97,112,127,116,158,136,101,108,142,115,132,143,144,143,112,82,167,135,112,114,115,112,97,123,130,130,171,130,126,134,130,187,148,130,127,89,140,147,154,161,101,126,119,130,148,95,131,118,127
141,168,129,121,164,159,96,129,153,169,123,125,144,118,108,130,131,121,123,155,116,124,112,142,127,137,122,124,131,129,136,157,100,116,110,135,194,128,120,149,137,145,120,120,127,124,102,114,126,130,101,121,123,123,141,112,107,118,112,133,129,140,116,155,117,110,124,146,112,138,131,143,113,107,122,119,149,120,147,128,165,131,105,118,127,102,123,118,126,117,194,95,109,107,124,127,107,117,127,161,122,112,125,108,129,118,136,126,118,117,113,125,141,126,74,129,207,125,148,139,128,128,134,107,130,169,122,119,52,136,114,136,118,137,117,126,138,115,123,165,120,102,178,140,124,118,119,110,126,137,127,126,117,130,120,117,135,127,152,132,154,140,120,157,104,150,112,124,109,126,121,131,108,138,162,123,137,147,131,117,125,104,129,115,127,123,127,111,124,117,123,126,137,103,114,123,150,126,120,124,131,135,111,132,141,112,91,122,119,131,118,124,164,73,134,107,84,130,121,131,145,126,168,127,83,112,119,147,149,120,109,132,138,114,122,129,114,116,130,140,107,125,131,130,126,134,109,126,131,141,92,139,113,107,160,137,127
125,122,148,134,122,115,153,135,131,129,107,133,119,146,118,128,174,140,133,163,125,129,84,116,137,132,125,144,129,129,99,112,115,118,132,117,123,127,141,147,128,133,113,117,122,130,114,137,124,128,111,127,124,131,133,110,127,117,83,117,121,145,134,104,128,115,121,103,154,120,125,124,126,143,133,113,135,127,130,121,127,123,133,116,141,142,138,146,109,139,126,143,146,115,115,120,139,103,118,125,140,121,108,109,122,127,135,144,115,150,191,116,116,134,125,123,127,124,57,84,143,113,122,157,124,144,137,148,133,128,141,130,136,117,142,122,131,153,131,117,126,105,132,121,128,106,121,154,133,113,107,128,138,149,113,110,120,127,131,118,90,117,100,126,159,126,116,117,135,134,134,138,128,133,120,138,131,127,134,120,138,120,138,134,144,134,88,122,78,122,117,166,124,132,131,122,133,139,125,136,142,140,135,129,114,152,113,136,148,124,128,132,87,129,144,113,126,124,113,126,122,144,127,125,134,127,111,134,116,147,130,143,117,130,128,123,146,117,133,102,126,133,140,123,135,120,120,100,111,126,102,143,128,122,137,111,127
160,128,134,126,138,96,112,136,134,111,125,121,125,113,78,128,114,125,128,148,137,127,134,115,138,118,155,123,125,124,105,153,116,132,118,133,82,124,126,117,125,102,127,107,118,106,192,118,116,131,116,128,129,119,102,142,116,122,130,159,138,186,137,170,120,158,122,120,133,121,124,159,136,127,146,126,155,130,213,117,120,109,124,102,116,106,127,138,93,133,161,119,140,131,136,149,116,118,126,120,121,142,122,115,120,129,125,78,107,133,117,119,150,119,117,148,135,122,108,126,120,115,135,140,124,115,155,129,103,133,123,111,142,133,133,117,110,135,127,151,96,134,96,122,125,138,123,103,135,133,130,135,139,125,107,149,120,127,157,189,135,128,120,88,117,117,135,121,127,126,136,121,102,132,134,142,128,106,139,133,121,154,159,134,110,133,113,124,130,129,124,117,124,108,121,112,144,127,138,125,124,107,114,115,88,115,148,129,109,111,125,145,114,159,137,130,144,124,109,125,127,118,127,99,154,117,132,101,96,121,128,116,132,158,129,130,131,132,141,132,163,139,123,142,121,176,126,118,124,130,119,131,120,119,106,131,127
94,129,106,111,112,98,114,138,122,125,104,117,152,150,147,119,148,117,109,141,115,102,145,76,128,113,116,113,122,116,145,121,94,112,134,100,158,127,110,106,125,73,123,136,141,121,138,126,137,116,31,131,162,104,144,199,64,107,168,102,90,102,134,105,137,133,132,112,183,134,144,122,97,110,107,128,130,101,77,168,103,121,110,72,128,166,121,108,155,88,122,101,109,72,116,116,114,136,96,105,182,109,125,130,104,83,106,96,126,64,105,129,113,110,112,182,116,132,106,109,125,134,98,91,89,112,127,95,79,118,131,133,137,109,120,86,125,90,126,97,86,156,108,131,138,119,120,132,130,146,138,121,102,147,125,97,112,124,130,115,171,99,158,142,198,129,145,138,121,128,93,89,122,134,96,97,106,133,112,130,108,139,122,124,76,96,101,128,140,92,124,135,124,59,151,166,114,103,98,86,89,135,55,129,116,223,86,111,153,83,122,119,171,115,61,136,116,120,125,111,124,111,97,140,93,116,153,123,127,117,118,124,109,131,137,112,107,105,128,127,106,142,127,77,115,108,118,120,90,130,121,132,126,97,129,95,127
126,117,116,136,137,120,110,132,123,124,97,127,124,101,140,148,128,126,113,125,165,139,119,127,130,151,105,149,129,130,137,130,120,142,123,179,125,155,166,145,125,134,135,140,127,124,112,112,138,126,125,124,133,146,140,149,134,126,107,84,152,146,132,128,106,128,127,112,132,112,109,129,101,128,131,121,98,93,127,142,120,136,156,121,126,109,127,134,110,125,126,117,119,146,139,134,129,134,165,135,133,134,174,115,120,167,123,99,129,125,125,159,125,129,122,92,134,112,133,133,128,115,119,134,115,123,119,167,140,138,120,127,118,125,132,138,138,156,112,134,138,125,120,123,141,104,126,158,126,135,121,108,138,103,115,126,172,139,133,124,103,127,130,118,107,131,128,127,124,100,169,135,113,125,120,127,86,155,173,123,112,126,128,130,142,113,138,113,123,120,145,133,123,147,117,140,122,130,123,123,111,143,115,124,124,85,128,137,117,136,129,113,146,131,176,114,124,152,192,141,115,124,122,122,114,122,143,130,142,131,143,135,156,126,120,135,82,116,131,144,118,131,157,123,138,125,126,158,76,128,133,122,133,123,131,112,127
103,125,132,127,139,125,122,119,129,124,143,125,139,89,118,33,71,130,91,101,157,116,133,71,126,146,135,45,144,126,97,156,126,64,149,83,130,120,150,101,128,106,115,149,161,126,141,117,124,102,123,127,201,65,124,143,142,155,57,109,219,138,100,135,66,122,124,96,150,123,115,124,0,146,128,133,64,148,80,114,131,98,167,88,124,151,144,137,124,123,127,133,133,93,134,107,129,148,202,127,70,148,254,135,90,171,136,117,109,124,118,126,107,43,135,98,139,87,141,123,124,161,90,139,140,144,123,113,115,137,100,131,122,119,148,114,112,73,144,111,143,135,141,122,124,110,146,139,132,139,116,129,187,176,111,131,122,147,126,127,133,165,153,138,75,135,136,133,131,241,254,152,61,131,133,163,102,144,157,128,114,132,124,132,131,77,224,81,123,135,110,72,133,179,93,52,132,119,127,152,90,134,52,129,132,77,134,99,112,148,133,123,119,134,164,128,138,166,171,94,104,142,117,132,133,129,141,116,115,55,132,133,106,116,136,107,55,136,105,127,129,145,254,90,124,132,126,82,128,88,137,126,133,157,131,124,127
125,108,115,125,78,98,154,129,149,127,122,115,126,123,119,129,163,142,118,113,136,138,108,133,146,126,116,128,119,129,69,81,125,131,145,135,138,124,125,120,114,97,127,108,129,108,158,225,149,132,131,126,151,137,106,109,102,120,134,96,114,115,133,140,120,140,134,126,144,133,127,127,134,118,132,127,113,130,133,152,126,136,150,149,72,148,123,139,124,128,126,146,139,118,130,137,166,108,123,137,135,138,129,124,134,126,142,99,138,128,123,134,127,128,145,118,144,82,132,122,118,134,133,127,112,98,141,122,140,139,123,147,142,116,116,116,99,125,123,136,131,164,120,142,116,122,120,105,133,103,127,104,135,114,135,153,145,104,104,118,126,105,134,169,118,140,139,139,144,127,128,126,85,140,162,139,123,126,131,135,126,105,113,126,154,120,137,120,130,122,128,133,111,139,127,133,109,120,155,134,132,118,115,133,146,136,76,126,136,151,117,126,155,116,118,117,141,145,141,136,130,167,130,128,97,133,130,151,134,118,112,130,127,139,136,130,133,130,120,124,120,117,132,130,129,178,106,127,114,141,115,119,128,126,114,144,127
96,160,127,187,115,118,158,116,100,134,118,103,130,122,133,128,140,129,110,122,134,95,128,78,161,103,147,105,147,132,119,98,119,132,133,121,132,84,125,85,125,150,132,114,128,139,99,132,130,183,174,127,113,98,145,152,151,166,94,149,103,112,142,116,113,152,115,112,130,125,144,145,140,109,133,142,169,122,111,108,142,146,133,74,130,112,131,139,112,128,115,170,143,31,135,169,122,120,121,122,138,153,141,124,62,115,150,96,125,104,116,103,97,143,119,145,124,123,114,147,104,103,85,81,108,168,144,129,191,120,126,118,134,131,127,160,118,147,121,157,200,79,149,133,143,152,84,92,123,111,132,124,135,111,132,156,137,117,112,121,180,174,122,109,138,115,115,130,118,137,135,143,92,126,105,133,164,145,145,125,174,79,114,140,166,112,117,146,130,158,146,84,127,197,118,132,131,129,82,134,136,130,6,225,120,159,123,113,136,100,123,114,153,119,149,141,114,100,123,114,82,117,130,112,152,118,111,254,103,123,110,120,139,109,139,110,125,116,156,147,115,165,126,141,116,109,142,108,63,76,124,122,134,110,135,63,127
123,126,132,139,126,90,134,132,133,139,139,121,116,133,136,129,103,178,123,113,131,125,122,142,115,126,152,125,119,121,126,116,142,127,122,129,122,127,125,127,134,121,118,138,126,89,135,126,115,142,81,128,139,115,105,158,136,123,92,96,136,129,137,112,167,129,120,157,147,126,114,138,112,126,114,131,119,117,138,90,136,136,124,98,121,146,129,119,68,133,163,124,138,132,113,145,105,106,131,110,104,127,127,113,132,115,154,104,152,125,125,120,115,118,128,157,115,139,134,107,127,137,119,134,115,152,151,127,171,124,122,106,125,122,124,116,128,122,129,132,132,134,113,128,101,141,166,117,133,133,127,124,126,113,130,144,112,122,152,119,111,130,139,160,127,123,123,128,123,127,130,132,155,132,120,132,107,127,126,132,87,138,136,133,139,130,142,122,132,125,126,124,120,94,92,131,136,116,147,134,124,85,126,127,113,150,161,132,136,114,149,82,101,168,126,120,118,130,113,107,110,98,124,119,132,130,135,161,114,126,136,119,127,133,120,119,127,150,125,113,152,132,125,122,89,107,102,129,116,141,254,131,119,134,152,80,127
154,117,154,185,147,170,126,156,119,125,124,122,120,163,125,133,116,129,145,95,115,122,159,130,118,167,166,123,115,132,121,88,132,93,92,144,116,126,149,122,128,132,130,172,140,139,95,151,137,127,111,126,140,141,129,112,120,131,139,155,139,121,78,110,153,121,130,158,139,119,135,147,117,144,80,143,142,225,94,104,110,129,143,119,120,128,131,161,180,149,152,193,106,151,132,126,135,128,127,115,139,99,137,130,151,132,137,151,120,159,146,137,102,123,147,129,140,151,145,130,161,134,141,124,112,139,127,138,162,124,132,128,154,138,139,183,166,145,129,121,142,89,137,118,131,146,139,178,135,115,118,138,122,111,128,138,123,132,144,138,190,175,130,98,146,124,144,120,130,127,136,136,143,122,136,96,115,124,131,128,127,104,137,109,121,140,149,160,131,108,128,129,127,134,127,140,145,134,155,130,120,127,182,123,152,121,171,178,104,123,132,125,119,122,136,136,138,120,114,134,113,145,126,109,156,141,128,145,117,124,108,124,118,117,100,137,127,106,149,93,120,146,134,143,125,152,149,134,127,139,102,126,123,118,103,189,127
163,137,103,72,99,144,163,160,130,138,112,144,115,130,134,117,106,126,83,62,157,128,200,127,99,44,150,116,110,154,134,78,187,162,139,147,107,84,142,167,123,165,81,166,129,133,127,131,175,147,151,131,111,163,149,35,88,99,89,197,133,104,164,125,114,140,145,172,113,123,108,142,142,120,119,141,138,86,71,48,77,172,127,115,134,78,124,115,155,152,124,89,190,99,99,102,146,113,144,141,154,129,135,110,143,117,143,110,108,148,113,102,196,144,141,100,112,104,137,109,96,131,132,217,132,134,115,170,101,113,118,128,116,122,124,156,182,108,172,177,145,174,139,107,146,156,148,161,120,129,130,128,132,91,111,113,119,163,109,139,76,154,170,140,124,134,124,126,130,139,138,126,98,147,144,180,90,181,139,131,120,135,128,112,157,118,158,121,140,189,134,110,126,131,94,99,117,110,137,166,175,92,84,76,135,127,102,114,182,146,131,121,93,117,73,128,112,126,92,107,116,116,134,151,127,136,171,144,127,139,138,146,157,149,110,121,138,126,102,79,158,103,122,154,144,85,141,99,156,154,138,120,140,174,113,153,127
137,137,122,123,126,117,121,118,132,129,139,132,130,137,122,135,127,126,130,107,110,126,49,134,134,161,138,129,127,129,182,117,132,155,104,115,130,126,119,178,124,128,142,128,110,131,115,131,147,128,118,130,129,81,128,154,127,137,126,122,96,145,126,128,130,124,122,118,122,137,133,125,145,115,131,125,105,127,93,114,127,128,119,136,126,97,135,124,126,120,128,143,129,117,136,124,143,118,146,106,143,127,136,119,130,136,142,134,114,96,129,136,115,146,133,130,133,129,134,102,124,128,136,120,127,129,97,90,154,130,127,136,127,129,142,125,125,118,136,125,119,135,138,121,134,113,123,150,126,120,130,123,132,177,120,117,142,114,133,124,153,120,112,130,141,130,136,130,129,146,118,130,138,138,134,102,118,126,110,123,118,129,123,130,161,121,134,148,144,122,127,143,128,148,125,129,133,114,127,129,166,136,137,129,130,119,131,117,121,114,124,126,90,117,107,126,125,155,105,135,130,116,116,132,124,123,120,126,130,152,147,128,121,119,121,137,153,129,128,135,124,122,142,123,136,116,139,125,124,147,127,135,121,138,132,130,127
137,139,127,130,134,153,120,123,135,133,116,131,122,117,125,136,137,122,135,116,128,127,33,148,138,149,132,131,124,129,99,115,130,138,106,127,117,130,126,111,128,142,127,108,114,131,121,125,115,128,114,124,102,128,118,118,118,126,121,115,108,138,120,135,124,125,127,126,124,129,133,123,128,81,138,121,125,117,117,120,136,125,132,130,134,114,140,115,128,133,130,140,139,111,124,124,131,97,125,106,144,127,122,112,125,123,136,127,124,140,165,119,106,122,123,143,134,152,180,79,133,101,134,127,134,146,61,121,128,125,125,130,141,131,137,129,126,140,138,123,130,127,151,121,137,133,129,165,122,111,121,123,138,165,127,112,144,157,112,122,135,109,103,130,148,123,135,125,132,122,135,123,128,135,117,110,114,137,144,122,126,133,133,132,112,126,103,123,102,125,131,157,130,130,119,121,137,124,127,131,137,150,121,131,112,137,151,125,142,112,134,131,120,103,124,127,125,142,107,134,136,118,121,122,127,130,127,127,122,122,145,131,117,131,130,123,148,123,126,120,123,133,137,130,126,119,134,122,111,132,109,133,122,116,121,124,127
120,125,113,121,134,77,122,118,125,124,135,130,121,139,131,115,177,140,122,131,124,126,89,146,130,124,116,125,118,131,49,68,113,129,131,133,141,127,125,104,126,128,125,101,143,115,130,94,163,130,127,127,132,137,154,91,127,113,120,112,116,122,124,200,138,116,116,90,130,123,141,130,132,124,132,123,93,134,139,127,122,105,128,157,83,113,121,127,118,129,133,118,130,155,129,136,120,112,126,132,115,104,127,122,133,115,125,112,124,139,125,135,132,121,115,135,131,69,130,121,120,121,128,158,130,54,125,121,114,136,137,126,143,144,112,126,124,122,116,121,124,134,93,124,137,84,116,157,110,138,122,121,108,115,123,129,131,133,127,141,96,92,113,130,116,126,135,132,137,102,129,124,118,120,99,115,118,129,128,122,120,127,119,115,196,117,104,152,127,135,126,107,115,131,146,135,123,112,128,135,112,106,135,125,197,113,163,123,141,124,118,112,166,124,129,112,102,133,92,120,130,148,126,137,121,128,121,124,140,126,123,134,131,120,117,132,122,121,119,103,130,112,125,108,137,156,122,137,130,124,114,132,125,126,122,107,127
125,131,116,118,150,142,136,119,127,124,147,116,141,105,141,127,152,129,111,102,113,109,133,106,127,135,137,123,130,138,121,119,112,149,113,143,142,99,131,67,125,134,135,115,138,119,128,140,112,124,88,129,146,133,119,122,103,141,140,138,114,112,103,107,88,126,127,121,157,123,111,123,163,120,140,132,60,144,107,147,124,133,132,106,124,137,103,137,129,134,127,130,137,104,135,141,123,137,133,119,4,126,122,113,124,43,135,121,130,65,128,106,120,139,137,138,109,116,130,101,137,107,124,121,134,138,124,117,127,162,127,126,124,120,145,111,130,133,133,143,165,157,121,143,119,115,125,181,123,128,124,106,157,172,133,130,127,112,131,134,136,123,155,126,161,117,128,123,120,161,135,125,87,127,128,119,96,119,150,127,128,140,126,139,134,134,140,118,127,1,136,196,126,161,108,169,137,123,139,109,150,123,86,136,132,24,131,108,113,124,127,127,133,139,66,133,130,138,122,139,103,123,121,126,141,132,131,145,127,123,110,126,151,149,142,120,1,117,132,115,131,158,84,148,149,149,137,152,175,125,119,121,138,138,113,114,127
136,102,134,129,115,139,133,132,111,117,121,120,129,134,132,129,115,133,125,126,108,132,152,130,170,136,127,129,115,108,114,138,118,144,106,121,188,132,135,121,121,120,126,111,120,127,97,114,130,134,121,121,124,143,129,98,113,125,122,111,131,122,134,130,111,89,121,147,120,119,127,145,130,149,120,122,132,127,144,115,153,122,119,94,90,122,126,102,167,125,132,112,129,109,129,140,97,158,123,148,131,98,127,99,135,113,133,113,122,127,129,124,141,124,79,139,152,125,97,144,120,122,133,127,136,114,94,130,98,133,142,121,110,119,124,136,145,127,136,177,139,116,120,131,132,141,142,114,141,118,124,132,117,146,126,128,139,132,167,152,126,170,152,130,129,160,124,132,110,134,123,124,123,124,115,147,138,117,129,111,124,152,170,140,112,129,128,123,121,117,124,122,124,115,119,113,150,115,145,137,128,150,133,131,129,121,98,122,128,125,126,117,138,113,126,112,112,128,134,132,134,121,140,95,116,116,121,140,146,142,119,134,133,109,151,123,130,132,135,119,96,131,122,139,149,168,133,125,128,133,102,128,131,127,121,141,127
117,122,136,132,73,132,133,137,154,132,119,127,122,118,65,115,202,110,146,8,120,129,157,103,178,146,146,109,73,123,139,9,139,160,167,132,96,120,125,148,107,27,143,128,110,127,136,130,127,127,88,140,170,135,141,160,107,125,122,0,36,124,100,44,129,133,120,168,85,118,119,115,152,151,141,125,125,124,75,116,132,108,161,99,78,126,128,103,181,121,85,208,225,150,114,138,89,58,109,115,119,99,123,110,132,142,132,79,80,109,132,123,93,108,168,28,102,138,143,13,115,126,136,90,30,178,115,108,116,140,124,132,27,121,169,105,219,118,86,117,210,164,85,121,120,138,128,119,108,123,126,122,129,106,86,144,138,116,77,133,149,146,152,147,106,42,114,147,138,102,123,106,38,114,92,133,125,131,118,137,237,57,112,137,188,82,146,157,131,107,130,114,110,93,127,154,152,113,166,84,113,29,173,143,149,125,129,145,109,144,104,104,156,97,100,130,148,162,92,117,148,106,102,104,254,127,103,114,126,137,135,133,111,189,171,129,112,121,115,75,146,135,118,139,117,62,28,144,106,154,46,135,127,129,78,172,127
164,88,127,117,126,144,124,128,137,130,142,133,91,82,132,137,98,125,143,41,113,134,136,127,101,133,141,127,127,121,124,112,130,138,101,136,94,128,123,121,129,150,122,81,125,114,83,143,192,135,183,129,148,210,105,130,167,158,207,93,132,116,100,104,120,118,115,132,124,126,114,122,124,140,134,119,68,120,97,106,130,187,138,124,138,114,122,119,104,147,115,149,148,72,136,101,126,127,127,128,112,141,111,133,104,142,166,138,108,146,110,122,125,134,118,133,120,110,118,115,130,96,73,103,153,167,115,145,93,140,123,115,112,130,96,129,106,121,103,109,95,101,94,138,164,79,171,205,138,158,127,189,127,127,177,100,116,115,117,130,94,130,152,141,188,92,100,133,126,130,129,127,98,112,161,164,171,139,126,132,110,134,127,140,153,109,110,91,133,157,124,142,125,64,74,124,158,150,121,106,140,143,108,158,115,106,91,116,116,60,126,126,131,146,122,69,145,136,176,122,138,130,149,138,139,128,158,108,124,105,134,126,129,128,132,126,98,116,105,135,119,117,121,66,126,173,120,126,140,90,127,130,116,131,139,114,127
150,129,139,143,151,112,136,163,116,149,133,132,105,93,131,127,136,123,169,40,136,137,152,133,174,87,128,154,169,125,86,112,242,109,104,102,135,121,157,89,122,227,134,117,132,127,122,128,96,141,51,126,122,104,148,106,106,130,134,146,79,182,112,126,61,180,124,106,134,183,113,167,200,127,0,118,168,238,100,60,153,115,254,94,112,197,167,139,81,116,147,117,122,22,114,127,122,127,120,139,149,168,137,132,155,163,137,112,67,196,108,108,122,159,213,86,110,117,131,132,160,128,107,164,93,141,110,124,96,90,129,126,104,140,148,189,91,128,176,144,72,148,132,254,150,123,86,160,126,130,147,109,91,75,107,127,155,99,152,119,65,148,108,114,254,184,113,158,124,158,159,119,136,131,130,116,66,34,137,122,65,82,122,182,129,147,76,116,139,105,136,107,126,227,6,168,125,131,140,254,91,97,116,144,104,94,112,191,68,202,118,115,132,141,89,103,120,137,133,147,0,133,219,101,128,119,1,212,124,126,151,169,104,55,105,98,90,126,151,173,109,109,106,172,113,132,164,96,105,136,133,133,142,159,153,153,127
141,126,124,113,144,124,116,112,113,127,125,120,130,100,115,128,78,110,110,173,102,125,102,127,114,127,141,119,137,121,107,126,122,131,128,117,128,127,135,142,111,126,131,131,131,83,103,60,113,130,89,126,134,95,138,128,120,131,153,119,125,100,115,121,127,119,128,176,118,134,129,122,134,113,141,142,20,127,124,104,126,186,113,98,173,118,120,113,87,149,117,116,136,150,123,109,144,141,123,111,136,106,125,117,126,118,115,88,141,125,122,127,131,136,127,119,105,132,114,128,126,111,94,124,120,126,137,117,110,110,125,120,64,115,146,126,100,133,139,118,128,105,203,116,133,133,138,191,120,23,127,131,119,147,178,87,116,127,102,117,69,147,103,140,136,121,148,121,105,121,123,121,118,133,157,165,117,117,133,122,127,99,123,118,73,130,124,101,128,119,122,124,150,123,126,138,119,124,176,149,113,134,111,132,111,121,114,113,132,132,108,108,128,145,122,112,161,122,166,136,149,71,138,105,118,121,102,114,113,122,134,122,129,95,105,122,123,96,123,105,126,136,118,146,145,88,124,128,146,122,107,129,127,127,110,111,127
117,133,154,114,99,142,121,136,157,139,124,116,130,132,157,118,151,134,166,95,128,138,128,138,142,144,128,134,124,112,143,127,119,137,170,123,245,127,132,140,129,144,133,139,129,128,102,107,120,137,152,130,119,144,106,87,102,134,149,81,124,55,98,142,144,79,132,92,148,129,113,132,143,151,119,115,92,141,129,114,254,140,166,149,112,133,120,115,147,141,116,101,111,187,120,114,106,148,128,103,131,57,127,147,132,123,101,120,131,131,119,128,119,147,109,123,156,134,151,127,141,138,138,134,126,116,122,133,98,131,142,113,129,136,161,149,174,136,101,85,112,66,133,107,128,124,121,87,131,107,121,128,138,142,103,148,129,117,94,111,87,97,112,153,108,153,128,131,119,114,143,132,131,154,138,95,146,116,122,127,124,157,147,122,119,121,145,116,126,138,125,145,129,150,133,125,113,149,110,134,118,123,131,121,113,141,154,127,162,147,129,106,120,130,123,130,127,128,150,109,138,124,140,116,136,86,108,174,169,136,143,165,126,59,96,135,118,116,134,207,136,123,118,123,122,110,137,122,139,133,139,125,111,117,113,117,127
130,122,143,133,115,153,139,128,121,127,122,126,139,131,101,132,151,131,120,97,126,141,109,120,108,138,123,155,137,129,109,202,123,118,110,137,114,127,111,115,127,121,136,124,104,114,140,172,118,131,147,129,151,126,117,126,99,143,128,114,137,121,122,38,57,136,139,109,160,129,105,117,130,128,174,124,149,126,154,176,128,140,121,84,209,134,134,119,122,129,113,134,132,147,183,128,67,115,120,131,129,124,117,121,133,137,158,145,137,115,132,138,103,137,145,110,132,84,127,106,111,143,131,161,152,110,144,114,131,153,122,139,170,130,127,122,98,121,116,121,128,133,134,140,124,117,155,143,147,112,120,132,127,145,154,120,123,155,134,120,101,122,134,142,124,128,124,119,142,165,123,119,84,131,130,116,124,145,114,129,131,123,116,140,144,143,134,180,128,117,127,130,117,115,165,128,119,149,121,131,133,145,100,133,110,137,103,123,124,127,127,139,142,120,113,127,124,124,133,94,112,130,110,125,162,124,122,125,130,121,140,146,143,117,109,132,127,122,100,141,123,125,126,142,181,168,127,118,90,106,114,128,136,122,132,129,127
108,165,111,119,115,76,178,133,142,141,124,140,136,129,174,127,177,136,118,34,117,123,142,128,173,136,108,117,122,133,128,48,124,143,134,138,148,116,129,103,119,117,124,147,131,102,173,110,139,115,165,151,132,128,114,101,107,121,117,88,85,128,147,76,114,129,130,132,136,130,119,131,159,127,93,114,207,110,82,193,89,114,181,147,156,167,136,155,80,109,121,115,140,130,134,134,175,103,111,159,123,149,114,120,124,120,152,102,112,141,132,119,152,131,157,76,105,112,134,104,108,145,108,139,82,145,122,113,121,133,120,106,138,111,106,137,27,124,121,115,187,160,124,131,129,110,85,125,109,124,126,90,161,148,156,199,122,106,109,197,78,134,101,116,104,82,113,129,139,113,134,111,78,115,78,72,135,136,120,111,180,160,105,128,189,103,152,125,125,142,130,138,112,137,137,138,125,126,162,98,155,117,115,136,87,126,130,128,191,127,138,145,104,138,87,134,101,127,133,125,138,121,127,149,144,118,133,115,121,133,109,132,117,160,135,131,106,85,107,147,193,126,133,124,115,113,107,138,80,121,117,127,140,126,104,184,127
130,146,114,104,127,78,136,125,123,128,129,128,138,131,135,126,127,115,121,102,139,127,104,145,102,89,122,126,126,130,228,112,150,132,86,130,118,126,125,136,133,146,126,101,129,136,136,127,76,138,97,131,106,103,120,143,134,121,117,174,122,112,147,116,121,146,124,100,134,143,127,144,138,100,130,117,120,117,53,126,127,139,180,94,127,74,125,132,134,121,149,148,195,97,125,122,114,110,127,100,126,89,120,132,134,147,147,128,135,119,120,124,128,138,130,124,162,139,140,112,136,124,149,124,114,121,109,141,154,120,126,124,174,121,169,146,139,122,131,141,127,112,139,169,111,121,134,185,123,114,127,126,124,112,91,104,141,128,105,126,178,94,109,127,122,101,187,138,124,134,123,127,118,113,134,159,95,128,125,124,110,125,121,145,133,131,134,89,119,137,124,118,129,179,143,134,131,128,126,138,124,148,103,124,139,113,137,138,65,145,121,122,100,148,114,196,89,127,76,124,136,129,120,116,128,125,147,154,127,120,143,130,125,118,129,130,124,119,137,165,116,126,125,113,140,130,126,134,138,141,116,142,129,114,130,120,127
137,93,134,127,112,116,133,126,109,138,131,117,117,117,158,123,118,241,149,148,126,131,112,128,106,130,125,131,130,128,126,175,145,138,118,130,99,127,136,118,134,115,120,115,126,117,116,182,157,126,120,129,124,125,100,93,115,134,127,138,139,123,142,149,133,126,124,101,118,126,126,114,121,99,127,123,92,133,141,124,140,115,120,106,96,108,127,128,165,132,132,129,130,95,136,130,133,128,128,137,130,115,135,141,127,125,130,139,132,123,122,125,113,133,136,152,130,135,119,125,123,120,133,127,137,109,119,130,196,131,127,137,99,126,122,135,104,129,135,121,119,124,108,129,116,126,126,161,123,102,128,126,118,119,129,107,116,130,91,126,139,113,128,157,132,129,95,135,87,126,126,131,137,121,109,163,123,105,122,130,115,103,138,140,131,134,107,140,125,123,129,123,145,129,111,136,128,127,112,159,122,167,139,131,67,96,114,122,124,114,20,125,95,119,126,114,128,116,132,138,130,98,134,95,127,138,120,116,130,121,121,120,130,134,129,123,130,105,142,107,135,140,125,130,134,145,147,120,137,125,90,121,122,111,114,129,127
134,128,133,146,145,248,127,129,127,121,136,120,139,139,152,118,102,142,139,67,149,134,130,120,152,117,122,127,127,134,144,168,116,137,127,123,156,127,123,116,132,127,135,137,119,165,142,100,126,127,148,125,158,114,110,147,117,126,142,117,111,154,102,142,122,119,109,112,128,132,122,109,126,160,118,127,93,155,142,152,139,80,133,169,172,177,127,100,113,127,116,122,112,139,124,130,125,122,136,124,140,143,132,134,132,136,121,130,130,107,125,126,132,128,110,140,143,125,115,123,137,128,127,130,134,123,151,127,186,133,156,125,148,136,115,122,105,138,129,121,110,98,97,121,85,158,111,129,157,186,126,135,120,128,95,124,120,112,128,126,96,119,89,120,114,134,127,122,97,138,129,136,141,123,237,128,129,138,122,131,101,141,149,113,113,137,133,127,126,128,135,136,128,134,127,136,140,129,104,150,129,122,166,141,128,129,153,126,128,125,117,118,171,125,107,147,215,115,115,125,92,85,120,150,151,125,120,125,132,170,132,125,137,149,123,131,119,98,135,141,109,127,132,45,134,155,134,145,146,125,161,123,121,134,99,216,127
136,122,124,121,161,153,137,137,119,135,126,127,160,164,148,121,92,130,109,176,134,124,105,147,120,87,125,123,120,130,55,121,154,127,90,129,111,126,125,108,124,134,139,86,119,122,154,136,132,128,122,127,113,157,144,184,105,126,103,117,130,125,142,151,131,126,138,146,136,135,138,145,129,119,147,124,84,104,55,116,120,151,151,146,138,79,131,133,119,118,106,153,156,133,119,120,121,137,131,103,124,120,132,137,148,128,125,145,136,96,129,132,128,134,127,124,149,120,101,88,139,134,99,108,116,139,126,132,135,152,114,123,143,120,140,116,102,117,124,134,128,122,120,139,232,106,138,186,108,153,127,117,137,145,165,108,117,118,122,127,78,85,94,138,93,114,143,126,125,127,125,120,131,111,122,147,121,131,126,130,115,122,134,137,113,137,124,155,110,122,122,142,128,148,176,120,141,126,109,124,131,144,130,128,118,161,141,135,106,145,129,132,160,119,128,45,137,109,130,131,108,105,114,131,127,122,166,144,134,135,145,138,135,124,126,125,131,111,129,154,126,129,127,104,120,123,149,128,128,134,145,142,127,125,122,121,127
139,135,129,114,130,131,138,30,125,128,139,127,134,101,129,112,128,124,131,143,168,118,156,64,137,137,132,108,147,125,127,156,190,90,124,176,122,150,132,138,124,136,122,118,156,131,162,116,115,143,127,128,98,123,136,134,108,133,134,112,113,115,160,135,133,139,128,136,127,142,189,129,132,118,133,129,116,128,142,108,128,126,127,125,132,127,144,106,144,143,121,126,170,108,119,112,131,130,97,125,111,142,159,145,130,139,117,146,121,49,126,159,146,120,152,93,129,126,115,114,113,203,141,151,115,116,133,94,106,137,121,122,135,126,139,148,138,170,107,123,113,78,127,149,128,119,128,64,133,115,91,98,125,112,121,142,115,127,102,120,106,159,158,113,87,133,141,138,134,70,121,80,134,130,130,166,122,103,147,128,131,110,121,137,135,151,130,122,133,78,80,114,126,46,111,123,117,148,154,118,66,110,124,132,123,77,139,111,104,104,129,127,141,132,193,121,122,176,186,129,130,123,134,129,127,132,135,136,134,139,136,118,118,128,131,148,185,124,125,171,128,87,113,111,115,150,96,135,131,134,150,126,131,148,126,135,127
122,150,99,138,148,62,83,129,135,126,126,134,154,145,133,121,125,130,130,91,110,136,118,127,104,111,134,125,150,132,65,157,131,120,119,133,112,132,126,125,126,167,127,109,122,144,124,157,164,128,138,129,125,142,121,127,127,127,126,82,121,147,104,112,123,137,121,114,139,126,133,129,152,149,117,127,95,106,95,181,134,126,126,117,127,100,137,161,97,132,115,118,162,115,133,130,169,109,123,115,133,138,122,140,116,151,111,127,144,134,137,129,154,141,124,132,162,83,134,211,125,124,117,153,110,113,104,121,238,124,118,114,139,130,134,144,158,127,133,116,146,159,136,112,173,117,116,134,127,139,121,115,127,105,143,147,118,69,197,116,143,133,90,153,115,118,63,144,132,138,127,115,127,152,208,166,111,117,128,129,174,153,149,124,132,131,142,155,131,131,128,135,125,170,140,136,124,118,100,141,130,120,110,119,143,121,59,131,91,126,118,132,112,153,118,144,112,127,133,120,167,143,117,118,142,112,110,121,115,119,141,136,131,149,137,121,133,142,125,153,120,121,122,118,132,8,99,136,125,127,102,127,131,128,195,102,127
130,124,157,131,124,121,127,0,136,122,176,123,136,138,143,148,122,126,130,132,127,123,141,136,112,141,145,172,172,138,133,143,172,32,153,203,135,114,146,161,127,134,94,121,51,130,130,131,130,128,122,129,119,127,131,150,127,214,97,118,114,121,177,127,109,122,115,106,116,137,208,134,73,116,122,125,118,134,88,89,130,143,131,148,132,120,109,129,123,196,134,136,173,143,126,106,125,130,59,125,142,135,211,131,86,110,140,130,132,70,90,147,159,69,119,140,128,108,121,126,129,218,106,77,130,133,136,130,105,142,129,120,132,128,130,163,120,135,114,128,142,55,134,142,123,147,129,128,125,121,83,158,73,133,88,145,150,134,142,135,127,117,85,117,129,119,125,125,140,115,113,49,60,123,115,128,147,109,138,127,124,98,126,127,129,119,100,101,137,192,115,182,128,153,146,126,121,116,147,127,154,130,75,129,125,120,117,195,111,138,132,133,130,130,92,137,105,151,154,115,138,137,108,118,137,131,146,156,114,142,124,133,142,96,112,193,43,115,154,180,125,58,172,78,156,122,124,122,175,110,135,130,119,198,132,106,127
128,162,151,116,136,116,153,105,133,114,144,99,186,117,217,133,116,122,84,102,106,122,141,142,122,113,143,134,123,119,148,79,117,112,79,137,140,114,119,143,123,130,136,115,128,66,138,166,142,112,153,129,135,135,111,72,142,126,128,112,145,95,45,81,140,144,116,128,127,141,118,110,110,144,86,135,81,120,52,153,126,127,108,163,112,101,141,98,148,115,137,120,70,160,125,85,121,122,129,99,140,110,143,157,119,144,115,70,145,93,122,128,148,141,72,123,70,145,143,137,142,120,127,153,167,133,125,102,55,131,121,118,31,105,87,143,163,125,145,118,115,73,130,135,107,114,103,137,108,106,124,116,128,125,114,115,100,150,85,127,106,93,113,115,81,114,114,131,125,154,131,137,179,140,134,136,151,160,117,128,147,182,172,116,145,125,150,145,125,122,115,129,136,52,151,99,125,134,82,100,123,134,104,106,116,113,180,105,147,112,130,133,144,102,133,117,120,113,131,150,126,113,184,155,50,137,146,135,140,121,105,81,126,102,123,119,123,74,119,163,128,140,134,90,129,91,187,123,149,148,121,135,113,127,78,106,127
115,117,140,126,120,102,120,137,133,122,131,130,137,126,100,140,152,135,139,188,122,128,139,121,114,134,132,121,152,119,147,136,113,129,141,136,128,139,138,117,131,124,135,160,131,107,141,160,124,135,150,121,148,120,223,120,112,117,127,154,123,119,134,152,163,168,127,115,126,124,124,136,142,122,129,122,119,112,125,139,137,127,153,133,94,113,127,121,113,127,122,141,116,146,121,136,114,136,123,109,138,125,132,120,126,122,111,126,125,117,128,128,137,131,143,115,113,122,120,151,130,125,143,110,164,120,164,127,131,127,130,130,159,124,113,116,93,125,122,126,149,123,107,126,95,131,110,108,54,245,130,124,120,128,125,139,132,136,109,135,117,125,109,122,119,167,157,131,157,121,125,124,162,132,109,112,129,155,127,159,81,119,126,127,105,131,139,123,124,132,133,144,119,96,147,131,141,124,118,134,133,109,111,134,140,137,158,128,119,127,127,139,116,126,101,147,79,132,133,124,130,122,126,135,122,121,131,112,164,124,132,119,141,124,120,125,122,125,124,141,132,129,136,207,156,120,112,122,130,103,123,128,134,116,215,137,127
124,104,110,125,99,114,120,132,121,119,127,126,111,128,101,128,97,126,123,122,126,123,102,141,122,132,122,122,127,123,105,137,117,139,129,122,123,124,127,132,123,118,122,93,126,114,119,233,120,126,127,114,129,117,115,116,139,131,144,164,141,117,114,160,130,105,133,134,138,121,135,121,136,106,147,107,117,146,127,120,140,140,118,124,122,127,131,109,107,131,133,144,125,144,126,130,123,121,125,136,140,130,125,111,129,106,161,137,115,118,123,125,126,120,135,136,156,112,144,154,122,139,119,124,117,152,166,121,153,141,115,156,109,127,127,123,182,125,140,114,113,127,0,133,111,149,128,147,118,137,128,130,135,132,111,109,135,112,118,126,116,141,124,127,126,127,119,127,134,127,138,131,114,123,178,135,130,115,133,120,125,87,127,122,65,131,142,120,128,125,127,125,88,123,120,121,81,115,121,144,119,129,135,124,115,112,113,122,104,137,129,102,160,130,128,113,184,118,128,129,109,119,124,125,113,163,113,136,152,127,141,118,130,115,137,131,119,132,121,118,117,121,126,127,130,172,137,126,138,114,102,120,119,135,123,132,127
172,121,147,147,121,147,146,145,115,119,109,154,127,128,105,109,110,119,219,111,91,123,103,128,234,91,135,121,175,172,135,88,166,149,166,125,123,130,122,135,131,108,111,81,123,81,209,118,124,134,158,125,123,117,128,118,117,140,130,26,124,137,115,118,129,114,124,142,126,125,137,132,99,138,116,124,160,148,190,59,141,105,108,149,121,85,117,130,93,142,130,207,187,175,127,147,106,118,121,128,106,156,126,198,129,124,121,192,133,133,122,126,204,136,130,124,122,116,131,116,135,113,138,113,139,110,122,150,170,114,133,137,108,123,134,138,152,135,87,183,156,62,116,82,155,136,128,59,113,121,130,106,129,56,119,162,106,122,145,121,126,131,106,124,82,167,133,135,155,120,135,146,103,177,127,140,161,124,126,133,166,87,138,144,147,122,130,143,128,146,123,114,128,71,141,102,139,149,135,117,110,109,147,165,131,126,155,141,109,122,126,161,126,192,148,127,154,124,177,125,79,147,153,132,201,122,102,156,101,135,77,180,121,122,134,127,131,197,155,136,107,145,118,140,114,111,108,109,125,132,139,135,122,114,118,163,127
112,186,122,115,86,128,59,124,121,135,139,121,134,125,147,126,140,129,124,125,137,133,106,115,127,139,127,122,115,128,126,114,151,143,134,138,113,109,131,113,119,130,136,150,135,112,125,153,126,136,133,114,134,126,140,139,112,131,151,109,111,146,153,100,119,140,134,134,124,127,122,123,144,150,137,150,149,114,71,130,125,135,106,136,122,130,137,154,112,130,91,155,152,123,129,120,132,126,125,132,122,135,137,138,131,125,130,158,145,145,137,121,128,155,137,125,115,130,138,103,121,127,114,126,142,124,122,117,178,115,128,133,124,130,124,129,133,144,129,131,150,140,99,140,99,133,118,149,131,125,127,127,131,150,105,113,106,134,126,137,87,99,120,124,131,83,145,109,123,148,114,115,139,135,139,128,133,124,121,150,127,104,116,129,147,134,127,140,119,141,129,133,124,167,133,126,103,116,125,123,132,121,166,130,132,117,110,126,158,115,137,123,132,149,97,124,124,132,136,121,130,152,100,155,126,153,141,130,96,118,117,129,112,135,124,117,143,109,120,117,183,129,126,131,109,101,99,116,128,144,109,106,124,138,120,98,127
136,133,130,127,122,147,127,135,129,126,132,125,134,125,142,128,122,139,124,125,141,127,122,127,110,125,127,127,125,126,130,140,134,128,131,128,117,127,122,122,127,140,121,108,123,125,119,139,127,123,134,203,128,140,127,129,120,127,120,97,129,140,115,118,138,124,124,118,139,131,120,120,132,113,104,115,124,124,122,137,117,135,122,136,121,132,128,178,100,127,121,118,124,106,128,126,120,107,123,111,129,138,132,127,128,123,131,142,131,132,119,121,146,132,121,110,124,147,164,110,123,131,109,127,128,119,115,125,144,127,126,128,109,127,130,132,123,133,126,95,127,136,145,127,107,125,128,122,114,93,126,130,128,129,125,120,129,132,134,168,127,120,133,124,122,136,147,126,115,127,134,124,135,128,118,139,136,125,124,45,111,111,121,125,158,125,134,135,128,138,122,130,115,127,128,121,129,129,124,124,132,91,135,126,145,137,133,127,110,117,121,126,122,128,125,134,131,124,129,121,126,114,120,103,138,123,130,119,126,131,128,133,133,141,126,127,142,110,120,127,128,130,130,98,121,158,127,127,122,143,176,129,137,120,107,135,127
88,120,164,126,169,177,105,125,99,127,137,124,135,79,136,130,80,126,151,196,134,128,130,115,112,125,147,134,141,126,125,222,113,104,118,116,150,124,128,108,132,160,142,129,125,130,107,118,145,126,162,127,106,132,103,132,109,112,108,135,138,97,110,54,135,133,127,222,86,133,111,101,116,119,166,129,90,114,126,206,136,93,134,156,124,107,132,106,116,103,134,108,89,93,122,130,49,150,136,136,135,133,138,133,122,121,254,139,166,109,137,121,105,132,115,126,123,117,141,121,124,136,111,150,118,78,129,119,98,118,140,135,130,134,100,116,73,126,159,124,107,115,124,127,134,100,88,189,136,85,127,140,128,151,123,150,125,80,109,122,153,133,118,145,138,109,113,124,152,134,126,120,105,146,114,116,121,136,125,131,86,139,126,134,71,148,97,197,128,117,133,132,136,128,114,102,69,149,131,132,114,158,115,135,95,125,171,131,117,108,134,128,97,128,123,117,127,109,122,151,74,143,128,140,186,122,124,121,117,116,122,122,127,113,107,128,129,155,128,154,122,121,134,164,149,159,96,107,119,118,150,133,131,106,158,113,127
147,122,180,128,128,101,142,120,133,126,135,134,126,134,147,101,105,119,151,82,143,89,143,93,126,124,107,94,159,130,117,98,151,134,123,117,122,141,105,176,127,113,89,128,140,165,119,137,130,143,154,127,91,118,125,61,127,88,133,129,121,125,153,108,157,126,122,155,113,125,175,124,93,126,116,159,186,146,88,116,136,132,142,132,128,134,114,144,139,150,124,117,131,194,111,75,116,108,89,129,254,145,136,138,145,146,129,141,130,205,128,133,157,101,134,125,130,157,134,136,140,129,144,183,133,130,129,114,114,102,130,129,145,157,120,134,126,140,112,136,122,120,117,111,135,149,144,104,130,123,153,139,103,62,113,96,122,127,124,142,107,88,126,110,144,108,116,118,130,82,113,123,252,117,124,119,206,116,112,120,155,96,117,116,122,92,84,141,122,165,107,55,127,90,130,103,141,151,127,130,181,123,206,125,123,153,109,140,101,117,124,136,95,134,155,141,113,122,136,120,148,123,126,118,152,126,109,109,127,115,110,126,101,105,111,134,187,120,149,126,132,98,132,145,128,75,102,87,39,167,125,126,112,149,113,139,127
194,150,136,168,147,108,148,152,122,122,144,132,119,152,115,127,174,125,139,105,155,181,134,156,136,138,166,162,129,137,93,130,115,158,120,143,160,156,129,143,123,122,134,133,116,146,87,117,121,148,73,130,153,124,134,107,100,88,165,106,128,137,164,125,157,138,117,161,113,137,117,125,159,144,137,109,186,110,192,92,136,150,120,125,127,156,154,152,116,110,117,189,160,220,97,24,122,134,124,141,227,146,125,120,254,112,137,142,72,140,99,133,103,134,99,138,143,141,134,149,104,163,141,181,49,155,133,123,243,129,118,125,141,104,103,129,138,135,117,149,128,205,136,144,106,82,115,115,129,135,146,105,119,222,150,152,127,124,123,127,98,116,140,118,149,155,128,122,134,151,142,84,229,141,120,108,158,146,103,128,117,108,128,155,90,142,100,125,128,134,95,93,126,53,99,130,147,115,150,118,75,111,210,14,144,125,164,0,145,108,124,139,108,143,109,105,117,149,139,149,137,139,117,119,148,134,139,209,108,143,107,117,110,114,156,122,56,142,59,140,114,91,140,86,129,143,86,144,254,244,118,138,119,113,124,103,127
115,118,117,113,122,112,127,121,142,127,121,130,156,128,68,128,136,123,143,106,79,125,139,130,160,126,125,133,177,128,135,105,91,125,125,132,237,118,118,125,133,127,140,121,118,91,129,100,122,131,147,125,125,132,181,109,130,142,139,128,111,93,108,112,153,97,127,99,122,119,119,120,126,141,136,126,78,137,114,127,230,138,107,146,127,105,135,127,121,137,142,162,107,113,137,127,141,128,131,116,135,108,129,123,130,136,125,124,112,123,127,127,125,141,145,121,134,124,149,112,123,118,129,117,118,155,107,117,95,141,135,113,131,129,115,107,180,137,133,122,112,92,155,87,144,138,143,112,148,126,126,125,141,153,129,113,137,117,110,130,153,125,127,105,118,115,123,117,139,145,143,136,137,134,113,137,140,144,121,128,96,101,141,141,149,133,136,123,121,128,123,133,126,148,141,114,122,118,122,113,143,136,149,118,127,114,122,117,159,134,129,123,137,157,128,128,119,139,145,128,151,105,237,116,168,136,120,113,214,127,138,157,139,86,98,136,116,133,124,185,126,131,129,134,122,126,92,149,135,135,110,129,135,125,122,81,127
116,118,124,127,91,159,121,123,132,132,130,131,122,127,147,129,81,155,117,156,116,125,136,120,113,122,117,125,139,126,134,128,125,116,116,123,121,130,126,140,243,124,123,98,128,131,109,140,117,121,137,106,137,90,126,116,128,125,139,139,122,118,113,136,137,129,133,151,130,128,128,125,111,129,115,138,107,122,141,124,125,153,133,157,124,136,132,155,122,122,137,119,96,122,116,130,135,127,123,118,129,128,126,115,120,127,137,137,130,130,129,128,130,130,118,140,126,127,132,135,124,133,113,146,127,129,141,114,145,125,121,130,138,129,127,138,123,128,123,132,137,121,130,121,105,130,118,102,124,113,134,121,134,121,160,127,132,118,152,130,100,133,114,138,124,136,119,131,72,136,130,131,129,119,127,119,119,128,129,158,130,125,148,123,112,126,138,132,135,129,126,135,1,123,119,129,99,123,138,123,131,152,111,120,131,136,106,127,118,122,91,125,178,126,138,140,161,127,118,118,106,109,124,127,92,123,120,149,128,130,126,124,134,111,120,127,121,128,126,121,113,125,128,137,115,138,130,129,125,125,125,137,132,131,141,126,127
130,87,110,118,99,117,137,129,149,117,128,132,156,127,87,125,117,132,165,129,109,120,124,130,164,120,84,121,145,112,138,158,108,142,131,117,167,134,127,138,125,155,130,131,122,118,177,133,127,137,120,125,132,115,202,112,118,128,130,134,125,102,142,147,128,129,114,124,142,150,124,112,127,104,162,140,101,134,160,108,91,133,107,145,124,61,122,104,109,130,138,152,164,119,134,132,126,127,124,129,129,161,128,102,116,126,122,86,141,129,114,128,158,126,150,130,130,124,122,128,178,140,102,112,139,113,136,153,107,118,118,115,173,127,140,129,184,133,109,100,122,147,127,107,127,126,126,114,161,119,124,119,125,127,141,108,94,130,128,139,115,108,97,185,108,108,122,72,121,127,126,129,107,254,113,124,133,126,121,123,108,199,144,107,132,127,120,128,131,129,123,123,131,118,140,130,132,123,124,120,147,127,123,118,125,104,107,125,179,122,135,125,146,108,139,133,100,127,122,124,127,133,207,95,101,121,130,214,167,126,90,131,122,153,135,124,143,122,115,131,125,123,117,147,121,146,120,116,124,120,127,122,208,129,114,122,127
134,118,116,118,136,114,124,126,140,128,136,126,124,131,142,122,98,132,149,157,108,127,106,127,153,106,132,140,146,125,124,125,131,137,126,122,119,126,128,110,125,126,125,138,128,123,148,114,133,123,106,132,137,139,126,136,116,131,165,130,131,115,130,132,121,107,127,116,136,132,129,129,134,146,138,114,105,144,75,134,122,152,129,119,122,108,122,156,113,127,121,155,124,139,127,120,114,112,124,108,135,132,138,114,123,127,137,120,133,106,136,121,112,125,137,114,120,132,79,118,122,136,122,115,127,127,148,140,140,116,139,120,138,121,137,128,143,133,128,125,126,142,127,152,203,129,130,134,136,152,127,131,117,138,135,124,125,134,120,130,173,127,127,122,137,131,118,120,133,130,124,128,122,133,120,136,124,127,130,125,121,146,134,135,122,136,120,134,128,128,125,127,128,121,103,113,161,133,128,123,106,119,121,127,120,137,108,131,194,132,120,122,143,139,116,75,138,142,126,135,124,149,127,129,132,129,126,132,128,103,132,128,133,123,124,120,128,116,126,142,129,114,124,148,140,120,134,122,119,117,126,133,143,123,114,119,127
147,140,132,108,150,121,132,114,118,117,130,130,90,117,91,132,156,140,226,128,135,145,111,134,180,117,146,131,118,136,125,123,124,127,157,118,125,124,122,139,126,93,133,102,127,108,107,117,124,122,122,133,137,135,212,121,116,137,124,85,131,91,103,136,111,114,146,114,120,163,123,103,132,95,113,110,89,127,160,132,132,157,136,110,107,181,134,111,177,133,148,82,111,149,137,102,100,145,128,105,119,107,126,209,94,130,123,157,117,143,110,126,164,119,132,110,132,123,151,103,92,122,123,99,126,103,138,130,126,138,140,106,85,134,122,138,96,132,87,79,90,126,126,126,135,115,113,92,148,112,128,104,127,124,138,140,122,127,83,137,139,100,134,107,111,162,147,100,125,127,131,133,168,161,96,105,137,152,123,131,113,73,113,153,137,125,133,134,119,122,134,136,131,121,121,148,123,145,108,155,140,123,117,98,100,148,129,125,83,116,133,190,110,88,112,110,156,161,117,145,147,144,184,114,144,157,119,129,114,139,87,102,128,169,131,125,121,76,135,131,125,128,134,96,125,175,130,138,127,119,136,141,125,120,131,111,127
146,122,116,122,120,122,130,109,164,134,107,120,133,164,148,125,184,127,146,199,122,134,74,114,128,105,136,129,123,124,105,129,127,135,115,137,134,134,119,120,130,126,133,129,157,138,110,125,154,139,144,128,126,81,123,130,140,158,120,114,127,125,140,132,120,123,156,101,140,130,182,137,116,113,140,126,113,120,133,122,127,110,138,127,133,149,136,123,122,158,115,129,145,101,121,79,127,127,114,108,157,134,131,135,163,144,132,127,138,108,125,125,122,145,129,116,140,150,127,89,137,137,139,70,150,130,121,113,118,142,105,114,113,121,124,114,126,119,122,113,140,98,126,114,150,156,153,108,129,113,122,100,122,118,160,119,129,76,112,121,143,116,115,128,163,131,145,132,142,130,131,117,95,126,126,121,152,115,115,123,129,114,130,120,119,138,102,66,131,82,128,104,127,76,125,114,131,121,121,120,143,121,145,74,131,135,117,122,113,113,128,121,139,116,124,130,123,138,134,132,124,130,133,91,122,136,148,136,133,113,138,127,121,132,152,127,128,90,119,140,116,201,130,89,114,152,122,154,132,110,126,139,120,116,132,156,127
140,192,132,130,130,161,86,125,131,124,130,127,129,94,75,131,114,126,116,232,115,122,123,124,117,132,129,111,121,124,134,121,141,113,145,130,123,128,122,111,130,138,135,102,122,129,116,128,124,118,145,123,153,120,118,110,139,122,133,97,162,123,112,168,114,124,115,236,118,125,122,113,130,131,111,124,81,128,130,96,115,116,145,121,80,151,124,141,112,124,198,130,107,122,116,127,101,121,124,124,124,109,122,120,122,110,173,127,138,106,126,131,130,113,143,78,121,119,161,200,131,122,125,116,172,133,127,125,113,110,125,110,114,134,120,110,112,136,124,106,118,151,120,121,102,121,116,171,127,93,127,135,131,103,87,111,120,126,106,115,229,123,136,136,114,118,113,109,129,114,124,124,127,128,90,137,132,123,128,110,151,125,144,126,102,133,118,143,125,104,131,133,134,106,117,156,68,129,104,107,115,137,118,124,142,133,137,125,116,116,121,131,108,108,135,127,127,126,133,114,96,136,83,165,102,121,132,108,98,115,112,107,131,127,124,124,116,144,141,133,132,131,128,135,168,108,142,141,122,122,106,130,120,118,152,82,127
133,111,51,151,91,133,121,92,148,119,119,126,120,111,87,121,168,129,95,128,118,159,161,105,75,117,39,163,150,136,134,106,108,181,84,133,95,117,125,83,120,164,152,125,117,130,104,130,132,120,109,121,140,110,116,132,199,101,134,115,124,104,124,110,177,100,133,120,86,150,119,125,167,133,174,123,132,156,171,120,135,151,173,83,102,48,100,144,89,146,145,89,89,184,160,77,110,80,115,151,150,154,119,108,160,156,130,80,244,122,132,108,110,174,114,119,119,130,142,136,158,127,120,158,145,115,144,139,124,147,131,118,147,105,89,168,193,129,90,96,180,125,120,111,160,126,137,203,115,153,112,132,152,116,137,106,96,122,175,131,115,51,166,122,139,142,149,121,128,168,140,131,146,138,120,129,135,194,137,117,100,113,128,110,113,140,87,103,146,146,137,146,129,137,134,127,100,82,120,141,139,132,138,107,125,139,92,129,254,177,119,116,127,149,98,112,126,138,99,124,182,121,166,129,91,126,139,141,102,131,135,134,147,161,0,85,77,142,129,94,125,153,117,117,158,0,152,122,183,135,124,139,120,156,159,174,127
36,102,79,181,127,80,109,142,125,113,121,112,88,119,61,138,159,141,85,111,137,127,119,89,78,77,99,117,105,116,132,120,180,67,100,121,102,137,138,118,130,65,142,193,132,142,0,130,141,102,130,128,164,131,156,197,81,84,145,94,68,34,158,106,66,130,130,96,127,88,123,106,123,100,78,120,81,154,54,166,129,121,173,116,142,172,150,127,164,107,100,72,92,50,101,106,152,133,136,107,140,44,122,100,187,138,114,68,118,121,183,143,61,138,211,108,123,135,121,132,121,163,76,116,51,98,128,115,116,148,141,137,127,134,172,125,113,127,127,62,126,173,118,154,132,92,78,120,145,144,146,107,129,134,76,196,162,128,97,131,93,81,175,133,164,11,108,151,126,120,123,124,50,65,108,83,75,73,146,133,128,95,94,122,143,100,142,126,113,132,133,121,134,134,123,156,117,97,142,119,115,98,97,135,99,140,152,144,152,162,151,134,117,137,137,130,103,124,123,101,84,109,139,140,87,115,139,90,124,146,117,111,130,123,42,126,133,103,86,133,133,118,130,98,106,99,68,118,125,118,170,131,181,131,141,161,127
137,135,127,157,155,141,136,163,133,136,133,122,146,142,110,141,125,140,172,84,161,144,104,127,137,123,160,137,102,132,129,97,154,167,114,142,95,134,145,99,141,120,131,123,127,129,100,142,122,134,109,123,131,108,141,132,146,117,130,178,120,132,142,117,141,140,132,133,151,151,165,145,131,133,129,126,157,186,254,101,126,128,117,79,132,106,138,139,116,139,144,155,159,164,139,180,129,52,120,122,135,163,144,165,169,132,137,150,109,169,110,124,98,174,144,90,137,125,113,128,146,157,120,133,67,165,109,123,195,101,135,141,113,103,154,107,78,130,102,133,88,161,155,124,145,140,151,107,139,130,127,117,110,114,159,131,122,130,146,118,152,191,132,138,110,174,112,142,139,149,113,103,109,120,146,121,121,113,134,123,126,128,139,147,127,126,127,117,124,107,144,128,136,132,94,101,143,128,126,137,102,165,157,119,134,102,144,172,137,120,142,138,134,143,132,141,123,120,177,120,130,141,124,116,151,143,133,138,110,136,162,135,123,149,125,115,95,112,143,152,140,152,129,160,102,156,112,119,142,132,121,122,122,150,143,85,127
127,116,128,115,142,130,115,103,107,125,130,123,98,139,122,134,91,119,128,123,133,143,82,127,117,143,128,130,135,124,114,108,121,143,87,128,144,126,132,157,125,134,115,105,127,132,92,95,127,123,124,123,119,127,111,102,127,134,127,115,130,121,128,112,145,137,117,110,108,123,118,127,118,108,143,136,134,112,115,113,122,115,119,127,99,99,105,130,81,143,120,105,122,117,125,128,113,124,126,143,114,86,148,108,124,124,118,105,127,132,125,131,136,137,102,127,130,136,128,131,120,109,140,146,132,117,115,122,115,100,110,112,121,25,94,131,119,135,132,132,129,153,78,124,113,140,108,139,123,119,136,154,134,122,136,105,132,127,124,103,130,105,84,151,131,111,127,121,116,130,133,129,128,143,124,107,114,116,123,131,114,146,112,114,112,133,124,128,110,152,135,143,122,148,116,137,124,121,128,130,137,119,121,120,116,129,129,120,77,97,120,120,163,125,121,92,124,117,113,136,115,132,127,125,140,123,123,131,136,115,150,117,160,114,128,134,143,133,125,132,126,129,130,115,130,130,120,127,128,122,126,139,123,116,129,138,127
100,140,120,134,138,76,112,107,202,131,118,122,125,142,163,113,203,143,136,211,155,137,92,134,103,131,131,136,135,128,67,101,139,120,152,93,123,126,125,101,128,145,134,134,137,116,114,132,217,128,110,128,89,59,138,106,115,122,74,121,126,138,108,206,130,146,154,110,88,134,124,123,142,129,154,123,134,126,94,137,131,74,112,172,151,127,121,102,124,125,113,155,145,90,105,134,134,142,120,106,88,133,146,133,109,145,139,139,109,102,138,123,105,132,165,79,130,222,116,101,135,124,209,128,114,146,118,139,100,174,99,130,134,128,151,122,114,121,140,126,90,86,138,117,125,199,147,71,141,164,127,26,129,160,99,84,138,42,123,124,115,182,164,124,127,122,88,135,133,127,127,109,117,110,147,86,151,125,125,123,138,149,121,153,81,141,215,28,131,147,110,162,131,142,134,136,154,88,96,125,130,151,123,164,148,161,146,132,101,134,129,135,120,119,123,134,128,120,135,93,92,139,127,141,147,133,124,117,127,253,150,118,135,126,145,122,129,115,133,142,113,159,132,34,127,159,106,128,99,117,117,121,133,91,125,112,127
134,133,134,99,99,240,104,119,125,124,136,148,115,124,143,126,120,123,135,112,104,134,125,127,158,134,149,121,113,152,135,114,116,117,101,127,122,121,122,140,131,141,115,135,123,127,107,142,130,112,80,124,139,113,107,84,87,126,113,96,137,114,107,110,123,114,117,97,148,130,124,122,107,136,115,123,110,140,137,130,126,116,97,92,118,120,128,105,181,130,96,48,91,125,137,100,124,140,125,149,124,136,125,254,114,119,123,187,138,118,131,114,163,128,107,127,120,147,88,110,132,129,124,116,141,111,71,124,115,127,110,132,254,132,114,117,117,119,143,114,67,98,181,131,156,111,94,92,122,116,136,121,129,131,112,132,113,127,127,121,114,119,121,103,103,155,118,111,80,120,123,126,155,139,112,105,135,169,131,126,121,116,95,138,119,132,134,133,120,125,123,148,124,120,110,116,102,151,198,140,114,125,92,86,196,127,42,117,115,134,135,238,113,153,119,146,27,127,138,147,102,78,107,90,152,172,121,118,61,120,115,102,127,125,125,116,121,94,127,132,113,136,127,98,125,138,161,127,128,101,112,126,121,106,113,125,127
130,122,124,140,134,138,114,137,140,121,148,119,123,123,129,133,147,129,144,134,109,137,152,124,127,71,119,86,140,133,135,160,126,104,129,135,141,127,123,95,130,110,128,118,168,123,148,140,132,133,139,129,164,143,133,141,122,112,121,133,141,115,145,161,126,124,130,115,163,114,133,128,126,119,128,122,129,145,116,151,127,125,138,120,128,142,119,128,121,132,126,121,153,103,114,146,128,141,143,115,121,111,131,128,132,107,125,138,130,161,156,139,122,159,132,132,109,129,113,133,133,143,115,155,137,119,129,156,89,134,132,126,118,123,132,122,147,110,118,115,108,129,130,114,134,139,142,72,126,137,114,146,148,107,131,156,116,139,113,129,130,111,134,120,132,133,138,121,135,124,145,114,120,119,121,146,122,139,142,131,139,127,143,109,133,131,133,127,126,132,118,108,130,112,133,121,128,128,151,108,124,128,147,120,125,174,119,129,141,126,129,132,135,130,146,134,122,142,100,108,108,125,154,107,130,130,135,130,126,136,130,141,107,115,128,106,123,124,128,130,132,130,110,113,114,126,121,119,130,111,127,128,120,126,130,120,127
27,137,165,117,122,117,100,116,140,134,122,124,121,242,94,125,104,124,141,132,100,123,141,105,121,135,135,126,132,152,120,225,134,108,118,119,126,120,128,107,128,132,105,122,156,154,96,126,104,117,182,129,94,96,118,138,126,116,85,150,136,98,84,164,196,133,109,92,114,142,102,106,109,138,158,125,153,124,143,171,130,123,188,89,176,113,123,107,133,102,124,135,118,187,115,128,174,117,137,129,121,127,108,136,111,114,119,151,117,67,128,122,109,136,94,133,145,133,141,100,144,138,130,170,155,125,118,135,132,125,123,121,113,127,96,119,81,133,132,151,112,122,89,117,127,168,61,143,162,152,137,35,148,146,130,132,118,79,142,126,72,144,92,108,118,121,135,121,100,138,127,139,165,134,164,114,119,111,128,121,93,168,133,131,30,140,145,169,121,116,133,127,124,197,120,113,156,63,126,148,160,143,59,123,121,206,132,114,130,145,117,132,129,133,146,100,114,118,105,120,199,112,118,132,165,118,130,150,121,140,122,133,141,87,125,118,142,130,157,126,126,151,126,25,111,124,130,118,128,171,97,132,134,92,160,77,127
127,139,126,124,142,125,124,111,129,127,152,134,115,133,121,119,141,134,143,164,122,111,86,103,148,129,143,105,137,128,165,112,143,149,108,130,131,106,128,107,124,136,129,164,138,151,129,112,138,115,145,128,131,136,135,99,136,147,142,169,120,132,158,117,116,137,139,138,99,146,116,117,183,113,138,136,106,142,75,166,115,173,146,131,134,130,140,126,106,131,107,125,96,124,134,100,135,137,121,142,114,137,119,137,143,115,130,141,124,109,117,85,116,217,157,145,122,148,122,129,128,153,139,130,146,147,122,104,159,115,144,123,135,186,127,140,95,128,151,137,103,141,106,174,141,126,98,140,148,154,139,138,119,169,134,134,100,150,103,134,104,114,145,124,138,115,141,158,138,181,127,116,146,131,121,133,160,124,124,133,117,118,129,121,141,139,144,138,107,126,122,149,124,120,138,138,119,127,124,133,157,117,140,141,125,126,139,138,75,137,127,127,135,121,102,134,115,142,68,130,127,133,115,131,121,135,149,126,144,146,137,109,101,184,131,104,147,122,131,149,118,167,137,126,148,161,128,96,178,124,145,106,142,122,119,144,127
104,112,128,118,124,93,127,143,123,122,128,134,120,174,127,127,85,122,117,202,128,139,118,127,120,121,132,128,109,129,81,118,127,144,136,136,109,130,134,155,126,114,118,131,134,130,121,138,163,110,96,123,104,98,126,135,104,100,118,144,162,131,102,136,196,135,127,167,127,124,151,131,110,125,144,132,130,118,128,99,107,88,108,141,148,169,126,148,108,127,110,143,109,229,95,134,104,128,120,122,149,140,138,121,134,128,136,144,153,153,144,122,81,138,141,137,149,182,113,133,125,130,137,137,109,129,112,121,156,115,120,139,128,133,96,113,109,132,130,130,142,121,127,132,116,128,135,101,106,158,134,91,136,129,149,109,122,72,128,122,97,98,155,127,47,115,117,122,148,112,106,126,231,116,134,128,188,123,126,130,105,121,120,132,114,139,127,80,116,99,128,117,128,125,195,126,119,118,111,121,98,150,195,138,126,153,122,131,109,236,137,121,132,113,128,106,144,116,125,139,200,142,122,136,121,137,125,141,126,142,126,119,121,131,129,112,154,139,127,125,140,133,133,123,140,113,122,122,144,130,130,132,143,138,117,118,127
158,155,98,125,127,101,130,140,254,128,111,129,130,124,160,121,88,119,132,113,132,127,57,136,132,100,143,134,130,134,66,140,125,132,147,112,125,137,118,132,129,139,139,136,119,104,121,140,228,136,130,123,146,160,128,115,92,175,171,121,135,133,136,167,118,112,106,102,99,136,167,133,110,78,164,125,152,121,98,138,134,138,116,119,108,130,123,117,116,141,122,155,162,60,107,76,143,134,121,104,133,121,137,131,190,131,157,138,130,115,131,122,108,141,135,142,125,217,124,97,138,123,89,23,139,152,117,115,116,153,161,135,122,123,139,123,118,123,127,123,128,91,117,118,129,121,148,70,123,126,124,160,123,157,129,84,141,0,110,125,182,148,98,96,133,120,147,136,132,127,131,123,102,110,126,100,156,122,119,126,127,137,130,147,149,136,96,0,135,104,125,117,132,95,141,107,113,105,104,122,123,132,132,73,119,161,172,129,107,134,134,128,147,112,116,108,123,83,146,117,151,123,127,94,140,130,133,111,130,100,158,120,137,117,148,122,142,91,111,126,115,182,143,111,96,176,120,136,104,125,133,137,123,137,137,116,127
134,136,118,126,118,122,127,125,119,125,130,126,117,131,132,121,129,126,114,120,126,127,117,127,118,130,125,127,132,126,114,108,129,126,130,133,112,130,120,117,118,127,127,133,125,117,129,137,124,137,114,127,136,133,116,144,139,119,107,101,125,150,121,154,124,143,118,121,124,130,119,137,128,117,107,120,109,133,103,114,87,123,124,132,85,144,121,127,125,126,127,119,133,122,122,133,141,127,124,159,128,130,123,127,125,131,123,147,121,137,127,122,130,126,117,127,114,135,126,123,128,124,129,136,130,115,123,124,164,123,123,142,135,123,124,134,123,112,128,140,129,137,133,130,127,121,132,134,126,114,127,118,127,137,130,124,118,124,133,124,108,116,105,130,129,123,115,119,125,127,130,123,129,121,124,116,117,135,127,127,118,108,116,136,126,124,127,121,123,125,127,140,128,160,124,138,125,115,138,132,130,110,137,118,140,130,130,128,147,120,111,137,122,140,118,133,140,137,121,122,121,103,97,142,134,130,117,109,144,120,141,119,121,135,131,124,129,159,124,116,122,125,129,129,135,113,121,131,116,138,129,126,137,129,146,127,127
133,139,126,126,100,62,136,125,123,122,115,121,132,116,130,129,121,131,124,132,127,126,131,134,134,107,120,131,127,122,138,112,131,122,123,127,132,127,128,126,137,124,130,127,126,111,144,189,108,133,118,60,143,129,130,128,124,127,140,120,133,151,117,111,122,143,122,133,134,134,123,117,112,138,117,121,111,120,141,122,131,143,121,75,71,122,128,83,86,122,115,113,108,132,127,124,105,87,125,99,127,141,122,144,133,125,138,96,127,116,132,132,136,114,122,122,120,145,142,114,132,131,126,122,127,130,129,122,109,134,122,142,81,126,130,129,142,122,129,92,120,147,113,126,121,145,127,105,62,157,127,121,132,139,129,121,135,147,143,152,119,115,118,150,106,156,112,123,159,124,125,127,125,130,220,146,121,120,131,179,132,144,138,111,119,119,139,114,131,127,130,132,116,97,118,118,155,136,164,132,110,121,100,126,100,125,132,125,120,137,123,132,196,120,136,124,136,124,130,135,116,139,127,141,100,116,125,121,100,129,124,115,124,138,125,126,133,126,132,138,94,124,126,167,122,134,127,132,124,129,159,125,122,128,109,117,127
121,117,133,118,127,107,126,122,138,127,132,124,135,145,128,126,145,133,153,123,115,133,116,122,134,110,131,135,133,133,134,103,122,129,106,124,128,127,138,116,127,122,128,117,123,114,132,132,127,117,118,129,138,122,128,153,134,125,110,136,128,120,140,130,124,105,134,138,141,126,121,130,127,121,139,127,128,122,70,127,128,121,123,145,122,117,124,125,100,130,132,158,123,125,127,127,131,134,125,109,121,149,132,132,130,125,115,127,133,134,132,121,122,136,140,119,121,134,109,117,117,131,140,121,128,160,127,145,109,129,127,123,139,134,122,122,162,127,127,126,151,144,118,146,96,140,115,132,126,118,124,135,139,125,121,120,109,137,120,133,163,117,126,118,135,135,119,128,114,127,129,127,125,121,118,166,116,149,132,126,131,116,137,141,114,129,136,146,133,132,126,123,126,124,113,118,153,111,127,114,128,142,135,133,113,157,111,137,197,126,126,130,147,127,111,149,140,147,146,127,103,133,124,132,128,129,121,124,120,136,126,128,128,126,120,129,123,117,122,121,131,121,131,131,121,105,122,125,122,127,119,137,136,137,113,130,127
137,122,106,114,137,152,140,136,132,129,124,127,76,155,127,126,108,130,140,129,151,128,115,136,145,136,71,151,135,118,135,83,112,162,108,114,110,109,141,162,133,145,121,132,123,157,123,143,160,137,138,129,106,144,129,72,120,151,132,103,115,186,144,108,139,139,130,142,5,138,88,130,177,143,117,122,149,124,161,79,119,147,179,174,144,99,105,143,135,118,134,89,153,157,131,114,141,124,108,132,133,147,128,126,130,158,130,139,145,145,85,92,136,179,120,143,137,164,142,157,126,127,162,127,178,138,121,91,168,86,125,128,120,121,132,138,138,140,131,145,127,165,161,159,138,178,119,166,131,122,145,182,134,120,121,103,104,177,139,136,98,125,96,127,149,115,147,129,143,154,131,149,150,140,138,110,202,125,126,128,123,151,125,129,162,136,110,156,108,116,114,146,129,182,141,114,96,134,117,162,141,123,150,125,136,128,170,134,113,137,131,132,130,136,118,139,119,121,149,141,120,143,149,123,127,126,80,134,142,138,154,137,119,120,126,118,153,138,124,133,129,144,137,147,132,147,134,97,161,154,144,106,137,150,137,158,127
120,121,145,143,92,103,145,139,127,125,137,117,121,125,127,122,95,125,123,167,181,139,126,127,110,134,137,145,130,118,80,60,107,122,160,105,148,128,128,104,130,136,142,147,122,124,133,161,130,115,147,137,117,134,119,109,134,131,138,216,122,119,169,200,124,154,130,113,100,132,115,130,139,99,121,121,89,122,144,186,122,135,129,181,121,112,127,110,150,121,132,112,102,95,135,130,192,153,126,125,136,117,138,132,147,142,97,145,163,147,129,122,112,141,129,133,136,83,135,145,123,140,120,127,103,149,175,115,111,153,128,146,137,130,122,137,88,131,129,160,125,137,86,145,144,135,82,123,129,112,128,136,149,137,121,155,138,149,61,116,119,119,145,107,118,109,140,130,153,145,123,130,96,138,126,111,126,148,134,138,124,137,129,140,109,136,127,126,126,112,127,132,128,175,119,112,106,135,128,125,115,179,137,136,157,139,116,129,147,122,141,139,217,206,126,147,108,104,139,149,103,145,124,178,121,124,116,112,177,128,81,122,137,141,130,117,137,125,138,133,123,121,131,128,141,186,124,125,130,129,146,124,141,141,103,144,127
137,131,129,127,149,101,132,123,137,128,128,123,137,121,142,135,116,181,112,142,127,126,129,122,107,141,144,132,123,122,107,127,133,116,113,122,119,127,128,136,183,132,129,113,123,133,116,85,134,123,137,123,116,134,123,96,127,132,115,188,149,123,120,163,137,123,116,171,126,127,124,128,125,111,125,130,140,127,163,137,123,125,101,124,77,100,128,103,103,132,142,105,98,113,135,133,83,113,126,120,131,124,127,138,122,135,97,109,120,111,110,123,132,123,124,148,126,132,133,139,134,121,155,145,145,170,127,129,118,109,123,122,113,128,120,129,150,126,148,132,95,146,165,136,136,128,114,142,127,125,130,151,115,129,166,119,112,157,120,133,136,139,134,114,128,138,112,108,141,134,116,128,152,132,144,156,128,120,132,141,120,165,141,127,131,137,120,122,125,134,124,117,56,118,125,112,134,141,128,139,104,142,112,129,190,131,150,125,93,132,98,121,140,131,130,120,67,124,135,136,127,84,108,127,100,140,131,114,105,114,125,112,134,113,123,126,133,159,131,118,151,133,121,116,119,151,146,123,125,123,106,121,114,122,115,108,127
129,101,131,109,107,62,185,120,106,118,125,110,129,127,63,130,157,147,103,131,130,128,137,126,127,109,138,125,128,121,102,242,112,141,105,124,144,127,128,129,123,109,124,117,123,130,113,179,150,116,130,124,107,123,99,113,120,127,148,128,134,110,106,100,120,121,121,124,122,108,122,109,155,139,141,121,173,150,120,100,117,128,192,173,150,115,119,110,97,127,115,151,125,113,152,127,105,122,114,123,117,133,120,109,137,123,205,124,138,122,101,123,137,120,122,171,112,92,134,140,119,107,125,104,139,79,158,126,87,107,129,130,102,123,124,117,102,130,133,167,151,141,90,133,117,140,111,157,119,117,127,116,137,139,110,138,143,96,150,122,93,166,107,160,119,107,190,119,112,127,142,126,118,121,114,167,135,105,128,122,154,126,123,132,154,124,108,162,129,125,126,127,118,158,94,141,127,139,170,117,121,129,118,136,156,120,99,127,101,126,121,131,123,140,119,137,154,127,122,140,116,126,107,104,118,136,132,170,94,128,125,125,127,102,128,128,139,120,128,130,120,133,127,135,137,146,152,125,123,136,115,113,120,122,114,173,127
118,110,109,142,127,108,139,120,129,124,134,119,125,74,160,126,89,130,130,36,112,135,80,114,120,102,108,127,144,122,107,145,112,118,90,121,133,132,132,125,122,110,134,112,135,137,137,128,108,143,109,122,191,103,119,188,153,161,166,101,125,167,120,123,146,110,98,128,181,118,155,136,102,139,127,126,117,103,139,165,152,92,106,98,134,176,123,122,80,132,102,133,139,139,130,112,133,117,111,109,125,150,131,126,157,119,118,154,126,108,145,133,89,140,123,109,158,129,65,95,129,117,137,115,128,132,136,121,161,144,133,114,99,124,121,110,160,135,143,105,123,83,127,117,59,91,132,131,126,179,120,156,114,111,70,90,117,110,135,118,190,92,101,112,142,134,121,138,128,126,131,119,137,128,128,189,133,110,122,126,138,109,136,126,107,134,161,142,130,119,126,109,128,89,162,154,115,124,94,139,150,133,142,121,129,144,115,138,103,109,131,128,225,132,138,199,106,138,157,138,87,107,109,138,145,132,109,109,127,131,146,136,130,148,124,140,130,121,130,139,117,133,133,87,117,117,154,138,116,113,110,118,127,138,119,114,127
150,141,126,133,109,140,124,142,114,126,112,125,131,118,132,95,147,128,128,116,115,137,142,139,124,102,136,103,135,120,108,130,152,125,131,92,125,130,158,128,128,110,113,126,129,133,136,129,127,130,143,126,113,135,129,130,112,123,147,141,131,109,110,133,143,119,133,157,140,126,123,131,89,120,125,132,103,133,84,142,117,124,119,113,127,151,118,121,125,131,133,113,123,130,131,132,135,120,135,108,128,120,118,120,136,109,121,120,127,116,127,162,123,101,123,140,118,127,120,132,130,131,119,120,98,135,131,171,89,129,127,119,131,111,132,137,125,129,125,114,133,125,127,140,120,146,127,100,131,109,120,140,125,120,125,136,127,128,109,129,133,120,134,124,123,144,127,130,119,76,110,150,122,117,124,154,55,107,129,121,122,127,121,119,110,125,112,130,123,134,175,106,131,109,131,120,124,131,127,127,155,119,124,129,128,147,130,129,128,120,126,130,135,123,123,121,134,148,119,126,124,136,142,132,121,125,118,137,132,121,119,123,140,111,128,137,110,130,131,121,134,127,77,131,119,140,108,137,121,133,127,125,128,150,107,146,127
165,130,113,144,115,108,149,130,137,131,119,134,113,118,174,100,107,126,115,101,127,106,139,157,136,152,120,107,121,120,131,151,129,181,119,138,123,132,98,148,125,104,108,139,129,135,122,133,127,124,145,124,135,100,133,172,76,25,96,152,137,142,133,149,139,121,124,117,128,114,89,153,101,123,125,126,102,124,137,142,131,131,156,72,138,138,123,109,122,120,127,157,148,177,129,128,139,133,174,120,119,109,106,122,143,123,110,139,138,118,97,136,124,89,133,93,116,110,118,104,127,157,141,137,136,117,120,102,163,144,122,121,133,146,126,111,130,97,133,105,131,75,120,118,130,140,120,116,134,138,136,107,196,42,146,131,93,113,126,125,131,111,122,120,88,171,134,132,123,237,131,135,158,130,127,102,169,111,129,120,128,93,120,132,151,66,232,126,114,70,99,59,124,90,104,95,140,108,129,142,66,122,154,99,120,106,132,125,110,126,122,123,90,121,55,127,122,116,155,138,114,114,101,140,134,128,160,143,127,113,116,123,117,126,106,128,55,154,136,126,118,117,140,173,147,99,127,120,125,106,139,125,116,80,115,157,127
148,140,135,135,90,159,132,127,131,119,133,124,117,137,134,121,118,117,118,142,125,134,182,122,168,63,145,129,108,128,146,137,127,123,149,122,118,127,131,113,126,142,125,163,143,111,135,214,138,130,132,126,129,127,116,130,116,111,97,98,144,130,142,152,142,117,112,113,103,127,134,117,118,56,111,100,115,142,216,106,110,110,106,144,134,149,127,118,118,135,167,133,159,197,125,136,140,141,129,170,135,151,125,117,133,113,98,132,139,146,136,125,160,144,110,152,137,113,254,203,130,134,138,127,148,99,94,132,98,128,112,162,186,134,116,150,136,137,114,138,154,143,127,116,128,132,133,81,120,112,116,145,129,135,132,158,128,124,122,126,97,166,128,150,129,138,130,112,135,147,121,120,126,127,157,161,114,120,128,122,135,108,139,118,108,129,112,125,133,122,129,112,129,157,133,124,96,129,164,115,124,117,133,144,125,135,161,125,136,131,125,126,112,116,142,157,139,112,135,117,103,114,136,94,126,125,125,128,116,127,114,148,120,144,136,126,124,174,137,91,144,133,123,136,114,117,122,125,142,126,128,110,142,128,138,146,127
107,99,149,125,110,67,127,125,102,112,132,127,130,121,154,131,100,147,140,105,141,132,138,118,130,150,142,129,122,133,120,254,115,119,141,129,156,132,128,129,126,146,121,97,126,127,124,149,170,126,126,129,131,133,125,133,124,122,124,170,125,128,124,22,108,137,124,115,134,122,118,118,115,132,113,125,177,128,120,139,119,118,114,136,165,162,134,123,119,112,127,115,119,132,135,134,74,145,135,124,125,130,138,127,112,134,188,151,161,126,136,126,100,132,129,171,124,139,136,105,117,128,127,127,115,111,123,121,91,141,128,128,155,140,96,126,77,133,144,110,137,115,137,140,134,135,104,146,136,156,126,124,142,126,103,129,136,87,99,115,94,128,127,122,152,111,191,128,117,130,123,135,111,138,141,93,139,118,123,137,96,111,113,117,126,127,116,176,128,117,129,118,120,128,106,129,139,145,135,118,125,147,154,129,195,144,127,119,159,115,112,133,104,154,132,136,89,116,117,135,114,102,124,142,153,130,123,133,134,129,112,128,126,113,117,123,117,144,123,140,126,127,132,110,99,217,99,128,117,118,175,136,128,116,137,122,127
143,132,127,110,134,49,158,117,123,124,131,122,130,135,108,133,137,149,109,142,120,129,143,140,147,141,152,133,124,170,150,120,107,126,138,130,126,128,125,136,131,115,131,135,128,119,119,110,102,128,138,126,129,141,128,158,120,134,140,155,128,157,98,129,139,140,134,87,136,135,123,126,130,141,129,129,101,145,148,122,107,121,129,122,121,127,125,126,90,134,118,80,104,115,130,121,237,127,121,128,117,140,125,84,104,123,100,81,137,139,132,114,152,124,87,133,141,148,126,127,134,123,107,130,124,132,125,122,57,126,136,117,138,127,124,123,204,129,165,64,174,135,146,123,145,133,135,119,127,99,134,119,131,134,137,115,120,136,102,119,100,132,115,115,131,137,160,116,90,127,131,132,121,124,134,132,145,144,125,133,126,107,46,136,131,133,118,91,128,126,132,125,123,153,132,122,137,138,63,125,140,107,129,118,180,134,153,131,98,128,115,122,92,131,125,115,243,126,130,129,136,93,147,114,140,131,143,107,218,117,134,127,133,129,131,131,135,97,140,143,209,127,129,108,122,96,167,126,144,98,163,134,128,125,114,164,127
139,75,132,64,82,97,78,83,124,93,140,108,180,141,27,127,129,121,1,145,0,128,132,138,90,129,129,129,103,105,129,132,76,100,118,122,115,127,126,138,126,98,114,86,135,43,61,102,130,108,138,124,115,136,75,110,68,133,146,85,116,42,28,144,144,56,122,112,130,106,124,87,109,113,106,144,64,127,86,70,40,118,94,172,124,133,122,121,100,133,121,41,4,135,135,88,120,112,118,83,115,79,128,17,73,84,130,27,114,89,94,123,178,134,26,154,100,139,130,115,93,96,148,101,121,103,116,128,37,138,137,107,110,106,74,82,140,125,148,3,77,69,120,84,103,121,142,170,105,106,122,153,119,144,100,113,65,141,116,88,148,81,52,107,93,124,103,72,101,106,131,131,141,88,107,135,148,119,129,124,70,154,149,55,84,138,114,143,114,131,134,133,121,132,129,116,135,138,83,70,131,120,95,82,105,96,104,91,97,105,115,121,70,111,103,96,84,116,149,124,120,74,114,114,76,98,109,13,77,133,94,102,133,72,127,120,136,157,140,62,108,126,118,128,120,96,134,135,137,75,125,146,128,117,81,61,127
172,120,122,126,151,147,124,101,140,127,143,134,155,136,101,114,103,129,184,125,70,118,132,124,160,106,146,111,170,141,143,151,186,122,139,146,76,110,120,145,122,136,127,48,132,109,90,111,130,126,161,127,114,134,107,225,132,120,146,139,114,145,171,134,154,124,136,120,229,134,170,129,121,133,133,127,120,151,128,127,141,101,113,148,126,83,151,115,110,143,122,166,203,95,155,120,128,147,119,136,148,131,125,138,148,95,132,133,142,134,167,125,120,146,86,114,127,121,160,143,124,100,152,101,117,137,125,140,153,254,131,108,155,111,91,178,100,132,90,138,117,89,112,101,130,133,145,208,117,117,138,142,137,157,163,143,117,122,136,120,171,80,99,149,76,129,128,107,137,109,116,113,133,109,127,149,121,56,119,129,183,105,115,128,124,136,136,125,107,168,133,154,123,131,165,76,146,123,102,175,112,158,154,169,134,155,135,122,101,96,127,140,133,127,111,114,138,126,177,141,142,148,224,156,170,125,221,163,108,124,110,133,127,117,176,133,96,104,141,100,133,136,122,119,125,143,104,158,151,111,116,144,136,116,95,122,127
111,113,181,115,124,120,118,117,144,126,116,116,144,138,81,128,92,133,102,145,100,136,127,128,127,145,147,129,88,164,129,146,92,120,167,127,157,128,127,137,129,115,149,185,138,224,111,125,117,132,198,129,141,138,93,113,141,144,139,148,121,155,103,130,176,125,127,105,102,116,132,141,119,186,122,105,148,157,143,141,207,128,102,183,138,97,117,169,163,129,126,138,101,167,152,144,141,117,140,124,126,160,132,146,143,130,136,139,164,118,94,133,115,147,20,133,122,110,120,119,102,149,138,114,102,148,130,127,66,141,124,130,148,126,116,81,97,126,127,108,145,114,118,92,156,131,144,117,115,116,124,121,122,168,107,119,126,118,132,136,101,150,84,124,99,153,118,163,166,148,133,121,123,115,114,114,103,183,128,127,165,124,97,138,129,121,144,116,108,143,133,145,127,126,180,129,132,159,154,71,123,133,138,148,129,122,121,126,127,106,127,139,123,127,103,144,155,134,138,118,139,123,82,114,156,122,176,78,173,132,116,181,144,146,135,135,131,113,156,113,128,121,128,116,124,129,127,152,131,123,136,121,131,131,119,134,127
90,242,112,109,172,124,74,122,128,114,128,124,176,123,203,119,104,133,79,110,96,128,144,139,110,146,143,132,170,132,133,107,115,135,74,127,202,122,142,122,130,196,135,144,127,108,252,148,127,141,144,130,128,106,141,143,133,116,136,90,107,176,14,111,120,95,137,101,102,130,126,120,105,186,85,139,124,158,104,113,173,127,96,108,137,98,144,121,80,122,118,208,189,145,114,124,133,118,130,141,146,144,127,117,147,158,129,206,127,106,149,120,133,140,52,125,166,123,153,127,152,142,123,162,109,136,132,116,63,65,130,77,114,127,142,114,176,118,129,122,163,102,91,119,128,146,142,110,152,152,126,133,118,120,109,133,132,107,139,131,161,114,130,85,121,103,112,85,132,136,127,120,139,131,120,79,123,121,128,129,79,106,135,103,136,136,103,130,137,122,134,146,133,140,124,104,141,111,43,104,137,102,160,134,120,97,77,131,170,144,130,108,103,149,121,128,139,134,135,116,134,122,71,148,163,126,143,112,152,151,136,154,142,90,121,132,129,112,110,140,121,121,124,159,126,101,103,136,127,149,123,130,121,134,99,79,127
124,128,120,132,112,101,114,122,143,126,134,129,132,132,139,130,63,123,128,171,115,124,142,141,114,135,122,126,137,133,127,164,139,126,122,115,111,133,126,135,1,151,119,101,126,157,125,115,121,122,150,111,133,113,130,106,136,132,145,132,142,105,120,145,109,126,130,120,126,124,127,118,124,139,128,145,95,122,182,134,128,139,127,133,169,128,134,147,177,127,145,103,106,129,113,130,195,126,131,153,136,115,131,139,114,124,111,130,130,130,123,132,105,125,127,149,135,118,131,157,131,127,133,126,145,115,129,130,151,130,115,119,148,137,127,136,86,128,119,108,111,100,141,121,111,146,117,120,131,150,136,143,134,105,118,159,119,124,159,126,122,144,140,101,108,141,111,111,109,124,131,137,140,125,85,112,135,117,133,155,123,96,167,131,72,130,130,113,132,134,128,130,225,113,116,126,122,138,119,144,121,140,131,127,116,119,129,122,115,118,120,108,140,124,123,127,69,126,141,121,102,84,124,107,105,115,125,154,114,133,106,123,137,108,116,126,128,98,131,114,135,132,131,155,121,126,145,120,144,118,94,125,129,129,156,147,127
156,121,139,149,99,113,120,134,138,152,129,97,138,125,136,118,130,109,138,190,151,126,107,144,96,145,129,131,123,97,130,172,168,105,122,125,117,127,126,129,123,174,124,98,120,140,36,106,118,119,87,140,121,135,124,114,174,134,124,125,113,104,147,160,90,110,127,130,113,129,120,108,134,119,111,113,147,134,162,99,136,124,125,69,134,120,134,136,152,120,128,110,116,79,115,106,137,152,129,102,124,90,123,110,130,117,105,62,144,124,131,123,143,127,112,182,176,121,138,170,126,126,134,142,166,101,99,129,100,143,128,137,81,123,120,127,197,131,129,146,116,172,93,131,133,126,89,121,128,139,138,143,115,102,124,119,135,109,129,125,140,108,148,44,129,153,110,110,71,124,125,136,124,107,142,147,131,109,131,142,85,138,68,142,125,135,122,113,131,118,118,127,141,124,116,113,156,110,94,153,128,152,132,129,124,130,109,132,120,133,96,45,193,107,123,132,89,108,143,127,109,114,127,131,68,98,122,166,128,140,115,118,123,122,142,123,136,56,135,105,175,140,131,168,147,167,180,125,140,141,90,120,111,122,113,94,127
129,141,144,129,117,111,142,125,116,113,121,125,137,110,131,128,121,115,121,135,125,129,134,137,112,123,132,134,141,118,126,126,118,122,113,122,132,132,125,128,132,127,130,151,123,122,130,142,142,126,131,87,146,130,138,128,126,126,145,124,126,153,113,135,119,149,128,117,124,122,121,114,111,114,106,124,129,128,136,127,119,140,117,86,115,112,129,70,92,125,128,101,108,154,131,127,72,103,130,106,132,133,122,146,133,124,107,93,119,120,135,126,139,125,123,135,128,126,147,110,141,131,136,132,134,122,127,121,115,126,122,142,87,132,138,116,154,117,138,97,112,140,127,130,129,141,119,105,59,174,127,136,125,137,131,118,132,112,144,149,115,134,113,142,111,144,150,125,176,132,127,125,128,114,212,136,125,138,129,166,130,155,132,119,126,123,130,135,125,125,128,133,125,90,136,118,172,140,148,120,123,128,96,128,105,123,142,128,107,136,139,143,192,111,131,124,131,127,131,132,113,121,121,123,101,121,130,114,118,126,119,109,133,121,123,125,130,139,131,147,102,123,129,169,128,127,149,125,123,125,163,128,118,119,128,141,127
115,121,115,128,127,119,142,63,109,128,150,127,109,121,121,137,113,128,138,122,181,139,143,115,117,72,118,136,90,114,128,124,63,143,153,167,121,130,156,150,128,127,144,100,129,132,103,115,122,121,115,124,126,146,112,159,130,143,130,98,118,156,96,115,107,114,124,134,121,122,105,119,122,149,118,126,153,124,95,117,158,126,160,125,122,106,123,133,144,136,130,102,103,112,137,107,128,126,150,119,139,121,129,112,131,120,114,118,123,125,225,141,141,88,107,121,117,138,144,133,93,105,122,86,124,108,120,109,167,123,114,135,113,114,110,127,145,164,130,142,143,151,134,88,120,121,127,117,132,136,246,115,129,112,136,125,150,128,133,122,98,134,105,126,114,115,125,105,125,110,153,128,152,119,137,103,115,144,156,126,140,145,128,120,102,146,126,132,133,120,152,130,127,161,95,132,123,128,111,141,122,122,123,115,116,158,125,147,133,111,127,131,121,121,82,110,122,147,107,135,108,122,104,137,114,120,111,91,127,115,103,128,178,105,80,138,128,132,115,65,131,129,144,133,107,115,155,161,131,117,103,133,137,128,133,150,127
131,130,123,127,127,136,124,153,130,130,122,132,130,123,129,138,117,131,126,116,119,124,81,112,121,167,122,148,124,124,121,148,122,125,125,98,135,154,113,66,128,155,101,138,93,140,114,133,138,128,123,124,62,136,132,148,116,123,106,82,129,145,127,102,128,117,116,114,107,125,139,122,138,122,130,124,97,133,116,145,128,132,127,125,149,104,117,119,152,121,117,119,127,111,136,126,123,110,118,113,126,118,85,123,131,119,139,134,123,117,118,131,121,96,126,110,138,117,124,82,125,113,135,106,130,161,138,124,126,132,123,119,132,127,142,117,118,111,125,119,128,114,132,115,120,114,115,157,132,125,134,135,127,147,123,94,126,127,132,127,133,146,118,132,119,124,129,131,134,107,118,120,124,134,122,78,121,130,130,126,115,105,123,137,118,135,109,122,110,128,136,158,130,129,118,182,124,129,109,122,126,135,132,132,115,124,136,129,109,114,125,125,123,122,89,124,143,157,130,139,139,103,130,107,121,126,125,120,128,130,139,124,196,120,131,163,122,120,133,129,125,132,128,127,129,127,137,155,116,139,117,133,127,128,128,118,127
142,160,158,158,130,174,142,169,135,144,151,149,104,153,172,158,143,130,110,158,159,131,118,145,151,128,167,120,156,132,131,163,217,132,138,137,107,144,158,177,131,177,124,186,140,125,185,137,138,155,129,126,113,141,141,118,178,155,152,137,129,205,141,147,166,156,120,150,180,136,110,153,167,133,116,130,187,188,220,80,100,133,165,144,137,160,116,137,163,166,128,124,159,211,135,169,126,114,152,143,127,154,158,178,157,129,122,177,94,162,131,148,139,132,157,136,132,156,168,111,170,167,158,171,161,159,122,147,227,111,117,134,122,121,142,143,144,186,144,127,164,121,120,133,109,137,151,134,138,116,154,156,155,101,160,162,142,146,152,128,131,207,149,148,155,192,154,130,134,117,185,150,145,141,149,190,152,71,143,126,116,97,125,151,140,127,144,159,138,113,131,137,130,180,140,133,119,169,167,130,136,124,131,123,138,153,174,173,153,111,135,150,139,154,179,120,154,142,156,143,112,153,139,150,170,141,86,146,124,116,155,164,147,118,137,132,126,167,139,145,128,149,130,159,122,161,136,142,153,164,112,167,113,138,203,184,127
117,107,130,170,115,107,118,111,131,135,126,108,183,139,142,116,132,127,106,126,78,135,139,127,149,152,129,128,115,93,134,117,98,127,99,121,196,115,134,130,124,164,119,110,132,76,110,125,115,138,140,125,124,121,103,136,151,128,128,88,133,77,142,109,120,54,127,103,116,113,137,137,127,115,92,127,113,127,120,90,165,153,137,160,127,99,118,154,74,141,142,85,117,122,114,113,122,141,139,103,114,127,122,34,148,130,112,112,117,122,129,121,144,129,66,115,147,126,137,148,143,100,139,97,142,112,130,129,68,162,123,113,104,139,124,98,115,145,146,82,103,81,105,116,132,116,134,115,120,121,127,115,128,151,123,103,161,118,119,120,107,91,118,121,117,138,122,110,131,112,127,122,138,143,130,119,161,161,126,123,139,144,150,133,123,133,127,121,68,145,124,154,124,141,136,101,127,128,71,136,139,126,175,165,123,181,112,143,146,133,131,127,112,134,130,128,130,152,137,136,117,141,208,146,130,125,118,61,106,124,115,107,138,102,123,123,129,125,145,162,149,109,137,144,123,140,166,127,124,148,140,129,138,129,124,63,127
109,31,141,140,104,151,180,130,163,100,120,112,149,120,254,123,136,131,114,114,100,134,157,147,101,141,125,131,194,128,128,126,108,144,68,137,200,124,125,108,135,211,132,181,123,154,220,74,126,137,151,129,127,121,59,95,160,113,136,121,106,164,40,132,95,74,120,105,90,150,135,99,124,52,130,134,86,137,94,145,124,137,95,134,137,134,120,90,108,126,145,172,189,156,125,117,135,117,131,132,130,181,123,129,143,128,114,128,105,84,132,118,168,132,0,125,134,113,78,124,160,150,131,171,127,88,81,126,65,113,131,254,144,111,172,88,164,111,127,126,197,126,150,131,143,125,127,131,75,136,124,131,126,120,123,161,137,114,59,139,112,112,174,80,110,179,121,131,143,141,139,125,128,155,96,133,124,185,122,136,105,147,123,138,110,139,118,117,136,123,120,148,127,132,118,115,124,143,65,99,133,99,154,156,128,98,188,146,199,134,125,132,149,149,134,112,105,146,126,114,148,115,81,123,102,132,152,171,120,129,129,143,129,82,144,125,130,100,122,76,130,136,133,129,125,113,110,120,118,141,124,124,100,138,63,120,127
177,128,149,151,152,124,133,153,105,124,130,125,119,125,125,121,104,122,105,77,49,116,119,158,187,111,56,101,168,135,114,104,80,125,157,137,128,122,116,121,128,152,107,149,119,98,108,138,107,133,148,132,101,114,112,127,120,138,124,109,112,196,207,101,82,144,133,130,182,110,124,138,118,86,100,126,174,124,191,55,155,95,142,90,120,142,100,124,153,139,151,147,196,176,117,134,114,117,126,153,106,66,125,143,156,139,146,171,51,139,127,115,183,113,99,81,120,98,112,145,147,131,129,134,127,140,121,138,175,110,129,119,123,129,153,141,147,118,74,141,105,59,127,117,140,105,101,121,131,104,165,111,117,52,117,173,152,103,135,121,135,87,18,142,97,162,115,126,130,86,131,171,123,150,127,164,166,87,129,130,134,104,144,177,135,95,130,108,138,132,114,128,128,59,122,98,143,140,187,158,115,109,145,164,125,137,138,109,72,97,124,129,118,126,119,141,130,128,122,125,59,130,134,70,178,140,75,117,133,116,0,158,102,55,197,128,165,174,136,112,125,90,115,104,116,146,181,116,105,125,139,116,120,101,127,130,127
131,127,141,123,124,120,128,47,123,127,34,130,96,120,120,109,133,127,124,138,129,130,121,142,121,172,138,97,136,130,116,99,158,98,108,128,134,163,0,240,125,126,103,138,127,139,97,124,124,127,107,126,167,145,137,125,122,139,127,141,143,115,128,115,101,135,134,137,127,141,121,127,144,123,114,142,150,124,138,116,138,136,109,118,128,138,150,130,132,131,142,138,130,146,128,116,125,130,194,129,154,144,222,135,133,132,133,130,127,114,89,164,150,119,138,130,127,133,127,123,140,104,129,132,134,125,137,74,146,106,129,136,131,146,134,122,124,153,125,137,147,93,116,146,137,158,126,172,130,124,139,131,158,151,124,143,152,142,147,127,117,125,118,104,124,130,132,135,130,121,206,0,101,135,132,125,144,109,254,124,131,129,123,117,132,127,127,132,86,148,123,127,124,111,109,105,139,133,143,131,140,118,108,124,130,119,124,116,140,117,126,125,131,127,132,136,122,130,133,124,124,123,132,122,121,123,124,156,141,120,126,117,48,127,104,0,165,143,139,113,127,121,103,121,124,124,146,225,149,138,122,119,125,84,121,120,127
103,131,129,160,134,132,120,145,130,128,137,124,135,47,139,158,65,128,147,72,148,59,142,98,137,125,146,118,132,136,107,160,152,129,152,93,125,115,113,145,127,113,107,136,183,119,123,121,65,85,197,124,49,78,125,130,180,165,36,147,121,126,128,170,58,139,86,93,134,144,254,143,134,111,120,109,73,167,103,161,135,116,134,71,127,153,123,109,108,95,139,136,115,69,137,64,128,133,153,132,75,111,131,143,83,161,161,103,136,79,142,141,135,147,146,49,134,73,117,133,135,123,65,79,182,157,138,161,96,167,97,131,118,117,133,157,150,127,148,147,81,129,116,146,116,100,182,129,130,129,139,79,134,121,111,138,148,61,144,131,115,129,192,150,86,120,116,129,134,137,108,146,77,143,126,151,177,124,150,126,127,128,144,131,171,122,175,75,130,227,146,148,126,197,41,160,146,74,117,150,91,119,73,138,129,68,144,75,94,79,131,138,143,132,126,112,117,134,113,85,100,124,133,145,130,129,131,138,126,92,133,139,78,147,145,100,47,115,88,158,114,123,98,66,65,133,158,83,153,110,146,126,134,202,133,87,127
68,118,106,119,136,155,114,126,145,121,58,125,119,28,148,98,0,123,131,72,120,63,149,50,130,115,126,88,123,121,155,158,121,106,148,130,130,0,106,54,126,89,92,99,66,102,112,97,178,95,254,128,25,155,103,125,219,148,0,82,115,86,161,163,35,129,152,62,155,129,48,108,102,145,97,132,65,124,115,109,125,69,129,90,114,101,115,125,140,120,112,119,109,44,183,216,92,137,129,120,74,111,104,119,105,179,149,124,119,23,131,52,119,135,132,0,144,48,129,140,126,110,100,169,208,145,126,125,126,145,113,117,122,131,101,140,135,129,138,132,102,112,112,69,144,198,198,114,147,112,127,126,113,21,119,99,131,132,115,133,121,98,60,146,6,116,131,113,135,136,104,143,1,108,112,123,132,121,144,123,131,107,129,96,196,133,220,86,111,177,176,213,127,190,29,110,120,142,118,116,210,127,87,118,134,0,117,108,98,254,127,121,107,103,140,133,132,139,131,80,68,135,105,128,113,133,124,134,127,140,131,120,169,134,143,110,41,86,121,145,114,187,106,169,185,164,102,72,53,15,174,128,110,197,159,123,127
132,123,136,130,146,75,115,127,116,124,129,127,116,130,102,123,144,28,137,147,119,129,115,137,124,128,126,132,123,126,88,133,115,119,125,132,118,130,126,134,119,124,128,96,120,117,128,100,156,133,110,117,118,128,125,128,130,125,115,137,135,118,108,133,134,126,124,130,127,134,127,123,123,141,135,140,133,134,166,99,128,128,130,112,189,118,129,118,120,125,122,113,103,126,132,127,104,120,131,112,130,123,128,127,118,130,129,118,128,131,111,124,144,127,118,133,109,82,112,117,127,124,131,127,128,95,110,121,116,125,132,128,102,124,134,136,134,129,132,115,129,144,153,123,119,126,143,127,132,142,126,135,111,126,124,134,125,109,119,130,127,122,115,117,140,123,169,124,127,127,129,133,120,120,128,145,127,113,132,124,142,154,131,131,122,128,127,162,123,126,126,125,141,133,123,123,135,125,176,147,132,134,126,121,173,123,139,125,106,129,214,120,122,126,120,122,131,118,130,138,122,115,158,112,109,136,123,124,137,128,138,118,132,118,119,126,122,167,130,123,119,123,115,147,145,132,149,122,123,127,173,131,118,140,126,118,127
127,130,114,123,166,162,134,129,119,137,121,118,113,142,111,127,95,163,132,148,123,127,124,114,145,113,123,127,119,104,116,139,120,116,159,124,128,136,129,114,117,130,115,104,123,82,121,3,120,129,99,131,107,121,126,134,148,110,105,126,142,132,158,130,104,101,116,133,121,132,128,130,116,130,143,109,114,126,154,96,155,121,102,107,156,144,130,102,24,131,122,143,117,87,125,127,129,162,123,81,137,141,128,95,121,124,145,92,160,108,122,128,129,123,111,135,127,125,114,161,110,126,130,145,140,144,157,124,164,115,121,118,207,127,130,141,172,130,121,154,91,148,14,130,111,110,138,141,126,170,128,127,119,114,110,84,129,138,115,143,132,127,118,93,129,113,115,130,124,120,131,126,132,133,140,137,136,127,129,137,103,99,114,117,107,132,112,118,117,126,126,119,137,158,105,132,143,130,190,138,126,34,117,127,134,125,81,119,132,123,133,100,114,124,145,122,128,109,125,119,124,144,173,126,72,254,119,136,145,129,123,132,134,118,141,125,108,254,134,105,160,129,120,148,137,152,148,116,138,114,154,144,114,122,115,84,127
136,124,126,135,150,116,132,123,111,128,148,137,137,117,125,117,112,132,114,144,111,135,72,127,136,198,128,118,138,130,135,110,136,132,122,178,122,112,138,78,130,140,133,157,145,135,116,133,124,130,116,127,141,174,126,98,126,118,171,100,118,123,138,101,114,130,171,137,102,121,141,121,111,174,126,119,108,120,107,124,122,133,139,118,134,134,113,139,115,115,112,117,137,105,118,127,129,117,94,118,121,104,109,120,125,123,129,133,107,131,150,101,135,163,127,114,133,118,61,74,127,123,128,120,128,123,159,124,135,132,127,127,105,136,146,122,111,148,121,127,126,96,124,127,132,154,122,156,122,167,132,81,127,136,113,80,117,112,134,126,175,156,110,134,126,141,119,124,125,109,130,111,134,144,142,103,118,113,126,121,114,113,121,124,117,109,116,119,137,116,109,162,121,137,99,117,152,135,109,138,110,130,127,140,127,147,102,122,118,129,123,124,126,128,102,140,122,200,117,130,134,130,130,107,130,125,120,116,127,76,121,133,107,123,121,94,136,112,134,145,113,154,115,135,138,116,130,112,114,124,116,125,125,104,126,140,127
124,122,124,128,109,186,104,128,120,139,120,117,109,124,95,120,119,129,105,131,119,130,149,120,141,115,129,124,121,131,119,114,123,120,124,127,91,133,129,110,131,122,126,153,127,119,122,112,108,130,130,121,122,128,147,150,130,125,106,160,125,120,144,104,124,124,122,168,128,116,123,131,136,143,128,100,129,107,66,112,130,137,123,143,134,90,133,113,35,127,120,136,110,106,143,122,138,127,124,121,122,128,129,159,133,126,121,144,116,138,125,133,128,130,114,122,136,131,123,138,128,136,117,116,130,126,84,121,159,126,126,133,35,110,137,142,244,124,121,122,137,148,145,125,113,131,116,140,117,120,127,128,121,122,144,91,132,127,93,131,165,111,112,149,124,118,106,130,124,118,133,123,127,118,136,121,104,138,128,121,124,90,139,78,143,121,141,116,127,141,132,123,125,119,127,117,156,111,150,130,114,108,116,128,141,125,117,122,94,135,123,108,139,131,144,141,119,113,114,128,145,162,91,134,153,149,125,119,83,119,120,123,135,120,129,128,115,165,126,134,144,130,123,124,129,128,126,125,135,140,171,135,130,116,122,104,127
140,122,131,116,127,136,140,127,120,128,135,112,113,113,111,124,182,129,129,95,152,115,146,201,140,110,128,118,135,126,84,115,134,118,124,101,179,142,118,119,130,151,114,104,147,106,123,106,80,112,126,119,180,75,125,73,134,128,206,107,98,122,101,103,97,121,121,162,139,124,177,127,125,129,143,123,134,120,99,133,136,187,128,190,145,116,136,145,104,123,110,129,138,190,139,120,124,127,123,106,132,123,144,127,106,125,127,107,125,174,129,147,124,122,146,101,139,176,122,137,130,124,126,99,124,120,151,146,140,113,132,98,112,128,120,169,150,129,140,141,164,152,120,98,118,45,112,124,128,105,122,160,120,115,140,141,131,121,116,137,108,121,202,132,166,136,167,133,129,108,119,125,139,134,138,88,162,138,106,128,211,130,131,136,25,125,59,157,126,159,95,81,135,53,202,90,127,110,132,125,115,114,183,151,123,185,164,144,119,71,132,118,112,114,96,142,161,138,139,112,101,102,136,132,136,125,129,140,144,111,128,141,75,98,144,131,156,117,116,150,126,98,136,129,139,121,127,138,169,192,132,123,119,123,159,124,127
102,109,127,141,120,128,137,164,114,125,254,120,116,155,99,131,94,126,122,107,178,170,149,122,130,102,117,128,148,131,130,91,131,163,126,0,130,124,55,151,125,134,1,119,40,110,134,117,127,126,150,125,254,191,132,164,149,92,70,139,228,159,138,84,144,121,118,120,139,121,169,133,6,108,112,129,184,137,93,100,135,119,253,93,141,101,148,145,122,205,124,128,87,112,135,138,126,158,248,120,140,135,160,133,132,123,135,127,139,238,114,136,83,137,130,133,134,118,99,159,112,137,114,127,138,128,133,114,139,147,123,124,130,136,93,116,124,30,139,126,158,138,126,72,126,80,142,154,132,131,146,148,186,66,123,112,115,145,115,119,112,108,163,134,102,125,144,128,123,245,144,196,114,125,116,109,156,146,70,128,125,107,131,123,120,0,239,106,110,125,113,72,122,132,140,152,132,131,132,133,87,122,101,127,129,85,114,110,91,133,125,121,110,136,204,130,126,139,122,115,139,116,120,132,115,129,128,127,132,136,122,119,232,113,147,194,101,130,118,154,121,180,188,75,125,141,124,77,200,119,142,123,115,13,137,90,127
108,106,115,128,110,208,122,125,104,108,134,131,126,133,126,117,152,136,104,98,128,124,126,124,136,127,141,119,118,124,124,67,126,112,115,125,137,124,114,122,119,93,127,92,127,130,119,179,120,115,119,126,136,123,124,96,112,118,132,97,103,111,124,107,141,125,128,116,149,133,131,123,126,131,91,115,124,141,135,148,118,111,118,172,92,151,130,102,120,109,133,106,91,111,123,120,135,134,123,118,116,120,125,119,119,134,114,115,106,116,118,125,142,117,131,106,135,135,103,138,119,131,126,113,110,227,164,114,109,141,121,127,165,112,118,113,111,115,117,153,100,119,74,127,104,117,126,92,109,150,124,104,131,117,123,143,125,112,120,112,104,125,120,210,107,111,107,134,115,132,123,127,111,128,146,103,138,122,124,116,169,142,139,128,159,109,124,124,125,126,126,116,112,84,117,138,146,118,141,109,113,130,115,127,164,127,53,129,132,136,139,127,132,126,124,115,140,127,114,129,124,173,124,44,91,141,126,149,112,127,98,118,115,125,117,125,119,169,116,134,97,107,119,95,124,160,120,125,101,141,139,125,121,134,114,131,127
125,125,125,132,138,108,128,162,132,128,152,133,128,119,116,113,111,134,131,117,108,139,64,106,139,194,132,142,119,127,105,105,125,142,141,159,133,120,114,92,131,136,122,127,125,138,123,133,96,129,116,126,89,93,134,114,108,123,100,99,111,139,134,112,110,117,102,127,114,124,129,129,139,155,135,122,119,127,120,136,121,121,136,106,112,130,111,124,129,113,117,135,133,111,120,122,147,113,121,116,129,109,105,121,131,120,157,136,111,125,119,127,131,114,130,106,126,116,95,63,127,121,131,128,134,132,142,118,133,130,142,128,129,121,152,117,121,96,126,120,118,116,122,127,119,89,122,132,121,128,136,144,141,145,135,81,98,124,122,124,159,146,128,127,118,134,110,129,130,121,140,90,110,136,121,100,123,122,111,124,99,114,127,124,147,127,133,106,122,129,123,160,126,132,104,137,135,123,112,121,104,132,130,133,116,144,111,119,146,124,124,125,130,120,88,108,137,174,127,129,149,116,133,104,118,126,124,125,120,153,134,133,153,124,131,154,133,121,126,132,125,140,126,125,137,122,146,102,105,135,110,131,129,154,127,125,127
135,103,49,135,68,95,121,137,130,121,128,129,95,122,103,138,128,118,173,71,99,122,120,118,124,103,128,126,123,134,145,98,117,83,109,121,84,133,136,120,129,130,112,115,136,123,42,122,118,107,112,127,136,131,107,129,127,128,103,94,119,90,107,91,92,114,132,96,84,104,129,132,112,101,94,123,130,151,134,127,145,135,147,92,124,114,138,127,121,132,134,131,119,108,88,94,120,101,118,111,91,87,114,153,102,111,100,89,70,138,125,123,132,123,117,92,121,102,110,109,124,113,85,153,120,96,132,117,135,122,123,112,125,118,107,150,114,121,85,157,69,153,122,128,136,95,119,110,119,130,127,95,127,102,121,167,117,102,159,125,145,80,178,120,137,130,142,106,121,115,135,131,141,95,140,76,121,92,134,124,148,119,158,120,85,120,124,100,133,128,131,107,134,86,103,111,120,73,120,136,136,82,105,72,118,102,146,129,97,139,120,137,81,130,178,133,111,139,113,85,138,114,158,106,68,129,113,114,120,124,112,104,108,130,78,121,135,116,122,99,140,117,117,126,130,37,120,101,119,103,154,132,109,113,124,93,127
112,120,124,120,124,119,145,122,116,136,132,134,137,151,183,127,142,114,110,120,116,130,107,126,108,118,128,125,132,111,125,140,132,143,144,129,146,127,125,140,88,124,131,78,132,116,93,87,132,124,110,136,129,123,123,133,136,128,126,126,126,116,141,118,118,100,121,130,118,128,125,134,119,116,129,122,120,127,130,130,119,110,112,144,201,120,126,87,104,135,142,129,104,127,130,127,183,134,125,129,133,128,128,104,125,121,128,115,144,138,129,123,127,115,105,117,122,123,143,139,119,120,129,127,127,119,178,124,153,122,120,146,157,126,134,126,163,135,154,187,123,140,26,139,145,148,129,138,137,108,136,147,130,151,170,103,119,132,115,126,149,150,103,136,128,125,140,129,80,134,125,129,126,135,76,144,145,135,127,112,144,195,150,131,127,133,127,123,114,134,123,132,160,162,124,133,159,134,167,126,128,120,124,124,127,119,109,129,117,113,119,138,122,134,139,116,158,130,137,136,139,155,183,128,114,160,122,145,175,128,122,146,128,122,148,117,125,210,133,106,109,122,128,110,133,151,151,128,123,135,152,132,127,126,110,120,127
121,112,139,152,147,107,124,148,142,119,135,113,134,118,100,128,172,122,18,128,116,131,112,137,96,129,161,132,146,180,127,122,173,118,138,129,83,115,125,126,131,41,119,120,129,151,87,114,124,106,82,124,124,111,122,106,52,113,122,107,122,57,212,118,153,138,128,107,106,128,124,102,173,151,205,125,37,109,134,68,134,142,227,113,141,130,149,137,162,111,120,75,107,112,127,130,147,132,119,123,114,116,137,117,138,126,144,92,108,164,136,124,89,145,173,115,108,124,155,121,94,119,140,102,132,154,122,132,156,86,129,134,157,117,149,254,112,117,114,151,169,154,106,200,113,115,128,138,126,136,142,147,148,107,131,154,150,130,122,133,125,144,142,103,118,102,115,139,129,115,144,136,137,106,141,144,151,65,135,125,112,158,132,116,143,107,112,128,75,125,131,122,128,226,89,145,135,152,145,89,107,179,85,143,120,110,164,146,118,155,124,152,139,125,104,96,101,152,149,128,145,134,214,110,79,137,175,185,114,129,99,112,119,95,157,132,140,111,104,106,132,131,120,96,118,177,158,123,112,89,124,131,135,136,57,241,127
102,136,154,150,124,135,133,27,124,137,200,124,122,133,132,116,141,116,130,118,111,86,139,127,112,119,117,129,121,121,112,151,130,0,123,177,152,105,127,159,130,170,119,143,62,137,160,124,127,131,119,131,175,107,112,108,140,195,78,135,122,119,168,163,120,143,112,124,155,121,204,125,75,139,124,120,174,134,157,127,124,114,107,136,120,118,118,139,138,156,121,118,182,110,98,144,134,118,78,129,135,133,211,138,116,148,128,139,142,164,122,168,148,102,142,132,109,128,143,133,121,254,114,90,115,122,129,85,129,119,116,124,126,119,147,116,134,136,116,132,168,22,127,116,153,146,118,84,127,136,152,172,83,137,115,161,90,121,124,134,119,163,130,112,132,143,140,120,133,101,128,70,87,129,122,149,130,129,154,123,121,127,123,118,109,118,84,136,122,174,112,107,128,152,150,95,129,123,141,126,176,120,95,134,134,140,149,155,165,137,122,127,122,129,107,151,125,138,143,114,147,135,133,128,161,133,127,129,127,132,139,138,130,140,120,148,76,145,133,92,129,31,139,105,130,113,132,140,167,116,110,127,137,233,132,126,127
134,133,105,133,127,136,130,230,97,122,176,135,145,121,115,116,44,128,114,74,125,121,125,124,142,180,132,134,135,132,123,107,130,134,152,142,118,102,131,216,119,118,144,72,89,117,114,122,130,123,132,122,176,49,123,146,127,164,48,112,137,136,138,146,109,106,50,126,87,129,130,133,129,158,133,124,160,115,101,121,118,169,108,101,124,124,108,143,126,121,102,122,153,95,135,127,130,117,162,112,122,124,114,130,149,134,133,124,128,160,89,116,117,129,119,121,146,127,105,117,120,137,83,126,115,131,150,110,140,114,226,108,121,128,136,143,131,133,133,135,104,130,136,147,161,42,116,160,129,125,134,254,126,143,127,99,111,104,115,126,156,151,156,148,120,131,123,131,140,156,100,170,136,128,130,90,116,126,126,131,108,128,118,130,165,103,142,108,125,119,142,115,129,156,135,104,107,128,112,113,207,128,143,127,129,136,123,106,120,130,129,125,108,138,150,105,144,151,148,120,194,141,124,97,133,124,117,132,122,152,145,119,107,127,149,138,114,135,119,136,126,77,130,76,78,134,142,142,109,149,122,121,121,165,137,107,127
131,142,123,120,142,170,117,125,121,136,131,123,136,159,81,121,120,132,111,154,135,124,134,112,146,111,137,118,120,128,124,108,116,122,131,118,112,130,128,121,128,161,130,141,127,137,126,105,132,132,114,129,136,135,176,155,124,125,148,138,132,119,158,111,126,136,124,133,122,104,113,118,125,162,135,107,145,127,69,112,132,131,109,122,91,75,133,107,65,139,115,133,126,95,128,133,97,127,123,113,137,142,123,144,132,148,126,122,125,129,129,130,125,130,110,112,125,131,69,109,133,119,117,126,128,124,102,129,174,128,134,120,39,136,150,112,221,135,135,103,101,149,163,128,176,92,122,141,173,139,132,110,132,121,83,67,128,132,123,123,146,137,108,139,122,127,118,119,151,114,121,136,140,125,108,119,129,152,134,127,142,97,139,96,134,124,148,127,125,134,132,121,124,141,125,131,150,119,167,121,122,115,122,129,161,109,118,125,135,127,135,124,108,192,131,120,104,127,138,135,140,161,96,128,140,137,133,108,99,128,115,125,124,123,119,126,125,143,126,152,121,117,133,132,134,146,122,129,139,141,132,124,124,119,121,106,127
140,119,125,137,96,1,126,128,129,121,131,120,128,154,92,127,148,123,138,117,134,129,136,142,124,134,132,142,122,130,124,124,131,122,115,131,134,127,114,113,95,130,136,143,126,143,152,163,137,133,71,136,122,157,136,185,120,128,58,135,139,120,141,137,120,126,127,106,136,128,125,121,99,122,139,130,201,134,142,92,129,114,102,22,157,172,129,96,155,127,139,112,114,109,136,128,152,115,125,112,135,128,131,118,134,144,132,130,122,126,129,131,137,134,146,115,121,121,151,132,127,127,117,139,127,168,133,127,68,120,123,150,120,116,127,123,159,121,137,96,127,152,165,146,127,94,144,133,130,92,128,135,117,136,162,110,134,126,144,124,110,123,117,157,159,139,150,144,73,142,119,129,136,133,96,139,123,127,132,104,90,108,157,155,136,137,106,136,122,125,133,144,148,131,111,140,143,121,110,146,129,155,112,133,95,155,61,129,112,126,110,122,84,111,113,121,140,127,127,126,166,87,140,122,94,108,127,88,130,123,118,125,134,135,125,127,139,172,130,121,71,119,125,132,137,136,137,140,110,149,182,130,129,135,122,91,127
151,122,130,101,137,132,127,129,143,119,128,117,155,153,66,125,138,143,98,182,106,128,115,155,127,169,132,123,122,138,133,213,119,157,116,130,118,130,126,139,123,96,136,98,132,148,106,166,127,130,121,124,125,164,146,122,141,135,137,126,136,77,133,185,134,102,137,158,113,123,118,154,97,151,133,128,176,158,145,136,131,130,130,134,108,130,116,120,119,131,152,101,117,159,129,127,111,132,131,118,119,118,141,94,127,125,140,181,142,130,125,132,162,123,105,163,174,127,162,149,123,124,149,117,139,158,129,133,73,113,137,145,103,140,136,125,130,126,145,126,139,138,190,126,95,130,129,115,141,152,130,167,110,117,123,150,116,130,180,89,115,139,124,166,124,126,126,139,114,130,121,134,113,112,141,167,150,109,126,119,106,83,127,142,118,122,137,126,121,128,137,137,127,146,135,116,146,133,195,129,110,170,131,119,128,126,95,107,116,116,129,109,157,109,130,115,122,121,143,148,128,171,142,172,78,109,120,100,166,125,129,148,134,110,143,130,144,141,150,130,76,136,132,136,143,163,154,126,134,141,148,115,122,127,186,83,127
136,147,127,121,102,232,72,121,127,130,128,113,123,79,92,124,104,130,120,137,110,127,122,120,136,125,128,133,119,128,116,105,130,128,126,126,121,127,119,132,113,108,131,111,127,100,132,139,138,125,108,117,137,112,136,163,104,141,122,134,131,131,116,116,144,131,130,210,124,129,129,122,143,168,145,111,89,140,175,106,123,132,119,97,127,122,129,103,83,129,124,113,97,111,130,122,114,128,121,102,143,130,129,130,114,140,133,141,138,124,132,124,165,128,139,138,130,139,82,136,120,122,137,134,121,127,110,122,108,131,114,121,123,138,146,109,164,140,146,101,127,153,130,121,103,143,131,126,115,54,124,110,131,145,110,123,119,148,130,124,145,149,112,93,132,137,149,107,116,136,118,124,137,138,185,168,123,126,130,130,141,110,126,116,113,127,130,130,129,125,130,147,126,127,129,117,106,140,206,133,134,118,131,122,201,145,102,125,105,134,131,112,184,143,117,142,153,120,141,133,133,42,130,128,93,172,139,125,107,119,148,113,130,113,107,124,138,125,120,117,135,126,130,129,128,181,134,129,140,118,123,119,116,126,156,98,127
129,137,130,124,136,134,142,131,124,140,121,134,125,133,129,123,149,114,130,86,141,129,124,127,105,122,116,124,129,137,134,85,142,129,149,115,129,127,126,117,119,110,124,114,126,140,118,167,122,122,137,1,138,131,125,150,127,132,120,92,118,112,132,94,136,122,128,162,132,137,120,116,140,141,118,86,145,126,111,142,124,135,142,119,109,140,132,117,146,125,128,131,133,117,121,122,122,117,126,101,124,129,122,131,132,119,161,133,130,137,123,114,156,124,126,115,125,130,142,100,122,140,122,124,112,156,134,128,146,146,120,118,86,127,138,128,137,126,140,114,144,139,130,126,123,138,130,111,137,150,130,128,151,133,132,119,137,124,133,176,128,128,128,127,113,117,117,123,96,121,131,117,127,137,83,119,123,141,120,254,141,124,116,135,137,121,132,120,128,145,123,128,128,114,126,133,109,124,114,114,128,107,127,131,120,153,131,129,149,121,116,126,41,134,124,124,118,134,136,123,120,152,136,155,137,119,132,132,149,125,122,140,121,135,134,124,138,115,118,119,113,126,128,130,108,113,121,126,124,133,159,134,119,123,114,124,127
136,139,146,135,118,118,138,171,136,130,95,128,122,125,153,170,132,121,149,137,108,138,128,165,117,135,134,130,124,126,138,124,143,171,120,133,123,178,111,129,126,120,132,112,207,117,117,133,117,142,122,127,133,196,133,118,115,57,158,129,131,116,134,144,163,138,118,150,128,130,98,134,110,123,139,134,138,130,143,138,123,109,167,100,120,120,149,137,116,117,126,128,172,148,125,142,123,130,184,113,204,129,35,126,129,119,121,132,114,98,112,74,156,153,121,121,120,145,109,130,124,51,159,165,114,136,142,99,156,117,124,124,134,108,114,141,120,154,118,121,119,109,127,143,126,93,127,173,116,113,118,90,202,140,149,137,115,100,136,129,139,109,99,144,104,117,127,132,125,175,134,99,154,119,138,119,133,115,126,126,119,135,127,129,127,111,169,168,114,153,209,104,126,119,109,149,135,151,142,122,122,114,145,116,129,126,134,131,165,126,124,128,116,129,97,139,134,134,130,137,103,131,134,140,155,127,145,132,120,140,142,114,107,108,145,83,154,119,134,116,127,180,122,154,137,105,102,172,76,151,116,137,120,32,116,127,127
137,134,133,116,117,186,127,136,126,132,129,125,131,127,154,132,135,116,123,105,127,134,139,110,124,106,114,142,132,135,151,126,149,110,131,117,112,127,132,109,127,162,144,107,129,106,152,119,115,124,189,128,145,140,97,109,103,116,110,87,112,95,121,132,97,128,128,127,120,127,120,123,129,113,95,121,140,102,109,220,123,107,155,205,190,112,128,196,99,128,126,107,135,144,119,133,163,124,125,115,123,151,132,123,138,139,118,136,116,153,131,140,151,133,136,105,136,132,122,139,120,126,113,127,109,110,131,117,169,101,140,121,120,124,109,138,49,124,129,132,161,173,117,145,129,109,103,104,144,113,124,117,121,92,94,180,126,127,112,124,119,126,121,120,125,114,119,133,156,127,126,123,98,145,166,125,110,121,131,135,160,163,139,132,141,127,130,108,121,144,133,116,121,204,165,103,113,118,110,123,137,105,121,118,116,127,130,137,117,132,126,106,106,137,137,127,140,147,113,125,112,156,127,122,108,130,133,126,89,133,104,127,127,129,135,135,133,137,130,134,146,129,126,104,122,121,112,126,120,149,49,130,125,136,139,132,127
117,129,133,121,120,118,127,149,139,131,141,132,129,155,128,117,122,127,130,152,144,153,128,61,142,146,119,114,127,124,112,118,137,117,119,88,121,114,104,240,127,142,18,183,122,143,179,122,152,136,113,125,179,168,126,128,166,131,112,159,155,137,109,133,151,138,112,139,113,142,135,112,92,137,122,123,121,114,153,146,118,152,138,103,133,165,149,122,140,123,121,111,140,136,123,128,133,134,107,132,158,136,132,126,149,166,121,134,131,217,125,125,105,56,129,151,137,139,126,109,128,110,119,162,99,107,121,101,98,115,140,131,133,122,130,110,113,70,139,109,145,134,128,105,107,110,124,121,141,136,118,162,86,79,99,138,97,146,103,123,129,132,171,130,142,132,115,136,131,139,123,93,145,134,116,139,133,146,110,125,113,85,137,112,100,85,88,135,103,114,88,85,132,91,172,83,126,118,144,136,91,112,128,129,122,102,115,125,129,121,126,124,124,129,173,122,122,127,141,122,158,132,124,116,133,131,125,118,117,166,112,135,79,129,124,143,156,129,114,141,130,138,148,136,103,121,108,51,120,155,124,131,125,109,122,111,127
142,132,132,128,126,128,127,131,112,118,127,117,129,110,160,130,131,232,121,159,126,122,131,126,106,139,144,140,113,116,98,136,126,119,102,130,129,124,126,118,141,124,133,102,134,117,127,140,139,126,148,124,123,137,81,98,133,131,108,175,148,118,124,174,141,112,138,151,130,130,127,122,133,131,138,123,98,132,171,133,135,138,134,140,77,116,126,137,126,134,108,122,105,135,139,127,83,120,126,130,129,127,132,128,125,127,110,102,114,125,119,127,139,132,123,132,125,122,116,146,125,125,164,133,155,135,123,136,105,122,137,133,111,126,116,126,140,128,143,123,110,148,74,138,130,108,126,159,117,130,130,127,117,145,124,122,128,158,146,131,139,147,132,117,134,145,121,134,204,137,123,127,158,142,174,153,127,116,134,131,117,184,135,134,136,134,130,144,118,129,133,111,102,145,137,122,114,131,106,140,125,134,100,125,118,109,132,126,128,120,38,115,150,130,141,106,95,124,143,140,142,136,142,123,89,141,123,115,115,131,129,111,131,119,129,127,137,123,136,108,161,131,128,145,141,164,147,126,137,128,100,126,112,122,113,142,127
150,111,79,96,122,147,144,152,120,140,140,130,104,122,116,135,150,128,151,114,119,140,123,130,120,83,128,154,163,125,139,125,233,94,110,105,114,132,150,127,127,208,105,97,122,133,109,140,139,128,95,128,126,122,125,159,110,119,104,180,102,112,91,125,76,172,127,120,121,156,123,157,153,136,114,129,115,164,93,138,79,127,209,106,126,49,111,120,144,126,130,129,172,83,104,124,124,112,136,126,123,119,125,136,138,131,123,127,135,166,126,114,106,151,191,83,134,142,120,136,181,124,120,134,107,137,143,151,177,139,125,111,168,113,146,202,135,121,176,95,111,96,137,178,167,124,121,166,134,134,150,157,129,103,139,141,107,142,128,126,131,175,101,140,208,141,135,142,127,127,131,144,110,97,140,146,101,68,139,129,132,134,121,37,137,130,107,142,89,108,115,102,128,134,100,133,126,99,118,217,95,106,95,118,126,108,163,141,169,143,122,107,134,136,63,139,126,89,109,129,98,124,187,136,124,127,127,226,134,117,221,131,96,93,97,114,122,146,132,129,114,135,115,140,135,103,141,93,166,148,131,126,159,150,175,123,127
126,121,120,124,127,90,138,133,123,128,129,118,120,137,90,125,142,166,113,165,131,125,133,122,130,123,122,125,141,125,96,105,129,132,131,124,131,127,125,121,131,130,131,141,132,137,132,96,139,127,117,127,122,123,133,130,127,123,121,126,127,135,139,128,128,142,128,164,132,130,126,122,131,131,132,124,140,133,127,134,135,139,124,168,110,133,128,117,82,134,127,119,131,111,121,122,118,127,126,101,131,128,135,147,119,131,143,128,129,125,125,130,129,134,122,126,129,119,93,123,125,125,113,139,124,129,81,123,121,122,126,107,107,121,124,110,170,130,136,115,101,132,140,119,135,122,129,133,117,94,124,132,128,128,144,133,129,126,130,147,124,140,120,128,132,127,137,127,116,134,124,129,124,120,122,133,132,129,131,123,160,113,128,121,118,129,137,135,125,126,126,133,127,152,125,122,133,123,167,131,123,128,137,131,207,139,121,131,126,125,88,130,136,114,118,142,123,133,139,126,141,108,121,132,124,147,129,124,112,112,133,131,135,130,129,130,132,134,126,147,129,125,131,129,136,143,128,126,122,122,139,123,120,127,148,148,127
119,123,126,126,130,114,126,121,129,126,125,124,106,129,147,164,119,121,126,142,170,102,126,190,121,121,114,128,125,121,135,188,124,115,113,145,134,188,114,74,125,101,127,125,129,124,146,129,127,131,133,125,90,85,117,138,105,122,91,107,143,133,120,139,126,133,142,128,103,127,121,127,77,124,128,128,141,126,121,157,115,168,137,137,127,120,129,109,127,128,107,119,140,100,130,127,133,148,98,136,133,117,106,132,118,160,150,134,156,114,100,98,123,88,143,89,119,125,115,131,122,146,128,132,97,143,132,115,102,146,125,114,106,132,112,144,108,145,127,103,127,143,134,103,149,101,143,137,130,109,138,144,123,43,105,105,134,130,109,129,122,144,134,100,99,125,121,122,121,52,152,117,126,122,134,94,105,144,197,132,168,126,127,143,102,98,155,117,116,119,105,90,134,72,97,187,109,129,130,106,84,133,114,138,121,147,103,140,92,122,121,132,145,128,254,122,129,164,154,132,79,119,127,117,124,127,144,114,138,154,128,131,198,111,138,140,59,116,122,144,124,121,114,83,113,116,120,172,137,105,117,124,134,88,115,123,127
161,139,140,105,152,121,130,123,132,129,132,135,126,136,87,127,125,129,105,129,102,139,174,117,122,148,138,140,205,166,126,114,221,118,183,118,81,118,113,105,126,146,123,74,132,112,120,130,115,147,113,119,121,127,123,159,114,148,118,160,94,235,226,138,157,182,133,128,137,3,141,125,162,108,27,127,176,164,133,97,171,135,168,59,136,98,129,138,140,137,124,157,119,119,124,146,125,110,121,63,146,81,131,156,146,121,132,203,86,162,83,121,111,153,174,142,135,135,104,161,77,125,132,112,96,113,150,153,122,113,132,137,155,133,208,149,90,135,112,126,53,227,120,91,156,117,139,166,124,157,127,129,171,124,134,172,125,140,141,120,119,93,94,113,135,101,134,122,128,149,135,133,140,92,127,132,108,98,131,118,99,53,100,230,114,121,101,137,87,127,131,150,127,161,136,99,132,138,116,177,142,126,143,161,108,117,162,137,111,127,125,107,106,136,116,126,116,148,116,117,115,108,212,101,211,119,141,114,144,138,106,157,126,42,120,136,135,135,142,202,107,151,118,163,109,146,78,142,125,129,132,124,26,118,135,167,127
169,134,104,121,124,101,109,131,102,128,113,122,117,131,125,121,124,128,130,137,121,143,130,158,136,137,141,124,138,130,168,110,122,160,108,114,118,130,132,133,122,142,111,117,123,140,136,127,64,118,85,125,110,145,117,131,152,115,178,135,108,159,89,27,85,118,132,148,134,120,111,132,158,139,133,128,198,132,132,83,130,167,85,188,130,150,116,151,134,113,121,144,100,176,114,122,113,127,135,126,181,151,125,124,109,119,115,147,101,196,136,115,125,146,121,131,150,50,110,153,120,120,146,138,80,134,112,125,190,105,116,139,132,127,112,179,113,151,129,120,135,101,118,121,125,78,145,81,119,108,132,169,99,109,173,110,122,226,96,123,118,120,120,137,119,110,190,126,131,109,115,118,205,114,156,135,165,111,115,132,124,101,125,125,158,134,150,206,123,101,121,91,127,57,147,159,141,141,111,126,134,163,216,133,91,184,115,150,77,162,123,123,90,135,136,116,120,124,88,120,181,147,106,126,126,121,103,126,117,112,136,112,123,138,127,125,203,134,113,144,126,110,106,175,105,90,112,125,113,141,105,129,121,123,124,150,127
120,122,119,110,124,120,130,102,122,126,51,127,115,136,131,125,128,127,136,162,120,64,137,196,115,154,127,139,131,134,129,145,98,108,118,207,147,134,217,72,131,127,205,117,194,109,116,121,126,131,108,124,54,87,132,138,154,161,198,90,21,117,130,121,131,112,127,148,104,133,68,110,247,130,149,126,113,115,181,107,128,122,63,180,126,71,114,111,135,42,121,117,109,156,119,133,108,124,48,129,138,145,77,133,139,120,114,134,138,74,178,111,129,120,129,167,149,141,124,150,125,134,116,181,99,133,118,146,124,108,124,124,118,134,116,134,135,188,114,131,118,132,127,149,111,154,122,88,126,122,124,122,94,89,116,122,148,124,115,129,135,124,133,141,119,113,120,129,124,28,76,69,155,123,126,106,95,137,180,126,160,133,129,132,153,224,67,151,108,137,91,121,129,117,126,88,121,116,141,102,148,129,149,122,128,173,133,132,123,110,127,132,140,124,224,121,139,105,131,144,151,117,105,144,127,128,146,138,130,138,121,120,9,147,134,80,138,125,125,136,123,88,64,144,122,159,152,188,127,134,115,129,118,222,152,92,127
150,125,143,108,145,120,127,129,135,122,135,127,109,103,116,117,133,123,82,105,64,125,143,118,163,128,72,125,137,136,130,128,141,97,114,116,157,120,125,107,125,134,126,106,128,95,132,133,113,130,68,125,126,131,125,134,82,155,107,165,99,124,81,120,86,154,127,112,100,146,124,125,165,126,89,138,156,169,155,155,106,132,174,128,124,140,132,116,147,142,141,106,111,107,126,142,132,130,136,139,149,83,140,126,146,157,122,120,91,122,108,117,125,141,171,114,115,117,121,114,150,122,125,157,101,139,131,125,140,117,135,101,140,118,164,143,132,119,163,142,121,164,150,152,116,109,115,148,129,126,124,109,104,92,115,151,95,124,142,126,122,151,167,107,147,164,124,142,111,132,136,142,103,72,127,101,117,55,124,133,134,114,122,23,122,126,127,129,103,88,129,98,123,103,127,119,125,143,130,146,121,96,121,125,127,89,138,131,108,145,126,114,114,117,88,136,116,141,120,143,112,119,145,126,142,120,102,161,124,132,114,147,120,93,159,131,91,125,147,147,121,115,108,141,106,147,145,116,129,117,119,126,171,147,127,83,127
125,130,131,134,134,79,118,132,128,124,127,116,127,120,150,131,123,113,118,176,119,122,133,124,103,123,131,123,132,124,95,121,127,131,124,127,104,127,129,122,113,127,123,132,127,143,117,126,141,123,129,162,137,133,99,130,124,120,127,126,126,143,132,172,118,125,127,137,124,127,133,124,121,116,118,119,134,114,116,121,132,136,137,123,130,121,133,115,112,125,144,125,121,124,126,134,161,107,131,115,133,136,132,125,126,128,126,118,128,137,136,135,130,118,123,124,122,94,140,114,139,128,120,127,127,134,117,122,113,119,120,128,128,128,130,128,164,125,140,104,148,138,130,130,137,118,129,120,145,150,127,137,128,121,107,123,131,102,122,157,127,115,130,116,114,132,102,133,131,121,129,121,121,123,132,135,121,132,127,92,121,130,131,120,131,125,132,143,130,123,126,127,133,117,115,131,101,118,121,127,122,117,122,131,135,119,138,136,129,122,149,118,160,120,128,120,94,130,128,118,127,125,121,120,116,121,123,132,114,124,131,128,129,116,130,137,133,129,132,117,111,123,133,124,131,103,128,125,129,126,126,120,122,122,141,129,127
129,124,122,133,122,107,133,113,127,122,133,138,135,129,135,139,103,128,124,125,119,124,63,150,127,152,138,123,123,131,107,112,119,144,115,131,133,120,118,36,129,134,127,122,107,129,126,146,120,121,125,127,104,142,130,141,132,124,138,154,104,129,130,110,132,123,134,153,108,136,144,122,144,166,140,117,130,127,109,130,126,145,129,113,124,124,144,119,132,123,120,138,128,116,133,138,132,120,128,112,142,115,127,135,126,135,133,127,125,111,154,117,120,151,117,139,131,128,70,100,128,106,121,115,133,135,149,87,140,117,134,121,124,128,133,125,124,115,121,118,114,133,133,131,130,158,117,157,137,141,127,150,145,160,126,94,142,127,133,123,198,113,116,114,138,122,120,124,133,151,120,117,125,134,118,100,124,134,133,127,117,129,127,137,127,133,77,109,123,134,120,156,130,143,119,124,128,120,122,130,139,131,126,129,104,131,97,122,151,119,122,128,138,142,136,122,148,130,108,138,124,130,114,122,120,126,124,116,127,107,132,135,118,137,125,137,131,128,128,139,123,128,134,157,132,116,130,131,106,131,100,139,121,116,138,135,127
159,117,133,120,130,135,115,129,117,118,124,140,127,97,123,122,132,144,123,146,129,129,106,112,152,125,143,127,173,131,133,192,120,112,161,125,121,141,126,126,128,124,124,107,127,104,166,133,137,134,138,135,117,111,87,102,114,125,116,127,143,174,108,178,125,147,134,104,113,131,118,153,144,122,104,129,108,137,164,145,114,136,95,122,120,93,117,217,68,134,145,147,117,160,122,134,119,128,134,117,129,117,117,121,120,128,111,99,110,145,125,121,172,110,116,152,115,131,137,142,132,116,130,140,157,116,95,132,123,105,134,152,159,124,136,122,195,114,136,167,81,114,89,121,99,107,118,119,113,137,130,122,124,104,93,119,119,138,153,168,133,120,105,137,119,164,120,128,120,130,135,136,121,116,133,108,135,149,123,144,124,199,146,130,101,136,106,124,133,126,128,125,116,152,140,114,121,136,136,139,140,128,123,118,138,142,172,131,56,125,137,142,110,94,138,121,121,147,115,133,96,122,115,95,121,112,135,118,127,120,139,108,128,100,121,125,139,146,140,143,118,122,127,168,117,160,124,126,124,100,154,130,121,116,150,106,127
117,106,132,131,99,168,130,120,100,119,120,129,117,123,127,123,112,113,133,84,130,113,132,118,130,125,132,119,125,125,87,139,129,120,124,119,129,127,126,113,118,120,125,124,125,127,122,165,165,119,108,115,137,127,122,102,122,138,106,144,116,126,122,83,151,122,118,116,148,123,122,119,116,109,127,118,134,121,127,99,127,114,120,97,180,149,128,100,112,113,116,106,110,123,132,127,62,97,128,123,111,116,123,119,124,129,238,128,112,135,127,128,119,118,123,91,111,90,134,121,119,136,113,124,115,20,129,127,96,124,122,127,131,142,126,127,90,118,121,91,112,114,105,124,110,119,135,134,109,110,124,105,117,110,128,122,125,85,122,113,110,118,126,157,118,123,99,128,108,117,124,115,123,124,127,115,119,128,120,114,140,119,134,124,141,120,127,198,125,123,126,107,113,104,114,141,146,121,115,115,112,134,108,125,80,112,75,122,154,128,126,128,91,105,122,120,127,102,116,128,134,116,120,83,114,104,112,113,103,129,124,122,119,107,99,128,131,163,119,118,110,130,123,113,118,166,133,135,114,139,121,130,124,132,119,114,127
105,121,123,133,126,119,127,126,129,127,177,128,98,130,135,192,153,127,132,210,144,85,133,171,130,138,118,215,102,129,118,98,136,127,113,102,125,224,71,39,130,167,98,115,141,124,134,114,134,122,128,130,60,118,144,140,147,105,99,124,133,126,127,108,132,122,121,101,120,131,120,112,147,134,106,136,170,127,159,148,114,117,166,125,124,70,126,139,131,152,124,117,158,117,125,116,120,120,97,138,130,130,57,135,124,119,128,132,133,84,164,88,113,107,123,106,123,123,142,168,126,135,132,144,124,137,116,180,130,142,138,125,124,130,104,132,115,133,123,125,137,119,116,105,107,133,138,112,124,121,134,84,118,75,141,101,155,127,120,124,123,129,127,130,97,113,136,120,127,94,93,190,150,125,100,115,147,132,203,128,145,123,133,123,179,97,103,117,125,125,84,104,128,135,139,223,141,112,122,120,144,124,131,132,124,114,113,122,108,121,125,127,85,129,195,120,109,150,123,134,149,147,139,125,127,129,126,125,130,120,115,122,252,105,129,168,93,117,129,117,133,108,132,123,131,141,134,201,153,126,126,115,119,73,128,94,127
114,107,125,131,157,177,133,118,140,121,136,133,110,104,148,129,125,138,108,213,131,131,134,116,132,129,125,124,103,128,126,125,120,116,132,136,152,127,134,125,133,142,130,105,135,130,131,128,116,127,136,117,130,133,148,116,137,117,91,142,123,138,110,200,122,139,124,138,133,128,135,112,124,145,125,121,99,124,98,157,129,144,129,166,76,148,133,113,81,121,128,143,131,135,124,127,121,140,131,140,121,131,138,123,132,137,121,146,130,139,126,135,106,133,126,121,113,128,110,119,120,128,116,134,141,142,139,121,138,130,129,119,155,131,106,138,118,125,130,121,148,140,130,133,143,115,121,160,94,115,127,119,133,125,141,125,139,137,126,132,138,95,104,116,132,125,117,120,149,127,131,136,140,128,151,145,125,125,126,133,122,111,126,112,109,126,121,107,120,129,130,127,133,151,120,148,85,113,127,134,132,136,147,128,140,129,127,127,148,122,128,117,109,146,117,109,125,139,113,132,118,178,116,123,140,143,131,136,151,119,137,130,116,106,121,132,123,121,120,124,136,112,124,185,133,131,130,126,128,123,129,134,121,138,124,111,127
95,67,113,125,155,149,201,106,98,135,149,121,169,166,116,134,121,113,183,136,152,136,113,150,124,131,112,135,95,116,119,105,165,138,79,126,128,130,118,115,137,86,144,114,137,74,151,54,117,125,167,125,136,154,254,97,138,134,174,89,146,69,40,113,138,121,149,97,130,159,117,134,113,34,146,130,79,112,111,149,89,142,128,176,139,56,133,71,158,127,136,130,130,143,132,128,136,115,123,102,140,124,132,163,115,157,124,115,217,138,147,125,102,151,163,137,92,119,238,124,136,118,146,112,162,152,196,131,136,129,145,104,82,122,65,143,191,132,114,122,101,125,199,107,131,165,160,132,150,150,122,182,129,143,187,48,100,115,146,130,145,137,121,254,125,91,133,73,120,116,128,134,150,203,81,117,145,125,128,131,117,155,129,133,141,122,130,137,128,141,127,139,129,94,169,166,111,128,63,123,136,99,133,97,162,166,165,136,206,138,123,123,104,135,111,132,132,124,156,144,169,85,156,21,150,122,142,218,113,145,155,103,131,143,109,122,165,93,106,118,104,150,130,180,171,98,137,127,118,146,104,131,125,146,128,111,127
135,121,138,124,134,129,117,136,130,120,114,133,100,146,95,103,132,130,140,105,120,117,143,117,136,47,137,137,126,127,145,124,177,112,139,101,115,89,125,79,124,134,109,121,134,143,143,123,137,136,126,127,106,133,111,110,130,136,142,167,83,106,133,148,123,121,124,124,113,123,110,131,167,140,135,117,122,130,141,121,121,139,99,119,132,157,154,121,136,99,120,121,121,119,109,114,135,127,108,123,131,108,118,123,132,132,127,134,109,121,76,101,119,184,130,118,128,159,133,124,121,112,156,134,139,131,132,122,161,99,133,131,129,111,112,145,105,85,118,130,111,101,124,147,127,148,137,71,132,130,141,139,61,140,152,133,102,138,115,130,124,104,122,127,150,127,127,124,136,106,116,113,151,114,134,176,195,92,116,123,112,105,129,103,140,129,115,151,112,127,143,133,129,143,138,65,120,150,126,134,126,131,140,113,120,126,144,99,130,131,125,133,124,129,57,115,126,112,91,127,116,130,124,126,152,127,97,131,127,144,156,121,96,146,158,106,137,128,114,169,123,154,36,155,126,141,83,116,138,140,132,132,116,147,141,135,127
126,130,114,120,86,114,117,119,122,130,114,117,136,96,130,124,104,106,106,95,151,123,102,126,130,106,104,121,127,131,124,116,103,137,129,121,123,124,113,123,127,126,133,142,113,119,143,132,121,132,105,121,115,108,134,142,117,127,96,88,129,111,139,120,123,125,126,83,127,132,116,133,143,130,126,125,116,112,103,130,135,114,147,128,101,126,128,120,104,121,117,109,132,115,117,127,110,112,113,113,100,128,127,121,124,134,104,120,126,137,110,122,130,130,133,107,110,132,105,117,112,130,111,115,127,119,117,128,108,133,124,140,86,212,148,123,132,130,123,108,115,122,72,138,80,88,131,92,114,93,124,102,132,148,85,131,112,128,134,115,72,129,144,124,127,144,104,145,132,134,123,140,120,147,94,119,160,138,118,117,120,141,123,132,118,124,121,125,128,119,127,131,130,126,117,128,101,123,125,131,123,102,129,113,129,150,98,123,135,110,107,106,73,113,122,91,113,130,133,112,139,105,122,119,117,116,131,133,109,131,132,133,119,134,111,118,117,103,119,133,127,110,127,108,114,127,109,129,91,116,121,150,129,110,114,101,127
121,108,123,103,134,104,127,114,163,124,107,123,121,17,133,128,70,128,156,64,110,118,110,118,151,119,132,124,130,126,90,138,148,102,123,157,141,103,119,140,129,78,137,159,127,129,94,145,115,147,165,126,137,115,131,149,151,115,128,134,116,132,84,131,111,107,194,114,177,129,113,121,103,125,145,124,233,161,164,163,159,90,132,62,153,121,130,128,115,141,76,138,84,198,147,108,144,127,129,119,129,146,127,102,111,119,116,141,136,116,140,128,57,136,112,149,122,118,128,102,110,139,47,139,82,125,126,136,130,163,63,137,133,140,121,116,89,125,126,111,113,134,138,128,163,16,122,122,136,84,127,173,144,133,79,112,125,115,153,127,89,136,110,108,100,139,129,135,136,117,141,116,147,119,136,128,133,132,121,118,121,149,118,133,254,127,105,94,141,92,139,122,126,145,130,129,168,221,106,113,157,154,122,104,122,102,59,152,70,123,127,134,97,128,144,120,145,133,129,109,65,144,134,116,178,134,125,97,116,93,126,181,150,123,89,134,128,138,65,165,117,125,129,254,139,123,110,143,107,109,105,122,111,105,122,111,127
142,178,120,131,136,153,115,137,124,173,128,134,134,119,111,128,116,158,115,138,116,123,139,139,122,118,107,127,132,118,124,136,120,120,131,124,168,124,127,123,119,147,126,104,127,148,103,160,121,132,129,126,124,133,152,112,118,126,134,96,127,91,109,151,113,94,144,153,104,133,134,140,122,181,135,94,138,126,141,144,155,140,117,113,122,105,134,108,135,125,142,123,125,139,119,114,135,121,124,137,115,104,126,108,130,126,132,172,130,124,125,127,137,124,72,140,187,132,111,133,112,123,122,127,130,156,115,117,98,125,135,115,107,123,126,129,130,122,139,171,133,116,133,131,144,131,134,99,137,131,132,115,120,122,117,126,120,140,183,109,133,153,122,150,121,136,111,119,110,124,129,128,129,130,118,131,156,131,128,132,108,110,133,125,112,131,124,129,123,118,125,117,121,123,129,105,139,123,137,113,117,131,129,127,119,120,46,123,127,134,121,117,129,165,125,115,99,142,125,126,141,155,142,191,96,113,126,158,132,137,114,140,136,114,139,132,110,107,138,103,108,124,128,126,140,136,128,128,118,132,111,126,126,113,166,132,127
120,126,133,136,102,98,117,129,129,143,129,112,122,103,164,123,87,117,83,122,181,141,142,117,93,58,75,135,126,119,161,111,120,112,138,118,123,122,116,90,127,92,142,146,116,149,173,75,139,131,132,126,122,127,128,119,203,112,87,81,107,97,187,126,106,131,140,113,89,139,80,112,81,110,40,119,51,106,86,184,141,123,91,174,116,112,137,125,157,133,127,114,147,110,101,149,130,142,139,132,104,147,123,116,144,154,93,97,160,97,137,118,121,146,92,107,133,100,103,147,87,131,89,156,157,86,138,122,94,155,146,119,147,131,113,132,183,119,89,118,80,132,93,106,161,102,201,45,123,148,114,106,125,104,93,122,129,102,134,123,62,129,114,136,100,132,127,122,121,127,110,120,100,140,117,97,71,156,132,136,139,98,163,70,142,118,112,104,137,150,129,81,126,110,120,119,98,100,115,103,99,110,122,135,124,113,92,109,140,152,130,121,145,166,150,151,113,124,103,107,92,124,130,166,78,145,150,100,120,126,82,144,120,146,121,131,110,121,109,148,110,118,124,142,98,63,113,123,86,114,162,107,104,191,130,140,127
146,146,169,117,73,76,92,133,91,66,125,126,135,114,185,128,133,139,163,161,123,133,162,124,108,111,126,121,190,117,106,103,67,148,98,121,163,127,122,138,126,252,125,137,114,184,107,167,105,127,140,128,108,114,204,101,168,119,153,224,123,217,145,142,86,118,155,97,130,132,130,114,115,175,114,107,67,142,55,130,123,138,80,107,144,110,118,130,99,117,103,205,171,86,125,134,145,142,131,146,107,192,134,138,145,110,85,48,76,123,125,123,119,148,60,123,137,128,151,146,193,116,117,194,134,101,164,136,22,166,142,90,53,127,164,96,143,114,147,88,154,110,45,133,131,143,110,100,159,128,127,145,118,105,66,165,128,101,129,131,74,65,254,206,121,217,102,105,106,127,129,136,120,129,150,97,110,238,129,122,98,89,162,119,125,139,106,132,130,134,125,88,128,109,127,120,98,131,75,91,124,155,111,132,100,126,127,120,108,168,141,136,96,102,146,137,123,142,132,125,145,144,68,28,113,131,124,109,70,131,154,103,125,89,113,117,123,123,142,87,115,121,131,173,115,181,116,120,120,123,158,117,104,156,43,131,127
167,114,126,133,124,138,140,150,125,120,109,128,111,134,112,136,124,128,118,120,137,102,122,136,127,121,129,89,135,140,134,87,105,147,121,121,116,128,162,148,122,150,84,149,122,137,68,128,139,131,115,132,113,131,115,81,120,102,120,121,129,179,141,101,136,126,124,150,101,133,98,121,136,151,136,144,168,137,150,121,125,114,152,124,127,79,103,132,132,125,132,91,110,157,137,86,128,112,140,135,152,132,138,113,134,139,129,150,125,159,128,137,144,153,140,93,142,137,131,119,129,123,160,154,114,150,125,118,153,108,124,127,119,110,132,131,108,145,152,163,146,124,124,127,128,140,117,129,127,147,127,138,155,67,131,111,131,154,128,128,36,107,132,136,130,112,132,116,137,147,149,152,180,136,130,121,148,118,140,122,139,154,117,143,122,112,134,140,143,110,140,100,126,106,119,142,136,143,146,145,118,130,173,91,136,140,135,108,108,119,125,133,123,124,117,142,141,132,121,148,168,132,118,134,142,132,94,109,161,122,120,141,120,122,130,136,145,138,122,128,139,74,131,117,141,99,144,116,140,159,115,104,115,125,121,135,127
93,93,140,115,134,173,112,96,116,116,104,124,118,115,108,123,119,129,115,122,73,121,118,104,85,116,146,111,110,132,114,117,102,70,141,142,84,127,122,110,119,104,115,117,134,100,54,127,134,91,138,129,96,110,79,111,127,108,120,159,126,30,105,118,91,94,132,116,152,110,128,109,84,109,124,125,92,124,169,121,129,125,86,124,113,130,135,146,90,117,127,88,45,89,128,75,124,141,110,124,89,106,117,96,90,108,122,158,95,104,116,116,33,111,101,133,96,143,105,130,132,96,118,130,130,90,112,127,126,122,127,122,101,122,88,132,16,111,103,75,77,69,118,86,108,103,88,64,114,109,145,118,134,89,119,130,117,120,96,130,95,44,68,161,118,79,137,108,139,128,127,122,137,97,110,74,133,85,118,129,120,109,97,125,100,113,126,137,128,153,129,106,123,86,137,118,106,149,91,105,114,108,140,116,153,130,168,123,101,124,126,122,86,118,130,118,134,115,139,118,96,176,109,122,127,149,111,117,96,117,91,96,111,101,60,119,107,91,112,93,132,114,122,86,130,159,139,120,126,95,110,129,114,95,115,106,127
119,123,120,113,137,59,86,122,146,126,125,145,123,121,134,121,149,119,109,125,111,123,115,112,121,136,128,126,104,141,142,115,131,122,110,128,133,134,129,111,125,120,120,96,118,131,121,162,108,123,107,118,138,135,108,103,107,136,142,113,154,135,112,121,124,114,124,120,145,131,129,119,125,147,161,128,94,120,139,124,134,112,108,103,127,118,127,207,111,124,115,111,138,82,144,115,137,115,119,181,127,123,125,154,117,131,111,199,146,134,132,123,122,132,119,123,93,120,124,117,145,114,139,130,126,103,201,129,72,118,116,98,109,125,127,119,78,121,148,134,118,101,73,132,124,147,128,155,124,134,127,143,129,134,67,131,116,110,42,138,166,125,106,94,130,120,97,113,163,126,121,119,136,136,207,133,132,137,125,114,110,161,116,120,150,136,133,122,123,127,125,139,122,126,118,136,139,118,225,146,113,112,114,117,81,120,58,122,111,134,120,154,131,113,107,112,204,102,155,151,127,228,127,126,180,128,118,116,80,115,164,82,145,132,131,119,129,112,124,116,123,143,133,133,138,163,173,132,127,119,116,108,138,116,146,127,127
118,114,121,132,96,55,144,123,126,141,125,103,120,120,114,131,118,164,120,149,139,124,121,124,163,123,129,131,120,118,57,124,147,137,135,121,111,126,134,138,127,148,119,158,122,144,105,179,177,127,101,126,127,125,129,160,124,130,128,82,140,114,146,108,110,90,128,128,121,124,114,118,134,122,132,128,138,127,82,102,137,151,114,96,54,113,122,107,85,125,112,106,123,115,127,120,187,147,127,103,126,127,127,142,124,122,133,124,139,127,123,124,134,119,117,121,129,69,137,110,125,126,135,120,121,79,77,118,124,124,123,139,41,132,153,102,186,131,131,109,101,146,62,125,130,127,126,139,112,137,134,133,128,145,127,87,131,107,113,127,129,97,112,155,124,139,183,119,110,116,121,122,135,114,99,133,145,139,130,126,153,103,151,103,102,140,128,179,126,127,124,124,121,158,106,124,137,128,175,146,121,116,133,133,177,114,86,131,143,120,76,113,123,70,129,139,158,124,136,136,121,133,107,131,122,128,124,116,91,119,123,143,137,111,133,119,138,104,121,140,119,130,133,136,143,155,126,120,127,137,111,125,120,125,135,103,127
134,138,131,122,127,147,138,119,124,121,68,114,151,147,92,86,98,132,135,51,139,254,165,160,138,105,142,0,125,124,141,84,121,132,120,119,131,30,245,204,130,93,183,112,119,109,126,116,122,133,121,127,186,147,110,117,145,135,156,114,170,124,130,112,113,130,133,155,136,137,110,133,123,135,128,131,131,134,95,79,139,131,126,143,105,140,147,139,133,122,127,115,100,130,139,117,105,158,187,124,125,135,189,119,127,108,103,124,135,193,186,218,86,151,107,164,139,149,127,169,115,123,102,132,132,116,124,131,158,134,126,128,135,136,108,136,137,83,137,132,175,123,132,146,136,149,118,97,129,142,142,142,167,131,109,122,150,113,126,128,123,103,145,134,133,121,120,120,129,117,219,80,172,128,138,122,111,131,28,131,126,139,116,126,116,167,130,149,116,147,228,156,130,152,132,41,131,111,141,148,66,150,130,122,134,151,144,146,117,105,131,122,129,123,168,124,147,130,118,123,120,134,121,138,130,124,98,125,130,117,118,110,1,140,124,63,142,137,125,133,117,142,135,74,131,151,141,8,123,136,146,129,125,184,134,145,127
140,119,142,131,152,125,128,162,92,130,128,131,141,243,150,125,197,129,128,230,148,142,62,139,99,91,134,141,130,125,140,141,142,136,149,91,115,126,122,111,133,127,146,134,113,121,136,139,141,122,124,127,133,76,121,152,130,155,74,98,130,114,128,104,99,126,217,75,93,126,156,119,130,172,151,129,71,117,116,112,137,69,97,136,127,149,120,148,160,130,97,137,150,68,96,102,141,152,129,94,148,127,146,132,176,105,133,138,135,163,126,137,79,151,141,65,124,139,29,61,132,119,165,56,145,129,136,127,151,139,20,130,133,115,145,128,131,129,139,132,115,131,118,118,127,254,165,52,148,88,124,6,123,165,101,109,136,145,137,126,59,163,120,136,130,107,119,133,128,122,127,118,96,120,137,90,139,122,124,122,138,113,127,147,73,128,97,124,136,95,132,68,123,88,136,119,150,60,93,115,123,140,151,86,127,130,71,118,133,114,130,125,90,127,110,122,125,105,161,134,86,130,124,138,163,131,129,112,112,195,137,110,142,133,127,129,152,84,107,103,114,140,145,57,121,154,124,117,108,115,136,136,131,135,144,129,127
123,142,126,119,127,125,121,148,116,129,159,127,127,131,148,166,128,126,136,167,128,94,135,133,121,130,146,179,124,120,125,153,116,122,131,67,140,161,129,122,128,134,81,109,104,123,159,133,130,131,137,129,123,147,134,169,138,106,93,150,164,108,136,145,120,133,118,120,145,129,154,120,102,115,130,124,91,142,128,152,122,128,164,132,134,112,144,111,132,139,128,133,103,99,134,117,137,128,139,121,92,127,54,133,116,136,112,120,119,72,123,95,123,39,121,139,118,130,135,122,123,133,131,142,121,115,130,131,114,120,126,132,115,134,128,116,129,111,124,113,97,125,137,122,113,117,123,95,132,121,139,131,28,108,106,131,110,124,119,129,139,155,126,148,97,146,125,132,135,137,47,158,68,125,133,148,118,113,108,125,116,137,125,140,129,108,164,123,114,66,136,73,126,71,125,141,124,119,139,104,152,121,82,136,126,76,116,111,117,112,128,129,150,122,166,112,131,139,149,125,118,114,127,123,122,128,146,131,130,149,130,121,209,128,126,173,44,128,133,142,132,140,179,133,138,161,112,149,135,101,133,134,129,113,124,124,127
125,159,116,133,142,134,128,130,145,132,132,133,135,139,137,129,140,145,130,144,134,127,216,127,140,120,122,133,106,124,150,170,149,138,137,125,146,132,127,146,142,109,137,138,128,208,132,147,138,138,102,127,155,136,148,125,137,134,157,95,107,142,110,144,143,133,130,151,134,134,134,126,140,139,103,107,125,130,90,164,121,139,151,114,137,171,129,116,170,124,127,115,130,117,128,127,141,142,118,147,148,127,138,147,134,155,133,144,122,126,123,135,134,156,137,150,132,147,156,66,144,127,133,138,127,132,138,145,116,147,144,139,176,128,154,127,152,114,140,134,95,144,178,146,149,131,125,135,117,136,132,146,139,156,126,136,132,140,112,145,131,136,113,145,161,129,138,145,133,153,130,128,143,127,126,107,148,151,132,124,155,139,131,166,150,119,142,123,130,129,133,139,135,143,127,149,126,131,130,123,132,123,119,143,107,144,112,127,131,143,140,134,131,139,118,120,128,141,141,126,127,102,127,138,98,118,117,147,144,149,125,131,136,144,147,138,144,124,124,121,124,130,135,130,122,106,137,145,117,141,159,144,128,141,148,157,127
104,159,125,126,112,103,127,135,140,115,128,113,149,102,138,137,108,118,127,149,116,125,178,120,120,151,140,120,129,133,107,150,132,132,123,125,162,133,126,117,127,100,118,108,117,145,88,102,105,126,119,131,118,120,115,130,106,133,104,120,142,88,79,162,151,119,124,142,104,120,134,127,104,132,140,116,57,140,232,64,108,114,121,153,106,127,133,111,182,121,133,103,145,84,123,133,113,104,133,164,117,120,126,126,133,127,121,190,120,116,127,123,98,132,118,169,135,105,113,138,133,131,134,127,130,125,142,117,94,136,131,109,167,139,101,127,34,116,107,119,87,97,120,117,122,118,158,94,125,106,130,135,118,115,108,163,126,110,129,110,112,135,150,120,125,109,99,129,144,127,111,111,143,128,127,95,125,120,123,120,133,75,109,129,71,132,110,118,120,125,126,90,111,97,103,118,100,121,133,131,116,113,96,126,138,117,101,129,166,122,113,153,92,130,128,127,114,141,127,108,127,114,144,151,103,101,132,109,118,131,116,145,138,113,106,131,103,173,116,111,152,124,111,140,103,98,134,116,120,120,151,93,129,125,177,117,127
113,123,114,127,149,108,116,128,109,125,122,129,35,141,84,117,88,126,195,149,166,130,203,105,148,98,176,135,0,93,116,151,187,187,56,91,71,133,102,119,122,85,137,254,116,254,39,133,126,159,111,128,114,146,143,128,151,119,109,166,152,74,186,146,152,112,120,112,92,122,120,103,151,133,213,117,191,61,157,29,155,116,127,77,127,138,148,113,108,147,126,142,231,107,142,165,146,161,134,138,121,187,119,109,120,143,118,142,86,149,128,143,208,125,100,184,165,118,155,166,95,142,134,154,87,80,132,98,182,110,132,125,163,122,0,105,128,109,59,64,141,209,112,115,140,117,141,231,113,169,132,127,112,120,137,164,143,134,95,129,133,143,251,88,143,85,157,129,133,141,131,92,106,156,80,119,94,122,111,118,82,0,71,161,120,155,91,111,149,138,116,139,122,131,161,128,134,119,106,140,112,81,181,146,131,154,97,143,246,133,121,77,111,113,87,133,138,88,38,96,132,128,21,178,225,108,164,112,80,134,113,137,119,253,145,99,133,170,71,21,137,137,132,142,123,137,0,135,137,98,139,143,113,132,128,100,127
141,179,145,119,85,60,81,121,141,84,124,118,161,98,203,131,96,130,124,113,136,123,125,134,124,149,136,139,135,108,123,160,119,123,93,118,136,127,122,126,118,185,123,105,126,140,121,145,152,115,139,137,110,105,124,97,174,133,113,145,146,140,130,147,138,131,115,137,134,119,124,124,113,167,95,136,120,134,143,116,135,98,90,138,114,110,122,127,151,115,106,115,97,159,131,127,137,179,133,120,135,151,126,178,119,103,118,49,119,101,126,131,160,117,96,154,95,133,46,163,133,130,113,134,169,113,77,123,108,106,121,72,152,132,122,92,179,124,191,116,94,134,16,133,118,108,109,149,144,95,120,93,125,111,68,111,94,139,128,117,90,151,122,52,110,176,156,76,108,130,131,129,159,138,96,129,155,168,126,117,90,217,158,101,115,138,105,144,114,129,128,147,116,129,106,109,113,141,66,130,141,119,102,111,105,106,89,122,97,126,139,135,99,122,140,144,112,127,149,139,93,96,92,174,66,97,136,108,98,100,139,116,129,98,125,117,142,111,126,150,147,125,132,104,109,198,200,126,141,121,139,121,119,140,85,67,127
115,10,125,127,118,117,174,134,114,121,128,126,126,114,205,124,95,116,96,123,112,124,131,134,97,126,138,132,108,119,119,128,151,122,101,136,150,126,129,120,138,154,122,129,127,115,99,65,142,137,120,123,134,117,77,131,103,131,117,116,124,134,74,143,126,140,120,126,118,117,133,133,112,66,81,93,140,156,94,120,116,106,115,132,120,130,132,94,171,116,134,153,154,95,121,120,129,141,131,135,121,125,138,144,142,118,125,210,133,132,138,117,104,147,150,135,140,136,124,149,135,138,113,137,128,132,137,119,184,116,124,155,81,124,152,119,124,135,123,171,123,126,195,133,121,132,139,134,110,120,127,118,124,134,131,127,127,157,106,141,109,119,148,127,136,98,117,124,115,127,110,129,148,129,90,101,125,95,130,131,96,106,143,99,110,133,103,146,134,116,127,117,137,144,114,122,119,134,71,129,113,162,131,133,133,123,141,146,136,117,120,125,109,109,138,115,93,116,132,118,115,96,84,109,140,127,144,118,101,134,117,164,140,89,136,131,116,115,128,119,109,149,127,93,122,125,152,127,118,149,132,134,136,134,117,81,127
75,119,157,162,133,147,134,124,127,133,102,128,150,154,129,102,143,127,153,146,107,118,121,178,113,122,156,79,110,111,124,109,144,90,120,128,91,156,132,123,124,153,121,121,154,108,81,129,120,151,100,129,107,87,109,184,127,150,155,111,117,132,115,90,153,128,139,155,222,128,166,155,117,133,133,111,121,117,110,142,136,111,89,155,127,182,127,138,120,135,124,250,173,67,124,128,132,173,123,128,104,117,132,145,75,125,126,155,109,134,152,134,127,110,130,188,141,154,123,125,161,119,100,71,112,120,124,130,121,109,142,133,145,108,155,104,112,125,110,86,100,27,128,82,138,128,100,33,136,120,127,130,142,39,72,173,126,112,122,127,198,111,74,96,177,140,144,122,131,82,111,129,115,108,134,107,186,96,94,130,105,71,108,116,92,101,106,162,131,146,103,87,128,58,157,99,136,142,115,114,85,149,101,148,135,188,142,138,177,104,131,132,134,136,134,149,135,132,147,116,73,129,116,120,139,115,96,118,145,129,127,102,65,115,138,129,237,117,143,137,127,159,97,95,109,197,81,116,66,110,136,127,111,98,128,120,127
60,149,160,134,120,133,133,159,133,141,127,119,184,93,144,117,108,123,131,106,82,122,108,68,89,84,129,101,89,149,140,132,166,93,148,127,148,85,111,59,123,48,114,150,136,91,115,136,115,126,170,130,127,149,136,158,134,103,92,160,105,49,65,134,111,128,139,134,175,158,128,156,96,127,117,144,113,128,124,156,130,112,78,100,127,184,167,113,137,121,122,140,123,105,128,168,126,146,141,118,26,163,99,135,128,62,138,130,117,41,132,116,87,138,132,108,131,88,108,126,113,151,71,136,114,153,144,97,0,166,135,146,144,113,120,98,167,118,112,131,91,128,144,115,161,93,127,111,137,126,127,74,119,138,78,160,97,79,104,136,152,190,145,144,92,132,115,128,131,124,118,96,37,111,110,151,66,93,133,130,170,111,128,133,136,126,173,101,143,184,139,185,126,121,140,96,127,115,168,100,120,133,52,155,137,96,85,143,194,135,123,119,139,125,79,138,139,130,156,113,65,125,130,145,170,124,141,143,114,129,126,149,127,165,125,121,45,106,127,140,143,133,84,134,154,113,86,116,172,79,131,131,118,144,133,69,127
139,130,125,121,83,208,124,125,129,130,136,114,147,140,113,137,135,22,115,131,146,127,138,122,120,118,131,134,131,124,147,88,131,141,132,117,133,127,136,122,122,127,136,147,132,123,129,109,84,134,129,129,124,115,139,139,127,134,128,94,131,123,142,133,124,135,138,130,132,130,125,128,139,127,111,145,137,136,118,134,155,138,107,146,164,127,126,116,125,135,118,111,115,138,119,121,54,130,134,101,125,120,143,142,133,135,87,104,130,130,122,136,134,133,119,140,116,155,78,131,128,122,113,133,116,135,114,124,126,125,123,108,104,136,140,99,130,140,132,134,108,136,113,114,141,116,123,130,124,99,136,121,129,126,133,143,117,151,123,139,85,117,141,120,118,128,21,128,91,137,131,137,130,120,116,110,130,133,133,128,164,125,153,131,117,124,110,103,134,123,126,114,128,137,130,119,113,131,173,137,120,150,146,140,60,125,84,140,119,114,180,129,109,111,140,144,113,117,139,125,134,72,115,137,108,122,142,118,96,103,123,137,130,114,124,127,138,93,131,132,101,139,136,114,137,156,127,123,135,138,122,110,115,137,132,141,127
102,99,136,125,138,164,107,118,152,126,120,129,124,113,133,117,133,125,136,137,126,119,128,120,126,136,127,123,107,131,121,148,115,138,113,136,130,127,122,125,127,133,131,95,122,133,114,87,141,129,135,133,128,108,111,115,115,130,139,183,123,98,96,135,127,140,127,151,130,127,126,113,128,197,167,120,139,120,133,116,120,125,121,144,186,101,128,115,121,117,108,134,144,107,133,115,108,133,118,144,126,127,116,126,119,130,114,168,102,123,123,125,112,129,161,117,125,142,169,97,120,112,132,109,101,133,95,128,131,161,125,134,126,132,124,128,133,116,117,106,122,116,109,125,121,140,134,143,125,123,126,128,127,127,111,133,110,134,92,126,136,129,144,122,123,120,98,129,136,122,125,115,115,115,126,96,124,109,126,130,155,131,124,121,131,125,127,141,123,129,122,115,126,127,140,126,129,131,111,121,122,117,124,112,131,144,152,122,116,127,127,131,129,119,119,124,148,121,125,128,132,111,124,112,169,140,129,135,127,129,157,114,116,122,121,132,123,138,117,128,132,137,128,121,125,137,120,131,120,128,126,118,125,113,108,113,127
141,113,147,133,121,102,134,126,73,133,129,138,134,145,113,126,121,123,136,165,113,126,254,136,155,65,147,120,121,135,121,126,134,131,114,118,134,130,128,114,118,124,123,152,138,102,150,111,97,134,152,131,116,133,123,110,138,131,122,152,134,108,124,122,170,118,139,120,127,129,128,135,132,229,128,127,138,136,201,116,122,135,120,153,110,113,131,186,137,136,113,129,121,179,125,134,116,153,136,127,117,134,117,125,113,126,73,134,117,138,129,128,156,146,129,151,141,108,60,254,128,133,126,138,148,81,189,128,135,127,143,124,99,129,107,159,143,135,130,129,141,116,141,123,158,128,127,60,114,170,130,121,130,109,124,163,129,93,194,126,129,151,124,96,132,146,112,122,126,118,134,132,160,115,176,138,129,103,134,126,137,156,130,128,135,123,127,118,124,149,124,114,119,148,169,110,107,135,101,111,114,76,142,116,123,122,92,128,155,116,121,126,120,172,137,137,130,128,121,99,114,119,120,149,140,122,152,118,122,141,138,137,121,131,137,123,125,149,133,125,140,125,126,128,96,98,113,122,145,126,142,117,128,106,113,118,127
152,138,132,134,128,132,117,131,131,133,120,130,122,88,111,133,135,115,112,136,167,143,126,127,127,127,129,147,173,159,149,108,123,163,123,118,118,124,125,145,115,142,128,104,123,126,157,140,105,119,187,126,130,90,127,122,120,134,134,127,102,160,149,134,97,114,145,122,122,122,123,113,178,134,138,124,18,144,114,130,124,127,159,254,120,130,120,154,85,129,113,141,130,114,122,114,123,127,123,119,116,146,134,118,124,121,114,161,137,183,113,117,116,119,108,100,128,112,136,150,121,115,136,140,120,96,114,137,242,107,125,107,99,133,108,140,94,135,116,139,184,112,128,107,122,129,135,148,108,118,127,118,145,108,107,162,131,149,109,129,230,130,84,142,139,106,129,115,165,145,134,143,102,145,75,151,145,115,133,125,125,107,121,120,79,135,99,101,123,137,129,115,123,183,155,111,107,136,88,124,123,125,160,141,156,125,90,120,122,114,117,125,132,126,142,107,81,120,134,134,100,216,91,107,160,117,98,135,126,113,117,116,119,113,130,131,140,107,154,141,123,131,137,168,176,111,102,110,132,84,114,123,136,125,137,165,127
119,118,111,127,92,186,147,122,132,124,123,127,127,135,123,123,203,118,124,98,126,118,110,118,124,106,132,111,122,125,156,134,131,128,147,135,106,128,123,118,120,120,136,129,136,140,104,96,142,122,128,126,119,126,91,137,124,112,96,109,118,119,104,133,127,127,120,118,120,125,137,120,123,74,141,150,143,108,126,141,126,89,126,136,100,127,131,96,130,118,112,123,132,137,132,132,103,121,117,136,132,156,116,133,112,128,111,105,136,121,135,133,130,113,123,139,140,143,138,157,130,138,106,134,127,123,110,117,122,106,136,152,133,113,112,120,171,116,138,130,156,149,120,136,202,96,146,119,144,88,128,89,119,123,98,137,136,116,130,128,91,146,142,115,117,143,115,144,136,130,111,118,111,124,88,149,126,123,129,126,130,137,123,121,130,120,106,146,129,112,123,124,128,127,115,129,113,108,120,116,135,104,97,122,118,125,154,113,142,139,130,129,113,139,107,97,117,146,131,127,134,126,108,148,140,121,136,136,112,134,126,125,115,120,136,123,130,146,113,123,130,112,114,88,108,120,102,129,119,127,135,113,130,128,116,137,127
135,108,138,109,142,147,142,90,103,115,143,123,90,128,136,154,105,124,153,119,135,152,113,138,144,152,155,146,126,125,120,112,155,152,75,164,126,141,119,186,131,122,130,97,97,154,94,116,127,111,153,129,105,141,127,60,138,138,130,123,147,165,148,136,180,118,122,136,118,123,113,118,166,134,156,136,191,139,107,127,139,114,184,157,124,130,98,150,73,126,144,130,86,170,153,77,117,106,130,140,112,133,132,120,99,123,143,132,142,135,111,129,118,148,87,135,121,139,141,144,121,96,146,130,162,164,122,148,185,153,122,117,150,105,72,131,83,133,154,142,144,139,112,122,108,147,121,174,124,149,122,142,159,127,182,98,141,134,147,118,151,58,109,163,122,104,146,115,129,172,138,136,176,140,138,84,192,130,126,134,135,147,138,116,148,144,127,143,94,135,117,178,130,170,155,143,132,144,115,157,146,141,139,139,143,106,156,131,74,129,135,119,134,145,130,122,129,76,69,143,167,134,120,137,140,125,132,129,137,109,137,128,147,145,130,151,173,161,147,113,109,133,144,136,154,140,162,129,134,136,138,123,133,107,105,117,127
110,95,142,127,155,90,121,120,128,130,120,138,96,114,129,128,107,124,127,110,125,125,131,132,137,154,142,121,144,118,109,128,139,129,147,132,126,121,119,137,141,130,120,113,126,122,154,121,142,129,144,131,132,106,123,129,127,138,133,169,141,150,117,113,130,121,114,176,124,123,123,135,119,181,139,126,148,130,107,118,136,146,91,136,97,166,120,84,81,126,118,150,133,179,140,102,101,146,128,120,140,127,119,127,123,139,150,133,140,116,127,114,117,125,130,137,106,122,118,101,123,113,147,120,136,112,158,144,128,150,105,106,148,138,120,105,117,132,126,126,135,109,166,125,136,166,112,138,135,98,133,149,134,136,108,111,108,127,115,129,191,100,156,110,133,115,181,127,136,128,124,122,144,124,193,143,154,118,125,145,128,148,131,129,108,129,161,127,117,141,120,124,134,154,149,120,125,116,121,126,136,144,114,127,101,142,140,120,117,123,135,122,77,151,133,137,151,139,145,139,147,141,132,144,134,123,137,121,134,112,142,122,130,110,113,134,128,139,129,114,123,140,121,164,126,135,122,129,121,120,131,133,114,117,105,113,127
103,145,82,82,113,101,120,136,142,135,137,131,186,126,170,102,121,117,56,132,71,117,132,98,84,83,84,105,102,124,142,135,43,120,119,93,141,132,90,99,120,103,149,153,140,100,131,143,112,125,110,127,119,105,112,176,67,70,144,111,112,82,112,133,168,114,128,102,158,130,153,136,94,109,141,124,98,57,99,142,100,122,21,110,126,169,130,110,147,115,126,89,114,96,130,134,120,134,89,108,173,131,95,107,116,59,103,76,136,102,164,101,71,136,144,151,113,102,118,105,101,173,89,155,124,103,127,91,64,144,141,124,122,132,130,104,120,117,124,96,110,147,124,85,116,61,137,169,133,136,109,65,102,176,134,145,129,88,111,122,132,201,138,124,150,157,124,128,113,106,93,87,116,117,108,168,0,139,96,125,116,118,134,123,67,141,114,108,157,117,104,131,124,113,146,102,128,95,111,78,112,103,80,101,101,186,87,128,156,101,121,105,139,118,7,112,95,118,111,136,141,109,85,132,66,114,151,100,117,154,97,119,87,139,99,110,133,130,126,128,123,54,84,92,103,96,124,147,92,111,124,121,119,122,107,120,127
134,129,123,131,132,131,130,137,128,128,124,141,120,139,124,129,128,108,131,138,134,126,136,127,155,128,131,136,124,122,149,118,133,132,131,136,133,127,129,118,119,117,130,138,123,116,120,127,120,129,118,121,129,120,110,117,118,132,133,108,125,130,117,120,126,137,128,127,149,133,135,125,135,96,127,116,107,148,101,105,134,124,131,136,127,109,132,134,157,125,110,118,168,126,134,139,119,156,136,117,135,122,129,89,125,134,132,121,130,143,123,136,136,119,126,129,139,130,134,140,145,122,129,124,120,136,133,132,106,121,126,127,139,119,124,125,123,130,133,109,113,104,117,135,129,119,136,138,132,112,128,115,129,114,126,158,127,130,118,122,148,150,151,105,121,122,111,127,135,141,125,135,131,123,149,115,130,129,131,120,118,127,94,132,135,126,130,125,126,127,128,135,113,132,131,125,120,120,123,131,128,85,124,120,121,123,122,116,131,127,114,251,116,112,125,134,103,128,122,132,133,138,142,114,161,142,118,126,134,129,135,131,125,123,141,121,128,118,134,135,130,136,122,136,117,138,144,132,136,127,105,125,120,141,126,125,127
113,122,164,119,155,71,102,117,123,122,138,132,135,88,130,137,108,123,170,229,99,136,119,118,96,144,150,123,138,125,122,106,120,107,125,118,129,122,131,102,131,168,132,133,118,132,90,130,82,138,149,131,105,114,123,135,105,108,124,137,158,111,92,238,97,129,108,214,110,134,122,126,119,138,163,132,74,112,86,161,139,101,122,112,90,106,139,158,143,109,133,140,114,76,132,116,94,162,129,136,143,126,122,118,117,117,116,120,152,116,126,121,111,131,92,122,120,133,142,133,142,113,115,117,113,208,116,127,100,106,140,135,113,131,109,111,99,123,157,140,130,117,136,110,126,131,95,156,113,103,128,125,127,145,127,147,120,188,139,124,167,140,130,138,136,88,122,133,150,124,133,117,98,146,107,129,130,134,121,129,93,141,125,142,41,149,93,71,129,116,134,124,142,107,109,97,63,130,132,135,101,165,133,126,126,108,154,116,123,113,145,143,77,112,120,117,176,89,135,138,72,141,124,122,188,117,117,138,116,101,156,112,116,96,110,128,123,137,112,150,133,127,129,179,152,133,92,113,123,99,156,137,125,104,183,89,127
149,119,126,156,130,152,122,118,134,119,124,117,138,125,150,120,126,123,115,97,168,124,154,126,169,148,109,130,230,144,116,130,91,119,143,126,169,127,132,141,129,162,123,87,136,57,101,133,122,125,127,124,145,129,150,135,117,124,127,118,110,136,202,118,119,160,128,147,175,120,135,122,132,106,113,111,122,112,169,130,83,125,133,155,128,118,123,118,132,139,121,133,85,120,105,133,119,150,137,127,136,73,128,135,128,140,133,132,87,144,136,137,63,137,219,116,144,124,113,133,119,128,124,112,97,147,129,192,154,116,120,120,129,123,139,171,121,147,171,146,151,138,137,136,118,123,129,137,133,140,134,136,107,145,139,121,107,126,127,111,124,76,162,134,137,127,141,123,120,116,136,131,104,115,139,126,168,119,118,131,138,130,121,227,150,123,134,121,102,116,127,125,127,117,110,129,123,133,147,140,110,117,146,138,137,88,135,129,135,149,126,127,153,123,137,133,125,122,135,126,148,128,250,138,142,134,130,149,110,120,110,113,140,55,128,134,133,125,127,252,125,124,122,136,123,127,175,119,122,136,152,137,187,132,123,109,127
118,253,119,119,115,104,39,122,123,91,129,136,162,122,151,121,112,129,96,163,113,125,126,130,124,99,109,133,113,117,140,155,86,115,141,145,118,127,134,107,124,137,137,103,132,67,168,164,120,122,158,131,132,134,145,131,127,106,105,153,123,61,82,149,150,106,136,116,139,143,122,110,116,162,116,132,101,127,117,153,141,122,113,115,112,127,118,133,132,113,91,93,95,160,130,105,123,115,130,122,146,133,135,102,112,130,98,44,131,129,125,138,136,134,169,143,96,115,130,115,166,118,116,156,162,80,117,105,46,162,127,63,99,136,118,125,160,105,123,97,81,103,43,122,113,118,135,134,139,124,134,105,120,148,87,136,142,97,135,143,87,133,105,85,130,137,120,57,95,127,123,127,159,157,138,118,128,75,125,132,132,163,146,74,149,116,146,115,168,122,125,126,131,87,161,93,124,123,88,102,123,153,116,120,105,166,110,136,121,127,129,104,130,85,115,100,103,116,145,124,137,104,138,156,70,116,101,99,117,123,141,89,137,127,116,136,133,99,115,126,146,114,132,125,124,121,122,136,142,117,128,132,127,117,90,83,127
127,203,103,161,138,139,106,130,116,160,132,124,117,137,54,135,130,122,143,106,152,123,112,128,112,119,125,125,138,128,115,85,161,122,125,122,139,124,125,132,126,102,134,119,117,146,114,137,105,124,130,129,123,129,245,157,116,123,137,99,112,154,134,102,102,126,139,134,109,139,118,165,139,132,121,82,180,134,110,139,148,133,129,126,113,138,133,123,169,137,87,169,136,128,115,139,128,118,135,132,124,137,119,121,151,132,127,160,121,136,152,123,90,127,171,116,112,107,139,121,110,132,147,106,124,139,180,121,154,133,131,70,92,133,134,143,108,133,121,149,127,138,115,117,124,132,126,115,174,125,126,156,120,122,94,122,147,96,216,124,136,141,126,114,150,132,106,56,104,126,135,132,116,116,137,129,114,132,125,124,112,127,119,134,170,124,121,106,128,122,121,119,124,154,138,134,143,123,117,109,124,150,118,137,124,147,76,150,107,137,125,128,126,138,135,120,110,128,133,113,158,98,120,95,128,129,113,176,130,131,120,123,126,138,128,125,129,127,135,98,121,119,132,145,129,121,96,128,110,149,115,125,132,122,156,107,127
121,106,121,120,124,112,130,127,140,126,121,131,137,115,166,128,189,132,115,100,143,119,89,128,140,86,128,130,104,125,125,108,154,135,109,122,113,121,131,152,129,120,115,130,125,123,138,123,116,128,119,127,119,95,132,122,148,132,124,118,138,145,130,102,118,118,116,118,130,147,122,138,117,145,128,113,129,126,76,130,115,107,121,133,128,157,133,159,141,118,115,136,148,135,129,124,129,104,125,105,106,111,131,126,127,121,140,134,118,102,119,123,121,126,152,118,134,129,49,81,125,129,145,115,142,136,134,144,147,122,132,111,139,121,127,91,147,128,149,109,114,116,133,131,16,166,144,160,140,63,127,115,136,141,113,97,128,126,141,124,182,125,150,124,125,99,131,125,130,127,123,131,123,122,148,149,118,105,127,125,109,117,120,124,178,133,133,130,112,128,128,116,127,131,145,121,156,136,105,98,129,129,129,128,108,121,130,131,133,151,120,133,74,130,150,254,131,144,121,145,165,141,112,150,133,126,174,143,110,106,139,134,123,116,127,116,133,131,127,124,115,125,124,147,151,154,136,120,130,135,130,122,124,122,125,143,127
142,137,134,109,127,33,128,125,112,119,128,133,131,87,101,125,98,156,99,136,116,119,139,128,124,139,142,128,126,154,131,89,120,119,123,117,116,120,126,126,120,142,136,153,127,119,110,123,117,127,135,129,134,123,142,129,130,121,103,156,124,155,124,162,142,137,138,126,120,126,135,147,126,114,110,127,104,141,145,124,118,137,121,134,49,122,134,145,123,127,122,110,115,145,111,127,152,126,131,118,123,132,131,91,112,129,89,104,136,117,134,133,141,132,113,116,151,151,122,125,140,124,153,118,137,158,109,129,101,134,130,121,103,128,124,99,204,128,149,101,124,123,173,126,108,106,126,133,118,136,127,124,136,132,96,82,122,157,115,117,156,131,118,154,120,141,136,129,239,136,120,126,139,129,142,115,129,145,129,126,111,133,99,129,106,128,127,112,125,132,128,125,123,135,129,135,87,129,65,125,120,113,118,112,206,134,127,125,102,136,126,106,143,106,117,122,48,116,137,127,101,175,158,129,101,137,132,108,254,129,130,116,123,118,135,126,125,92,142,142,164,125,130,132,115,131,151,136,125,129,123,135,128,140,113,120,127
124,117,124,129,136,140,127,155,130,125,122,126,127,120,128,129,123,124,132,132,132,117,84,126,127,178,119,133,127,126,144,128,122,132,122,105,133,127,129,104,129,132,103,132,95,136,111,137,132,126,135,127,69,88,127,150,122,129,153,100,120,146,116,104,131,121,144,137,113,122,141,127,123,141,142,117,123,127,120,140,126,139,108,124,100,114,112,122,163,115,120,123,123,94,135,121,153,113,123,105,123,121,86,123,125,111,149,138,114,117,110,136,112,106,125,122,131,127,123,81,122,114,127,110,124,143,138,114,133,136,138,120,135,125,137,118,128,119,132,129,123,121,136,119,140,145,118,168,134,138,139,121,134,128,147,97,128,126,107,126,136,149,124,120,132,124,153,132,128,115,124,94,120,133,127,78,117,126,124,123,120,115,127,136,120,132,108,126,111,129,142,158,131,119,123,162,135,125,115,124,140,137,122,133,120,144,133,129,119,109,133,127,130,124,82,122,129,166,125,139,127,118,134,118,127,129,133,125,130,96,137,126,195,126,132,164,131,123,132,142,122,123,128,140,128,128,139,158,122,138,102,132,126,138,124,130,127
136,137,111,123,126,133,139,113,131,128,31,129,92,137,131,74,110,122,134,102,160,181,129,117,144,102,123,63,137,128,142,91,165,127,107,63,128,90,116,124,126,140,64,154,146,147,151,132,130,138,154,126,182,144,134,110,153,88,85,127,163,147,130,129,132,138,142,127,104,140,98,118,73,127,116,122,129,117,98,103,119,116,158,109,134,156,142,128,135,97,120,128,145,134,128,136,133,147,144,120,140,129,120,131,150,135,115,154,132,182,105,112,103,94,123,114,121,139,124,108,118,91,132,130,146,129,129,73,107,111,137,134,129,123,128,107,124,57,135,128,107,162,139,147,117,105,136,122,134,130,124,137,190,78,139,125,69,134,115,128,150,132,151,127,131,138,130,134,141,208,152,139,117,143,132,138,121,120,100,130,82,130,120,132,151,89,254,139,103,116,151,85,127,117,116,111,131,138,137,136,65,106,117,128,129,99,99,132,122,137,125,124,104,129,152,118,137,115,144,135,136,129,142,129,136,127,91,127,134,137,129,127,109,132,139,80,96,136,135,139,126,142,170,148,136,141,96,41,127,133,130,135,137,92,122,141,127
139,136,129,130,132,111,128,128,150,127,161,135,126,99,129,126,94,129,123,112,110,128,62,112,132,201,128,125,127,127,153,126,131,150,141,139,125,117,128,155,128,130,124,138,134,137,128,139,152,131,116,123,213,67,126,116,121,133,103,117,103,136,124,131,108,133,112,127,112,124,138,126,105,132,117,119,103,120,125,116,134,114,140,140,145,133,113,126,117,109,122,134,130,126,124,130,120,130,109,124,118,115,126,124,121,134,131,127,108,132,137,102,126,129,124,133,131,113,97,83,134,110,136,120,133,164,125,124,144,128,137,132,127,135,148,111,132,139,137,130,114,112,120,126,126,91,124,143,121,121,134,158,129,147,134,99,110,98,137,125,168,132,112,122,127,123,120,122,129,132,126,116,114,141,132,91,124,127,136,123,98,130,126,123,121,109,194,117,134,122,117,154,127,137,99,131,139,124,113,129,134,139,118,136,115,136,117,135,122,140,131,127,122,126,108,120,130,168,130,124,144,117,138,128,137,132,128,115,132,166,133,138,127,118,125,121,137,121,131,148,121,126,137,134,135,131,136,95,111,140,121,134,126,132,120,130,127
109,125,134,118,127,125,127,93,126,123,142,125,159,116,95,133,116,136,124,172,128,141,110,117,130,194,104,126,117,130,135,135,112,108,95,93,104,130,112,138,124,115,145,130,89,127,131,116,126,118,70,129,72,106,113,105,120,147,192,55,87,134,149,108,113,107,134,127,121,127,141,115,180,133,109,115,151,139,118,120,126,132,104,170,132,112,122,126,99,147,116,129,114,99,116,113,121,165,145,131,177,142,110,134,105,111,127,141,124,130,162,102,99,175,115,146,126,145,127,150,141,134,113,134,134,106,126,133,153,76,132,132,143,126,142,126,122,133,123,139,130,162,113,125,136,132,130,98,125,133,133,110,83,136,99,114,155,114,127,118,151,135,114,145,175,115,131,115,131,127,138,123,163,140,136,108,146,132,124,126,143,110,134,137,96,168,42,122,147,143,118,133,131,102,114,122,115,113,114,129,98,140,116,137,137,170,142,143,106,128,132,120,128,124,106,120,129,99,66,126,102,138,130,142,112,129,118,117,115,114,113,123,97,139,139,147,202,129,116,122,126,124,103,69,109,127,141,137,110,130,157,135,127,169,120,118,127
120,116,124,137,115,185,132,137,124,121,111,145,128,111,136,128,120,137,107,135,117,115,103,109,137,115,122,123,126,145,141,140,96,99,139,119,76,127,120,129,145,148,112,102,109,139,148,100,110,129,164,135,119,116,107,105,120,118,133,106,108,155,92,120,95,131,126,137,106,118,118,128,132,114,109,136,132,150,143,145,129,126,134,141,139,112,128,136,139,119,124,142,143,146,113,118,131,109,118,135,92,113,106,149,137,115,130,104,127,145,142,104,139,139,140,118,167,136,121,150,122,115,89,103,106,114,131,113,160,121,115,133,125,233,117,113,122,116,112,225,168,100,112,123,113,133,119,96,120,123,103,109,116,118,116,129,110,127,131,129,131,119,116,127,101,102,119,123,137,98,115,118,122,108,140,97,108,103,121,134,143,124,167,100,125,120,127,145,126,70,124,128,150,135,136,87,147,108,144,122,128,142,124,130,160,127,152,127,128,135,142,126,122,142,130,134,149,124,91,109,122,147,94,123,174,136,112,140,120,124,119,131,128,116,113,126,122,118,136,122,127,105,117,109,117,249,127,107,124,127,131,76,134,118,116,109,127
126,112,115,112,115,136,127,120,136,114,123,137,167,131,92,122,129,130,205,125,109,125,133,127,166,98,58,122,130,115,126,138,120,137,128,129,185,128,123,130,126,139,130,138,123,103,216,132,134,138,112,130,128,126,159,119,112,128,127,92,126,89,99,134,129,139,127,122,114,165,127,119,127,155,176,132,108,117,173,91,71,144,117,120,127,100,128,115,130,130,133,128,145,150,137,110,138,109,127,128,146,140,128,93,110,126,121,102,139,126,138,127,138,125,134,126,118,124,157,114,156,121,121,107,146,119,103,137,92,126,135,119,124,122,112,125,170,126,88,105,110,141,126,101,135,135,130,112,124,136,133,125,127,116,152,96,118,134,129,132,123,88,101,137,121,127,128,176,123,120,125,129,127,230,126,138,130,99,123,129,96,152,127,107,153,130,116,124,146,132,124,130,127,106,150,115,114,125,100,132,151,128,110,102,124,134,121,126,167,131,130,122,128,98,142,122,113,120,127,137,139,116,221,138,107,134,122,187,176,138,115,136,128,158,127,123,129,112,123,151,129,130,134,160,125,98,112,129,122,141,114,126,199,125,134,93,127
121,133,133,132,171,147,124,118,125,131,138,128,119,163,135,141,190,118,133,201,124,134,124,139,124,147,138,124,124,121,121,116,129,127,144,121,109,127,135,113,133,142,121,81,136,127,130,106,110,120,143,130,115,174,154,87,126,130,91,117,131,89,133,149,97,128,126,85,133,124,124,118,120,118,115,130,143,139,134,152,127,114,98,161,82,115,118,137,126,122,117,121,118,136,116,121,100,118,131,118,112,119,129,141,135,125,106,121,135,135,125,129,133,122,121,100,127,113,150,121,123,120,153,130,140,124,117,129,122,96,142,130,99,178,101,112,72,132,138,90,105,117,116,137,125,91,98,137,113,105,124,131,114,110,103,158,120,108,112,121,178,122,96,134,114,133,94,116,150,105,125,132,140,137,107,105,132,138,126,127,100,128,129,110,239,127,99,117,119,126,124,101,120,142,136,121,113,135,107,149,114,115,140,128,130,100,129,116,176,137,116,114,104,127,128,85,93,120,94,131,124,204,139,114,127,125,120,132,107,148,108,133,130,120,130,123,107,113,137,96,149,140,111,155,151,115,115,120,146,131,107,174,127,128,131,112,127
128,127,101,142,115,129,115,115,142,126,90,124,124,148,99,124,170,124,129,149,134,114,124,109,122,38,119,139,132,122,122,100,156,123,124,92,120,113,88,56,123,158,107,89,112,125,116,105,152,129,93,121,103,67,127,107,154,128,116,159,133,140,127,125,132,133,157,130,115,134,93,121,153,131,105,131,141,142,141,128,125,127,123,151,114,91,128,131,119,115,122,120,128,118,83,83,121,126,113,130,109,129,117,126,126,110,94,130,130,153,111,116,96,136,132,146,123,150,108,116,132,97,138,124,109,94,117,118,117,118,143,129,127,137,124,156,124,102,130,107,99,92,108,138,119,150,118,58,126,122,122,160,127,131,147,125,93,169,120,121,106,137,137,130,159,134,132,132,109,144,118,116,156,111,117,115,139,122,110,121,130,137,120,118,105,129,80,157,131,116,110,146,123,108,148,104,120,119,99,132,85,116,139,132,134,134,125,125,101,86,124,124,110,132,114,120,117,87,128,112,156,101,140,129,114,120,123,133,141,124,146,119,116,111,128,110,104,116,119,121,122,132,121,95,120,115,112,94,146,140,115,119,145,131,129,137,127
135,126,127,128,124,130,128,137,127,129,162,135,108,132,146,177,129,124,129,126,115,153,98,132,124,156,132,170,117,137,126,155,144,111,125,150,117,139,253,18,125,107,132,127,114,139,125,121,128,131,145,125,64,90,143,150,149,120,141,114,114,135,127,138,137,139,117,133,88,135,154,127,148,129,145,137,106,103,118,117,125,121,142,134,126,99,163,130,135,121,136,122,157,131,136,107,134,115,0,122,147,120,1,131,116,144,126,134,142,78,150,158,163,121,130,131,117,130,133,133,116,132,125,94,126,133,127,159,114,118,136,128,114,129,109,140,108,82,127,125,150,109,113,132,128,133,115,137,123,126,156,114,83,118,128,142,134,128,145,126,130,154,118,133,109,122,137,127,133,91,73,205,126,127,138,102,123,131,3,124,119,110,114,119,126,141,132,138,137,140,136,131,125,123,132,211,125,126,141,119,91,137,129,122,129,122,141,136,94,111,129,115,119,120,138,118,129,144,129,127,118,122,134,132,138,126,144,144,132,131,131,131,222,135,125,221,146,131,129,117,118,98,139,133,126,141,136,54,123,117,125,129,136,156,128,101,127
58,177,84,115,162,136,112,121,106,140,136,115,150,125,138,126,136,136,141,152,91,108,109,133,91,145,189,132,60,114,120,120,121,92,175,140,162,124,114,108,132,22,127,121,116,62,160,149,116,141,121,133,154,128,130,78,100,127,113,136,137,101,115,133,139,127,116,113,147,151,125,106,107,105,212,115,114,106,179,104,135,138,117,118,112,161,130,122,128,113,99,24,127,56,128,102,113,142,115,136,110,137,122,152,67,75,143,104,142,116,93,112,113,147,127,144,125,121,136,131,102,125,107,153,133,133,117,90,83,135,128,117,107,104,121,125,101,98,81,98,83,122,148,126,102,125,171,175,130,128,140,126,123,169,106,149,110,126,87,134,127,196,138,144,128,66,128,122,129,127,109,109,91,111,112,122,136,113,143,132,142,176,145,136,129,122,112,98,168,144,117,133,127,117,119,115,126,94,98,107,117,154,100,88,127,134,112,122,163,108,139,155,139,112,134,112,126,74,139,105,161,111,97,154,106,127,94,58,106,140,121,115,110,141,169,127,138,127,79,163,131,148,142,96,135,178,7,135,114,107,109,135,113,122,134,62,127
94,137,93,130,51,129,136,125,141,129,118,126,148,60,111,125,89,105,120,68,148,130,141,112,126,100,129,136,117,120,156,135,137,132,127,126,123,126,129,104,125,141,119,111,125,147,163,90,138,120,132,100,144,74,121,116,104,105,140,116,118,157,113,135,132,140,139,158,127,131,136,133,155,88,117,138,49,112,75,170,134,147,127,118,216,105,118,113,130,113,151,137,150,117,133,124,175,133,125,128,154,128,132,130,123,155,127,108,131,123,122,122,154,134,129,88,125,139,155,171,131,129,82,132,101,128,137,123,132,137,127,140,124,130,122,116,144,126,135,126,160,159,188,121,20,153,86,147,123,142,121,85,121,112,89,134,123,147,117,121,104,151,109,115,121,135,129,117,124,122,128,118,95,131,149,144,91,129,129,167,168,162,127,124,80,119,158,129,128,129,123,146,120,153,130,132,104,108,120,146,125,76,109,116,119,106,163,125,86,139,120,127,254,141,101,239,148,145,113,130,114,38,133,138,146,115,113,129,142,138,136,119,141,153,125,132,118,139,115,142,135,110,133,153,115,141,100,131,117,129,149,125,129,129,140,98,127
131,139,146,131,134,123,107,126,135,118,125,120,113,80,87,126,112,133,134,149,115,122,128,122,114,130,132,132,122,120,113,97,123,113,123,137,122,124,127,129,137,102,129,92,125,124,116,90,100,124,100,114,126,95,118,116,139,125,127,159,139,123,122,139,133,121,122,212,142,126,127,115,119,121,144,123,107,127,139,107,133,121,127,145,83,163,126,134,116,123,116,105,89,120,133,121,101,103,120,119,126,117,119,119,124,129,109,112,96,125,132,124,115,128,137,86,130,141,123,121,128,127,141,118,102,195,130,129,121,145,119,112,114,140,130,125,103,127,121,110,123,135,101,130,106,131,132,154,129,113,127,137,132,117,112,124,125,147,121,137,222,121,134,109,126,134,127,129,156,130,120,124,121,126,88,157,132,118,125,107,143,130,130,125,81,131,164,91,127,118,131,132,126,123,107,158,76,133,134,131,115,140,122,121,118,136,110,123,95,121,111,123,159,145,123,108,81,120,115,133,117,171,122,138,124,125,119,123,113,111,121,125,115,128,120,126,123,139,128,139,131,125,123,110,129,144,127,131,119,125,131,122,119,122,110,118,127
103,125,140,126,118,141,138,149,114,123,122,128,115,181,106,125,57,128,108,187,130,135,111,102,112,110,132,117,119,128,116,131,125,137,133,145,128,115,148,124,131,112,112,117,122,133,142,108,81,122,105,122,113,69,133,139,103,112,100,136,176,117,105,81,191,153,112,120,126,132,144,133,107,116,138,125,139,106,122,83,121,91,114,132,137,200,125,120,93,133,113,123,104,230,109,172,140,113,139,126,139,139,136,120,114,138,137,142,141,86,145,109,86,123,148,114,141,113,118,121,127,139,179,147,114,144,120,119,127,127,108,120,127,117,112,116,121,115,122,135,120,92,153,145,110,132,131,78,114,143,136,57,142,110,67,124,137,151,132,125,72,78,142,100,34,102,139,115,135,124,114,128,220,115,127,133,184,118,147,121,116,111,130,136,106,125,134,159,124,112,136,149,128,162,163,140,129,113,124,123,92,149,140,127,103,117,131,129,123,223,126,126,139,133,145,80,135,130,129,133,150,112,137,108,108,136,128,148,121,134,126,126,137,124,138,110,125,139,129,129,122,133,124,134,155,113,115,122,133,130,116,131,140,145,121,121,127
135,97,116,132,124,75,100,136,112,100,121,130,159,118,106,122,142,135,195,118,126,128,122,140,186,133,86,125,149,118,133,158,128,147,131,127,160,130,126,141,129,145,127,127,125,108,179,139,124,138,130,133,130,126,26,122,137,133,127,92,132,71,124,145,106,114,137,124,120,161,130,116,130,137,201,121,105,115,225,103,91,142,115,112,108,112,125,117,142,130,130,145,154,127,140,122,119,124,125,123,135,143,132,104,116,130,133,91,144,115,126,126,141,133,136,133,115,129,116,136,167,130,129,107,134,118,101,161,78,89,125,117,155,122,138,131,159,130,110,115,123,140,126,97,150,127,122,102,104,130,116,128,120,120,120,121,122,136,151,138,129,88,70,80,128,121,113,216,116,124,129,131,109,253,110,139,155,122,122,130,105,211,138,107,119,133,113,125,126,128,119,106,130,96,127,139,132,121,114,141,145,149,101,118,95,91,118,129,175,128,137,132,147,145,155,138,122,139,127,151,133,118,207,174,99,131,137,197,158,138,84,138,121,148,154,131,142,119,124,126,126,124,133,118,117,113,116,128,133,152,118,129,202,141,116,105,127
117,128,105,119,132,99,139,126,132,138,113,130,113,124,136,101,125,128,117,89,187,134,118,102,127,163,82,101,183,124,108,96,107,125,149,112,100,130,132,144,126,116,123,111,118,97,156,126,134,130,155,129,117,120,126,94,169,137,112,102,117,183,155,109,128,136,124,140,99,112,113,115,147,140,170,98,144,87,128,124,126,133,120,143,127,142,112,122,130,136,118,135,117,150,116,138,125,117,152,135,83,148,142,127,128,118,152,154,124,142,116,121,113,101,119,118,139,118,129,110,106,136,129,98,116,171,135,118,163,105,116,135,113,124,121,98,121,121,97,143,153,139,141,122,108,133,129,178,116,128,130,142,113,118,109,96,93,139,111,125,74,109,96,112,113,99,125,117,127,112,136,131,115,129,115,138,150,124,125,125,137,118,116,124,154,111,110,127,124,96,120,90,129,135,121,109,137,112,110,123,119,128,154,147,117,88,122,97,138,121,124,142,99,139,114,122,115,145,113,118,141,129,118,111,160,129,77,114,124,116,139,131,121,141,125,132,139,130,100,153,122,131,121,127,147,106,117,101,120,149,115,109,143,138,129,151,127
135,111,161,146,115,162,146,94,144,128,125,129,29,128,102,145,138,133,127,126,175,147,131,149,179,189,122,136,121,134,132,85,136,150,99,124,103,130,132,145,130,134,155,105,111,140,134,142,141,129,115,127,102,129,128,80,187,167,144,114,131,152,108,109,149,107,127,170,21,121,114,132,164,123,120,128,151,154,167,77,124,154,152,153,121,115,92,136,139,149,146,114,144,158,134,112,133,115,146,124,92,126,150,124,135,199,140,155,138,140,119,149,156,139,129,107,166,149,129,136,133,78,147,126,168,127,135,179,148,81,130,112,116,108,132,163,134,140,130,172,136,68,134,124,125,161,138,131,119,104,144,156,151,72,123,99,131,149,149,134,124,86,93,124,161,71,125,121,127,142,157,128,163,111,130,92,165,146,143,127,102,136,132,118,175,139,141,161,96,107,129,114,130,189,125,147,113,139,137,138,140,115,165,130,135,153,156,122,92,140,134,121,143,118,157,130,136,118,136,132,150,125,140,126,144,137,136,126,156,133,154,146,126,100,143,122,138,129,127,107,127,200,122,143,136,133,144,125,125,155,121,120,148,125,124,137,127
58,125,112,149,121,141,134,118,129,119,153,148,120,124,141,113,196,128,123,215,172,151,159,137,130,104,154,180,114,140,108,110,110,64,126,95,147,157,122,108,127,165,165,194,110,157,82,151,142,100,78,126,174,100,138,169,252,164,110,153,137,129,136,95,71,105,130,114,122,142,182,138,135,136,158,129,63,108,81,146,117,103,148,111,126,132,125,141,135,121,102,136,187,78,239,254,131,139,119,139,160,157,152,134,21,148,129,102,166,125,97,180,121,149,102,166,130,111,136,133,105,98,61,61,138,108,122,141,109,125,140,129,129,98,132,116,166,127,114,152,115,133,163,128,98,132,153,133,120,137,142,117,97,201,92,147,107,132,96,133,175,105,137,146,187,151,123,138,133,127,116,117,67,161,130,158,114,168,104,132,134,146,118,137,130,142,78,104,125,104,116,57,124,170,254,111,111,131,153,170,87,119,60,164,144,226,134,163,59,117,124,116,163,148,106,105,133,113,117,46,74,143,148,164,108,142,130,103,127,120,151,152,105,102,111,143,179,133,177,148,145,177,148,122,111,106,148,154,52,80,133,132,137,140,109,122,127
137,105,139,125,151,250,178,130,130,129,142,122,115,115,151,126,120,136,124,136,121,130,144,108,144,130,137,138,110,151,139,122,117,129,113,133,111,127,122,110,132,167,130,128,128,133,97,112,134,138,115,129,144,115,120,137,105,132,110,176,149,108,127,131,108,112,118,146,136,124,131,117,113,113,131,131,124,112,164,165,130,110,111,148,142,127,137,98,121,125,133,98,129,89,126,127,161,102,128,154,130,142,132,118,132,142,132,144,139,142,125,130,128,132,134,124,121,128,139,137,121,121,130,146,132,109,74,115,121,106,129,118,146,134,139,119,121,122,126,116,142,153,169,127,139,123,129,160,124,108,120,132,125,155,148,134,126,141,159,164,139,127,139,118,139,110,121,111,90,130,123,127,129,113,86,123,138,111,120,143,143,157,134,130,113,135,132,135,125,125,127,121,139,173,131,135,122,126,110,128,113,120,142,128,235,143,198,125,137,102,144,120,100,113,112,124,93,133,149,132,102,79,132,123,140,130,142,80,96,142,113,131,133,121,122,124,126,144,133,95,177,140,128,118,133,148,139,132,137,113,137,132,127,118,107,109,127
