102,122,112,118,140,133,158,118,127,136,175,63,186,145,145,191,110,112,108,186,119,127,147,128,133,29,172,102,136,131,109,124,136,108,218,98,124,185,129,131,91,184,156,60,25,128,168,116,159,114,120,167,149,100,123,156,125,140,121,110,117,157,124,118,130,111,119,92,140,101,120,148,101,74,99,137,149,54,103,115,130,93,137,102,108,156,209,123,128,161,132,47,125,107,120,147,142,153,110,128,159,179,163,76,143,152,72,139,146,144,164,107,95,187,99,137,107,111,117,131,157,90,49,67,133,131,130,137,1,105,69,131,122,164,111,113,118,162,140,94,86,110,138,116,72,119,148,157,81,127,125,152,75,127,119,162,155,115,82,107,113,147,46,178,148,114,134,136,136,169,130,113,102,165,163,56,132,105,73,0,122,130,136,146,87,85,124,135,163,133,87,129,0,129,127,146,124,115,126,125,68,131,137,155,109,132,92,100,124,137,141,135,142,111,107,120,159,123,129,116,148,113,172,109,147,133,129,53,74,20,101,132,129,146,102,141,147,114,120,115,103,144,121,110,184,123,133,124,206,165,142,113,91,73,134,118,105,144,107,117,122,130,98,76,154,121,69,126,135,146,146,136,87,156,103,135,113,124,184,126,121,117,173,109,104,141,156,42,147,155,181,184,144,46,68,102,125,178,99,120,182,53,149,117,146,113,160,77,138,114,87,155,118,133,104,145,97,99,123,159,100,163,164,130,107,175,119,104,99,105,121,111,162,108,74,111,63,189,73,104,169,149,132,146,106,140,137,105,115,50,116,136,197,128,144,132,116,177,71,72,136,57,168,136,132,99,150,146,183,75,138,127,122,99,107,127,182,95,189,148,132,108,88,129,192,103,99,99,88,188,106,130,123,131,129,151,118,138,96,122,100,181,117,174,134,104,90,89,100,160,146,141,119,163,165,114,138,203,147,64,155,177,129,93,149,92,89,126,118,125,124,96,50,112,132,119,124,79,104,81,107,136,115,128,115,87,107,174,139,91,117,125,121,130,132,70,114,173,147,142,130,156,136,165,115,123,104,124,123,126,132,110,140,111,119,75,129,132,126,159,130,115,161,83,79,100,169,137,100,179,147,127,43,154,120,90,166,120,113,145,127,96,140,128,90,163,113,103,113,199,146,33,127
177,126,150,117,86,71,160,163,124,142,254,190,180,224,162,79,121,109,151,141,126,142,131,131,124,89,120,67,175,184,160,186,171,104,126,31,216,162,131,131,122,48,127,103,79,121,173,199,140,141,99,178,125,170,130,178,125,153,114,130,131,159,196,167,145,133,72,231,140,133,167,130,207,109,102,237,222,179,72,169,162,254,128,132,97,154,98,139,154,129,126,106,196,76,120,106,81,166,169,112,196,99,125,165,100,186,105,116,174,60,189,117,135,185,117,85,69,118,169,94,133,100,35,56,37,96,130,167,126,142,150,99,123,66,100,121,122,192,152,96,82,95,125,95,198,80,221,205,205,133,141,173,66,160,111,131,85,109,156,165,133,234,89,238,130,148,128,149,104,181,146,150,106,131,87,165,88,120,125,107,150,56,118,123,168,182,161,154,213,133,153,116,160,90,133,143,164,238,39,76,156,125,137,176,148,150,184,168,128,99,133,99,122,0,174,117,134,151,125,58,156,193,182,254,74,134,111,110,131,101,143,164,122,207,86,157,144,166,170,133,30,130,136,111,129,102,116,137,205,211,254,115,121,174,123,127,171,180,168,154,124,136,97,142,254,217,141,119,130,110,150,245,114,148,86,224,103,118,124,120,138,190,132,161,168,109,254,102,87,191,51,128,123,165,95,169,191,152,98,123,191,63,125,115,157,143,144,104,119,132,125,55,111,201,49,133,113,149,86,247,70,116,89,10,155,212,99,98,132,166,158,111,140,130,150,173,111,123,153,115,83,207,23,135,220,127,104,246,115,146,96,111,140,143,166,176,136,253,129,160,95,90,206,170,174,207,243,92,92,126,120,152,141,129,237,126,151,150,239,147,65,144,135,139,155,141,155,165,159,125,154,131,31,103,107,121,82,253,127,157,116,122,127,116,188,153,140,29,82,194,165,155,114,168,254,150,167,159,134,158,210,61,160,124,135,179,110,91,117,113,135,123,124,165,215,125,130,175,130,77,193,254,97,84,144,126,150,194,254,116,92,91,188,105,179,151,117,107,162,123,111,229,115,145,129,101,62,137,155,116,154,148,190,182,139,163,126,46,122,116,99,102,179,142,187,146,31,127,116,166,96,188,127,113,166,129,130,138,110,176,88,128,187,116,155,159,87,140,120,254,242,94,127
132,131,127,151,130,114,118,139,121,136,174,123,126,136,116,112,111,135,103,126,132,161,185,122,122,156,129,133,130,130,103,132,125,247,139,128,87,145,111,133,177,124,128,128,108,126,115,127,103,133,104,115,106,129,118,134,124,120,142,151,107,118,137,125,111,147,125,100,130,60,122,122,209,143,141,163,149,118,108,118,132,151,85,127,122,201,161,101,131,87,105,153,100,127,177,112,126,127,142,125,111,104,158,123,171,131,122,152,112,83,138,126,123,131,116,109,129,125,121,143,122,121,97,147,127,127,134,141,85,129,129,118,134,107,136,68,128,115,93,103,134,139,132,140,88,122,140,92,116,138,129,112,131,193,120,140,84,125,109,136,140,134,87,144,110,103,117,98,90,97,128,134,178,137,113,130,123,126,133,120,148,165,117,114,130,132,120,120,131,122,114,117,123,107,120,129,138,160,47,148,152,129,119,143,135,104,153,113,127,105,109,103,116,99,118,194,56,142,124,142,129,126,141,193,114,126,119,68,78,120,141,146,110,112,140,185,187,124,122,105,107,109,127,151,126,130,133,137,119,131,96,131,132,129,130,113,181,108,132,106,100,127,126,118,132,124,158,137,134,125,146,125,138,138,134,98,113,118,138,125,116,117,128,87,199,131,124,112,125,124,130,126,123,126,156,132,139,148,144,128,129,119,133,117,135,110,87,109,114,138,117,126,131,137,253,114,150,118,107,118,94,106,129,94,138,125,116,87,170,128,100,97,127,133,126,71,116,69,137,163,121,110,144,139,124,139,105,120,100,76,118,129,144,112,122,130,127,102,95,100,158,104,150,126,160,76,104,87,138,118,149,136,114,93,121,127,135,122,105,119,72,123,123,143,158,128,154,153,178,74,100,142,96,129,129,178,99,137,209,138,114,120,134,134,177,98,110,144,126,138,120,148,105,132,107,121,127,115,133,147,118,136,128,125,101,139,94,122,114,122,122,125,136,122,138,129,149,123,117,126,88,112,87,119,102,148,127,83,134,203,116,124,102,158,81,130,104,101,131,125,123,160,124,114,144,132,126,125,126,103,143,130,157,168,136,106,114,121,135,125,135,118,107,148,141,176,117,112,132,102,97,184,137,120,133,166,139,123,137,83,107,93,101,138,139,167,117,139,124,112,116,131,127
137,101,118,139,127,139,68,87,118,127,76,134,155,167,165,125,67,136,119,130,117,0,96,127,99,132,117,146,152,83,126,114,132,85,124,147,110,154,102,125,126,121,130,131,85,112,116,118,83,86,122,137,145,92,133,41,87,108,154,0,122,137,140,134,131,254,84,149,82,176,102,141,79,60,20,83,122,127,144,110,120,98,100,97,127,124,147,154,127,126,131,133,150,102,107,109,128,114,143,0,171,122,135,131,142,139,117,148,138,102,105,143,178,97,102,112,138,122,139,141,128,91,93,102,139,202,162,143,101,114,127,110,79,174,135,91,137,128,68,115,123,117,139,107,111,125,135,102,166,127,129,104,16,153,121,229,122,139,124,164,150,109,101,144,124,146,137,105,152,174,135,140,161,195,152,90,119,132,105,116,131,86,114,114,103,55,117,97,114,111,126,115,153,115,128,112,128,110,97,104,65,116,123,131,122,131,88,141,126,107,82,93,108,110,108,69,86,107,119,67,116,143,160,137,139,124,114,168,130,84,127,132,130,133,114,74,143,154,115,116,124,142,147,145,145,117,111,118,142,163,195,145,102,162,123,185,88,78,134,123,127,52,125,136,157,107,97,117,102,134,108,104,124,114,118,127,114,114,120,124,139,144,130,60,142,135,132,107,114,125,79,133,126,149,94,103,139,108,113,132,78,84,133,113,76,123,118,0,116,118,96,130,114,173,116,90,147,93,58,98,115,103,111,103,119,134,108,82,172,161,129,154,124,126,108,80,128,108,82,133,116,177,162,125,119,105,81,158,119,140,140,169,176,132,129,143,120,158,86,136,130,139,73,121,104,93,116,148,106,47,77,93,159,98,71,126,91,143,136,107,69,129,150,100,108,138,187,124,56,73,94,98,148,135,130,150,105,37,88,125,64,130,114,92,145,105,0,148,130,91,125,115,110,145,137,121,82,134,156,139,117,124,125,100,101,120,50,110,116,141,139,154,133,0,101,131,133,100,108,122,108,124,45,141,115,145,112,171,135,89,131,155,142,63,137,128,127,112,141,128,114,95,124,105,105,115,92,79,134,152,124,144,116,134,141,121,144,125,129,119,99,128,68,121,198,136,110,97,178,164,134,126,118,76,110,97,141,105,122,115,155,137,162,128,95,112,112,130,143,157,108,70,127
130,142,133,135,129,225,171,0,136,44,143,136,126,184,110,156,137,136,153,155,79,108,128,124,130,137,122,106,97,133,127,100,94,118,72,57,113,177,155,140,123,194,51,180,119,146,86,120,106,149,140,169,88,95,143,190,141,188,160,142,131,121,65,147,150,91,108,97,135,78,195,106,0,127,124,148,185,149,119,99,132,139,147,157,127,150,108,76,129,154,108,157,160,142,163,170,197,170,123,150,66,18,138,108,237,103,137,137,113,116,166,99,140,104,122,136,93,122,109,123,115,110,132,138,144,151,108,203,175,135,86,130,120,123,154,98,145,136,138,155,125,154,88,126,65,160,132,119,185,128,120,97,142,121,136,95,134,86,146,185,140,178,131,168,121,152,82,130,88,156,141,137,129,64,72,149,133,131,190,204,137,33,136,130,81,110,10,183,165,129,69,158,159,134,109,82,122,150,135,84,164,153,26,166,156,127,126,167,132,107,142,102,155,134,86,183,142,191,140,124,0,148,140,229,36,127,80,121,115,139,136,149,128,159,109,43,125,115,166,151,54,123,124,132,155,95,156,124,150,171,180,182,123,171,122,140,148,211,131,110,143,145,147,125,174,202,169,139,131,138,161,201,102,154,143,196,150,63,134,113,123,165,128,136,85,119,200,164,142,76,110,106,167,115,82,74,172,130,133,184,159,103,122,15,106,138,106,124,129,177,118,117,37,132,125,121,164,151,109,136,128,102,151,125,123,157,139,116,139,130,151,105,73,137,145,184,147,129,119,107,116,161,139,135,139,113,140,242,120,125,102,146,136,119,149,140,96,134,154,95,137,165,95,110,147,149,154,106,128,173,97,114,117,188,120,121,85,94,127,29,73,133,127,140,140,127,102,132,181,137,156,175,141,141,119,101,72,187,154,155,179,77,143,127,120,172,144,109,130,161,155,134,129,72,140,59,154,164,99,189,194,121,122,145,146,17,126,103,168,125,119,97,165,128,183,129,172,129,147,27,83,149,130,171,137,158,127,140,158,128,77,103,146,144,140,117,104,130,83,165,58,159,115,117,149,158,123,120,131,94,141,133,111,136,125,145,125,118,122,145,111,128,174,166,152,79,106,107,154,155,129,153,85,138,152,86,71,115,93,139,21,146,206,131,51,157,117,144,103,163,153,123,127
115,149,118,109,78,98,72,5,127,132,135,116,113,149,43,124,161,151,65,135,138,140,31,143,164,231,140,96,137,83,89,109,33,146,170,167,84,153,98,120,70,142,197,106,140,79,111,66,164,133,115,150,153,157,100,128,146,162,118,139,131,125,155,133,114,131,117,144,121,125,133,113,130,90,59,171,158,141,123,123,88,136,109,165,158,156,150,115,133,79,75,158,128,118,201,94,253,116,121,140,194,143,115,141,221,149,114,122,73,176,123,69,100,173,170,146,98,139,144,169,126,140,68,169,103,117,124,134,99,141,187,239,158,146,197,136,104,156,71,90,107,136,110,74,94,130,135,140,129,113,113,84,198,107,159,100,70,135,106,86,135,119,193,141,109,79,134,163,124,113,145,130,98,155,81,179,87,146,147,122,139,82,121,142,7,21,104,122,114,131,113,129,119,131,127,61,98,61,92,182,170,130,77,129,116,185,140,111,117,148,115,151,127,90,118,60,94,147,125,54,120,142,94,157,193,118,110,104,50,132,113,114,100,121,115,132,125,120,124,110,144,77,118,103,128,121,127,124,166,149,128,123,125,75,136,116,124,150,147,135,160,139,109,93,110,180,127,170,106,160,175,156,101,126,172,121,166,98,172,144,132,140,81,113,163,110,86,111,140,181,69,124,164,44,123,184,186,144,137,114,59,161,114,121,108,113,79,164,125,139,203,237,90,158,54,126,86,149,131,139,217,124,157,126,173,131,171,166,121,165,112,224,147,88,187,71,102,196,35,149,138,119,99,105,156,206,146,153,151,138,123,111,149,152,148,151,79,138,97,43,154,110,37,110,139,107,95,138,125,78,116,134,103,106,148,130,192,111,152,110,79,80,71,130,158,158,87,67,97,97,125,125,109,162,155,94,189,116,117,182,93,93,127,152,202,170,151,80,146,124,195,66,117,151,134,101,71,42,109,93,149,163,115,226,142,181,170,91,165,113,105,153,82,135,152,153,171,193,129,115,162,136,30,144,79,116,124,60,136,76,108,112,120,185,130,158,145,151,145,128,126,71,98,129,144,111,89,132,159,108,74,128,121,171,108,153,142,106,119,78,157,116,68,134,122,134,148,114,142,137,104,142,187,140,102,185,185,99,96,125,181,71,132,121,57,149,152,71,123,136,145,131,127
128,128,113,126,96,172,61,145,119,130,178,92,157,99,159,51,133,77,110,158,93,133,156,174,66,141,100,135,70,188,82,84,95,92,85,140,41,105,113,131,107,127,100,179,129,80,99,142,116,175,183,126,24,91,109,164,119,134,129,128,100,142,103,143,128,107,79,189,132,130,176,145,91,192,135,126,139,70,74,146,87,98,75,99,130,130,170,106,121,103,107,153,140,109,148,75,161,108,124,117,138,239,133,113,85,127,127,128,75,81,144,75,98,123,9,64,106,110,112,175,142,85,193,109,105,99,112,118,213,111,104,181,93,93,121,144,134,179,109,113,48,118,102,128,180,135,162,110,169,151,111,179,90,114,133,160,126,120,211,227,123,156,116,137,126,85,87,137,130,181,128,123,118,121,37,102,99,181,107,150,44,53,135,108,132,82,60,168,152,116,125,139,118,127,112,167,54,81,77,103,173,83,161,129,109,138,88,147,124,178,109,141,127,155,190,156,92,126,123,70,210,160,118,107,94,122,121,114,101,234,111,146,157,129,116,26,138,97,134,132,77,163,124,134,155,130,130,83,149,221,77,116,119,172,123,117,109,147,141,146,120,115,191,84,127,207,130,101,139,116,146,82,81,128,69,150,102,95,110,103,105,98,116,79,105,118,220,87,86,212,147,162,100,132,125,57,45,52,121,64,177,145,133,162,118,83,72,140,106,131,82,183,89,105,101,99,135,113,116,167,77,113,150,96,64,137,112,122,73,57,79,154,153,127,128,149,90,98,156,83,165,152,126,103,141,155,117,169,190,172,102,121,101,189,129,103,52,196,135,114,154,132,139,111,163,88,171,167,156,145,115,152,142,0,130,150,34,111,65,193,135,157,81,131,226,118,162,116,128,85,126,152,135,156,136,126,137,142,149,112,147,153,148,167,0,132,142,176,147,137,87,102,112,160,148,133,125,49,140,92,153,90,124,152,88,62,97,115,138,121,68,91,81,82,232,110,61,135,92,153,129,145,106,139,127,96,113,193,158,199,107,138,142,164,89,171,124,1,80,122,138,64,118,122,130,128,117,130,136,117,138,139,80,82,132,135,139,107,143,92,162,181,98,163,174,0,144,93,75,142,179,102,67,112,60,58,175,104,119,107,0,121,166,162,189,141,122,154,124,148,196,86,127
136,126,115,138,136,137,117,140,136,130,132,132,148,133,137,123,147,138,120,139,132,46,124,118,154,106,130,153,131,112,144,111,144,154,86,127,160,120,136,117,98,133,90,110,127,139,110,112,133,139,127,141,166,159,101,82,117,108,98,111,127,135,119,128,154,111,145,113,152,126,162,135,102,103,114,124,138,117,133,104,142,124,172,134,100,101,119,124,93,141,140,179,128,142,149,96,141,121,125,119,91,159,152,131,179,135,131,118,152,117,135,106,102,106,125,107,141,117,124,110,128,136,89,158,152,142,132,120,123,101,116,124,139,150,178,85,123,99,167,120,178,144,115,105,104,121,141,84,139,124,139,152,80,157,121,129,125,129,121,155,124,114,92,134,118,117,130,126,133,118,125,129,117,106,130,139,123,80,134,86,131,127,122,133,137,151,104,108,131,117,122,134,126,110,153,132,129,125,145,179,76,127,120,148,115,138,122,133,124,139,116,123,127,147,103,96,134,146,125,143,146,90,137,91,103,135,123,83,89,83,115,130,131,152,130,99,116,126,157,124,147,107,128,121,161,138,115,148,148,214,72,127,235,146,124,107,81,118,128,129,120,152,122,115,126,127,105,98,121,164,104,106,106,136,130,53,118,120,134,113,129,167,120,189,152,108,113,112,129,192,130,96,114,143,86,84,134,115,95,139,149,151,118,119,131,118,113,125,130,124,162,103,111,178,159,108,113,134,116,83,147,98,129,126,125,133,149,116,105,113,125,96,124,110,142,168,146,15,198,116,110,108,112,112,123,130,148,107,104,100,102,139,143,135,104,125,117,39,112,150,137,98,110,142,143,130,153,106,122,115,125,142,104,185,115,147,134,134,121,173,141,128,136,106,121,139,109,113,87,128,61,140,170,116,124,128,150,132,76,129,133,131,143,125,131,108,122,116,128,132,110,126,117,107,112,149,133,114,121,111,102,96,130,101,140,112,128,126,121,110,127,141,177,104,117,116,129,82,148,51,156,120,142,126,159,149,67,138,133,108,117,91,131,112,133,92,114,108,142,132,140,104,130,117,138,158,174,192,125,130,116,124,102,87,120,117,167,93,142,126,110,123,240,98,154,116,117,99,163,135,130,143,101,178,94,156,125,121,132,147,141,77,112,137,158,197,155,119,137,151,119,65,127
112,122,112,116,102,108,128,100,140,109,136,124,140,191,164,139,133,115,173,122,130,129,95,149,127,121,136,114,133,125,105,144,161,74,134,121,191,123,131,112,153,130,169,220,111,147,47,124,124,87,130,152,126,122,141,110,144,167,177,88,125,139,135,110,121,118,90,94,113,99,108,137,79,123,110,126,151,111,0,136,102,124,124,142,133,141,113,150,115,137,158,55,145,108,143,88,163,121,124,193,76,108,128,99,97,122,136,102,100,106,160,94,128,115,122,112,124,127,114,121,101,124,116,150,154,101,136,138,149,136,104,123,147,115,146,132,122,140,79,160,108,111,145,148,131,132,120,118,139,112,155,89,167,162,102,138,111,102,130,106,126,126,167,131,126,79,115,134,112,128,112,99,125,118,104,131,127,114,123,63,99,105,117,137,176,97,121,143,146,136,131,132,121,105,122,110,123,119,106,132,145,135,138,114,135,123,152,135,142,109,116,114,120,137,135,144,92,118,125,105,118,142,152,93,126,141,127,103,76,141,164,125,121,126,141,120,123,166,142,108,117,106,107,105,143,113,136,112,99,96,84,155,119,108,112,138,101,132,138,127,131,99,93,131,154,113,134,131,148,89,137,111,130,101,116,165,55,121,118,99,137,115,89,128,66,101,132,106,123,112,103,120,100,166,118,138,132,109,163,159,122,102,133,118,140,128,111,208,126,140,102,123,135,114,147,105,154,66,136,110,122,131,140,101,121,119,121,166,170,120,139,121,124,120,94,122,140,88,142,100,127,162,122,128,115,147,123,117,137,119,93,125,149,162,112,127,115,213,136,122,133,80,139,144,126,121,158,84,135,88,144,108,157,110,151,124,149,124,71,138,155,112,110,130,42,128,158,73,175,114,121,135,135,142,137,115,154,150,110,154,98,131,135,105,145,112,95,144,138,100,127,110,179,114,127,117,126,147,109,148,118,152,138,80,197,71,94,118,125,122,121,128,150,123,150,134,117,99,166,110,136,106,97,119,146,127,102,114,135,111,121,112,108,99,124,130,114,135,123,129,131,153,88,124,107,128,153,100,133,125,126,128,130,215,113,132,162,115,113,156,132,141,150,153,121,108,115,224,128,117,98,99,132,217,144,110,128,131,109,165,147,126,133,141,135,180,112,124,105,151,143,152,127
129,135,133,118,145,107,178,121,134,253,65,128,120,97,123,135,96,107,123,106,120,121,75,110,104,125,137,114,160,182,112,103,99,129,113,132,163,74,130,120,124,115,167,65,42,96,154,94,94,101,138,133,100,140,103,50,102,118,130,90,116,106,125,168,94,73,152,182,103,144,92,62,120,108,113,127,161,118,51,115,101,151,81,112,111,107,83,224,100,103,135,182,167,146,168,40,139,150,147,84,136,78,92,88,87,157,93,111,143,49,0,118,135,123,81,98,81,105,130,147,93,75,85,120,155,89,134,105,108,107,93,119,76,137,179,81,123,125,103,40,160,95,132,92,115,145,84,182,2,112,110,85,24,69,124,155,101,142,20,153,102,128,123,122,72,127,130,119,125,84,128,86,163,150,30,86,104,74,58,83,136,186,125,125,87,162,120,115,133,115,75,139,143,86,112,133,133,89,52,115,62,131,153,121,138,104,74,86,153,7,100,89,130,109,94,85,99,93,132,129,93,84,104,87,89,129,60,81,131,112,144,133,117,172,81,131,242,91,82,106,91,102,115,185,126,52,122,81,183,72,114,135,94,122,123,149,171,85,111,139,101,46,111,108,126,112,51,91,144,0,108,104,57,46,127,132,60,67,112,89,62,175,145,55,147,118,125,129,142,74,98,120,114,159,95,74,79,93,73,100,87,84,107,77,0,109,119,103,112,169,192,148,114,122,56,113,131,156,19,68,127,89,69,117,113,113,89,108,109,104,136,87,42,129,94,81,106,18,124,65,57,171,111,118,103,117,107,128,56,85,138,141,157,71,55,132,68,122,73,117,107,82,93,138,117,114,98,142,103,93,112,142,73,145,156,115,165,147,164,145,22,129,92,129,75,77,218,110,94,111,92,95,120,117,136,84,135,148,96,17,81,91,139,91,148,105,110,210,121,84,114,131,157,86,136,146,62,73,106,154,112,199,108,70,114,169,64,101,127,62,78,94,88,141,74,112,83,144,159,83,108,94,120,87,92,97,99,78,95,63,125,78,103,57,121,142,128,107,136,142,43,97,95,95,127,70,129,69,90,129,127,109,160,149,132,110,117,159,134,125,122,122,155,110,54,91,81,47,110,85,28,97,118,132,90,48,56,153,94,163,51,72,129,120,76,75,120,129,103,103,77,41,127
158,110,114,155,96,130,182,40,105,76,161,158,154,171,147,131,139,173,135,157,96,146,2,148,123,169,98,118,143,174,156,148,137,143,113,112,199,181,156,159,76,112,118,206,143,145,117,114,145,160,197,130,129,166,121,181,139,148,132,118,148,135,130,129,147,121,140,87,149,189,190,126,153,131,135,166,162,174,139,121,134,144,114,160,113,134,155,94,131,130,107,165,166,130,57,148,120,127,133,140,128,113,139,160,163,152,135,127,119,95,174,100,151,119,109,134,103,124,128,131,109,127,169,146,162,174,157,182,163,138,155,115,102,143,81,138,138,148,142,159,128,139,115,42,105,30,163,114,216,124,131,189,140,160,128,137,134,130,138,175,128,177,130,195,121,117,129,136,125,116,135,140,137,104,110,126,131,143,173,161,135,112,155,132,100,98,192,137,143,138,138,108,153,158,127,121,53,176,197,105,147,116,117,170,127,140,128,135,144,77,123,19,122,126,104,154,211,120,109,107,135,157,155,168,125,136,136,177,182,170,128,154,145,163,133,40,153,155,169,157,60,118,160,162,125,150,96,120,155,153,172,100,127,186,139,142,142,172,95,163,127,148,153,117,149,149,138,130,124,147,112,205,155,254,99,164,130,133,155,133,144,143,114,145,116,111,186,146,132,233,122,152,137,146,141,162,158,145,179,116,118,150,153,133,142,144,144,163,127,124,151,126,136,136,186,126,152,152,134,159,142,124,105,125,125,161,152,132,167,173,146,149,94,136,127,242,162,79,113,165,132,182,152,103,129,133,149,163,197,168,150,118,155,131,120,134,124,146,142,171,92,145,117,139,117,175,173,134,153,137,112,101,130,140,161,136,140,136,122,120,151,92,117,110,148,139,68,126,137,145,137,185,131,165,132,137,188,150,161,113,145,125,131,150,98,109,163,90,169,158,129,130,115,138,142,150,174,164,147,133,203,106,131,194,189,99,66,128,127,91,85,134,150,153,186,137,128,163,147,130,151,176,110,166,137,175,100,230,153,86,106,90,134,120,127,139,131,108,148,111,106,167,145,110,132,130,135,122,133,137,122,140,163,150,156,170,129,129,144,137,116,181,169,124,179,155,122,120,155,188,153,140,139,160,114,69,147,176,106,160,115,124,152,156,150,128,90,162,125,150,188,168,127
91,134,157,121,176,75,203,125,130,115,65,155,130,93,181,169,150,38,141,162,105,142,121,128,134,212,153,87,135,200,130,124,147,163,94,118,125,62,127,140,137,106,172,175,163,134,19,128,131,147,127,135,96,128,88,40,135,108,118,122,134,83,158,122,16,124,181,184,125,131,47,125,140,161,131,96,136,130,122,135,145,87,141,89,144,134,128,137,116,123,92,148,209,190,148,209,136,147,103,155,205,136,135,103,125,132,142,134,131,58,81,201,98,151,176,251,162,118,145,254,202,113,159,159,216,0,127,122,129,150,181,120,132,82,148,11,129,212,148,151,162,138,109,141,170,172,178,172,161,141,136,154,124,190,6,95,161,93,178,155,135,125,106,143,121,168,144,145,150,0,123,133,59,152,143,114,109,129,152,159,107,106,124,141,151,114,166,0,114,117,107,141,99,88,151,114,174,211,166,95,178,123,108,0,145,136,157,141,138,169,120,107,124,129,133,170,153,162,122,176,140,187,100,215,119,128,97,123,130,124,132,197,113,91,154,97,135,160,229,127,42,131,115,192,134,105,126,157,121,171,147,93,102,174,141,74,109,150,73,117,127,134,125,176,142,124,121,134,153,160,170,140,106,107,76,172,145,124,99,170,156,185,86,167,124,152,143,216,100,186,99,77,116,155,129,133,50,132,171,162,119,135,102,94,174,121,188,137,120,146,253,102,94,210,186,124,141,105,195,200,146,146,145,248,119,127,146,187,120,110,160,152,80,160,189,234,174,136,182,146,110,111,128,139,157,136,135,155,64,156,138,100,183,151,150,59,151,104,153,170,105,124,165,139,125,180,68,103,155,158,147,127,134,133,144,141,96,124,44,119,113,122,113,137,105,121,124,136,163,108,113,121,174,112,125,113,94,129,134,132,150,130,124,131,186,156,124,154,210,162,154,124,126,140,80,106,203,12,179,251,0,143,154,150,129,111,185,133,156,140,115,45,125,95,238,138,164,135,164,141,107,102,151,140,139,0,110,173,53,151,145,86,130,159,122,113,130,127,146,127,129,214,155,133,139,155,77,140,138,118,135,142,107,141,141,152,118,197,163,84,144,157,156,142,165,164,207,120,135,0,155,124,80,126,102,152,153,105,129,165,133,21,72,192,128,124,153,33,226,160,150,145,127
100,150,107,111,97,110,108,47,149,146,68,86,66,154,175,128,117,92,254,126,148,133,163,66,125,89,105,123,142,94,87,66,214,104,78,146,107,106,108,149,83,127,115,141,77,61,138,130,129,85,134,150,106,93,119,85,122,125,58,129,113,123,155,126,100,144,76,132,137,9,77,109,113,170,126,109,155,96,104,74,144,76,150,170,116,126,86,141,113,120,181,83,118,142,103,190,67,110,148,120,117,66,122,103,118,120,134,136,105,106,108,89,100,142,116,121,111,166,119,164,160,149,80,147,141,85,110,138,116,130,143,38,122,186,177,118,126,114,127,131,111,85,254,150,209,153,111,107,118,121,123,51,147,163,117,126,146,139,232,119,130,114,85,112,121,181,119,117,139,138,166,126,109,69,116,105,123,103,131,140,112,88,118,201,66,141,206,129,121,118,129,142,103,130,116,70,57,95,73,111,107,141,63,113,126,127,67,101,137,208,141,239,122,138,121,182,159,64,138,121,77,109,126,156,211,123,122,103,63,117,121,132,125,124,112,63,138,126,93,151,151,129,115,120,90,117,136,145,48,20,81,143,128,25,98,105,156,94,138,141,129,93,96,119,126,128,147,113,150,141,117,62,143,109,141,117,89,109,124,112,127,129,95,131,112,128,84,102,100,214,127,120,135,20,108,31,200,130,91,190,102,130,110,95,144,99,139,122,110,110,144,191,90,115,172,110,114,98,162,92,92,138,113,144,128,136,112,76,101,78,145,31,165,135,170,115,97,94,49,115,103,86,154,108,128,133,114,77,38,211,0,133,141,175,172,125,196,150,117,166,203,101,155,66,125,26,121,112,78,167,122,144,162,86,132,112,151,113,102,125,146,115,92,133,137,110,96,80,116,160,87,94,113,128,94,101,170,140,172,144,95,117,144,115,121,48,126,130,121,131,109,109,108,159,124,96,143,128,130,77,103,215,120,105,58,177,99,135,154,110,132,117,121,143,62,165,157,138,117,87,107,88,158,136,139,106,44,31,105,165,117,148,28,104,138,122,148,110,121,143,130,108,120,142,112,102,104,105,126,124,58,101,101,123,118,131,122,118,116,148,58,116,152,50,73,161,120,126,150,130,147,112,207,105,89,150,141,128,139,89,74,123,92,132,190,82,157,82,157,130,144,94,127
112,138,127,124,118,200,159,87,122,152,163,77,124,100,181,18,127,81,132,126,105,103,112,113,0,37,132,139,70,87,172,99,89,117,162,121,210,121,136,127,196,96,73,145,89,142,171,130,59,68,121,143,80,84,132,89,115,150,111,40,122,111,75,135,129,105,75,134,133,122,98,87,149,137,106,94,129,130,151,121,139,96,139,122,147,75,90,139,29,101,146,167,126,124,99,130,145,120,151,66,102,134,90,138,92,128,106,154,67,133,123,162,143,105,124,129,121,138,127,150,110,101,61,50,125,126,124,114,148,126,121,145,158,127,153,167,120,147,124,112,101,157,133,176,133,157,106,186,82,132,119,100,126,100,109,100,159,117,94,118,103,138,120,147,131,106,89,120,100,107,130,109,183,56,122,145,124,91,59,71,75,108,143,117,133,97,183,104,109,103,148,145,68,96,136,118,126,124,129,223,40,128,102,111,129,127,120,141,127,66,134,166,112,101,112,112,56,117,133,95,182,116,107,73,125,132,122,115,86,98,120,154,136,134,162,143,123,134,71,133,99,126,116,144,66,124,118,86,12,161,116,142,107,102,112,114,34,87,141,146,123,181,76,128,65,168,86,100,114,100,54,92,91,84,88,100,124,121,116,106,146,137,180,155,163,133,156,77,163,115,118,110,110,117,109,110,78,35,104,50,108,151,101,156,85,137,128,120,116,139,100,111,151,168,136,113,99,136,117,85,126,141,177,144,33,129,90,227,117,93,101,159,127,129,116,155,146,0,59,132,122,75,131,126,138,132,127,103,66,94,112,140,103,146,122,115,86,146,109,176,129,118,111,100,158,147,149,161,114,67,108,176,57,113,156,127,102,118,83,151,98,131,49,137,101,117,75,125,88,158,119,140,113,130,127,149,122,50,160,63,108,93,141,125,144,105,115,103,90,99,130,102,111,102,124,108,125,122,102,110,107,119,138,25,103,128,108,150,126,123,95,84,160,143,119,129,69,71,71,135,129,153,92,155,121,137,116,89,116,106,137,96,97,60,78,117,119,62,134,129,108,81,154,87,130,92,162,116,130,120,122,103,163,119,113,96,132,99,105,157,133,97,101,130,113,90,134,138,71,140,149,172,128,103,115,137,145,120,106,118,82,108,141,128,156,161,134,129,119,133,139,49,127
121,113,113,121,128,86,121,100,135,147,70,150,142,124,123,119,117,112,94,123,130,122,97,254,152,104,149,188,144,129,80,79,120,111,227,158,184,130,147,229,63,116,104,156,129,102,82,127,1,139,103,84,105,118,135,189,116,100,128,156,45,141,108,128,135,137,82,123,133,180,154,40,135,169,107,121,149,106,151,125,104,100,230,112,88,154,139,62,107,91,124,118,169,145,128,110,136,132,108,131,71,155,131,111,98,119,120,129,109,134,110,180,106,93,130,174,115,98,135,143,185,121,85,111,109,77,127,130,108,129,166,134,18,54,162,86,254,78,116,137,116,143,117,171,135,114,131,100,85,0,132,142,147,127,130,139,133,97,133,124,119,127,113,138,135,106,134,137,175,91,127,106,119,151,94,133,132,121,154,107,144,122,127,144,108,114,169,153,111,115,108,130,138,115,120,98,128,116,92,132,155,0,122,141,114,119,110,157,142,103,134,69,132,117,126,124,96,90,128,128,111,174,111,119,123,134,125,74,66,168,131,103,131,125,152,110,118,116,199,220,124,135,136,138,125,129,116,131,125,99,120,134,119,131,119,145,188,137,104,132,0,112,65,125,131,130,61,129,130,123,123,156,135,119,137,156,98,132,99,123,94,135,151,130,141,103,129,129,134,156,157,134,139,254,129,130,130,159,118,186,167,121,157,106,83,254,117,119,126,132,141,87,110,140,80,118,142,162,144,158,76,142,156,121,129,78,117,97,114,154,141,89,118,123,99,177,124,180,144,158,116,164,48,147,140,132,126,90,157,79,110,110,125,152,96,126,146,184,108,158,97,106,145,152,97,147,97,133,124,107,133,121,107,97,103,127,153,115,121,153,174,7,98,141,163,132,90,17,125,116,132,149,92,8,130,103,137,105,161,111,146,105,123,116,175,103,111,133,114,151,164,131,110,173,112,173,122,138,110,91,125,32,135,144,125,141,106,134,104,137,176,144,137,138,128,89,139,127,154,132,92,129,120,96,101,118,110,154,79,83,135,116,149,116,132,112,152,131,129,134,118,177,136,132,117,102,114,137,113,139,117,132,147,115,129,99,139,116,129,129,126,0,144,121,88,115,151,126,127,101,126,129,147,124,187,160,121,139,146,103,115,144,137,137,135,126,73,140,122,129,120,121,127
121,152,130,87,146,74,94,127,158,122,127,118,118,139,173,60,63,116,118,98,105,35,173,114,137,149,150,126,131,69,134,118,99,70,146,150,60,190,98,120,93,175,115,128,93,124,70,132,121,141,120,89,154,100,123,127,126,95,155,169,135,138,155,134,125,128,109,85,77,136,127,124,104,101,147,118,125,103,108,126,113,157,97,163,137,96,86,113,128,80,173,49,119,79,132,133,107,164,119,61,107,128,142,90,210,94,128,133,107,130,78,120,149,79,99,137,130,131,125,152,101,136,152,120,94,139,80,117,105,133,145,134,81,149,201,139,128,154,0,79,130,87,138,118,100,118,128,110,115,134,139,134,127,132,80,187,105,89,96,127,137,111,132,100,114,120,129,115,153,126,127,121,135,36,98,77,137,136,102,111,142,48,118,117,145,65,137,126,64,99,122,172,138,118,126,128,116,126,94,49,91,119,141,147,117,128,109,128,132,102,90,127,109,154,113,194,111,194,167,62,148,71,111,81,136,121,108,162,127,99,118,122,146,117,126,94,94,139,103,130,117,134,67,135,0,125,172,99,167,91,158,156,79,134,87,182,88,180,142,123,128,61,105,135,160,106,155,98,107,113,89,125,124,86,71,135,155,113,77,123,146,120,120,82,122,122,131,125,136,162,85,114,93,114,102,164,112,112,105,110,107,87,107,139,115,111,114,101,144,175,65,113,63,144,154,119,143,136,62,182,133,98,120,107,114,137,97,93,161,157,119,166,126,130,121,102,103,185,84,127,135,138,92,114,123,103,88,142,108,79,72,160,105,126,146,127,134,163,107,156,110,130,112,125,115,138,96,107,119,61,83,166,168,62,120,134,129,122,122,141,65,122,110,145,113,128,189,109,95,68,137,56,112,123,124,118,131,44,103,41,112,93,149,85,150,188,68,139,127,105,139,124,142,109,120,88,90,109,144,114,119,32,117,137,121,159,103,117,171,139,113,117,148,116,121,135,117,93,95,113,132,107,50,149,76,120,72,108,122,109,87,135,153,114,113,115,75,73,149,156,124,107,118,108,114,66,99,66,130,90,138,51,119,138,89,144,139,139,113,121,122,112,20,128,112,150,117,99,123,131,146,151,179,0,121,131,109,115,129,119,93,120,144,106,161,49,102,135,151,113,108,96,127
84,110,134,129,130,110,183,213,133,135,124,115,109,188,233,104,141,113,128,105,137,117,180,107,128,131,130,119,164,60,163,168,111,153,127,87,40,73,130,128,180,133,198,165,174,178,193,138,91,76,160,75,127,145,143,117,112,169,117,125,111,140,185,100,76,88,78,123,123,177,103,106,173,126,187,43,75,83,103,133,134,113,148,133,144,85,225,127,92,119,155,91,154,137,168,106,118,154,116,142,211,153,160,113,148,97,153,145,95,143,204,209,118,137,160,157,138,148,147,42,151,102,249,178,109,49,132,115,76,146,131,125,194,143,111,144,114,224,117,117,166,107,160,114,117,72,85,173,157,142,129,93,217,251,89,123,111,142,81,151,142,120,107,136,140,153,148,133,107,115,137,168,154,112,144,116,126,175,111,109,197,90,136,122,120,117,112,71,139,131,148,140,133,163,133,155,102,129,43,78,59,92,167,121,142,131,144,76,158,133,177,76,149,221,137,113,15,148,136,181,197,75,172,93,106,148,126,89,197,43,125,147,110,86,204,214,116,184,106,136,125,104,118,111,166,89,145,101,130,112,27,119,135,161,119,133,148,97,91,102,99,173,75,135,72,113,111,137,125,175,49,63,160,113,131,82,112,130,198,186,170,111,71,162,100,90,116,94,129,77,130,188,150,174,111,141,76,139,84,86,78,72,154,254,109,123,107,91,82,117,66,167,91,105,75,114,133,169,122,119,176,95,140,182,159,61,112,138,128,114,112,218,132,96,120,83,104,16,130,109,146,85,152,148,85,161,140,58,172,214,115,138,172,171,127,117,147,68,78,249,140,104,124,103,157,106,132,134,85,123,128,103,224,83,164,134,130,139,113,138,92,187,137,134,81,126,160,151,99,62,147,119,163,114,118,98,158,200,173,147,148,130,126,139,158,117,135,127,88,66,131,121,140,129,94,144,163,113,169,143,106,129,121,203,131,185,115,144,124,98,155,87,114,178,180,134,150,125,137,152,185,132,111,148,113,108,161,143,109,162,141,187,129,149,198,93,127,131,164,150,101,40,104,109,91,150,156,99,122,117,184,119,105,60,124,72,177,131,89,80,123,102,91,164,165,227,101,134,97,123,121,152,158,150,103,125,146,154,140,126,103,180,104,103,139,130,99,102,173,169,41,194,127
148,143,136,128,152,78,94,122,135,133,152,130,127,187,173,127,121,122,128,100,121,74,179,133,122,108,122,114,144,188,83,52,143,141,115,108,1,126,140,150,80,116,118,141,145,127,185,144,114,162,127,150,106,183,101,134,109,109,164,114,138,114,154,140,170,88,39,172,132,202,153,137,117,110,93,156,163,133,142,96,145,134,78,146,87,134,166,133,141,102,79,175,97,124,124,179,134,122,164,96,164,95,124,129,121,109,135,135,152,114,190,121,166,95,111,74,101,138,133,117,168,105,78,178,183,155,115,143,65,120,160,113,66,100,51,115,136,140,130,155,144,140,116,134,127,116,143,103,138,149,134,232,169,86,130,122,127,94,130,164,129,168,130,176,129,150,126,143,75,192,127,133,214,142,113,82,130,147,112,129,115,90,147,156,112,198,126,96,117,130,109,126,79,127,134,114,117,122,103,79,172,143,147,147,115,150,128,169,127,145,163,146,133,224,68,104,180,150,126,134,123,231,147,124,96,155,104,92,148,69,115,195,113,144,93,97,142,143,167,146,95,134,128,165,155,104,132,133,219,86,129,138,57,208,123,152,150,71,93,147,145,172,125,157,76,150,87,137,127,111,152,204,137,213,130,111,110,110,140,135,93,89,117,131,141,141,169,168,138,191,155,118,125,183,122,116,115,93,110,139,184,78,160,137,125,126,155,143,129,143,67,99,97,154,59,109,142,124,87,141,110,90,140,108,102,176,135,62,163,89,124,90,103,130,162,138,94,84,92,103,119,151,167,158,112,128,123,152,111,110,103,79,78,72,124,113,130,87,102,176,122,114,131,123,218,120,172,146,111,110,155,147,144,31,178,137,137,119,151,111,183,149,29,123,146,180,96,156,135,75,176,193,138,129,120,87,121,151,81,118,140,85,138,115,117,107,141,63,124,142,151,120,116,147,113,29,128,99,163,134,137,122,122,155,165,172,128,145,122,125,129,48,99,183,129,148,163,132,100,132,131,138,122,175,133,163,126,149,194,168,132,77,138,122,92,128,90,48,139,136,115,128,109,88,151,145,135,109,152,129,133,122,76,167,128,139,142,176,150,143,110,117,143,97,113,149,127,137,68,111,157,159,121,132,80,178,116,198,139,153,70,71,38,154,145,56,103,189,103,115,156,136,127
131,134,127,116,102,78,128,147,153,131,128,103,117,134,107,127,102,132,95,124,124,147,93,116,130,132,139,143,130,152,130,123,133,60,135,123,197,115,121,124,153,148,115,121,74,142,89,120,128,130,127,100,136,153,119,163,124,133,111,138,122,120,114,128,116,115,153,103,113,123,128,139,141,127,106,130,147,105,31,126,133,133,147,135,124,120,148,131,100,106,108,148,94,127,120,130,115,118,114,102,94,135,127,124,81,127,131,113,102,118,147,116,165,131,122,122,123,116,130,145,114,154,148,145,133,121,121,131,155,128,140,113,130,110,149,128,129,156,126,196,117,126,129,140,165,130,108,129,156,134,134,92,135,120,135,168,110,128,141,122,110,119,125,134,135,125,112,126,125,111,124,82,159,123,119,127,134,123,138,91,127,142,132,130,149,135,110,121,122,127,141,135,110,136,148,128,114,165,104,158,125,144,126,123,125,116,137,130,142,121,115,115,133,154,113,166,112,155,126,124,124,109,111,125,123,133,112,113,129,119,244,122,134,138,133,130,117,136,112,124,99,118,119,151,143,135,124,109,127,145,111,137,129,118,130,109,125,126,129,129,129,148,108,127,122,154,128,123,138,107,133,116,133,109,141,128,112,120,122,123,89,117,105,112,102,127,119,132,97,148,143,148,108,93,167,113,138,111,129,182,116,139,123,133,149,131,140,156,140,132,118,133,142,153,106,69,129,157,113,115,168,131,124,109,118,103,135,135,154,137,91,101,118,130,103,93,111,142,142,94,132,109,112,110,112,79,125,124,167,149,120,123,101,133,100,116,127,77,144,144,133,92,130,132,121,116,114,118,149,100,101,112,151,131,128,128,113,141,128,116,201,119,113,128,105,134,114,139,164,90,96,143,137,115,118,95,117,135,115,108,101,132,118,121,131,128,144,130,112,114,116,107,118,177,139,104,144,81,127,87,135,132,129,157,196,110,74,123,133,117,132,120,98,114,96,106,118,116,118,128,88,131,111,122,123,149,166,121,124,125,135,110,142,132,155,151,120,76,115,156,133,106,113,125,137,133,119,96,119,131,107,137,132,148,119,126,120,140,136,126,114,118,108,110,107,122,96,254,144,121,99,109,146,130,102,123,149,127,111,121,146,114,125,132,140,111,130,164,133,113,142,116,127
114,133,130,130,160,117,128,202,143,126,61,133,219,111,161,151,107,101,103,164,140,142,149,144,125,138,146,202,175,166,146,254,114,176,237,117,155,91,106,140,134,107,155,109,112,136,153,124,187,146,112,109,163,82,139,68,135,254,128,165,122,138,136,121,105,118,121,137,124,153,134,132,114,153,139,160,94,182,92,100,120,113,49,124,159,113,115,130,0,91,113,114,221,124,152,94,118,118,76,123,152,149,130,104,126,98,130,120,117,139,133,98,136,139,254,73,141,123,124,108,161,121,198,95,123,140,127,116,118,164,79,98,52,127,235,172,120,118,112,137,129,130,120,123,116,115,121,106,154,128,124,65,137,167,111,139,164,178,137,122,139,138,144,147,112,102,119,128,76,135,128,42,113,142,173,150,125,129,102,87,0,130,126,118,116,130,160,72,155,152,132,153,180,153,124,139,131,110,115,110,83,159,131,125,112,120,52,132,139,120,117,113,112,121,85,149,150,117,134,111,128,107,127,102,146,128,116,88,177,136,140,137,119,109,121,128,89,117,137,149,77,166,134,139,141,129,137,142,146,115,138,127,99,124,117,103,225,173,132,66,135,108,101,155,154,189,104,129,120,107,140,59,88,120,117,49,101,123,115,142,150,154,153,108,138,128,122,139,138,206,104,155,121,162,138,122,130,104,135,134,116,104,139,143,102,124,119,143,131,124,171,145,119,110,198,136,119,142,146,128,142,127,126,133,146,119,128,132,118,69,140,162,121,116,115,151,110,42,70,130,133,100,50,121,143,163,132,189,144,45,117,254,132,115,165,140,144,137,175,52,118,103,137,145,123,122,110,106,116,106,115,98,149,128,19,122,32,129,94,96,123,134,110,128,144,120,96,149,125,114,145,102,66,134,122,149,100,126,132,138,143,135,144,96,135,109,120,117,116,117,126,127,117,142,144,184,94,160,88,113,142,0,93,130,116,156,147,169,185,122,125,188,101,82,106,128,138,88,134,114,132,120,135,140,93,82,128,178,119,142,106,199,144,177,120,116,93,126,126,140,138,119,149,119,183,122,120,183,127,116,120,103,141,100,119,103,135,74,120,135,120,102,113,124,120,114,146,131,124,161,58,101,188,114,190,171,122,127,135,145,174,147,136,115,115,119,75,139,130,125,137,135,127
147,131,141,114,92,107,140,177,126,131,212,92,120,99,73,113,94,126,179,165,101,132,119,113,157,254,107,137,62,142,200,177,84,129,108,189,70,179,139,112,77,114,57,117,134,153,128,81,106,91,107,141,146,184,115,157,121,92,120,101,117,135,186,119,123,140,157,76,111,182,118,125,76,145,116,132,91,132,122,121,165,57,119,137,175,88,110,145,123,91,254,103,118,101,55,164,1,105,119,148,126,122,111,86,165,131,102,96,62,80,125,151,153,129,119,36,131,77,97,174,97,130,160,92,100,59,133,114,129,105,158,31,87,101,179,129,122,133,136,115,104,62,148,37,100,147,124,113,100,139,132,124,77,212,129,135,35,163,106,126,124,126,140,124,112,205,116,105,152,167,122,99,111,101,136,163,122,106,125,112,111,161,133,99,124,19,106,168,182,111,158,137,105,156,124,149,125,43,178,100,195,93,113,155,96,89,186,122,115,167,77,87,128,127,130,100,223,140,129,80,168,104,128,86,0,131,116,250,153,129,101,123,118,118,118,169,123,121,124,129,133,112,117,144,78,131,148,116,189,46,124,132,100,146,131,119,92,120,186,156,95,112,98,147,161,139,148,122,108,128,122,142,130,134,136,147,145,106,121,132,137,118,116,110,75,128,132,136,125,168,143,158,123,204,116,176,155,102,82,135,129,134,131,134,142,125,146,123,130,167,146,54,101,143,158,102,125,137,109,184,38,157,92,146,126,132,139,209,99,173,85,51,120,109,163,108,110,69,145,137,172,120,75,100,125,233,115,164,15,41,77,120,103,97,75,133,163,161,149,32,97,124,99,121,104,108,172,118,111,182,142,113,107,126,76,144,143,96,84,80,173,172,114,134,121,145,87,202,94,161,117,124,103,76,104,126,123,81,108,101,122,75,116,170,103,120,135,118,104,134,108,102,132,106,112,104,73,177,109,126,159,49,116,210,174,71,171,76,164,98,127,125,70,83,155,60,128,234,137,129,101,143,0,117,181,134,133,25,153,143,104,134,74,81,92,130,104,136,107,132,134,167,119,143,110,127,130,151,109,123,185,112,84,197,113,102,148,143,131,138,66,149,41,142,127,194,168,108,94,169,138,157,148,127,114,92,86,121,91,112,35,145,167,131,70,122,136,183,136,117,163,34,127
61,121,137,141,128,1,103,129,122,99,100,168,134,168,78,104,126,246,140,184,147,96,133,116,119,185,131,112,125,163,144,160,109,87,188,117,204,253,106,133,111,145,241,124,94,126,147,164,143,197,102,156,96,35,159,170,144,144,121,115,111,118,143,129,142,160,121,92,137,104,63,124,182,161,125,226,178,85,72,180,133,126,182,92,142,130,125,222,176,77,114,96,72,92,172,166,178,158,180,140,145,111,102,133,78,122,161,167,169,196,118,0,77,103,141,210,92,108,117,216,16,168,64,111,118,127,146,124,91,144,131,100,151,71,82,85,119,140,109,254,143,111,128,133,144,123,191,254,0,133,128,127,90,156,176,117,254,176,158,121,134,66,134,152,133,132,121,134,119,171,126,132,35,220,170,156,93,140,215,82,134,55,123,128,175,58,113,143,145,113,148,116,118,130,115,121,120,132,103,172,60,122,136,104,133,148,143,168,127,112,137,111,127,97,103,118,189,127,125,59,173,195,99,119,91,81,123,64,145,127,156,92,102,209,180,113,108,92,114,128,70,113,144,179,137,135,135,165,88,140,79,131,163,192,134,211,109,181,101,154,120,103,158,172,127,112,134,135,129,202,69,214,120,164,212,180,78,112,209,254,137,208,114,111,127,133,172,11,165,76,92,87,120,125,143,148,83,130,140,68,192,213,151,152,98,117,107,107,154,117,237,109,164,121,138,92,97,105,196,112,114,66,101,141,149,138,89,131,172,254,163,143,157,147,126,116,166,160,141,142,66,99,123,137,157,130,201,184,145,73,150,64,159,150,109,114,155,213,119,81,115,101,111,121,242,124,164,163,90,184,174,112,112,50,130,120,87,153,120,66,113,135,84,110,161,199,117,133,125,79,120,187,154,113,105,120,105,43,142,114,75,112,114,92,150,64,100,149,245,115,116,115,146,123,98,133,148,116,120,107,157,159,131,115,47,191,82,174,136,121,116,224,117,110,145,131,71,65,140,153,118,159,129,106,95,181,120,174,39,129,140,151,131,79,171,150,131,95,110,111,141,183,119,59,110,121,152,77,147,137,147,131,97,117,131,143,116,201,111,165,123,126,126,156,110,147,100,119,125,82,201,115,116,114,187,68,72,76,158,112,98,49,198,186,138,116,98,123,36,51,144,77,127
66,121,130,101,140,134,94,203,143,159,68,85,126,157,145,204,122,158,130,147,161,132,187,121,115,106,145,142,122,75,120,210,128,125,88,200,137,141,135,137,85,110,116,72,101,162,223,139,184,128,116,128,37,128,111,139,97,50,152,107,125,133,81,144,58,126,149,123,107,123,34,137,162,98,93,101,103,126,65,119,121,67,60,133,145,145,141,135,123,78,102,142,0,160,168,154,141,87,106,74,179,145,108,126,79,160,76,143,117,178,114,103,121,195,107,129,116,116,108,221,225,97,112,84,74,185,112,96,104,129,254,148,52,133,80,107,122,147,138,99,94,114,150,153,144,116,87,87,40,140,152,113,16,108,107,213,118,129,57,199,130,95,113,127,136,129,112,123,175,223,129,148,199,148,230,0,134,45,75,87,112,158,111,114,135,58,101,128,47,130,106,150,83,120,130,151,112,60,126,92,116,130,159,74,88,118,176,33,126,136,152,106,126,135,147,141,163,122,143,236,99,135,138,122,113,73,90,141,99,95,99,125,117,113,83,131,135,154,98,135,162,134,107,97,97,129,139,173,79,118,227,122,64,91,105,104,188,82,97,136,147,162,146,108,108,67,36,122,123,136,85,233,155,136,138,131,97,76,94,118,108,153,67,99,174,90,100,61,163,143,153,109,156,122,125,71,55,16,110,104,96,68,63,66,109,144,124,100,130,163,106,107,96,132,148,132,152,130,216,147,134,138,113,254,55,120,118,38,67,121,95,86,173,127,17,163,67,66,189,74,142,115,212,102,109,116,109,134,134,140,151,115,123,78,102,139,109,150,101,164,133,121,145,140,91,123,65,161,172,114,70,145,132,46,138,113,79,133,173,165,223,127,84,151,254,120,124,124,102,169,64,47,97,130,120,124,96,124,108,112,36,141,128,205,93,97,135,142,139,191,130,137,128,146,133,167,70,144,154,65,67,185,138,40,87,221,94,142,160,189,170,228,73,162,74,158,173,126,67,95,119,72,172,144,151,86,116,132,104,58,112,186,110,141,102,118,119,110,130,136,144,118,155,139,166,135,146,52,138,110,117,69,114,127,115,135,179,114,137,132,155,125,80,133,36,83,187,138,58,160,201,197,112,163,157,207,162,135,137,164,114,127,135,62,147,83,123,172,165,87,120,131,127
122,127,127,132,103,152,62,114,146,111,86,95,160,118,18,119,133,129,112,167,129,70,90,129,127,87,144,123,136,143,175,74,126,161,123,95,177,156,116,110,67,137,35,107,194,132,0,118,128,158,127,126,89,115,103,186,90,148,134,114,117,134,75,126,130,204,133,59,57,114,116,126,101,78,164,86,124,108,109,135,114,206,129,85,135,134,98,98,150,102,108,155,95,117,114,54,124,110,131,136,85,70,114,140,112,85,138,120,143,85,137,115,110,122,158,110,120,113,154,134,117,105,91,123,120,163,128,107,113,122,101,124,124,107,180,166,120,25,112,79,165,142,99,137,163,101,119,175,154,120,117,167,117,154,126,184,145,114,94,122,133,174,118,143,108,115,125,123,170,130,124,114,123,122,96,46,123,94,103,167,105,118,120,126,112,118,107,115,162,125,129,118,170,101,147,100,116,152,97,105,178,136,129,146,140,129,132,146,134,127,122,152,115,137,227,103,217,92,113,103,176,134,154,170,143,115,140,116,128,122,142,128,129,109,151,110,188,165,127,122,132,74,121,151,151,127,120,90,209,132,167,117,92,145,132,123,135,132,142,121,109,128,112,139,147,160,131,139,116,65,146,93,98,164,135,101,166,143,102,118,127,94,97,104,132,136,141,90,101,151,78,118,102,98,195,123,148,137,137,171,105,184,117,107,172,125,117,140,126,137,34,144,103,139,145,121,96,156,50,167,96,118,96,82,149,149,159,138,119,136,58,117,124,152,149,115,151,48,203,108,136,136,145,117,116,91,106,230,115,105,121,116,101,119,127,124,163,122,73,170,132,137,106,101,51,119,76,122,130,121,142,163,103,70,124,120,73,120,128,170,104,123,153,124,177,134,124,137,81,158,56,117,128,124,126,97,121,108,83,128,151,113,115,116,109,130,145,144,167,96,140,128,159,79,127,115,120,146,107,125,116,171,111,8,254,92,103,156,108,118,121,130,153,71,124,118,124,122,168,147,80,117,226,121,107,91,142,105,152,154,156,119,88,101,107,122,130,145,149,123,130,129,118,148,112,114,108,87,124,132,119,117,103,69,131,140,136,157,131,127,119,126,79,96,157,125,90,111,91,130,127,195,167,154,97,143,147,90,147,146,132,99,105,114,120,128,148,138,142,152,86,188,127
145,132,120,133,133,92,109,51,122,120,136,142,136,115,84,105,183,125,161,115,131,96,105,147,121,202,138,254,108,147,41,29,142,94,124,124,64,148,86,101,131,140,120,81,90,116,69,130,144,147,113,104,81,128,140,186,121,118,86,138,116,119,165,135,132,121,96,89,129,143,172,117,130,132,178,133,108,125,146,123,122,110,214,121,105,146,109,125,163,152,131,140,125,148,143,103,101,122,140,121,216,132,110,113,196,122,105,116,154,102,138,104,128,127,169,141,129,136,117,89,115,153,142,131,134,86,148,126,96,140,120,72,120,129,110,76,104,130,84,135,207,105,100,131,155,114,135,113,118,107,95,153,112,160,94,171,124,128,56,121,108,124,148,151,126,131,113,132,115,109,123,113,122,144,133,149,132,112,140,129,103,158,154,147,133,126,99,130,110,128,106,122,120,141,117,111,133,143,143,105,78,140,101,137,127,132,122,143,137,115,126,163,108,121,108,147,123,58,123,191,118,121,107,157,124,120,136,145,102,135,138,133,136,149,121,116,158,106,137,121,140,119,125,131,113,115,117,102,132,162,137,138,163,155,128,132,29,106,128,89,129,124,67,139,137,103,115,137,137,124,135,118,121,136,82,129,123,123,72,123,136,172,94,83,90,136,109,169,116,175,112,156,138,146,118,105,121,156,46,137,151,125,130,118,100,123,100,138,151,122,93,137,128,100,112,131,126,110,84,137,64,104,117,139,116,119,117,93,123,200,105,56,147,113,85,79,103,156,122,237,129,128,136,147,118,156,143,106,110,89,140,126,130,100,122,131,127,119,138,148,140,124,152,131,151,144,115,106,151,91,140,104,192,140,123,140,75,137,103,136,189,98,157,137,81,165,108,94,113,144,129,131,137,131,142,70,152,128,98,153,127,114,138,128,133,127,118,159,112,118,103,147,152,182,124,153,140,148,115,112,113,95,129,97,152,123,109,134,87,107,100,187,128,133,117,135,122,144,174,161,127,121,148,113,153,144,106,163,119,167,112,127,108,113,237,113,123,136,113,131,118,159,125,121,165,114,119,101,129,134,133,138,116,107,116,139,98,153,144,127,88,141,124,134,151,146,127,110,144,142,109,128,138,114,23,122,119,139,124,126,114,180,126,139,127,133,110,129,129,143,133,161,127
102,121,115,110,170,86,118,144,131,108,129,84,96,113,117,116,95,84,136,84,122,117,123,93,156,99,113,108,136,112,103,99,126,157,214,133,108,103,128,114,114,127,186,27,100,112,175,130,114,78,138,101,116,97,135,107,141,179,126,143,138,137,168,136,112,130,149,111,122,99,77,147,153,111,157,78,158,92,110,123,142,116,122,136,119,101,103,155,77,122,121,113,81,114,77,132,90,103,149,123,129,170,121,143,89,138,120,118,69,113,159,139,88,141,152,129,117,107,133,111,73,176,123,121,121,63,130,140,59,131,151,90,142,95,180,134,132,104,126,101,124,91,127,71,121,121,118,152,155,127,116,149,162,33,105,150,208,136,97,95,150,131,155,99,109,88,142,144,118,89,130,73,144,150,74,155,130,136,136,47,120,147,127,112,139,125,156,104,107,84,117,140,94,114,116,188,154,159,145,113,44,113,73,124,121,119,96,118,133,155,115,123,138,98,83,133,144,83,128,88,147,102,138,100,93,124,142,65,152,79,122,106,130,120,169,98,122,144,99,123,120,164,119,131,98,140,127,146,48,16,166,129,94,142,114,125,173,113,143,162,116,90,49,141,94,128,154,120,120,145,168,87,116,113,131,119,127,120,155,161,187,109,181,115,146,121,119,65,98,110,97,85,125,160,132,169,109,146,136,134,113,138,84,134,139,130,118,151,115,101,171,196,140,165,105,157,95,126,153,75,66,105,110,93,171,77,123,155,110,131,177,133,164,137,65,114,134,84,150,177,124,114,104,107,134,148,143,121,112,124,112,128,138,158,156,130,183,141,54,105,128,87,184,176,167,126,125,107,130,117,148,66,102,72,105,142,141,143,74,129,169,144,135,126,107,149,127,126,59,75,152,133,120,124,127,158,139,130,86,137,111,67,138,104,157,105,118,117,139,115,133,134,121,156,105,81,131,173,82,146,100,141,147,160,53,192,154,146,102,149,112,164,117,85,141,145,132,87,121,99,91,153,129,117,106,100,74,107,114,100,158,127,127,115,68,127,134,99,164,142,141,98,147,133,165,121,142,197,122,133,146,129,106,65,118,83,158,125,125,114,143,113,132,126,117,170,114,124,101,155,147,117,91,107,146,115,103,105,128,104,109,138,114,121,113,107,152,82,143,96,108,51,127
169,139,122,123,200,42,88,152,116,131,133,157,162,70,106,150,127,0,106,131,122,152,101,117,123,110,0,129,0,69,140,96,101,112,143,146,235,54,21,118,137,150,84,172,179,150,144,112,100,106,130,105,118,199,96,113,139,92,142,154,135,167,139,0,140,92,132,69,153,149,141,156,103,131,108,148,173,94,150,140,67,183,119,125,121,104,144,77,85,165,124,141,139,108,127,30,173,160,115,142,81,93,182,128,45,147,91,133,137,161,236,139,118,98,209,17,133,129,97,128,118,136,166,140,157,214,120,141,138,122,117,90,38,81,107,158,116,32,148,93,149,127,129,174,138,121,135,132,102,120,59,149,153,83,104,33,161,105,133,226,185,143,114,151,126,116,0,58,163,134,124,116,118,109,153,136,134,113,144,132,170,86,164,118,142,189,145,140,136,127,103,138,90,129,124,133,110,156,181,87,161,124,153,130,103,57,153,138,185,193,143,108,112,156,71,169,27,49,130,103,137,120,231,110,106,162,102,24,127,92,125,113,120,124,158,132,82,109,128,119,141,142,115,120,160,82,147,0,160,125,146,137,133,152,129,95,175,135,95,139,120,115,123,118,129,206,170,131,120,174,109,146,61,102,254,107,115,112,127,202,126,155,0,136,64,138,130,96,83,185,109,97,167,150,132,115,150,161,167,252,142,114,173,167,185,130,127,139,0,151,103,99,146,106,124,102,133,90,167,157,163,138,49,83,159,72,105,156,107,117,112,133,115,135,171,87,144,73,147,0,126,159,61,135,134,127,117,138,130,137,123,57,3,172,138,138,145,109,132,94,121,116,143,119,90,104,202,0,126,164,143,0,136,127,160,141,206,79,2,145,168,122,140,143,221,52,189,107,65,33,136,162,148,122,126,75,138,172,140,155,151,147,130,90,111,108,125,72,140,126,140,152,89,77,140,130,100,120,116,147,124,29,116,175,84,150,154,142,127,132,154,83,150,167,82,119,105,142,150,145,137,158,129,121,152,150,144,111,136,148,123,57,141,105,104,128,118,145,68,137,141,171,9,132,0,140,162,83,136,123,135,129,130,101,132,6,184,155,145,108,84,106,170,153,113,109,136,133,130,146,0,216,126,149,117,66,103,146,98,80,93,135,196,109,163,135,124,167,76,161,149,140,127
128,121,101,137,147,117,140,142,124,136,111,141,130,130,160,113,47,136,135,122,130,117,92,127,169,145,137,117,140,137,121,129,123,30,118,121,95,130,107,145,124,158,134,162,87,114,132,142,124,134,149,107,78,136,114,127,121,129,123,185,127,129,96,119,127,140,100,102,146,146,99,117,97,66,128,134,122,124,76,126,121,136,137,122,124,91,117,100,106,160,121,65,108,137,129,196,229,122,128,118,72,108,115,107,254,106,115,82,120,151,132,125,144,146,120,110,129,132,130,167,131,137,97,254,150,104,128,119,121,129,142,109,131,163,116,116,132,97,148,131,170,86,139,163,147,132,126,134,138,132,114,134,83,133,122,187,138,117,207,86,137,129,103,119,124,138,131,160,125,132,141,133,81,67,139,141,126,105,140,80,113,133,122,148,129,152,130,97,101,135,132,131,128,137,130,113,140,131,170,116,102,124,132,139,123,134,106,120,122,92,135,183,126,120,101,189,82,60,127,116,115,98,138,150,127,130,117,89,130,80,127,124,122,151,124,97,109,118,109,124,115,118,126,133,150,129,133,115,131,148,128,145,222,119,140,110,125,123,138,123,101,113,104,121,142,147,226,110,119,135,145,119,145,144,141,92,100,123,123,147,114,136,133,174,64,118,130,121,113,135,140,118,129,112,91,119,139,130,186,149,123,141,138,95,114,145,100,127,109,140,169,111,115,99,155,136,125,136,130,127,166,106,132,145,114,146,126,104,122,125,136,130,124,124,145,66,145,101,118,105,118,128,124,120,126,150,140,132,61,170,107,126,158,124,120,122,110,159,116,123,115,81,129,132,119,83,121,127,142,126,121,151,163,172,120,132,139,130,149,124,131,107,163,139,96,108,149,143,158,123,106,140,161,119,125,127,86,144,91,73,135,115,129,142,91,147,111,118,139,110,126,129,125,138,134,144,123,138,121,124,84,147,126,117,166,109,103,136,117,163,134,112,48,135,130,144,145,92,148,73,136,124,148,163,119,127,99,104,130,130,145,118,113,99,202,112,105,173,119,129,146,135,141,125,128,128,156,159,125,135,134,130,119,101,111,131,136,136,133,108,100,125,149,127,137,70,137,118,130,131,132,120,126,120,115,152,99,138,131,116,164,141,103,128,102,85,122,116,116,119,141,175,127
128,188,138,48,115,122,106,121,203,144,152,95,124,160,134,123,134,138,120,120,0,104,94,125,133,85,134,131,146,74,137,175,137,128,139,168,161,85,136,128,123,136,144,113,150,114,164,134,142,149,134,161,118,254,127,169,137,131,148,115,129,146,101,142,136,101,148,139,133,115,113,104,124,150,131,155,141,113,140,131,134,15,108,253,129,126,115,144,142,106,95,140,90,132,75,91,127,96,78,141,129,193,141,109,106,0,118,123,169,85,163,115,136,163,133,119,68,123,129,144,143,144,101,142,122,99,68,0,104,113,181,129,142,121,135,254,138,135,134,144,133,137,136,143,176,133,111,91,136,120,135,89,124,127,153,254,123,74,139,124,137,103,146,106,144,106,129,120,0,137,127,125,132,91,140,154,132,126,207,125,152,180,137,134,123,117,139,124,147,141,126,183,123,134,130,140,132,53,158,160,118,132,122,150,91,144,125,130,127,157,104,130,127,206,116,128,141,118,172,138,136,178,122,107,122,123,0,158,152,144,123,171,116,140,133,130,17,127,108,126,177,120,34,119,127,91,214,139,171,111,139,173,136,122,68,122,118,105,110,178,120,162,137,127,136,254,137,126,130,158,137,80,97,164,140,112,132,0,118,128,129,126,130,133,151,1,148,60,128,155,108,133,120,126,136,132,137,112,158,124,156,39,144,131,108,135,148,125,128,219,139,147,156,137,129,125,104,162,126,114,116,146,147,115,140,128,118,77,86,132,114,121,90,128,124,129,130,100,159,141,106,200,161,122,177,142,148,163,130,135,89,220,141,136,120,120,133,107,136,245,130,133,139,143,168,141,107,146,123,124,153,141,119,136,25,142,155,135,134,142,130,130,135,160,130,168,254,141,126,151,123,1,129,138,119,124,131,101,127,141,133,145,201,111,136,151,133,121,133,153,133,149,138,138,99,132,162,146,128,57,129,145,130,132,153,79,228,138,201,163,146,142,139,131,202,128,110,136,84,136,104,116,127,68,124,128,136,159,154,154,48,161,139,142,124,137,63,128,108,168,142,152,107,148,127,0,114,121,133,42,130,52,133,110,40,134,131,40,115,123,121,128,126,120,181,124,206,147,139,132,149,136,130,121,144,102,30,121,0,143,104,179,47,121,130,125,139,125,112,139,141,103,127
117,254,100,0,140,99,157,154,254,1,115,105,142,129,102,117,122,103,123,137,51,116,126,99,134,52,97,116,126,128,132,45,143,127,142,254,137,123,120,99,108,254,175,106,98,118,30,136,55,188,77,48,124,139,82,89,94,110,151,110,94,139,120,134,105,106,100,182,137,133,91,66,183,110,139,112,159,125,90,123,142,160,108,177,138,140,119,105,119,100,166,78,109,99,128,210,81,253,0,119,131,177,129,1,84,43,132,104,96,84,114,129,140,162,123,119,101,120,96,167,131,126,91,128,121,87,0,120,56,132,147,125,112,92,162,104,85,117,140,93,144,118,97,64,129,0,144,139,34,104,133,115,135,113,0,180,116,1,133,64,12,135,113,81,109,123,131,117,104,107,130,115,118,146,175,141,104,125,76,62,110,97,137,119,111,152,147,107,163,124,96,254,53,84,113,102,100,129,30,81,121,113,138,134,92,129,123,90,99,144,116,105,122,163,152,56,122,103,254,120,153,149,111,144,150,132,161,70,9,120,104,74,114,102,88,154,5,131,114,100,114,103,0,94,130,254,254,115,177,128,117,254,123,85,0,100,129,158,0,152,97,134,104,130,132,90,69,121,122,95,123,138,148,113,113,125,93,121,141,144,122,145,143,107,144,32,120,177,114,87,150,144,113,127,145,108,135,146,145,86,119,64,114,127,109,96,113,125,153,254,121,51,93,153,84,136,141,146,105,145,121,130,111,137,120,126,105,102,0,141,94,135,130,118,154,10,122,118,115,139,108,199,84,112,133,115,89,71,138,121,77,172,133,162,134,140,118,132,97,131,84,101,121,119,98,82,162,105,117,87,129,81,137,84,22,134,131,113,165,139,114,107,112,254,132,98,213,86,105,7,166,146,98,92,119,115,149,68,115,150,104,133,254,98,101,34,129,114,97,146,146,109,139,124,97,96,73,64,126,179,125,101,104,120,78,134,94,118,254,93,149,151,120,143,99,134,147,127,115,120,141,108,119,114,123,112,137,116,129,71,0,129,107,119,133,103,0,115,139,254,85,144,166,172,120,136,127,132,111,1,112,0,103,118,1,106,125,109,130,118,146,102,128,116,95,151,178,113,97,129,119,122,116,137,80,90,1,139,84,120,104,123,158,165,142,163,145,131,116,124,80,88,127
103,126,142,160,143,91,141,212,119,70,127,40,179,121,105,106,119,155,111,178,160,187,158,147,138,219,111,129,138,123,87,170,147,158,110,7,199,136,113,150,141,132,195,161,120,141,180,105,214,36,145,81,128,57,128,193,111,73,108,153,132,119,129,152,151,158,72,56,146,152,123,129,207,104,53,114,95,128,200,91,116,207,120,111,158,181,137,254,150,200,79,128,170,94,203,192,190,103,136,105,171,116,154,132,134,134,160,149,119,153,132,105,139,86,145,127,127,151,133,90,64,98,2,192,124,215,136,127,74,156,112,153,135,124,11,176,159,61,138,177,157,151,139,84,124,178,103,234,197,140,118,115,26,88,120,180,100,134,139,147,99,108,73,223,127,182,98,129,146,54,129,113,233,141,106,144,127,81,165,163,187,130,123,139,107,186,139,59,145,143,96,120,123,135,132,143,135,65,140,88,106,163,152,121,162,132,112,170,158,155,214,189,134,82,128,151,202,136,126,125,85,174,117,136,147,163,132,143,146,150,133,122,146,103,134,168,170,130,92,151,178,131,130,125,77,136,128,94,144,115,141,131,130,139,142,139,72,99,122,81,141,128,149,161,127,82,102,101,139,66,163,113,136,104,92,198,143,144,109,119,124,127,127,135,128,133,121,19,136,54,138,161,134,152,102,113,119,79,69,157,115,106,108,86,100,148,165,114,143,87,103,141,146,142,131,141,157,120,98,70,150,146,150,144,95,124,88,169,203,147,134,115,85,76,134,210,86,172,130,127,154,143,171,128,50,152,129,66,91,107,142,140,112,88,125,85,124,190,139,18,142,141,168,182,92,159,170,121,117,105,121,89,119,170,189,113,48,169,107,186,243,139,156,160,38,100,127,132,136,183,113,122,193,153,133,119,149,176,108,116,83,128,98,171,77,132,137,156,58,129,104,152,137,172,130,183,167,35,104,192,133,200,128,224,155,198,124,180,92,130,150,99,131,125,140,178,179,152,187,122,154,130,105,148,128,126,148,150,130,169,146,69,99,91,114,136,162,165,110,125,116,145,128,230,98,126,156,104,140,121,163,162,191,161,121,140,148,124,55,144,111,128,120,136,153,147,45,141,137,97,142,111,140,130,199,210,176,84,132,117,178,182,132,180,124,136,171,220,127,195,96,21,127
129,130,140,119,136,227,115,108,144,166,93,30,149,206,161,108,142,35,95,109,112,103,39,124,108,93,143,111,125,59,89,128,119,135,106,112,180,164,82,105,109,91,198,124,155,112,198,97,115,112,94,81,79,79,94,147,91,114,106,190,100,126,160,118,165,94,16,60,135,97,114,118,170,141,135,89,162,127,146,133,90,196,106,135,99,124,93,207,104,112,149,122,136,109,130,147,100,115,140,106,95,108,96,155,93,140,106,123,135,22,121,128,0,0,145,18,121,136,126,21,1,117,99,52,176,190,110,104,100,114,129,109,194,84,43,59,123,118,133,70,108,124,139,103,70,124,151,130,90,107,117,85,135,146,224,241,87,88,97,196,132,111,80,75,119,124,131,106,73,111,126,106,240,71,142,122,130,110,106,118,83,98,80,127,78,144,127,158,81,98,129,131,113,141,124,99,104,97,112,94,123,119,109,125,197,104,93,154,117,134,130,122,110,125,78,100,170,105,130,110,83,165,172,94,130,91,81,107,123,120,141,173,116,159,1,139,117,66,48,121,131,92,119,101,120,117,164,127,40,93,79,144,141,140,129,190,95,36,120,192,97,15,117,130,135,28,33,109,125,104,126,126,111,171,77,117,167,89,126,36,120,148,133,142,158,110,108,86,122,15,159,41,121,115,123,77,108,111,102,146,0,96,123,114,93,109,132,127,146,146,57,91,139,129,105,142,167,56,0,2,93,95,123,177,103,195,92,60,168,94,105,101,254,115,112,173,89,58,141,114,33,75,104,102,88,117,86,179,120,78,150,191,147,119,145,70,146,88,153,120,109,127,113,132,89,97,154,141,109,109,79,127,138,159,81,79,9,124,149,145,119,121,82,123,93,88,115,118,120,157,152,109,136,121,139,113,101,148,116,97,38,145,141,1,113,140,120,254,89,130,88,137,139,106,179,86,115,81,90,150,128,104,147,112,160,100,190,139,89,116,109,168,119,18,96,117,139,79,50,126,107,121,122,86,112,92,130,142,147,88,144,137,91,94,71,78,88,210,150,135,105,132,95,55,75,111,148,107,122,131,126,118,172,75,93,57,190,69,117,126,135,138,115,130,99,103,0,129,121,141,97,0,114,126,79,80,120,138,131,113,98,191,126,124,91,112,130,114,88,87,155,130,127
123,124,130,113,117,177,114,156,119,133,70,127,121,124,118,129,127,111,118,139,145,124,110,171,143,157,126,48,164,114,113,101,147,199,13,117,127,99,111,125,167,152,112,147,126,112,137,124,171,114,130,89,95,113,120,39,117,65,136,125,140,90,156,128,100,94,142,141,125,152,161,113,116,90,141,179,64,127,113,146,127,40,68,70,197,127,107,134,225,92,137,178,202,198,189,72,116,122,163,115,134,117,144,150,149,124,103,130,146,143,159,89,161,130,17,69,162,123,129,73,181,120,155,139,137,121,118,113,192,133,68,106,44,139,210,145,135,162,150,126,125,136,127,155,109,145,89,118,152,152,130,76,136,122,107,164,135,129,108,105,132,107,124,112,246,139,128,134,124,115,128,141,147,155,140,155,129,100,102,183,129,106,131,122,139,156,149,91,148,120,111,112,108,155,120,130,151,115,111,129,102,101,190,108,121,127,202,135,153,134,118,132,112,156,86,145,164,128,129,182,132,138,108,108,119,123,126,167,153,69,126,188,123,120,152,161,143,94,126,101,108,20,126,126,116,135,119,144,94,93,22,125,105,188,141,107,209,156,125,33,97,100,142,123,125,147,120,122,126,146,133,33,128,115,115,47,116,133,102,141,92,83,179,109,148,147,108,128,143,176,112,142,104,174,109,125,124,161,127,140,130,124,133,66,106,126,103,128,114,119,130,152,110,125,137,133,186,117,163,87,145,118,85,122,133,106,131,122,215,141,135,122,116,108,120,158,149,155,102,138,140,66,80,140,104,144,133,117,177,172,121,220,137,116,100,127,122,120,0,79,142,150,131,157,173,120,105,120,167,152,130,112,106,162,124,165,221,132,146,103,70,172,151,119,132,121,106,183,162,59,115,102,153,145,127,140,152,143,168,143,95,110,128,118,137,172,136,124,138,110,141,115,116,130,172,137,119,133,161,104,143,72,66,93,129,114,168,151,181,111,83,149,156,156,179,119,119,103,125,130,121,88,120,151,154,89,120,50,137,15,92,195,108,167,106,128,119,130,129,125,129,98,121,80,96,126,108,125,125,152,120,136,134,99,121,134,98,142,97,139,113,187,136,110,111,131,148,135,125,170,156,117,104,124,146,120,189,121,135,149,116,221,122,102,137,108,127,100,149,160,26,155,127
124,137,139,118,87,122,97,131,128,115,105,157,158,167,161,79,108,155,124,150,150,133,152,103,154,123,109,142,123,136,132,149,165,180,136,143,115,115,128,127,201,141,98,125,128,120,66,115,107,124,128,127,135,112,124,207,108,107,150,144,116,124,99,119,148,128,114,65,101,153,113,78,105,146,240,144,103,117,127,185,127,128,108,120,112,73,90,105,80,123,120,47,126,108,141,127,78,142,125,186,112,179,168,94,155,155,141,136,133,98,115,91,136,107,127,145,116,129,111,133,141,122,237,186,150,115,124,125,132,111,130,121,77,100,112,105,131,79,99,100,155,38,133,138,123,131,181,103,97,120,127,124,200,174,139,154,219,127,96,166,104,124,126,107,123,137,100,126,128,141,129,111,132,90,139,93,129,170,126,84,124,153,130,138,148,155,75,123,155,104,134,110,111,121,127,95,140,145,137,136,54,135,114,149,142,138,135,123,107,155,165,104,109,126,102,226,143,162,120,134,81,169,129,138,102,121,117,114,165,115,126,126,121,129,146,146,125,107,104,124,122,101,123,145,93,128,132,128,215,97,176,124,99,163,121,134,144,113,127,105,140,160,125,125,140,105,106,99,133,95,91,171,100,136,143,144,123,123,142,148,118,124,126,121,153,96,131,107,155,91,88,106,79,138,200,152,110,128,85,133,152,109,129,203,119,105,151,156,140,157,76,122,123,173,112,133,122,124,99,138,122,127,103,64,125,121,144,101,145,145,93,102,91,110,153,59,122,96,112,173,99,128,110,125,118,113,105,125,122,154,134,131,107,110,105,130,141,116,124,127,121,110,102,97,128,166,136,127,163,136,130,146,123,106,101,115,197,126,170,161,67,142,139,149,139,141,153,98,149,140,188,119,127,128,134,155,123,131,134,73,136,137,143,123,157,126,165,179,124,125,122,173,157,152,106,133,137,152,142,106,127,40,121,120,136,120,116,113,150,110,101,150,10,129,138,116,130,110,123,166,112,147,163,151,73,118,169,142,131,103,122,101,165,114,51,109,115,130,138,142,125,99,114,112,137,133,136,113,124,122,74,123,133,91,125,108,137,158,125,122,125,122,74,121,131,149,106,111,127,90,89,144,185,104,120,147,112,143,129,122,140,180,122,114,120,63,74,149,132,87,137,166,127
153,126,116,108,146,94,39,107,137,121,146,62,65,53,81,146,154,166,102,0,114,177,136,129,103,149,18,131,110,87,17,112,126,172,142,104,166,83,174,119,100,149,127,117,126,145,128,153,140,70,141,169,96,155,133,120,121,125,132,106,122,133,60,115,167,82,136,235,156,89,160,66,163,118,121,142,133,106,68,133,157,154,170,177,92,89,104,122,127,101,70,72,180,121,79,169,130,69,145,97,97,56,109,109,74,107,135,109,184,104,96,88,133,111,121,177,133,126,0,96,89,122,60,125,110,171,114,128,36,147,125,131,148,139,157,223,120,112,148,148,91,197,129,128,54,143,0,97,202,124,116,162,87,127,154,108,202,93,126,166,49,122,55,145,126,97,59,140,87,136,129,120,193,134,1,80,142,93,0,132,135,141,130,139,111,86,126,143,184,118,89,135,75,148,132,128,131,211,118,146,162,123,127,174,143,129,155,89,108,90,169,125,113,152,0,127,190,125,125,67,81,185,148,151,148,120,110,73,137,107,135,188,119,147,145,69,137,49,180,121,61,120,119,140,121,83,139,55,123,146,185,129,91,113,128,151,15,86,132,150,137,83,99,106,59,169,139,115,117,141,124,142,84,129,136,109,86,110,0,136,121,136,88,143,56,116,179,75,142,226,136,199,188,115,141,121,76,120,47,129,131,93,119,136,157,131,166,159,6,144,61,123,112,121,51,123,107,158,114,154,73,86,156,62,110,172,117,118,97,70,119,129,94,139,42,133,122,88,95,82,100,159,113,98,88,138,115,171,120,67,109,113,3,94,155,139,120,76,143,0,121,130,151,127,169,133,156,146,125,82,73,127,127,116,108,130,107,101,179,143,136,113,91,134,117,162,74,131,160,99,117,132,151,124,118,136,113,93,126,145,59,96,120,131,143,149,179,154,120,39,147,189,101,138,148,167,81,187,144,98,142,150,137,81,69,162,169,144,166,144,107,126,0,174,188,129,150,152,97,98,0,148,89,179,158,171,157,124,111,150,116,86,103,114,49,91,108,114,146,120,108,93,51,85,149,86,159,103,139,101,141,105,121,134,125,103,102,148,120,165,93,99,102,163,125,152,124,136,110,116,66,134,74,141,153,121,96,137,106,119,112,162,148,102,154,15,108,143,109,156,156,75,127
115,115,128,126,96,134,120,198,130,131,111,94,80,95,0,115,74,142,140,112,126,153,180,102,124,115,122,119,135,56,57,130,76,141,123,137,168,132,79,121,188,112,127,106,86,92,109,117,97,124,117,152,123,98,131,91,126,69,112,98,137,129,65,126,110,171,103,98,107,131,84,183,129,102,115,102,107,103,147,94,122,119,105,144,167,87,113,126,137,78,96,151,145,115,111,73,157,132,126,125,153,82,114,148,57,139,153,136,62,136,86,163,112,142,111,125,113,118,122,126,100,113,53,138,104,81,144,122,145,116,101,148,152,164,208,88,104,124,107,120,104,138,134,117,169,129,131,171,100,147,135,74,134,46,86,132,118,121,187,120,116,106,94,72,121,111,128,119,112,144,135,118,132,114,56,180,137,122,115,107,126,177,114,124,85,91,118,71,104,119,147,144,125,138,130,142,121,117,69,254,102,112,114,118,123,134,118,119,128,142,127,175,142,165,133,85,113,83,111,117,88,75,130,83,134,143,125,143,111,216,135,105,101,89,127,112,125,148,71,126,119,136,106,104,111,105,125,122,91,97,124,133,37,79,127,134,112,89,185,120,96,97,112,118,100,193,116,125,116,120,131,125,131,127,130,109,127,120,109,150,111,131,140,130,109,133,93,73,119,86,58,153,120,87,154,109,120,113,174,141,72,180,90,79,133,150,77,97,127,156,125,94,177,122,96,124,107,106,86,136,60,114,111,151,143,108,88,254,166,163,96,135,86,168,128,15,173,123,120,100,135,123,98,98,105,112,120,96,122,100,132,124,127,151,138,125,120,159,154,179,142,113,106,103,99,115,128,128,131,69,120,94,76,23,149,114,134,131,127,138,67,145,101,119,109,113,121,161,125,160,98,115,130,117,135,118,176,68,72,173,105,97,125,172,105,87,142,146,134,110,117,137,123,91,134,99,119,114,118,123,81,129,121,72,69,164,115,108,128,135,191,84,108,84,82,98,110,154,91,113,93,133,102,98,107,156,117,36,131,124,133,132,89,126,103,112,120,147,139,117,108,111,110,104,130,130,149,150,123,119,116,116,114,86,129,126,126,118,129,113,125,145,68,121,111,78,121,118,91,148,128,143,151,94,161,145,115,71,119,101,129,63,101,122,97,84,114,77,124,96,110,110,127
123,130,120,118,117,139,122,118,144,143,125,147,148,149,189,104,82,107,61,155,119,173,65,164,107,118,147,53,128,185,52,78,174,51,174,121,147,122,193,108,134,146,174,100,101,145,72,106,111,128,104,172,198,80,114,197,126,121,115,133,112,166,132,146,115,88,80,160,155,118,113,134,65,104,93,106,139,114,126,136,138,135,85,120,109,168,134,133,130,125,127,118,136,104,133,215,108,105,109,102,76,116,138,136,69,129,60,102,125,131,169,73,94,134,92,100,105,120,126,171,157,91,118,127,130,159,124,131,61,118,119,139,138,167,59,176,117,227,84,116,193,143,132,162,70,139,142,132,131,118,126,113,85,204,135,114,106,131,146,86,107,175,88,142,105,53,109,97,188,151,119,151,113,151,103,94,134,79,117,92,119,144,141,151,138,43,69,114,182,146,120,123,157,120,124,112,115,110,99,113,142,120,143,139,131,73,116,150,118,89,149,172,167,124,88,104,78,122,130,134,95,148,120,101,122,138,102,92,58,84,139,145,110,131,93,98,132,86,116,112,118,126,133,112,115,117,130,123,231,92,137,117,103,166,128,136,66,125,78,115,140,113,119,119,146,142,68,119,128,99,117,152,119,100,68,132,188,98,85,104,67,138,31,145,41,130,194,111,147,124,202,179,148,142,116,100,152,95,1,103,193,75,131,136,168,117,98,96,163,129,110,133,103,118,113,95,111,150,131,120,163,104,144,57,94,133,150,58,55,115,144,231,139,112,56,99,127,38,106,51,129,174,131,127,129,142,101,165,115,66,115,123,111,74,128,140,127,160,82,124,146,152,141,144,111,130,126,144,121,94,106,156,130,85,126,127,168,117,127,106,74,119,113,120,179,152,134,95,131,171,98,117,111,133,146,146,129,176,127,80,123,156,141,136,153,113,91,52,139,142,159,152,98,56,141,128,77,161,102,147,121,145,124,88,135,130,67,144,116,120,106,129,159,101,190,118,131,104,57,110,113,133,176,105,94,74,172,133,139,110,123,114,134,115,101,96,110,126,99,132,112,121,125,165,136,104,82,92,134,120,138,115,104,120,120,208,137,130,115,172,95,123,96,134,90,127,122,136,117,138,146,149,126,167,71,145,148,165,122,82,132,111,91,87,169,107,98,132,87,132,146,152,127
114,112,138,135,141,101,143,122,136,126,132,122,151,136,138,114,143,96,114,91,141,179,138,123,145,131,131,132,121,150,121,132,128,93,142,146,126,115,129,126,84,112,151,164,165,138,53,118,121,120,122,105,110,149,117,155,120,125,119,137,118,131,131,123,115,114,112,153,133,119,121,177,133,157,109,124,125,103,67,124,127,105,141,129,135,96,116,127,136,125,139,142,125,133,137,124,118,130,125,103,135,123,111,136,146,148,134,60,94,183,138,141,135,115,125,137,114,118,96,117,118,142,127,127,143,131,138,126,127,119,138,150,134,82,194,74,128,100,106,124,109,28,121,115,147,133,116,128,152,127,124,136,130,115,128,107,112,110,68,135,118,113,117,130,130,122,113,119,138,132,129,115,147,138,93,124,126,140,137,7,148,127,122,126,134,119,127,119,139,128,154,123,128,114,127,109,129,133,150,127,135,129,127,114,121,119,135,116,145,65,135,138,140,127,111,107,104,109,128,129,125,110,113,154,121,124,121,105,119,152,202,115,129,122,186,128,105,121,107,129,113,132,133,136,135,113,121,123,183,139,128,127,120,105,117,122,161,131,125,131,125,176,92,118,106,155,167,131,124,120,134,138,103,118,152,135,112,123,140,108,131,124,83,211,163,126,123,142,105,187,116,114,138,84,94,125,141,124,149,44,118,128,137,100,142,119,118,95,122,143,147,126,129,156,89,109,122,130,147,134,127,127,154,127,118,112,128,149,125,95,154,77,136,129,110,111,129,88,108,100,128,124,112,146,111,113,133,139,157,115,139,125,84,131,116,131,126,83,136,146,140,166,112,130,103,138,113,120,124,87,148,130,136,90,133,122,182,110,108,116,219,128,128,155,127,139,114,118,254,127,127,123,125,121,135,106,132,129,141,152,114,124,119,138,164,118,154,106,92,114,131,124,81,140,121,142,146,16,139,104,132,139,122,0,73,138,69,124,102,120,118,108,88,107,126,125,114,129,115,115,115,131,120,102,149,117,116,101,84,158,144,138,141,138,149,122,126,114,122,143,146,140,122,135,117,110,123,87,145,129,117,112,133,172,113,163,125,153,130,78,131,128,134,132,119,119,108,102,121,115,85,107,136,112,158,136,92,106,114,136,114,123,99,125,137,137,112,127,125,109,120,108,127
130,125,101,135,147,84,173,109,136,142,133,88,151,75,123,54,175,141,46,129,143,147,88,130,161,115,164,111,133,117,87,148,88,142,137,131,210,136,92,92,183,144,161,57,126,79,149,134,146,104,142,141,168,83,117,168,102,81,132,124,100,111,113,142,125,75,146,114,130,127,90,177,251,236,156,106,68,149,200,154,80,87,147,129,118,112,124,150,135,171,207,89,111,141,153,127,132,127,139,110,73,147,129,92,105,91,122,147,151,89,104,103,144,123,159,98,135,90,118,89,121,130,186,85,117,144,120,113,50,140,105,229,135,160,112,173,91,60,112,121,138,187,168,166,176,161,133,144,113,133,119,158,135,110,120,105,97,144,173,52,119,114,90,123,121,86,151,153,98,105,137,130,107,125,174,146,134,254,119,113,165,171,107,162,168,186,45,99,126,67,211,131,108,154,142,210,103,84,106,106,122,151,63,125,135,165,113,113,114,154,154,222,124,188,103,113,143,131,128,134,188,57,82,109,26,114,119,98,77,131,119,100,123,115,102,46,129,125,127,128,197,89,105,123,128,104,132,142,110,187,135,144,17,92,114,119,103,132,120,124,104,136,138,204,154,113,145,148,126,96,187,118,95,117,163,135,138,127,108,91,82,87,123,108,158,135,36,145,122,63,130,116,145,203,160,134,44,176,71,156,123,127,103,242,175,111,91,87,138,159,103,197,103,130,143,137,132,155,88,114,180,63,73,138,157,148,121,109,93,117,118,158,81,112,71,75,120,203,245,101,129,132,106,119,123,99,111,52,162,169,44,127,102,74,247,125,170,125,116,61,156,142,254,207,106,42,120,110,158,108,125,150,63,28,148,102,211,165,200,192,152,172,80,128,96,104,110,70,135,138,254,84,117,110,139,124,98,153,189,155,124,95,132,90,189,127,73,135,122,141,148,137,112,194,127,144,105,136,93,109,115,18,111,160,191,84,97,139,128,156,101,124,96,133,0,87,81,90,130,130,72,103,151,145,122,118,127,167,100,145,141,167,48,64,102,110,77,135,123,143,122,109,155,146,130,147,79,106,132,103,169,114,162,164,111,116,107,121,95,121,157,81,83,136,110,108,141,167,97,115,88,147,73,139,83,95,102,134,139,100,17,139,102,88,86,116,107,75,88,99,99,119,127
116,139,122,124,59,163,128,124,118,107,106,113,140,242,151,140,131,116,101,138,123,145,119,123,147,120,121,106,138,114,133,143,125,137,170,106,235,121,123,127,132,120,118,136,109,142,71,128,154,134,122,141,151,112,125,134,124,214,108,115,125,137,115,118,146,157,110,84,67,93,117,143,108,157,124,134,125,116,38,133,115,133,141,112,117,172,75,123,121,101,147,48,121,127,117,140,120,122,137,218,80,174,121,107,134,119,115,130,116,113,145,105,148,99,106,118,144,117,130,108,120,122,111,142,161,121,126,141,121,129,79,120,142,86,153,128,125,107,153,101,125,52,123,184,121,143,125,112,108,127,118,117,177,134,130,116,140,119,144,141,115,112,120,132,121,110,131,129,115,166,129,100,127,141,58,113,153,123,108,96,102,126,116,125,88,114,116,146,121,131,120,115,107,113,120,124,119,128,94,119,138,125,125,129,133,132,152,109,118,89,132,162,115,113,125,138,68,122,119,122,135,139,143,125,153,122,128,101,106,108,152,124,122,138,136,146,111,188,124,118,94,115,110,116,167,120,142,70,137,122,131,139,137,137,142,124,125,155,132,124,120,124,104,123,131,145,116,134,121,67,88,98,65,126,146,138,77,122,126,134,120,131,141,123,88,134,83,126,112,99,94,117,96,121,182,145,122,134,115,186,122,119,149,144,105,124,116,128,123,128,104,141,123,125,102,124,137,127,111,98,76,151,173,96,108,103,140,152,118,137,121,114,132,119,97,80,131,66,95,105,122,133,143,170,133,180,124,119,128,80,157,124,90,152,120,136,87,187,129,86,111,79,119,145,85,121,124,124,116,102,133,151,89,113,118,120,90,133,134,128,81,126,133,136,70,137,130,121,192,87,137,144,133,122,126,143,143,113,116,99,123,111,116,147,148,121,127,137,105,130,135,63,198,132,122,105,105,100,87,107,119,154,131,72,127,94,52,118,136,140,120,138,109,132,108,132,117,90,155,93,103,105,113,120,117,139,110,125,119,121,109,136,71,131,122,120,116,82,143,93,127,142,118,112,129,144,146,125,145,115,141,133,133,193,111,133,110,131,125,137,124,119,134,133,132,107,115,203,136,110,83,115,121,103,115,157,117,141,118,116,86,125,150,128,122,199,121,121,105,112,124,121,127
93,139,176,109,141,164,135,108,143,125,110,28,114,71,85,90,120,53,118,77,119,144,86,137,131,51,156,126,104,79,175,67,145,98,107,164,157,74,96,125,164,117,141,133,131,149,172,127,116,58,117,139,118,144,141,100,125,84,128,114,116,142,141,131,81,128,162,83,143,122,93,122,79,108,137,29,67,93,122,131,90,91,115,127,116,96,1,108,113,106,213,136,94,130,120,88,77,124,104,122,254,132,133,94,72,84,127,192,75,120,88,16,108,149,127,115,122,133,117,52,113,104,121,119,101,106,127,116,129,116,152,177,157,142,146,174,113,115,113,126,92,127,35,0,83,154,68,113,102,100,113,108,116,130,103,107,117,110,98,114,124,85,108,123,126,131,128,143,131,126,137,124,178,197,122,120,0,125,57,181,137,243,116,143,164,157,141,99,64,137,136,131,110,126,127,58,144,115,30,149,76,90,105,111,116,144,135,70,120,199,127,72,136,128,121,107,83,170,133,193,157,54,151,79,148,119,116,156,88,211,100,79,109,74,110,93,96,100,99,140,207,120,110,73,109,141,133,141,56,121,88,149,110,56,119,120,115,60,145,138,113,46,111,102,114,80,134,107,118,95,108,61,139,57,138,78,139,140,122,103,137,59,109,96,157,136,43,143,77,41,144,134,113,102,128,136,145,115,52,130,42,129,110,155,206,89,132,133,121,142,100,0,146,72,185,95,143,107,141,64,117,115,134,176,103,104,127,116,65,86,98,101,137,153,79,164,98,163,103,122,104,97,120,144,109,110,91,49,88,98,227,162,149,104,94,162,113,76,112,131,63,134,114,167,83,229,46,126,120,135,97,134,90,77,99,91,132,76,87,85,130,99,129,118,60,88,101,109,103,213,102,95,103,138,122,33,110,110,124,190,70,121,126,117,121,169,111,149,71,76,111,112,114,180,112,97,107,175,137,91,93,139,132,161,114,125,127,124,104,107,134,130,123,124,51,119,135,103,97,116,106,80,155,113,135,105,174,72,85,100,120,192,223,106,111,87,110,176,110,136,133,73,146,138,109,113,123,99,254,124,122,109,120,91,106,108,148,120,103,0,127,127,95,137,63,136,117,140,152,115,111,113,193,130,88,147,131,111,114,106,130,204,65,71,122,152,119,129,188,126,39,72,127
107,117,117,129,118,194,123,135,122,143,119,99,115,102,183,114,102,68,108,157,120,133,102,131,147,110,92,63,87,99,79,91,69,143,79,77,48,87,106,110,69,120,165,113,75,136,141,132,136,105,124,152,202,100,153,124,123,78,78,187,127,133,95,129,87,126,51,119,124,167,109,151,19,125,100,85,103,0,104,116,112,116,169,135,110,110,149,171,125,91,117,0,130,146,140,110,149,110,125,87,149,54,254,138,67,112,184,104,113,60,122,93,91,124,188,105,124,116,124,151,161,116,129,142,141,108,142,132,70,137,161,109,159,130,157,135,110,126,67,165,73,154,119,124,143,114,148,147,99,127,132,166,47,52,121,165,130,128,108,133,103,139,134,118,138,113,91,111,162,75,122,132,131,139,143,120,124,150,129,56,100,144,216,116,97,136,122,92,78,136,82,130,18,110,124,128,142,112,90,160,74,127,110,72,151,104,136,108,198,53,127,159,140,110,123,124,168,112,126,168,101,139,254,108,101,98,127,18,111,78,140,139,130,135,127,85,191,107,124,111,119,109,137,113,99,159,115,93,126,22,80,122,108,160,122,124,103,107,137,145,113,44,98,142,129,91,74,126,128,147,220,132,68,132,34,125,143,104,174,92,137,126,91,122,105,134,90,130,127,96,69,115,143,171,61,115,144,176,110,131,84,171,184,60,161,130,93,88,125,130,163,144,156,10,64,147,131,112,148,106,133,89,254,166,114,0,118,116,144,119,133,100,126,143,192,130,109,158,118,89,103,138,119,151,97,134,109,103,97,194,114,108,90,85,113,118,98,187,86,134,107,120,111,126,106,108,88,228,103,100,141,32,201,102,140,110,117,147,35,101,52,136,133,110,101,141,106,115,61,160,117,117,102,97,121,53,103,76,115,140,82,95,114,125,166,139,73,163,96,151,56,157,147,121,132,122,116,140,132,108,100,94,139,82,19,134,121,139,109,220,107,151,87,111,56,109,96,179,36,101,146,150,149,115,116,98,76,135,106,91,151,73,125,85,231,117,140,118,85,125,129,162,0,98,55,126,133,145,127,135,143,135,120,69,136,22,200,110,142,159,129,102,104,126,128,107,136,132,105,132,132,203,117,89,81,167,89,89,137,127,95,114,126,122,134,113,102,84,143,108,138,127,127
116,145,127,130,89,122,125,109,125,145,135,139,138,94,189,102,191,127,209,142,151,167,157,125,116,166,135,64,124,173,87,121,172,33,102,121,119,137,84,131,110,120,178,76,66,148,109,127,150,130,132,161,204,79,120,197,147,121,113,123,125,141,120,150,116,143,72,181,148,141,120,107,63,106,81,127,132,132,121,123,100,132,136,131,124,164,115,131,116,120,123,102,117,128,119,208,120,115,117,116,114,95,115,140,143,144,80,115,135,91,180,74,88,127,122,97,119,124,107,186,160,75,92,140,140,136,124,141,54,127,130,84,137,133,66,151,131,246,126,140,250,84,108,159,110,155,130,127,127,121,104,118,89,187,131,108,93,143,87,72,116,176,82,137,103,161,118,144,128,146,128,144,106,177,110,122,140,127,135,134,77,192,145,126,120,48,139,125,140,156,129,118,191,127,121,134,134,112,134,90,120,122,125,148,145,123,120,148,120,128,151,115,149,114,74,120,38,31,110,133,87,95,118,169,130,130,112,85,105,115,141,142,139,120,68,121,140,114,120,130,130,116,132,117,108,126,127,109,213,120,113,120,88,126,127,137,77,85,91,125,130,81,53,133,122,162,117,130,115,120,137,165,87,104,79,127,203,97,110,136,221,145,35,105,139,125,141,117,141,120,189,145,161,121,118,126,117,108,122,151,169,113,119,139,151,126,162,116,167,128,100,156,98,92,124,154,99,26,101,129,65,120,117,88,84,129,135,17,113,86,159,50,113,109,97,167,122,57,89,68,111,160,139,135,131,141,88,200,0,55,106,125,115,79,134,146,120,129,90,156,126,148,149,130,161,138,133,160,141,91,99,158,168,101,173,124,143,114,134,116,160,125,107,109,150,161,133,151,113,169,120,146,95,111,107,44,78,158,110,157,107,134,138,139,111,148,127,73,146,132,138,158,103,153,130,121,56,145,112,126,135,125,119,105,128,96,113,151,113,107,124,141,151,163,117,123,109,107,32,121,108,127,186,119,98,83,128,143,160,129,126,142,90,45,79,82,123,133,93,137,127,122,136,148,141,124,102,71,134,116,109,135,124,120,131,200,133,138,121,169,94,131,95,139,116,113,112,133,84,126,169,120,117,73,67,171,99,177,120,194,138,141,102,68,167,74,86,125,94,115,143,184,127
170,112,130,140,86,72,146,74,130,106,88,184,50,90,194,159,134,173,89,91,124,84,112,117,127,121,133,118,89,188,116,146,107,132,119,166,120,95,132,112,120,75,68,158,217,85,147,253,124,118,120,80,105,190,96,149,123,78,138,123,131,125,254,101,88,172,2,211,142,102,118,102,88,153,153,67,63,133,126,104,122,185,82,144,123,151,124,145,130,85,150,190,82,149,98,53,177,146,106,103,138,172,128,135,155,138,89,96,129,165,106,165,133,152,101,83,147,140,133,209,168,128,114,170,121,84,154,98,117,115,103,129,86,115,151,79,123,167,106,133,214,86,151,116,149,157,119,161,101,117,123,136,14,188,86,120,163,133,102,133,126,183,98,106,106,97,139,120,170,142,121,143,164,226,118,200,114,101,107,112,193,173,124,134,126,249,153,35,131,138,127,139,128,117,136,97,148,123,158,117,149,138,122,142,107,141,88,161,124,141,114,129,134,148,123,101,39,123,141,92,162,56,116,122,148,155,135,59,132,76,115,104,123,47,133,99,99,116,164,108,140,135,124,85,125,133,115,127,37,108,147,151,124,87,128,98,67,0,81,91,133,137,148,108,49,46,28,128,125,104,68,152,190,166,134,13,118,146,119,148,95,127,147,118,144,123,100,165,129,31,153,115,107,56,97,94,184,95,139,88,76,132,133,133,115,139,137,138,127,151,166,119,138,181,97,120,112,133,52,155,199,140,159,169,103,147,114,189,150,167,230,125,127,171,146,144,191,164,123,126,165,201,151,126,97,254,77,105,231,154,120,155,163,153,126,129,128,144,153,116,114,100,167,112,146,110,153,148,118,154,108,120,125,146,123,134,141,147,105,115,163,91,103,122,179,94,178,88,119,107,117,161,106,128,138,137,125,146,166,87,97,142,150,139,48,139,104,115,130,147,93,95,133,138,81,142,109,52,139,147,73,130,136,224,170,137,149,184,127,220,177,153,124,128,75,111,151,104,0,108,161,76,71,147,104,107,90,156,140,60,108,152,168,160,117,144,109,126,117,126,133,53,123,163,125,115,87,96,117,126,114,145,135,57,120,146,145,121,121,124,141,96,95,99,146,150,110,124,140,143,146,144,114,145,120,136,153,107,143,131,137,156,62,88,177,115,77,106,104,117,120,83,127
142,128,91,110,168,110,147,80,137,125,115,124,94,171,145,99,156,170,124,128,125,119,74,124,130,104,122,93,142,136,77,95,157,80,100,102,129,140,172,136,121,158,141,183,147,104,112,124,70,124,166,127,104,160,118,126,128,118,137,171,129,120,100,131,145,175,93,170,154,140,120,126,137,41,140,133,151,113,117,144,161,126,103,113,106,133,134,102,161,132,135,109,126,130,136,168,179,112,114,123,94,116,114,133,114,90,104,111,160,102,150,138,133,115,141,126,146,130,144,152,114,215,108,72,129,116,122,132,103,104,98,111,134,105,84,130,123,100,146,141,151,116,108,179,144,139,116,85,125,106,137,138,149,147,121,162,132,130,101,139,113,142,143,135,118,139,119,98,122,140,117,133,141,185,157,213,95,165,128,129,130,115,142,98,86,231,160,88,136,137,138,127,122,137,109,114,88,97,137,141,142,128,104,148,135,111,125,140,145,117,116,87,114,150,114,57,144,93,114,141,120,178,118,147,99,129,115,110,66,92,126,157,138,131,122,84,145,78,156,112,131,92,120,158,140,121,126,128,94,64,116,116,178,157,124,133,109,125,136,107,120,153,132,125,137,97,150,151,134,119,123,129,120,131,131,94,115,119,97,111,155,116,137,124,174,107,124,153,112,157,123,132,129,129,110,131,46,141,139,106,157,108,129,191,171,128,126,122,146,115,132,63,102,119,68,104,136,65,105,102,192,108,110,89,104,148,146,107,135,132,126,91,124,115,127,78,139,82,137,150,120,176,150,99,123,155,135,104,121,114,101,81,157,112,160,130,130,147,191,82,91,118,214,118,149,205,131,145,61,123,94,127,147,209,137,134,87,116,74,117,167,126,107,118,127,115,140,83,134,79,170,148,149,129,124,121,119,125,90,114,83,115,132,98,109,134,133,105,112,149,125,123,111,72,158,105,113,121,117,112,116,113,127,144,154,83,72,149,127,107,79,101,186,160,98,132,117,85,131,156,105,116,123,150,112,137,121,171,150,71,128,94,207,88,216,55,105,71,146,138,132,92,121,114,161,98,105,79,111,129,129,158,97,88,129,126,137,133,151,111,166,108,68,148,114,173,120,115,83,123,129,105,167,83,104,150,104,132,122,135,120,115,148,154,111,127,77,121,115,102,137,86,127
83,130,142,151,130,104,218,160,106,135,113,114,99,181,135,87,101,143,105,115,156,109,96,139,77,153,139,145,171,97,93,170,125,123,148,109,237,128,100,124,133,155,127,51,181,62,125,145,161,99,117,140,70,115,147,97,125,195,95,48,132,145,150,79,69,129,114,171,166,176,113,98,66,111,144,126,183,224,125,153,102,121,118,119,115,91,0,105,116,86,136,155,171,142,186,127,112,138,138,97,50,164,65,144,187,120,156,127,63,143,165,111,149,134,57,133,118,116,124,26,157,98,167,128,151,29,140,146,160,125,144,114,169,147,139,85,142,162,154,151,150,115,126,129,139,140,141,154,101,144,114,183,112,164,86,107,109,123,83,86,120,94,131,120,103,64,131,162,118,96,144,123,183,119,105,114,129,94,164,209,81,130,72,127,123,150,112,56,89,134,122,117,126,141,134,115,144,143,148,176,38,124,147,113,162,140,136,99,82,91,140,139,117,97,107,248,114,100,124,172,162,151,4,168,115,119,118,254,153,111,112,123,140,144,158,165,145,141,122,117,119,161,126,125,86,140,106,171,67,121,123,115,107,191,134,106,147,94,149,148,122,51,44,129,100,115,124,130,166,162,58,116,173,140,62,133,157,117,201,99,155,108,120,98,133,128,64,113,162,90,88,150,139,162,115,122,128,63,106,49,77,122,0,151,145,141,91,114,97,165,121,140,154,254,138,130,148,132,144,95,61,178,134,199,59,230,138,129,127,162,128,140,102,100,28,132,130,119,132,130,125,132,98,117,99,146,115,116,108,55,133,102,66,92,98,131,108,129,134,192,138,155,102,138,117,79,85,68,174,87,81,192,58,100,140,117,101,123,86,47,231,126,66,131,65,161,113,135,201,101,115,115,127,129,132,168,184,122,147,116,70,117,106,161,119,117,140,147,75,98,254,115,114,166,122,157,181,212,32,150,118,88,132,63,109,135,92,136,109,130,130,138,97,182,105,127,165,135,46,106,83,133,150,95,146,130,175,173,126,131,137,119,71,136,18,124,121,195,146,111,131,42,124,102,247,79,147,110,144,137,134,126,151,160,131,254,51,109,130,162,99,185,87,139,78,153,104,130,120,132,226,36,128,155,112,79,168,124,117,135,143,155,101,133,165,74,126,104,149,161,81,146,127
121,141,133,117,120,127,118,133,146,121,115,121,127,95,73,141,134,95,141,144,131,66,146,122,129,102,106,100,124,144,177,143,125,0,159,123,162,134,126,118,97,133,89,136,75,130,116,100,133,140,120,118,145,117,138,96,122,118,139,140,129,118,110,135,132,112,180,73,156,111,146,107,149,142,113,104,120,147,82,119,130,142,114,135,148,144,105,137,130,111,87,117,105,118,149,138,132,136,112,124,135,144,122,143,57,115,109,89,94,141,110,126,148,131,121,134,117,139,114,109,141,124,146,109,146,124,116,131,170,133,145,131,134,117,110,159,129,117,130,103,131,118,131,134,148,133,135,95,146,124,141,113,127,140,130,118,119,98,169,113,128,139,156,130,114,142,135,120,110,125,125,114,135,143,130,118,138,150,131,106,113,124,118,133,116,83,101,107,94,124,132,148,121,128,254,128,132,170,151,144,109,139,129,149,125,132,140,90,118,112,105,133,124,129,166,97,105,158,131,130,151,135,131,139,124,129,126,173,164,148,121,121,125,100,132,145,116,94,105,122,102,121,129,159,130,134,125,117,153,162,156,127,186,144,104,130,108,163,150,130,134,118,113,119,122,109,187,120,140,134,150,152,117,135,129,105,126,134,82,139,155,114,124,113,138,115,139,115,116,152,120,148,117,132,155,135,133,115,196,197,117,135,122,110,131,126,179,160,124,123,206,151,110,136,85,106,128,162,107,141,201,135,103,91,136,115,141,163,123,110,73,158,109,118,197,145,104,114,183,93,130,117,112,131,131,113,115,137,190,194,128,111,180,121,100,129,134,86,118,100,128,126,132,125,137,120,109,152,125,102,114,115,125,133,150,118,149,136,118,137,91,110,163,109,113,103,140,124,137,100,102,143,136,120,127,105,144,137,97,146,118,128,122,161,120,127,112,119,117,108,148,105,107,116,120,147,116,134,133,107,148,99,121,109,137,147,240,122,106,124,117,102,156,133,126,132,163,111,112,135,151,112,126,120,122,120,155,125,128,145,152,126,62,165,106,174,129,119,138,149,147,140,146,116,117,124,154,109,128,132,127,118,119,95,115,145,168,128,134,130,119,115,127,116,118,128,133,114,124,105,144,117,153,154,127,169,198,105,117,124,131,105,119,134,106,159,140,128,141,111,104,180,127
104,130,110,127,137,92,200,148,129,118,105,193,133,188,185,146,107,126,156,115,131,132,121,125,120,107,138,88,121,133,124,87,137,195,159,139,137,77,123,123,112,76,108,35,92,145,110,157,107,133,104,129,146,108,114,167,150,145,139,157,126,104,140,107,107,95,76,176,132,169,82,143,111,108,119,96,134,166,127,133,122,85,96,131,124,138,96,87,95,127,96,80,195,149,93,130,118,142,151,132,86,83,105,145,140,105,138,121,90,100,129,104,125,136,149,187,114,121,122,111,130,117,99,165,102,109,137,122,49,132,110,108,112,130,130,117,106,141,136,96,143,140,134,153,86,144,148,140,133,127,133,171,157,142,124,147,123,164,149,132,110,153,101,149,110,115,129,109,102,109,129,113,147,161,184,136,141,115,140,129,128,117,130,118,169,164,112,86,113,156,131,140,92,117,134,140,129,176,96,91,183,103,140,97,129,135,107,126,105,97,159,174,110,139,102,183,20,117,123,172,139,159,174,138,121,147,120,93,114,124,125,138,108,121,166,152,210,108,149,117,107,214,123,148,112,84,120,133,117,175,84,110,110,140,132,115,188,116,116,136,125,137,116,144,156,134,65,137,166,113,135,125,95,155,137,149,54,121,160,85,94,111,127,132,112,117,137,132,122,127,132,94,147,149,148,150,94,111,115,96,103,107,111,135,175,120,121,145,118,137,167,170,97,129,202,139,155,117,147,122,138,98,122,130,131,84,120,80,162,150,163,122,118,124,165,144,138,196,163,153,147,138,151,138,138,122,131,179,91,59,137,121,163,133,138,141,127,143,72,198,111,113,172,137,182,150,114,134,113,77,178,144,77,97,155,147,90,132,112,78,54,136,124,132,142,133,140,120,108,109,146,109,108,106,128,122,74,200,130,97,130,136,137,144,113,136,147,106,113,122,165,121,111,146,113,124,110,151,137,163,135,147,140,104,64,187,254,150,125,147,111,122,66,117,136,129,126,129,144,121,170,111,136,96,159,112,152,90,111,144,141,90,94,147,110,96,121,118,124,122,120,142,163,158,111,127,99,192,134,132,134,131,172,163,143,155,137,161,114,157,128,154,170,127,125,172,91,144,113,109,136,117,170,130,108,113,124,172,135,133,159,89,93,72,148,113,129,153,148,152,84,116,127
132,128,99,125,121,147,145,62,124,122,115,163,120,113,132,130,62,89,253,125,113,139,23,162,102,89,113,157,34,125,24,10,107,21,99,121,44,131,212,93,151,133,89,89,109,124,60,130,100,154,106,144,52,121,113,150,132,99,101,154,108,130,91,142,130,66,144,119,149,92,156,137,129,137,142,130,144,156,143,121,112,113,197,130,127,122,109,63,136,133,146,104,135,127,141,134,106,127,116,130,156,119,99,130,159,103,78,105,146,120,107,111,118,126,89,215,119,119,125,108,144,127,155,118,82,95,128,129,78,93,124,96,110,115,177,100,92,173,118,86,88,64,122,112,132,111,125,120,78,92,96,100,149,102,104,129,107,118,115,176,125,116,159,122,140,45,126,84,130,105,148,246,112,184,91,116,142,115,116,88,168,82,110,123,133,116,43,107,130,126,109,125,83,129,122,114,112,164,146,127,112,149,132,111,135,173,149,147,105,139,144,111,120,120,109,102,95,107,124,115,127,161,107,74,117,119,137,127,75,104,128,133,127,159,130,21,178,149,113,100,116,237,123,124,136,121,125,143,123,116,141,116,106,120,107,132,76,138,111,124,121,154,67,122,125,151,118,127,128,135,106,101,129,132,122,132,119,141,102,79,69,138,80,150,106,104,144,107,88,114,112,121,152,156,122,139,129,139,38,104,132,96,126,127,104,106,116,131,113,88,120,121,114,121,175,114,110,0,145,102,149,114,112,152,109,104,126,104,72,163,121,254,171,96,100,5,103,95,134,106,151,91,124,131,143,137,138,142,33,118,107,118,174,128,142,120,134,67,131,161,137,113,125,162,101,137,98,124,114,92,167,134,125,129,126,138,87,128,96,118,65,96,150,125,152,127,87,67,122,143,127,85,106,136,253,110,162,118,88,101,103,131,133,119,185,130,140,153,112,114,143,115,149,111,142,127,150,65,174,129,143,117,124,140,113,135,72,132,108,128,126,109,192,114,154,117,124,128,148,129,81,107,109,103,130,108,112,114,82,62,129,133,97,79,153,114,118,133,120,141,129,124,98,134,120,133,126,126,125,149,128,132,126,133,127,120,136,112,128,126,0,126,122,137,105,126,137,140,114,108,109,133,85,138,0,157,98,108,144,254,111,161,113,108,132,178,122,117,117,141,132,129,127
133,125,136,127,103,192,146,110,129,130,142,141,99,207,194,73,117,117,136,100,132,91,101,148,126,61,166,114,123,135,88,136,156,108,107,97,175,101,166,122,97,138,113,62,148,94,101,138,114,110,124,144,150,167,135,118,131,207,86,190,126,140,114,122,133,197,96,121,12,134,115,123,158,145,107,137,137,134,150,132,136,120,168,122,115,104,98,119,129,130,105,127,128,138,131,146,178,127,121,101,106,104,155,129,91,102,159,165,100,156,154,125,160,113,134,147,145,135,128,108,146,128,150,141,139,162,116,136,117,124,100,130,129,117,133,189,122,136,56,176,105,0,133,145,22,133,134,115,130,144,135,96,117,115,115,126,96,118,96,142,148,130,147,138,123,202,132,140,125,134,122,162,154,89,138,101,128,134,127,110,134,134,137,115,131,90,158,147,147,129,141,127,56,127,127,138,133,84,103,144,126,125,119,180,139,126,122,124,127,100,140,128,118,90,106,152,33,97,138,126,119,119,131,97,142,133,109,94,116,107,115,116,125,146,139,120,89,153,124,117,84,155,130,147,128,124,133,59,128,173,128,122,111,97,122,115,105,129,108,126,112,88,189,127,143,169,122,115,128,135,102,172,135,117,122,126,117,129,103,146,131,109,154,142,142,140,115,170,131,114,188,158,0,122,178,110,145,168,85,135,152,149,127,102,162,140,127,139,154,131,28,174,110,112,141,77,142,120,81,135,206,123,175,152,146,152,142,104,101,124,118,140,140,111,195,155,123,40,144,137,131,161,152,116,112,71,138,119,149,96,162,117,107,135,132,133,145,200,140,63,124,102,164,130,124,131,178,102,78,236,79,137,105,115,113,146,132,103,176,122,0,116,137,120,121,138,112,161,94,90,118,143,115,124,127,105,114,124,187,75,69,133,120,132,148,127,144,71,126,122,118,72,215,80,134,108,124,149,176,117,141,130,130,101,201,105,57,98,120,68,147,106,134,136,148,134,111,148,167,201,106,114,84,99,93,127,121,149,134,114,129,136,149,111,138,74,108,86,115,129,126,140,148,136,137,121,128,126,126,128,125,128,158,53,128,140,134,121,129,110,122,118,72,133,86,114,127,103,135,112,101,169,92,32,133,92,127,138,124,150,60,178,128,120,116,77,88,76,99,126,157,38,127
109,128,130,125,218,189,110,67,137,124,147,66,168,62,140,129,95,92,129,141,131,118,101,148,143,122,133,96,109,164,194,96,99,138,163,114,68,115,140,94,155,133,198,43,55,127,116,134,87,98,105,101,174,151,138,78,117,114,117,45,117,128,109,148,117,125,58,99,138,158,68,137,149,99,129,121,144,121,145,152,118,96,164,139,127,73,108,118,105,130,111,65,167,128,81,103,219,104,128,126,77,137,130,129,103,110,140,97,107,116,133,125,111,112,123,123,108,96,123,132,95,82,83,154,113,62,124,136,51,108,81,120,143,140,109,134,120,87,140,95,110,110,134,122,122,128,111,131,138,140,135,78,129,168,121,175,185,120,112,136,130,128,94,135,127,119,127,139,123,111,129,83,123,127,88,149,131,71,130,49,121,124,128,123,89,150,99,120,124,203,151,139,78,106,138,77,139,156,107,80,89,107,171,115,126,128,162,92,121,120,149,116,130,140,159,103,74,107,157,123,88,129,117,103,162,104,131,37,116,108,123,132,110,138,127,228,189,105,142,94,124,152,106,142,118,88,127,144,70,254,117,145,173,95,115,124,135,122,125,135,108,113,119,60,112,174,124,141,115,137,86,117,135,115,125,177,135,138,137,127,110,111,127,109,106,138,158,68,93,95,105,94,113,118,84,54,145,172,84,112,139,153,92,192,153,126,140,101,151,127,144,169,124,137,105,106,100,130,114,109,120,102,125,121,159,108,112,138,115,98,123,127,161,146,84,58,109,90,134,93,122,106,139,130,159,127,130,93,112,132,102,141,144,132,34,130,157,117,73,129,133,68,79,81,123,91,116,158,140,101,161,130,102,128,106,142,115,87,71,140,137,127,158,139,142,146,106,134,97,127,84,135,144,115,123,135,161,145,89,118,148,164,149,118,132,103,92,124,115,134,147,180,111,139,142,124,125,120,86,91,144,180,112,173,112,143,183,134,158,145,114,112,59,136,119,65,141,79,88,168,123,139,141,95,121,118,130,117,122,145,122,130,109,168,89,127,150,186,131,138,139,95,121,132,125,93,128,163,116,122,112,120,100,62,103,113,131,103,116,117,120,112,88,150,131,94,133,140,155,172,141,86,150,142,103,116,78,113,144,105,200,139,148,143,97,159,98,114,144,124,94,101,127
119,110,127,140,115,182,145,114,107,132,71,77,49,49,38,57,107,126,100,115,99,116,43,136,103,93,119,113,125,66,120,66,124,123,113,145,120,101,115,114,62,78,81,77,59,128,97,90,123,86,127,104,73,97,136,79,142,108,94,81,127,133,82,137,97,101,143,140,135,0,79,158,130,103,131,112,106,98,117,140,126,117,124,135,148,132,78,98,172,42,166,149,118,113,113,116,66,113,130,99,65,206,114,148,122,114,97,137,72,180,87,108,102,131,87,144,119,118,117,73,107,107,89,89,95,119,133,106,108,136,141,134,152,146,146,138,112,73,115,130,104,102,170,135,179,124,86,175,78,112,133,151,147,156,98,94,94,148,117,84,100,117,103,131,129,146,134,119,125,115,125,128,64,139,120,136,136,118,95,105,185,156,108,127,187,107,136,73,107,85,155,132,84,126,112,106,128,89,150,220,80,109,171,114,123,125,92,107,132,137,105,105,144,113,178,100,82,114,131,100,173,103,94,115,184,100,145,101,127,61,116,80,141,151,158,91,108,118,83,117,150,124,142,68,126,123,117,116,80,161,132,119,111,196,135,150,118,128,150,137,110,89,125,66,84,79,103,128,122,97,71,98,114,83,117,98,110,159,56,75,118,107,120,113,92,121,84,80,129,56,74,121,130,76,127,75,62,100,92,190,34,109,90,114,153,140,206,128,116,123,94,125,203,106,108,79,78,116,157,85,160,224,137,158,111,115,91,174,83,132,100,101,161,125,39,184,85,214,129,110,134,109,126,113,118,124,128,44,75,110,72,129,72,124,198,130,138,63,144,215,128,126,145,124,99,125,95,152,117,158,112,127,54,88,179,121,124,147,93,70,113,104,49,131,91,120,98,143,130,159,189,67,136,117,122,118,145,46,97,104,107,149,139,151,125,176,115,151,65,55,117,131,140,103,113,153,113,74,112,141,89,129,138,3,117,146,97,135,110,117,142,117,118,164,78,91,96,106,91,60,92,111,99,118,110,112,99,174,70,76,145,81,147,140,136,132,128,81,117,123,139,94,115,127,118,123,127,107,114,120,132,134,110,189,146,113,114,154,111,126,130,134,56,60,78,66,137,108,79,108,105,87,106,124,68,146,140,99,129,96,56,83,137,107,149,40,158,77,113,117,67,46,127
127,128,114,138,112,103,91,59,138,51,112,122,120,117,84,130,120,143,124,132,136,133,69,122,114,99,117,104,137,97,103,59,118,122,115,180,110,110,130,123,136,126,28,147,106,118,122,126,118,102,124,116,123,116,120,92,121,128,122,140,119,125,154,130,104,114,135,114,128,91,126,111,128,79,129,127,124,110,120,115,133,175,170,118,119,132,153,132,107,142,110,169,148,128,106,203,96,174,121,140,142,88,122,116,148,87,135,139,92,155,140,107,161,147,112,117,109,128,131,84,118,120,92,132,161,116,124,141,130,137,160,123,122,95,141,114,125,130,114,119,123,121,130,131,89,144,141,106,104,120,126,84,123,128,71,153,128,134,130,143,129,121,139,127,129,130,119,125,154,93,128,113,142,172,156,136,122,116,105,142,101,153,126,132,93,111,171,101,106,104,232,119,126,119,110,108,119,121,123,193,131,139,98,114,107,126,122,93,120,132,116,138,127,132,164,124,135,101,127,111,74,93,152,137,100,138,160,141,97,163,123,86,118,110,114,80,76,120,108,121,160,115,131,103,140,106,105,162,115,92,142,137,108,149,143,124,149,110,63,122,127,142,118,121,122,106,149,111,120,114,97,119,130,158,115,129,111,151,113,141,120,136,133,121,128,157,96,110,135,153,134,127,115,111,110,104,150,129,120,116,98,114,136,122,129,123,141,127,131,146,116,119,200,126,139,135,124,115,138,105,146,123,114,115,120,115,118,136,104,125,108,107,124,130,148,147,139,98,162,127,132,143,140,101,120,138,118,115,68,143,108,149,117,144,127,133,134,145,125,120,136,112,118,131,108,145,112,130,121,133,132,100,95,137,108,128,119,148,126,113,105,110,98,139,99,122,133,129,120,164,141,129,137,122,130,123,116,110,127,129,123,80,130,133,106,149,125,142,122,133,124,131,135,133,109,83,134,127,116,147,131,95,122,121,122,77,122,124,127,139,133,168,106,116,107,118,118,144,103,113,113,118,113,105,141,117,103,66,102,94,115,77,102,119,118,115,130,120,112,127,181,144,125,138,118,149,123,119,130,117,118,131,124,104,151,151,142,106,125,147,129,116,110,96,144,95,148,122,123,136,136,117,74,112,134,103,102,125,124,144,84,130,100,113,75,113,135,144,123,121,121,84,127
163,119,121,134,99,89,91,98,151,145,127,157,89,212,96,93,137,152,107,138,130,187,165,140,137,149,22,89,231,91,108,76,123,100,117,129,245,169,0,119,133,160,104,77,171,122,162,122,103,114,127,132,64,187,100,97,134,182,79,130,126,176,150,5,162,149,93,70,134,124,154,113,135,167,138,147,135,171,163,107,71,113,133,149,125,152,36,128,184,138,105,100,129,92,133,50,168,178,133,125,23,150,70,156,140,113,86,134,123,107,211,113,100,137,79,1,130,118,65,141,134,115,113,154,98,173,136,140,176,133,125,75,40,100,111,198,138,39,136,90,166,149,91,131,127,140,141,132,89,127,73,184,139,205,149,52,156,167,107,33,0,151,141,170,108,142,157,36,107,133,123,145,97,92,125,141,137,119,114,183,128,124,0,118,141,202,144,107,130,139,136,137,186,156,120,123,120,155,140,162,125,128,112,120,118,58,95,150,0,155,153,142,0,152,45,57,89,134,126,106,137,83,133,122,115,163,99,183,108,147,119,138,138,134,139,103,68,166,127,130,114,106,132,143,118,131,139,207,229,199,168,108,125,91,119,53,114,160,129,127,111,160,138,128,135,207,97,115,137,196,114,91,163,125,252,152,66,106,115,130,107,127,54,142,68,137,90,119,143,215,128,88,146,122,254,142,100,143,147,18,146,121,16,145,190,129,119,138,21,117,70,133,166,125,139,71,134,84,172,157,151,103,185,100,129,144,137,154,136,153,60,99,82,130,166,148,134,191,126,9,143,199,65,156,144,122,103,128,154,122,113,87,0,155,128,128,137,129,142,115,129,161,147,127,125,174,155,50,144,142,136,183,56,127,184,128,172,115,222,105,83,138,123,126,172,42,224,141,170,0,126,151,159,139,123,162,117,149,144,144,142,127,128,113,118,127,135,97,163,147,110,111,81,128,154,94,144,133,158,124,118,13,118,116,82,127,126,131,127,101,145,102,12,161,64,126,159,140,136,171,109,151,133,138,57,130,87,91,130,177,107,0,131,139,53,142,131,98,150,137,87,138,155,142,160,110,168,145,123,130,106,136,143,88,126,142,75,179,138,127,88,138,162,88,151,135,93,139,121,128,197,25,114,144,127,61,136,134,95,112,125,145,181,98,104,109,103,106,111,148,154,92,127
135,129,120,129,89,154,116,105,124,134,124,151,112,157,163,135,91,153,90,124,125,149,133,131,117,200,163,50,148,153,76,120,161,125,254,109,145,122,116,133,176,158,155,92,181,127,82,130,124,100,132,137,186,119,107,200,134,191,134,103,125,135,138,135,139,130,91,149,124,153,132,163,88,80,92,118,126,130,150,154,107,140,126,125,87,97,172,156,105,139,131,101,84,94,145,227,142,126,142,115,203,94,67,148,132,137,85,116,135,91,174,81,102,135,170,94,110,123,122,201,125,101,151,106,177,124,132,136,115,116,99,133,113,119,41,105,122,225,87,160,252,172,142,137,86,137,128,107,123,127,118,146,128,31,138,147,118,133,101,76,150,148,75,127,130,46,133,122,88,136,130,90,106,135,142,131,136,146,146,108,43,161,139,134,132,73,103,80,130,134,114,133,65,127,120,142,122,124,126,96,96,109,128,141,144,105,88,146,140,133,152,139,137,98,73,93,107,145,131,139,16,147,140,188,108,127,122,83,162,108,144,129,138,147,66,123,179,153,98,133,119,141,127,143,140,138,135,126,221,123,127,123,98,177,126,143,250,88,91,130,130,2,18,139,135,120,125,131,136,98,120,125,122,135,133,121,103,110,195,114,184,157,196,98,107,105,109,127,150,80,216,162,127,125,137,116,147,128,113,93,147,88,140,153,114,116,85,126,123,129,81,142,118,154,90,149,99,127,101,131,80,123,122,83,23,89,135,4,169,122,198,171,120,105,120,113,121,235,92,144,104,130,127,87,136,152,90,116,60,118,133,121,40,92,137,132,154,158,86,115,133,105,139,148,124,131,119,181,143,52,134,149,220,160,98,124,119,115,175,115,203,133,153,128,97,138,132,122,43,93,143,171,133,141,124,102,100,178,103,155,130,118,128,142,164,97,132,71,146,123,145,138,139,84,169,105,106,163,85,139,124,82,116,183,109,95,193,139,121,142,37,150,129,132,101,131,124,150,78,129,187,120,168,109,79,105,124,147,135,151,148,113,162,67,211,128,136,142,150,143,132,74,92,129,78,141,134,195,129,140,125,113,118,139,117,65,143,121,128,143,127,118,120,134,127,104,103,127,141,161,107,131,114,89,122,161,61,166,118,94,188,156,167,129,161,71,84,35,111,142,114,167,127
127,128,104,129,92,155,125,166,140,145,123,107,112,118,138,63,131,141,141,98,113,124,129,96,136,157,116,86,127,125,167,106,130,125,190,140,52,122,140,136,162,101,65,56,111,134,125,142,156,145,147,123,176,129,123,193,158,102,137,144,135,122,129,127,126,88,96,101,138,82,140,102,66,91,175,145,134,119,89,165,147,118,92,147,119,127,134,103,115,88,71,125,82,137,152,127,128,124,131,141,165,225,138,92,122,112,124,106,85,31,143,126,133,93,53,143,111,129,130,114,138,147,144,212,117,112,120,138,133,146,122,104,135,129,150,138,137,101,109,134,97,121,145,129,134,112,109,114,134,121,119,254,142,117,117,167,101,120,114,125,126,141,164,127,138,143,134,132,151,143,132,80,178,131,59,133,112,113,129,104,57,142,118,102,145,134,19,136,110,21,101,122,102,121,118,254,98,181,112,138,157,147,17,163,139,126,143,140,122,92,131,76,134,144,128,186,95,148,135,93,144,104,150,14,98,122,124,131,86,107,138,140,154,114,98,104,192,113,126,147,114,150,122,130,127,145,133,117,120,75,102,136,97,112,141,174,128,128,116,156,127,133,119,180,116,115,108,176,125,107,54,168,87,136,114,117,135,129,130,61,126,95,122,133,130,136,102,112,104,85,150,92,113,159,106,254,0,168,132,150,146,185,145,189,160,127,106,141,126,134,91,128,145,149,150,124,122,120,102,182,142,121,120,117,154,124,138,156,49,169,96,90,139,117,121,10,113,131,170,132,135,136,175,137,155,127,107,191,109,102,134,132,118,114,253,135,200,106,117,105,110,101,61,240,139,133,62,127,142,117,163,107,85,120,203,133,82,115,134,170,61,122,122,150,152,107,136,119,117,144,178,137,126,130,117,135,192,110,132,152,137,5,111,118,90,124,141,151,130,147,175,127,132,153,144,106,114,155,153,146,107,181,125,111,169,118,72,119,132,122,182,135,119,143,171,158,122,112,108,139,130,135,120,90,116,104,116,204,139,90,108,130,110,170,68,127,123,164,125,125,126,182,131,132,118,118,91,149,136,131,123,134,125,18,113,127,128,130,115,128,106,125,78,89,144,95,127,108,103,138,99,135,35,115,169,119,177,129,144,127,137,141,129,95,77,183,148,138,171,115,106,124,127
144,128,130,141,112,129,133,192,110,115,147,147,163,254,187,140,144,132,106,137,150,110,138,146,150,120,81,102,162,124,154,172,146,99,140,73,162,147,148,122,80,151,202,123,128,153,80,127,104,155,16,170,178,145,136,229,130,175,133,95,71,138,60,128,143,106,118,138,131,139,179,136,153,148,155,149,197,148,121,140,124,122,136,130,117,117,80,83,89,140,129,73,172,142,155,133,99,139,140,165,186,163,158,136,5,169,126,119,80,111,181,118,136,119,158,149,92,147,108,123,119,112,171,134,180,154,164,180,117,131,148,141,102,135,150,88,147,116,120,186,124,137,124,4,0,58,139,113,157,144,129,145,132,130,150,87,130,160,81,118,66,172,127,179,112,122,131,128,114,144,124,131,134,135,143,143,98,148,178,53,151,87,155,132,110,104,163,157,152,146,95,97,81,128,96,169,160,144,2,135,150,161,152,180,140,134,131,148,107,193,140,95,138,176,93,0,187,204,117,120,131,173,149,166,119,136,73,146,63,53,134,140,124,155,109,141,116,122,185,110,8,137,148,139,132,13,99,155,157,147,138,96,115,167,142,140,159,146,151,116,149,113,88,133,165,220,97,124,133,134,141,193,132,162,148,171,146,97,138,144,149,129,141,157,115,118,190,192,127,157,137,127,186,160,143,146,137,174,92,29,162,116,125,145,128,81,167,113,125,143,108,19,37,124,89,156,153,141,135,120,93,121,103,116,153,127,145,134,150,146,130,139,65,128,120,70,117,71,79,130,125,144,144,137,128,112,141,164,98,126,109,129,145,109,125,138,145,148,63,74,149,120,124,133,189,148,171,169,152,76,137,172,111,127,121,124,185,101,136,123,84,128,140,103,168,142,77,170,103,86,148,124,150,125,121,0,72,226,152,149,198,147,120,160,138,105,154,105,127,151,111,147,117,186,144,128,150,128,177,154,183,120,131,169,70,150,127,124,77,0,114,94,163,151,194,132,153,142,170,124,138,146,133,159,142,147,155,157,162,186,154,117,168,85,102,137,133,142,169,95,74,136,134,119,114,159,128,150,141,147,148,179,112,116,155,103,135,126,126,111,108,146,141,112,117,144,86,105,151,157,125,130,167,141,124,138,128,150,86,132,148,110,167,135,137,153,134,107,113,151,156,148,127
146,122,127,133,107,121,154,140,111,78,178,139,151,126,81,110,101,148,140,103,138,139,119,121,130,103,103,123,167,121,173,119,117,122,132,168,127,164,131,127,114,124,39,141,109,110,117,127,145,150,134,117,141,160,119,147,121,148,133,152,126,125,145,120,164,154,150,153,125,96,135,106,126,137,135,151,168,141,131,124,134,126,117,124,126,134,136,134,130,105,134,153,118,134,108,151,93,190,122,126,125,125,126,118,109,133,139,132,112,110,126,114,142,139,116,128,121,125,109,154,145,109,109,118,152,111,118,138,114,106,159,135,147,169,100,156,126,118,121,162,112,157,129,123,123,121,149,125,142,120,140,158,113,121,154,131,132,147,113,136,148,160,139,135,123,112,125,113,131,96,126,123,143,122,146,152,127,114,100,113,105,116,124,131,108,112,151,145,152,92,254,110,164,129,100,133,124,127,146,131,165,127,110,143,129,135,97,124,118,127,123,155,127,92,161,126,69,124,117,147,150,163,132,184,102,143,137,123,122,97,130,130,142,164,122,137,65,141,160,118,135,112,147,141,142,174,112,137,162,115,137,130,118,165,157,123,110,148,73,116,132,114,144,91,148,49,118,117,127,104,100,147,92,145,113,143,105,123,159,145,137,129,119,119,120,150,159,121,140,119,122,130,126,133,99,108,132,118,113,68,127,117,115,129,139,130,138,127,135,112,139,124,167,121,151,143,142,142,98,137,146,114,115,129,142,111,117,135,124,142,123,145,20,137,166,160,139,194,179,140,131,163,125,132,133,107,127,148,152,140,116,152,129,144,100,143,121,142,101,113,129,144,90,111,146,142,154,120,124,107,138,101,98,128,114,134,111,144,164,83,127,128,131,119,128,104,142,127,115,189,141,122,130,126,121,153,121,101,141,148,122,88,109,133,76,101,132,125,147,128,108,132,114,130,127,102,124,93,126,153,142,130,125,86,123,121,235,115,112,133,159,146,145,117,151,98,107,125,102,102,155,128,100,141,135,152,85,173,144,154,121,94,164,196,127,127,142,139,124,104,243,117,137,146,129,163,119,136,122,143,106,139,123,113,147,111,145,151,139,143,121,115,141,72,117,106,124,99,128,143,173,134,122,127,155,104,138,130,121,150,217,111,157,131,97,137,111,146,120,111,118,70,127
133,137,150,123,56,227,138,136,120,123,104,121,118,149,105,89,123,132,158,121,133,132,163,150,106,89,147,90,142,144,141,143,156,180,24,125,119,131,133,123,82,158,137,106,161,130,78,108,108,127,127,121,131,146,119,107,115,186,125,121,125,137,99,125,136,94,121,102,141,127,144,128,118,114,136,124,139,160,78,127,114,114,150,109,129,120,143,89,151,101,125,239,145,122,94,183,251,132,130,137,254,75,135,130,131,117,148,175,122,87,144,149,140,125,121,133,138,132,126,131,138,149,117,142,126,120,140,140,118,118,100,105,136,88,149,161,127,146,124,162,121,86,109,128,79,115,126,125,130,132,120,144,130,93,110,166,103,128,74,180,132,126,145,116,123,119,139,139,115,123,125,132,110,254,101,133,147,129,130,198,94,134,127,124,161,110,114,90,114,115,135,132,106,105,152,129,119,145,196,125,104,122,142,133,133,129,108,109,133,124,132,123,140,139,115,85,254,33,138,135,133,97,132,123,107,117,127,154,187,81,150,104,111,123,130,147,112,140,127,118,110,93,127,121,170,147,134,121,108,178,111,121,131,132,125,116,104,107,134,146,127,108,174,108,129,105,61,135,115,128,134,125,102,121,125,91,110,125,116,120,128,134,92,130,98,108,109,124,159,138,107,151,118,149,113,107,122,121,117,76,92,126,133,84,124,119,124,120,111,132,115,179,123,93,130,159,132,60,142,127,121,140,81,99,127,175,133,122,144,153,133,70,112,127,112,116,137,59,164,169,123,106,109,117,89,132,114,109,87,52,141,139,114,135,183,126,127,125,128,172,135,134,128,147,145,121,107,100,113,184,144,148,83,95,95,126,138,83,147,130,133,132,119,117,91,128,126,104,66,134,135,122,138,130,142,110,110,122,204,64,154,121,132,145,127,150,108,125,112,96,91,106,131,166,108,108,140,147,140,75,112,80,133,135,90,187,44,105,115,130,154,104,243,106,99,136,150,139,168,85,148,111,119,134,171,124,120,98,123,138,137,114,70,160,133,116,125,118,111,136,126,101,146,127,127,138,156,254,129,131,138,129,117,124,136,132,105,111,114,100,124,147,116,120,137,127,121,126,131,119,141,122,82,124,141,157,125,101,130,142,157,123,97,141,136,177,79,73,122,134,119,0,127
133,143,105,106,126,131,103,100,134,118,128,104,127,178,150,145,121,151,122,156,119,125,45,133,112,60,121,135,129,134,114,98,144,144,129,100,94,142,149,115,85,127,106,99,124,142,88,107,127,116,136,121,118,88,123,168,113,159,138,140,132,125,89,122,154,146,101,59,74,109,140,80,136,143,157,124,155,125,149,126,130,158,104,117,105,150,106,121,130,115,112,105,137,133,94,76,122,127,128,216,68,100,129,124,170,139,146,126,130,100,156,114,163,104,141,130,129,123,128,114,124,145,101,106,154,132,115,125,142,126,77,96,116,140,85,87,116,69,115,153,147,209,129,127,105,132,142,109,125,109,141,147,122,120,131,122,238,125,120,136,101,120,92,130,121,118,127,124,125,138,122,115,129,121,58,89,118,104,105,215,121,103,129,121,140,123,106,115,129,149,132,133,119,124,130,132,127,135,183,122,122,131,109,124,148,131,114,114,126,164,153,142,122,119,79,160,108,119,136,164,119,139,138,133,133,135,127,96,104,111,113,141,125,143,121,115,140,173,127,130,127,126,131,137,136,116,114,112,186,107,155,138,128,136,125,121,97,127,118,128,135,132,108,155,154,142,99,114,99,97,126,132,97,141,155,132,143,128,111,127,100,131,130,131,91,116,147,115,90,117,77,98,107,115,170,115,132,152,158,158,135,117,128,115,130,145,123,137,130,121,75,139,108,123,114,106,125,152,94,125,101,113,117,84,132,145,172,120,167,157,131,131,147,122,105,171,130,136,122,142,103,115,142,138,103,112,108,143,102,59,109,123,86,129,113,124,100,127,142,243,110,91,127,114,141,199,123,144,121,121,123,142,126,197,173,122,143,137,126,127,86,105,170,118,96,138,89,146,128,136,106,129,128,122,121,104,108,132,112,184,97,94,148,121,119,78,96,132,118,110,108,83,185,142,132,130,132,152,118,142,120,121,128,178,207,104,176,145,116,114,103,157,121,151,93,136,155,64,103,87,108,138,212,145,104,127,91,149,128,35,125,97,102,153,115,127,144,104,135,132,125,150,102,99,124,132,142,94,113,124,138,112,113,102,128,127,136,87,115,118,125,131,138,115,147,134,103,135,119,157,141,127,87,162,139,120,84,142,133,125,191,106,122,126,150,170,122,133,126,113,173,212,127
138,124,113,133,113,110,109,119,122,117,154,138,142,236,216,137,133,122,118,127,121,130,111,156,150,113,178,117,171,142,127,169,134,108,148,97,162,176,127,112,154,150,195,106,163,93,57,116,181,128,137,154,188,141,141,176,126,162,130,128,144,130,69,133,132,93,100,161,119,127,162,137,141,87,154,147,166,128,121,142,109,146,139,151,126,122,154,105,90,126,127,153,146,140,132,196,202,144,128,142,56,174,161,111,219,148,130,116,78,119,163,158,130,118,152,145,108,144,107,138,113,116,174,109,160,132,133,158,78,138,151,134,128,114,155,133,88,100,149,164,138,123,162,115,146,64,123,123,149,101,128,136,128,126,123,90,116,108,166,81,46,160,103,161,119,106,147,128,116,149,132,130,148,204,145,125,149,145,163,59,139,130,149,142,96,107,75,162,129,139,99,116,55,131,87,144,5,115,149,148,136,63,132,142,133,138,137,134,116,26,135,93,139,174,99,26,221,18,105,135,125,152,139,119,134,127,71,90,24,113,120,115,85,163,117,83,116,137,148,138,84,133,120,104,134,9,98,142,142,153,131,136,120,147,143,126,138,143,158,104,117,85,85,139,160,200,140,121,121,135,126,149,126,135,165,147,157,97,134,148,144,123,146,126,86,115,132,160,125,176,151,133,168,116,152,141,148,163,130,63,152,134,135,149,129,152,86,142,125,136,123,151,0,128,145,138,145,141,131,114,136,121,67,133,150,102,137,123,97,144,123,97,118,125,141,55,130,88,94,134,109,134,114,0,125,114,121,156,43,116,96,138,140,103,134,138,162,135,132,74,62,89,140,157,123,113,141,141,138,88,133,124,132,155,93,124,172,115,151,137,90,116,134,128,149,132,61,140,98,177,143,131,156,138,128,197,152,197,55,167,0,143,116,115,131,120,102,98,114,151,110,143,114,75,137,140,131,163,157,162,144,152,123,104,126,158,144,123,106,96,116,83,145,140,171,135,158,123,181,135,115,127,143,141,99,114,158,130,148,130,112,145,166,76,88,4,108,137,165,93,54,132,136,121,121,184,120,162,73,121,156,130,137,135,127,99,151,141,122,150,137,119,130,130,128,122,107,95,141,132,112,133,179,101,118,146,139,129,90,123,133,137,139,115,130,147,124,96,118,115,173,154,127
114,112,127,127,156,122,195,123,130,159,204,158,127,96,67,45,117,144,45,102,107,164,164,147,89,81,98,115,79,80,139,107,67,96,95,114,212,63,72,139,74,127,114,128,30,94,183,157,137,114,105,141,101,80,118,202,114,104,79,103,129,107,118,136,121,130,104,219,105,169,29,96,94,101,63,60,130,86,100,112,96,107,156,150,159,88,76,168,150,124,123,100,137,120,112,88,105,107,140,112,69,95,70,123,66,130,81,113,99,139,140,175,133,105,110,153,105,146,135,144,111,99,68,95,136,137,115,111,71,132,122,112,152,197,97,159,148,35,108,39,50,87,123,101,113,115,127,195,82,150,94,120,79,48,114,101,151,138,115,26,111,53,127,152,143,69,109,95,88,139,116,125,132,118,107,61,104,99,64,56,120,128,122,105,157,87,146,105,146,137,147,132,37,153,124,122,137,167,67,119,123,143,129,107,147,97,141,140,113,76,104,144,122,141,136,106,133,56,142,63,128,93,73,121,119,129,101,87,133,99,107,124,135,120,108,130,155,90,96,139,171,116,122,169,139,123,135,89,105,94,165,150,97,164,124,139,112,75,148,164,128,127,55,154,109,134,63,113,73,92,80,132,129,102,87,145,66,97,61,156,71,102,112,133,127,147,147,106,86,152,57,120,141,115,132,137,151,94,100,120,108,154,108,59,109,129,80,109,107,140,130,146,126,73,142,76,123,44,116,113,92,109,98,136,129,104,96,117,142,27,82,31,89,142,126,99,133,18,118,61,125,108,85,139,124,136,99,155,125,110,144,149,92,150,156,135,110,93,71,120,127,77,127,132,130,95,114,136,106,115,93,136,86,65,107,127,113,72,96,91,119,123,128,124,118,136,101,160,132,49,123,95,129,140,121,120,114,101,81,75,98,135,134,104,135,36,99,131,132,109,99,108,114,101,79,130,98,72,112,131,118,113,129,85,117,111,241,139,122,116,114,115,11,56,76,154,142,137,172,113,88,124,157,135,79,109,130,19,117,155,138,152,96,97,117,156,134,113,80,125,128,108,121,127,110,135,167,127,122,122,142,107,112,71,114,70,90,96,121,110,100,155,93,104,153,141,127,166,118,120,119,119,133,100,124,203,119,74,110,23,140,140,131,26,125,107,92,49,173,131,118,101,127
0,148,121,108,194,152,129,132,120,103,74,66,103,155,145,122,115,176,116,160,114,121,137,163,134,163,132,183,103,36,141,104,111,160,148,3,141,243,159,136,62,133,112,133,113,127,107,142,115,127,155,254,138,183,254,61,109,202,137,144,128,161,125,118,125,56,137,68,107,117,136,141,171,144,127,200,134,120,134,132,114,201,121,144,142,136,145,76,168,127,97,117,11,102,137,99,108,152,121,123,107,138,145,132,155,88,147,151,168,227,129,198,119,197,118,247,0,129,125,8,100,139,1,136,105,19,118,108,142,121,146,111,254,53,45,228,140,167,142,133,122,133,144,130,191,174,127,192,35,128,129,142,141,116,162,103,79,113,76,126,99,1,156,254,112,130,110,157,47,119,130,138,132,74,134,138,155,127,102,153,88,164,122,110,142,116,133,110,81,99,109,127,183,96,130,164,121,182,178,99,138,120,157,121,254,119,129,0,130,144,153,119,103,89,172,146,157,134,126,222,147,30,105,121,133,0,117,130,155,143,137,76,157,134,224,102,181,49,77,122,242,155,124,87,109,129,144,111,135,104,196,115,119,164,114,253,97,182,90,128,142,153,166,118,143,28,124,122,135,120,124,171,138,83,222,104,146,123,208,127,119,150,128,136,120,125,17,208,132,57,183,175,137,121,119,95,162,112,170,175,51,189,133,102,190,127,133,146,146,115,157,150,113,136,105,117,139,108,228,248,142,162,141,74,87,83,127,138,103,129,161,135,112,123,152,56,177,32,157,113,119,62,25,143,197,157,254,188,93,115,119,162,93,127,112,254,94,65,167,122,165,148,128,153,223,120,73,164,125,128,127,98,137,149,81,101,92,136,1,123,184,128,120,143,241,118,178,154,136,149,137,126,62,146,146,156,78,166,137,116,133,129,137,151,51,149,134,142,115,0,107,124,117,129,73,142,214,197,130,163,59,116,172,157,122,118,157,89,137,152,129,253,144,170,91,107,192,154,142,130,144,76,135,72,139,229,116,116,57,141,99,159,108,108,115,167,116,130,109,134,144,137,130,0,99,56,162,149,113,125,139,123,130,156,121,80,164,121,47,116,135,144,146,121,128,134,113,121,114,34,116,95,133,142,107,16,147,167,141,74,134,231,35,0,135,131,141,90,139,225,157,123,127
123,126,93,120,114,118,91,100,141,129,137,151,117,162,85,134,110,167,133,118,93,92,102,159,113,131,138,109,101,201,126,116,128,52,112,115,123,144,135,137,57,100,104,136,140,126,106,141,92,150,251,109,140,141,131,102,181,130,128,93,73,119,143,135,125,160,121,92,143,143,133,62,142,110,160,109,154,145,114,119,133,135,115,118,139,114,156,94,129,103,145,97,133,118,137,134,161,116,100,129,175,118,124,111,136,117,130,111,131,89,131,176,148,90,126,120,136,122,132,139,134,121,116,110,146,152,136,114,157,125,138,120,128,133,134,144,111,94,121,141,106,127,110,158,127,153,108,125,115,112,120,137,127,114,145,141,103,75,142,111,130,155,124,129,131,132,120,132,113,133,128,139,177,183,95,148,125,115,136,194,104,130,131,110,143,179,50,116,133,164,118,130,153,122,124,156,101,105,142,118,129,76,126,129,123,116,137,134,134,61,116,209,127,162,132,80,109,114,131,95,113,130,123,152,114,108,126,94,120,163,135,165,209,123,139,131,116,128,157,163,65,85,112,187,113,133,135,137,106,94,88,126,102,129,129,124,136,104,135,141,119,134,109,108,119,110,100,137,130,108,106,179,127,141,114,127,147,125,95,125,155,116,90,129,120,121,172,128,104,180,161,109,105,89,117,136,102,129,173,129,113,166,114,104,133,52,93,126,113,102,154,103,136,146,77,125,141,132,103,197,121,85,155,154,138,169,147,187,137,155,135,121,174,108,115,99,120,166,115,133,109,143,137,173,164,124,88,181,213,238,133,123,147,120,132,124,124,167,147,99,247,155,88,84,148,44,87,127,89,119,192,147,140,122,154,133,161,110,127,67,110,130,139,123,105,120,134,115,140,119,115,114,131,144,120,114,154,98,110,164,208,140,138,164,149,108,141,150,158,159,126,124,133,108,127,106,125,193,114,176,115,123,127,182,86,117,127,125,98,109,125,124,195,96,96,118,137,140,113,118,119,98,113,132,151,124,115,124,144,64,124,138,144,152,184,124,133,124,147,127,123,148,123,103,132,113,102,76,155,124,113,146,121,46,110,145,115,140,137,103,132,37,109,112,126,112,118,123,139,128,127,137,99,141,163,134,134,128,134,127,139,144,95,143,118,139,95,127,147,119,73,119,127
129,127,126,142,132,147,137,72,131,137,117,125,103,187,187,209,120,136,154,133,120,131,139,123,154,40,127,148,100,152,1,132,62,132,101,144,251,122,119,116,91,161,79,173,169,149,139,174,87,156,134,136,51,88,141,165,142,111,117,131,106,129,103,126,152,199,116,128,148,239,109,100,118,209,79,96,155,105,115,89,145,87,153,101,129,114,138,146,117,37,125,184,118,140,140,160,197,132,139,140,138,0,126,129,205,145,130,152,94,189,113,104,136,139,90,170,141,121,114,135,141,127,120,200,140,147,134,127,132,121,122,81,106,144,121,176,123,93,136,145,143,161,98,99,55,133,109,139,120,130,138,130,169,78,151,160,140,142,180,134,129,120,181,113,114,125,120,118,107,227,116,126,73,110,190,117,132,175,102,127,152,79,128,120,113,254,26,113,180,138,147,124,156,153,138,113,110,107,168,115,151,106,138,162,116,116,168,124,145,148,145,85,120,101,96,83,145,135,127,153,103,146,126,106,104,141,118,67,131,135,120,127,116,166,154,253,162,132,107,119,91,136,114,131,129,111,130,136,153,64,156,126,99,89,111,133,138,111,150,137,136,118,160,200,137,76,101,253,143,149,254,132,183,122,135,118,124,127,110,169,103,102,141,151,142,96,175,111,154,102,169,112,152,175,136,118,99,91,141,160,130,107,132,60,108,116,75,115,111,127,88,194,118,161,131,96,148,124,118,128,82,154,133,99,45,104,112,90,124,80,136,128,141,145,133,26,169,11,88,116,112,169,92,128,109,98,85,162,115,146,206,135,135,151,102,138,58,157,121,222,118,124,104,114,92,121,153,146,141,126,123,130,197,87,130,120,100,102,102,109,217,136,1,140,144,114,112,120,118,145,182,117,109,119,118,85,136,126,109,111,89,0,113,104,67,54,117,112,115,102,69,112,122,79,112,99,103,147,137,96,177,96,117,153,146,88,161,139,127,111,112,124,83,159,141,113,228,118,108,0,66,147,188,161,156,121,136,95,129,127,154,167,74,85,131,124,152,203,112,127,134,139,143,162,98,122,98,93,120,121,176,127,178,128,127,129,149,106,136,154,123,139,22,205,88,106,126,117,37,147,140,118,248,103,142,107,65,154,115,89,205,223,189,144,0,0,132,154,105,115,115,90,127
153,132,107,112,140,115,61,147,138,145,146,122,137,99,105,127,114,125,107,128,146,126,1,75,142,67,117,65,151,108,72,108,115,122,97,158,130,178,136,95,105,120,127,40,63,64,79,115,114,96,113,118,80,130,114,124,85,74,121,145,93,129,109,130,122,95,63,214,146,127,108,0,143,58,98,136,129,115,130,130,157,79,80,127,131,124,161,52,107,148,130,99,148,94,63,150,81,127,89,127,122,102,164,114,64,138,119,122,139,77,93,131,115,107,137,163,125,153,152,158,135,112,117,101,125,190,130,123,23,125,110,175,118,137,141,37,95,116,94,84,67,114,117,74,106,89,113,117,67,89,141,112,136,88,91,87,134,108,92,28,100,129,89,69,72,84,142,118,179,99,126,141,132,134,66,90,131,106,84,81,176,85,115,122,121,116,118,115,101,136,117,147,88,124,120,134,122,115,86,148,92,76,142,117,142,138,146,117,132,121,138,70,134,154,99,156,153,96,132,103,97,166,124,97,131,113,139,125,98,98,123,109,76,142,140,133,118,149,149,83,169,97,104,117,162,108,142,151,116,70,125,136,117,130,142,142,79,140,84,146,71,146,92,131,110,180,39,120,106,84,112,101,133,84,125,144,110,134,142,140,111,144,129,129,116,115,107,84,119,61,55,130,138,99,119,101,139,132,83,0,112,84,144,109,129,93,115,92,143,115,136,99,121,108,14,137,149,117,106,108,103,86,140,117,122,130,144,191,121,103,112,119,114,121,118,24,75,160,194,150,124,94,87,102,155,113,148,78,92,132,94,98,143,123,112,139,137,123,85,121,102,126,145,131,139,40,134,89,126,44,117,94,116,81,151,122,29,140,140,195,186,104,145,110,101,130,139,81,137,48,109,111,91,80,121,125,105,45,66,135,12,134,128,105,122,35,130,86,126,118,168,148,126,157,146,99,86,73,134,131,125,132,117,127,169,146,72,116,130,82,142,66,76,91,128,136,178,107,86,160,110,133,100,122,92,140,118,130,125,67,107,96,166,121,125,102,127,93,135,126,128,110,108,102,135,162,133,86,119,123,153,127,122,129,110,65,118,78,121,113,113,76,163,103,60,93,70,114,123,122,112,137,92,99,108,69,154,101,119,117,166,111,153,229,133,102,156,149,122,122,140,67,127
115,130,128,125,108,92,147,124,136,122,125,110,128,126,157,105,178,92,114,113,101,180,100,130,142,139,140,122,127,124,93,137,118,148,120,153,82,118,111,126,121,150,141,95,103,124,99,106,149,118,130,121,121,136,125,138,131,135,141,117,123,152,115,124,119,129,136,157,124,122,144,159,118,150,103,126,141,130,65,142,134,105,133,153,131,97,111,140,115,125,139,197,109,141,128,134,112,127,136,130,95,99,131,129,142,127,119,137,80,154,121,126,100,131,152,154,106,128,100,139,133,124,99,111,137,125,109,129,151,124,122,136,138,138,173,154,122,122,100,127,113,28,136,113,112,140,114,118,155,132,133,154,132,138,131,105,111,104,101,133,120,136,154,147,130,123,121,128,120,90,129,122,132,107,175,121,121,144,128,188,129,130,135,119,133,122,132,132,136,112,126,141,99,101,120,138,132,124,75,131,107,128,146,130,122,135,147,114,128,102,143,126,134,137,116,115,149,125,132,126,122,101,117,126,121,127,127,136,106,125,198,105,122,121,170,115,126,124,107,124,144,150,122,127,87,141,126,145,173,195,106,165,125,119,122,113,125,141,129,143,131,196,174,119,122,138,147,121,114,126,40,138,130,116,117,125,111,124,139,69,88,118,92,245,141,99,100,162,145,169,134,140,46,134,61,132,111,127,159,147,112,113,131,141,163,128,86,127,105,161,102,132,130,138,170,136,128,141,148,135,167,139,135,126,123,111,113,156,159,80,105,123,137,126,179,118,126,115,123,112,132,111,134,133,134,113,118,100,99,72,108,114,79,129,127,127,158,67,129,146,123,96,117,133,140,160,130,138,127,133,150,133,140,91,99,121,83,0,130,133,205,127,90,116,142,140,72,128,122,145,156,112,121,120,129,144,104,124,127,1,140,138,146,149,131,121,142,130,136,113,151,172,91,158,122,134,151,0,130,113,126,141,123,129,106,138,91,127,141,105,119,124,181,130,164,132,106,169,133,104,173,141,122,141,72,117,124,148,105,129,113,139,148,134,148,161,104,120,136,154,124,170,135,133,130,108,109,138,124,108,127,116,119,129,115,103,139,142,116,143,119,132,141,130,111,102,127,94,112,107,116,146,155,112,175,183,109,125,121,110,121,122,115,101,147,81,102,90,145,113,132,116,127
98,132,120,106,148,158,123,86,143,131,74,155,166,56,162,15,148,65,129,104,129,126,81,118,94,4,130,97,100,187,134,82,109,168,144,180,162,125,129,117,171,84,104,72,121,124,97,170,90,155,124,70,72,91,89,158,150,87,123,137,125,109,84,124,138,210,164,89,121,120,81,191,177,47,109,151,133,126,103,150,112,107,151,134,155,118,111,128,102,166,112,105,121,116,53,172,128,113,101,150,108,138,99,131,114,104,80,98,61,133,100,123,126,176,120,205,105,164,117,191,164,98,125,8,60,102,110,138,64,109,136,113,132,76,111,210,125,0,89,173,0,117,124,120,136,130,129,158,97,104,128,98,139,110,100,102,119,103,127,131,117,132,90,103,128,117,123,103,104,104,129,130,55,108,131,58,152,104,91,94,210,116,108,104,151,77,67,91,139,130,142,132,94,129,142,140,126,134,122,36,175,119,137,169,121,109,131,107,127,76,138,70,120,56,129,149,165,113,134,149,113,91,141,154,82,118,122,144,106,72,130,124,146,124,127,94,224,159,138,127,115,133,112,188,108,159,143,111,175,142,60,142,66,28,109,107,106,95,168,129,118,104,142,119,150,38,136,112,134,102,88,35,160,90,110,152,173,103,135,131,144,89,92,158,115,123,123,27,163,148,142,61,117,137,102,141,72,115,74,102,119,105,103,188,105,122,124,117,127,148,183,127,89,105,105,121,137,96,182,162,107,89,113,75,102,102,70,26,168,39,83,164,198,185,8,101,146,48,144,102,112,85,105,137,130,109,156,125,81,46,148,132,117,253,134,133,120,104,82,83,118,120,96,90,95,103,125,139,124,115,216,118,120,84,229,154,190,143,96,83,98,104,154,129,221,106,92,132,124,194,93,8,78,127,132,165,51,75,89,104,139,206,148,173,112,71,110,112,155,86,142,141,125,121,91,109,126,121,126,132,114,158,126,134,172,144,164,149,145,169,152,117,112,151,109,135,102,112,129,168,94,130,96,128,112,104,105,90,96,111,117,186,136,134,104,127,146,76,136,128,131,62,116,205,119,108,82,120,125,123,137,108,195,180,106,69,129,107,123,155,91,104,105,122,82,128,169,117,74,135,122,159,106,88,140,143,118,86,126,106,145,150,144,163,145,130,95,98,149,115,102,88,127
138,146,115,97,125,200,70,5,142,132,58,125,70,132,157,123,61,123,128,117,132,137,87,79,93,77,151,109,128,107,93,34,134,127,82,185,30,119,127,125,142,142,0,132,148,127,61,134,21,161,164,68,92,128,105,141,132,74,126,128,135,144,110,128,114,109,91,66,131,10,131,127,8,86,87,202,179,143,137,110,162,76,75,146,121,124,103,70,137,91,171,114,190,92,60,96,137,130,75,106,116,65,118,101,118,156,116,118,148,137,100,77,104,117,79,158,129,0,161,171,165,136,117,79,0,179,117,121,102,0,122,150,112,103,218,145,129,114,140,75,47,106,114,144,86,137,139,128,62,136,126,89,156,79,72,100,134,115,84,154,123,107,98,54,136,92,139,145,143,181,139,95,104,69,93,126,127,98,117,155,106,104,121,136,114,105,79,139,124,80,108,150,133,116,122,68,137,100,118,119,110,136,4,136,123,136,102,104,163,139,154,125,120,166,126,148,71,142,140,76,78,151,129,81,95,108,130,124,114,110,118,136,119,179,170,14,143,129,147,107,143,131,112,127,96,118,142,110,110,42,101,131,115,14,108,142,115,182,85,160,115,186,136,78,161,157,118,120,121,88,106,116,104,70,140,154,86,137,112,109,54,140,145,122,93,94,76,128,149,126,81,89,122,13,105,49,82,79,58,162,141,53,97,66,159,140,148,138,135,101,94,117,89,133,102,134,136,112,99,127,116,91,132,152,101,130,119,168,52,120,64,12,121,127,84,0,122,126,177,105,141,70,63,144,146,127,120,109,128,190,123,91,147,134,13,129,105,134,125,151,139,126,122,89,177,115,137,96,89,108,154,144,125,126,95,124,158,128,188,4,127,115,72,163,128,101,128,33,144,121,59,100,114,107,123,143,28,84,112,97,139,59,139,106,54,137,144,98,94,158,123,113,95,127,141,60,133,106,165,79,144,126,119,164,144,0,28,111,120,119,141,39,105,94,93,0,84,152,126,113,148,92,91,87,111,142,136,58,133,138,136,88,132,156,110,118,96,158,85,129,81,47,133,119,98,140,143,117,138,116,0,110,115,128,104,120,135,58,123,157,111,119,93,109,40,92,82,125,124,118,135,100,23,116,3,52,92,123,139,114,72,95,140,200,119,95,139,131,100,143,167,137,127
114,134,122,129,99,147,151,154,113,122,132,138,164,169,155,140,148,105,137,88,135,204,148,120,92,148,146,168,121,130,166,152,110,162,106,162,97,121,137,127,99,116,145,101,169,127,84,108,159,124,124,122,114,158,123,127,110,168,103,79,125,140,135,120,119,108,165,150,129,114,148,125,152,101,77,133,145,111,65,114,145,134,147,122,143,161,146,117,114,140,116,18,132,124,157,147,127,126,130,79,131,127,122,123,150,103,122,113,104,147,96,138,127,132,152,144,112,118,95,123,118,133,97,128,118,132,117,125,123,129,153,125,144,126,127,194,123,111,153,133,137,190,127,106,174,138,93,114,155,124,116,117,127,97,125,115,120,142,121,124,125,128,125,143,126,120,117,122,156,100,127,126,154,153,103,111,117,79,140,111,117,132,135,130,113,104,112,154,149,151,162,136,105,136,114,130,134,137,72,129,115,128,136,128,121,132,106,136,139,77,146,151,134,139,111,150,95,133,136,122,134,164,126,168,110,133,120,189,131,165,203,133,120,118,169,95,93,153,112,127,155,131,101,122,166,132,130,55,179,83,141,137,135,109,103,123,145,150,129,143,123,180,129,136,121,118,129,119,111,105,176,150,147,131,128,154,109,119,139,59,118,126,104,254,150,136,102,160,101,241,134,142,138,132,116,126,151,144,127,108,103,114,126,89,117,139,104,122,123,155,108,118,140,128,132,68,141,136,142,133,98,162,135,124,134,131,125,143,63,100,106,103,124,132,109,155,117,166,131,115,133,123,116,112,106,124,109,126,93,79,130,136,71,137,126,133,64,66,123,126,132,115,125,131,119,136,106,124,139,167,164,142,139,158,169,124,96,199,130,151,248,113,129,156,98,141,128,134,100,145,106,117,107,130,127,124,87,119,97,190,133,119,130,152,111,114,103,132,130,113,119,12,80,140,136,172,144,25,147,145,124,113,117,65,36,162,48,113,96,121,105,112,54,126,168,136,145,78,106,129,179,150,123,117,173,109,134,69,107,106,127,128,94,147,144,142,122,84,137,122,117,110,106,129,115,121,119,165,118,132,130,105,132,220,122,121,126,108,128,126,114,128,118,128,133,112,108,79,141,129,102,119,109,138,132,98,91,105,121,134,142,129,121,118,110,145,131,126,126,100,128,65,127
161,136,136,126,71,147,146,104,140,133,130,151,127,135,155,108,109,109,143,115,135,171,90,143,96,182,120,182,109,143,87,101,108,149,56,118,210,162,115,125,123,161,158,176,81,158,97,134,103,145,104,138,76,89,96,182,125,87,138,187,144,141,133,120,115,124,82,181,134,117,149,59,122,136,112,103,109,137,150,103,124,131,140,141,100,150,86,128,99,142,133,105,88,124,95,254,179,127,119,120,129,99,132,92,119,132,97,152,152,159,175,79,109,130,35,95,136,118,122,186,136,107,85,162,114,110,128,133,55,132,104,146,113,199,77,101,122,190,114,136,251,164,109,159,98,130,115,123,114,116,127,134,67,134,133,127,66,136,153,149,158,142,93,147,103,149,125,110,150,152,125,160,87,131,142,143,137,114,134,169,121,192,107,139,132,51,128,103,114,137,93,122,222,128,132,130,104,149,127,91,95,119,123,137,140,118,149,138,137,108,127,135,170,112,65,141,102,132,141,140,112,97,127,140,133,115,109,155,125,126,134,152,137,144,65,102,189,171,104,117,92,106,123,157,146,151,135,138,197,133,84,112,122,128,132,123,179,111,91,130,122,93,254,116,171,127,146,139,127,127,133,150,134,140,152,118,112,101,140,157,64,173,219,84,108,138,147,132,154,136,149,171,153,94,112,101,178,42,91,131,162,108,114,49,151,138,126,88,118,135,126,128,104,65,119,121,127,58,93,148,154,72,92,72,129,146,136,18,95,156,98,32,120,108,130,209,140,10,152,120,100,128,167,195,138,127,71,178,43,82,137,149,110,80,132,152,133,157,130,113,139,172,142,112,166,150,123,109,106,183,134,117,74,131,77,120,11,120,6,133,121,110,109,139,91,137,147,140,188,79,89,156,121,131,120,149,54,154,117,106,137,145,126,103,111,141,85,71,141,148,78,159,135,136,138,99,73,167,104,129,129,163,115,110,147,82,172,141,118,98,84,133,107,141,107,112,123,133,89,122,110,135,190,105,139,124,102,140,138,106,134,126,125,89,104,106,148,126,70,140,140,154,125,140,124,132,123,84,129,121,126,113,107,80,121,144,70,148,115,132,132,141,65,149,142,108,84,118,126,147,157,66,118,88,104,159,98,165,142,88,123,135,152,79,172,77,122,196,97,136,137,216,127
150,133,136,105,167,118,117,101,130,73,115,124,155,51,146,132,129,132,152,139,111,81,85,176,116,176,116,55,153,0,68,77,105,129,133,75,9,148,103,142,120,121,88,147,123,115,69,173,79,58,106,126,128,144,99,88,122,70,141,169,125,135,126,109,136,36,163,15,116,20,117,148,96,125,60,53,118,136,67,140,108,197,115,137,154,128,200,88,131,86,158,121,172,50,153,190,130,144,154,99,96,95,116,114,125,92,83,143,102,0,91,200,168,82,165,33,107,141,133,75,50,139,115,132,186,142,137,77,131,123,141,123,127,21,150,156,149,124,126,119,158,106,97,84,137,125,120,123,54,126,114,54,145,120,87,247,86,99,210,123,131,179,153,129,96,103,145,105,81,75,132,126,254,141,93,169,120,146,120,96,85,132,123,123,91,121,130,110,113,111,138,157,124,144,121,74,152,175,98,110,55,165,97,145,169,117,112,116,118,115,108,178,144,186,97,81,65,150,125,101,127,102,156,95,159,192,127,105,95,117,138,126,116,8,106,144,137,166,73,137,123,121,110,138,183,107,132,132,54,104,132,135,61,132,115,171,194,81,156,128,147,34,156,107,129,99,170,137,129,53,148,134,135,106,68,168,131,125,150,95,145,123,123,110,86,135,44,99,129,9,49,160,101,137,108,79,151,147,145,113,125,143,161,121,153,129,96,126,128,136,66,157,142,132,61,116,123,166,41,134,152,70,57,89,142,111,73,181,186,139,92,170,42,142,142,162,147,84,95,113,114,69,82,105,108,114,115,86,1,44,110,197,198,99,169,118,109,149,83,243,122,81,79,125,96,103,192,147,109,71,126,93,92,38,118,139,178,123,158,123,84,114,108,119,32,87,171,171,133,147,128,72,143,159,128,110,106,153,117,138,85,92,153,83,106,72,122,226,93,123,110,119,163,121,148,79,98,185,130,165,110,52,134,25,73,130,134,115,126,150,100,54,106,102,48,100,76,135,134,92,72,122,101,82,106,176,96,2,200,146,101,44,163,53,174,162,70,84,147,125,134,170,121,72,139,133,254,160,117,129,111,119,100,178,113,143,103,83,80,104,101,123,74,105,188,105,67,58,85,148,49,102,137,117,85,206,114,101,117,128,101,148,80,88,130,138,128,147,94,103,133,39,127
143,132,133,124,148,81,150,110,128,154,83,187,155,198,152,137,166,99,122,97,148,154,125,140,100,86,133,156,153,145,158,100,92,150,79,123,67,73,108,136,183,128,25,192,177,183,113,101,140,171,158,176,127,132,167,156,124,155,149,140,125,109,105,137,149,139,190,75,145,116,139,147,139,136,204,180,254,124,147,150,92,132,100,113,134,79,180,159,125,120,131,123,178,145,149,128,113,99,174,129,136,160,159,159,115,196,104,174,149,202,133,100,150,120,127,137,155,126,153,146,181,128,212,143,153,175,104,155,140,135,127,163,155,194,0,73,140,106,114,80,171,110,142,175,157,198,127,118,178,133,109,183,116,158,152,134,126,129,116,183,145,146,122,125,115,58,122,185,135,236,164,116,115,91,156,104,123,140,178,110,94,17,180,149,142,176,141,125,89,123,156,135,208,113,127,132,144,98,179,160,243,152,114,143,129,173,60,135,172,190,49,174,150,90,90,132,148,121,113,149,140,228,234,179,148,139,109,200,131,101,124,193,147,254,130,150,141,173,120,133,48,157,127,142,149,128,127,86,219,143,204,107,123,197,137,162,122,135,146,144,148,147,225,136,111,169,198,107,110,192,7,155,103,156,99,178,147,121,192,166,81,151,133,117,134,116,215,222,148,174,125,108,167,132,108,129,118,141,66,110,143,127,234,183,103,128,174,154,116,88,133,117,108,48,203,137,137,182,108,58,134,143,171,79,76,24,143,149,185,150,135,155,92,173,36,117,156,75,87,164,97,164,129,100,113,152,110,200,94,75,121,106,223,95,132,114,120,132,102,186,148,126,112,142,157,156,79,180,148,127,101,57,159,141,182,132,43,114,74,119,176,108,117,124,126,183,93,114,108,170,123,137,120,148,146,110,202,125,142,158,111,152,132,170,103,132,102,84,177,111,31,141,139,185,170,150,150,209,172,166,167,155,117,167,244,138,96,131,154,119,64,133,164,131,150,129,119,106,137,124,160,148,132,166,152,140,108,178,154,115,144,70,160,72,182,124,136,144,96,117,114,89,169,102,101,103,145,94,141,123,97,139,203,249,134,49,254,137,134,120,124,181,53,74,118,138,118,144,130,117,162,93,127,153,140,170,97,170,108,139,95,88,177,95,168,130,110,254,83,138,217,159,127
127,140,112,125,124,107,152,194,117,151,115,121,130,113,144,134,107,117,122,124,153,114,36,16,144,94,143,181,151,133,99,52,121,110,219,128,153,141,130,0,82,134,108,156,108,120,107,124,130,115,107,83,95,113,128,186,120,89,110,150,187,128,115,132,133,140,102,128,139,74,133,12,128,90,127,144,132,109,146,108,149,71,220,135,108,147,136,36,100,112,148,139,168,127,130,120,104,130,103,127,182,148,136,118,97,113,121,120,90,149,107,75,105,98,113,160,125,90,128,149,222,136,86,113,123,99,128,121,130,137,98,112,49,57,122,76,2,88,112,146,121,125,130,161,99,124,130,94,89,232,98,169,149,133,126,119,118,125,75,111,120,126,133,129,126,98,138,145,137,83,122,107,169,71,142,126,121,119,140,111,150,103,131,123,164,128,41,111,119,116,101,117,135,121,114,147,94,119,98,132,128,214,156,137,100,120,98,154,144,113,135,99,124,124,132,112,49,128,118,136,113,176,127,170,120,135,128,71,107,101,128,132,95,116,138,129,150,108,152,0,130,130,124,151,135,133,129,140,104,97,150,121,104,139,145,132,178,126,105,126,241,130,48,91,129,171,103,130,133,122,133,147,133,131,120,131,110,133,97,125,101,129,165,139,128,113,127,144,125,68,188,128,133,24,138,126,138,139,131,172,154,141,154,125,110,15,164,110,116,136,130,128,122,140,52,106,157,127,159,118,145,140,153,115,110,93,111,116,132,172,142,38,127,124,77,21,132,184,204,151,124,129,68,159,121,130,135,119,58,254,102,87,124,159,85,118,142,188,182,200,119,117,131,84,110,152,91,120,136,121,157,128,138,114,99,138,171,125,124,146,137,254,124,130,134,130,127,254,130,124,139,133,153,254,115,130,124,121,133,154,130,121,133,139,194,124,132,151,137,162,141,132,110,114,126,73,143,128,104,104,122,93,132,157,114,63,122,119,78,142,144,119,136,137,151,110,115,141,141,123,70,137,123,137,111,118,100,157,97,127,136,161,76,121,126,138,128,126,137,114,106,186,131,134,125,109,108,141,129,127,99,144,146,125,129,107,140,121,116,105,113,6,162,124,88,120,177,123,102,124,131,127,133,126,28,169,160,132,142,182,143,131,140,110,125,126,140,125,131,147,76,136,127
89,121,145,126,64,117,54,108,131,139,36,147,174,139,181,181,115,239,109,188,130,105,102,129,90,143,119,72,160,185,148,114,167,162,120,180,107,209,121,124,141,202,193,113,73,130,52,142,69,254,126,234,145,32,176,134,120,102,120,102,141,103,140,144,254,174,109,0,138,144,119,146,150,106,115,149,112,183,101,38,134,34,117,122,171,145,114,44,183,141,111,116,154,212,104,208,91,106,112,134,136,92,123,187,119,156,96,136,195,221,121,142,220,85,177,254,169,139,122,175,188,114,207,102,246,188,137,114,107,147,33,131,184,210,47,141,148,135,130,87,159,133,150,98,139,93,86,54,60,138,123,87,0,80,136,120,32,100,145,129,88,47,147,44,127,150,134,128,74,226,128,136,137,89,123,76,108,134,180,108,194,0,123,126,154,141,193,95,155,134,117,122,160,176,133,126,159,61,102,123,238,126,125,186,171,127,71,47,109,96,161,193,114,203,136,161,115,179,128,241,145,60,100,108,152,98,121,111,131,75,160,254,142,126,220,188,254,76,33,133,49,115,130,132,147,124,102,142,199,119,107,85,131,167,129,174,99,113,163,83,117,92,114,118,72,115,98,113,109,106,139,125,124,153,156,1,122,98,157,158,136,35,132,142,90,121,120,58,120,113,214,254,109,160,109,83,174,167,148,124,72,179,154,164,136,135,165,121,129,100,111,106,126,93,44,123,221,110,106,70,97,110,79,88,124,166,152,154,215,151,82,88,87,113,204,176,254,99,91,81,254,48,176,137,0,89,97,156,107,32,122,141,103,152,152,149,121,126,89,183,102,110,136,150,221,181,0,149,146,86,30,130,102,123,106,151,145,153,179,193,172,131,145,131,198,0,141,135,151,118,135,142,149,122,126,123,160,101,93,150,87,176,122,139,160,149,120,157,254,83,146,155,151,140,120,130,47,105,115,0,120,227,49,92,80,147,2,241,144,155,75,166,137,125,29,122,138,190,97,147,134,93,156,254,132,217,137,132,115,116,158,99,163,34,120,130,137,158,151,105,123,63,104,51,119,116,112,112,135,123,125,103,254,149,147,154,128,253,121,108,140,126,58,97,117,130,178,125,140,69,165,124,113,132,80,12,97,254,91,113,104,148,145,145,187,120,121,87,0,136,106,154,127
123,123,91,130,127,92,106,50,124,175,133,82,142,125,54,159,128,129,103,116,100,105,1,127,140,124,148,99,131,160,103,70,142,11,155,127,55,153,132,116,136,140,100,146,119,133,94,122,87,141,157,138,105,99,141,185,204,140,131,136,168,159,116,127,117,109,133,104,124,129,130,214,76,43,138,145,146,153,123,139,127,117,71,148,133,130,117,102,162,144,102,68,116,127,28,142,127,124,91,105,137,78,132,118,115,145,120,148,136,158,81,111,85,144,143,103,133,133,137,135,176,108,128,112,127,141,124,122,75,126,138,127,139,146,139,148,44,63,106,132,84,130,149,124,189,153,145,148,91,117,126,90,104,80,114,159,120,123,165,140,127,107,89,92,125,122,123,107,107,107,127,140,84,158,69,69,150,122,122,162,171,128,134,124,98,126,140,130,98,113,137,134,158,130,120,113,47,94,134,154,88,52,148,146,118,117,127,121,120,78,118,195,133,118,201,53,118,101,127,127,123,127,118,90,130,108,135,102,0,158,128,155,67,128,171,173,51,125,136,161,106,84,147,127,117,109,123,98,135,155,112,143,72,135,132,146,123,134,156,115,69,120,104,133,80,139,74,132,126,152,128,150,149,156,122,200,135,128,142,165,127,93,117,121,138,112,169,108,128,47,85,134,149,97,145,94,132,121,202,135,115,80,128,121,95,169,113,104,132,130,86,172,116,109,47,102,109,120,155,157,130,89,164,183,103,115,122,174,136,105,134,125,110,110,122,105,55,93,181,137,149,148,132,90,101,121,129,30,131,244,85,123,110,139,93,139,116,134,192,50,81,121,122,100,145,89,139,126,144,147,117,172,145,175,81,122,113,109,147,105,128,171,150,127,221,173,126,94,121,216,118,125,168,113,126,159,56,120,91,106,68,190,145,119,125,178,125,116,108,118,151,115,133,87,155,170,167,139,126,102,107,164,135,62,116,99,101,124,122,142,134,100,164,119,134,122,124,130,148,136,129,131,119,148,131,124,130,154,112,95,129,179,102,148,176,99,101,160,134,129,145,128,109,112,122,150,149,73,113,120,130,124,104,40,107,141,130,123,142,93,129,35,136,117,91,96,187,128,94,130,160,114,154,155,161,148,141,177,106,162,154,138,141,129,95,131,136,122,115,118,127,188,127
92,116,130,173,135,173,119,53,122,85,87,35,1,130,86,98,91,125,131,85,133,107,214,109,77,108,168,126,46,180,126,39,151,127,94,153,139,101,144,151,113,153,8,207,133,124,79,138,121,82,149,153,17,147,114,82,137,105,157,70,125,119,175,128,109,131,131,82,131,51,35,133,64,136,101,17,83,155,88,114,121,162,153,132,149,120,65,102,106,0,153,204,78,145,105,142,165,136,66,63,91,91,88,72,51,116,115,119,41,159,103,114,110,137,15,144,145,73,72,108,125,124,69,126,146,158,130,78,144,54,187,141,86,77,116,150,137,154,127,129,133,115,115,112,122,176,65,145,108,151,137,124,89,130,86,147,148,139,124,159,143,127,108,113,128,147,36,124,107,126,134,121,134,92,95,140,114,75,109,189,77,101,95,133,149,139,144,9,56,102,56,98,96,103,112,75,119,118,37,150,135,119,80,76,88,132,1,116,144,52,151,137,134,204,127,156,136,100,117,167,104,193,75,162,118,117,134,142,164,114,117,137,137,36,158,70,45,0,124,124,132,141,138,106,87,113,132,56,51,90,118,99,146,136,163,111,91,52,132,147,146,0,138,117,105,244,72,98,127,129,94,18,109,95,125,117,108,156,78,102,50,76,95,95,190,173,72,163,132,161,164,166,105,65,92,65,87,0,85,146,50,114,61,66,152,130,139,120,127,113,88,150,146,198,102,93,137,121,192,116,109,84,236,168,0,166,130,109,119,109,129,118,171,123,14,128,134,85,150,127,134,229,88,125,120,124,70,70,178,142,143,125,110,156,42,122,115,100,145,162,133,145,121,91,97,124,93,132,136,199,105,145,92,117,170,92,82,113,51,61,111,131,55,148,102,94,126,90,116,166,40,31,126,133,132,160,91,107,127,13,89,81,92,144,91,114,129,129,91,138,145,99,114,144,80,84,76,96,0,184,52,89,141,81,44,30,90,133,125,149,166,175,129,150,137,36,70,124,62,109,135,75,131,131,167,90,91,116,100,126,93,79,62,190,72,115,131,143,0,87,112,36,118,147,128,129,129,93,119,122,50,138,93,109,147,200,183,141,144,144,123,158,88,122,89,102,174,115,108,62,134,175,26,130,44,166,114,158,117,121,77,129,36,105,145,94,163,131,104,120,20,148,127
137,129,149,116,134,104,112,158,126,119,120,130,157,149,122,109,111,138,111,111,116,159,72,137,132,131,118,116,153,119,248,130,119,113,127,122,115,131,120,134,0,138,121,175,85,196,99,138,152,144,145,168,125,113,116,49,108,111,124,114,117,125,110,143,160,133,92,154,116,120,92,94,142,29,97,101,107,130,143,130,127,124,118,154,134,102,109,110,144,105,130,114,140,97,119,154,121,106,114,110,96,112,150,128,92,128,154,104,125,70,137,148,156,104,114,107,110,113,106,121,78,92,70,83,114,107,120,134,134,124,135,146,118,144,135,53,132,101,106,149,95,121,136,86,102,131,142,151,121,127,125,78,81,105,103,175,126,108,0,120,128,126,188,117,114,134,124,110,121,96,125,124,152,112,82,172,116,108,132,111,95,141,112,112,137,104,136,120,144,124,118,128,131,138,124,134,88,138,99,156,119,134,89,121,130,125,129,120,127,147,136,146,141,127,119,124,162,114,124,86,146,121,129,97,127,150,125,127,178,0,140,117,153,129,172,226,134,137,113,150,86,108,109,149,133,121,130,122,88,122,127,111,177,87,130,116,128,119,165,128,130,113,117,139,118,178,58,117,122,98,166,116,148,145,116,169,131,105,118,164,129,101,124,122,92,146,130,104,132,73,80,156,143,90,90,113,110,108,54,82,118,159,114,127,115,91,124,106,118,147,119,148,154,123,31,152,131,80,73,107,178,110,105,116,134,152,97,182,123,109,100,146,66,165,132,122,159,109,131,88,119,99,103,95,106,96,101,151,139,118,145,111,107,128,127,123,148,197,175,170,133,158,98,111,102,141,104,127,116,125,133,127,87,207,125,124,132,144,78,123,162,121,130,125,109,96,173,120,158,143,109,117,114,148,123,124,95,124,73,123,250,122,143,101,117,214,85,144,120,125,114,133,121,132,127,127,116,120,116,112,136,147,123,160,129,143,147,149,122,121,125,94,101,113,138,113,109,132,67,123,95,156,122,121,132,130,180,42,146,141,122,125,139,143,104,254,89,72,123,138,121,150,124,112,123,141,143,79,131,110,114,113,123,103,120,154,97,154,133,114,139,122,56,133,127,178,89,128,71,142,122,111,106,104,124,106,119,110,115,158,102,107,116,159,102,48,148,153,111,110,147,177,127
128,121,150,127,138,162,142,168,132,119,117,88,183,139,49,103,114,129,113,110,121,126,182,129,166,180,131,151,151,162,187,149,157,146,174,139,160,138,139,135,157,120,82,47,119,120,140,112,112,138,116,96,118,109,111,48,113,70,126,194,123,138,114,137,125,131,148,80,125,197,113,133,131,121,183,112,115,125,170,158,134,120,88,136,121,132,95,105,99,131,111,93,149,126,92,162,99,149,99,130,129,104,141,107,103,135,131,109,135,85,155,137,128,107,139,107,121,127,126,111,146,122,243,79,154,179,144,134,60,114,138,106,116,132,120,93,141,93,116,122,133,148,125,89,125,138,103,111,135,128,124,145,81,127,109,138,126,119,126,115,126,147,93,116,136,117,141,141,127,137,135,74,208,92,130,115,131,252,131,59,105,114,144,114,122,106,132,123,117,171,153,118,77,128,110,108,129,123,117,184,82,102,177,114,129,126,132,111,124,113,106,106,130,106,128,128,97,126,146,143,231,134,207,173,170,138,127,103,192,58,140,125,98,111,152,197,122,112,132,101,106,145,132,165,115,111,123,136,137,168,114,119,156,152,131,110,188,112,125,137,120,116,94,74,121,34,136,127,122,118,201,101,52,156,121,159,88,135,135,161,122,91,151,125,149,129,121,148,137,166,125,139,113,81,107,63,78,139,68,68,145,135,121,174,97,120,127,105,137,133,135,103,147,144,147,143,126,127,82,106,107,42,100,140,222,148,131,182,105,123,97,110,133,135,79,138,121,111,127,140,126,104,115,120,106,136,133,91,155,84,102,138,124,117,80,126,73,137,74,76,119,80,124,87,93,128,143,116,107,87,132,114,73,90,117,120,146,131,210,91,118,103,98,125,130,126,155,147,82,149,137,129,128,132,132,109,124,83,138,138,97,173,133,149,176,165,110,155,108,123,123,138,139,92,121,150,127,112,132,127,140,143,124,125,111,214,204,107,125,138,139,112,86,106,198,150,118,125,102,77,205,108,109,121,119,134,157,165,139,90,108,106,97,215,123,103,87,82,171,119,108,78,117,112,128,116,140,160,117,100,80,115,92,102,137,122,138,118,150,128,117,127,120,138,120,111,127,138,92,120,88,154,176,122,132,68,150,126,120,139,144,131,134,155,84,200,133,63,139,130,96,127,127
114,129,148,125,79,147,172,103,134,116,126,26,84,140,132,92,130,86,140,99,127,132,150,114,99,98,148,130,174,151,150,103,89,202,9,165,136,152,140,129,124,126,151,212,165,107,195,136,145,50,99,73,0,82,129,77,129,136,139,102,149,123,100,130,95,126,57,21,122,81,85,102,76,118,137,57,124,106,116,105,132,144,148,122,119,113,125,100,135,110,115,145,100,113,142,85,134,142,106,122,118,135,141,136,140,158,180,151,55,128,132,175,68,134,87,120,113,98,124,73,91,136,86,78,93,109,120,138,185,110,186,113,158,117,135,153,134,106,109,84,134,124,117,170,164,165,79,129,151,139,116,139,133,86,117,126,180,123,172,199,116,105,176,93,119,173,142,139,139,90,130,178,152,111,101,157,142,130,154,177,80,174,127,147,118,161,87,68,59,135,96,104,192,151,117,134,111,192,131,125,69,130,146,101,126,134,180,88,145,99,128,191,105,100,96,104,112,140,136,120,109,95,98,149,119,134,146,186,145,131,124,100,137,116,160,86,170,131,107,107,150,70,130,153,154,124,127,128,86,169,57,127,160,67,137,134,83,71,137,167,135,190,166,151,104,124,170,132,106,179,125,118,151,98,104,135,156,149,127,137,93,115,142,106,142,119,90,54,143,106,123,75,108,101,141,164,94,106,110,184,82,118,91,83,86,144,158,142,102,133,184,88,160,110,90,131,100,136,145,61,152,211,94,137,61,155,78,116,140,95,105,116,187,144,62,126,98,148,98,137,122,81,160,121,136,147,143,19,97,127,121,148,103,156,99,127,118,73,142,96,135,169,119,164,89,119,79,99,135,170,152,126,134,155,70,141,155,132,175,124,24,129,117,128,120,147,102,136,160,96,122,126,126,130,129,130,86,81,130,84,121,121,114,120,125,126,98,115,103,95,91,124,116,128,89,140,160,111,184,150,105,105,129,147,92,48,90,149,86,127,117,160,114,127,145,83,130,111,112,137,109,90,104,126,149,142,124,82,141,129,151,159,118,57,159,112,92,112,106,132,113,109,119,103,114,133,127,63,130,126,119,117,100,104,121,167,80,81,132,132,116,210,99,128,138,80,133,126,129,116,130,112,92,132,71,130,95,70,143,141,80,102,70,135,127,118,102,111,135,76,54,177,127
116,127,148,117,150,183,123,146,126,110,131,84,126,115,169,113,191,122,97,143,145,127,167,118,111,99,148,81,133,116,151,91,195,52,137,131,216,118,19,123,195,120,150,172,190,238,116,141,90,167,137,140,106,133,138,103,141,138,88,156,122,117,131,141,133,96,94,145,136,89,104,115,16,254,145,133,89,113,114,122,60,107,106,128,114,120,115,127,139,146,57,147,103,132,136,130,27,120,128,112,95,148,127,119,180,135,126,79,135,113,145,144,123,132,99,101,124,126,124,124,119,138,78,69,101,133,126,139,103,117,159,178,154,96,105,101,122,107,64,142,79,95,135,50,40,104,95,120,122,124,101,118,114,98,130,153,125,101,96,156,112,122,96,167,119,115,128,181,142,136,157,121,152,197,113,142,198,98,115,104,170,148,134,67,168,151,76,136,127,111,125,144,102,132,112,135,79,116,142,125,144,109,126,153,114,222,119,119,133,55,113,123,133,146,127,99,90,5,125,83,135,121,147,105,136,131,120,137,140,126,141,130,119,115,92,168,132,89,120,140,107,128,120,143,100,135,123,143,70,94,133,136,93,100,127,160,84,89,125,130,136,56,122,131,129,148,95,107,132,89,103,132,121,141,114,157,115,134,99,113,53,139,147,92,68,132,130,128,203,60,124,173,127,69,156,139,128,154,75,92,138,119,136,157,106,123,150,121,152,102,115,163,127,86,130,181,145,145,166,108,141,118,132,143,107,142,124,101,62,124,100,143,145,127,122,98,124,179,123,76,124,131,142,127,112,112,142,102,77,130,199,132,168,99,129,130,144,178,93,80,152,113,147,112,102,45,96,148,0,115,125,99,179,37,127,134,105,137,89,116,129,148,133,143,182,105,93,139,132,144,141,117,100,144,134,57,139,122,84,134,61,123,133,101,133,127,98,127,130,143,125,137,123,137,179,91,123,160,128,130,132,161,136,94,106,115,147,132,112,107,137,142,212,129,126,108,158,141,117,147,116,121,120,91,151,139,147,122,127,190,135,140,29,117,145,99,125,98,131,142,134,128,153,119,134,114,84,79,78,120,119,120,124,146,139,138,114,135,140,128,148,139,75,166,112,130,150,142,151,138,105,88,132,173,196,144,99,131,128,89,103,149,102,161,124,121,179,171,130,126,113,101,127
104,150,113,133,89,142,110,104,147,130,123,103,124,114,108,116,92,98,125,108,144,184,79,107,143,132,133,104,127,106,163,201,123,107,122,180,155,143,123,130,183,141,153,185,29,35,136,112,144,126,105,136,158,141,133,96,129,119,82,90,142,150,156,128,89,127,180,156,118,121,117,152,114,64,152,122,139,99,110,128,130,100,119,124,143,107,150,100,133,131,156,140,122,142,79,145,137,127,91,113,220,148,135,114,128,117,117,145,98,156,129,146,138,134,124,161,135,124,118,135,151,122,84,130,64,122,120,135,97,124,117,134,157,137,140,139,135,151,130,81,119,217,95,190,104,124,111,114,129,102,113,100,120,100,127,118,83,103,180,127,124,110,153,133,131,153,124,133,122,119,146,129,131,154,99,144,183,150,136,216,144,136,123,113,71,95,169,149,129,125,148,135,141,116,136,121,160,100,253,149,178,144,132,122,126,136,125,98,114,0,109,0,134,125,135,109,43,78,129,143,157,140,149,123,123,116,106,75,171,103,111,113,157,113,160,118,111,116,104,114,178,105,140,92,103,109,133,116,128,125,126,124,116,85,113,117,125,141,144,141,123,66,97,96,108,132,18,125,139,140,76,134,105,84,129,112,125,120,139,159,121,120,115,133,132,128,117,158,41,169,124,139,136,118,138,150,144,156,138,77,129,124,125,165,126,134,254,125,104,136,107,61,101,113,150,163,133,56,142,114,71,91,117,152,149,103,118,127,92,106,113,70,158,115,118,204,122,170,116,120,120,138,114,114,136,121,116,150,105,138,158,125,163,121,108,140,128,129,148,78,117,0,119,97,154,100,108,93,116,94,133,128,104,103,141,121,144,123,141,102,124,91,141,121,88,141,127,129,205,130,111,119,128,102,128,178,163,126,86,71,85,123,125,141,167,110,92,103,130,101,136,93,111,71,120,112,114,139,161,101,132,113,123,136,64,134,74,111,152,150,129,125,92,132,117,122,108,117,120,146,101,141,105,115,0,115,0,111,109,26,113,174,112,95,131,161,113,159,107,126,128,118,137,142,108,101,120,118,38,119,119,132,115,141,136,110,145,129,118,226,103,122,128,146,92,116,133,113,130,129,113,115,176,39,110,148,85,106,120,154,123,138,144,116,145,202,164,133,139,120,105,137,127
133,125,151,133,61,126,129,211,125,152,136,148,101,165,65,159,87,160,110,119,112,142,90,97,136,107,138,88,103,146,243,178,99,64,134,111,163,154,136,157,122,120,61,173,113,115,100,104,98,164,130,122,202,179,138,37,115,97,120,143,116,116,63,138,146,115,59,140,142,151,141,88,129,242,66,138,110,126,166,133,117,149,63,109,154,128,130,131,130,128,124,121,177,134,65,195,147,115,152,105,129,77,126,105,79,139,254,125,151,100,130,121,142,108,139,103,124,127,144,116,94,87,137,140,125,198,130,131,213,111,157,142,146,136,89,141,148,42,155,208,23,182,168,97,101,123,126,95,145,144,119,158,99,91,142,111,120,131,165,113,122,142,55,122,121,105,115,128,115,107,144,169,162,164,36,177,126,159,101,81,23,117,132,124,188,103,130,132,167,113,123,140,129,154,120,161,92,170,145,141,144,118,122,113,147,129,104,105,121,171,133,129,142,100,152,115,142,124,136,145,113,165,111,139,112,147,129,156,203,115,152,140,134,119,162,143,110,182,146,147,95,125,134,131,106,160,141,130,81,82,140,139,180,132,123,131,55,122,131,136,121,122,144,126,140,142,44,114,116,84,131,104,128,150,152,123,254,120,129,129,84,94,91,201,0,126,119,171,92,223,54,186,116,123,132,76,123,118,189,140,137,164,122,152,64,131,139,97,126,123,157,69,161,129,111,101,167,176,109,108,75,66,122,119,215,132,170,182,152,113,103,201,48,112,126,121,128,90,149,160,119,157,137,106,103,94,155,117,144,217,110,147,143,108,129,127,130,146,146,179,121,156,149,97,161,101,164,112,110,118,77,126,138,169,86,134,68,124,157,104,136,132,119,111,114,109,197,160,135,126,154,145,144,125,191,119,136,122,127,49,89,114,126,126,78,81,150,91,154,124,151,158,112,119,127,112,135,120,172,93,146,137,130,75,72,200,115,93,105,119,219,98,184,131,126,99,110,96,123,118,72,115,98,131,76,152,134,139,116,147,117,126,104,171,113,91,120,135,124,129,149,106,89,92,135,123,148,109,124,121,135,149,86,100,117,185,113,134,133,116,47,104,88,94,63,90,103,126,93,113,146,172,140,58,97,121,145,136,142,3,142,59,153,200,73,67,159,150,138,135,159,186,127
142,122,148,138,203,55,163,133,133,110,174,202,132,175,153,77,94,169,134,143,132,58,64,126,133,107,114,81,127,147,86,73,117,89,95,52,123,166,153,137,125,127,73,131,124,116,103,112,105,179,117,103,121,174,81,130,124,136,123,165,137,116,173,122,178,72,89,141,129,157,128,169,138,71,84,149,172,160,87,153,142,113,84,126,111,114,158,151,138,138,100,102,101,83,106,134,147,82,139,98,224,73,122,115,172,130,99,131,254,110,143,104,109,142,141,89,105,127,151,172,131,90,137,131,155,174,145,78,60,100,61,127,172,127,162,98,138,206,134,124,105,124,133,113,126,132,124,100,126,121,137,56,188,223,193,103,111,156,87,137,122,136,60,206,110,146,137,112,153,138,125,85,59,160,116,42,136,125,103,80,93,69,122,114,162,86,103,171,254,155,107,138,123,140,117,105,144,172,137,34,239,155,116,192,140,127,153,117,130,65,106,72,108,151,158,142,185,171,110,15,128,131,162,66,128,158,139,112,204,110,140,194,119,205,82,147,211,131,98,151,0,74,122,195,154,167,134,110,217,82,175,126,92,173,108,149,110,180,101,115,119,118,96,164,136,128,117,142,133,130,108,145,148,155,124,102,132,138,151,156,103,219,98,144,103,101,207,151,99,141,254,162,110,129,132,192,76,149,64,30,199,0,189,155,77,129,152,128,125,90,111,160,162,124,129,102,100,112,135,183,85,91,101,182,107,220,142,71,202,93,189,78,117,122,115,124,149,123,78,114,136,105,110,184,149,127,69,155,164,98,154,105,130,54,116,136,127,104,63,127,114,102,114,112,173,118,243,136,153,133,170,127,159,67,0,175,162,125,167,140,192,127,122,118,174,116,126,125,113,47,125,93,137,144,128,187,81,191,138,117,140,163,135,150,115,127,136,139,163,55,171,116,165,172,201,134,190,117,142,187,188,80,95,182,139,158,101,108,110,134,141,18,100,136,160,146,96,155,204,93,113,187,138,158,137,177,133,93,191,139,136,78,160,124,79,88,136,124,159,127,174,76,128,122,147,41,75,133,141,134,108,106,82,129,124,117,128,213,140,141,107,100,87,157,87,66,190,100,89,118,134,170,101,101,126,160,118,221,117,119,152,77,205,183,97,97,172,149,34,210,177,39,127
160,142,115,133,128,140,129,80,125,133,129,153,106,163,118,98,90,166,119,147,115,82,97,118,115,162,131,120,116,150,112,70,91,134,175,111,73,144,106,120,122,120,145,124,151,100,109,133,63,134,156,120,116,134,130,128,125,100,117,156,127,134,124,135,168,206,123,106,137,123,104,145,55,44,103,110,133,146,112,130,126,115,107,123,107,142,59,127,126,123,148,94,143,127,103,145,112,127,130,118,72,148,136,119,111,161,97,151,120,94,154,125,111,108,124,104,137,150,133,170,117,85,145,192,147,94,133,136,98,133,107,118,115,162,76,161,110,105,116,144,128,109,135,139,106,116,133,106,114,124,123,130,94,76,158,144,118,142,142,140,135,141,115,101,126,124,141,139,117,122,135,111,136,37,76,192,127,127,115,71,112,139,127,119,105,202,108,109,132,122,138,121,81,149,114,131,113,116,107,163,127,107,134,151,126,150,75,160,130,120,124,124,130,131,125,215,149,74,117,130,99,163,121,112,121,149,122,114,95,79,132,161,132,100,114,102,141,131,138,136,116,116,140,147,121,135,132,110,72,112,122,115,254,154,116,124,107,94,138,113,118,204,153,139,116,54,94,84,134,129,78,125,81,161,130,96,112,128,120,122,98,146,113,115,124,121,88,134,105,133,107,91,133,79,143,125,180,123,113,144,117,122,124,102,117,140,79,111,113,126,103,121,119,156,146,97,143,173,113,76,128,92,116,62,161,131,136,117,138,86,129,204,124,129,172,106,142,84,178,124,132,151,116,108,125,107,94,104,101,112,145,114,118,130,122,133,108,140,144,98,121,106,92,116,152,112,158,115,241,114,121,127,128,196,117,130,160,133,130,130,110,126,99,112,87,121,192,152,139,142,98,119,126,115,129,130,100,129,107,88,130,111,105,93,126,134,101,116,124,127,144,130,114,190,127,96,116,113,112,93,122,145,127,115,163,139,164,121,132,110,159,141,108,91,46,110,151,89,141,123,151,158,128,148,126,154,121,108,148,110,127,93,153,175,68,92,140,227,157,126,129,152,132,116,150,131,95,140,130,135,151,137,114,112,131,141,121,146,142,127,113,119,96,80,155,113,100,118,202,132,120,127,124,120,7,120,171,141,133,81,200,141,129,158,203,122,99,66,119,138,141,64,127
127,127,166,134,117,86,81,207,127,187,89,96,96,121,110,161,96,123,120,154,114,66,153,121,129,134,146,114,139,156,145,178,127,54,71,128,55,173,125,124,67,130,116,159,93,137,86,124,169,117,61,70,133,143,125,82,219,109,122,126,113,127,137,134,106,144,121,110,139,129,156,129,115,161,110,146,137,141,99,131,122,114,80,109,127,132,127,119,130,199,90,64,92,127,159,127,148,106,115,105,238,100,151,116,79,132,101,112,68,100,101,170,123,133,99,122,117,127,121,128,171,127,137,144,146,129,136,124,113,116,81,119,171,89,196,85,106,62,178,149,101,125,102,113,125,125,142,108,131,122,126,127,145,112,121,178,115,146,110,137,116,142,174,147,98,132,117,116,99,123,125,150,163,122,79,70,116,129,126,127,141,86,138,112,144,174,126,118,119,121,122,151,180,127,124,114,99,118,159,163,160,130,149,150,123,141,88,116,151,152,146,59,134,131,146,115,210,183,134,72,115,148,119,105,121,113,109,132,144,160,138,129,160,130,189,73,153,140,132,128,117,27,142,129,130,135,123,106,152,93,110,131,141,114,134,134,106,142,126,143,170,146,157,120,102,147,180,137,137,119,91,167,158,135,107,195,136,115,123,117,86,127,132,140,130,136,134,75,102,89,130,116,121,107,116,119,68,117,109,133,139,156,125,140,69,129,199,142,132,134,136,86,107,115,57,145,123,133,80,185,124,80,139,163,104,106,109,167,130,127,127,150,107,102,134,109,117,42,143,140,136,96,103,104,144,118,146,122,113,215,126,150,111,116,110,127,122,150,82,68,107,175,175,148,97,217,120,122,134,153,160,127,147,75,102,105,107,132,126,124,134,144,144,163,150,145,120,87,144,161,107,154,107,119,137,114,161,99,149,150,58,155,102,190,122,66,77,121,101,113,112,120,135,144,167,93,111,169,142,60,124,175,117,182,130,194,96,124,160,199,131,87,118,86,113,123,132,108,157,137,90,127,110,116,126,124,175,161,132,64,108,123,191,129,169,176,158,120,124,131,122,130,104,158,131,95,116,81,121,137,122,118,124,66,110,120,109,171,143,135,103,104,166,101,116,109,144,121,97,92,145,124,114,96,74,133,175,158,139,122,101,132,124,138,127,117,144,100,127,158,109,186,127
158,134,141,104,148,173,156,114,127,118,102,137,102,148,166,109,84,150,121,115,105,106,128,143,104,85,127,109,139,152,110,155,92,57,137,109,107,143,125,120,162,133,136,216,153,127,91,133,160,96,98,128,105,162,106,93,128,120,126,156,107,130,111,126,131,145,184,103,148,145,131,80,103,192,85,150,119,115,93,149,121,164,119,128,104,109,82,94,136,149,125,103,116,134,155,186,84,124,145,121,187,86,114,125,33,100,124,132,139,133,153,130,148,115,142,107,141,121,140,134,106,254,101,81,133,141,124,129,172,115,107,94,129,135,133,150,129,94,97,144,195,114,124,113,77,128,142,66,113,113,129,121,154,121,105,190,148,149,71,125,143,115,99,154,118,116,117,138,124,117,131,131,89,110,153,161,134,157,153,118,117,128,149,132,166,186,109,95,104,130,131,135,142,136,134,138,93,108,54,175,107,110,108,118,121,142,136,124,127,152,102,114,116,143,108,91,81,215,120,124,106,110,130,117,124,143,123,151,173,186,125,154,132,130,139,98,126,108,157,130,165,106,122,136,164,127,130,120,130,118,68,130,57,128,133,114,110,123,127,131,149,179,114,126,106,134,33,148,122,127,89,98,119,148,130,61,107,134,109,128,131,133,131,155,57,137,138,133,97,204,122,109,113,166,116,122,117,136,98,131,120,124,114,171,82,119,110,111,137,135,166,172,115,118,88,162,108,145,128,109,62,102,137,130,91,146,135,144,142,149,151,123,130,109,149,151,143,89,110,127,104,130,149,110,128,157,148,97,118,154,136,136,118,133,96,126,141,138,137,107,147,107,134,149,125,83,144,165,135,119,88,136,156,62,115,133,113,141,115,114,147,128,106,123,77,139,120,112,178,99,137,140,152,127,142,89,130,105,157,129,121,128,138,135,133,104,143,92,115,148,125,139,119,158,147,140,123,110,103,79,106,92,119,193,80,117,27,144,100,99,105,141,168,127,135,118,109,85,113,155,61,102,122,124,157,142,130,147,142,115,142,125,103,70,221,112,123,117,154,116,143,142,108,109,124,105,160,62,124,132,114,111,104,99,127,115,117,100,143,85,102,110,101,105,138,128,109,102,159,140,119,111,114,147,74,115,95,102,135,148,122,117,133,140,108,134,180,137,121,131,148,155,127
127,143,132,120,92,86,114,124,135,117,118,133,117,121,96,110,129,91,139,158,117,73,140,136,111,84,107,100,133,157,173,170,145,35,157,136,141,125,130,127,123,137,73,134,135,117,93,105,140,127,142,120,166,131,126,100,121,100,130,114,129,133,115,132,132,130,188,77,155,144,163,128,127,120,185,96,119,147,78,140,136,131,121,131,142,116,181,122,137,109,143,130,133,109,162,151,115,124,91,123,88,174,134,117,133,117,108,117,83,121,107,135,135,113,126,118,121,127,115,101,125,147,180,96,152,102,105,129,150,134,126,123,122,114,89,131,118,144,147,132,128,117,135,144,169,127,132,111,124,134,121,103,180,139,129,126,114,133,93,115,143,131,188,120,121,152,129,134,111,104,122,115,132,116,104,125,134,180,124,117,124,130,127,129,90,115,105,97,94,102,163,111,112,128,254,115,117,158,184,151,98,118,125,134,128,128,144,99,120,113,109,157,137,148,175,98,218,105,126,149,170,91,120,137,126,123,132,161,132,163,124,126,112,125,132,160,97,110,114,133,118,107,118,151,135,139,146,129,132,125,153,154,134,167,113,124,131,125,148,141,124,124,149,119,122,79,178,147,134,143,84,138,81,137,113,93,106,135,90,137,117,126,118,117,116,107,120,113,123,120,127,138,114,126,186,145,120,130,140,66,118,126,126,161,121,136,141,148,119,136,184,85,119,138,100,135,130,147,130,122,151,129,65,103,137,144,136,164,106,143,75,163,114,118,168,126,125,101,156,96,124,105,99,90,126,115,117,133,134,177,123,118,147,128,122,123,157,97,142,137,132,130,116,132,113,122,104,151,144,141,122,113,121,94,144,113,134,152,128,120,64,132,109,126,109,108,122,134,129,170,134,129,135,133,130,142,105,139,124,153,119,117,147,152,123,121,134,114,136,106,143,103,102,103,121,186,133,157,128,89,110,96,118,29,122,127,177,110,176,130,159,110,114,143,145,113,112,113,115,159,66,104,117,149,149,127,88,149,131,150,118,92,152,132,101,190,115,136,129,141,136,146,131,104,111,132,150,151,127,113,131,98,131,91,101,108,155,115,131,130,137,118,82,107,104,145,133,106,109,121,134,126,153,91,112,145,116,122,127,124,97,125,112,119,130,169,145,91,154,100,109,97,127
135,121,124,134,103,50,144,73,114,161,83,108,87,204,83,166,122,122,111,86,135,109,76,86,124,139,124,143,133,135,124,92,118,145,165,145,26,119,149,130,97,144,79,63,117,104,62,130,129,173,149,136,142,127,132,171,122,125,141,157,116,148,126,131,100,197,127,99,131,151,148,159,48,106,116,136,117,146,151,94,124,120,69,169,130,148,141,88,115,117,128,155,92,117,163,127,155,142,110,127,145,48,142,126,128,157,150,112,105,163,83,126,94,141,119,166,144,138,132,130,195,137,136,112,135,168,120,93,103,138,129,131,91,175,165,101,125,49,113,137,74,133,88,123,97,103,120,125,103,126,133,90,77,156,145,103,134,132,93,155,112,95,151,76,140,111,131,121,167,96,129,109,102,195,134,73,117,96,136,108,109,134,128,131,96,94,58,126,111,119,195,122,96,113,113,96,126,128,108,179,92,181,27,128,119,120,173,111,121,162,119,120,130,108,205,139,131,144,110,109,86,183,141,187,69,101,148,153,110,104,126,139,121,143,177,120,113,118,141,160,65,144,123,139,133,115,112,130,158,82,95,117,99,143,128,134,132,90,173,138,150,113,138,254,135,142,124,129,134,152,109,191,111,188,115,160,107,128,114,140,142,133,138,115,148,132,148,104,132,172,142,110,149,193,141,102,212,125,145,108,102,93,142,74,153,110,100,120,135,123,108,170,106,131,142,132,98,109,172,135,117,185,171,134,141,133,134,234,124,129,88,116,126,116,174,163,94,59,254,127,132,169,179,133,110,108,121,96,154,149,143,131,128,154,118,135,163,116,115,123,118,102,91,129,141,140,120,112,121,125,118,121,44,105,99,134,117,126,132,130,86,143,124,138,192,170,124,65,95,200,56,111,97,120,125,114,103,98,127,136,115,61,126,175,77,89,109,124,104,103,128,124,137,94,133,0,131,118,149,107,129,198,141,103,153,115,110,138,115,120,254,143,98,149,204,97,117,138,117,158,88,90,93,138,110,120,101,0,110,87,142,149,109,128,85,130,130,153,146,123,108,195,134,117,142,106,150,155,113,124,124,139,112,85,130,112,143,113,180,135,126,112,132,168,73,175,130,128,119,127,187,97,234,133,212,180,210,155,115,134,77,101,122,154,88,95,226,116,117,129,113,108,127
123,131,127,122,254,136,131,115,123,95,130,141,87,138,124,140,204,115,83,134,118,172,101,77,127,51,120,150,74,136,69,125,102,3,115,131,207,156,93,142,74,112,102,68,181,120,99,104,91,127,127,94,94,129,144,124,115,99,116,124,125,132,94,136,102,89,140,85,147,80,109,88,115,101,49,124,134,108,141,101,97,110,143,117,113,112,138,146,151,119,154,113,142,124,111,120,130,114,114,122,62,90,116,145,112,111,47,130,121,132,83,187,95,111,138,164,122,130,135,84,155,142,80,77,119,153,142,118,85,114,113,62,104,133,122,99,135,166,97,145,67,114,133,125,153,121,157,175,114,126,152,108,193,124,105,155,142,132,77,125,138,114,117,118,129,118,142,100,170,146,139,100,61,146,137,37,118,94,88,116,115,87,138,158,106,103,153,123,154,128,129,136,141,105,107,140,148,148,155,139,11,112,126,110,110,138,120,113,115,141,127,78,110,116,107,76,69,138,124,88,112,117,126,117,131,114,166,97,122,67,124,129,120,144,165,115,101,142,113,157,122,127,145,140,115,132,122,116,151,130,175,141,141,99,128,118,119,179,150,141,113,229,96,131,96,186,92,129,111,131,104,58,141,104,74,98,148,151,90,114,121,127,129,143,239,132,178,61,132,149,158,112,134,74,143,117,93,125,104,106,160,102,114,86,132,114,128,138,146,103,90,117,138,148,76,70,67,105,172,80,158,121,125,157,108,118,102,218,133,126,124,97,207,126,138,106,115,20,127,127,170,93,102,128,155,149,172,99,52,56,134,155,137,134,114,108,124,46,119,86,107,136,79,70,103,128,148,108,144,96,177,170,138,100,99,153,83,119,112,144,170,132,85,116,177,138,29,168,122,158,113,100,133,97,71,102,98,28,109,71,97,135,138,133,152,101,101,139,71,117,133,109,92,152,158,109,176,125,142,78,135,122,127,138,172,160,23,139,150,132,141,69,92,149,158,128,139,88,75,125,108,133,102,95,72,110,120,69,135,137,116,148,122,171,121,113,131,90,112,128,132,117,79,142,147,116,144,103,133,131,139,132,88,123,124,142,120,126,151,136,12,118,145,118,105,71,127,133,64,148,132,209,124,102,130,109,124,91,127,142,125,135,130,147,111,76,112,118,165,120,108,70,127
97,121,124,135,122,141,141,130,109,109,157,186,134,116,48,136,109,96,143,197,179,180,140,96,107,127,132,125,85,70,120,127,89,94,129,142,175,108,167,140,39,176,89,93,156,141,194,121,140,57,109,113,84,218,119,206,127,91,117,127,141,0,126,126,100,74,129,183,125,111,123,106,163,140,72,148,236,125,152,0,142,34,173,94,254,87,107,69,140,172,109,159,242,254,119,61,142,140,114,131,140,101,105,126,132,139,150,115,186,9,156,93,84,97,239,109,195,137,139,41,111,139,163,129,130,75,141,140,135,116,104,120,152,216,71,95,125,174,110,142,57,125,111,141,118,116,61,198,170,106,137,134,210,148,111,51,104,115,120,106,121,158,152,167,140,115,120,123,41,185,115,151,145,147,170,168,123,144,109,122,127,185,121,132,123,133,126,174,223,127,98,120,113,254,137,138,125,254,174,89,94,120,0,121,153,116,13,175,108,138,68,59,132,231,110,108,137,144,113,254,97,0,111,84,126,111,137,136,119,142,112,242,141,210,136,29,241,168,0,150,161,143,133,155,147,136,146,120,138,146,121,121,121,106,126,189,88,114,122,76,128,130,110,135,127,165,137,124,139,140,141,54,113,132,144,238,136,143,94,109,114,0,98,118,124,145,196,208,132,33,108,52,121,107,161,175,145,138,133,134,139,134,114,206,206,136,147,115,133,77,82,84,129,161,106,113,254,121,112,0,112,126,162,69,120,134,1,108,153,159,128,105,160,187,88,80,40,166,172,140,127,0,251,123,166,157,193,0,156,172,142,115,105,104,199,146,147,216,90,54,111,134,93,118,248,126,66,112,149,133,191,158,94,63,210,254,161,125,115,113,101,94,85,125,140,232,188,81,140,70,131,160,254,111,122,123,64,206,110,116,148,125,112,35,139,149,138,97,89,138,140,118,121,86,181,98,254,166,112,251,192,229,0,177,128,122,151,254,121,95,101,84,115,124,189,101,154,137,131,119,107,194,83,215,135,115,115,87,138,141,185,116,132,131,102,134,145,69,115,120,127,46,118,72,119,221,127,126,125,139,71,114,56,145,118,135,113,172,0,146,123,138,156,140,254,138,91,122,115,212,105,166,91,96,176,92,123,194,148,148,139,254,254,59,76,108,148,101,219,93,86,102,127
111,131,115,124,99,151,254,104,119,160,110,92,89,105,38,100,113,144,116,110,129,91,44,117,112,58,151,136,131,49,101,112,93,132,113,124,86,157,102,124,62,81,112,109,77,120,166,90,122,90,110,96,121,87,108,54,117,78,98,70,113,130,80,130,66,201,133,94,120,143,74,139,138,112,76,104,90,87,112,103,107,112,134,153,138,120,53,153,103,88,143,99,125,104,103,64,96,136,131,110,92,146,120,122,86,126,129,129,100,147,129,120,119,178,78,65,128,131,130,114,98,127,91,107,81,58,130,93,88,117,109,125,130,192,190,132,125,118,115,131,110,106,108,76,119,124,126,178,114,132,123,109,104,61,111,100,108,132,96,101,132,116,151,111,128,91,125,102,100,126,129,127,98,102,101,178,127,94,121,119,156,207,124,106,165,91,130,61,109,131,122,128,113,98,120,125,117,108,163,220,110,129,140,123,87,116,120,92,126,102,112,70,132,122,136,127,148,99,127,102,122,107,160,90,103,115,134,98,147,90,135,67,135,108,115,63,65,155,78,121,154,138,140,59,120,117,125,132,82,131,67,147,110,132,111,137,127,84,142,122,132,74,99,104,60,181,132,113,128,132,96,87,117,92,129,64,99,150,123,106,118,94,112,118,202,111,57,70,157,140,81,101,121,94,110,119,115,93,123,172,32,167,81,106,151,97,165,128,109,105,82,136,205,114,145,96,96,100,72,94,109,146,108,158,82,111,100,200,184,137,97,121,172,137,67,119,117,187,83,113,159,133,89,128,116,124,140,96,150,103,160,113,130,138,124,129,141,126,77,197,111,122,100,128,72,111,167,164,146,97,123,112,90,99,154,122,101,153,136,112,68,104,117,130,99,105,91,104,103,103,92,77,103,128,124,76,79,53,139,64,124,112,126,145,132,67,106,156,96,74,107,102,123,86,121,109,113,93,107,124,65,126,135,131,127,120,96,137,138,147,150,85,108,79,77,98,125,112,91,116,91,150,72,73,119,164,124,40,86,86,155,143,116,114,50,183,154,161,118,131,122,94,116,135,108,89,160,114,126,121,119,106,114,161,120,136,111,151,119,130,112,132,113,137,93,132,81,106,93,174,98,137,166,133,100,134,139,15,133,77,148,82,58,100,108,124,143,103,104,155,69,123,127
140,125,127,113,100,113,133,129,118,130,105,93,136,147,97,138,109,125,110,133,97,135,148,129,121,120,145,111,121,145,142,129,138,53,95,112,199,109,144,132,142,128,117,84,67,122,78,112,131,121,140,108,120,169,117,167,122,143,108,133,132,134,129,132,126,115,147,102,119,150,127,152,130,129,122,110,142,118,42,114,128,129,149,126,120,117,150,147,121,115,121,148,114,133,116,141,176,115,114,109,154,116,125,124,160,118,121,108,117,130,152,123,153,124,121,149,131,120,127,126,101,144,131,148,136,120,102,125,153,125,106,118,131,94,134,154,129,164,147,203,111,121,130,150,147,133,108,126,157,117,111,127,114,139,125,174,104,124,106,119,114,123,126,138,128,113,122,136,100,131,124,100,141,130,141,130,127,126,139,125,123,147,133,120,122,123,139,131,138,130,145,122,98,127,149,124,144,168,133,145,115,120,118,131,116,137,128,119,146,155,117,109,139,141,108,132,165,85,119,119,124,107,124,152,112,128,121,142,121,142,254,118,124,127,124,116,114,128,109,137,100,106,131,160,141,135,153,102,121,154,130,164,139,120,127,102,118,116,132,113,123,154,122,127,125,164,142,117,121,95,122,125,145,113,155,123,110,112,122,119,88,113,114,102,124,107,136,143,132,142,138,169,104,112,163,116,130,117,130,170,129,136,114,118,162,120,126,133,139,110,89,110,151,160,125,146,135,122,107,122,109,131,113,116,130,138,134,132,170,148,89,96,127,129,120,148,120,90,131,124,119,111,122,135,104,79,130,141,108,142,141,122,91,133,118,124,140,82,111,156,110,110,109,121,108,160,123,151,142,147,105,120,90,131,160,133,105,109,142,131,209,124,137,135,112,130,98,129,130,133,123,152,142,125,128,154,132,148,154,81,104,139,146,150,120,134,163,130,136,112,103,96,124,115,154,115,137,75,134,89,113,129,129,97,171,139,93,116,122,123,107,125,125,115,111,129,119,141,120,107,146,124,116,130,89,144,57,121,123,123,124,113,148,139,149,107,116,96,111,138,130,119,127,126,130,122,127,121,123,109,108,117,130,137,116,124,121,141,138,116,125,123,158,124,106,125,99,242,143,110,114,107,153,122,117,126,87,127,108,139,140,114,105,116,123,107,142,124,130,107,135,49,127
132,117,158,121,123,117,145,115,116,141,115,146,134,141,77,168,129,131,106,124,137,175,93,125,125,128,113,78,115,116,110,156,163,141,204,160,157,152,127,97,82,86,64,54,99,139,24,114,86,150,97,172,155,75,134,174,125,62,144,128,132,122,165,131,105,116,94,88,124,173,129,74,185,148,129,149,165,133,111,89,127,157,127,123,136,89,106,109,132,195,155,195,149,130,114,82,157,134,135,139,115,120,117,114,176,85,138,136,117,117,93,164,136,130,125,180,135,108,132,79,192,110,126,58,155,92,136,125,140,126,131,136,134,111,159,120,113,90,128,150,129,148,130,121,108,122,114,143,143,117,123,55,121,176,106,84,101,154,127,108,127,170,127,119,121,104,139,142,126,134,124,68,96,173,169,141,127,123,133,101,69,133,112,144,80,138,203,138,152,254,157,115,85,106,124,91,102,169,127,164,176,120,222,174,147,141,99,97,128,103,145,132,122,157,127,168,126,136,116,97,132,191,173,179,109,115,117,118,109,114,129,125,107,168,110,49,160,127,142,110,147,135,123,153,157,135,113,129,143,165,74,136,159,129,137,163,123,132,111,148,105,127,129,77,125,117,90,82,111,139,170,219,120,141,119,125,172,127,83,111,161,93,78,137,110,147,179,146,129,68,149,105,130,134,108,47,214,187,127,169,143,153,130,58,214,127,174,87,109,142,161,108,114,159,134,121,143,124,87,196,145,120,109,115,130,124,108,122,62,165,142,171,120,95,202,84,121,160,162,147,101,76,98,109,165,116,122,173,49,76,124,115,136,116,59,123,96,138,124,108,144,121,153,94,120,111,109,112,133,109,161,118,96,102,233,139,100,132,126,143,45,138,121,126,117,130,120,115,101,203,108,119,96,118,136,135,137,101,132,141,154,210,129,178,89,124,93,104,136,144,194,117,140,121,134,148,106,151,148,163,130,146,131,100,177,182,112,115,125,115,103,129,124,76,148,89,145,145,166,72,106,147,145,152,116,87,88,80,149,124,112,118,146,137,77,120,119,62,119,122,141,88,137,134,143,146,85,153,131,105,152,148,97,94,134,140,127,185,111,123,129,109,186,117,143,221,110,118,122,109,71,163,219,146,27,179,153,136,129,100,83,140,126,95,168,147,70,128,167,131,111,103,127
153,142,130,130,158,118,133,111,128,127,160,158,104,149,123,116,148,126,134,129,143,114,144,141,117,168,146,116,128,145,77,95,95,87,164,112,151,116,176,122,148,158,118,173,140,184,83,133,83,149,96,136,75,102,110,145,128,151,131,132,122,123,88,143,154,160,130,99,136,114,111,118,91,183,76,133,144,139,118,137,127,129,115,82,112,112,206,81,145,122,136,108,139,127,109,141,96,140,127,119,108,110,132,103,89,99,96,103,124,89,146,148,130,106,131,119,136,134,130,167,97,90,140,198,117,140,127,147,111,126,101,100,106,138,121,135,125,117,133,124,143,121,166,109,93,110,139,125,120,126,146,133,115,82,137,160,120,157,92,129,132,131,115,117,127,125,116,74,91,147,128,136,108,37,124,182,137,125,116,119,147,147,137,84,169,196,87,109,121,134,118,123,117,145,115,103,113,130,80,139,132,128,129,156,114,104,104,129,147,139,128,112,112,118,132,161,146,165,114,115,119,139,126,83,124,136,123,94,106,119,122,123,113,115,100,107,101,126,130,114,104,121,124,150,105,136,126,92,90,172,137,123,97,139,111,131,82,120,134,127,156,176,129,127,132,118,77,109,119,112,104,142,120,153,133,87,121,122,111,154,185,140,91,116,190,114,113,146,122,153,105,112,149,117,125,140,133,98,74,164,132,127,132,120,105,115,166,114,141,118,115,131,120,123,136,84,140,76,131,103,127,118,114,114,126,105,117,109,134,105,136,105,144,122,124,63,126,131,161,121,128,164,132,129,130,130,133,112,112,121,133,106,144,124,126,129,120,163,72,91,154,127,74,114,134,44,125,108,246,123,117,130,140,65,132,134,82,130,64,117,93,127,86,130,120,130,187,118,103,130,113,147,131,120,134,155,83,131,91,80,105,105,141,105,108,118,149,119,109,157,122,122,111,85,145,115,113,125,130,141,131,119,134,115,155,87,157,129,116,93,109,130,74,99,99,118,122,97,131,125,190,150,137,141,110,150,120,157,134,116,125,110,43,105,253,96,148,202,143,129,121,142,120,124,136,131,90,107,117,131,132,115,126,104,130,119,133,129,136,113,138,125,135,88,142,96,112,123,254,141,114,90,108,92,113,128,105,106,125,160,153,153,119,123,162,90,135,116,127,121,163,74,127
128,124,120,133,112,139,135,104,143,127,161,131,166,81,88,66,126,123,98,138,139,95,154,95,119,97,129,52,126,124,114,128,131,2,170,115,202,109,115,123,153,155,113,168,154,78,103,126,129,109,126,133,114,121,113,90,129,134,154,95,150,123,120,145,123,140,204,116,121,103,111,52,86,140,146,116,162,147,108,131,109,102,118,128,143,108,147,117,143,78,150,65,128,120,187,104,210,115,124,143,82,104,116,113,119,140,136,118,118,90,139,237,123,146,142,116,130,129,117,82,152,93,131,84,138,134,118,127,130,138,120,152,133,130,143,156,120,96,124,163,68,140,118,194,48,145,138,118,124,154,124,118,75,117,110,149,124,125,223,111,154,103,102,136,118,134,97,104,129,104,129,154,143,177,107,119,122,104,130,188,116,127,132,147,107,100,97,118,149,137,114,125,126,111,113,125,147,143,104,93,118,162,92,145,133,134,159,94,142,96,118,89,130,97,123,96,150,104,136,76,153,105,118,144,152,135,119,111,180,175,131,114,163,120,152,63,132,110,114,97,91,93,114,139,132,144,136,116,148,134,136,131,110,126,108,141,120,118,151,120,155,87,116,122,132,134,168,130,115,121,95,128,159,137,116,145,159,119,140,172,131,74,94,100,105,114,172,107,129,169,140,120,125,144,112,153,131,108,137,83,133,120,130,101,107,135,113,169,130,119,76,93,138,106,10,157,124,176,99,90,100,111,127,111,113,157,136,120,122,92,136,153,137,140,116,107,81,80,164,134,104,102,144,137,109,120,97,126,208,249,115,119,129,105,93,138,141,163,80,106,157,158,59,108,151,127,104,130,87,130,109,133,120,72,143,115,62,114,79,101,144,120,142,125,112,124,138,124,139,137,124,123,121,116,144,116,207,126,158,101,58,109,135,142,123,78,115,153,96,144,126,110,111,150,161,99,125,118,94,81,140,205,115,87,130,105,97,139,121,83,113,97,183,86,160,138,118,132,126,166,147,162,103,113,127,128,132,106,145,114,130,150,139,152,209,134,124,128,126,129,141,183,130,115,139,113,117,45,115,134,127,123,110,0,108,151,152,130,116,144,155,58,105,140,115,158,112,121,173,109,163,119,145,132,73,156,157,97,118,155,113,169,124,144,129,113,136,159,127,122,128,105,127
92,144,117,130,125,99,72,138,138,119,33,0,99,118,117,132,101,69,88,68,155,106,68,95,132,155,99,149,148,119,80,156,146,116,140,182,205,131,119,103,87,150,151,1,0,124,142,127,108,79,127,186,146,108,76,62,118,109,70,121,100,140,108,107,115,126,171,161,113,111,0,90,88,110,94,0,4,58,87,136,110,153,137,154,152,122,120,104,136,115,146,41,82,148,89,139,120,128,88,102,74,183,166,117,86,111,113,136,55,159,60,161,88,144,157,160,156,133,74,96,164,124,150,88,166,111,118,114,72,154,191,143,102,101,98,209,95,162,79,100,107,88,139,104,180,109,58,156,101,99,126,98,105,93,108,88,125,132,127,0,34,110,101,103,138,75,131,117,117,127,127,132,160,173,182,134,116,129,74,46,154,142,116,149,115,135,130,10,42,97,112,111,114,106,110,125,105,81,130,169,141,90,135,104,62,116,140,135,103,132,120,169,138,164,117,57,76,52,128,187,100,171,139,123,99,118,158,26,105,125,119,103,107,44,149,116,92,34,130,110,124,130,140,79,125,116,111,134,86,144,62,132,141,172,149,95,43,5,132,103,105,126,61,124,92,142,67,121,134,141,167,65,126,89,111,32,66,168,100,145,139,78,140,102,198,116,20,159,138,71,155,148,136,119,138,71,113,107,119,93,40,113,157,125,149,106,145,69,100,160,83,156,156,38,100,103,125,90,192,92,84,131,73,148,139,53,121,154,153,107,113,96,183,116,97,56,109,134,76,72,136,145,118,139,101,127,72,32,153,209,141,127,116,126,113,126,122,112,82,129,88,77,124,104,96,70,79,124,108,113,116,151,177,121,82,102,132,132,124,126,102,121,117,131,69,93,64,100,113,55,98,31,85,101,135,73,87,89,103,112,53,145,126,146,164,103,79,146,106,80,78,125,132,68,75,110,82,132,168,163,56,116,143,78,57,146,72,139,154,141,148,201,50,164,24,148,94,117,77,124,201,58,154,113,24,47,174,93,103,23,89,161,152,95,148,127,93,148,132,112,137,102,98,142,77,151,110,151,122,132,140,160,102,88,127,47,94,139,132,133,121,104,78,120,89,93,202,134,125,83,113,56,137,89,141,229,131,116,136,108,123,140,58,79,108,80,131,67,150,80,0,133,127
142,132,126,129,98,140,141,158,128,128,139,113,114,116,193,127,127,127,142,126,133,79,163,128,126,79,148,126,126,88,134,135,45,129,130,110,160,112,133,121,136,155,120,88,83,127,149,140,126,118,112,133,142,161,135,100,125,181,102,53,118,117,144,128,130,103,107,109,15,125,135,129,123,117,77,166,121,113,115,111,127,101,156,139,122,162,122,138,133,171,159,131,122,136,136,139,126,114,130,134,106,96,145,140,130,150,153,147,136,138,164,118,152,99,110,114,131,137,139,103,115,136,127,126,132,143,127,139,116,130,111,139,134,100,137,188,117,134,136,184,101,75,142,127,100,129,112,106,131,127,115,137,78,193,135,131,84,127,139,153,168,104,92,123,128,191,127,118,142,110,124,152,116,88,194,108,139,128,154,87,120,158,132,111,139,92,158,141,175,122,91,118,105,126,122,122,121,130,114,121,111,132,147,162,140,131,136,157,136,152,131,145,108,122,112,156,168,135,126,101,99,89,137,114,137,123,110,139,105,97,129,121,127,107,126,147,80,128,128,132,119,155,132,156,139,114,125,103,117,83,91,135,138,111,121,125,106,144,104,135,126,168,164,139,129,144,89,125,146,66,148,147,121,124,109,138,100,131,119,170,141,127,147,138,59,126,143,159,118,145,199,153,178,155,164,158,79,159,116,174,147,165,149,134,130,130,77,70,145,130,88,100,108,96,92,110,119,109,58,169,223,127,152,151,129,152,137,109,179,107,120,125,133,118,193,104,132,201,110,110,123,129,99,140,91,68,145,112,109,109,111,137,148,135,136,134,77,192,129,11,130,105,158,121,133,122,128,113,147,228,75,134,67,125,139,124,114,58,134,104,76,126,150,113,120,128,121,124,100,83,137,146,128,126,117,119,128,148,190,62,97,144,116,99,134,145,82,80,117,125,122,1,254,104,132,127,141,171,158,127,158,121,136,133,237,123,151,119,126,75,115,105,71,115,114,129,137,0,173,113,97,132,57,101,119,133,107,98,122,125,113,134,153,142,107,73,118,164,106,127,130,118,109,144,133,151,133,142,115,132,128,132,181,96,134,124,106,117,128,79,117,126,96,137,102,140,107,90,144,146,99,144,153,158,106,89,119,145,112,124,118,108,123,121,135,131,118,90,94,139,147,32,127
126,137,127,132,129,102,82,130,114,118,103,119,114,182,131,134,117,152,113,162,119,164,152,136,110,82,111,144,142,142,134,138,140,122,115,106,104,148,116,127,74,146,124,130,230,134,84,98,100,113,122,137,98,110,130,172,116,193,160,105,119,129,98,119,149,152,147,95,64,81,113,76,134,137,81,104,127,132,135,140,133,152,121,115,118,144,105,106,132,124,125,141,158,134,116,103,104,122,128,243,189,110,137,122,101,133,138,105,143,111,133,123,123,105,151,129,138,125,140,124,126,122,137,127,143,108,124,125,138,122,106,109,119,133,116,94,116,74,149,128,138,39,138,113,119,133,154,133,121,117,124,110,130,91,132,173,222,125,96,116,117,111,117,136,118,95,123,134,131,130,127,115,139,149,87,84,135,139,116,27,131,115,131,127,146,135,96,128,143,152,142,123,131,114,118,100,127,150,129,125,156,133,114,113,153,118,96,110,139,132,152,125,124,130,101,115,139,144,145,143,105,120,126,143,140,127,132,90,97,179,135,118,109,162,145,139,99,143,106,126,116,115,128,136,119,127,126,111,169,139,190,134,126,135,126,129,118,112,122,121,119,112,114,131,161,112,123,113,106,89,181,132,104,140,171,132,134,122,100,128,115,112,120,139,145,105,161,105,118,162,77,96,98,114,135,97,129,150,55,149,141,124,127,138,115,111,180,84,118,121,61,104,128,122,117,122,121,116,97,101,90,110,95,87,145,133,156,125,147,146,126,74,153,130,97,51,131,51,143,116,103,114,130,80,121,132,113,155,123,95,104,118,84,138,114,132,118,113,129,193,132,178,123,131,122,93,106,115,124,121,116,138,99,133,114,115,129,98,108,103,141,147,154,137,104,139,124,115,80,97,117,126,123,139,135,105,163,134,134,178,161,116,112,128,131,169,165,149,112,93,116,125,177,97,128,130,135,118,127,127,126,100,123,72,136,112,122,136,118,98,118,154,127,137,140,132,130,76,125,94,92,119,186,132,175,121,142,124,95,185,121,129,152,128,104,103,128,108,136,111,142,137,85,87,137,154,147,129,114,134,133,114,121,149,127,121,119,87,120,81,121,129,164,134,147,124,106,140,131,119,153,120,101,76,76,118,101,133,128,131,156,121,113,101,144,213,133,121,118,125,146,163,127
110,110,138,108,89,108,101,186,133,123,159,118,226,69,109,164,124,149,122,77,141,144,198,185,173,42,130,147,162,185,172,166,254,147,107,129,53,106,120,141,185,106,242,87,130,146,163,112,138,99,140,184,110,120,163,151,135,139,131,30,126,159,153,107,175,68,92,148,126,149,127,184,144,65,120,153,235,156,149,154,102,145,170,151,125,154,135,164,97,98,74,226,95,104,246,93,127,115,157,155,184,113,115,103,156,171,109,113,92,120,88,138,133,120,171,135,117,128,95,149,93,107,47,127,174,198,128,127,70,158,89,133,160,68,97,14,122,27,124,177,79,167,155,140,122,87,134,76,105,150,109,140,120,167,161,176,136,141,130,90,123,135,161,187,156,109,130,121,156,147,138,136,129,125,152,31,117,112,170,128,157,77,119,187,68,100,176,164,167,146,122,148,115,69,130,130,115,51,150,82,243,134,227,133,148,107,213,145,74,217,0,154,128,50,61,132,56,176,140,102,120,240,90,118,128,120,137,151,88,140,116,123,135,177,121,193,116,137,124,132,118,123,121,89,122,121,119,126,221,154,149,133,133,118,125,142,71,154,140,171,133,42,81,146,105,150,100,117,99,141,134,134,93,122,170,171,154,127,104,132,122,192,88,124,92,115,218,254,128,139,237,155,125,183,113,142,99,164,162,153,180,141,78,54,174,133,156,134,117,120,77,156,120,65,159,128,102,124,141,160,150,106,98,132,148,163,65,125,110,115,159,145,101,254,164,118,150,29,105,133,79,89,103,114,103,193,157,138,122,126,105,79,67,74,124,103,134,152,85,120,135,127,119,160,116,128,145,104,175,87,80,157,98,133,152,106,131,128,169,195,119,145,207,127,147,155,190,185,146,195,173,161,114,125,123,115,161,118,100,193,128,159,128,97,123,146,142,183,158,122,159,143,129,166,122,148,225,137,127,130,149,102,164,218,193,200,197,96,117,84,115,159,130,55,210,158,176,137,131,171,136,164,116,96,134,126,153,93,83,141,130,109,115,87,32,118,151,110,136,109,133,213,95,153,163,101,172,132,137,120,179,132,154,186,117,137,62,72,98,107,129,97,72,126,142,126,132,127,141,118,153,88,179,118,145,219,155,86,125,93,119,202,180,73,95,176,140,83,98,139,135,154,127
138,124,134,131,169,96,121,114,124,116,166,120,138,162,134,167,91,131,140,139,112,127,161,151,118,125,105,76,133,142,99,148,213,100,153,101,132,113,113,136,192,121,126,124,94,0,168,138,179,142,109,158,112,116,135,130,127,162,121,153,144,124,85,136,150,115,125,112,140,124,113,146,44,46,208,140,104,113,110,106,158,94,127,129,107,103,69,114,129,135,116,104,156,121,142,187,232,124,142,135,165,101,106,100,147,144,110,152,125,113,124,71,133,151,99,103,113,127,135,164,149,110,137,93,131,103,127,141,114,117,136,91,130,106,121,91,132,103,146,122,94,136,136,236,146,130,109,108,119,139,129,128,140,57,139,143,136,124,138,177,123,128,114,149,123,126,116,110,121,159,120,119,164,162,125,114,92,114,114,107,162,141,142,254,81,113,108,128,112,119,110,133,126,126,117,124,155,111,143,104,93,119,125,163,112,122,129,128,173,102,117,151,134,161,113,94,125,146,130,114,100,132,155,114,92,119,120,159,74,56,128,123,133,110,76,91,168,128,136,126,113,159,138,146,120,125,139,146,115,78,125,138,120,138,132,151,119,117,134,125,129,121,138,134,119,121,85,117,121,86,86,157,130,148,120,146,137,128,115,155,125,135,114,146,142,147,155,154,66,83,169,142,101,170,110,168,100,109,152,117,157,117,136,125,95,133,108,163,140,153,135,134,121,90,114,98,154,94,148,140,65,135,129,161,129,108,116,110,84,118,85,117,121,117,130,130,109,198,130,115,148,135,147,82,121,106,135,126,106,154,55,119,168,125,134,124,130,127,174,135,137,122,131,143,105,139,114,134,95,99,110,118,121,201,138,132,93,122,72,96,160,107,117,112,196,113,150,126,109,108,131,130,146,128,129,137,121,128,102,123,123,118,114,166,117,96,91,142,118,157,93,127,127,102,158,106,124,150,147,154,125,154,140,47,73,152,190,111,129,110,115,143,177,113,127,123,183,119,110,116,200,127,134,116,95,116,137,131,152,130,98,134,212,122,217,154,119,88,155,129,138,137,128,108,112,132,98,97,133,98,147,130,123,114,133,134,136,144,134,124,106,141,109,148,137,135,157,116,104,171,121,99,141,94,52,114,124,127,133,143,152,138,121,155,135,101,162,151,134,143,136,90,127
127,118,145,124,163,121,134,129,137,130,125,125,120,105,173,120,145,101,121,116,122,105,153,142,139,62,122,172,154,97,89,109,108,45,131,101,176,116,122,136,101,121,128,137,231,81,133,132,151,85,130,131,149,135,131,140,120,116,91,100,117,123,90,133,115,117,164,152,0,109,131,143,75,127,97,121,148,156,124,115,130,140,152,126,130,64,78,129,118,137,121,100,102,128,150,186,124,121,126,118,94,155,149,146,135,127,170,94,116,121,146,109,140,120,116,131,133,104,140,108,128,126,141,139,124,130,109,124,118,125,150,151,145,160,129,144,118,158,110,171,95,84,113,90,90,140,110,113,145,137,130,140,103,73,121,79,96,104,72,72,106,117,110,140,131,109,135,143,151,90,119,152,117,150,107,111,147,131,168,98,150,118,119,123,192,84,127,112,121,117,138,123,133,113,130,133,120,130,149,127,103,135,129,168,140,138,123,135,160,99,135,177,120,126,106,106,147,112,120,156,89,140,95,125,130,120,110,132,138,97,123,137,130,115,105,122,113,164,107,151,114,136,126,118,75,134,146,181,127,148,123,127,108,78,129,134,148,119,106,133,139,127,116,115,150,154,0,134,237,48,143,156,98,140,108,133,116,119,129,144,154,128,150,149,130,125,103,156,0,138,169,151,21,130,164,103,115,82,126,140,139,154,118,98,161,122,111,81,149,123,115,132,120,124,137,105,133,151,59,109,145,115,102,152,109,126,142,104,141,115,185,182,117,120,81,159,124,159,78,44,122,138,159,87,102,72,136,134,172,149,154,140,175,147,120,123,118,216,128,79,133,71,120,118,130,123,110,84,109,114,63,134,123,107,151,133,168,92,138,101,182,166,129,130,139,142,144,108,108,94,144,131,121,139,126,154,84,138,108,62,110,109,137,125,138,130,79,84,100,106,172,93,231,148,124,139,109,142,102,105,122,170,130,124,203,120,14,130,121,122,113,107,91,117,123,119,109,111,179,134,69,132,29,137,92,133,81,127,124,174,135,139,133,115,80,122,116,121,130,127,109,139,123,122,136,127,133,69,96,128,121,108,190,11,125,115,103,140,131,123,116,131,115,122,115,154,107,104,149,133,132,75,80,45,133,58,144,142,111,126,129,144,139,110,153,126,109,142,123,154,135,197,127
114,132,85,109,160,112,128,135,127,133,137,122,140,138,195,144,106,86,112,176,131,112,95,104,124,89,132,93,144,152,91,75,110,88,84,109,68,93,145,119,203,118,147,89,159,112,138,148,107,142,107,141,89,141,136,126,120,106,126,158,129,120,162,134,131,124,144,146,106,135,125,117,118,23,198,120,142,113,133,130,130,145,78,136,102,109,167,182,131,174,108,155,131,124,93,96,148,126,127,122,104,99,144,137,145,119,122,142,144,121,119,100,164,123,134,136,111,145,135,168,188,101,157,186,103,185,138,131,205,130,117,109,123,149,112,137,125,96,152,114,42,160,132,155,99,117,153,108,126,90,131,99,114,170,128,132,158,116,109,110,141,157,84,160,86,149,131,151,86,172,125,131,170,181,94,66,117,104,108,200,166,101,115,124,113,129,145,124,163,132,131,142,145,131,110,139,110,125,118,80,106,114,174,158,126,140,122,108,150,126,162,52,126,150,93,141,239,88,124,99,125,149,152,86,104,120,124,165,64,52,131,138,109,146,130,115,173,118,127,137,95,85,108,144,138,137,137,127,174,121,175,133,109,142,128,129,135,129,106,151,104,145,132,155,165,109,74,132,121,104,101,177,171,126,122,171,125,111,127,148,108,98,155,128,127,105,161,119,160,96,117,110,113,156,85,115,93,143,184,113,182,110,157,177,142,157,114,106,121,153,76,122,113,94,75,114,138,94,103,137,254,111,105,114,112,166,149,60,170,112,114,108,62,113,169,133,117,120,153,108,103,98,106,146,114,102,115,123,102,43,67,106,93,72,114,122,115,134,183,92,111,145,139,104,150,111,150,117,112,178,160,107,145,136,117,124,153,152,155,153,141,86,136,125,169,121,166,143,129,125,120,126,140,119,120,133,178,153,60,93,46,128,122,121,134,254,80,116,122,128,137,131,140,98,149,133,120,173,130,91,161,114,112,88,60,119,60,117,137,142,113,89,165,157,102,138,117,111,143,147,100,145,151,125,130,115,115,146,142,53,122,129,76,159,127,80,97,157,131,117,122,138,122,126,151,116,84,84,111,121,146,125,121,82,114,73,104,153,141,162,127,112,147,136,92,125,115,111,84,113,125,129,138,86,124,139,93,157,137,129,109,128,167,119,171,85,112,169,115,139,93,125,127
144,123,132,130,96,94,137,127,135,127,113,141,149,101,130,121,70,139,35,102,144,121,168,96,136,210,145,224,110,172,158,131,177,80,102,137,74,160,111,130,131,117,141,84,90,122,114,133,21,133,142,104,113,129,125,198,128,132,135,93,128,120,163,127,110,135,88,91,128,106,180,124,84,122,100,128,127,137,125,131,91,131,254,110,110,155,159,130,121,128,126,92,117,141,0,114,124,115,143,109,85,52,116,139,4,127,124,108,116,82,160,101,123,132,168,91,139,134,119,113,134,140,103,135,145,74,122,119,91,130,123,190,127,151,104,149,132,175,149,153,246,133,126,136,92,132,126,106,127,136,152,127,103,153,90,164,111,126,152,145,108,142,54,142,126,91,111,89,145,106,110,119,111,90,139,129,120,120,160,83,96,194,144,103,133,83,142,132,87,139,111,112,153,121,115,146,129,139,142,84,48,111,137,143,139,120,138,148,138,141,114,157,130,123,65,151,93,201,123,184,94,100,109,182,122,113,126,168,120,96,144,136,147,135,121,126,155,120,130,149,141,129,138,127,116,129,115,98,146,146,109,136,139,121,128,109,1,99,125,88,98,75,182,146,129,133,64,147,141,110,100,138,106,132,75,174,120,122,90,157,120,148,32,167,82,141,123,167,112,189,133,155,135,71,104,123,147,152,156,170,110,138,121,103,74,121,128,107,131,120,102,132,125,112,151,108,117,202,83,155,183,116,86,139,95,133,115,47,101,192,118,238,112,119,80,174,111,178,135,220,101,126,137,128,118,160,120,107,159,92,112,120,127,96,134,134,113,159,140,135,115,130,172,92,116,109,98,145,120,122,148,109,170,121,140,137,105,132,128,101,194,142,165,123,57,174,140,154,118,129,139,159,137,101,117,184,85,147,110,122,126,113,124,126,116,118,131,148,118,117,104,154,161,77,130,20,130,182,130,116,114,113,130,124,142,107,113,131,108,103,103,198,102,156,139,129,96,138,137,137,94,129,164,126,99,121,141,123,154,145,149,124,173,103,239,96,138,127,116,132,129,176,146,116,140,130,130,61,122,107,125,123,117,116,120,149,85,137,136,130,176,163,101,145,148,155,121,99,119,136,143,87,133,102,173,120,124,149,129,68,132,177,136,130,148,77,115,128,109,136,98,191,127
112,113,128,124,97,89,77,143,133,139,67,101,124,127,107,132,115,108,127,100,138,145,152,112,135,119,141,105,152,120,134,137,132,69,159,162,66,108,113,134,26,128,74,135,120,124,83,120,67,149,59,148,111,121,133,178,120,125,141,105,61,148,151,132,107,127,109,102,116,102,128,196,108,163,105,130,124,130,122,142,120,122,96,148,147,124,150,149,163,124,88,113,100,124,141,149,133,120,117,109,136,174,131,149,146,155,159,111,106,161,94,148,72,134,134,124,160,119,135,121,211,134,134,79,130,138,140,92,119,132,109,136,116,173,182,101,190,70,127,132,84,88,83,124,93,132,112,139,103,118,123,120,118,80,127,109,117,154,102,132,127,117,170,84,143,136,136,132,126,106,138,140,99,140,70,97,104,120,132,144,173,149,132,119,138,103,134,124,87,118,125,135,133,137,112,120,195,112,135,173,80,204,140,116,114,129,114,109,130,157,109,117,136,89,210,96,140,114,108,116,120,148,111,151,165,125,158,135,227,93,124,143,184,141,156,132,108,117,141,58,106,85,116,130,114,129,111,113,98,127,87,118,186,132,111,150,152,161,163,132,151,108,99,116,128,121,130,128,124,155,141,173,149,173,148,173,115,138,148,148,132,141,143,123,121,117,165,69,113,100,120,137,140,179,116,88,145,128,95,131,120,62,125,136,146,41,152,122,129,112,124,81,150,123,114,119,115,141,182,135,137,83,138,133,111,120,129,172,120,101,136,117,136,116,97,156,84,100,159,128,137,154,120,168,101,126,131,70,207,53,169,115,93,126,127,136,127,140,133,140,130,148,123,140,165,154,73,109,128,158,105,147,125,69,133,120,118,126,137,111,123,68,111,129,228,150,120,126,112,174,148,97,172,107,130,101,93,96,137,129,164,122,156,171,153,44,127,120,120,107,157,128,133,123,130,48,168,123,128,157,121,179,131,173,163,157,112,119,96,121,149,126,146,170,89,113,139,120,124,127,99,123,108,151,131,100,116,140,109,135,154,129,118,138,143,150,119,118,123,140,117,90,125,105,130,164,157,86,133,143,146,138,109,91,126,139,146,131,159,146,115,60,109,133,91,79,162,128,114,133,158,117,146,132,56,145,158,223,103,107,105,119,87,124,113,93,254,100,82,125,107,170,127
137,125,121,132,141,145,161,162,131,120,74,51,85,38,107,138,98,126,107,67,133,112,131,125,111,96,112,168,77,48,124,85,103,88,152,156,222,131,127,120,45,115,136,139,121,96,114,115,121,99,133,113,108,128,112,87,103,97,122,72,147,129,103,143,109,194,181,101,129,82,100,131,132,82,95,70,69,90,94,124,121,113,133,127,124,133,91,123,86,82,155,72,90,120,175,156,113,97,142,113,68,129,113,137,97,87,115,133,133,129,106,82,126,103,92,108,136,135,102,100,97,126,97,92,106,90,121,105,147,115,148,128,99,140,172,95,120,102,127,79,120,127,173,171,240,87,69,121,93,134,123,93,108,71,121,157,105,138,50,84,119,85,113,82,133,124,123,122,146,118,124,102,129,40,108,121,120,115,92,117,157,189,122,146,93,109,52,64,93,145,112,138,95,148,118,132,105,133,28,160,116,121,128,118,101,107,109,111,117,177,105,175,132,105,167,112,113,85,134,131,111,133,140,104,103,129,132,108,107,43,117,111,98,108,113,195,52,134,102,125,124,137,114,99,103,165,149,111,70,129,74,135,183,125,147,148,127,117,126,141,123,65,128,106,100,88,107,110,126,101,115,23,134,72,102,101,113,157,111,84,112,131,136,118,120,120,68,105,136,85,84,127,118,109,137,86,127,98,85,106,40,118,133,109,145,159,12,103,110,102,98,220,231,107,40,82,108,122,127,56,136,179,138,129,104,106,117,147,103,131,121,105,195,130,61,14,95,187,114,116,129,139,141,73,109,124,116,65,103,123,59,135,146,125,113,132,141,89,114,121,127,112,96,116,41,157,111,139,117,118,123,127,125,174,84,124,60,133,96,155,145,151,133,142,81,110,67,102,146,107,115,78,92,111,141,109,115,70,84,96,94,100,148,105,115,147,124,192,104,96,110,116,135,140,93,138,141,108,90,149,84,149,135,40,91,115,120,119,139,131,154,148,111,55,73,111,136,162,67,115,125,101,126,85,97,132,127,126,82,117,129,182,72,113,107,82,141,139,113,143,118,98,146,132,98,128,150,95,115,130,135,110,107,156,114,106,146,99,131,143,131,132,120,145,79,126,124,107,98,134,94,105,98,115,142,110,158,75,125,101,231,113,99,109,93,76,109,117,111,79,75,128,127
130,132,126,116,151,107,121,125,146,131,102,65,47,142,180,149,125,101,40,137,123,116,43,150,139,112,147,82,128,124,140,135,210,111,143,117,152,155,100,112,69,152,133,135,76,163,146,133,148,93,103,98,138,117,122,83,138,120,172,88,122,118,176,137,126,129,128,85,125,74,102,117,145,61,135,133,141,116,100,79,94,81,142,121,119,101,128,201,101,91,173,130,152,133,219,86,56,113,146,126,133,196,128,132,167,162,115,143,175,117,162,132,126,134,153,113,124,110,121,125,120,154,120,183,162,137,126,145,59,165,189,198,115,171,104,128,118,127,99,116,98,149,91,62,55,132,103,129,123,78,121,172,195,176,129,168,141,136,78,152,122,113,146,106,133,25,119,120,170,148,111,113,123,115,111,48,126,105,130,53,141,85,129,135,184,107,240,166,132,95,170,133,79,145,124,91,166,125,138,57,76,145,116,125,108,141,101,85,134,80,147,147,134,124,152,141,113,154,137,129,69,98,144,135,142,137,118,71,125,136,120,150,128,141,100,145,147,139,114,118,108,135,139,146,93,119,148,107,164,4,74,144,76,88,120,131,160,160,143,151,138,127,168,187,143,67,84,117,146,142,101,75,120,140,109,161,114,122,106,121,58,107,123,117,145,101,151,75,168,140,181,174,134,163,131,92,227,136,136,203,138,75,121,17,100,122,172,141,126,118,127,57,120,126,82,98,122,99,116,89,174,142,60,125,155,152,114,101,93,105,101,169,167,125,174,221,87,101,42,140,118,102,119,146,119,127,144,82,222,82,98,78,96,136,186,117,254,117,73,117,121,101,59,124,125,175,136,115,87,136,100,107,112,141,172,114,95,147,157,91,137,77,108,130,130,115,97,86,89,94,129,129,100,150,160,163,131,147,83,104,128,34,124,146,146,116,179,116,112,128,125,100,109,117,128,99,161,118,128,75,149,189,128,140,49,94,70,130,149,159,119,106,83,96,146,128,189,135,108,64,100,147,139,129,81,136,65,90,154,122,120,156,204,254,89,106,129,125,149,116,128,254,137,134,119,147,123,128,136,130,172,113,68,100,126,118,127,109,140,140,173,125,124,0,96,162,141,111,142,169,116,117,254,145,200,76,189,116,124,87,19,106,155,166,188,72,125,133,150,123,129,90,127
128,139,144,131,137,120,157,140,136,131,115,153,128,168,137,254,158,139,132,133,121,112,146,107,126,111,131,109,109,160,109,139,102,105,145,118,89,137,106,117,60,146,113,125,93,120,106,136,106,134,124,116,133,179,129,66,103,90,132,164,97,134,127,127,133,162,131,131,120,152,154,115,127,164,90,146,127,140,132,101,136,138,95,120,117,142,120,148,121,154,148,155,136,136,91,120,154,114,123,108,115,90,137,114,66,119,138,123,151,92,122,117,143,143,125,119,120,126,121,149,151,127,59,151,133,141,128,129,205,92,79,109,113,173,68,174,122,94,127,122,96,131,90,88,69,132,107,98,122,147,121,188,81,71,125,138,153,150,78,123,127,163,102,137,108,174,127,151,107,125,124,134,146,187,96,147,127,68,107,69,102,118,130,134,163,148,112,141,150,139,110,124,110,134,116,157,93,144,100,122,104,118,168,137,130,122,101,122,124,115,137,150,118,114,112,145,128,148,130,118,103,155,155,103,101,140,121,107,140,214,120,166,129,140,124,116,159,145,141,127,155,128,119,126,111,135,131,128,157,78,145,134,81,150,107,114,123,144,109,136,139,153,109,128,145,157,125,103,128,110,68,129,130,131,127,154,170,116,126,127,186,107,104,110,173,138,108,143,159,73,103,147,165,139,102,139,147,130,87,122,149,109,129,61,137,88,86,72,117,157,98,163,142,132,120,161,145,45,92,129,92,116,125,76,164,143,161,86,161,121,163,92,64,117,199,113,125,182,125,126,88,154,164,115,106,90,122,130,88,133,201,138,138,80,68,125,107,146,71,95,121,134,94,126,151,62,141,127,141,110,132,138,50,104,65,140,147,122,157,162,139,166,140,125,102,118,189,150,127,81,91,137,110,118,97,140,130,145,254,231,123,117,125,103,93,24,138,107,150,135,142,108,132,72,133,83,123,93,157,123,125,166,127,149,76,116,132,125,129,140,148,100,85,113,113,125,158,125,145,130,91,107,141,144,165,132,158,87,167,140,128,131,178,152,54,93,136,222,127,120,135,172,127,115,141,115,136,110,137,139,137,125,96,90,133,120,112,152,132,117,148,107,144,87,109,110,110,116,169,110,130,136,81,150,141,165,139,138,123,162,246,110,152,160,142,159,106,137,124,106,112,171,127
140,131,126,126,154,104,85,129,127,103,77,160,108,146,120,102,95,132,123,155,130,129,122,135,119,105,84,131,165,150,107,148,163,104,102,154,145,112,140,108,194,127,106,146,140,96,103,127,166,106,91,149,123,148,150,154,187,101,146,142,155,99,98,127,142,140,139,120,133,174,147,148,147,99,183,195,151,174,111,153,137,121,157,116,119,106,162,100,109,99,140,148,203,139,114,64,181,147,111,121,160,116,151,99,188,131,133,159,181,59,144,158,118,110,220,119,132,101,130,94,135,106,179,160,94,110,130,119,118,122,156,118,104,1,157,154,125,107,142,118,140,128,137,76,100,125,124,225,138,142,118,130,215,183,157,176,118,117,179,156,108,133,130,102,112,137,113,104,58,103,134,137,100,150,151,75,134,133,123,158,136,178,111,165,130,138,194,150,160,141,138,124,123,149,132,116,138,206,133,121,134,112,153,120,117,123,146,149,134,127,164,77,118,180,123,101,136,127,131,174,101,107,140,132,127,108,108,121,93,86,142,171,156,94,133,119,118,152,77,135,90,106,116,182,111,119,130,119,184,109,136,132,113,142,123,134,108,169,98,122,169,160,134,142,145,71,184,122,120,77,108,196,126,88,146,137,130,110,99,93,115,105,58,149,120,135,188,132,112,84,133,66,98,170,119,144,108,136,94,101,127,98,100,124,153,142,140,187,115,142,135,130,112,169,159,137,122,76,95,138,128,118,63,31,118,137,111,94,138,102,114,80,104,133,104,170,119,172,131,103,92,96,81,114,153,108,193,194,95,149,133,101,137,117,127,121,114,123,144,148,103,115,100,108,165,127,110,92,98,153,129,100,117,98,172,124,73,139,120,120,156,131,119,128,212,112,134,160,130,176,119,149,153,130,124,169,204,167,79,127,70,136,124,148,147,130,112,168,98,102,88,136,128,143,124,106,113,84,162,150,152,29,118,112,139,115,57,156,125,108,105,162,99,172,179,141,168,104,126,150,165,148,122,173,123,134,142,48,139,63,104,80,159,131,86,103,109,111,122,138,144,163,115,103,116,170,119,97,116,133,130,105,133,122,123,131,91,173,119,139,117,122,132,127,153,92,101,116,113,129,95,103,142,107,57,159,184,184,127,128,126,144,140,111,147,111,98,140,143,103,126,51,127
125,118,133,103,147,164,136,147,130,138,141,134,140,124,141,73,254,119,118,119,144,92,101,136,161,126,151,124,121,123,104,135,129,73,120,142,116,122,164,111,91,148,130,156,71,158,114,137,140,124,124,118,88,128,109,92,106,144,145,164,112,126,99,109,131,146,174,76,158,119,117,137,128,117,103,127,120,121,58,115,124,136,153,122,121,96,103,114,120,147,128,112,125,137,137,134,204,116,110,122,97,90,120,119,27,114,133,121,135,135,121,123,121,123,109,133,135,123,121,138,128,118,95,220,150,123,127,127,115,118,97,113,149,118,114,130,102,102,126,123,159,137,113,128,143,121,117,107,133,122,140,124,99,113,115,167,141,116,145,110,143,110,132,127,123,110,130,98,118,125,120,124,98,70,130,149,123,91,140,94,115,127,120,116,132,117,137,108,113,145,127,130,126,120,133,144,131,155,63,129,123,123,122,144,129,118,106,118,120,177,131,107,122,125,110,208,95,254,121,125,107,97,141,142,118,127,132,103,144,113,128,126,148,141,120,106,134,119,126,127,118,101,128,132,144,130,114,120,127,208,152,113,102,109,136,105,127,123,129,137,129,136,150,126,129,127,54,110,118,151,157,98,145,141,131,106,93,130,114,129,59,129,140,74,195,105,111,117,129,140,122,134,90,142,80,99,160,133,89,129,127,135,126,83,121,119,146,108,118,135,152,120,123,99,116,254,117,142,136,115,141,127,135,117,121,143,123,120,150,121,138,126,127,123,142,111,153,104,131,121,120,117,130,155,133,151,126,131,144,107,156,126,142,135,136,126,100,105,108,99,140,105,100,98,138,136,129,116,100,115,136,154,140,125,123,144,164,108,161,114,106,130,160,124,114,127,160,136,136,137,95,125,152,128,116,146,104,147,168,144,114,102,136,111,106,116,112,111,148,117,116,131,123,146,118,99,131,141,122,105,107,110,129,133,116,113,70,132,121,186,122,144,90,127,156,142,157,103,180,53,177,130,140,154,103,102,141,140,111,90,137,134,122,119,161,134,131,175,114,106,132,131,139,128,131,137,147,186,118,138,123,138,115,81,141,114,128,129,141,90,137,132,186,116,123,99,128,108,168,132,123,103,96,220,127,124,118,122,136,87,156,124,133,134,107,160,118,112,125,138,144,163,127
150,111,127,127,94,93,101,85,144,163,143,138,109,168,58,113,231,150,121,119,129,135,93,148,128,106,126,95,96,123,45,93,113,63,117,117,222,150,138,130,66,120,68,183,137,112,88,108,181,163,127,106,183,135,132,51,124,84,112,136,129,122,61,138,146,114,90,147,136,120,141,79,132,36,254,137,119,120,175,142,97,135,53,131,158,124,121,110,109,112,136,135,184,145,247,152,65,115,121,121,79,114,128,92,128,143,233,132,160,126,121,139,139,103,135,101,120,115,143,126,91,104,147,119,137,169,138,124,181,124,147,105,151,118,157,122,125,44,99,188,44,137,122,179,227,129,133,107,142,103,132,142,112,99,126,109,127,141,71,109,132,127,254,127,126,147,121,133,114,93,115,155,156,156,65,199,117,173,100,134,48,113,130,141,128,94,96,115,158,111,144,118,106,156,121,87,113,137,149,136,147,143,108,116,152,109,110,93,124,144,131,78,144,144,165,94,126,99,140,146,123,146,113,129,104,147,126,133,94,120,158,131,135,133,139,104,100,164,147,111,76,135,125,147,115,151,122,121,76,99,145,119,66,125,114,137,70,135,112,137,151,149,85,117,159,167,79,109,100,102,192,95,137,151,159,119,235,125,127,132,187,102,117,174,189,107,145,175,131,254,68,167,120,137,132,73,99,119,55,129,125,153,118,143,60,133,105,127,134,155,146,114,146,138,108,128,153,49,119,112,176,81,152,113,196,119,157,196,155,102,61,90,71,121,102,133,109,118,198,136,129,131,100,106,108,94,144,118,222,180,141,153,119,113,165,125,152,158,210,170,129,154,176,175,178,139,174,128,123,101,83,138,172,66,93,130,68,107,154,106,147,117,91,122,105,113,177,84,133,130,191,140,179,146,73,124,147,130,75,207,126,142,150,135,101,179,92,100,150,118,161,152,112,148,144,158,132,89,157,103,146,132,126,144,87,151,103,89,109,142,161,114,118,130,138,111,93,117,79,124,91,146,97,124,155,147,85,176,100,121,138,119,139,147,116,149,97,103,117,122,143,98,96,101,126,135,137,126,117,134,129,120,109,127,123,175,126,118,117,133,183,99,52,126,114,54,99,125,124,114,126,160,182,155,144,91,186,133,128,187,129,72,163,200,63,86,52,145,151,149,158,159,127
114,130,132,109,164,196,141,168,130,121,49,97,127,210,81,108,132,79,141,77,144,157,145,105,132,158,120,33,143,137,182,189,171,149,108,154,152,122,98,134,161,155,206,72,171,118,127,90,208,120,122,125,114,122,162,89,116,112,156,133,129,123,95,124,133,125,177,89,125,130,130,145,128,198,142,116,115,138,175,168,137,116,124,140,158,85,163,169,187,125,128,220,139,155,141,138,96,121,114,166,99,135,138,139,136,117,125,126,117,217,86,131,100,116,152,134,128,143,94,94,121,127,169,79,147,82,124,126,216,154,191,135,106,167,103,169,125,78,130,97,169,130,132,106,107,109,75,134,140,128,130,148,142,157,120,119,111,178,175,169,144,77,143,111,128,155,128,115,170,125,131,86,107,145,137,153,133,181,122,247,67,158,117,149,147,178,121,133,98,104,131,127,87,126,134,141,146,104,170,156,119,142,132,94,133,119,128,61,150,126,97,130,112,107,93,124,146,113,123,153,120,79,130,173,141,123,111,150,193,160,113,120,123,118,145,85,84,107,127,129,173,121,118,129,138,126,133,125,91,254,173,131,149,161,135,128,172,100,125,144,138,134,163,139,102,96,190,144,88,127,143,140,71,122,134,108,159,112,105,108,124,91,103,131,162,113,94,206,105,88,119,99,138,95,129,84,123,137,118,241,111,122,138,171,130,130,185,101,130,127,143,114,152,82,182,112,118,133,124,58,90,113,119,117,138,75,152,162,114,86,151,115,83,135,50,192,120,134,144,152,125,129,117,77,113,166,148,82,83,160,126,146,65,115,206,143,121,83,125,105,127,172,145,152,119,90,109,136,108,254,104,104,128,154,129,112,115,127,127,146,151,109,154,139,96,144,132,110,120,124,160,105,127,122,130,157,127,93,144,101,125,143,128,80,146,71,127,135,149,107,156,154,125,105,85,151,100,119,120,157,116,132,121,211,207,182,130,104,136,124,102,129,124,174,102,148,158,119,140,87,159,104,99,138,141,138,136,171,85,110,127,158,131,129,188,142,135,117,125,131,143,137,111,101,136,130,164,113,114,137,116,113,125,198,118,104,109,164,126,92,114,118,149,113,111,102,166,137,127,109,167,114,140,134,181,107,99,135,117,121,63,122,132,99,86,182,126,153,143,108,47,114,127
127,134,127,108,130,137,142,133,130,133,132,72,136,117,110,157,151,129,136,103,132,77,78,118,140,149,97,142,138,138,109,173,121,173,119,121,26,131,113,128,46,157,127,106,130,127,180,133,79,124,120,111,131,162,120,162,118,98,139,192,138,126,120,128,151,136,129,79,140,140,125,107,143,117,188,137,174,139,98,140,122,121,139,153,128,254,104,111,142,225,141,109,115,149,120,85,116,130,148,117,127,127,179,106,114,139,131,123,175,78,139,93,136,136,92,123,114,129,119,151,128,146,121,125,119,125,121,134,113,127,92,126,126,121,162,72,120,121,118,130,135,82,130,105,119,121,112,86,126,116,127,217,154,8,141,126,144,114,203,146,114,139,137,171,114,134,137,110,108,138,121,115,135,71,122,101,127,98,121,91,153,128,111,133,143,123,137,138,143,115,135,134,167,116,110,119,115,155,163,132,89,131,134,163,119,129,70,127,120,115,138,71,120,152,130,134,174,124,123,170,135,129,160,208,129,137,120,125,97,109,109,129,116,93,156,178,143,137,118,145,141,135,117,150,144,113,137,124,164,129,149,128,150,134,131,122,116,83,129,115,119,157,138,108,126,112,168,106,124,158,174,140,104,117,129,114,124,131,134,124,117,114,87,129,127,139,119,146,129,84,159,130,111,129,139,129,115,137,174,110,116,130,103,144,138,121,111,143,109,124,120,127,130,115,83,142,96,140,141,118,189,116,94,113,136,168,142,132,138,103,124,136,100,161,136,236,137,124,84,112,106,119,137,133,99,128,137,113,95,96,154,128,128,118,104,127,146,81,118,109,119,120,219,122,129,113,166,127,224,141,125,128,135,131,108,140,117,152,133,74,128,110,141,125,142,120,142,114,149,113,78,157,163,121,128,104,171,137,127,109,149,125,108,97,112,94,112,151,134,147,138,128,126,127,88,133,141,117,160,145,104,126,127,130,138,164,134,103,88,129,126,141,128,95,175,144,101,109,96,202,140,118,109,140,108,130,155,125,132,85,145,120,135,132,115,112,128,136,150,132,128,100,100,130,134,147,148,108,125,135,143,131,119,95,122,130,110,127,135,137,116,126,254,117,146,103,134,117,115,119,93,107,238,96,117,120,120,153,122,143,110,138,140,158,130,124,125,170,147,160,131,197,127
114,117,120,111,128,133,141,133,116,115,144,117,112,203,159,126,140,129,128,129,119,149,142,99,84,99,114,112,147,146,90,143,134,165,121,132,172,142,131,121,144,144,168,211,226,124,105,116,121,145,113,169,142,152,116,110,136,165,111,70,128,138,138,114,136,149,63,100,79,128,91,80,167,111,131,149,102,171,18,140,102,123,129,130,118,118,156,122,132,129,170,165,143,126,121,153,155,120,126,219,113,112,115,100,137,128,137,84,124,92,124,113,145,90,136,154,144,132,121,119,124,114,109,154,134,135,127,139,163,140,133,120,116,121,112,122,120,100,186,105,114,85,137,59,161,139,125,113,121,130,118,106,159,138,128,129,110,131,153,90,143,130,121,120,123,114,139,118,141,122,125,113,109,171,95,100,113,106,136,111,138,112,116,128,95,77,136,131,146,133,154,128,161,117,127,140,126,116,139,127,104,133,122,120,139,116,97,116,148,108,133,110,124,134,136,114,154,99,134,82,109,157,116,138,136,113,129,77,99,152,159,110,117,166,130,83,116,190,120,121,135,103,142,103,91,124,123,120,148,189,96,135,159,101,142,141,125,102,127,135,133,81,153,124,138,152,101,133,142,98,117,147,140,126,137,150,84,130,126,84,67,142,146,126,93,125,118,111,134,150,92,127,85,108,80,126,124,91,126,60,135,109,118,117,162,133,124,159,113,109,79,107,129,111,144,132,130,128,129,127,122,112,69,75,128,129,133,147,154,160,114,99,117,106,112,118,129,117,156,112,124,110,129,88,120,183,129,123,84,72,141,115,149,144,150,132,141,178,146,111,125,94,164,128,159,106,171,97,127,110,143,121,107,144,152,124,111,94,70,161,190,115,121,122,107,126,144,114,97,140,148,140,141,123,125,92,136,121,136,99,145,130,134,118,103,124,154,146,132,93,113,93,196,131,152,142,110,121,126,145,118,120,130,158,117,155,74,115,127,84,103,131,126,125,96,125,149,103,169,135,111,120,81,145,110,130,149,117,124,126,110,132,175,93,88,121,158,109,131,113,122,126,102,108,118,136,148,161,115,142,132,137,125,223,132,136,164,119,129,99,118,148,134,146,123,118,127,196,136,111,129,106,114,120,101,119,98,167,112,111,169,131,137,101,172,78,135,90,109,112,123,184,127
111,135,254,123,120,134,84,131,133,112,144,129,103,155,168,93,141,134,127,126,138,114,182,77,128,108,135,158,122,78,109,125,107,69,121,162,116,194,133,107,180,120,114,140,172,161,118,121,204,152,0,129,121,137,113,156,147,137,145,142,253,114,114,129,135,149,109,123,143,141,154,131,120,88,109,130,115,111,128,142,134,157,137,138,124,117,197,83,131,116,126,147,128,121,143,195,130,110,164,128,89,135,133,104,118,128,144,111,128,136,146,151,102,104,101,106,127,127,125,121,119,137,130,129,90,81,122,126,142,118,137,160,122,119,107,134,146,98,128,146,77,153,135,85,187,144,120,114,126,112,126,158,141,106,139,150,115,142,118,137,119,125,117,143,131,108,118,123,152,134,121,130,85,133,158,147,140,150,146,179,115,140,129,120,116,122,200,133,138,92,129,131,133,120,118,46,254,112,84,139,134,176,125,121,132,132,98,128,132,157,122,205,127,152,140,128,99,78,123,115,119,121,131,104,106,111,125,90,166,145,125,131,0,126,120,209,177,101,127,61,160,146,106,78,110,134,114,141,97,109,93,138,201,130,128,133,140,157,126,149,132,124,111,120,137,134,114,124,134,116,139,123,123,105,136,122,117,124,105,98,132,131,133,104,106,150,156,110,122,244,133,136,131,157,128,115,98,102,111,111,139,156,131,154,92,239,132,131,111,147,84,119,115,118,131,122,134,114,125,157,124,88,173,144,113,152,125,135,107,152,124,140,180,109,87,144,120,111,130,106,122,117,126,83,162,130,116,143,133,144,115,154,128,148,148,134,122,169,133,75,0,124,143,254,91,153,118,136,109,112,148,142,147,136,114,134,127,117,133,137,170,63,110,144,133,113,112,145,142,181,137,105,91,83,126,145,0,159,110,140,125,97,125,106,118,176,149,128,120,153,110,118,125,122,142,157,103,138,108,155,129,86,121,125,146,161,153,121,138,92,127,147,130,91,109,128,109,121,125,125,110,111,136,135,126,120,118,114,124,185,117,123,128,119,153,86,103,99,116,138,130,89,134,111,110,126,97,87,106,112,111,122,124,64,122,117,117,124,119,110,139,64,89,127,138,88,88,118,84,141,128,120,94,149,60,81,127,107,132,99,95,149,103,113,123,128,126,152,117,134,163,107,127
124,134,127,113,116,197,170,105,138,139,123,93,94,84,91,128,95,102,83,58,124,163,101,90,108,184,106,145,110,74,108,130,112,111,106,182,202,103,106,132,100,226,171,86,91,114,135,127,137,172,142,92,131,41,79,41,142,34,117,74,123,126,82,137,172,153,170,100,131,79,150,175,113,148,135,99,137,117,141,140,64,131,103,74,124,93,121,166,58,105,167,135,80,128,130,122,128,149,96,127,107,134,122,86,75,104,215,128,102,150,45,128,72,62,140,120,143,128,111,129,78,99,153,107,70,73,102,153,117,119,108,124,161,147,112,210,118,98,87,62,91,114,113,74,125,129,89,81,70,120,133,184,56,108,64,65,51,111,69,57,116,81,107,38,127,93,126,130,138,132,121,98,132,84,103,97,107,139,95,136,105,144,89,124,91,117,130,168,137,95,122,139,85,133,127,111,141,25,125,122,19,107,100,103,118,84,105,128,117,134,155,137,133,131,112,132,127,88,143,131,93,243,120,214,150,114,102,157,162,134,128,155,124,152,110,111,116,125,155,112,79,97,110,163,99,89,150,98,111,115,74,153,131,91,103,166,52,96,85,151,123,116,75,128,72,177,102,137,109,51,99,254,154,46,162,90,113,157,129,187,79,123,102,138,145,112,109,184,128,169,164,174,141,123,129,65,122,94,96,160,127,122,114,135,214,128,100,79,119,145,141,133,127,28,174,109,143,43,199,174,91,146,129,154,115,96,139,166,138,45,110,75,142,127,7,127,107,84,156,142,135,92,221,119,48,147,111,72,146,218,80,114,83,99,132,122,144,150,144,11,138,130,110,112,111,141,181,104,94,97,70,141,98,176,65,90,1,113,87,89,85,125,148,157,69,121,206,105,135,92,53,161,98,112,122,93,117,84,122,125,75,136,133,149,133,190,79,238,120,111,69,106,78,94,152,81,55,82,74,101,163,154,131,97,111,103,107,103,158,108,162,121,27,61,65,120,113,126,119,110,101,144,128,140,119,108,145,206,21,103,83,234,118,170,93,112,131,154,101,138,98,144,134,158,103,111,117,113,116,104,125,113,139,96,99,135,122,166,145,140,116,132,57,89,67,84,148,151,146,56,96,84,138,93,109,254,127,163,118,73,108,122,211,141,134,127,105,59,131,92,170,164,127
142,139,128,129,77,66,98,137,125,67,180,166,142,247,119,94,135,160,141,161,110,147,159,162,118,122,133,126,137,156,153,7,148,120,106,74,90,183,131,115,152,183,20,176,162,146,104,127,97,154,116,167,125,140,125,205,126,175,142,140,126,142,179,142,140,91,122,137,140,210,208,136,138,166,157,168,217,125,118,145,132,134,156,155,122,127,165,98,142,177,155,155,169,136,68,188,33,177,123,154,170,105,164,121,33,147,130,156,77,110,160,125,150,130,130,128,90,130,133,128,131,126,149,148,131,169,124,191,173,108,105,138,139,124,135,71,132,142,134,170,138,126,148,148,100,171,146,128,189,137,141,204,125,142,120,147,151,123,116,171,143,159,122,164,119,139,85,145,76,160,135,141,131,170,138,130,130,133,201,169,126,64,118,149,108,106,64,193,169,133,18,129,149,124,105,156,119,141,134,116,173,112,149,167,142,143,172,144,139,145,138,141,140,144,112,128,219,91,133,102,141,146,139,127,86,131,73,139,144,145,133,144,118,174,117,142,81,113,175,117,46,125,123,149,154,96,127,139,187,74,163,145,127,163,124,138,113,195,134,129,117,118,136,50,165,194,156,124,125,133,102,196,0,197,140,145,156,78,159,159,154,151,116,123,84,141,202,167,132,178,126,158,149,141,134,197,109,132,80,95,174,118,148,189,123,137,130,143,132,148,127,136,23,118,124,150,149,139,118,142,156,0,141,118,134,173,121,137,142,149,146,144,96,148,0,86,136,141,153,127,117,162,144,139,118,117,139,169,89,52,106,110,142,123,116,140,147,132,141,98,145,156,118,117,181,124,189,112,144,165,118,124,0,162,80,128,98,173,175,0,86,143,169,132,158,134,147,136,160,127,189,176,149,139,135,140,133,212,164,137,171,175,149,147,127,172,134,100,138,164,174,151,131,133,141,155,121,139,134,198,186,99,118,128,155,140,76,124,125,131,113,110,123,149,152,125,0,127,173,189,103,183,120,151,156,168,114,168,165,149,101,88,85,151,119,124,108,88,130,132,0,98,103,95,157,172,132,123,131,124,95,129,180,160,123,133,132,128,139,154,150,108,98,90,165,147,101,110,147,179,146,159,114,127,56,107,111,143,84,144,115,134,162,147,156,124,142,161,103,173,200,141,127
130,121,133,127,115,128,159,148,123,139,138,153,149,178,124,121,185,81,36,117,128,135,89,85,99,98,126,130,51,92,158,80,116,50,80,137,147,130,43,132,139,108,82,101,113,103,43,121,59,156,127,133,76,121,101,175,120,127,80,177,125,148,100,141,143,93,110,105,150,74,128,160,130,94,88,133,151,167,121,124,141,128,195,138,130,127,126,50,124,159,159,118,166,124,44,60,108,115,102,133,84,100,102,123,119,114,90,132,120,123,107,142,116,147,92,199,103,133,133,113,156,137,142,108,133,155,103,130,88,90,117,136,110,75,165,115,122,167,146,72,93,129,153,141,87,122,133,115,104,120,129,65,138,130,121,120,117,123,112,172,107,147,77,123,130,221,122,229,129,100,124,253,144,188,117,134,131,104,113,69,164,77,110,127,97,110,89,122,124,122,135,128,97,113,127,132,114,149,145,115,169,117,153,106,133,54,113,153,120,139,148,113,132,141,107,121,110,127,119,105,98,183,138,72,113,125,120,131,83,126,131,129,118,141,127,133,165,135,99,135,121,254,110,104,140,108,137,124,145,105,120,116,145,126,111,140,62,135,95,136,113,114,109,126,150,149,116,124,138,133,99,119,111,138,133,149,120,136,108,59,253,148,24,112,90,112,147,128,114,111,100,149,129,79,120,145,126,118,131,111,125,85,132,92,135,124,116,140,101,105,146,118,113,145,151,127,119,241,133,123,128,101,124,109,93,98,144,87,79,159,116,132,158,113,134,85,120,129,152,105,146,111,114,110,120,148,124,141,128,85,168,123,176,129,122,139,124,98,146,101,112,103,128,121,110,157,102,134,129,107,183,160,102,127,154,127,96,98,113,96,29,135,153,123,164,127,120,156,115,188,127,88,113,98,62,152,65,145,87,134,105,139,148,113,184,113,157,144,132,106,139,106,149,100,149,71,152,103,149,127,115,122,127,111,109,104,89,121,126,139,61,138,194,50,178,122,136,128,184,102,120,114,121,114,111,101,145,105,78,146,104,136,148,149,184,124,142,131,120,125,131,151,104,147,123,139,109,158,128,131,124,125,120,143,123,121,142,108,121,124,225,134,140,144,100,136,120,131,136,122,112,136,122,112,96,144,157,109,121,24,112,156,124,95,147,76,120,130,109,126,106,127,127
117,130,122,140,161,157,118,144,122,124,141,139,110,129,174,139,110,96,161,115,123,72,146,105,135,50,105,172,145,114,114,108,105,42,141,106,133,129,161,131,169,134,128,141,68,156,148,120,145,89,130,129,131,139,132,107,122,111,92,50,154,126,141,139,118,142,0,145,9,116,159,172,113,115,107,141,138,169,106,121,144,141,152,143,132,73,156,90,143,126,132,107,105,136,141,158,139,112,133,111,93,142,134,153,130,117,155,0,122,123,163,112,173,109,100,135,146,120,139,122,113,147,147,118,118,144,130,139,110,134,99,134,124,163,99,122,145,164,70,170,108,72,144,97,137,142,107,112,147,134,122,132,104,49,132,83,92,149,149,90,119,117,128,129,127,148,137,114,169,118,118,149,119,104,95,110,99,136,171,72,138,114,117,128,91,82,118,128,134,116,136,125,158,113,128,126,142,115,82,116,96,141,142,163,132,117,117,143,130,170,131,143,115,128,113,124,122,101,134,148,93,120,108,125,113,129,110,126,138,134,124,136,142,135,113,68,127,196,118,133,114,144,124,110,99,132,129,167,134,119,121,124,109,84,127,122,165,122,97,129,146,102,101,124,129,146,202,135,254,60,92,143,99,120,102,128,116,130,148,139,151,137,131,127,107,143,88,164,100,113,171,142,71,148,152,132,107,102,129,159,139,153,122,149,154,135,129,82,147,124,90,142,111,120,109,150,136,128,89,109,76,108,123,152,111,133,136,82,144,126,181,142,134,109,55,116,130,115,101,73,119,140,144,101,97,64,129,145,131,153,104,121,170,147,122,130,122,225,97,44,137,112,127,117,127,139,122,82,133,117,78,109,129,122,118,127,141,103,114,107,176,105,117,119,127,151,128,129,104,89,141,144,117,124,115,155,124,117,109,107,176,111,117,120,140,145,63,84,118,107,164,68,232,156,137,136,117,165,109,126,137,149,130,194,210,147,138,127,121,145,139,95,115,128,124,125,100,107,168,144,69,126,28,136,56,134,91,148,114,121,131,129,68,89,69,124,133,135,107,126,122,127,145,120,130,121,124,89,139,127,117,118,173,43,138,124,130,139,138,8,126,132,90,127,99,123,96,94,111,114,136,68,91,168,140,69,131,146,120,119,164,143,155,103,157,107,172,140,134,147,125,204,127
137,126,121,128,132,119,127,151,116,125,151,129,121,155,123,118,109,174,131,143,133,94,121,121,128,99,120,144,110,163,138,140,137,143,131,130,155,123,114,127,94,133,122,81,99,136,108,110,115,132,116,120,96,155,103,127,109,117,139,157,129,133,148,127,145,166,103,130,136,132,118,100,168,227,115,106,125,92,101,127,124,107,83,124,106,120,87,105,138,89,108,148,138,126,124,115,140,120,112,136,126,63,110,86,83,116,86,137,126,102,163,113,133,102,117,150,133,141,129,131,97,213,87,66,110,137,130,135,83,137,138,110,115,112,131,171,125,116,124,158,190,106,126,135,119,137,108,95,123,127,127,114,141,254,121,179,113,115,83,145,135,126,98,109,123,130,125,133,121,161,130,115,132,157,152,180,123,134,110,129,125,112,114,113,135,189,78,104,144,162,134,144,119,162,112,144,121,121,123,150,124,127,74,148,133,128,112,138,128,130,109,143,112,129,92,148,88,109,135,159,127,90,113,173,104,127,121,133,138,124,141,152,125,113,124,152,165,150,151,131,92,121,126,147,101,126,139,123,157,35,148,140,79,141,109,131,127,102,127,118,119,150,129,119,122,126,109,155,151,125,139,155,91,163,111,101,103,120,131,118,119,148,108,99,122,123,128,172,129,152,113,158,109,108,122,101,76,117,78,104,126,115,101,142,152,128,151,135,112,144,125,121,104,194,156,156,130,163,93,111,113,93,119,97,161,126,153,89,96,166,115,157,105,117,127,102,138,18,163,110,128,139,146,138,98,150,137,122,121,50,120,119,128,117,166,130,97,116,119,102,127,120,207,104,145,113,127,102,60,134,105,104,114,125,115,136,179,91,128,156,113,103,101,136,124,138,127,147,138,107,148,167,147,117,125,121,103,132,112,88,101,139,119,110,102,145,129,138,134,137,124,104,123,122,117,96,111,130,96,54,129,94,133,132,177,149,137,120,116,109,129,139,62,131,135,132,73,122,129,119,79,126,178,123,119,144,142,162,140,131,135,111,98,148,105,83,95,93,127,129,127,117,113,99,162,114,118,188,125,127,124,117,107,112,123,160,134,189,148,137,146,125,111,147,113,217,127,114,122,126,142,148,114,130,92,141,124,127,130,118,80,138,106,154,82,119,97,122,126,127,192,54,127
101,137,124,127,215,142,190,131,118,86,187,96,127,137,69,119,120,125,142,139,129,154,137,131,133,77,122,48,171,196,80,168,157,176,78,121,171,136,144,133,124,124,98,132,117,151,110,102,119,105,173,99,49,148,104,115,119,112,127,72,117,136,156,126,104,109,162,75,136,85,155,80,137,133,63,127,151,125,138,109,140,66,126,123,85,124,122,169,216,142,147,148,196,102,171,169,126,165,119,111,115,60,109,102,133,121,79,147,105,136,171,127,94,151,197,133,108,159,119,94,167,124,98,102,100,169,133,128,127,135,77,104,117,122,155,120,123,170,138,131,105,144,104,125,137,130,154,130,122,127,131,124,155,226,122,114,139,92,101,145,133,133,95,148,91,111,127,118,137,170,134,158,126,105,94,30,125,32,97,178,167,114,106,144,96,94,120,127,176,147,85,130,177,133,114,149,146,169,94,159,55,158,101,164,86,127,92,105,142,103,112,142,113,73,136,137,130,132,132,92,89,67,128,148,102,134,155,137,126,129,125,107,117,174,148,120,73,110,145,164,67,90,140,109,106,146,135,145,226,111,157,154,89,142,111,150,135,137,148,121,135,175,217,138,132,134,143,118,121,121,69,86,110,144,132,154,72,161,155,163,79,143,195,101,118,125,204,53,157,181,175,158,114,113,107,120,150,104,98,194,184,71,153,78,142,124,139,120,132,146,117,233,149,119,175,110,88,108,148,127,133,84,104,148,45,164,120,207,118,92,133,64,172,112,45,89,133,69,163,140,149,128,121,108,114,150,185,68,124,68,141,147,133,130,124,111,75,143,153,121,123,144,83,173,112,110,174,98,122,132,188,112,111,101,71,148,118,122,146,155,105,135,119,123,186,120,26,115,149,173,96,122,102,132,129,120,160,75,147,91,133,139,133,197,164,233,141,115,61,127,86,139,118,128,148,114,162,160,127,87,159,122,136,82,75,148,107,144,122,153,134,73,99,143,168,125,145,113,88,155,77,137,134,98,126,114,149,142,131,152,136,127,103,106,161,73,104,108,82,136,120,120,99,130,122,113,152,38,139,125,168,116,119,144,123,190,130,127,147,130,117,152,141,147,98,93,161,146,75,185,142,90,97,145,100,122,122,128,117,151,100,106,133,152,98,87,143,135,120,139,166,82,127
140,118,145,127,142,143,112,116,130,146,100,119,97,137,136,110,156,97,119,135,122,104,213,109,119,118,128,118,111,115,133,99,115,71,72,150,162,196,101,130,107,82,85,168,185,167,25,126,64,120,132,130,128,145,111,165,253,76,126,132,101,120,121,134,132,131,166,116,147,127,140,84,116,104,113,140,143,171,103,126,117,135,124,135,118,97,120,105,130,137,126,128,140,141,99,50,139,126,148,134,111,118,155,117,133,129,103,137,102,69,113,145,118,121,157,126,128,114,124,86,176,124,156,148,111,77,112,130,153,103,91,143,117,90,190,76,140,126,87,163,112,152,156,169,139,102,140,158,149,145,151,144,142,102,116,126,130,125,82,141,121,144,105,156,104,121,115,113,97,125,133,158,87,89,83,113,144,114,110,164,138,145,127,153,53,147,0,131,154,130,119,134,176,125,127,114,83,210,69,188,170,138,135,154,122,150,113,141,130,172,138,241,136,132,118,80,173,120,107,144,116,92,159,150,111,108,109,136,37,102,133,117,49,113,126,185,97,143,100,95,143,83,114,132,112,139,110,113,160,117,119,123,102,92,129,152,87,122,103,117,72,120,217,126,121,112,99,121,127,122,128,204,136,109,118,135,134,131,100,74,73,121,132,103,162,118,122,116,127,159,122,94,111,147,115,180,139,124,140,84,119,156,140,112,182,106,33,81,120,112,158,124,133,131,123,101,135,130,70,179,56,116,105,97,95,116,113,94,103,134,159,147,109,121,107,6,119,89,79,126,116,116,105,106,150,108,160,202,102,126,86,149,152,104,100,132,98,131,119,121,148,139,137,153,100,0,152,133,126,142,145,141,145,136,164,132,78,137,114,52,113,94,136,113,147,128,118,135,144,127,95,156,116,115,139,99,29,158,152,101,244,130,122,169,101,148,203,144,120,113,68,123,138,183,152,177,90,122,178,119,141,152,121,135,91,87,50,136,122,126,133,129,128,139,123,117,152,135,153,138,115,139,131,107,139,81,142,74,161,254,104,114,93,103,191,110,142,145,114,116,120,122,134,145,105,104,89,79,125,127,107,127,127,100,133,99,122,160,108,108,116,146,156,124,147,103,117,105,116,102,83,121,127,170,183,106,66,177,137,101,143,168,78,79,147,158,58,123,139,154,149,137,127
114,145,134,126,132,124,158,168,121,132,70,138,136,127,123,118,92,112,155,110,124,135,123,115,120,122,119,119,130,160,139,184,139,105,151,127,104,134,110,122,53,114,156,159,129,187,115,127,87,155,110,122,93,75,112,82,106,132,116,166,104,129,133,125,106,117,160,116,145,57,118,136,150,79,108,113,112,152,95,128,128,129,119,125,114,179,111,85,133,95,119,111,73,139,57,115,87,126,110,118,82,163,117,120,99,99,139,123,126,113,126,120,131,127,99,146,132,117,130,152,145,121,118,111,138,109,122,130,146,136,134,103,133,140,186,123,122,131,103,108,161,122,128,83,101,126,136,128,124,139,114,88,81,120,112,152,122,99,81,121,124,133,169,110,116,138,124,140,134,107,133,115,102,136,117,141,101,116,162,67,109,121,117,138,254,106,172,74,101,120,113,127,136,113,165,149,108,150,18,151,128,122,142,126,149,120,95,115,124,207,133,120,108,123,131,108,95,120,119,127,123,106,134,151,136,136,116,138,205,184,139,114,140,120,146,123,104,95,124,130,140,133,125,154,140,121,120,136,115,133,122,129,106,89,123,130,110,98,143,130,110,137,106,118,106,154,108,105,134,108,180,141,150,131,111,92,95,141,121,113,89,95,141,172,122,129,88,126,126,114,112,127,107,114,160,101,106,119,92,162,87,134,111,80,77,109,103,68,111,105,165,115,124,100,148,232,122,113,124,148,69,146,159,122,121,117,107,147,132,143,91,133,114,118,120,134,141,117,111,136,145,116,117,130,129,138,111,123,107,70,160,150,142,134,132,122,120,108,140,140,128,44,178,126,68,128,82,132,111,102,118,124,110,96,124,118,160,140,97,85,106,125,103,121,112,116,105,137,141,56,123,130,127,123,135,131,140,115,197,123,194,153,117,152,113,166,195,111,133,133,130,115,110,112,109,108,98,159,130,101,104,147,124,207,49,135,114,135,98,123,126,104,117,127,85,113,108,117,128,195,110,89,122,121,97,112,154,121,86,121,143,121,174,104,149,127,120,129,139,134,125,114,121,131,129,113,138,100,167,122,111,118,122,145,123,172,131,139,148,66,124,136,156,105,131,147,114,103,107,101,122,102,137,144,120,127,80,89,130,102,136,120,56,139,167,65,123,140,105,117,106,207,127
140,118,133,146,195,174,156,130,102,108,105,213,127,103,150,81,129,165,121,122,129,171,90,124,128,164,130,167,78,203,90,115,86,152,92,169,174,80,118,130,196,56,52,156,155,100,194,152,132,100,115,21,124,196,173,0,124,202,136,106,122,29,126,122,163,166,152,140,113,48,83,43,78,122,151,163,190,103,179,136,147,83,119,109,136,133,148,245,64,147,65,137,83,126,106,133,128,139,151,99,155,216,160,186,76,151,102,99,172,105,149,102,191,108,139,187,106,105,112,68,131,121,105,123,71,166,140,126,111,137,110,127,111,29,214,77,116,94,132,167,162,146,154,132,59,63,137,136,155,122,130,69,117,85,122,111,97,23,150,129,128,77,118,88,129,140,130,122,142,191,109,116,109,199,110,182,94,106,105,142,152,142,127,133,90,208,171,114,173,127,126,117,112,129,122,118,100,217,79,135,150,91,160,166,89,148,101,40,127,174,134,156,133,19,91,109,87,115,131,99,112,87,111,61,166,100,143,180,79,156,135,125,99,232,218,85,166,143,75,101,49,101,147,254,90,98,126,131,254,159,248,113,125,0,113,159,90,137,248,184,120,250,116,89,148,167,148,106,152,115,129,112,90,123,179,172,163,132,159,161,150,122,131,115,158,157,113,131,97,205,206,76,125,77,141,80,124,111,160,128,178,108,84,100,69,117,104,142,142,77,137,189,98,203,204,146,143,134,179,144,186,129,131,181,106,118,136,120,241,109,254,125,124,102,94,126,141,79,68,101,89,98,0,123,145,127,131,94,149,189,107,103,159,57,142,188,163,116,109,107,111,116,92,144,254,110,190,194,106,106,254,124,95,130,136,174,143,159,122,96,108,107,157,169,60,158,112,105,149,199,147,123,90,121,123,106,104,113,127,161,119,162,106,162,142,115,131,98,17,50,121,147,133,129,109,133,152,190,132,108,158,133,114,125,167,84,100,109,125,121,129,132,183,226,113,119,74,136,153,197,124,125,172,103,94,199,114,59,150,112,154,112,139,114,125,132,104,147,107,138,103,118,130,126,109,136,109,130,123,131,97,126,104,185,119,146,116,134,166,103,152,125,150,121,71,48,126,150,154,162,106,217,62,148,134,71,161,132,131,124,84,223,202,216,180,143,236,144,152,109,174,155,127
114,127,120,136,122,141,108,133,134,126,154,102,108,89,147,110,106,147,125,108,114,121,154,123,90,148,142,27,100,144,150,146,145,185,4,112,152,85,107,137,88,60,94,165,81,145,165,122,173,113,120,99,118,139,143,47,119,84,119,149,119,203,136,113,137,161,150,102,123,83,137,156,121,196,145,137,124,119,114,110,132,144,112,157,49,126,106,210,193,137,134,143,45,48,161,107,116,128,112,118,116,99,120,95,130,132,119,137,77,107,121,161,128,148,180,115,56,142,133,140,123,128,140,144,151,157,145,123,133,130,206,113,137,110,191,136,122,171,120,110,118,119,109,137,141,124,139,156,113,113,127,134,112,155,136,142,147,130,165,97,119,149,139,166,253,138,137,128,130,187,129,150,150,102,128,105,117,146,127,152,128,163,138,124,125,138,151,127,179,132,112,124,93,78,121,129,132,117,133,132,115,152,51,126,106,129,23,141,142,102,120,96,106,60,129,120,124,144,117,55,133,146,107,159,157,120,126,94,183,197,126,92,117,143,139,86,123,116,134,163,138,28,124,117,128,136,140,133,129,114,175,134,135,133,121,110,177,150,129,253,131,128,129,115,131,130,131,118,142,146,142,131,126,120,123,132,122,120,119,156,82,202,175,86,140,123,143,136,147,48,102,99,114,107,145,145,144,175,145,140,139,167,131,185,159,138,129,115,126,153,135,117,131,148,170,124,61,127,149,167,158,118,126,146,137,118,147,122,32,100,115,104,124,129,103,134,147,146,126,110,96,172,94,155,150,126,127,231,167,142,116,85,118,104,170,143,122,135,244,156,130,137,103,129,74,143,112,165,137,134,140,139,115,118,195,93,249,128,120,119,87,94,93,110,137,149,139,115,150,174,98,118,113,125,131,141,107,151,127,128,127,129,125,134,162,136,123,120,110,105,137,111,125,142,120,147,130,151,127,67,134,110,167,122,87,155,161,54,114,99,155,146,101,119,130,128,123,139,132,105,171,152,139,90,137,94,116,132,129,205,135,128,129,170,136,145,99,114,115,129,121,95,126,186,108,103,123,144,130,128,129,112,139,102,127,157,114,66,135,117,116,186,122,147,71,127,130,134,117,121,172,112,164,139,155,135,150,160,128,145,131,128,142,124,168,127,94,132,138,147,200,99,127
121,107,113,134,99,130,123,125,130,128,121,112,116,152,69,103,170,136,115,84,129,118,116,131,118,137,134,125,144,109,166,78,152,136,104,84,64,153,135,113,220,149,102,109,127,87,101,134,152,127,132,156,190,115,135,31,114,76,143,147,129,123,66,125,116,66,119,79,121,5,79,148,67,51,182,127,127,101,135,133,117,160,107,144,133,117,108,77,106,170,115,171,158,99,140,113,99,124,119,95,108,109,137,157,127,133,165,124,115,103,83,162,121,115,99,84,112,113,112,124,74,89,109,82,73,57,134,117,154,123,123,120,138,154,203,139,122,101,112,138,78,135,115,150,188,132,140,146,123,127,123,51,69,101,86,153,141,63,138,131,116,119,63,123,126,80,130,85,156,120,125,121,152,176,60,161,138,59,117,97,77,173,135,159,120,100,120,101,121,100,98,123,153,113,124,119,123,112,82,230,95,115,144,96,123,112,61,86,114,133,133,150,138,139,129,99,125,113,124,88,154,79,120,127,112,147,122,175,145,217,144,122,116,122,142,152,142,148,84,117,119,132,129,113,141,122,124,128,81,87,98,128,83,138,125,130,100,93,180,122,89,112,117,94,64,164,78,99,114,97,15,75,126,141,129,118,124,118,119,144,107,76,104,131,153,135,73,56,120,128,54,158,131,67,152,113,74,89,153,127,36,176,101,107,157,138,136,104,119,120,124,145,172,113,94,142,138,116,74,107,87,58,127,130,113,104,86,222,133,133,95,126,98,155,64,87,161,134,139,114,144,111,124,105,121,115,124,133,85,133,74,117,102,132,79,128,153,149,106,130,138,101,102,125,103,94,70,139,90,146,125,121,66,117,138,132,115,107,113,128,69,119,135,118,116,98,144,112,138,136,9,115,122,133,119,126,193,82,96,129,100,141,108,139,96,57,130,119,126,110,119,128,126,75,157,118,116,113,127,104,92,159,123,84,120,180,117,151,100,121,148,78,157,113,54,109,116,119,97,119,136,150,88,98,131,140,93,1,119,162,138,99,118,160,99,75,96,77,135,125,115,123,123,92,102,121,147,142,121,117,129,135,122,175,124,129,147,149,141,133,172,129,137,134,102,214,104,107,213,135,123,120,113,128,142,126,111,78,117,112,84,56,90,155,112,174,40,136,98,133,73,177,127
94,136,121,122,216,123,148,147,121,115,152,97,142,81,168,110,102,137,55,133,117,105,166,142,122,28,122,93,100,151,133,189,153,26,106,102,214,134,113,121,117,96,185,87,61,120,221,138,95,99,124,103,66,126,146,97,127,150,77,122,136,127,117,150,70,163,86,90,129,77,99,53,97,74,147,127,177,101,106,108,133,100,115,126,129,84,66,125,117,110,159,61,158,146,89,124,97,127,108,111,111,88,117,113,156,114,87,121,99,133,119,193,108,135,107,115,132,135,137,96,111,118,67,105,107,72,127,128,157,137,118,149,139,140,98,251,129,202,137,159,82,77,118,133,117,132,138,190,145,145,143,115,132,115,114,155,146,119,62,140,168,125,57,148,124,127,152,128,143,128,122,95,81,40,175,98,123,58,110,99,114,121,155,124,67,133,142,108,133,148,141,123,180,99,124,114,107,162,117,144,0,138,93,125,110,125,122,123,130,99,110,139,122,110,115,112,90,105,117,91,110,88,108,137,118,116,143,132,140,106,127,95,105,111,156,137,91,148,101,112,99,110,108,144,114,137,134,111,76,117,121,128,95,91,131,114,118,105,162,118,125,187,111,123,78,187,45,114,115,137,109,86,143,99,86,110,134,135,109,136,140,139,91,167,78,131,179,22,119,87,137,94,88,129,132,127,112,102,124,165,123,128,96,126,138,148,82,93,115,127,107,148,141,119,79,130,79,110,150,79,65,118,77,150,113,100,72,199,156,79,89,78,192,143,169,172,119,84,112,65,137,115,113,115,138,130,141,113,112,49,119,139,138,176,136,113,112,145,79,114,127,99,83,138,127,115,141,127,107,136,140,161,157,43,116,132,143,104,130,146,199,121,66,116,118,102,64,124,134,99,110,140,135,145,191,132,107,44,109,125,121,124,131,96,101,127,116,115,76,99,124,113,93,80,134,96,125,153,141,72,115,149,137,49,138,140,21,141,129,138,117,74,68,139,106,122,143,73,53,114,112,134,93,81,124,104,134,97,138,148,121,120,153,147,101,128,162,86,128,129,117,129,100,119,141,86,151,81,120,121,140,131,141,110,137,144,103,125,150,140,245,139,155,130,121,124,132,127,128,123,139,186,127,59,204,135,130,89,123,97,128,119,111,148,102,97,121,156,149,137,100,54,127
118,128,142,135,93,185,114,215,119,141,88,85,137,107,139,69,122,106,127,113,160,152,207,63,117,116,113,106,130,102,190,209,120,118,122,142,173,133,253,176,149,134,124,98,191,149,138,118,51,108,173,164,125,85,122,114,126,124,254,138,109,148,150,127,112,92,118,140,143,57,123,183,200,151,92,139,150,141,137,158,254,144,122,140,123,137,213,143,121,137,112,167,145,124,42,130,61,113,116,111,95,179,130,123,117,133,132,139,111,179,153,149,114,136,113,137,110,127,128,141,131,118,117,127,124,144,133,135,95,123,178,0,163,124,133,135,125,92,139,106,116,133,100,120,6,155,120,132,116,134,254,127,112,112,136,105,110,143,75,133,112,117,40,152,118,254,129,0,147,112,0,125,115,18,139,127,110,161,172,116,136,89,117,178,142,112,181,103,73,118,148,119,123,131,124,157,81,103,133,173,145,92,131,121,140,0,91,100,133,165,127,168,140,118,115,97,23,170,124,109,149,166,137,145,164,131,111,105,113,141,122,136,147,105,96,202,131,94,136,191,156,131,117,85,151,126,122,157,90,176,103,131,100,130,124,129,95,118,114,139,100,40,85,120,133,164,131,106,124,152,89,129,90,141,117,149,116,119,109,86,171,143,133,175,75,133,110,117,125,95,79,180,169,1,142,99,122,162,186,114,69,135,131,194,119,101,62,86,136,118,135,200,126,118,178,95,111,69,152,93,46,112,149,145,122,154,135,111,119,153,113,20,114,119,103,200,108,101,125,124,130,131,102,128,105,146,126,134,97,137,205,107,114,118,134,125,142,126,146,85,128,155,139,72,118,83,98,145,114,106,100,120,89,80,155,96,103,141,116,137,145,149,126,128,168,127,106,163,122,173,135,112,137,125,100,209,80,150,153,84,70,131,122,146,146,130,140,112,147,127,140,143,112,0,150,62,127,119,118,92,101,160,131,143,156,174,109,131,136,129,118,162,146,119,75,125,111,130,122,130,106,116,110,113,92,110,89,121,105,144,143,141,254,134,101,145,122,123,124,126,119,57,132,148,144,100,116,108,135,137,104,134,155,179,129,126,138,100,118,137,188,134,58,132,96,122,101,128,148,120,139,85,146,90,254,172,146,116,117,94,77,91,97,120,131,91,105,118,121,150,128,129,127
