115,116,112,125,119,118,118,119,121,117,119,121,124,123,117,115,110,118,118,123,124,129,116,115,111,112,118,120,131,126,115,121,115,122,118,126,121,120,115,125,123,120,125,126,118,126,123,122,133,121,125,122,121,128,120,118,126,124,113,115,115,115,121,117,119,119,113,125,115,120,121,123,113,120,117,123,113,119,112,118,121,119,115,111,117,127,112,119,126,125,129,121,123,124,130,125,120,115,124,126,112,119,121,123,126,116,123,124,116,126,115,110,121,117,111,122,116,128,128,128,122,124,120,121,121,112,122,115,112,115,125,115,120,127,117,124,123,116,118,118,120,120,105,103,116,116,121,118,124,128,124,118,119,127,122,128,99,109,115,117,123,121,122,122,125,125,125,108,111,117,110,117,125,121,121,121,121,124,116,117,119,110,115,112,108,117,107,113,116,116,117,113,111,121,113,115,116
133,126,133,121,125,120,123,122,123,120,119,121,131,109,134,129,119,103,111,107,115,116,118,110,122,112,103,102,123,130,112,110,115,110,103,117,115,116,121,111,133,105,122,139,120,117,108,130,123,118,120,123,118,113,115,121,125,138,119,115,110,119,124,130,122,115,110,136,112,115,119,136,117,110,97,115,115,126,117,116,127,109,107,120,122,141,119,112,117,116,118,122,124,121,117,116,117,123,123,142,117,116,131,110,118,115,115,116,115,119,122,115,122,146,118,115,115,116,125,116,123,135,138,118,129,111,120,146,118,106,129,115,125,131,112,102,117,123,119,117,120,146,115,134,124,128,129,119,108,122,113,125,115,131,131,144,118,112,110,124,120,122,126,122,119,130,133,126,122,118,119,117,128,125,122,118,125,131,118,121,127,134,124,116,126,127,111,117,118,120,119,121,117,124,116,128,115
115,121,125,133,144,139,143,145,147,145,139,135,135,127,124,113,124,127,125,121,123,112,127,129,111,111,103,115,116,118,120,105,119,110,122,113,116,108,113,125,118,111,121,128,124,113,116,121,117,127,119,119,115,112,110,109,122,121,126,113,115,127,122,129,128,120,121,118,120,115,125,125,123,110,106,122,127,120,130,131,120,121,120,111,126,117,125,105,110,119,110,125,117,128,115,117,118,110,122,118,126,111,123,122,129,119,129,126,122,129,130,102,126,120,129,116,130,130,113,127,117,126,123,136,126,118,128,115,128,105,115,129,126,119,128,126,127,128,121,115,123,119,129,94,112,115,122,124,115,116,116,133,122,117,116,117,131,118,126,137,135,119,118,131,130,122,122,110,130,122,126,124,123,138,133,135,137,125,128,135,136,129,126,115,128,126,131,136,138,139,139,136,129,131,128,136,127
138,134,134,124,122,115,118,118,116,118,120,121,118,123,129,134,116,125,136,129,118,128,117,126,123,130,138,133,124,123,127,134,138,139,143,146,135,141,139,124,119,138,122,122,118,144,139,121,136,115,149,127,141,151,146,137,120,116,116,134,147,152,150,156,120,129,151,120,122,118,116,116,117,141,141,135,125,126,145,150,125,149,162,136,116,122,120,137,143,149,154,126,139,156,152,157,152,150,120,122,121,137,120,150,152,147,143,121,152,127,139,137,119,120,118,120,139,139,147,130,134,125,129,161,128,137,119,132,115,133,127,138,124,122,139,134,132,136,130,130,121,129,126,143,145,157,142,149,139,129,133,127,122,117,135,132,134,125,128,120,128,125,130,117,126,128,126,122,125,116,121,124,126,127,117,120,118,112,117,118,122,108,117,131,119,124,117,115,117,118,125,121,130,132,145,109,131
131,123,118,113,115,120,123,121,121,118,125,124,127,122,115,119,119,125,132,127,135,124,130,136,130,139,144,137,119,112,122,141,132,139,128,122,136,138,128,133,127,138,119,108,120,138,135,127,117,124,129,123,130,126,132,138,119,115,121,147,134,135,119,124,126,125,136,126,135,130,127,111,124,139,134,130,133,125,128,127,125,131,136,127,121,110,120,138,129,128,130,124,122,132,119,123,121,129,115,108,118,128,127,123,121,127,116,122,126,129,129,135,117,109,118,131,129,128,118,124,130,123,122,130,118,135,117,113,123,135,122,124,125,126,131,134,126,126,136,135,115,116,119,129,127,115,116,121,124,121,119,117,122,123,110,111,121,133,129,120,115,115,127,129,118,124,126,128,118,112,123,133,127,118,122,127,120,112,122,119,115,116,117,105,121,120,125,121,120,115,109,116,109,113,104,115,102
107,116,131,133,121,116,118,118,120,119,120,117,116,120,115,124,113,121,134,124,118,138,115,128,136,135,142,135,106,118,117,129,129,136,132,137,131,121,126,119,119,137,104,118,117,137,132,121,119,105,131,110,127,125,132,120,111,117,113,138,129,133,131,129,106,115,127,118,112,113,116,116,112,134,127,115,106,122,136,133,120,132,138,126,111,118,111,149,136,139,134,120,128,136,143,133,137,133,109,113,111,145,119,129,134,139,123,115,130,109,115,127,111,120,113,117,116,110,123,111,97,115,116,120,123,135,116,124,109,120,122,115,126,123,121,134,126,132,134,137,115,124,113,134,121,129,129,138,132,120,125,111,112,110,124,123,117,124,117,113,119,112,109,107,107,123,124,115,110,117,117,107,115,108,110,112,110,107,111,115,116,118,109,135,115,109,117,115,117,119,123,123,128,115,127,118,132
136,129,129,128,130,127,127,128,127,128,127,128,128,128,127,136,130,131,131,131,135,131,130,132,135,130,131,134,131,132,128,133,135,131,135,135,134,135,132,127,133,128,128,133,129,129,131,130,130,130,134,130,133,128,132,136,130,133,128,132,133,134,131,128,133,131,132,130,130,132,127,131,127,131,132,136,129,129,134,130,133,131,129,129,129,133,127,135,130,129,127,128,131,128,129,127,124,132,129,130,127,130,131,131,128,130,133,129,130,131,130,131,128,130,128,131,132,129,129,132,130,132,132,130,132,129,128,131,127,132,133,131,131,130,129,127,131,127,128,132,129,131,128,131,133,130,129,134,135,131,135,131,127,129,132,127,128,134,132,128,132,129,131,129,127,131,131,129,127,130,127,129,131,127,127,129,127,131,127,127,127,127,131,130,131,134,129,127,126,128,127,127,130,129,133,131,134
126,128,128,130,127,125,127,126,127,128,128,130,124,131,133,134,130,132,128,132,124,129,127,128,123,126,127,128,130,129,130,126,127,125,124,123,126,130,124,124,121,129,129,130,130,128,130,123,125,124,130,127,131,126,125,132,127,129,131,124,130,120,127,124,129,128,127,123,122,132,128,128,130,129,131,122,126,121,126,128,119,126,125,127,128,130,130,120,124,128,123,124,122,129,124,127,123,127,129,127,132,127,122,130,130,127,133,128,131,130,127,135,127,128,130,128,129,128,135,132,132,122,122,133,122,130,128,129,130,130,124,128,119,123,129,128,129,127,127,131,129,128,132,125,127,125,128,127,133,134,132,130,134,136,126,131,134,130,133,128,130,134,132,131,134,123,124,132,130,128,130,132,122,124,127,129,127,125,131,131,131,128,126,125,126,126,130,131,128,126,126,126,125,124,124,125,123
145,160,162,154,152,152,157,156,157,156,155,156,146,139,152,160,143,144,139,137,139,139,150,131,125,136,132,124,152,161,150,126,129,129,123,124,128,136,142,143,132,123,155,161,154,122,126,133,138,144,134,143,133,126,136,139,152,158,150,124,132,109,123,125,146,135,124,133,149,142,152,158,150,125,132,133,146,133,118,115,129,122,122,142,157,161,149,128,122,124,130,143,124,125,129,122,131,129,157,157,152,129,133,133,128,123,139,145,132,139,148,125,154,155,151,149,142,139,127,139,132,133,128,129,139,136,158,157,155,139,134,137,133,139,141,137,142,134,147,142,157,154,147,132,143,134,138,129,128,142,129,144,133,152,159,154,144,138,139,143,132,133,130,138,131,136,132,144,152,149,146,145,131,145,147,138,148,150,148,151,149,123,141,143,143,139,144,147,150,152,148,147,135,149,130,125,135
134,125,134,104,110,108,112,109,108,107,108,105,111,110,125,119,115,99,112,109,109,110,112,124,105,108,122,115,112,102,98,113,103,103,113,104,112,128,117,120,120,121,113,99,108,128,121,119,121,124,122,120,128,117,120,121,119,102,110,125,134,116,124,127,115,115,122,120,128,117,117,105,109,118,128,120,124,128,123,125,123,134,117,121,116,99,110,122,136,134,128,115,126,137,145,142,136,135,116,109,108,134,129,123,127,135,120,115,129,109,115,112,115,110,109,117,121,120,135,120,121,113,126,109,122,122,117,112,108,105,120,133,127,126,115,128,127,133,113,120,115,106,103,148,137,139,131,122,133,123,123,109,112,111,118,105,98,108,107,116,107,102,103,111,108,125,121,106,115,115,112,105,117,119,111,100,113,115,111,113,107,115,127,126,123,109,116,115,117,115,122,121,113,116,112,115,118
133,139,144,129,131,130,133,131,133,135,133,131,135,132,134,146,137,141,134,135,139,144,132,131,138,141,135,131,128,131,142,130,134,139,138,137,135,135,138,136,136,130,128,132,137,129,130,135,143,136,134,133,137,135,137,129,120,131,136,134,129,137,138,133,131,137,136,135,136,127,125,131,130,136,137,139,129,139,141,131,138,130,130,145,128,130,132,133,129,129,136,134,139,133,127,129,125,128,123,129,134,128,138,127,131,124,132,129,132,132,136,128,124,128,132,137,135,134,138,133,136,141,139,131,142,132,124,130,134,133,136,138,138,134,138,128,129,124,130,124,126,127,133,129,136,129,133,131,124,135,128,135,118,130,123,126,128,123,126,132,132,133,130,129,131,133,134,127,123,122,127,129,136,139,132,131,133,135,131,128,125,124,127,125,130,129,135,130,124,124,124,124,129,134,125,128,122
120,121,126,116,111,112,115,115,113,112,115,113,111,120,112,135,120,122,125,133,130,130,115,117,130,139,139,130,115,129,124,127,130,139,126,129,137,129,128,116,120,135,117,130,123,133,134,120,108,107,139,112,139,146,139,130,117,124,119,130,130,132,136,132,110,113,129,123,124,118,112,120,117,125,129,117,107,116,128,141,116,138,125,145,115,122,118,138,148,143,130,115,120,132,141,141,144,144,120,119,120,138,121,135,136,135,138,109,135,113,128,130,115,125,122,110,110,116,127,106,124,113,115,118,119,142,117,126,120,125,118,115,117,129,130,142,132,139,139,137,121,124,130,142,118,145,139,135,133,115,130,122,124,120,121,122,138,132,126,115,127,125,123,110,116,130,128,126,116,113,117,119,117,115,115,112,115,118,117,112,109,130,117,119,115,121,121,116,112,112,111,116,123,113,123,118,118
116,123,121,120,126,132,130,130,130,128,130,131,133,128,124,116,133,134,134,132,130,132,132,133,125,127,128,123,121,116,122,123,126,122,122,123,120,120,120,131,127,121,124,120,126,122,123,124,126,135,118,127,120,118,123,127,132,122,127,123,121,116,107,116,127,121,116,124,123,130,129,127,127,125,123,127,128,132,115,116,134,120,121,119,126,124,124,120,120,116,120,136,131,124,116,119,120,115,123,126,121,121,126,116,120,119,115,131,120,128,113,120,126,125,124,128,127,122,126,131,127,134,135,122,134,115,125,127,125,120,128,122,139,122,119,118,119,119,112,123,125,127,117,125,132,116,115,123,119,121,123,119,121,126,123,127,120,119,120,127,116,120,120,129,122,120,120,115,127,128,128,126,126,137,134,129,135,132,123,127,127,123,131,119,128,129,125,123,124,124,122,119,112,125,116,127,118
118,128,123,122,121,126,124,126,128,129,129,127,126,131,124,121,123,129,132,139,129,129,124,128,124,134,126,130,125,125,125,131,131,131,134,125,132,128,129,127,121,128,125,126,125,128,134,125,120,123,125,122,132,132,128,127,132,124,127,134,131,135,136,126,127,128,132,124,128,125,127,124,126,134,132,123,124,117,127,130,120,129,129,134,124,128,125,137,138,130,133,125,122,128,130,135,132,130,123,128,125,130,122,130,134,132,131,120,130,122,129,127,127,125,123,125,123,123,121,122,119,120,121,129,121,137,127,121,122,130,122,130,122,128,129,128,132,133,127,127,126,122,124,135,121,134,135,128,124,129,133,124,125,117,131,125,125,126,126,122,123,127,126,123,129,127,126,122,124,123,125,119,119,120,124,123,125,118,129,128,125,130,129,124,126,127,129,128,125,124,122,120,119,116,120,126,119
126,129,133,134,135,128,131,131,129,127,130,130,133,132,132,133,135,134,135,134,134,132,129,134,133,127,130,130,134,136,128,125,133,130,132,131,129,131,128,128,139,131,134,136,130,131,129,137,129,129,126,129,129,129,127,131,128,136,131,126,133,129,132,131,127,123,127,137,124,126,128,135,131,126,129,125,126,135,129,126,138,128,129,134,129,135,131,129,128,130,129,129,125,124,129,132,125,126,132,135,132,135,136,129,130,127,128,127,127,131,123,132,130,135,133,128,128,127,130,130,124,136,134,131,136,126,129,138,133,133,136,129,136,133,125,122,128,128,130,129,133,137,132,128,128,125,126,128,132,133,132,133,128,132,134,134,134,133,129,128,132,129,127,127,129,133,134,130,130,128,130,130,138,124,127,130,127,131,128,125,127,128,127,130,126,129,130,127,127,125,124,125,128,132,126,123,128
107,120,127,121,120,118,119,116,113,118,119,115,116,120,117,129,130,127,136,139,131,139,123,130,145,136,141,132,116,126,125,139,142,156,136,145,154,144,139,123,124,132,112,120,126,136,148,124,131,121,154,134,150,143,141,139,112,115,124,143,159,159,151,143,124,128,139,123,139,126,118,116,121,138,144,131,118,119,147,135,124,136,145,127,118,118,121,135,148,148,138,129,131,126,154,145,141,137,116,113,122,136,128,145,139,148,145,119,139,119,132,129,116,121,123,135,139,120,113,112,123,116,120,118,124,141,115,128,121,137,124,121,118,122,133,139,136,130,132,125,116,123,121,144,141,148,142,141,147,122,135,120,102,104,130,111,120,126,117,124,125,115,122,113,102,120,120,97,113,103,119,112,122,107,115,119,121,124,120,113,111,93,109,99,110,109,118,121,118,111,107,115,117,109,112,99,103
129,121,119,117,115,120,119,118,120,120,118,118,117,117,118,122,122,113,110,111,111,115,117,115,111,111,112,110,116,118,116,115,115,118,109,115,117,121,115,117,109,115,115,120,121,111,116,108,115,117,115,122,115,113,110,106,116,120,120,108,106,115,117,115,121,115,112,110,113,113,116,122,119,111,115,116,121,112,112,112,108,112,110,108,118,122,120,112,110,108,105,115,113,105,109,108,111,112,117,121,119,109,108,104,106,108,112,117,106,110,111,111,116,119,119,113,111,111,111,118,112,109,109,103,110,110,115,117,121,112,108,107,108,115,107,109,113,111,109,107,115,116,117,108,116,105,105,107,109,110,108,112,107,112,117,117,115,104,109,119,108,105,106,118,108,115,113,117,116,116,117,118,108,120,118,116,117,115,119,120,119,112,115,116,116,116,119,118,119,116,117,117,117,117,118,116,113
137,152,147,142,146,143,144,144,142,142,143,146,146,135,147,146,145,136,131,128,137,130,144,137,133,130,121,126,147,139,141,127,127,121,132,132,126,131,131,136,143,123,147,142,145,123,123,143,142,141,127,137,126,125,132,134,151,144,144,125,126,122,128,123,141,137,129,144,133,136,145,142,145,129,123,133,143,141,133,124,139,125,121,136,144,142,145,125,124,124,130,141,137,128,126,127,131,132,145,141,145,131,145,128,130,125,132,139,131,143,139,133,144,139,144,146,139,139,146,148,146,143,142,137,142,133,144,142,147,141,143,144,139,145,136,126,133,133,139,137,145,141,146,136,143,139,139,135,133,147,139,144,139,150,146,137,145,144,148,145,144,148,138,147,149,144,144,144,141,144,147,145,143,146,143,141,144,142,139,139,138,148,143,126,147,145,143,144,142,139,136,137,134,142,134,145,130
127,116,116,121,127,129,129,129,128,129,130,128,134,131,122,123,131,129,125,127,132,120,133,129,127,125,118,121,126,122,130,119,120,121,122,119,118,113,112,137,136,120,127,117,128,115,117,128,134,132,112,129,116,115,111,110,127,121,129,117,116,119,118,117,121,125,115,128,123,125,127,123,130,125,112,132,130,132,125,124,134,123,125,122,129,118,130,122,118,123,124,136,134,127,117,120,121,126,128,116,129,120,130,119,123,122,112,128,116,125,123,118,128,116,127,128,126,126,115,126,120,132,136,123,136,120,129,118,129,123,132,128,134,127,121,119,115,120,128,124,129,115,127,120,130,126,129,125,123,121,112,125,122,128,121,117,124,125,127,133,118,118,115,129,121,126,126,130,132,126,128,131,132,137,134,127,127,132,136,134,130,127,131,117,126,125,135,132,130,131,128,125,119,127,115,131,121
122,129,135,117,117,120,122,122,122,124,123,117,124,121,126,134,126,123,117,123,121,121,120,108,120,115,125,124,118,126,120,127,131,122,124,123,121,118,131,127,136,115,116,131,122,107,122,134,126,133,117,126,117,118,137,129,121,125,119,107,113,108,102,106,118,115,119,133,130,136,116,127,119,112,125,125,125,135,109,105,133,109,111,118,122,128,118,113,106,105,125,133,121,115,115,118,118,104,121,125,119,103,133,112,108,106,113,128,112,119,129,121,119,129,118,121,117,117,120,123,127,133,133,123,136,115,121,130,116,117,134,123,133,134,117,121,125,106,121,117,119,132,117,102,122,115,122,118,116,118,132,129,120,123,122,134,117,109,121,125,120,142,138,124,128,134,133,126,117,125,125,115,129,127,126,122,127,133,128,125,119,145,135,138,130,131,122,123,120,121,122,124,126,128,121,138,131
144,130,126,119,118,123,117,118,120,122,123,120,128,126,123,135,131,123,120,120,112,125,116,120,128,115,116,120,116,113,129,124,115,118,121,119,123,133,126,116,144,117,119,123,120,127,116,142,124,124,121,123,111,117,116,126,124,122,124,113,115,115,126,126,123,125,119,136,113,123,120,120,123,112,112,108,116,136,116,118,141,115,119,120,117,121,123,103,119,120,116,122,113,127,123,120,127,119,122,125,126,116,142,106,117,115,99,107,110,108,115,115,117,125,124,112,112,112,123,120,125,134,141,122,139,110,118,126,120,110,141,118,141,130,118,117,116,123,128,113,120,118,133,118,113,126,126,119,121,118,119,119,118,126,121,116,139,107,112,115,115,129,130,117,124,132,135,125,115,117,116,107,141,123,112,115,116,122,118,115,112,115,115,118,115,109,123,117,115,118,119,116,126,127,118,110,115
121,129,126,139,144,150,150,148,149,147,151,148,134,152,152,121,138,149,143,139,137,139,150,137,117,139,138,130,137,127,139,126,125,135,125,112,129,129,113,149,122,132,145,132,144,143,137,123,139,143,126,144,135,128,130,128,152,139,152,133,145,134,133,130,146,130,121,120,141,136,154,139,149,125,135,143,154,124,120,129,123,132,136,138,143,132,149,131,143,132,141,143,139,139,130,137,133,139,142,131,148,139,123,143,135,141,122,150,137,150,155,146,146,129,151,144,157,144,119,152,124,125,125,126,127,137,143,128,151,149,120,135,125,127,136,142,143,144,144,135,141,128,139,142,139,133,134,139,144,152,139,152,152,138,135,125,137,155,148,159,156,121,125,152,139,130,130,147,143,138,144,152,119,157,156,149,151,152,160,154,148,128,145,105,146,145,152,149,145,139,129,127,113,128,108,145,115
142,129,133,126,127,124,122,123,124,123,122,121,121,122,132,135,131,126,124,126,127,127,119,117,120,122,118,118,129,128,125,119,118,117,122,120,118,121,122,115,132,115,123,130,122,117,115,134,119,119,113,115,124,120,113,115,122,128,121,116,118,115,118,117,118,119,119,132,121,118,116,126,122,118,119,117,117,128,121,118,128,121,117,121,117,127,123,116,112,113,116,119,108,117,115,116,122,123,121,133,122,117,135,115,118,121,124,112,121,115,115,124,118,130,121,118,119,117,127,119,130,127,133,120,128,118,115,129,122,125,132,123,127,132,119,115,119,122,124,117,120,125,125,125,117,125,125,116,119,121,122,120,116,122,125,122,130,124,122,117,118,125,123,117,127,132,132,126,119,121,119,120,133,122,116,121,116,121,122,121,122,124,121,128,123,126,126,121,120,120,126,128,136,125,139,118,132
133,126,129,133,130,124,126,126,126,127,125,125,121,122,132,127,122,127,128,126,125,124,126,125,128,125,130,131,129,131,123,125,127,129,128,130,124,129,125,125,116,128,129,131,126,128,128,118,125,125,126,123,126,126,130,124,130,129,125,126,126,129,131,128,125,126,127,118,126,124,127,128,126,126,127,125,125,120,125,127,116,128,128,128,127,134,126,125,126,126,127,126,126,130,129,129,130,124,129,131,126,125,118,128,128,129,127,124,128,127,132,130,128,133,126,126,129,126,125,127,127,120,119,129,120,127,127,134,125,128,117,126,118,121,125,129,128,125,126,127,128,135,126,121,126,120,120,127,125,125,127,130,127,129,133,134,130,128,129,127,129,129,129,126,129,122,120,130,128,126,125,127,120,125,127,127,123,126,127,125,126,133,124,134,124,127,128,128,126,127,131,130,133,130,135,130,133
141,119,122,113,111,112,111,110,112,111,115,110,88,118,115,121,118,122,118,121,111,122,110,108,119,123,119,122,115,115,121,119,119,118,116,116,119,125,117,108,94,123,112,115,115,122,122,107,105,96,120,111,120,112,113,117,109,115,111,113,120,110,113,116,115,113,121,107,106,116,111,110,111,112,118,108,110,89,115,122,90,116,113,121,112,112,115,118,121,121,115,100,106,123,122,119,119,122,115,110,115,125,102,118,117,117,120,107,120,104,113,124,112,118,115,112,112,110,115,110,121,88,86,115,88,123,112,119,115,117,98,111,87,117,121,123,120,120,120,117,112,116,118,121,115,121,116,112,117,112,118,108,122,108,108,113,121,112,113,107,115,115,117,112,115,117,113,122,115,111,112,112,95,103,112,111,102,94,116,116,118,122,113,127,115,117,117,118,116,117,123,122,127,102,131,116,126
133,118,109,139,135,129,129,131,129,130,131,130,130,129,130,122,125,141,137,131,131,142,129,132,137,134,132,146,133,128,126,138,145,137,139,144,135,139,144,128,119,129,131,126,128,127,133,124,129,132,134,134,127,133,136,134,126,127,124,129,127,127,120,133,134,132,135,125,132,130,126,126,122,138,134,133,134,124,128,123,124,130,127,117,126,126,127,130,121,121,123,126,123,131,123,127,131,125,129,127,128,120,126,129,124,127,138,131,128,131,125,135,128,127,132,131,133,138,150,130,139,123,118,135,120,130,129,126,125,137,123,137,125,125,139,139,130,130,128,131,131,125,134,129,137,134,136,131,134,133,143,131,139,129,121,126,130,130,133,128,142,138,135,132,139,125,125,125,129,132,127,131,125,129,131,137,126,126,132,131,135,133,132,146,133,134,134,132,135,133,136,136,137,128,136,128,139
141,128,139,126,117,112,116,115,115,115,110,115,117,128,128,150,122,132,116,127,120,123,112,106,130,121,119,113,128,130,135,113,123,126,113,125,126,126,133,111,134,122,123,130,126,124,125,136,125,120,119,107,124,126,118,124,115,123,117,120,122,122,127,125,115,118,123,129,122,123,112,123,111,122,128,127,118,124,117,111,135,120,136,133,118,128,116,111,115,119,124,109,104,105,125,122,128,128,125,125,121,115,133,127,129,119,121,108,119,113,118,135,116,132,120,116,115,115,130,115,128,132,139,129,131,115,113,136,123,127,136,123,128,129,122,132,141,127,127,126,115,136,125,124,122,126,134,116,130,129,145,120,126,116,118,126,125,121,115,115,116,117,111,109,125,131,132,116,112,116,108,111,127,121,112,117,116,115,115,115,120,115,112,129,115,117,109,115,117,118,122,122,125,121,126,111,127
111,134,124,138,136,141,139,141,139,139,138,143,138,132,134,122,133,124,124,118,132,124,142,141,129,133,128,139,139,139,117,139,137,127,136,139,127,136,136,143,122,133,141,135,132,132,134,128,139,139,132,149,127,130,138,134,141,138,135,133,128,128,139,135,143,135,130,126,132,139,145,139,139,137,134,142,149,125,147,137,125,134,132,123,143,135,141,135,131,135,139,147,145,143,139,139,134,128,141,134,139,130,125,130,130,136,133,149,127,144,129,137,144,128,139,145,141,139,133,146,143,128,122,134,125,137,147,126,137,130,123,135,121,132,141,138,130,132,136,130,142,131,130,129,146,129,126,135,132,139,125,129,128,137,135,133,132,122,130,139,127,132,137,144,134,132,130,130,139,139,145,134,124,136,141,136,138,130,135,139,139,135,143,138,142,143,134,139,143,143,146,144,137,139,134,144,139
126,133,127,137,139,139,139,139,137,143,139,141,143,127,139,130,132,131,115,112,128,102,139,127,118,102,104,116,132,123,119,111,106,102,107,104,92,102,113,131,139,115,134,127,133,115,107,133,127,139,110,128,100,104,112,117,138,132,133,103,106,102,98,91,128,120,105,129,115,147,137,135,135,115,118,124,133,131,112,104,137,100,112,115,138,129,134,115,102,106,117,137,129,119,109,105,115,124,134,124,135,115,136,105,100,104,95,132,106,128,119,124,136,126,137,132,122,121,120,135,124,139,138,125,139,113,133,122,134,130,132,121,132,130,121,109,116,113,137,116,131,125,127,118,135,115,118,117,109,123,117,130,128,145,143,129,127,127,130,131,115,138,132,134,128,133,134,137,137,139,141,139,137,146,139,131,136,143,138,139,141,133,137,118,139,144,138,139,139,137,129,133,120,139,128,137,123
120,122,119,124,125,123,123,124,123,124,123,121,116,127,120,121,127,129,132,128,125,130,124,124,120,133,131,126,121,127,127,128,127,127,124,120,127,123,124,123,118,131,121,125,126,129,135,119,120,122,126,121,128,129,125,123,119,126,125,129,129,123,119,122,119,122,125,117,124,119,125,125,124,126,127,121,120,117,122,125,123,126,125,124,124,128,124,128,126,125,118,121,116,123,126,122,123,126,124,127,125,128,120,127,125,127,124,120,126,122,124,122,124,128,124,124,126,126,126,123,122,122,121,124,122,126,125,127,124,127,121,124,124,115,122,124,122,122,120,124,123,126,125,122,122,118,123,124,125,121,124,123,126,121,122,125,124,130,127,125,128,124,124,126,126,115,115,126,125,126,125,126,122,119,125,129,125,121,126,128,130,124,124,124,125,123,125,127,128,126,124,126,124,122,121,126,125
131,124,113,124,126,127,124,125,123,127,125,125,128,119,129,117,123,113,110,107,119,115,130,127,122,115,112,118,128,124,109,118,119,109,118,117,109,118,116,129,131,113,129,123,122,110,111,131,126,136,113,133,110,111,110,115,137,124,126,115,111,124,126,118,132,129,118,130,121,127,132,126,128,124,113,126,137,131,123,117,133,113,117,115,131,124,129,116,111,112,115,134,133,117,113,110,107,105,127,126,126,111,129,104,106,112,110,131,111,129,121,115,130,123,128,129,124,125,115,128,121,132,131,124,134,108,133,124,127,110,129,122,130,127,121,113,115,107,115,108,129,123,122,106,120,102,103,110,106,122,108,118,109,112,128,126,121,108,112,128,110,113,112,126,113,128,128,120,125,131,131,125,130,130,132,127,132,132,126,125,125,124,131,121,127,129,130,126,127,129,128,130,126,127,126,130,129
141,123,117,126,123,123,122,123,122,121,123,126,123,121,122,131,119,123,120,122,110,119,122,119,121,126,122,123,129,131,123,119,125,119,118,126,118,120,128,122,135,119,130,133,123,118,120,134,115,123,119,123,117,123,124,122,135,133,122,121,123,120,117,120,121,123,122,133,122,127,129,134,123,124,128,127,125,130,122,119,132,121,124,131,131,133,126,126,127,125,123,121,123,124,119,123,127,126,131,136,126,120,136,125,123,122,122,122,124,119,128,128,130,138,127,119,122,118,128,119,127,131,128,125,127,124,134,139,127,125,131,118,128,132,126,120,127,119,126,124,133,137,133,130,119,130,129,120,121,125,126,123,123,123,142,134,135,119,116,122,122,123,122,120,126,132,133,122,129,129,123,121,131,129,123,121,122,120,121,120,121,138,123,135,123,127,124,120,121,124,129,126,127,127,130,130,126
119,121,124,117,118,117,117,119,118,118,119,117,100,122,121,127,121,122,121,125,115,126,118,115,122,126,120,119,118,123,125,115,115,119,117,121,117,121,121,115,95,119,118,122,122,116,118,104,115,105,118,116,118,118,121,115,118,120,118,115,120,120,119,115,117,122,121,105,112,116,118,118,117,121,121,117,118,92,117,120,91,118,122,125,119,120,118,119,118,121,115,106,112,120,122,123,123,119,118,121,119,122,104,122,117,121,118,115,120,113,121,118,120,126,119,117,113,120,123,118,121,90,91,121,87,122,119,128,118,117,97,116,86,115,117,121,119,116,121,117,121,127,123,124,115,118,124,122,120,122,122,121,125,121,122,121,123,122,119,116,123,119,120,122,123,116,112,125,118,119,117,121,92,111,118,121,111,97,120,120,123,126,119,128,120,120,121,120,119,122,128,124,127,115,130,122,124
134,115,118,121,127,126,123,125,122,120,116,120,123,120,119,115,121,120,115,129,123,116,123,125,128,133,127,121,120,119,107,121,115,125,111,117,116,118,112,122,133,113,118,126,112,113,112,132,115,126,126,124,117,113,115,129,110,124,116,115,116,131,115,115,116,122,116,128,119,121,111,120,113,120,120,121,120,135,116,119,127,117,124,128,111,115,116,113,125,123,128,124,111,120,115,120,117,116,112,118,117,116,135,128,120,106,121,121,115,123,123,119,111,115,112,124,116,115,118,126,137,136,134,112,138,115,107,117,115,107,129,121,134,126,120,115,119,115,119,103,113,119,111,120,113,116,122,107,115,125,117,122,116,123,120,116,110,110,110,121,122,119,120,123,121,124,126,108,110,118,111,115,129,120,119,118,126,124,115,121,118,103,110,126,111,128,122,123,121,123,123,121,125,125,130,111,116
133,115,120,127,123,115,121,121,117,115,120,121,128,124,113,115,109,110,112,102,111,103,118,108,122,109,108,112,115,109,108,125,125,111,105,106,117,116,122,117,137,112,116,124,110,111,109,139,116,124,115,120,98,103,106,108,118,121,119,108,104,105,112,108,117,118,108,133,99,113,115,118,113,112,109,107,116,139,98,99,137,90,91,103,113,107,113,100,95,96,98,112,110,110,93,93,79,93,117,106,115,103,137,97,97,91,104,120,93,111,102,97,116,103,115,118,111,100,93,111,107,135,136,100,141,96,118,104,112,109,139,97,130,129,106,93,95,86,95,103,116,102,117,79,96,90,99,91,98,102,108,110,105,128,106,103,121,110,110,119,102,121,127,120,112,128,130,125,119,115,119,118,136,122,118,115,124,135,126,128,126,113,120,133,121,120,123,128,127,127,123,123,126,130,131,121,131
111,128,124,128,130,132,133,132,133,130,130,133,142,132,130,115,131,127,132,123,135,132,128,132,139,126,128,129,128,124,125,134,136,125,132,129,123,125,127,129,143,123,129,124,126,122,123,134,139,135,127,130,124,120,122,131,134,127,127,133,130,134,137,133,127,126,129,133,122,132,129,129,130,130,132,134,129,146,143,130,147,125,132,125,126,128,130,131,125,128,137,137,141,135,125,125,122,119,128,128,132,126,137,120,123,125,123,126,125,129,125,131,126,125,130,128,134,129,126,129,127,148,147,128,147,130,126,124,127,123,139,132,148,128,126,121,120,121,130,126,127,125,131,124,135,126,129,126,121,120,123,123,121,122,121,125,134,119,122,128,122,129,133,124,123,127,130,129,126,132,130,127,139,130,126,126,130,137,132,129,130,135,127,118,126,127,130,127,128,130,129,129,130,137,127,133,127
135,123,123,138,134,122,130,130,128,128,125,125,118,127,141,116,119,121,129,135,131,125,124,136,133,134,142,141,132,126,117,142,136,139,143,144,143,162,139,126,121,144,130,129,123,147,152,126,135,125,151,137,157,152,144,156,133,131,121,157,152,143,152,160,135,143,167,128,138,127,136,132,128,151,155,139,135,124,152,157,123,157,151,131,133,133,128,148,152,154,144,124,135,145,143,143,137,152,137,139,128,139,127,149,143,147,161,132,150,133,129,139,138,141,126,132,136,132,131,126,135,124,119,133,117,148,138,144,124,142,130,138,121,129,147,143,127,143,133,149,139,143,123,142,132,142,136,139,152,141,138,126,136,132,136,139,128,145,136,123,139,138,151,130,139,129,130,129,129,136,127,128,125,127,130,128,125,134,130,128,128,148,137,138,134,135,132,129,130,135,139,141,147,134,146,145,152
117,119,120,125,121,117,113,117,116,117,116,117,113,108,124,126,121,110,105,112,111,102,115,115,108,109,112,117,115,119,111,116,110,113,111,110,116,116,113,113,113,116,116,120,112,120,117,117,109,111,113,120,119,118,120,122,117,122,115,124,126,120,117,115,119,122,120,117,121,123,119,119,116,126,116,117,121,107,116,121,111,125,130,115,120,119,115,121,121,123,118,115,120,123,123,130,135,122,115,124,115,121,116,115,120,125,118,116,123,119,123,125,119,128,117,118,119,121,125,115,124,112,109,117,115,118,121,128,115,120,112,124,110,121,115,122,120,121,115,121,115,128,115,123,123,128,120,117,124,122,126,120,122,128,119,126,111,119,123,120,125,129,124,123,125,122,120,111,113,124,112,115,112,120,120,119,115,112,117,118,116,105,109,124,112,107,115,115,117,118,120,124,126,118,130,111,119
105,129,126,119,120,129,127,129,129,124,128,127,130,125,121,127,128,115,118,125,130,122,134,135,120,135,121,125,115,123,133,112,113,123,130,122,127,137,112,135,120,127,118,123,128,124,112,128,135,127,124,141,127,138,126,118,121,124,128,119,121,128,146,128,141,144,126,134,132,131,131,123,131,121,127,143,143,122,129,138,115,137,135,126,127,120,125,122,128,141,137,132,131,133,138,142,134,129,118,129,127,131,125,134,136,136,142,142,134,137,123,121,127,132,129,137,132,142,144,146,143,119,121,138,110,127,120,127,126,120,124,139,121,131,142,138,125,131,123,130,116,131,126,124,132,131,136,128,146,152,132,131,132,151,115,139,113,126,130,133,133,134,135,139,138,128,126,120,113,130,127,124,124,125,129,129,128,119,128,130,123,128,123,127,124,131,129,127,127,130,132,129,129,130,134,130,120
107,117,115,106,111,120,117,118,119,123,121,119,126,124,112,112,127,119,133,133,136,130,123,135,126,139,141,139,115,111,119,132,124,133,141,129,133,129,117,127,124,139,112,107,112,138,135,127,130,126,129,123,137,141,138,128,113,109,116,131,134,134,126,128,117,125,128,126,137,119,122,108,119,130,123,128,122,126,135,143,126,145,133,135,115,108,112,137,136,139,134,132,139,146,142,139,136,138,109,109,110,139,127,144,139,139,130,125,139,128,130,134,111,103,111,128,129,129,123,123,117,122,125,125,124,137,110,102,116,126,125,129,125,124,127,136,130,144,131,132,108,102,108,139,131,141,129,137,136,124,124,125,134,120,106,106,107,131,124,122,134,113,117,121,117,126,126,133,115,117,118,125,125,119,119,121,122,131,120,118,120,122,119,113,121,120,120,119,120,119,120,119,118,123,116,118,118
138,155,136,139,143,159,156,155,154,158,155,152,144,156,139,143,157,143,137,136,137,145,164,152,155,138,142,150,154,152,137,160,160,138,132,155,143,147,150,168,129,141,152,139,158,143,147,121,166,155,146,177,134,131,139,161,164,149,158,158,131,129,119,129,165,154,136,126,150,168,170,152,163,156,145,154,162,127,134,128,128,123,122,129,170,148,164,142,137,129,138,160,159,132,128,126,132,126,157,149,157,132,122,134,132,125,141,167,121,161,152,150,161,136,161,168,159,138,121,152,139,135,132,149,131,151,165,129,157,154,131,138,127,125,138,132,139,129,143,147,160,130,152,127,158,123,131,136,142,164,142,156,148,170,145,136,142,143,152,164,147,152,159,165,152,124,126,172,162,146,165,165,129,166,165,164,171,155,155,150,150,146,164,134,157,164,160,155,154,149,146,150,143,159,143,161,141
139,143,131,143,144,141,142,143,143,139,139,139,136,136,144,132,135,131,129,132,130,130,137,135,139,137,135,143,142,142,131,133,133,133,134,138,131,139,136,139,127,138,141,142,137,139,134,125,139,136,137,145,130,133,139,138,146,144,138,141,136,130,137,137,147,146,135,127,141,143,141,142,139,135,139,139,144,120,135,130,124,134,134,128,139,139,137,132,133,136,141,139,141,134,133,135,136,137,139,144,139,130,126,128,129,126,129,142,128,143,142,141,141,145,139,142,137,137,133,143,142,133,133,138,128,135,141,147,138,138,127,138,126,129,134,129,136,133,136,134,141,149,139,138,143,135,133,130,136,136,133,136,138,139,136,150,136,132,138,135,130,139,133,137,138,129,128,137,139,147,139,139,129,139,137,137,139,139,137,139,144,138,143,147,145,139,136,138,142,146,145,145,139,143,145,141,147
137,129,141,147,143,132,137,138,139,139,135,135,128,123,130,148,122,127,136,129,124,130,129,128,125,124,112,110,130,159,122,115,115,119,127,116,121,121,121,122,136,113,127,154,117,125,121,135,122,121,124,117,124,117,124,113,126,144,123,118,125,132,126,131,116,116,119,134,121,109,124,141,126,115,118,116,122,133,132,130,136,117,128,116,132,150,128,110,110,116,102,120,117,132,117,115,118,119,131,146,131,120,131,116,124,115,121,112,121,119,122,111,132,160,128,117,121,120,119,121,113,131,132,125,131,115,136,162,131,122,130,125,126,133,122,115,118,113,131,115,135,160,131,110,98,113,125,108,105,111,113,125,138,108,135,157,139,125,123,122,122,108,104,117,120,134,136,109,128,137,131,126,134,130,123,120,119,122,125,130,131,141,131,131,132,130,128,133,133,135,138,136,143,127,145,131,142
139,120,127,141,130,113,118,117,117,117,115,115,106,134,132,139,111,125,119,126,119,139,108,122,165,141,134,131,138,139,116,126,131,135,141,150,136,146,158,116,119,134,132,142,119,138,138,127,132,111,136,123,136,129,131,136,121,139,115,136,139,143,146,139,132,139,146,124,129,134,116,136,112,135,141,135,124,120,150,141,128,142,151,128,116,141,119,129,132,132,136,111,130,133,139,135,133,128,135,137,122,130,125,130,139,129,148,115,130,131,122,135,125,142,120,123,131,128,154,130,148,126,118,134,117,126,131,154,120,137,127,131,120,130,135,134,144,132,112,132,136,147,132,131,127,136,125,122,142,136,149,122,127,135,142,143,144,132,131,115,137,157,149,124,143,129,130,124,130,126,113,119,125,112,115,125,112,109,117,118,123,120,124,148,118,115,118,122,122,120,124,125,130,125,134,121,139
132,127,131,125,124,126,124,123,124,124,128,124,122,127,130,130,126,135,144,141,137,136,125,135,144,142,138,135,124,131,141,148,144,143,139,146,143,139,138,125,121,138,125,128,131,142,143,132,117,117,138,128,141,143,132,136,126,126,129,135,138,132,130,141,120,128,139,133,130,126,121,125,127,132,133,130,118,119,139,139,122,138,135,139,125,129,127,139,141,145,139,127,128,136,139,142,143,137,125,127,128,136,131,139,147,143,142,120,139,125,129,134,123,132,129,124,126,129,134,121,130,122,118,124,124,139,126,136,126,130,127,139,125,136,134,144,130,138,128,131,126,134,133,139,130,141,139,135,135,128,133,133,132,129,134,131,133,136,129,125,137,135,134,124,129,136,134,127,120,123,125,128,128,130,125,122,125,121,116,117,118,132,126,115,121,125,122,119,116,113,111,115,115,112,118,127,115
131,128,116,132,129,126,125,128,125,126,125,131,129,117,131,113,116,111,129,120,131,132,126,139,137,139,139,128,135,126,113,139,137,144,147,146,142,152,155,136,129,137,132,122,120,139,139,126,138,136,139,139,139,145,142,135,129,124,119,142,135,137,141,146,138,143,138,127,127,127,128,121,121,143,136,138,133,125,137,141,128,136,135,118,129,122,122,138,141,138,143,131,133,135,141,136,133,138,130,124,121,136,132,142,133,145,139,134,136,134,128,138,129,121,123,136,132,137,127,127,137,128,128,133,121,136,130,123,122,143,131,131,130,127,139,139,132,142,133,139,133,126,120,125,134,136,128,144,146,133,137,122,139,135,123,129,119,137,135,125,130,131,132,124,128,125,126,113,121,129,127,116,131,119,121,125,119,118,109,115,117,133,124,115,123,117,106,113,118,118,122,122,124,119,126,130,117
108,133,124,149,149,148,149,150,151,146,148,149,128,145,142,126,145,134,133,133,141,129,147,144,132,145,132,141,144,149,139,145,138,139,137,130,139,127,131,148,111,135,145,151,145,129,132,115,142,138,132,143,133,129,131,129,135,152,148,133,132,143,127,120,146,146,131,115,146,134,143,151,144,142,129,149,147,104,133,132,108,135,129,124,141,145,145,139,134,132,131,139,136,124,128,127,124,124,144,146,145,129,111,123,131,131,138,146,128,147,131,132,143,141,148,144,141,139,131,143,129,107,108,134,107,129,144,138,143,129,110,137,112,125,132,128,133,131,122,132,146,139,142,129,142,118,120,125,131,133,138,135,130,141,137,141,137,137,142,143,133,132,131,146,139,122,118,136,149,138,149,139,110,128,143,144,136,124,143,146,147,138,145,142,144,139,145,147,150,152,149,149,139,139,138,148,139
116,111,125,110,115,116,113,111,112,117,117,118,128,102,111,119,106,107,117,112,126,123,122,135,139,127,125,129,111,116,111,133,136,129,139,135,134,142,149,119,142,123,105,109,111,136,131,133,118,124,122,121,130,119,131,131,119,112,108,128,131,119,116,124,132,132,138,132,115,125,115,115,111,123,124,113,120,133,135,125,145,127,122,102,117,113,111,117,125,116,119,120,120,121,132,127,131,120,109,117,108,119,130,119,127,122,118,117,131,126,118,110,110,110,106,125,126,125,134,119,123,135,142,137,133,115,111,108,105,120,135,119,141,131,131,127,139,128,136,133,107,111,102,115,127,131,124,127,131,125,133,119,131,124,109,115,97,120,129,121,127,134,132,110,124,129,132,98,106,106,104,110,139,121,117,118,121,121,103,102,100,106,116,127,116,113,99,102,110,112,116,119,115,125,116,110,112
132,132,127,134,132,124,127,127,125,124,125,125,123,126,142,133,131,126,120,113,125,131,125,134,139,127,136,127,130,127,117,136,138,127,126,139,137,137,137,134,130,126,118,125,117,133,136,128,130,125,139,135,135,136,139,130,120,123,117,131,132,126,128,135,135,137,142,130,124,128,120,120,117,138,134,133,127,126,139,135,127,127,132,123,121,119,116,135,134,134,129,134,136,139,138,139,136,147,120,120,115,127,127,128,127,137,137,136,142,128,126,136,119,116,113,131,135,116,115,134,143,123,130,135,130,132,122,117,115,130,133,118,125,132,131,135,127,139,145,142,125,120,115,138,132,139,137,146,143,134,142,131,131,144,131,124,118,128,128,129,128,138,141,133,125,131,131,134,132,134,131,129,130,127,129,133,123,126,131,131,132,136,131,141,134,141,130,130,129,131,138,138,146,137,144,133,147
122,132,122,129,132,134,133,135,134,136,135,132,126,133,119,122,126,128,124,122,133,127,133,130,125,132,127,124,125,122,124,123,123,125,129,124,122,123,121,131,119,122,128,126,127,118,119,120,133,130,118,130,118,120,128,119,127,126,128,119,120,129,125,120,137,134,122,120,123,124,130,128,128,125,120,128,132,119,126,119,118,124,124,115,128,127,128,116,116,117,117,131,126,116,119,111,116,115,129,128,128,111,121,115,120,119,118,132,117,135,118,123,128,124,131,132,133,138,136,144,130,124,124,129,119,113,132,124,130,121,119,126,122,125,120,119,121,113,120,116,130,123,126,119,126,117,119,116,115,124,125,123,128,133,135,126,121,127,132,133,127,131,125,136,132,126,124,124,132,131,131,134,121,135,134,130,131,129,133,131,133,129,131,139,141,133,131,130,134,133,133,132,134,134,136,135,135
120,128,134,122,121,121,120,120,121,122,121,121,117,123,127,130,124,125,122,131,119,129,116,115,122,120,122,124,123,124,126,128,128,123,123,121,122,126,118,110,119,120,120,125,123,120,125,121,119,116,125,115,120,120,111,121,119,125,120,120,124,112,123,122,116,115,120,119,109,117,115,124,120,120,120,112,111,118,109,111,119,110,105,115,116,126,123,118,121,119,118,118,111,111,116,120,115,118,121,123,124,118,120,119,121,122,124,115,119,113,110,115,117,125,120,115,112,111,117,113,115,117,117,108,122,116,119,128,120,116,119,113,126,121,115,127,117,115,119,115,117,126,128,118,113,126,129,123,122,115,123,123,119,115,119,129,129,125,119,118,128,115,116,119,119,120,120,121,115,120,118,125,120,118,120,119,115,116,121,119,120,122,115,116,119,120,120,118,116,115,112,112,115,116,117,117,111
111,120,115,126,127,128,130,129,126,126,128,129,134,123,129,116,119,120,122,121,132,120,131,130,119,125,125,122,127,126,115,117,120,125,129,122,123,125,124,134,133,123,126,126,124,120,123,128,133,137,117,126,127,125,124,122,127,127,126,120,129,127,125,121,128,123,126,130,132,129,127,128,127,123,130,128,131,136,124,125,134,131,130,127,127,125,124,121,126,130,134,137,133,129,127,131,133,131,127,125,126,130,131,131,132,130,129,132,131,134,132,132,128,125,127,130,134,130,130,132,127,132,136,128,135,126,127,125,127,125,131,132,135,128,128,124,127,132,128,127,126,122,121,127,133,128,123,129,124,131,128,130,128,132,126,123,119,123,129,134,132,123,120,130,126,127,128,128,127,127,129,126,132,135,130,126,130,133,128,130,131,128,131,123,132,129,126,128,129,129,127,127,127,138,128,130,130
117,123,130,139,134,126,124,127,125,124,124,126,125,127,126,126,125,126,127,129,133,139,130,137,139,133,133,139,128,120,121,137,137,141,143,139,144,147,138,130,123,138,128,119,122,139,135,118,134,129,145,135,143,142,130,133,133,123,123,145,138,144,145,146,137,136,142,116,133,128,128,124,123,143,139,136,132,130,143,141,128,136,136,132,125,121,122,138,137,137,138,128,136,139,136,136,131,137,127,122,121,136,121,137,138,141,145,130,134,128,126,135,130,125,123,133,131,126,135,131,130,129,126,124,122,135,128,124,124,135,121,129,126,115,134,139,136,134,124,139,126,125,119,139,139,129,130,147,147,143,139,130,131,134,128,126,121,136,131,130,138,135,139,135,136,115,115,131,136,129,120,127,120,127,131,130,129,125,129,132,137,129,128,138,125,117,130,132,136,134,141,139,139,133,142,126,139
111,115,119,99,102,107,108,108,109,108,115,109,110,127,106,117,116,128,139,136,121,132,115,127,128,139,139,138,112,110,129,129,133,141,130,126,136,130,121,117,116,143,112,110,115,137,142,119,111,110,135,111,134,139,130,131,110,108,113,136,138,138,135,139,107,117,128,118,120,113,116,106,113,125,133,117,111,118,135,143,119,138,130,138,112,111,115,135,148,148,134,115,117,128,142,139,142,139,112,107,113,137,115,132,139,136,117,105,132,109,123,132,112,111,112,107,121,115,122,106,105,115,117,127,117,128,113,118,112,121,119,112,119,119,122,135,126,134,123,129,113,116,121,128,108,126,130,129,131,117,125,113,121,113,111,111,123,118,118,111,120,113,122,110,112,120,118,115,120,115,112,107,119,112,109,109,108,103,112,115,115,124,119,116,113,111,111,112,115,112,113,111,113,107,120,120,115
113,146,142,126,125,128,129,127,127,123,122,125,129,127,128,136,130,131,107,115,120,111,134,115,123,118,94,109,132,130,129,105,111,107,100,106,112,102,108,120,123,105,128,121,130,112,109,126,109,126,111,120,109,111,96,94,124,127,130,107,107,110,108,110,125,119,115,122,105,118,132,127,133,117,108,122,127,119,102,102,129,98,104,125,131,127,132,119,115,115,115,112,107,100,112,113,117,134,130,128,133,115,123,109,110,111,112,123,102,118,115,109,131,126,134,116,106,110,109,121,116,117,119,107,127,111,133,121,133,109,123,116,133,127,113,111,107,122,132,110,129,124,135,139,121,143,138,115,117,121,115,124,115,116,123,120,132,124,115,126,119,115,115,126,125,128,128,139,127,128,131,136,119,128,134,130,141,131,137,133,129,130,127,124,135,142,135,130,131,129,131,127,123,128,128,130,132
136,118,123,142,137,122,122,122,123,126,118,125,119,125,127,127,123,120,119,119,118,130,121,128,127,129,133,134,135,129,126,132,120,115,135,123,123,132,118,120,124,134,138,141,124,126,123,119,126,119,134,128,132,119,127,141,134,144,128,129,128,130,120,120,133,129,131,117,126,134,127,142,130,130,128,123,126,122,127,136,126,136,139,116,129,147,128,122,130,126,124,128,128,131,129,130,127,125,139,148,130,130,121,120,123,123,132,126,121,128,130,133,132,152,133,128,122,122,120,124,128,124,123,119,124,135,136,152,128,134,124,121,125,125,127,131,136,136,126,139,135,149,135,125,120,118,117,123,139,138,127,126,130,129,123,143,142,126,128,122,126,126,127,126,126,122,123,126,129,129,125,124,119,122,120,126,122,132,123,123,127,120,125,128,117,117,124,125,128,128,127,126,133,122,132,119,127
109,125,115,136,143,141,144,142,141,141,143,145,148,123,138,120,128,129,141,120,141,132,147,152,132,126,137,138,130,141,113,150,149,138,134,138,129,128,144,155,123,129,130,139,137,137,139,125,147,152,143,152,135,139,142,139,149,145,138,136,138,129,111,128,143,138,130,122,143,152,143,146,139,134,137,146,144,126,128,132,122,135,120,117,144,146,135,138,125,128,139,152,154,134,122,122,115,122,137,149,133,127,122,145,133,134,128,157,127,152,139,136,141,142,138,150,144,143,113,142,132,125,125,139,131,136,142,135,138,138,125,139,127,129,130,128,123,122,126,136,138,139,115,117,147,117,113,137,129,127,123,135,146,141,139,146,103,123,143,145,124,138,136,143,127,125,125,135,133,147,139,142,128,148,144,143,146,130,133,137,135,132,145,125,144,137,131,131,138,137,135,137,132,160,132,145,134
125,127,135,119,117,126,121,120,122,126,126,125,121,137,121,129,137,137,137,138,126,128,128,135,124,139,127,123,118,118,134,124,120,130,130,120,132,129,122,124,123,132,122,118,129,139,135,120,120,118,126,125,130,138,125,122,117,115,123,131,136,130,139,132,120,125,132,125,128,115,124,118,124,123,131,126,130,126,133,147,122,139,139,128,124,123,124,131,141,143,130,122,125,138,138,145,129,133,121,120,121,139,124,139,142,144,131,123,132,127,131,126,126,125,127,117,125,128,123,125,120,122,121,124,119,135,126,129,124,128,126,126,121,125,122,126,121,128,112,132,123,127,128,128,115,127,127,127,135,130,129,130,135,126,132,124,132,145,137,127,135,127,129,127,129,126,127,131,131,123,128,128,126,123,122,124,116,117,126,123,121,132,122,121,126,120,134,128,126,120,115,115,110,109,113,131,118
113,136,129,123,127,127,130,129,127,127,131,124,119,134,122,130,139,135,138,138,123,137,128,135,145,142,141,142,120,121,143,144,135,130,136,129,138,133,133,125,120,137,122,120,128,147,134,111,125,120,138,122,121,136,129,142,118,120,129,142,130,134,134,136,125,123,130,115,134,131,125,120,126,137,139,122,121,117,138,142,125,133,133,131,121,117,127,141,134,135,126,121,123,135,134,132,121,131,123,116,128,133,111,126,122,125,134,120,120,127,125,121,121,116,123,130,126,120,118,117,120,123,122,120,129,139,121,113,126,130,118,119,121,115,121,136,123,130,125,139,121,110,125,132,120,123,133,127,136,118,124,115,133,130,112,109,125,139,137,119,130,136,130,125,130,118,120,132,122,123,126,138,125,125,129,129,123,129,133,134,127,125,124,128,126,124,133,133,130,133,133,129,128,126,130,126,124
126,132,131,133,132,137,135,136,136,136,137,134,144,136,132,135,137,132,130,133,137,129,136,138,126,129,125,127,131,132,132,122,122,122,124,119,117,117,120,139,155,125,134,128,135,119,119,145,141,143,121,134,120,122,124,129,138,129,139,120,122,126,127,122,131,130,116,144,132,135,139,132,138,123,124,130,134,156,128,126,157,124,129,134,137,128,136,122,125,127,141,143,139,127,125,129,129,125,133,129,138,126,148,124,127,124,123,135,125,137,135,124,136,122,135,136,133,130,124,134,121,157,159,130,156,129,139,122,137,127,152,135,158,138,127,126,128,131,134,131,135,120,135,124,127,125,135,126,126,137,126,138,134,136,128,121,136,130,132,136,131,128,126,133,129,138,139,134,135,133,139,139,154,147,138,133,139,144,135,136,139,132,135,130,136,137,136,134,136,136,135,135,133,142,129,133,132
111,127,124,137,138,133,135,138,136,135,135,138,126,129,134,120,132,116,111,118,115,119,127,122,124,118,117,110,133,131,123,122,117,116,120,116,111,117,115,123,118,112,133,133,127,115,113,115,128,128,109,123,112,117,113,118,135,133,131,115,110,125,125,122,124,122,115,116,119,129,133,129,132,116,118,121,132,122,112,122,120,119,121,121,136,127,132,115,119,120,119,127,125,116,119,122,123,110,133,127,132,115,115,116,115,120,117,128,116,124,113,116,137,127,133,121,123,123,127,127,128,124,120,115,118,115,137,126,128,115,119,113,118,117,113,115,113,116,124,115,137,128,131,117,118,113,116,111,112,129,124,123,118,139,136,129,132,122,125,127,125,142,139,134,137,119,116,134,134,139,137,128,120,133,128,126,122,120,129,131,133,133,130,132,133,124,130,131,131,131,132,132,130,128,126,128,136
128,117,113,136,131,128,127,128,127,128,127,126,127,132,132,115,121,136,139,141,131,134,135,136,141,141,139,141,125,127,135,141,143,139,133,137,139,133,145,130,124,139,127,129,129,135,143,130,122,130,136,138,136,137,139,138,129,128,131,136,143,139,138,139,139,146,149,129,135,139,135,125,130,139,142,135,137,121,127,135,122,135,137,137,131,125,129,139,137,135,128,123,128,134,134,134,136,130,126,126,130,133,126,142,133,138,145,135,139,135,138,145,130,128,127,134,143,147,146,134,149,124,124,144,126,141,132,125,126,139,126,134,122,128,141,130,134,134,132,135,126,128,130,134,139,130,124,129,131,137,138,133,144,145,130,131,130,133,137,133,139,147,148,138,137,130,130,142,128,134,127,129,127,127,132,136,128,120,131,130,128,135,127,142,131,126,127,128,127,127,129,129,135,130,135,129,136
146,141,143,137,136,134,135,135,135,136,135,136,137,138,136,139,136,139,138,139,139,141,134,135,138,141,142,142,137,137,139,139,139,141,139,135,139,138,141,136,126,141,137,138,137,139,139,126,135,136,138,135,137,138,139,139,136,138,136,138,138,138,136,136,136,138,138,126,142,139,134,139,136,137,139,139,135,132,136,137,129,138,139,141,136,139,137,137,138,137,135,134,134,138,136,137,138,136,138,139,138,137,126,136,138,137,137,135,139,136,139,139,136,142,138,136,138,139,138,136,139,133,131,139,134,138,136,141,137,139,125,139,136,129,139,139,139,137,139,137,137,141,141,137,136,135,137,136,136,138,141,139,139,138,139,139,142,139,139,135,141,139,138,136,139,129,128,141,136,135,135,136,126,134,134,137,136,135,136,134,135,136,135,137,135,137,135,135,134,135,137,136,139,132,139,137,137
130,138,135,131,126,132,133,133,135,133,135,131,129,147,155,141,149,139,129,129,137,128,135,128,128,136,126,129,132,139,139,128,127,130,130,131,123,127,118,129,124,125,133,134,131,123,121,125,132,128,124,134,132,131,137,126,130,129,131,133,125,130,119,121,131,131,127,123,132,129,131,129,134,131,128,130,129,122,133,129,125,133,138,136,139,129,132,130,122,128,127,134,127,125,130,126,134,139,138,128,133,132,122,130,136,133,143,131,128,131,119,131,138,131,133,138,123,131,142,136,139,126,130,134,125,138,138,129,136,138,119,136,126,125,136,134,138,138,139,141,133,132,137,168,154,149,145,148,152,157,149,137,139,139,138,139,136,150,138,134,142,139,142,141,141,127,125,135,139,136,138,139,121,134,135,143,132,123,134,132,133,132,131,132,136,135,139,133,134,134,132,134,133,122,133,130,143
121,130,128,132,133,130,130,131,130,132,132,133,137,129,127,132,129,124,121,118,124,120,131,128,130,123,123,121,130,133,125,120,124,120,126,124,127,126,129,132,133,122,130,129,130,127,125,132,128,135,133,134,127,125,126,132,132,127,131,128,126,128,131,127,130,129,124,132,126,128,129,128,131,131,122,125,129,132,130,127,132,123,121,122,133,127,131,122,124,123,121,132,131,130,125,123,121,123,130,124,130,120,133,127,123,127,125,131,122,130,122,123,133,124,130,132,135,133,129,129,127,134,134,131,134,126,131,126,132,122,134,131,134,130,131,131,127,123,119,133,132,123,133,121,131,120,124,126,127,130,121,127,132,131,131,122,134,124,132,129,125,133,128,130,129,130,130,126,131,131,135,126,132,141,132,125,129,133,128,130,126,130,130,121,133,127,130,132,129,127,123,125,122,131,118,133,121
130,121,112,119,124,132,130,132,131,134,127,129,126,122,130,97,123,118,117,119,120,118,133,120,126,104,110,128,130,110,120,116,120,112,115,119,118,110,109,134,141,112,133,105,129,111,105,138,129,142,110,121,109,109,110,125,143,113,131,113,113,107,115,110,124,108,100,135,127,129,135,112,134,110,117,124,131,146,111,105,146,102,107,112,132,110,128,121,103,99,105,130,116,104,110,103,104,95,129,110,129,111,133,111,109,107,110,132,105,127,111,107,127,102,130,133,123,115,117,129,109,142,141,105,141,102,127,97,134,107,141,123,142,132,97,96,105,103,98,109,128,100,124,121,127,106,107,99,107,124,115,124,112,126,122,110,117,118,126,127,115,118,102,130,128,133,133,115,132,130,135,132,139,143,134,125,132,138,129,129,132,124,141,128,139,135,134,130,129,130,129,131,129,151,139,133,139
139,117,118,107,109,110,108,108,105,106,106,108,118,113,102,124,115,111,108,115,113,111,109,102,111,112,109,105,111,124,118,110,115,117,107,110,115,111,112,112,136,108,112,126,115,113,118,134,115,119,104,109,113,115,106,103,120,124,115,103,115,109,111,112,107,105,110,130,108,108,115,125,115,105,113,112,113,137,111,109,138,108,110,117,115,125,117,109,108,113,108,112,104,102,107,108,106,113,112,130,115,111,136,111,116,112,110,110,111,110,109,102,116,126,115,107,102,98,103,108,100,132,135,104,135,102,115,128,112,106,136,108,138,125,107,108,104,106,110,106,115,126,122,107,104,115,119,110,112,107,115,115,107,105,118,122,123,111,106,112,103,106,110,108,106,123,125,110,112,123,115,112,134,118,115,110,117,127,115,115,116,115,109,120,115,115,120,117,117,117,118,118,119,120,118,116,115
120,113,120,131,127,125,127,129,130,129,129,128,125,121,113,121,107,120,126,132,126,137,117,130,134,131,130,128,115,120,119,110,121,131,133,123,125,130,134,123,128,121,119,121,119,123,123,126,130,128,127,125,139,142,131,117,109,115,120,127,133,131,135,131,124,129,136,127,120,122,120,116,120,127,127,122,125,130,124,131,124,130,135,116,119,112,118,116,128,132,133,119,119,119,121,132,135,126,113,111,119,123,125,136,130,133,126,121,122,119,103,106,118,110,120,116,116,127,138,126,122,127,126,125,124,112,119,115,117,113,126,118,130,125,123,121,112,123,119,113,115,111,121,116,122,123,130,128,125,120,125,104,119,107,112,109,117,117,120,110,113,116,119,112,112,121,124,106,110,110,112,112,126,108,110,117,120,121,121,120,124,102,108,107,110,115,124,119,119,123,119,122,115,113,111,103,111
115,116,134,112,111,113,111,110,108,110,118,112,113,128,100,117,117,134,135,144,135,126,119,124,124,128,139,131,118,120,138,126,126,148,135,130,149,132,127,122,133,154,113,119,128,158,155,142,126,119,144,118,165,151,126,122,116,115,123,142,155,146,134,144,108,113,136,129,131,123,113,109,119,137,146,130,111,139,133,139,135,134,136,149,106,108,111,139,139,142,131,112,129,142,137,142,137,143,109,102,115,150,134,143,152,152,124,111,152,109,121,124,106,111,117,120,126,127,131,130,124,134,139,125,136,124,107,119,115,136,133,139,136,124,125,145,136,155,134,128,112,115,116,145,117,155,146,149,148,127,132,120,126,120,111,113,120,130,120,119,119,116,125,115,118,126,128,131,120,112,118,121,121,120,116,104,117,119,116,115,117,128,111,117,112,124,120,118,116,110,105,111,112,117,115,116,109
122,120,115,112,116,136,131,129,133,135,139,137,146,138,132,115,134,132,136,134,138,130,143,144,135,133,137,141,131,112,130,128,139,133,133,129,128,134,138,141,144,137,131,107,136,125,130,134,134,145,127,142,127,129,137,142,138,110,137,125,131,124,120,123,139,138,126,132,136,154,139,115,139,136,136,133,139,143,116,119,139,124,125,126,137,113,137,124,125,126,130,146,138,132,127,131,130,133,132,107,132,129,135,128,122,133,113,139,126,134,128,131,130,103,133,134,144,132,123,134,126,134,143,144,135,131,131,95,130,138,138,127,135,130,128,123,137,135,144,138,128,98,126,135,141,133,135,133,128,129,128,133,143,136,117,104,117,128,133,139,131,129,123,137,128,130,132,145,133,124,139,131,132,136,134,135,137,136,136,131,132,157,143,112,143,144,138,133,130,128,125,119,108,118,108,144,121
109,131,119,139,136,129,132,132,127,125,125,131,136,124,130,138,133,127,124,128,125,122,122,119,121,126,110,107,136,127,131,127,121,122,108,115,118,121,112,120,116,111,133,126,129,110,118,126,122,125,120,124,112,122,103,115,129,119,131,115,105,117,128,118,121,119,117,134,117,111,129,126,132,105,103,115,129,136,117,118,123,112,113,121,130,128,128,131,125,121,130,124,125,104,115,119,105,104,130,131,127,111,124,102,107,111,126,121,109,120,105,92,132,133,127,117,109,119,105,112,137,138,126,117,123,99,128,132,125,103,125,121,124,127,108,103,100,110,105,99,131,136,131,110,109,104,97,110,102,108,103,124,103,123,132,139,132,111,113,116,112,119,126,124,129,125,119,118,130,143,133,121,134,118,121,124,124,131,129,132,136,129,126,143,129,127,129,133,131,134,133,129,131,126,127,124,131
123,107,117,118,118,111,111,110,111,112,111,112,112,110,110,116,107,109,109,111,104,112,106,105,117,121,120,108,124,108,129,115,105,116,105,129,121,121,124,100,124,119,117,105,118,112,126,128,111,110,124,108,122,126,136,126,108,105,112,121,124,128,138,137,109,119,139,133,113,113,115,103,118,116,122,116,113,129,126,131,127,119,128,131,119,100,117,132,127,128,138,105,112,117,118,123,124,130,120,105,119,118,122,120,119,128,136,105,115,106,115,132,120,116,119,103,104,115,124,106,126,125,120,103,123,126,115,120,115,117,126,120,125,130,117,123,108,119,115,128,115,120,133,127,124,125,124,135,139,116,123,110,118,110,131,116,139,115,115,102,117,118,123,105,113,133,131,120,117,105,109,113,131,105,106,105,109,122,123,118,112,107,102,123,102,97,120,115,112,115,108,110,122,112,116,104,125
109,112,119,105,113,122,121,124,122,123,120,115,120,122,111,117,126,128,135,135,127,117,124,128,122,117,133,125,112,115,130,131,131,132,125,130,137,141,141,126,120,138,115,109,121,128,147,120,126,132,129,122,127,134,137,125,112,108,127,132,139,135,127,131,126,129,133,119,132,117,120,113,128,132,146,124,117,118,123,132,129,128,134,132,117,115,125,139,143,134,131,129,124,134,133,128,128,139,119,108,125,137,127,137,129,134,135,120,131,123,135,138,118,110,120,124,126,116,111,115,121,123,122,137,118,138,119,107,121,134,126,118,122,122,123,134,136,131,135,141,116,104,122,124,121,125,126,133,133,100,120,126,129,111,102,106,125,129,129,119,125,123,124,113,119,121,120,123,125,115,123,129,122,122,127,129,128,120,124,121,122,139,128,125,123,124,121,119,119,122,115,118,121,115,116,132,131
132,122,128,139,133,124,127,128,127,121,120,127,128,124,125,133,127,132,130,131,116,122,129,127,124,124,124,132,131,129,121,128,131,130,116,115,122,113,116,129,131,135,136,133,127,133,125,136,120,127,118,122,103,115,106,109,126,135,124,123,111,119,116,109,116,119,100,126,112,122,125,135,118,128,113,126,118,125,120,117,125,118,126,124,124,129,122,123,133,129,120,121,124,120,115,123,129,122,129,128,120,126,136,111,124,115,100,120,102,116,115,99,125,127,122,125,120,111,109,122,111,124,116,102,130,122,129,129,127,118,127,110,128,129,120,124,115,116,111,117,124,134,122,125,118,120,129,109,109,110,99,108,91,128,116,133,121,113,118,123,107,124,117,122,107,131,131,125,127,124,126,118,130,127,120,117,122,123,118,122,123,122,125,128,132,138,123,125,130,130,126,128,126,130,125,122,126
129,123,126,133,141,136,139,139,137,135,136,137,139,129,129,124,124,129,132,137,152,141,132,137,142,125,134,134,119,128,115,131,136,139,137,143,131,120,129,136,137,125,120,126,128,119,131,135,142,136,141,135,138,135,139,130,125,125,120,128,129,151,136,137,127,128,142,132,141,137,125,128,122,132,131,135,127,136,135,135,134,139,145,124,123,122,121,141,142,136,151,149,144,131,134,134,142,131,116,122,118,129,138,127,131,137,115,129,137,130,133,131,118,120,122,129,132,127,135,135,134,135,138,128,141,129,119,119,119,121,134,139,139,133,121,127,139,137,144,131,122,125,115,135,141,138,139,145,130,134,129,127,125,119,127,131,115,124,124,134,132,120,115,134,132,132,137,121,127,129,129,127,130,135,133,130,138,144,127,134,138,134,136,123,131,124,133,133,133,137,130,124,115,127,122,142,133
121,105,122,113,113,113,116,113,111,115,113,110,124,113,110,112,108,106,109,119,126,115,116,112,110,113,111,108,107,104,104,118,113,115,121,117,118,118,111,115,131,108,109,102,109,122,122,135,115,122,123,108,125,122,112,104,113,105,111,125,121,122,122,121,111,105,125,132,115,102,111,103,113,117,109,117,115,134,126,120,134,122,125,115,113,100,110,123,131,126,131,116,120,119,124,125,124,122,109,95,110,117,136,126,129,125,127,111,124,113,113,109,109,98,111,110,110,119,128,116,120,132,131,107,133,112,109,99,109,111,130,117,136,127,121,123,121,113,108,105,107,102,109,115,115,120,128,137,127,117,122,120,104,106,110,96,110,111,107,116,118,117,122,116,116,126,128,102,108,97,105,113,129,118,117,115,126,127,117,117,116,93,105,100,108,111,115,115,116,118,117,115,110,109,115,102,102
119,108,110,112,115,118,121,121,120,117,119,119,120,107,115,115,107,111,107,105,109,112,120,120,113,111,113,113,116,113,112,125,124,116,115,121,115,126,120,123,126,112,118,108,117,109,118,125,122,126,121,127,117,108,117,116,125,111,118,115,122,115,116,115,127,127,124,128,116,115,123,115,119,126,128,130,125,123,116,113,125,115,116,111,122,112,120,110,108,113,106,115,117,108,109,110,111,112,118,115,117,108,126,119,118,110,125,128,117,125,113,116,122,110,115,124,118,132,136,128,132,134,128,127,125,113,118,108,121,122,125,117,123,129,125,115,112,113,115,115,115,113,108,122,124,123,115,123,123,125,118,117,127,130,109,119,107,115,125,122,123,139,139,128,127,130,129,107,115,118,116,122,125,133,127,125,125,126,118,119,121,104,111,119,108,112,117,116,120,118,119,120,122,135,120,104,117
118,116,113,139,133,119,123,126,124,118,119,124,123,115,129,110,106,113,113,112,116,112,119,121,112,115,118,117,128,126,107,124,121,120,115,111,116,115,116,117,121,118,127,130,113,117,119,130,118,120,121,116,116,113,118,121,130,128,117,123,121,125,127,123,119,117,115,127,120,120,122,126,116,122,125,118,122,122,125,128,123,123,124,120,121,129,117,122,121,121,124,115,119,123,115,117,113,106,122,127,118,117,125,117,116,118,115,119,122,120,118,126,122,128,119,112,120,118,124,122,126,125,125,123,124,112,124,124,119,115,123,117,125,127,115,111,115,112,115,112,122,127,112,103,116,102,100,111,111,117,118,120,122,124,126,130,116,115,115,120,121,118,120,122,118,128,127,113,118,132,118,115,126,122,122,122,124,127,115,121,128,120,123,127,116,119,120,119,123,127,130,132,138,129,132,126,126
105,98,89,109,102,97,94,93,93,92,93,96,95,107,117,107,106,102,115,115,106,117,100,120,115,112,116,118,102,98,107,127,125,127,132,129,129,130,115,100,115,118,103,100,102,118,126,120,107,105,113,103,135,130,121,125,102,103,103,123,132,129,133,129,110,118,134,120,106,112,102,102,104,121,123,105,104,115,129,136,115,141,139,124,102,102,102,130,136,133,125,108,112,132,132,138,138,136,100,111,100,130,123,129,133,138,129,102,132,104,117,129,102,109,100,105,122,117,139,113,117,110,122,123,112,128,106,112,108,126,117,123,123,123,119,122,130,143,130,131,106,106,103,138,123,137,125,126,126,105,122,113,122,117,124,105,112,121,109,104,124,107,115,105,109,122,122,125,106,108,105,105,115,98,103,105,102,112,104,98,96,123,104,125,102,109,109,99,102,103,105,103,106,100,113,108,116
113,131,130,132,132,130,131,132,131,131,129,132,126,124,129,132,128,117,108,109,115,109,122,111,108,112,111,110,128,137,123,111,105,107,111,112,106,108,107,122,115,108,128,134,129,104,106,119,121,124,106,122,109,105,109,106,132,130,129,102,105,102,112,111,123,115,106,118,112,116,128,132,127,106,104,112,126,115,115,110,116,109,108,108,128,131,129,106,107,106,109,126,115,109,111,111,109,106,128,130,129,106,116,102,106,105,108,125,107,117,105,106,127,130,128,118,111,112,110,119,113,115,116,105,116,104,127,129,126,105,116,109,115,121,110,109,108,103,107,106,128,129,126,108,115,108,104,107,109,115,108,108,107,120,126,130,127,105,108,119,103,115,111,123,115,122,121,116,130,132,129,119,115,127,127,118,123,123,130,131,130,122,128,131,128,128,129,130,130,130,130,128,127,121,126,127,128
138,132,133,129,129,129,129,130,130,130,130,129,122,125,127,133,127,117,123,122,122,122,129,130,126,123,122,127,133,131,119,128,128,127,129,128,129,125,131,125,108,126,130,130,127,131,126,111,127,118,130,130,128,125,122,124,129,130,128,128,125,129,126,131,129,126,124,115,123,124,131,131,128,128,127,121,125,109,128,129,108,124,126,115,130,128,129,121,125,125,123,124,123,123,129,124,130,134,130,128,127,124,113,126,127,128,126,126,123,128,124,117,130,127,128,129,126,129,115,126,119,110,108,125,111,125,131,128,129,124,110,116,104,116,115,124,125,129,128,118,132,132,125,124,124,124,124,124,124,126,123,124,129,126,133,131,124,120,131,126,125,126,124,131,122,117,116,129,131,130,133,131,107,125,130,128,125,118,127,130,133,129,128,129,128,130,125,129,130,129,132,134,130,122,130,129,126
120,122,119,115,125,126,126,127,128,125,124,126,121,118,118,112,119,113,117,112,121,110,124,124,117,115,115,119,120,122,115,117,119,113,122,127,115,120,123,126,111,117,123,119,121,121,122,117,132,125,123,127,119,119,121,116,119,122,124,121,122,123,119,119,125,126,123,116,122,123,122,120,122,129,127,131,123,106,126,125,111,125,124,118,124,121,119,123,124,122,125,124,127,124,123,123,123,122,122,121,121,125,115,121,121,124,122,127,123,124,123,113,125,121,125,127,125,126,120,127,116,115,111,124,109,121,123,118,125,120,113,125,112,118,124,120,117,122,124,125,124,121,122,122,128,120,118,124,125,122,118,119,122,124,122,124,123,119,123,127,120,118,116,124,116,118,116,119,126,121,127,122,115,119,121,126,126,122,127,126,127,128,126,108,123,128,126,126,123,121,115,113,108,113,109,127,113
111,123,119,119,120,123,122,120,119,119,118,121,122,122,113,125,122,117,108,111,120,110,122,118,119,106,113,113,124,124,113,97,107,105,113,116,111,106,111,119,134,108,122,129,119,111,107,133,126,123,105,117,111,108,106,111,124,129,120,113,108,119,102,112,115,117,111,126,110,121,120,126,119,121,117,110,115,126,116,115,128,117,118,115,123,118,120,108,113,112,102,130,118,112,106,110,111,112,123,119,120,108,130,108,113,115,103,115,112,119,116,104,123,121,119,119,120,115,111,118,99,123,130,112,127,107,125,121,116,112,131,110,123,121,102,107,116,113,111,106,129,119,120,115,107,118,115,105,104,111,112,112,99,113,125,117,128,102,110,122,106,110,109,116,106,124,127,113,118,123,124,115,127,123,121,115,120,119,115,120,121,122,117,127,124,125,117,120,124,123,129,123,124,128,123,126,125
146,121,121,97,109,130,129,125,129,128,128,130,155,125,125,116,126,113,104,103,115,99,126,113,100,90,94,97,128,115,112,106,105,97,97,98,102,103,103,123,164,98,129,116,126,112,111,154,131,146,103,128,102,93,92,100,127,119,129,106,105,99,104,108,119,115,96,154,110,118,122,121,125,105,103,115,123,164,108,102,170,102,94,107,123,113,127,102,103,103,110,139,125,98,105,105,105,104,124,115,129,103,161,100,103,108,94,131,102,126,105,100,120,112,126,122,117,109,103,131,115,170,170,111,168,100,113,109,125,97,164,115,166,148,98,98,94,92,105,102,115,108,115,106,118,105,107,110,102,115,102,119,103,125,127,108,115,96,109,127,97,117,118,128,118,146,151,118,119,118,131,119,167,141,131,124,141,160,130,124,118,122,134,111,133,130,131,128,122,119,111,112,103,133,106,131,110
128,141,138,142,152,166,163,164,168,165,169,164,154,157,143,130,160,150,141,143,152,149,165,158,124,138,135,141,159,154,160,137,137,135,143,130,135,139,130,161,121,127,159,149,176,128,131,121,157,156,128,165,128,139,139,138,165,152,166,131,125,126,131,135,161,148,127,124,148,151,165,158,163,133,118,151,162,125,135,128,125,129,122,129,164,154,167,128,127,124,146,165,154,136,122,130,126,126,159,152,161,122,118,127,134,129,130,163,133,161,142,122,163,144,163,155,148,151,139,154,142,127,123,136,121,120,160,137,159,143,120,147,122,123,139,139,130,127,145,130,159,145,150,135,159,122,129,134,142,155,125,152,149,162,151,147,139,154,158,158,152,139,147,166,148,122,122,156,152,152,164,167,121,148,160,154,155,142,152,154,150,155,152,139,161,170,155,157,156,156,151,150,143,161,149,151,142
118,96,104,106,90,81,79,80,79,83,77,79,95,86,94,102,83,103,116,119,107,119,88,107,130,118,127,115,85,92,89,127,119,121,128,133,130,134,119,78,135,118,80,91,74,132,128,137,85,82,136,87,135,127,112,117,80,86,73,118,128,113,123,144,100,97,137,134,102,102,77,81,73,103,117,92,83,126,125,134,138,124,110,104,77,87,74,111,138,134,116,83,102,130,141,131,127,132,83,86,79,123,139,124,125,133,120,88,129,91,102,119,79,92,78,80,97,96,115,81,99,123,124,98,121,112,80,97,80,98,134,94,127,136,112,129,129,130,96,110,79,98,87,117,106,137,119,126,125,94,126,79,89,91,94,88,92,102,98,79,97,107,111,81,82,136,138,77,79,80,72,73,134,77,76,78,77,86,78,78,84,78,83,103,77,77,77,79,85,87,92,93,106,102,110,88,102
133,115,122,139,134,127,131,130,132,128,131,131,128,125,129,131,118,129,129,135,124,130,126,121,122,120,125,127,134,135,132,130,124,125,124,126,121,127,119,122,132,129,133,137,131,126,124,123,132,130,122,125,120,129,124,119,129,133,127,127,121,124,129,128,120,122,115,126,123,119,126,135,126,117,120,120,120,132,115,121,130,118,128,118,131,138,127,113,119,117,117,118,121,112,123,122,130,126,132,136,128,120,132,131,124,120,120,120,125,120,123,124,130,136,130,118,123,125,127,124,122,131,131,125,138,121,129,137,129,119,128,123,134,127,128,128,127,125,131,130,129,137,128,115,123,127,135,129,134,138,135,129,135,127,127,141,127,129,131,126,132,136,141,127,128,128,128,126,128,131,124,122,132,135,129,126,130,133,123,128,130,122,123,137,123,125,117,124,128,125,128,126,125,127,130,118,125
120,132,129,136,136,137,132,134,130,131,133,134,124,125,135,136,129,131,131,133,133,139,132,122,123,135,139,117,125,130,121,113,124,124,121,133,129,123,128,127,119,123,125,127,123,119,124,120,129,123,125,120,128,127,120,109,135,121,122,110,113,118,118,128,115,109,107,117,115,106,129,122,128,100,104,110,120,119,131,124,116,122,119,124,131,123,123,123,132,130,135,132,133,127,126,130,135,127,125,118,122,125,122,125,126,124,125,126,131,118,122,102,129,123,124,118,126,118,111,115,112,118,117,103,122,127,131,126,123,115,118,128,116,119,129,126,124,128,136,122,132,127,124,126,127,124,133,129,118,131,129,125,106,117,136,127,136,121,118,127,124,111,116,129,115,119,117,130,131,141,137,121,115,121,124,123,124,118,130,133,136,131,130,147,131,131,132,130,133,138,141,144,143,131,143,131,136
145,105,104,108,105,112,110,109,109,108,110,107,113,112,105,108,111,115,123,120,123,125,112,118,132,126,127,129,102,102,111,131,133,130,126,134,127,125,132,112,134,122,105,108,109,122,130,136,115,116,133,118,131,125,127,125,107,108,112,126,124,125,128,127,125,124,134,134,128,123,108,107,112,124,131,122,115,137,130,126,132,130,124,124,104,107,112,126,127,124,130,118,123,122,125,124,124,128,102,110,115,125,134,137,128,127,135,122,128,121,129,134,105,108,111,119,122,120,125,116,129,130,130,123,131,130,103,110,115,125,133,126,131,134,136,131,131,124,124,123,102,109,115,123,124,131,125,136,127,118,124,117,125,115,100,106,115,121,116,115,122,123,131,115,118,134,133,113,103,105,109,115,137,109,113,118,115,118,108,105,102,107,105,107,106,110,110,106,106,106,104,106,111,112,109,107,103
128,135,129,137,137,137,137,136,134,137,136,137,138,131,136,133,137,144,137,141,142,138,139,139,143,137,138,139,139,130,139,141,139,133,133,136,136,135,136,141,132,131,139,128,141,133,139,131,139,146,133,139,133,138,134,136,139,130,143,131,132,135,137,132,137,139,136,131,135,142,139,131,141,139,135,141,138,130,131,133,133,127,129,133,139,127,139,132,134,131,135,137,139,136,130,133,134,134,138,129,139,135,131,136,133,133,133,143,133,139,141,137,139,126,139,143,138,138,134,138,137,139,132,137,137,139,138,127,139,139,132,135,132,129,136,138,137,135,143,137,139,126,137,141,141,139,139,137,138,139,135,142,139,139,137,127,131,134,142,138,139,141,139,143,141,128,128,132,138,137,139,139,134,143,141,139,141,141,133,137,139,139,141,131,141,141,138,139,139,138,136,136,128,136,129,141,136
134,118,122,115,119,119,122,122,120,121,119,123,117,123,127,133,121,113,110,113,117,112,115,111,108,106,109,111,126,124,113,100,106,108,115,113,118,120,110,110,123,112,121,120,115,112,115,122,119,117,112,110,110,117,107,103,116,117,116,109,118,109,113,118,115,107,119,125,115,107,115,116,118,102,121,118,115,119,112,115,123,122,117,115,118,109,117,103,105,119,123,115,119,109,119,118,118,113,117,115,116,112,126,111,117,117,117,113,119,112,109,115,117,112,116,103,110,111,126,112,115,122,121,116,119,109,116,116,118,110,123,120,127,126,125,128,126,123,121,121,118,109,117,121,117,124,124,121,126,118,125,120,122,119,125,108,123,122,119,118,127,123,123,121,127,127,124,127,127,115,121,123,125,127,126,123,119,124,125,125,125,126,126,125,121,120,116,122,123,123,124,122,121,118,124,125,127
120,129,119,121,123,121,121,126,127,127,124,121,122,120,113,124,119,117,125,119,119,119,124,121,124,127,121,117,113,123,122,117,127,121,117,115,123,112,118,128,120,119,113,119,125,125,125,125,108,121,123,121,126,122,123,120,119,119,125,122,127,126,122,122,125,120,127,125,124,120,122,119,124,117,118,124,122,118,128,123,118,116,127,129,120,118,124,127,134,131,125,122,121,130,127,127,128,127,119,121,122,128,125,125,126,126,122,129,129,131,130,127,121,116,123,129,131,126,118,128,130,118,116,123,119,127,121,113,124,119,119,133,119,128,122,123,127,122,125,126,116,115,124,124,126,124,119,118,118,122,120,133,128,127,124,118,125,124,131,132,126,127,126,129,126,130,128,131,126,124,131,129,125,119,124,130,128,119,125,124,125,125,129,118,127,130,119,124,127,126,126,127,123,118,121,125,120
129,136,139,134,137,133,135,135,134,136,137,136,145,132,138,135,135,137,141,132,136,129,134,126,128,132,126,131,134,132,132,131,130,130,133,134,129,124,129,128,158,128,133,138,134,129,130,158,130,139,128,129,128,131,136,135,137,135,135,130,134,134,129,128,130,128,131,158,126,128,135,137,134,132,134,126,131,159,134,127,160,130,135,132,133,137,131,131,131,128,134,135,132,127,127,128,127,126,132,137,131,133,158,130,131,129,134,129,132,133,130,134,133,134,131,135,138,132,131,127,133,159,159,135,159,137,135,136,132,139,162,129,159,149,132,132,141,133,135,138,135,134,129,128,130,133,139,131,133,133,133,137,136,136,137,134,130,135,138,133,133,132,131,132,131,151,155,129,134,134,133,134,167,136,132,129,138,145,138,135,135,132,134,134,133,132,133,133,133,133,134,133,133,143,133,133,138
121,126,127,119,122,129,128,128,130,136,131,126,125,145,138,126,146,151,148,148,147,149,134,135,143,145,149,139,135,119,145,136,137,154,146,142,147,144,149,139,131,146,134,115,136,157,152,127,139,128,151,134,155,149,155,133,126,115,139,146,156,157,148,152,131,134,154,128,139,130,126,117,132,144,147,144,126,125,144,149,132,147,158,158,131,118,132,147,146,149,149,136,151,157,156,158,163,148,135,117,137,157,132,159,154,150,155,135,152,125,155,137,127,121,135,137,139,135,133,130,138,137,131,135,135,150,126,119,138,148,131,150,134,124,149,156,151,154,166,152,132,118,138,150,134,147,157,152,150,152,145,139,133,129,138,121,137,139,136,136,142,128,143,128,130,124,121,135,127,126,129,132,128,132,131,136,135,129,134,129,125,130,128,131,133,135,139,129,122,122,126,128,134,132,133,132,139
120,118,136,127,136,141,139,137,139,137,131,134,130,136,126,109,123,142,134,128,142,133,137,136,133,134,141,137,133,119,130,144,130,122,129,128,121,121,123,132,125,130,134,123,135,125,124,118,132,141,119,133,120,120,123,139,135,127,137,130,134,116,115,115,128,124,127,123,136,144,141,129,138,121,123,127,133,121,115,116,119,123,127,131,137,124,138,120,113,112,115,137,125,123,115,118,113,118,136,123,136,126,123,132,117,124,125,139,125,143,137,137,137,121,138,145,145,130,115,138,135,120,123,125,123,127,136,116,139,141,124,129,125,119,117,116,116,118,116,117,134,118,132,119,120,112,111,110,115,123,116,139,138,139,123,123,130,137,131,139,137,134,135,137,128,123,123,159,143,134,136,147,126,133,137,135,137,138,133,135,134,125,136,130,131,136,129,135,136,135,134,131,131,136,136,128,128
117,125,127,121,124,128,128,127,127,128,129,125,121,128,119,124,128,131,133,130,128,127,129,125,121,129,124,120,121,127,128,119,117,121,118,121,116,115,131,126,123,121,123,128,127,120,121,117,126,125,116,119,123,122,127,117,128,125,125,118,121,122,120,122,120,125,120,116,125,122,129,125,124,125,120,125,124,122,120,119,123,117,127,131,128,125,125,125,125,123,128,123,118,125,125,127,130,122,127,122,126,125,120,130,125,119,115,122,123,126,133,129,127,122,125,126,126,128,125,128,125,122,123,136,126,127,128,120,125,128,121,130,120,111,124,120,127,129,136,129,127,122,127,124,124,128,131,126,120,130,127,129,127,125,121,125,124,126,128,126,121,122,123,123,126,110,115,124,126,122,124,128,124,121,124,125,123,117,128,127,128,129,129,118,129,126,127,127,127,128,128,130,128,126,126,132,125
126,131,118,135,138,145,143,139,144,146,144,142,144,139,144,112,148,127,127,128,136,132,151,145,132,126,138,137,139,126,134,137,132,125,127,132,131,122,124,144,119,124,139,124,146,127,118,118,137,142,132,144,117,124,129,136,141,127,144,128,123,127,112,116,143,146,121,120,135,147,148,125,145,130,124,142,138,115,129,122,118,129,115,117,141,120,141,123,115,115,119,142,134,129,122,117,115,115,139,124,139,119,115,123,118,120,123,148,122,148,139,123,145,121,139,147,143,145,145,152,128,118,123,143,124,124,137,113,136,129,115,135,121,121,129,126,138,122,128,130,136,122,128,106,135,118,110,124,128,148,136,152,136,145,136,132,120,149,150,155,141,142,144,152,145,125,123,139,138,149,145,147,118,146,149,154,137,139,148,147,148,146,142,151,144,148,144,143,144,141,139,139,131,136,131,148,134
128,137,137,139,144,139,146,147,146,141,139,147,150,131,154,137,134,127,113,111,122,112,134,133,112,106,115,123,149,151,124,135,135,106,121,113,119,129,112,138,131,120,152,152,138,129,126,136,139,139,134,143,122,119,119,131,145,155,141,126,124,111,119,128,129,118,119,129,124,141,138,152,135,129,118,121,131,131,127,120,129,115,111,113,144,152,139,113,111,115,130,139,133,127,120,121,118,117,146,152,142,115,135,115,126,115,107,134,119,122,130,113,145,148,139,130,127,121,117,132,117,132,123,117,127,109,145,145,138,125,131,129,129,130,111,121,116,109,115,110,145,143,132,107,124,115,115,116,113,123,110,118,122,130,149,147,135,111,121,132,111,131,132,137,119,129,130,128,141,137,146,143,135,137,137,127,138,137,132,139,139,144,141,120,144,148,136,143,139,144,136,138,132,146,125,149,122
100,102,112,117,110,100,105,109,107,106,104,108,113,100,102,125,99,116,120,111,106,124,102,116,123,127,127,129,105,115,119,138,136,128,117,138,136,141,131,96,115,133,103,115,107,147,148,127,112,102,139,104,138,123,113,137,102,111,104,146,144,126,132,147,102,106,137,120,97,106,99,113,102,125,138,108,97,118,139,142,117,135,123,118,102,115,105,139,145,142,134,102,121,133,139,135,130,143,104,115,108,143,126,128,126,135,139,99,130,107,110,144,102,119,106,106,110,107,120,95,111,115,115,104,112,138,105,123,100,122,121,102,117,126,126,137,133,128,102,139,106,127,115,143,124,127,126,137,149,119,139,105,115,100,109,121,125,129,122,102,121,117,118,99,115,124,125,108,103,110,102,109,121,97,102,103,103,110,106,102,105,116,96,120,103,96,102,107,107,111,115,110,117,103,117,99,113
141,88,107,109,102,96,97,95,94,93,96,94,96,103,95,109,96,124,127,115,125,135,102,115,149,139,142,143,102,112,111,143,147,147,148,152,155,159,154,106,135,149,99,118,102,144,152,131,111,104,137,102,147,144,155,145,104,109,102,145,156,139,134,154,121,115,160,132,133,120,104,113,102,137,152,121,106,129,142,139,135,146,143,132,99,115,103,142,144,137,125,115,123,139,145,139,138,142,97,119,104,137,128,130,135,150,147,100,149,117,121,146,96,123,102,112,130,117,136,112,130,127,134,137,125,149,103,122,96,141,134,123,125,128,135,143,141,150,141,147,98,120,115,136,125,152,143,141,144,111,145,113,141,121,109,112,119,125,121,106,131,117,122,102,125,127,129,112,96,102,99,106,127,98,102,108,100,104,104,104,102,106,92,118,97,95,102,104,105,107,115,112,117,108,118,88,115
128,147,151,144,146,143,137,139,138,141,138,135,128,139,142,128,137,139,125,124,136,138,136,133,139,134,133,133,138,136,133,122,134,132,118,131,127,124,123,134,133,118,132,138,129,120,115,137,141,135,132,136,128,122,121,137,129,145,128,133,123,121,127,127,137,131,125,138,131,135,131,141,131,123,127,125,135,120,128,128,128,125,138,112,128,139,132,120,121,122,125,137,127,123,119,119,112,125,130,139,130,116,134,127,131,125,123,132,110,136,122,136,133,145,136,130,129,127,136,141,134,123,126,129,122,115,133,143,129,132,134,135,129,132,129,123,127,126,121,129,134,152,136,126,132,121,130,129,128,132,125,119,145,149,131,156,142,133,135,124,123,134,132,134,136,132,134,127,137,138,137,132,129,126,133,129,133,129,141,141,147,137,142,162,145,136,139,138,141,146,156,151,163,152,163,139,162
143,125,121,132,126,125,128,127,125,127,124,128,131,133,135,126,130,118,113,115,120,116,126,121,132,127,125,131,138,129,120,122,125,121,125,129,129,127,134,128,130,123,135,126,124,120,123,132,120,127,121,129,117,126,134,133,134,128,125,122,117,124,123,115,131,126,127,139,127,134,129,126,129,127,126,124,124,129,123,119,130,124,125,119,127,120,127,131,123,115,118,118,122,108,127,125,133,125,132,127,131,123,137,117,112,117,125,130,120,137,123,125,128,127,128,127,117,123,117,127,119,132,130,128,124,128,122,131,130,119,132,119,127,139,113,116,115,119,121,130,129,126,126,122,116,115,117,110,119,127,120,134,127,123,121,128,124,120,124,126,123,129,121,127,136,139,139,132,129,131,127,131,136,135,135,135,132,145,134,133,132,129,136,115,128,126,132,132,133,130,122,124,116,125,118,137,120
116,109,102,120,124,125,126,126,124,124,122,126,125,116,121,106,113,112,112,110,121,119,125,131,120,116,118,117,124,122,107,110,117,119,116,115,115,116,120,132,120,117,125,118,119,106,115,117,126,126,112,121,115,119,115,115,125,119,124,113,116,122,116,113,121,115,113,117,125,124,125,119,125,116,118,126,123,123,120,117,120,117,123,117,124,116,123,115,120,121,126,132,130,118,116,115,117,118,123,117,127,112,116,118,121,116,112,129,115,123,121,119,125,113,125,120,125,118,111,126,112,123,123,115,121,116,125,110,121,119,119,121,123,120,116,117,116,121,118,110,125,107,117,116,122,113,110,115,107,115,109,123,116,113,119,111,117,116,116,127,122,109,109,123,112,120,119,111,121,123,124,121,116,127,129,124,123,123,123,128,125,109,123,107,124,120,120,125,127,124,115,117,112,123,109,126,109
118,128,133,138,136,141,144,139,141,141,146,142,137,137,142,119,137,139,130,122,129,123,143,127,126,122,122,121,128,126,131,118,132,117,116,109,116,112,117,142,120,111,127,128,142,113,115,127,131,144,107,135,119,111,108,130,131,132,138,116,115,116,112,110,139,136,119,123,137,145,139,131,139,122,121,139,144,128,123,112,130,111,120,147,136,126,138,118,121,118,133,150,130,130,125,128,139,123,135,127,139,126,125,122,123,115,119,141,124,131,142,127,136,127,139,135,133,131,117,142,131,124,124,127,128,117,134,129,139,121,128,142,129,126,121,110,128,121,139,110,138,129,135,125,131,125,133,103,97,130,119,152,126,136,135,127,122,119,131,149,119,126,122,139,133,128,126,150,137,135,141,143,121,145,146,139,150,146,145,146,148,143,138,131,145,147,144,143,141,142,141,142,137,142,131,150,129
112,125,129,107,110,127,126,125,124,122,124,125,132,120,119,118,137,130,128,126,133,121,132,130,122,135,123,112,112,111,119,120,119,122,126,120,127,117,139,138,125,113,115,116,118,118,122,116,121,130,129,138,135,131,139,105,110,121,124,111,121,126,121,132,128,117,125,123,126,112,118,119,122,115,116,117,125,134,133,127,131,121,118,119,115,116,122,133,137,127,133,129,137,124,126,136,139,129,118,115,121,127,121,130,131,132,139,139,136,136,142,115,115,112,118,124,128,127,127,129,138,133,129,134,132,136,115,107,124,133,124,145,130,120,147,138,141,141,149,121,118,107,118,139,135,139,142,139,122,125,128,141,130,119,106,115,121,133,135,137,136,121,133,132,130,117,119,143,121,118,126,134,125,121,131,143,137,137,132,121,115,132,121,102,124,137,138,125,120,116,112,112,103,112,104,124,100
136,115,123,112,111,116,119,115,116,115,116,118,121,123,120,125,121,119,116,117,123,127,118,115,120,121,125,123,126,118,127,127,119,121,111,121,118,116,115,116,129,115,124,118,124,113,117,126,123,125,115,121,119,119,115,128,121,119,123,113,115,116,111,116,115,116,113,125,120,125,120,121,123,109,117,121,120,130,115,115,130,115,112,126,123,123,122,118,116,113,119,122,118,117,113,115,115,117,121,119,122,110,127,119,117,115,122,121,117,116,116,122,120,124,120,117,116,112,119,120,120,131,133,110,134,118,120,124,123,110,127,116,137,126,110,112,113,111,115,115,117,126,119,115,121,120,121,116,120,117,120,124,118,113,115,119,115,120,116,120,126,122,122,118,117,126,126,119,111,118,119,118,128,125,124,118,121,131,118,117,116,116,117,120,121,116,116,115,118,115,115,113,115,119,121,118,117
139,91,105,89,94,88,90,87,89,91,88,91,102,95,95,112,90,102,99,105,92,98,81,80,106,89,105,102,85,103,105,109,105,100,96,103,106,99,98,76,124,100,79,106,90,103,112,127,96,92,107,88,110,110,111,115,93,102,89,120,113,110,109,115,89,95,110,129,99,95,83,102,91,95,103,92,84,119,108,109,118,108,105,113,88,105,90,106,116,106,102,93,87,109,115,113,115,112,85,110,92,113,128,104,109,108,121,80,109,90,89,103,84,115,93,96,88,90,110,90,105,116,128,87,109,100,80,113,90,107,133,98,116,123,96,106,103,106,102,110,89,115,108,113,103,127,131,117,115,94,120,94,102,105,95,113,115,116,100,86,107,119,125,86,106,124,127,94,87,91,89,93,129,88,84,93,92,100,95,92,91,110,92,110,92,93,96,95,89,93,102,99,115,103,119,94,107
118,139,133,129,138,143,136,139,138,142,138,133,133,134,138,132,139,137,133,141,139,139,138,146,136,135,144,142,135,124,128,125,127,143,137,149,144,149,142,145,120,141,134,126,129,133,129,115,145,135,148,148,137,149,141,135,124,126,132,136,143,149,154,152,139,143,138,118,139,142,134,128,132,144,138,148,134,115,151,152,116,139,142,132,138,132,130,132,143,142,146,145,159,146,137,145,138,141,137,131,133,142,115,147,143,151,149,145,147,151,151,139,137,139,133,139,154,150,137,139,132,123,115,152,119,141,135,138,133,159,122,152,123,122,147,146,139,139,131,133,134,127,130,137,136,138,136,141,146,150,144,141,134,146,132,124,137,139,141,143,154,142,148,147,144,121,117,147,139,128,136,147,123,137,141,148,144,139,145,139,131,119,131,118,139,139,146,143,141,139,128,132,121,119,117,130,119
139,136,138,132,126,128,130,132,131,130,132,132,134,142,126,143,130,145,127,128,128,130,123,115,117,133,134,125,142,129,130,152,139,124,116,122,122,123,120,128,123,132,135,134,129,132,129,132,127,121,136,126,129,122,122,130,125,124,129,124,119,113,115,127,115,111,113,124,121,117,124,125,130,111,108,118,118,120,109,112,122,102,103,133,126,125,129,133,120,115,129,124,125,115,122,115,121,129,135,129,130,125,129,115,118,119,115,122,115,113,113,118,127,135,130,126,116,111,118,110,117,119,121,100,117,121,129,135,124,119,121,113,116,134,115,121,121,126,121,130,136,138,139,141,127,127,130,121,122,120,125,121,115,123,148,141,152,134,122,125,112,130,123,121,116,134,130,133,136,129,134,136,120,129,124,120,131,136,135,139,144,144,127,121,130,137,137,137,129,129,119,125,120,120,117,132,115
113,141,139,130,135,121,125,123,126,125,125,124,126,122,119,138,118,121,119,125,113,112,118,110,110,112,116,115,119,128,118,110,117,120,122,116,124,119,115,119,129,119,119,132,126,125,120,126,112,119,110,118,119,119,117,119,125,129,120,123,120,120,122,122,117,123,118,126,119,110,125,128,119,119,120,112,123,120,122,132,123,126,129,119,122,131,121,115,127,124,116,125,124,131,126,122,131,127,122,130,117,128,123,127,119,124,120,117,125,122,128,117,124,131,123,113,119,122,127,125,123,125,126,123,123,126,122,131,122,121,122,118,118,124,126,125,121,130,132,125,124,133,120,121,109,124,124,116,126,121,121,122,130,129,129,131,120,122,123,120,124,123,126,125,128,127,126,125,129,125,124,115,124,129,127,123,122,130,126,128,127,137,132,134,129,125,125,129,130,126,131,132,130,128,134,131,141
143,121,128,126,126,128,131,132,134,128,133,130,124,123,135,138,138,125,123,127,129,124,133,123,122,129,124,129,139,137,148,124,130,127,131,135,130,129,135,135,137,125,139,143,141,121,122,138,125,134,129,125,122,121,138,130,136,139,139,130,130,126,115,120,133,142,128,139,133,124,134,138,137,134,133,132,132,136,126,123,134,133,125,128,135,142,142,130,124,121,124,122,125,117,115,116,116,122,138,142,145,125,136,137,132,125,148,139,143,138,134,137,136,151,142,139,132,139,144,136,151,143,134,145,131,129,137,148,142,148,133,137,133,136,143,134,136,132,127,134,139,150,148,134,126,132,136,132,141,134,148,150,149,139,130,152,142,150,145,137,150,147,138,135,141,136,136,127,135,132,132,135,136,139,137,139,132,142,137,132,130,147,133,137,132,141,138,132,131,132,135,132,129,129,125,139,138
139,113,129,110,99,96,98,94,94,93,95,98,108,104,105,122,107,116,125,125,126,145,104,120,148,129,139,130,97,100,115,132,135,144,144,151,137,165,145,108,137,137,90,106,102,133,142,139,122,115,146,118,151,154,145,138,98,97,95,135,141,137,154,152,120,127,154,131,124,123,92,97,97,124,145,124,110,133,135,139,137,143,135,135,95,102,97,123,130,128,121,115,115,131,137,138,141,143,95,102,102,134,135,132,139,135,138,102,135,110,117,134,92,115,98,104,112,128,148,120,133,138,138,134,130,131,91,118,100,131,137,122,138,129,126,135,123,125,127,136,94,117,111,135,124,133,132,135,139,119,133,107,132,112,105,111,120,121,109,102,120,126,128,106,123,129,131,110,97,99,103,106,133,112,102,99,105,102,92,91,91,134,105,113,98,105,91,94,94,94,98,97,107,100,113,117,108
105,133,129,125,127,133,131,133,136,139,134,138,132,131,135,128,115,134,131,125,125,144,131,126,144,133,130,134,139,139,122,121,122,129,137,134,119,117,139,128,135,132,137,136,129,117,108,135,128,122,125,135,109,115,125,119,134,130,125,107,105,126,130,118,118,127,108,132,116,125,132,132,126,118,107,120,125,132,111,117,127,115,118,119,132,133,127,110,110,117,119,116,125,121,111,111,115,100,137,135,128,118,133,111,109,103,110,129,109,121,118,119,136,134,131,121,123,124,128,124,127,143,131,131,135,130,133,132,129,118,136,122,131,129,118,115,122,118,143,128,138,132,127,108,117,97,111,119,115,133,125,134,132,125,132,135,128,112,113,131,128,122,137,133,126,134,137,143,134,125,132,127,134,134,130,128,136,130,128,132,134,136,129,117,134,132,127,130,132,133,132,131,124,136,123,133,117
133,144,141,132,135,136,136,135,133,131,131,133,120,130,125,148,141,141,133,129,116,128,132,142,136,130,129,144,139,134,139,146,147,143,143,139,141,141,137,134,123,145,139,139,137,144,139,123,136,127,144,142,128,124,133,139,136,134,139,151,135,145,144,133,139,143,131,130,130,135,134,132,139,151,138,132,139,121,136,145,115,136,137,130,134,132,142,143,132,136,123,123,139,131,132,127,120,126,141,134,141,137,118,131,128,134,133,134,125,136,128,138,136,135,139,135,138,137,118,126,120,123,115,137,117,136,139,139,136,142,126,126,115,129,128,126,124,122,117,137,139,133,142,119,127,123,119,129,130,129,122,122,126,135,127,127,142,126,125,127,124,133,131,128,130,128,127,127,132,128,129,130,124,127,133,132,126,123,131,132,128,129,122,129,128,128,136,134,134,131,123,120,111,116,115,125,120
112,120,133,145,133,118,125,124,122,118,121,123,128,121,125,129,121,118,132,131,117,123,115,117,122,120,129,121,130,129,121,115,127,131,129,126,129,130,122,117,116,127,128,131,118,134,136,123,124,119,126,115,127,132,120,115,126,132,121,129,135,119,127,138,116,116,121,122,110,102,120,129,121,122,122,115,115,126,120,132,122,127,127,119,123,132,123,122,133,131,130,119,120,123,134,130,128,135,129,132,124,130,123,133,130,136,132,122,134,123,124,119,129,139,123,122,125,125,122,117,117,121,121,121,124,127,131,139,124,118,122,107,121,123,124,126,128,134,124,133,133,139,129,126,116,126,136,131,136,121,124,120,130,107,131,142,136,122,119,120,126,109,115,117,115,125,122,118,125,134,122,115,117,121,123,124,120,130,123,125,128,120,119,127,115,115,117,123,125,122,126,123,130,125,126,113,121
128,125,126,116,115,119,123,121,120,120,123,120,107,122,115,119,125,122,115,118,115,115,121,120,113,122,120,119,117,119,113,119,111,116,104,109,113,110,115,119,82,119,117,119,119,111,115,78,102,106,108,118,111,109,110,113,119,122,118,113,115,100,102,105,116,115,106,83,105,117,121,119,117,107,105,111,120,83,97,109,81,104,100,112,119,118,117,109,115,118,97,100,102,107,103,103,103,110,120,122,118,115,79,110,109,110,108,119,112,111,116,113,120,118,116,118,113,115,113,110,110,85,84,104,84,110,117,118,119,112,82,106,79,80,112,104,100,103,98,108,117,116,116,109,110,102,102,102,106,110,111,115,118,119,112,117,112,115,113,116,111,115,115,119,119,83,83,121,121,120,121,120,84,118,122,116,113,102,124,123,118,125,123,119,126,124,125,129,122,117,113,117,115,107,116,130,109
110,120,123,117,107,103,107,106,107,106,104,108,108,107,115,126,105,102,111,109,117,116,105,115,130,119,125,134,113,127,108,136,126,130,134,139,130,145,133,120,116,132,109,129,109,133,133,117,127,113,136,125,133,131,138,127,104,127,106,137,133,134,136,138,126,139,139,118,125,122,106,126,104,135,136,129,117,117,136,134,116,139,133,111,110,130,106,128,122,128,131,116,126,129,126,129,125,125,111,126,106,120,116,129,128,135,137,118,129,120,120,129,107,134,107,118,120,128,138,118,133,111,117,122,115,127,109,135,105,119,115,118,110,117,130,131,125,125,115,123,112,139,116,117,120,120,118,130,142,130,132,119,122,121,125,133,118,113,115,116,126,128,130,115,122,120,118,118,109,105,113,106,111,112,109,111,103,118,110,109,107,116,113,115,111,110,106,110,108,110,115,112,115,109,118,111,116
123,131,111,130,126,132,131,133,136,138,136,134,130,149,130,118,137,143,143,143,135,147,135,134,135,146,120,138,139,126,141,136,125,133,131,133,126,122,130,132,121,136,135,122,136,132,123,127,120,123,121,126,133,139,121,121,130,123,132,139,127,149,137,122,130,136,124,125,126,122,138,120,134,134,113,135,134,121,143,137,121,127,139,138,133,117,134,142,141,141,142,121,124,125,124,139,135,142,131,120,133,133,123,139,141,137,131,134,134,141,128,130,135,117,130,145,132,137,124,134,132,121,121,132,129,138,134,113,130,131,119,139,123,124,137,137,125,139,137,139,128,117,129,121,124,134,135,134,131,136,141,142,133,134,120,122,127,147,139,136,141,126,122,134,139,123,122,141,134,132,132,141,121,139,137,136,130,121,134,136,137,132,130,124,134,129,130,132,133,130,126,129,121,126,119,130,124
121,124,115,127,130,136,133,136,135,134,135,136,135,129,127,115,128,119,120,119,129,118,134,128,118,119,122,118,128,127,120,117,121,119,119,113,117,108,120,135,123,119,132,129,130,116,115,120,127,138,110,128,111,113,128,115,135,130,135,115,113,121,115,119,125,118,111,122,133,137,134,129,135,119,117,129,132,126,123,119,122,122,122,127,133,130,133,124,120,123,129,141,132,124,118,118,125,116,130,130,130,118,119,117,115,115,106,132,117,131,124,120,132,128,135,129,131,119,113,132,116,125,124,126,126,120,132,125,131,119,120,128,126,121,115,115,113,115,125,112,129,128,130,116,124,117,121,118,106,115,109,132,118,128,130,132,130,115,116,137,122,117,118,132,121,119,119,126,132,133,131,127,118,131,132,128,136,128,130,130,130,132,134,129,131,130,137,131,132,131,132,133,132,129,127,131,134
122,112,118,108,110,111,109,108,108,109,107,109,115,117,103,109,115,120,124,122,130,127,117,124,134,131,133,125,116,111,115,129,132,130,135,141,130,128,135,118,126,129,116,107,111,123,132,125,119,116,131,122,137,135,132,131,111,111,111,128,133,139,136,133,122,128,137,124,127,122,112,111,115,125,138,131,115,124,144,141,125,135,145,130,111,107,112,137,141,139,142,123,137,139,139,144,133,132,113,106,109,139,127,136,128,142,135,125,134,123,129,135,115,100,109,122,132,127,121,112,130,123,126,132,121,135,109,99,113,134,126,136,130,122,141,136,142,135,126,132,115,107,106,132,135,134,124,139,136,120,138,125,121,119,118,104,110,125,129,124,125,134,133,118,130,124,127,118,116,103,111,120,131,109,115,125,120,119,115,112,115,109,110,107,110,115,118,113,113,111,110,111,116,115,119,109,113
124,110,107,99,106,115,112,110,110,110,109,106,116,109,113,117,115,113,110,108,112,108,112,108,102,111,109,106,115,113,116,106,110,107,116,115,115,112,115,116,126,106,113,115,115,105,109,124,115,115,110,120,109,104,115,117,110,112,115,105,118,109,109,110,119,120,113,121,117,117,110,115,115,116,119,118,111,128,118,108,127,112,110,108,112,116,115,106,108,107,115,118,111,110,108,109,115,110,112,119,112,111,125,118,115,115,125,122,116,126,116,119,110,117,113,123,128,127,123,127,132,126,129,121,126,115,109,115,113,126,122,126,132,119,124,108,117,115,117,113,112,115,113,118,127,115,115,115,121,133,128,115,125,123,119,116,111,120,120,120,123,125,128,123,126,121,122,119,112,109,115,125,130,119,117,125,118,116,112,115,116,113,115,112,116,121,115,113,113,111,115,113,113,109,118,113,115
133,129,131,131,139,134,135,138,139,137,139,139,130,148,133,136,143,142,139,154,146,141,130,133,125,146,139,136,134,139,147,122,131,145,138,131,142,134,134,136,124,138,134,142,144,132,138,123,139,133,138,128,147,155,144,131,128,139,144,126,135,138,132,134,122,130,135,122,149,131,125,139,137,128,137,139,134,121,133,145,124,151,145,144,133,136,141,132,147,150,147,135,135,139,136,148,148,147,136,133,143,136,127,154,149,148,150,133,150,139,152,139,134,137,142,130,141,144,148,135,141,124,130,147,134,144,133,138,137,144,123,150,132,120,147,152,148,148,137,135,135,136,142,135,137,151,148,137,144,128,143,144,136,137,128,137,143,146,146,137,154,141,142,134,147,120,120,136,135,132,130,138,128,137,139,139,136,141,139,136,134,137,133,138,130,130,137,141,138,136,141,142,146,128,145,128,139
150,137,139,135,133,130,129,129,131,132,131,131,138,137,138,139,135,139,139,141,138,142,129,135,139,139,141,138,135,139,138,139,139,143,139,139,141,141,141,134,136,139,133,139,135,139,139,135,139,133,141,138,142,142,142,138,131,138,135,139,139,139,139,139,137,141,139,134,142,139,128,138,133,139,139,141,132,141,141,141,138,142,141,142,130,139,132,139,141,141,144,136,139,144,141,141,142,139,134,139,134,139,135,142,145,141,143,134,142,136,142,139,130,143,133,135,137,139,142,138,143,141,139,141,143,139,130,141,134,141,135,143,142,134,142,142,139,139,139,137,133,141,139,142,138,143,144,142,143,142,143,141,141,139,142,141,141,139,139,135,142,142,145,133,141,134,134,141,131,132,132,135,137,133,128,136,134,143,136,132,132,137,133,139,132,136,134,132,130,131,133,134,138,136,141,135,138
109,138,137,128,125,121,120,120,120,122,119,117,119,115,123,143,127,125,120,120,113,110,110,102,105,108,105,109,126,129,130,115,104,108,104,108,112,108,99,100,111,115,125,128,127,117,116,116,100,105,102,98,112,109,103,106,112,129,123,112,111,102,96,105,99,102,106,112,102,111,116,128,121,104,113,97,96,109,111,111,119,109,113,113,122,132,123,117,120,122,117,108,109,118,120,116,125,126,124,131,125,115,119,108,116,115,108,100,113,103,102,113,123,135,128,105,102,100,106,104,100,110,118,102,125,119,121,139,124,110,117,99,118,119,107,117,110,116,118,115,126,142,133,122,111,127,128,116,120,103,111,106,111,105,130,133,138,109,106,108,112,105,102,104,104,122,122,111,123,121,122,117,113,109,111,109,116,124,124,125,123,119,113,131,118,121,120,120,120,121,122,119,127,115,123,117,124
118,124,122,125,126,130,129,131,129,129,131,129,128,128,126,126,131,127,133,128,125,129,131,128,131,130,135,137,129,126,130,131,132,129,128,134,132,127,130,127,129,131,129,127,128,127,127,122,126,128,128,125,125,128,125,137,127,126,126,134,129,127,120,123,124,124,126,124,125,127,131,127,126,126,127,125,124,129,131,122,130,122,125,125,130,124,127,127,126,129,128,130,129,129,126,128,128,128,130,122,127,132,126,122,124,123,122,126,130,127,127,128,128,122,129,130,131,125,122,125,119,131,127,127,129,130,132,127,130,127,127,122,127,118,128,132,128,124,129,133,130,128,131,124,126,123,127,126,122,118,125,123,126,130,124,130,126,128,127,128,124,135,129,130,123,116,119,124,130,130,128,129,129,124,129,128,130,129,132,132,131,122,132,128,131,128,131,128,130,131,129,129,129,126,125,130,129
146,117,119,124,121,124,122,120,123,125,125,122,131,126,119,111,119,124,133,137,136,141,125,126,121,131,134,127,121,119,124,117,113,137,131,128,132,129,122,125,139,133,123,118,121,121,123,137,135,131,120,125,133,138,133,126,125,117,117,123,118,134,132,131,124,126,127,139,133,128,120,112,117,122,122,126,122,141,130,135,141,127,126,138,120,113,116,125,130,125,129,131,128,137,133,129,132,124,117,116,116,127,141,131,126,124,127,119,132,119,121,121,117,118,116,126,121,116,124,122,118,139,138,125,138,123,115,120,122,119,137,117,134,133,120,124,119,123,136,134,117,121,111,134,123,126,129,129,130,130,120,127,122,127,128,118,106,123,122,121,119,118,117,122,123,134,136,130,120,125,124,124,139,119,121,119,129,128,120,122,123,141,134,119,125,130,118,115,118,119,123,121,122,121,132,135,127
126,108,116,123,108,93,92,99,97,102,95,96,104,98,115,112,91,104,109,112,94,103,85,96,115,99,106,106,97,115,108,128,123,118,122,128,120,141,128,93,132,120,95,115,99,131,136,141,109,100,139,110,133,131,133,134,91,110,94,128,129,138,147,144,116,122,133,134,108,108,89,109,95,115,127,116,106,136,126,138,132,132,133,122,89,116,102,121,133,132,138,98,113,130,127,129,128,126,97,115,102,120,142,135,129,125,144,108,130,111,110,135,91,119,98,100,104,122,142,102,143,131,128,131,135,128,91,119,99,115,132,115,134,136,139,135,127,135,123,139,92,124,111,120,115,125,126,131,141,125,150,119,144,131,115,122,120,138,133,102,139,144,151,115,141,137,139,102,94,96,90,97,138,104,98,110,103,121,106,104,100,115,94,136,92,95,100,98,104,109,118,122,132,115,136,99,120
133,125,126,132,128,129,129,129,128,123,125,130,128,129,122,129,123,135,133,134,136,135,133,136,135,139,144,144,129,128,128,149,146,145,136,137,148,138,135,139,127,139,130,126,125,143,142,131,129,134,139,145,141,139,144,143,135,127,130,141,143,149,146,142,131,138,133,129,141,135,132,128,130,136,145,142,135,127,134,142,121,137,138,142,127,129,128,141,141,141,130,125,135,139,134,134,133,132,129,126,127,147,130,145,131,137,146,141,139,142,142,139,130,122,130,131,138,142,137,135,132,128,123,139,121,138,131,122,126,135,126,133,125,130,139,135,133,131,130,135,130,127,124,137,141,125,121,134,142,139,139,149,135,130,131,130,122,145,143,145,146,139,141,137,135,131,130,143,129,135,127,134,127,133,132,141,137,135,131,134,132,129,130,129,131,131,130,130,132,132,134,134,135,132,131,128,134
145,133,133,137,138,136,137,134,135,139,134,135,132,130,144,131,129,121,118,108,124,127,138,139,135,119,119,120,141,130,115,129,125,115,129,121,117,132,120,131,116,108,141,129,132,126,113,126,135,137,130,144,131,125,108,118,139,136,130,129,123,128,138,135,148,141,128,123,125,133,143,135,133,128,116,138,144,131,126,119,124,112,117,115,141,131,136,126,120,113,113,123,124,110,117,118,112,124,141,133,138,108,120,119,120,122,125,139,121,137,112,113,141,135,134,135,130,133,131,141,134,129,124,117,128,111,142,137,135,112,122,127,130,120,121,121,115,115,112,121,141,138,129,129,134,127,125,126,119,133,132,132,132,138,137,141,130,130,133,131,129,139,129,146,142,125,123,127,142,141,134,136,127,143,145,138,136,129,138,138,138,127,139,139,137,136,135,139,141,138,143,139,142,138,141,139,141
124,117,122,129,130,126,124,129,127,126,127,123,121,136,138,121,127,141,148,139,126,130,125,132,132,136,136,144,118,119,125,139,137,137,143,139,150,138,137,130,121,143,119,124,115,152,154,124,122,125,145,125,152,148,143,135,132,124,118,146,156,136,143,156,124,126,148,122,133,118,123,123,118,136,145,125,126,127,150,151,125,151,137,145,119,122,115,138,149,152,147,129,129,139,154,159,162,157,123,116,117,154,124,156,151,152,157,127,152,133,136,141,119,121,117,126,145,134,127,128,124,123,123,129,125,152,121,124,117,135,127,137,120,124,137,149,134,152,138,155,118,119,116,138,128,155,139,141,152,136,139,139,143,131,119,116,120,146,139,127,139,133,141,125,132,124,120,137,118,122,125,124,120,126,124,124,124,121,125,126,129,152,133,134,129,123,122,123,123,127,128,126,128,124,127,143,135
113,130,131,128,131,130,131,131,133,133,133,131,129,133,129,131,132,136,136,132,135,129,131,134,128,134,129,131,129,128,136,133,130,132,135,129,132,128,130,133,129,131,130,127,134,136,134,125,126,128,132,130,133,133,133,128,125,127,134,134,133,138,132,130,130,132,130,126,133,127,131,128,131,135,133,133,130,131,138,136,129,133,138,137,130,127,132,139,137,138,137,129,132,139,135,135,133,138,130,127,133,138,127,138,135,139,135,131,139,133,138,132,130,131,132,134,136,136,128,132,128,129,128,133,126,136,130,133,132,139,128,137,129,124,135,135,137,138,135,138,132,131,136,135,136,136,137,141,137,138,137,135,133,131,126,127,136,139,137,133,134,129,130,129,133,125,124,128,132,130,129,133,127,126,129,130,129,127,131,131,131,125,131,122,131,130,135,132,129,129,124,125,122,124,119,131,126
139,122,135,110,107,109,107,109,108,111,110,110,116,115,107,131,121,122,113,120,113,115,108,107,125,118,122,121,102,105,119,133,126,124,104,130,123,123,125,103,132,116,102,102,104,126,120,126,106,109,131,111,109,117,117,122,102,102,107,130,118,124,127,116,108,115,111,126,116,102,102,104,106,118,117,102,105,127,116,120,134,108,112,120,100,110,105,132,120,113,102,102,106,112,116,117,120,115,100,107,105,128,134,115,115,116,124,104,107,98,105,113,99,112,105,105,97,100,115,99,115,132,132,102,126,117,104,122,106,115,130,102,122,129,119,127,115,115,116,128,105,118,113,125,112,111,115,115,130,116,115,105,108,108,107,120,126,122,110,100,102,116,115,105,111,127,128,112,109,115,112,106,133,110,106,109,112,131,115,108,115,131,115,124,110,116,115,111,111,115,116,118,117,100,116,123,127
125,138,145,132,131,132,134,133,133,132,137,131,123,135,123,147,139,146,141,142,133,144,136,132,138,139,137,136,130,128,143,137,133,139,133,127,138,128,125,129,117,141,129,128,135,139,138,128,122,125,134,127,138,137,136,132,131,126,135,134,136,139,137,131,130,132,136,129,126,128,134,127,132,132,131,129,133,123,126,130,120,132,138,133,132,132,133,135,135,135,128,122,120,139,128,133,130,133,134,134,134,138,131,139,139,132,135,128,131,129,134,139,134,136,135,129,130,132,136,131,137,117,117,135,117,139,133,136,135,139,128,129,120,133,134,138,136,134,131,138,135,138,137,130,122,131,132,135,138,136,136,138,134,132,129,134,141,142,136,128,141,132,135,133,134,132,132,139,135,130,130,130,122,129,136,137,133,128,137,132,128,122,129,137,131,132,132,133,136,133,130,130,132,127,128,129,136
148,139,142,137,132,130,129,129,131,132,130,131,142,138,139,142,137,138,138,141,139,141,128,133,136,139,142,139,137,139,141,139,139,142,139,138,141,142,138,136,134,142,136,141,138,139,139,131,139,135,139,139,137,141,142,142,131,139,136,139,137,138,138,139,137,139,138,130,145,142,128,139,133,138,141,139,132,139,136,138,138,139,139,142,131,142,134,138,138,137,139,139,139,137,137,138,139,139,136,142,136,137,131,137,137,137,139,134,139,135,139,139,132,145,137,135,138,138,138,136,139,139,139,138,142,139,131,144,136,141,133,139,141,130,139,139,138,138,139,136,134,143,144,138,138,138,139,137,138,138,139,142,142,139,143,142,145,137,139,136,143,139,143,134,141,130,130,143,132,133,134,135,134,134,128,135,134,142,134,132,133,139,134,138,133,139,134,131,129,131,132,133,137,134,137,136,137
139,151,131,167,161,165,163,165,165,170,166,168,155,157,152,106,145,149,139,139,162,146,178,167,136,146,138,132,169,156,133,131,137,136,150,144,131,139,137,169,127,130,162,152,157,125,121,120,167,164,129,162,133,135,137,136,175,160,156,121,125,126,121,123,172,163,143,126,151,163,167,161,161,145,136,165,173,128,142,128,121,136,136,132,162,157,158,129,122,123,130,165,151,131,135,131,123,121,159,156,152,126,124,129,132,125,128,170,139,163,149,125,162,143,154,161,158,160,161,171,152,131,133,147,119,119,160,139,162,148,127,156,125,124,139,123,146,131,143,124,162,145,143,146,159,122,124,123,124,163,144,162,138,171,162,158,134,152,159,173,154,144,139,171,159,127,124,152,164,167,164,177,127,170,173,168,166,148,159,161,163,162,159,160,170,171,157,162,169,166,166,168,159,168,155,171,154
107,128,130,127,127,127,128,126,127,127,128,129,128,129,128,123,126,123,120,119,122,116,126,125,119,116,118,116,128,123,120,115,117,116,115,112,117,116,119,125,121,119,128,125,124,119,119,127,116,123,118,125,120,121,115,119,125,127,126,115,123,117,115,116,127,123,122,127,120,121,124,128,124,123,119,119,126,115,117,119,118,119,121,121,123,127,124,116,118,123,119,125,121,122,122,121,121,123,127,123,123,123,126,115,118,122,113,123,117,120,118,116,126,126,125,122,119,116,109,118,115,115,117,124,121,118,125,126,124,115,122,115,116,125,116,122,121,123,119,120,126,125,119,117,118,119,121,121,123,121,118,119,119,127,128,123,115,115,120,122,112,118,118,126,118,125,126,121,123,124,120,122,120,125,125,125,128,125,124,126,128,120,126,119,123,120,124,124,127,127,126,127,125,122,122,128,129
119,130,132,130,130,119,126,124,123,121,120,123,120,118,127,128,119,122,125,122,119,113,116,119,134,113,121,129,125,125,130,142,144,124,135,136,122,134,136,122,132,124,124,122,121,127,133,131,136,128,134,125,128,132,130,141,124,121,122,133,129,134,136,131,128,133,139,131,116,131,124,124,122,136,134,130,125,134,134,135,134,130,130,121,119,127,127,129,129,128,132,117,131,125,127,124,118,131,122,122,124,127,132,137,132,132,142,125,131,128,123,136,121,115,120,127,127,125,132,126,132,130,128,128,128,122,124,113,122,133,136,116,128,128,124,121,119,116,108,124,121,113,125,122,124,119,123,130,130,126,131,123,127,129,117,112,123,125,127,118,129,135,142,123,125,123,126,122,122,108,112,126,136,120,120,119,112,119,121,123,122,106,115,123,118,112,117,121,123,127,127,126,125,121,120,111,120
129,113,113,116,115,124,122,123,120,122,122,122,139,129,118,111,127,124,127,125,134,121,124,129,125,124,131,124,119,115,116,126,119,124,125,118,116,124,126,134,165,125,120,115,118,122,127,150,138,145,123,126,122,123,125,129,121,117,124,125,126,119,118,123,124,123,124,148,130,128,122,117,124,117,125,127,127,167,128,120,164,123,116,128,120,113,120,119,122,123,130,141,133,126,119,123,125,127,118,116,119,126,152,131,128,124,123,132,130,133,136,126,123,112,119,128,130,126,127,132,122,168,168,133,165,131,121,115,125,124,160,133,165,132,122,124,129,125,121,130,120,115,123,121,126,121,124,134,129,120,130,133,135,129,115,112,122,133,135,130,128,125,132,126,130,132,137,130,125,124,123,132,165,137,128,130,135,142,124,124,124,134,131,125,128,125,125,123,123,124,123,120,122,138,127,132,131
129,134,136,118,117,118,118,117,121,123,120,121,131,130,126,139,133,133,128,124,125,139,116,120,139,125,129,125,113,124,135,123,122,130,129,132,131,138,134,115,139,121,113,119,121,129,128,133,125,124,137,123,136,131,125,125,115,120,121,128,128,128,132,130,124,122,133,134,119,120,115,119,118,118,128,129,116,139,139,129,139,128,124,144,115,123,115,132,135,132,133,122,126,130,131,128,129,138,113,124,120,138,135,135,136,132,136,117,133,125,128,133,111,133,118,116,122,132,139,127,143,143,141,136,144,130,113,132,119,131,137,134,144,131,138,127,132,134,126,134,113,132,124,142,124,151,149,134,128,128,136,130,131,113,115,130,130,127,120,122,135,132,127,123,137,130,134,122,112,116,120,124,139,115,119,130,127,138,127,121,123,133,119,130,118,126,128,119,118,118,124,119,124,122,134,124,127
123,121,127,118,119,123,121,125,123,123,119,121,128,111,110,123,119,115,112,108,115,110,119,124,123,124,112,118,115,129,126,120,113,115,121,120,115,122,122,125,124,122,116,124,124,123,121,126,124,126,112,122,122,120,113,115,122,120,124,121,113,118,113,123,122,124,127,127,117,116,121,124,124,122,110,120,126,132,122,126,131,127,126,122,120,127,122,121,122,124,120,133,123,117,128,122,126,130,117,123,122,120,125,121,130,124,125,124,118,129,115,109,122,124,122,122,119,121,116,130,115,131,129,116,133,116,123,124,118,107,128,119,135,128,112,123,109,116,115,115,118,128,122,112,111,126,121,116,119,118,115,118,111,123,122,129,123,111,115,122,113,118,116,118,115,126,128,108,121,124,122,118,129,130,123,118,133,129,121,126,121,113,122,119,118,118,124,124,121,121,120,120,116,124,121,120,121
130,131,134,129,132,134,134,133,133,131,129,134,126,124,130,127,131,123,116,119,120,121,124,113,113,112,115,109,131,130,132,119,117,115,115,113,112,113,113,118,115,113,132,127,131,110,112,118,122,125,113,121,121,117,116,109,130,125,129,112,112,108,115,122,120,118,121,117,119,120,129,126,131,109,110,117,126,115,112,112,116,112,113,116,130,130,131,112,117,111,115,124,117,118,115,111,113,112,133,128,131,109,117,111,115,116,118,126,118,112,113,111,133,128,131,116,116,115,123,123,121,117,115,117,115,110,129,128,127,109,117,116,116,119,115,113,111,115,121,111,133,130,127,120,118,115,115,112,107,120,112,118,113,124,134,132,128,105,108,122,111,123,124,128,121,120,120,123,128,132,127,123,116,128,128,123,125,122,131,133,132,131,123,122,128,127,133,134,132,132,129,134,129,131,125,122,125
112,126,126,122,119,124,126,125,127,126,125,123,122,118,138,120,117,127,123,116,113,116,121,118,126,126,121,118,121,120,112,123,122,121,116,118,115,115,120,125,121,121,124,122,116,129,116,118,120,118,115,124,116,117,121,119,118,127,122,125,118,123,118,112,123,122,119,119,105,121,120,123,118,128,109,121,117,119,115,115,117,116,128,115,121,119,115,127,121,125,130,124,125,115,120,129,133,125,121,123,116,129,122,119,123,120,119,120,120,127,120,121,119,125,118,123,117,111,121,120,118,123,128,129,115,117,118,132,120,127,121,122,124,120,120,115,122,132,123,119,121,130,125,126,119,127,123,122,130,129,127,134,139,119,115,120,121,136,130,130,126,131,128,124,126,118,121,108,115,123,122,120,120,119,121,124,125,115,118,121,122,121,123,115,118,125,121,129,125,121,117,117,124,129,120,125,116
115,154,142,134,135,130,134,133,133,129,133,137,135,137,156,144,139,142,145,143,129,139,131,131,143,131,136,143,139,137,131,144,139,134,142,133,139,146,141,132,118,144,141,139,129,144,136,125,129,123,129,123,138,137,128,142,144,141,130,144,132,138,147,139,139,139,136,125,129,132,136,137,128,138,141,136,135,122,133,130,115,139,145,132,131,135,131,125,129,134,132,125,128,143,131,134,129,137,142,138,132,138,124,127,131,131,139,127,127,133,125,135,137,147,136,129,139,134,138,134,129,117,115,133,109,118,135,150,136,131,121,126,116,126,131,135,128,132,128,132,143,144,139,134,133,128,126,125,137,133,145,128,143,131,148,139,141,146,141,126,136,142,139,131,143,127,128,143,138,139,139,138,125,129,129,133,129,136,139,139,139,149,141,136,139,137,138,139,139,137,130,128,124,132,128,145,131
141,138,123,137,132,141,136,135,134,137,137,136,137,136,133,117,144,141,123,121,118,118,138,136,135,130,117,132,139,129,142,138,139,116,127,139,110,122,133,137,121,112,139,129,139,111,117,116,132,137,142,147,110,119,130,133,139,131,143,120,118,134,130,121,149,143,129,116,129,139,139,133,147,138,122,136,146,122,136,122,119,111,120,117,136,132,142,136,121,117,116,130,133,119,110,117,115,112,135,143,139,113,118,115,104,110,127,139,109,145,134,136,137,133,143,138,131,139,123,142,145,125,118,115,129,126,139,133,143,125,123,128,121,120,123,112,111,113,125,139,136,139,136,122,147,100,100,133,128,138,133,134,131,151,139,142,133,130,141,136,126,159,144,145,142,122,120,154,143,139,142,141,129,137,136,132,129,127,135,130,128,152,143,145,139,139,139,134,132,135,135,139,142,133,139,139,139
123,125,126,117,125,120,119,121,119,121,120,120,119,119,113,122,119,122,118,125,116,119,115,121,126,118,121,119,115,115,121,117,117,121,126,125,122,122,118,118,123,121,117,120,120,123,124,120,122,120,120,115,127,124,115,120,115,118,119,126,127,129,132,130,115,116,121,121,118,116,116,119,117,124,127,118,115,120,123,128,126,124,118,121,117,121,121,117,126,130,126,118,121,119,124,127,123,129,118,122,121,123,121,126,129,127,123,115,124,117,118,121,119,123,120,115,119,118,122,115,115,123,125,120,126,122,118,127,119,115,122,117,125,121,118,127,118,124,119,119,118,126,122,122,116,128,126,124,126,116,119,115,115,115,113,120,127,115,115,115,116,118,120,116,116,121,120,122,117,119,118,118,126,120,118,117,121,117,118,117,117,120,115,113,119,119,118,118,116,115,116,115,116,119,115,116,108
123,122,120,122,121,124,123,123,123,123,125,129,134,134,112,128,129,149,146,146,136,150,127,136,136,149,139,137,118,125,144,139,135,141,134,133,146,133,128,128,126,139,117,118,133,142,141,125,118,116,135,115,134,145,122,116,115,116,129,131,131,137,139,139,115,116,122,120,127,116,123,122,127,122,130,128,116,129,142,150,134,142,139,144,124,119,128,155,158,150,144,127,137,137,150,144,138,138,120,119,124,147,126,137,138,144,132,118,138,120,126,125,122,118,123,113,121,118,120,115,109,125,129,120,132,133,122,116,125,124,123,121,133,117,123,133,128,139,126,133,126,125,129,138,130,124,122,128,133,118,118,116,121,102,132,124,132,125,119,123,127,100,102,112,105,116,116,125,132,125,125,122,123,119,123,116,128,123,122,121,125,111,124,118,132,126,128,121,119,120,115,115,116,115,117,122,116
121,119,107,127,116,113,116,116,115,113,115,115,125,110,118,117,117,118,121,119,117,121,122,135,139,129,127,121,126,126,113,124,122,128,135,139,128,142,134,127,121,125,124,126,116,126,134,115,134,126,137,133,126,122,127,121,133,126,121,122,137,131,133,134,130,136,141,120,112,117,124,124,125,118,123,128,128,128,139,133,123,139,132,120,123,123,122,123,126,136,132,132,139,130,135,136,134,131,123,126,123,132,121,131,131,135,131,128,130,131,116,119,125,126,119,127,130,133,131,127,128,130,126,132,125,127,126,127,118,122,120,122,127,120,129,128,123,126,118,115,123,128,115,124,125,133,126,128,123,117,122,122,108,116,128,127,119,123,121,125,123,128,124,118,115,117,115,127,123,127,122,117,122,128,121,120,120,121,113,119,118,106,119,128,121,116,118,120,121,124,128,126,136,134,130,110,126
148,142,143,143,139,134,133,134,135,135,134,134,144,138,141,144,139,139,139,141,144,143,132,139,139,141,141,141,139,145,142,143,142,143,142,142,144,143,141,138,141,141,138,144,139,144,143,133,144,139,142,139,142,143,144,139,136,144,139,142,141,142,142,142,139,142,139,132,146,141,132,143,137,141,142,142,134,146,143,142,144,142,141,145,134,145,138,142,139,139,143,139,143,142,141,141,144,141,139,145,139,141,135,141,142,141,142,137,143,142,146,142,135,146,139,139,141,143,144,141,144,146,147,145,147,141,135,145,139,144,138,147,148,131,145,144,143,142,143,141,139,145,145,141,141,141,142,141,141,142,144,147,144,141,144,143,146,142,142,139,147,144,144,137,144,130,131,144,136,138,137,139,139,139,134,139,139,147,137,135,138,138,138,143,136,139,137,135,134,137,139,139,142,139,143,138,143
121,126,113,130,126,129,128,127,128,121,123,128,134,129,130,124,123,130,127,121,128,119,127,123,125,125,125,121,137,129,121,131,132,126,130,116,121,123,124,138,128,128,137,138,128,135,127,128,133,138,127,126,128,120,121,122,139,138,131,120,118,137,133,128,126,122,117,128,125,122,133,137,132,122,118,127,139,128,131,120,126,118,132,131,128,138,133,127,122,124,132,132,134,128,123,128,122,115,133,138,134,130,127,110,119,115,107,131,117,124,123,118,132,135,131,125,127,116,111,130,115,131,127,113,125,106,133,130,131,118,130,133,126,128,110,115,121,115,104,102,131,130,131,118,117,120,112,103,104,113,112,125,113,118,132,129,132,113,116,127,116,107,109,125,118,127,128,128,127,131,125,127,128,136,133,123,134,142,128,130,134,119,120,125,122,123,125,126,131,132,131,126,126,142,133,121,116
139,135,144,144,144,127,127,128,127,129,124,127,121,121,139,145,136,129,131,130,128,129,121,130,139,137,136,145,134,138,136,142,141,141,137,148,136,145,143,115,115,136,128,132,116,130,136,119,125,111,148,134,139,146,152,152,127,131,119,136,145,141,138,141,126,138,150,126,132,139,121,129,125,129,148,139,126,128,139,143,122,139,134,118,121,131,121,134,137,135,132,117,136,133,134,136,126,133,130,131,124,122,124,134,126,134,143,128,133,130,105,138,125,137,122,127,127,128,137,122,145,123,118,130,113,130,128,136,117,124,119,111,118,129,130,134,123,123,119,130,125,131,123,128,125,130,134,137,144,122,135,127,137,128,119,128,131,129,126,115,128,143,144,120,133,129,128,115,121,126,117,124,124,115,117,117,110,118,120,128,136,123,111,139,123,122,127,132,134,135,139,142,139,124,152,116,143
127,135,134,134,133,137,137,139,139,141,136,136,137,139,138,142,139,139,139,139,144,138,133,139,134,141,139,141,143,145,139,134,130,131,142,132,137,138,135,136,138,138,144,145,138,143,136,135,134,133,126,131,134,143,136,134,134,145,137,135,135,135,135,135,129,134,138,137,135,134,136,144,137,131,136,134,136,139,135,138,139,138,132,128,138,142,137,138,138,139,135,139,141,141,135,141,141,139,141,139,138,139,136,135,135,139,134,136,138,139,134,133,139,139,137,130,134,135,142,138,134,139,142,144,136,139,139,138,136,130,138,133,138,137,138,134,142,139,137,146,141,139,139,132,134,137,135,138,138,128,133,137,145,135,135,136,147,132,137,134,139,131,130,131,131,137,138,137,141,132,139,137,136,138,134,132,132,138,136,136,134,125,131,128,131,134,138,138,135,133,132,131,128,138,128,129,132
121,122,116,129,128,126,125,128,128,125,126,125,129,117,131,102,105,108,112,107,115,116,120,128,120,122,109,117,125,119,102,106,111,113,123,116,118,120,130,122,125,118,129,129,111,116,102,125,117,127,124,118,110,106,120,108,121,131,117,115,110,116,116,115,129,123,111,127,112,115,121,129,116,127,110,115,126,124,126,126,123,120,126,103,123,131,115,105,123,124,111,121,113,131,120,126,122,112,128,127,116,120,125,124,122,122,127,128,122,130,127,116,128,132,118,125,131,134,121,126,125,124,122,144,125,127,127,130,115,131,123,123,119,127,129,121,118,111,116,116,126,131,118,94,106,111,109,112,112,113,112,115,115,119,123,129,115,119,126,126,122,122,131,125,127,127,125,118,126,122,122,127,124,129,127,139,124,119,120,120,118,113,122,116,125,127,122,120,121,122,113,113,122,123,117,118,124
131,126,126,120,125,129,132,132,131,132,132,132,126,136,103,138,137,132,122,125,120,115,125,120,121,127,120,121,124,127,144,115,115,112,108,115,115,104,118,120,120,115,126,127,142,105,113,121,116,123,106,119,103,112,120,118,115,128,141,111,115,113,102,100,119,124,115,126,120,126,126,128,137,120,121,121,121,112,105,107,122,109,110,116,125,129,141,109,106,103,104,115,104,102,97,102,105,113,127,130,142,102,124,117,115,109,117,122,107,128,122,124,128,130,139,123,115,118,127,126,124,121,124,132,124,115,126,129,139,117,128,120,120,128,115,113,115,109,115,116,127,128,145,105,115,105,113,109,113,105,119,127,124,130,122,126,145,123,129,126,127,136,133,127,131,127,127,133,133,126,131,135,129,132,138,133,135,136,136,131,125,117,125,120,126,128,135,135,131,128,122,123,119,120,115,117,113
125,131,127,126,133,133,134,135,135,135,133,134,133,133,135,123,130,130,139,137,136,145,126,134,122,134,129,128,127,126,125,134,131,134,139,120,134,135,122,125,126,130,130,127,131,131,135,123,127,127,134,126,130,133,122,121,119,127,132,128,131,125,139,137,123,118,133,122,127,126,123,130,126,119,129,125,121,122,125,135,126,130,125,123,127,129,128,131,134,134,134,126,126,130,138,136,137,130,129,126,131,132,124,131,133,136,136,123,133,125,131,128,126,126,129,118,124,126,131,124,121,126,125,129,127,134,122,125,130,129,125,132,125,122,134,137,132,134,133,138,127,125,125,125,122,127,133,133,133,129,129,129,129,126,134,127,123,128,129,127,141,122,120,123,125,121,123,126,125,127,122,127,125,129,126,131,131,135,129,127,123,117,121,129,129,129,129,129,125,124,119,122,123,127,121,118,122
123,131,130,130,128,122,125,124,126,123,120,126,125,119,133,130,110,121,115,117,120,128,116,112,119,122,115,117,128,121,117,128,123,119,122,118,116,118,112,118,134,112,132,124,117,117,117,135,123,118,126,127,117,121,115,122,132,126,119,124,112,128,133,137,120,118,111,131,117,116,123,127,119,117,111,116,121,135,130,130,131,124,124,125,125,130,121,127,126,121,125,120,124,131,120,120,124,122,130,132,123,121,132,116,123,112,117,117,109,112,110,119,126,131,124,108,104,111,120,119,115,130,126,102,131,125,127,137,123,105,130,115,132,133,118,128,110,122,129,123,132,135,128,132,115,124,126,120,121,119,108,128,125,115,139,133,132,116,107,116,118,117,115,119,110,131,134,130,120,125,123,113,125,120,119,113,122,132,119,120,119,122,127,127,117,118,121,118,118,121,122,125,126,125,124,121,123
122,145,142,141,145,143,145,144,146,147,146,141,135,143,142,147,150,147,145,143,136,142,141,146,133,131,139,139,145,146,149,135,139,139,135,133,139,137,137,142,112,143,145,144,150,146,139,117,139,135,147,145,141,138,129,137,145,142,147,144,139,139,147,150,143,145,137,115,133,145,146,142,143,143,139,143,139,121,137,142,116,137,142,141,147,142,143,144,149,146,152,136,139,142,145,148,148,148,146,138,145,145,117,144,151,145,133,138,139,133,145,143,147,134,146,139,142,136,138,143,136,115,115,139,124,142,145,133,145,145,116,146,125,124,135,139,145,149,157,146,145,132,142,154,147,156,157,152,141,142,132,144,156,145,150,131,136,145,144,139,144,135,135,143,142,125,123,148,151,139,139,149,117,139,148,143,139,132,149,145,147,139,141,138,142,142,144,148,147,142,139,141,134,131,135,144,132
135,115,106,122,119,120,119,119,119,118,116,119,135,103,122,116,113,99,96,95,111,105,116,106,102,98,106,100,128,125,104,102,98,98,96,102,93,102,100,108,133,98,129,120,115,102,94,130,124,125,97,115,97,98,104,103,129,121,119,99,84,91,102,91,111,105,90,124,98,115,120,124,124,93,95,95,109,129,97,94,128,93,96,86,124,124,120,98,93,96,105,123,113,98,95,91,93,102,127,125,121,102,129,94,91,97,98,115,90,104,92,93,121,116,117,107,96,100,105,110,113,137,132,98,133,99,122,112,112,104,129,95,127,125,103,97,98,99,102,102,122,113,111,104,106,98,96,99,99,109,102,106,105,106,109,120,112,98,103,115,99,115,112,119,109,126,126,115,115,117,115,115,136,129,119,120,121,141,116,116,118,113,118,125,113,112,118,116,115,117,116,120,122,126,121,115,124
118,99,115,118,118,125,122,123,125,130,132,126,124,136,106,117,121,141,144,130,135,147,128,137,138,133,142,133,109,113,122,120,131,134,126,135,139,137,136,133,123,143,115,121,121,141,139,121,129,124,139,126,143,128,126,130,120,124,131,130,136,127,133,138,131,128,132,122,126,128,127,123,126,130,126,133,126,128,133,137,125,141,132,161,121,125,124,139,151,152,143,138,143,152,162,155,160,160,122,125,126,156,122,139,149,150,146,129,148,136,149,147,121,126,127,134,138,138,136,128,135,117,121,139,123,154,116,128,129,139,120,139,126,124,161,161,159,156,152,158,118,123,133,152,141,145,144,151,152,149,154,130,141,139,117,119,132,138,135,129,138,126,120,127,137,121,123,139,121,116,128,125,120,121,127,125,127,123,128,115,115,134,122,103,117,127,131,122,116,115,112,112,110,113,111,126,99
126,143,126,136,144,151,152,154,151,152,157,152,152,146,138,119,142,136,145,135,144,137,152,152,131,145,143,137,144,138,129,135,136,136,128,130,129,124,131,157,126,141,146,145,143,130,133,123,139,152,122,151,127,126,133,129,141,145,152,125,138,128,117,121,143,137,125,121,138,141,151,146,152,135,138,149,150,127,127,130,128,128,132,128,148,146,148,143,134,135,132,152,149,132,133,127,126,133,144,142,147,137,126,130,122,128,124,155,124,151,138,141,146,133,149,148,148,143,113,145,129,132,129,139,128,132,145,127,148,137,126,136,127,125,131,132,128,121,129,139,143,130,138,128,147,121,121,126,122,127,121,141,133,136,131,129,119,130,143,151,126,121,118,145,132,124,123,134,141,141,141,141,130,161,150,144,148,142,145,146,146,139,150,129,152,145,145,148,147,142,139,141,134,145,134,152,137
139,145,152,142,141,136,139,139,141,141,141,139,125,145,142,148,142,154,152,159,146,158,135,145,157,157,154,157,141,151,149,156,154,156,155,152,160,160,152,136,118,154,138,151,142,158,157,122,133,123,156,138,158,155,149,152,132,148,141,157,152,155,160,163,139,148,155,124,147,145,133,145,137,155,154,146,133,115,149,158,121,155,154,151,136,150,138,156,164,161,158,137,142,161,159,159,162,156,144,147,139,154,123,152,158,152,151,133,148,138,148,150,139,152,139,139,137,148,159,139,149,117,117,150,116,148,137,152,138,150,115,151,119,129,156,163,157,158,149,152,139,152,147,159,143,159,163,151,155,144,152,144,149,144,148,150,152,150,146,135,147,148,152,137,151,131,129,150,142,139,137,139,115,123,129,141,129,126,146,143,141,150,138,143,133,141,145,142,139,141,143,144,147,133,148,139,144
125,113,115,124,118,120,118,116,115,118,120,119,120,121,120,115,119,121,128,122,122,119,121,128,124,128,134,122,120,125,125,115,109,129,129,125,130,119,127,125,127,128,122,122,120,125,127,120,115,115,119,112,126,125,123,115,126,126,121,123,129,131,130,130,115,121,124,123,124,108,124,123,125,122,120,120,116,125,129,133,126,124,129,136,122,125,120,127,135,131,124,121,129,134,128,126,127,126,123,121,120,132,123,133,130,135,119,117,131,118,129,116,123,123,120,118,122,119,118,113,107,125,125,118,128,125,127,121,120,120,124,121,129,122,120,130,126,126,116,118,124,122,115,119,111,116,115,120,119,108,119,121,115,111,119,122,119,126,116,120,119,108,111,113,106,123,122,120,121,119,117,119,127,119,119,112,118,123,118,113,112,107,118,116,115,117,117,113,115,113,115,118,118,116,118,113,117
131,127,139,127,126,121,121,120,120,119,118,122,126,123,130,139,129,126,113,115,108,113,113,107,112,111,117,119,131,134,131,128,124,115,115,116,112,120,117,110,126,115,130,132,128,120,115,129,118,121,121,115,110,115,126,129,130,130,125,127,124,115,118,122,118,120,122,131,118,127,122,132,123,125,129,119,119,122,111,112,127,117,119,115,125,132,126,121,112,110,109,111,112,111,109,108,110,113,128,135,128,110,127,118,113,115,117,115,117,118,120,136,128,138,126,121,120,127,137,120,127,128,124,130,128,116,126,139,125,127,129,112,124,131,122,121,120,115,112,126,128,138,133,120,123,113,113,117,115,109,128,115,124,127,145,136,142,125,129,115,118,135,131,119,124,130,129,120,126,125,124,121,133,126,121,115,115,126,119,122,121,122,121,121,120,120,120,120,118,119,117,117,119,123,122,124,118
131,143,149,125,129,129,133,133,133,129,127,130,131,132,134,151,138,129,124,132,116,121,127,123,102,120,115,119,136,137,138,119,117,113,116,104,115,111,115,134,130,125,132,139,133,123,113,133,125,123,129,131,108,117,115,118,128,142,136,123,115,115,121,126,126,121,104,130,121,132,128,144,132,118,111,115,128,132,105,113,121,111,117,121,130,139,136,116,123,112,122,112,117,115,106,112,112,115,134,147,136,115,135,115,118,107,110,127,115,120,125,111,132,150,136,122,115,123,123,124,128,133,125,122,129,112,131,150,136,133,128,127,125,134,118,113,124,115,123,118,138,151,143,112,115,124,131,116,116,132,116,142,139,133,136,152,141,133,131,135,138,133,132,139,136,134,137,134,139,146,129,137,132,142,135,144,139,132,134,136,136,139,139,137,129,132,135,135,134,133,134,132,133,136,132,139,136
115,143,142,151,145,146,148,147,150,150,154,147,132,161,131,139,149,152,151,151,152,154,149,148,148,157,159,152,139,135,150,150,150,155,149,154,158,155,144,145,112,154,141,137,147,152,154,107,139,132,138,136,154,148,141,156,141,138,146,150,145,139,138,144,142,141,151,107,135,144,147,139,147,145,145,137,135,109,155,146,115,148,143,148,141,133,143,152,152,148,141,139,144,142,147,154,150,151,141,133,146,148,106,143,144,145,142,139,139,145,135,151,144,133,146,143,136,138,135,141,141,115,111,134,117,155,142,134,148,147,106,136,122,115,147,150,141,144,152,152,144,135,143,152,145,143,137,146,152,142,138,135,136,146,150,134,138,150,149,139,141,151,152,147,149,115,111,151,149,145,144,149,113,136,144,146,142,136,154,147,146,147,144,142,139,143,146,146,147,146,142,142,148,150,144,145,145
146,134,117,111,128,129,127,131,129,129,128,126,134,129,130,138,146,135,136,139,127,124,139,136,137,125,125,130,133,125,137,152,141,125,134,128,139,131,125,135,137,127,133,126,132,134,138,135,123,135,131,125,131,128,123,133,132,122,136,147,138,139,135,139,134,133,129,135,137,129,131,127,129,137,134,133,136,143,136,132,139,121,127,130,133,128,133,136,145,137,139,130,121,126,122,133,129,129,135,128,134,136,139,129,121,121,130,133,128,134,128,121,130,127,135,136,133,122,105,132,123,138,134,115,138,126,128,124,132,119,139,123,135,130,129,129,118,117,128,116,132,127,134,135,119,130,125,115,123,126,121,127,115,126,127,127,143,128,128,130,115,119,126,130,118,131,132,133,130,142,142,130,137,137,133,126,134,137,138,135,138,141,136,134,138,146,145,137,138,136,132,129,131,124,125,139,128
149,110,109,117,113,110,109,111,108,110,108,111,118,105,128,120,97,110,107,106,103,117,111,107,112,117,117,102,122,112,104,109,115,115,103,119,112,119,117,106,130,112,123,115,108,109,115,131,122,117,127,125,112,112,120,125,124,115,108,126,125,122,136,111,120,128,124,130,109,112,112,118,110,120,113,116,119,129,113,112,125,103,115,115,113,123,115,116,111,115,105,104,112,104,113,107,109,110,117,127,115,117,130,118,115,115,132,117,121,119,120,118,117,127,115,119,115,117,134,120,134,132,124,112,128,112,116,133,110,116,131,100,123,125,111,106,98,102,105,110,115,128,112,110,100,103,111,108,117,121,120,112,115,119,118,127,128,105,110,109,112,139,131,117,125,128,126,118,109,119,112,109,136,113,115,117,113,121,109,110,115,128,113,135,113,121,111,111,115,121,129,128,135,125,139,117,139
136,137,133,141,139,143,143,142,138,138,142,141,133,148,137,139,148,145,139,137,133,139,148,143,134,144,137,137,139,135,147,143,143,135,134,119,133,128,130,145,120,144,139,141,146,139,136,123,131,137,133,141,128,132,122,130,152,141,147,141,133,136,142,137,139,134,125,126,133,139,149,143,150,138,130,131,149,119,123,129,115,123,129,132,149,143,152,132,132,130,125,130,128,126,126,124,125,124,144,141,152,131,121,126,127,129,127,137,122,139,130,133,147,143,150,145,144,137,121,138,128,118,113,132,118,138,150,144,150,136,121,129,112,131,133,122,126,122,134,132,148,143,152,129,127,116,126,119,124,139,122,133,141,137,135,142,152,137,138,145,134,126,127,143,135,132,131,142,147,145,147,144,117,142,147,149,147,135,150,150,146,136,141,134,139,143,152,149,143,142,143,143,139,139,138,146,139
115,112,115,124,121,123,121,122,123,128,124,123,120,109,120,95,103,106,118,104,117,120,125,127,130,123,127,118,113,112,106,120,122,117,124,133,122,124,131,126,128,120,118,120,117,119,116,127,128,132,130,134,129,116,124,135,132,118,117,120,121,128,133,128,135,131,124,128,121,131,128,119,119,132,125,129,133,130,129,126,126,139,133,111,125,119,119,110,115,117,123,123,129,130,128,126,117,110,120,119,117,113,126,127,131,121,129,126,124,141,131,123,126,119,118,127,136,142,154,138,133,127,134,133,125,121,125,119,115,128,132,127,127,125,133,122,125,115,113,112,125,127,110,103,121,104,104,122,120,136,139,129,130,132,130,123,106,118,130,131,130,134,139,134,133,125,129,111,119,123,121,124,133,136,131,125,126,118,120,124,126,124,119,117,130,118,118,123,124,125,129,132,132,135,134,127,125
123,128,122,116,111,121,121,121,120,122,121,120,135,124,133,123,129,125,118,115,116,107,126,122,116,107,110,115,129,118,124,115,115,112,110,108,108,102,108,125,142,119,125,113,123,116,109,136,122,128,106,116,109,109,120,120,132,113,122,115,111,115,118,103,118,115,108,133,113,123,127,115,125,124,115,116,119,133,107,107,138,110,113,128,128,117,125,120,113,112,116,128,122,124,118,115,122,124,126,117,125,121,136,112,118,112,97,119,108,115,110,110,125,109,124,124,118,115,115,121,110,130,139,122,141,113,123,112,126,115,142,119,134,135,105,107,111,117,134,121,124,113,123,123,123,130,126,117,110,119,113,112,125,122,135,117,124,115,113,120,105,105,106,117,112,133,135,124,124,121,132,123,132,128,122,112,124,133,121,121,121,148,133,111,135,138,122,120,118,117,107,106,100,112,97,138,116
136,120,123,126,127,124,125,125,126,126,125,126,110,121,120,119,118,121,122,121,118,122,121,119,119,121,122,118,126,122,120,117,118,126,126,123,126,127,127,123,97,123,125,121,122,126,126,102,121,116,127,124,128,123,123,121,124,120,121,121,124,122,123,125,123,124,128,102,124,122,124,121,121,123,122,126,127,102,117,126,96,124,123,121,125,124,123,120,126,124,122,118,120,126,125,125,125,122,126,122,123,123,98,123,124,126,124,123,123,121,124,125,126,123,125,118,124,126,126,122,128,100,99,126,99,119,127,123,122,123,98,120,97,110,125,124,124,125,119,120,125,125,125,122,122,122,125,123,126,123,123,122,123,122,126,126,129,120,121,122,121,123,122,123,124,112,108,121,126,126,125,119,97,122,123,123,117,109,126,127,126,124,124,129,125,124,124,128,129,128,129,127,129,119,131,127,128
118,118,121,116,115,115,111,108,110,112,111,110,116,119,106,134,106,133,129,132,129,139,108,119,132,131,135,135,119,128,126,133,128,135,124,124,127,127,120,107,128,131,119,135,120,126,130,133,117,115,124,111,128,121,126,135,116,133,118,134,132,125,113,120,115,119,131,125,122,130,115,130,115,139,142,118,110,128,123,122,133,129,128,132,110,129,113,129,123,125,123,115,116,132,120,119,121,131,118,128,118,132,129,131,127,124,124,107,123,112,124,131,113,138,121,119,120,126,129,113,128,122,130,123,127,131,112,143,119,139,128,126,136,126,128,125,135,131,122,132,117,137,129,135,122,134,134,124,132,113,121,118,126,115,128,120,134,132,121,110,125,127,128,110,110,126,126,123,113,107,113,118,125,115,111,115,107,115,113,113,117,123,118,110,109,123,113,112,115,113,111,107,117,116,125,121,121
119,110,102,118,116,120,117,120,121,123,123,122,133,122,126,95,115,115,116,118,120,124,125,128,128,122,115,116,118,116,110,119,108,118,127,117,122,120,118,128,131,115,118,111,117,126,121,131,121,131,119,125,127,120,115,110,135,115,120,117,119,124,134,123,127,130,120,130,124,121,128,115,125,120,119,125,131,134,131,128,134,124,125,136,123,113,119,124,126,131,135,128,118,130,131,131,135,132,115,119,117,129,131,132,135,129,134,126,129,126,130,116,123,115,118,125,122,128,119,133,123,137,136,124,136,124,124,117,121,121,132,134,141,125,126,123,124,134,133,125,117,116,118,139,122,137,133,122,127,128,124,131,124,115,126,120,112,125,116,128,126,115,116,124,118,126,126,130,121,128,128,128,133,139,128,127,136,132,124,128,134,144,137,132,137,138,123,122,128,133,137,139,139,144,139,138,136
123,150,159,142,145,132,136,135,136,132,134,135,121,144,145,162,145,150,156,160,136,161,129,139,150,149,152,155,144,156,158,167,157,157,149,154,167,164,147,129,92,159,142,157,144,168,162,100,130,117,164,137,162,164,148,152,131,156,141,164,156,152,163,165,135,142,156,103,144,133,130,152,136,152,150,138,129,102,152,164,102,157,148,154,134,157,141,166,164,160,160,126,142,163,167,166,155,160,147,152,143,163,103,154,159,160,158,130,152,130,143,154,141,162,142,134,135,139,146,130,145,102,100,129,102,152,138,162,138,144,94,141,111,113,146,162,147,156,150,152,145,159,154,162,144,159,159,152,162,150,148,135,148,141,155,148,160,148,138,127,145,138,147,134,141,113,110,146,141,136,139,134,96,116,123,129,122,118,145,144,142,146,139,143,130,135,141,144,139,139,139,142,145,131,147,139,139
133,144,135,138,142,139,141,144,143,146,143,136,129,142,146,137,143,141,138,133,141,137,141,139,127,152,156,141,144,149,149,130,137,145,152,141,138,139,144,149,128,144,146,145,145,139,143,131,146,134,143,147,160,147,152,142,145,144,138,132,143,151,159,152,144,147,152,128,143,149,142,145,141,145,142,145,142,124,142,143,125,150,152,149,144,137,144,139,148,147,152,143,152,147,155,155,151,146,145,131,144,143,129,144,150,147,133,136,145,143,144,138,144,124,139,139,141,144,161,151,152,127,131,150,124,136,148,127,137,148,125,143,119,131,151,139,155,152,148,136,148,130,139,162,155,154,158,148,139,150,154,147,152,144,141,135,133,135,130,142,144,142,143,147,151,133,136,139,150,139,134,143,122,145,141,133,135,119,139,139,147,149,150,157,149,151,145,139,141,141,145,147,145,147,143,156,155
137,127,130,126,127,126,127,127,128,130,127,128,138,132,128,127,134,136,143,142,149,147,133,138,146,141,149,139,129,130,136,143,146,143,143,147,142,144,145,134,146,138,129,129,133,135,139,139,144,138,143,133,142,142,147,149,127,128,133,144,142,141,136,137,132,139,139,139,146,144,128,127,132,145,149,141,129,145,139,132,146,137,134,136,126,127,128,141,135,132,144,136,139,130,135,133,128,129,129,123,130,135,143,136,132,133,138,132,137,137,139,142,127,123,130,144,141,136,135,133,142,145,146,139,146,142,126,127,131,144,144,139,147,136,139,136,145,134,139,144,130,125,131,138,142,136,134,144,139,141,145,142,133,137,131,123,132,141,144,134,139,141,138,130,138,135,136,134,131,129,133,135,146,129,129,138,133,139,129,129,130,130,132,128,130,129,129,130,130,131,132,133,132,134,131,130,130
118,141,132,131,137,145,145,142,144,141,146,143,137,144,145,124,131,136,142,133,146,155,145,154,166,156,151,151,143,124,129,137,149,148,146,148,137,145,152,149,117,145,142,124,136,131,131,115,146,133,139,147,133,129,144,136,145,131,136,128,132,148,136,129,149,152,139,115,139,144,139,129,138,143,141,150,144,117,138,131,120,142,146,128,138,127,139,132,123,130,127,131,143,131,132,130,128,119,139,126,139,129,119,134,143,133,147,147,137,146,149,139,138,127,141,144,146,148,156,149,148,122,124,149,120,129,138,127,138,138,118,144,126,118,137,138,143,128,130,127,139,125,139,121,134,113,120,129,130,147,149,152,143,143,137,126,132,133,137,151,148,141,139,150,152,122,121,136,135,136,141,141,117,135,139,141,141,135,151,144,142,142,138,120,135,145,148,146,136,136,136,133,128,135,128,134,126
115,133,136,136,135,129,130,131,130,131,130,131,136,137,130,137,130,138,144,141,141,143,131,141,150,144,144,143,130,134,135,139,142,142,145,139,139,138,144,131,144,141,128,130,130,137,137,145,136,131,139,134,139,143,142,145,128,128,130,143,142,139,144,137,130,134,139,143,137,136,130,128,130,142,139,131,129,144,138,137,147,135,134,137,127,126,127,139,139,137,139,131,132,135,139,141,138,139,129,128,130,141,145,142,138,141,137,130,136,131,137,141,130,129,129,138,139,135,138,130,136,139,143,138,145,143,130,132,130,145,147,138,146,139,139,141,141,138,137,147,129,130,130,139,136,139,144,143,145,138,143,133,143,135,126,130,132,144,144,131,139,142,143,129,139,139,141,133,131,129,126,131,147,130,127,135,128,132,129,128,130,126,127,132,127,122,128,126,128,129,129,128,131,133,130,128,135
124,133,129,118,119,122,121,120,118,120,119,116,128,122,125,125,125,117,120,121,115,117,120,119,124,125,125,121,112,115,118,125,124,119,122,128,122,130,126,124,129,124,115,112,117,112,122,126,130,134,122,123,121,126,134,124,123,112,117,124,122,125,126,124,125,132,126,128,128,132,119,117,121,130,131,132,126,134,123,119,134,124,120,124,119,116,116,126,122,121,127,125,128,118,119,121,128,125,113,118,119,122,130,130,123,121,121,125,124,122,116,120,113,113,116,127,122,127,129,123,125,139,133,128,137,131,112,112,120,126,132,129,139,125,120,119,116,117,132,119,110,115,115,131,131,124,129,123,121,121,124,125,120,123,115,116,115,126,122,124,123,127,123,123,123,122,125,122,120,118,122,129,133,135,128,134,134,142,133,129,131,122,124,147,127,130,129,128,129,132,137,135,141,135,136,124,133
125,119,115,135,134,133,135,135,135,133,135,137,131,135,126,116,123,128,132,128,126,132,136,145,141,141,141,146,130,128,129,152,150,141,148,156,144,150,148,144,115,143,131,127,133,150,149,121,139,139,148,155,141,139,143,145,127,128,134,156,147,149,152,150,156,166,151,123,144,143,137,130,131,163,152,156,148,128,162,156,122,157,160,146,136,125,137,154,149,152,142,144,155,152,158,154,151,148,133,121,135,148,123,149,146,150,156,148,147,149,148,139,132,126,134,148,149,152,139,141,148,117,118,141,119,144,134,124,132,139,123,139,121,130,152,148,147,154,139,146,135,124,132,138,141,141,135,147,150,150,149,141,142,135,119,127,124,144,150,143,150,154,152,144,147,128,126,126,127,124,132,128,121,135,132,135,129,120,130,130,129,134,135,107,129,130,135,135,132,131,130,129,116,128,116,137,124
135,117,121,120,116,119,119,118,120,118,119,121,121,139,120,124,137,134,149,152,130,150,118,141,146,149,149,147,130,115,144,144,145,150,149,139,147,144,139,126,123,156,131,117,131,147,143,130,128,116,142,128,136,154,144,135,117,115,127,148,139,139,152,139,130,138,135,117,131,115,118,115,125,138,134,122,119,120,139,147,118,147,143,132,122,119,124,141,139,144,133,109,130,139,152,148,148,146,131,119,125,144,126,142,141,148,133,121,142,123,115,119,123,122,126,128,127,121,120,115,109,115,120,133,122,136,123,119,126,128,120,121,120,127,128,139,137,152,129,145,129,119,126,132,126,146,142,139,145,125,131,122,129,122,118,124,125,142,137,112,126,124,111,111,119,126,124,107,122,121,115,124,115,115,112,119,112,113,120,118,118,119,118,122,118,117,128,122,119,118,125,121,128,115,124,115,126
128,126,130,136,132,130,129,131,130,132,132,131,133,132,124,133,137,137,139,142,146,139,134,130,139,136,139,137,128,129,133,137,142,137,134,134,136,125,135,132,136,138,126,128,129,136,139,136,130,130,130,122,142,139,137,142,127,128,126,139,136,135,121,133,125,128,135,133,137,132,131,129,133,134,134,126,128,136,126,127,137,132,134,147,132,134,130,134,134,130,128,128,131,129,137,135,141,143,133,128,132,136,136,135,133,137,129,128,138,128,141,137,131,131,130,134,133,131,129,123,125,134,135,133,138,147,133,131,133,138,135,134,134,132,139,141,149,146,152,139,134,132,132,134,128,144,144,139,139,134,142,145,135,131,129,131,136,146,142,136,143,134,137,130,134,133,134,146,133,131,133,136,134,132,138,136,135,134,136,132,133,131,127,132,129,133,134,132,133,132,132,134,137,138,139,128,136
120,166,162,169,166,152,156,152,156,152,155,150,136,177,156,167,166,174,184,188,166,178,144,157,144,170,168,149,149,171,166,160,155,164,164,152,166,163,147,137,108,161,150,171,160,156,169,109,148,130,155,135,164,169,154,151,142,170,155,152,156,158,164,157,135,137,148,102,161,138,144,166,152,154,161,146,134,121,156,159,115,166,154,161,151,172,155,164,163,166,158,139,142,156,158,164,154,161,154,162,154,170,115,171,161,161,164,130,168,139,154,163,152,168,156,139,157,150,150,135,137,123,122,145,123,168,154,167,154,177,113,161,128,91,150,163,160,163,165,152,156,169,162,167,144,166,152,148,154,142,149,145,145,132,152,164,157,168,155,144,166,132,139,137,136,86,94,149,152,159,146,150,116,128,135,139,135,131,149,151,158,145,143,170,147,145,155,155,155,155,168,165,178,150,176,139,177
111,115,113,118,115,119,120,120,119,117,121,120,125,121,115,115,115,119,119,120,126,122,124,129,123,129,130,124,118,117,115,121,122,128,124,119,128,125,122,131,107,124,120,109,118,124,127,88,134,128,124,127,131,124,128,117,123,112,124,118,126,128,125,130,123,120,128,88,122,119,124,112,123,115,127,125,121,121,130,126,121,127,126,124,122,112,119,121,127,125,126,127,130,124,127,124,126,124,120,106,120,125,95,125,124,123,122,128,127,129,121,120,120,106,119,122,131,121,117,127,129,118,118,125,123,121,121,108,121,113,102,120,125,84,129,122,120,115,120,118,119,109,115,118,124,109,111,123,121,123,122,121,112,115,116,108,115,115,120,124,117,116,121,123,118,80,80,124,120,116,124,122,104,118,122,120,126,113,116,116,117,115,119,118,121,116,120,119,119,118,122,119,118,116,115,115,116
125,127,129,124,122,119,120,119,118,117,117,118,122,116,129,127,115,115,119,120,119,124,117,119,122,124,121,127,118,120,113,130,133,129,127,126,127,130,119,119,136,124,117,120,115,130,123,132,125,122,130,120,122,127,128,132,120,117,113,135,123,131,132,123,124,129,126,131,123,123,117,117,113,127,124,126,121,133,128,126,133,126,131,126,119,117,113,130,128,127,131,122,122,128,127,129,131,126,115,118,115,130,133,126,130,126,131,119,125,118,119,126,118,123,113,122,120,121,134,125,131,131,129,124,135,130,117,124,112,125,130,122,132,128,132,128,126,125,127,139,117,124,112,125,124,129,128,128,136,133,134,119,121,129,123,120,112,124,124,119,128,129,125,119,125,127,129,121,119,119,116,117,131,115,116,119,120,126,119,120,120,120,122,129,123,123,119,118,119,120,121,122,121,130,127,123,121
137,129,131,133,128,121,122,121,121,121,123,122,117,123,124,126,126,121,118,121,127,122,120,121,116,117,120,121,122,131,122,129,130,123,130,124,130,138,119,118,119,125,118,132,120,128,127,118,124,120,127,129,133,131,124,127,120,130,121,130,125,124,139,141,129,126,138,117,130,123,121,132,120,121,128,127,130,120,136,127,121,126,127,116,123,132,123,121,122,122,119,123,126,124,126,126,126,126,121,132,123,120,117,123,124,123,128,127,123,120,117,126,122,133,124,115,118,122,131,128,137,123,118,116,119,112,120,131,121,120,120,131,120,120,128,130,119,126,117,115,119,127,121,129,133,130,124,122,127,124,123,117,121,122,123,128,122,119,121,121,122,127,132,127,129,120,121,115,126,128,122,118,120,132,126,117,118,119,116,122,124,123,125,134,127,120,120,121,125,123,124,131,137,127,132,129,130
130,115,120,123,121,125,123,125,126,123,126,127,126,121,121,117,120,122,118,121,120,112,125,120,115,116,115,117,120,116,121,121,121,116,110,117,122,117,116,120,119,120,121,116,123,117,122,122,110,122,117,123,121,115,115,116,124,120,127,120,118,113,111,111,125,119,118,121,122,124,124,119,128,123,118,119,121,119,115,118,119,118,117,126,124,121,127,122,120,117,116,120,110,117,120,117,122,119,121,122,127,119,121,119,122,117,118,122,119,119,123,118,122,125,126,124,121,120,118,123,123,116,118,117,120,119,124,125,126,118,118,123,120,125,119,118,122,120,120,120,122,124,127,116,119,117,118,116,119,120,118,121,119,118,121,122,127,117,119,124,118,119,118,121,116,125,123,121,123,127,126,120,118,122,122,120,123,120,123,125,124,126,125,119,123,123,122,125,123,123,121,119,119,118,121,126,120
135,124,125,149,139,126,127,132,128,124,117,125,118,104,138,142,112,115,110,103,103,108,116,111,108,95,98,123,133,151,112,117,118,97,110,118,111,119,118,116,128,112,137,157,127,111,115,139,131,128,126,129,117,115,102,118,138,157,125,123,113,113,131,115,135,128,113,133,108,119,128,157,129,132,118,120,134,135,133,127,127,122,121,105,137,163,131,109,108,108,115,122,120,128,115,116,106,113,142,166,131,121,138,124,118,109,120,129,109,126,118,121,139,162,132,124,125,130,128,141,135,131,125,125,127,115,146,162,129,131,137,124,126,137,132,131,120,123,106,122,141,162,131,112,127,125,124,122,116,112,115,112,119,136,160,164,137,117,123,118,117,131,126,127,126,137,139,122,133,137,127,129,136,133,128,125,129,139,124,128,136,119,117,159,117,120,125,127,130,135,138,133,142,143,144,110,136
116,124,126,131,131,129,132,131,130,129,130,134,139,123,133,117,131,117,115,110,123,115,133,127,120,116,118,117,135,121,119,118,121,111,118,115,115,121,115,130,132,116,135,121,129,110,115,128,133,135,112,132,113,112,113,119,138,127,133,112,115,113,110,108,127,127,119,127,127,126,133,126,136,117,119,129,132,133,121,115,132,112,118,122,133,123,132,119,112,115,126,134,129,112,113,111,112,118,134,121,132,112,130,112,115,117,116,133,116,126,118,117,135,120,132,129,125,118,110,128,122,137,135,111,138,115,133,116,135,115,130,123,134,126,118,113,109,113,119,111,131,115,123,119,127,119,121,118,115,126,109,122,109,122,130,118,121,113,123,133,116,117,116,130,123,125,128,124,129,130,132,132,131,139,133,129,137,139,134,135,136,116,131,116,129,127,131,131,134,134,127,127,124,130,120,129,120
125,135,118,128,128,141,139,139,139,139,144,142,149,146,134,116,141,145,139,135,152,138,143,137,132,139,138,139,134,134,139,134,136,131,136,134,125,130,130,149,139,139,132,130,139,127,129,127,152,149,119,138,129,130,133,141,131,135,141,126,123,116,117,123,145,146,125,132,141,145,138,136,139,132,129,149,146,142,135,131,139,138,133,143,135,130,137,124,133,134,143,155,144,123,119,132,133,132,128,130,135,130,133,139,139,131,144,152,136,162,159,143,134,131,139,156,152,156,141,150,146,142,143,147,155,139,128,124,145,147,141,165,142,126,147,138,132,133,139,128,132,124,128,127,129,129,129,117,116,136,132,160,152,151,124,131,125,147,152,150,151,149,148,148,156,124,128,152,143,143,146,152,142,156,149,151,152,158,141,142,135,149,149,129,143,148,138,139,138,137,130,134,130,152,123,146,126
134,136,128,133,134,126,125,125,125,129,129,124,122,150,135,133,134,146,154,158,145,156,137,143,146,160,159,152,128,138,148,163,156,158,165,152,158,149,154,146,110,164,124,133,132,161,157,115,129,119,165,137,150,164,160,148,121,133,127,152,152,160,157,158,134,138,150,118,145,137,126,132,125,146,149,131,132,115,152,163,115,155,149,161,132,137,127,165,157,158,142,142,148,157,169,157,154,150,129,142,124,162,113,152,155,158,149,132,161,136,154,145,130,141,130,139,147,151,139,138,142,106,111,141,116,163,129,143,130,145,115,146,106,129,143,150,145,151,152,152,134,145,139,161,148,160,161,152,144,154,157,142,150,146,143,149,138,158,149,144,152,148,148,142,148,125,119,143,131,130,133,134,111,121,122,134,119,110,127,125,126,144,134,129,130,130,125,129,128,129,125,129,127,118,122,135,129
133,163,157,152,163,158,158,159,155,160,155,156,145,162,157,161,169,157,136,139,145,129,148,136,133,142,136,130,164,154,161,128,129,127,124,129,122,118,131,144,119,130,159,155,158,129,122,116,142,144,116,138,118,118,132,135,152,152,158,121,118,130,108,110,130,131,123,117,129,139,154,152,160,133,132,134,143,117,126,122,123,123,123,132,156,150,160,138,115,117,119,136,138,121,115,111,115,124,157,147,156,124,116,115,115,115,118,143,115,131,132,133,158,146,157,148,130,125,119,130,120,124,131,120,132,133,156,151,152,136,121,112,124,122,119,117,122,111,145,134,162,148,152,132,139,115,110,121,119,129,119,129,132,139,152,152,155,135,130,142,119,138,137,142,135,120,119,149,161,163,155,152,119,147,145,142,147,149,162,161,157,152,163,137,156,152,161,159,154,151,143,138,133,139,129,165,144
138,126,131,129,132,123,123,126,127,125,122,123,119,125,132,119,123,121,119,124,122,121,122,118,118,113,117,117,124,126,123,123,118,123,116,115,117,119,116,121,116,125,124,122,123,122,119,118,120,119,118,121,127,122,119,119,121,125,121,121,118,119,119,120,121,118,118,119,124,120,119,124,120,117,118,121,123,121,116,118,115,122,123,124,118,123,121,120,125,122,120,125,121,123,120,123,126,126,123,124,120,124,119,120,127,127,120,124,120,120,123,121,123,124,121,117,120,118,127,128,122,117,120,119,115,123,121,123,121,116,118,126,120,123,120,121,127,133,123,123,124,123,120,131,129,124,125,123,125,125,125,130,126,126,129,126,120,124,124,127,123,120,118,127,125,122,120,124,126,126,124,126,115,117,120,119,121,119,122,126,132,126,126,118,128,124,121,123,124,125,125,123,121,118,123,128,120
115,122,122,123,128,126,124,125,125,125,123,121,121,128,129,125,133,125,125,125,124,115,122,121,112,121,119,117,120,123,127,117,117,118,123,113,118,112,113,120,116,120,123,124,128,123,128,118,127,128,118,122,127,129,127,124,124,126,131,123,126,126,124,124,124,124,128,123,128,129,127,122,128,115,118,125,126,124,126,121,125,126,122,123,125,119,125,118,115,116,113,123,123,116,119,119,117,120,122,119,126,121,117,121,117,122,116,124,118,125,119,116,124,119,128,129,127,127,119,127,123,122,123,127,126,127,126,120,130,126,123,132,127,120,131,131,129,129,130,125,126,117,127,120,123,125,122,118,117,120,120,123,118,118,123,115,124,125,123,122,118,117,117,119,118,116,115,115,126,124,127,122,120,116,121,122,121,116,122,124,126,125,127,117,128,122,127,129,129,126,122,125,123,121,118,130,120
134,120,121,122,123,124,124,124,123,124,124,123,113,121,118,124,124,127,125,122,123,120,124,125,128,125,127,125,125,124,122,131,131,126,133,131,127,131,129,129,100,125,124,122,124,126,130,89,131,118,134,131,127,128,132,126,123,122,122,131,126,131,132,135,134,130,133,90,128,124,124,121,123,132,130,127,129,111,127,125,104,121,124,126,126,124,126,130,126,124,120,116,122,125,121,122,125,126,124,122,125,127,92,120,121,120,129,128,121,126,123,124,125,125,125,127,124,127,118,126,128,109,104,123,106,124,125,123,123,125,95,117,104,90,127,125,121,118,123,128,123,119,124,128,125,123,123,123,122,125,128,121,117,125,121,120,122,122,127,122,123,134,130,125,125,91,89,125,122,123,125,120,100,120,123,123,117,110,124,124,123,124,122,116,123,126,123,126,125,121,120,120,119,113,119,124,116
130,126,127,127,129,132,131,129,129,134,133,131,128,132,123,133,132,137,131,134,131,125,127,125,120,126,122,123,123,129,134,126,124,123,128,125,124,127,124,123,139,121,123,129,130,128,126,134,130,128,124,123,131,138,119,129,122,131,134,128,129,126,132,135,121,124,129,135,130,131,129,131,135,127,131,130,128,134,128,130,139,127,128,138,130,130,135,135,131,128,137,132,131,127,126,131,128,133,127,129,136,133,136,134,137,130,131,127,128,127,131,134,128,134,133,133,132,130,132,127,129,136,136,128,131,130,127,136,136,137,136,139,137,129,127,129,128,129,128,133,128,133,141,136,135,133,139,136,136,127,130,136,141,132,120,131,138,141,142,129,136,133,132,131,136,129,130,132,129,129,128,139,139,132,132,132,128,127,131,127,126,121,128,122,128,129,134,130,127,124,125,125,124,130,126,126,126
141,123,116,123,127,126,126,128,128,126,125,126,115,125,125,125,123,125,127,127,116,124,126,127,125,127,123,126,128,126,127,123,128,126,126,122,125,132,131,129,102,126,130,126,124,125,127,110,124,115,123,133,124,122,127,120,126,125,124,123,122,132,130,126,129,134,127,107,125,128,126,125,124,127,128,135,129,102,127,130,97,126,127,127,130,124,125,120,128,127,126,118,128,127,124,124,126,123,128,123,125,124,108,122,126,123,131,130,124,125,121,122,127,123,125,126,124,129,123,124,132,102,98,127,102,118,130,124,124,122,102,123,103,116,123,120,119,124,115,117,126,125,122,124,121,124,119,121,125,127,123,124,123,122,121,126,120,127,125,127,122,127,133,131,128,117,115,121,124,126,127,123,100,117,124,126,122,108,124,126,127,127,126,125,127,128,124,127,127,127,128,131,132,117,131,126,125
110,134,122,130,125,135,131,130,132,135,133,133,134,126,123,127,125,125,136,130,134,120,130,129,124,126,113,116,134,142,124,124,123,100,118,120,115,124,115,118,121,106,133,130,127,119,118,119,104,127,110,123,117,106,120,118,126,129,125,115,124,118,108,121,128,116,124,123,107,127,131,131,126,123,124,120,126,128,122,118,134,116,126,104,134,132,128,116,117,108,116,119,119,118,112,120,120,120,134,131,127,116,124,115,113,113,113,121,120,127,115,131,135,127,126,127,123,121,134,129,130,133,139,134,134,123,135,123,130,133,128,122,133,123,117,109,121,110,115,122,134,128,126,122,126,113,107,119,113,122,124,120,128,125,137,129,126,128,132,122,116,132,123,133,139,120,125,115,139,139,134,129,132,123,131,125,128,116,116,120,123,117,129,122,133,127,116,119,127,124,124,124,127,119,118,118,131
124,124,127,119,129,134,132,134,134,135,135,137,127,135,129,122,134,132,138,133,137,133,135,138,135,136,138,139,130,118,133,129,130,137,139,132,138,138,133,135,123,136,133,121,132,139,138,131,123,127,131,129,135,136,134,141,132,121,129,138,137,137,127,134,128,128,133,130,132,135,135,122,130,139,136,128,131,121,135,133,125,139,139,136,128,118,131,137,137,139,134,133,137,139,139,137,135,132,131,117,130,139,130,135,138,134,128,133,136,134,133,136,131,116,131,134,137,141,134,132,134,118,121,134,120,135,133,118,130,139,126,141,124,132,141,143,142,144,136,144,134,120,130,145,143,136,135,139,137,134,136,126,136,136,132,126,130,137,132,135,135,137,139,134,135,133,132,134,138,126,134,134,122,123,134,130,131,122,129,130,133,137,137,131,134,129,127,132,135,133,130,132,123,118,127,136,133
119,123,132,117,121,126,126,128,129,130,128,130,130,121,130,118,119,106,121,121,116,118,121,126,133,125,129,132,132,120,123,123,125,130,122,119,127,132,123,121,130,133,127,119,122,123,124,128,120,119,113,117,126,117,117,128,130,117,127,124,121,117,109,120,117,120,125,129,126,131,123,115,126,122,123,130,110,124,117,117,126,129,124,118,123,117,125,115,118,119,109,116,111,107,108,112,116,121,123,117,122,115,125,108,120,121,109,115,115,116,103,115,122,113,121,111,115,109,102,119,109,121,122,113,124,116,118,111,120,106,130,117,131,132,105,107,106,118,115,115,123,112,120,107,111,111,113,109,116,107,107,113,116,117,128,113,123,105,103,119,116,119,119,115,105,128,127,125,123,119,127,110,122,120,116,112,120,128,128,130,121,126,125,119,127,119,120,127,124,124,126,118,113,113,120,122,125
117,122,122,125,130,127,128,128,128,130,128,126,122,133,134,127,132,132,133,136,135,136,132,136,141,139,141,141,135,138,131,147,146,142,139,144,141,139,144,130,122,139,135,137,130,139,143,124,134,125,144,133,139,146,144,147,129,134,129,141,137,145,147,142,133,138,142,126,139,134,131,136,128,143,145,136,132,120,146,147,120,145,145,137,135,134,128,144,142,137,141,127,137,136,137,138,131,133,136,134,132,136,126,137,136,141,143,135,138,136,136,141,133,136,132,139,141,143,138,134,137,119,122,139,124,139,134,137,130,145,123,139,125,128,143,142,138,139,134,141,137,136,131,137,143,134,135,139,143,145,142,124,139,135,135,138,133,139,139,133,136,141,141,132,136,128,128,120,133,130,131,131,121,126,128,132,124,124,131,133,134,126,126,127,128,127,131,132,133,136,132,131,127,116,124,128,131
146,139,149,129,129,132,133,131,132,132,132,132,130,133,125,159,142,145,139,135,138,138,136,134,141,145,133,131,138,139,147,143,147,133,142,143,137,131,134,131,141,135,132,135,135,138,136,145,133,130,143,132,139,132,126,138,132,132,130,143,141,144,146,135,136,138,143,145,124,133,133,131,132,142,141,139,136,139,143,141,141,138,138,138,136,131,133,146,135,138,136,126,139,138,136,135,128,128,131,131,133,138,141,144,137,135,142,130,136,138,134,132,134,138,136,141,139,146,144,131,144,143,138,139,132,135,134,141,132,142,141,139,137,146,143,137,143,136,127,132,130,141,137,143,147,139,139,141,147,144,145,138,132,136,132,132,137,144,145,133,145,145,149,136,142,145,144,127,136,133,131,137,144,133,134,138,129,131,134,130,127,133,131,139,130,136,134,132,132,131,129,130,127,126,126,132,137
126,119,122,115,113,121,120,118,120,120,120,119,124,115,118,125,118,119,118,115,116,118,118,117,119,118,117,118,124,124,115,116,118,118,118,120,116,115,118,120,116,115,125,121,120,115,120,119,124,123,116,118,118,116,117,113,123,121,121,115,118,115,112,115,115,115,116,120,116,121,122,124,120,115,118,117,117,120,118,116,117,116,117,110,126,125,121,115,113,115,117,120,118,115,116,115,115,113,123,124,119,113,117,110,112,113,116,118,115,115,109,113,126,125,121,115,115,115,119,117,115,119,119,115,118,115,126,127,120,115,116,110,119,120,115,115,115,112,113,115,125,126,120,112,115,115,111,118,115,110,113,112,107,115,126,126,121,109,112,117,111,115,116,116,110,120,119,115,125,119,123,116,115,118,119,116,118,118,122,122,121,121,121,117,124,119,120,121,120,119,120,119,118,122,121,122,118
112,124,136,113,106,107,104,105,105,106,106,106,104,120,115,130,118,116,115,121,121,124,107,107,111,118,123,118,100,113,120,115,106,118,120,113,121,115,105,107,107,122,99,112,109,118,116,116,112,105,122,113,128,121,117,126,103,110,109,120,124,116,120,121,107,108,119,117,115,110,108,110,109,110,115,111,108,108,123,127,112,131,130,134,104,117,110,123,123,129,125,120,113,124,139,133,134,136,102,112,109,134,115,126,138,139,133,113,139,116,122,132,104,121,111,118,117,117,133,118,121,112,113,121,120,134,106,125,112,120,113,124,117,127,134,144,133,139,139,134,108,126,123,136,117,136,138,139,139,127,132,129,126,115,120,124,127,124,118,115,126,121,128,110,124,127,123,120,104,116,109,110,115,107,107,116,110,115,111,106,106,130,107,112,105,115,112,107,104,104,103,102,115,103,110,118,112
127,118,123,122,125,125,125,124,124,124,124,125,121,122,122,120,123,122,127,126,118,119,124,126,126,124,126,130,120,112,135,125,127,122,121,126,127,128,129,122,120,127,121,111,127,128,127,124,112,119,132,125,126,129,125,132,121,111,126,129,127,119,131,126,126,127,128,123,123,124,124,111,126,126,127,123,124,120,128,133,123,121,122,128,122,110,125,131,126,128,120,116,123,133,125,127,124,128,118,116,124,125,122,123,122,127,123,122,119,123,121,120,121,115,123,123,116,122,113,115,124,120,119,118,123,130,121,115,121,121,122,117,119,124,121,123,112,120,125,131,117,116,122,124,119,117,124,124,126,122,115,118,126,125,119,115,118,119,121,118,123,121,116,125,124,124,124,125,121,120,120,119,124,118,120,116,121,117,126,126,121,124,126,125,120,120,123,126,126,122,120,117,117,118,113,122,123
115,152,134,149,159,172,169,170,167,169,166,169,152,150,144,139,157,152,132,139,152,133,173,156,132,138,130,132,164,152,147,128,133,136,135,124,128,121,139,171,118,130,167,145,169,124,125,115,169,168,139,171,129,130,137,128,160,152,169,139,136,144,129,124,166,160,133,117,160,168,174,157,173,161,145,178,177,126,138,131,120,142,138,127,177,151,174,142,130,136,149,158,155,125,117,123,121,125,170,150,169,122,118,142,128,129,129,177,129,167,152,132,173,141,171,166,172,163,147,176,151,136,128,156,131,138,165,138,167,157,121,159,128,112,143,126,125,125,129,129,166,145,152,127,166,134,133,135,129,155,126,163,135,160,152,149,130,142,163,174,146,144,149,169,154,112,112,147,177,161,166,173,120,167,170,173,172,155,172,175,165,134,171,132,166,162,173,175,172,168,163,164,144,162,135,158,145
132,108,115,100,99,100,99,99,100,103,102,98,89,98,103,115,100,99,115,113,92,116,98,102,105,108,116,108,102,107,105,110,111,117,112,115,119,121,115,99,97,118,102,108,97,119,121,102,103,91,120,100,121,119,115,109,104,105,97,116,118,109,116,125,98,102,117,105,108,99,100,102,95,104,116,99,98,94,113,123,93,121,111,108,102,108,95,112,127,121,110,95,104,124,121,119,117,115,102,108,96,120,98,117,121,120,121,97,121,99,108,112,102,112,96,96,103,111,123,105,112,94,95,111,92,108,103,116,96,110,99,110,91,113,116,118,115,111,103,103,105,113,99,107,99,110,111,110,113,97,107,96,103,94,112,108,102,104,99,97,105,98,106,99,102,113,110,100,103,102,100,97,95,95,99,99,94,92,104,105,105,107,102,112,104,99,102,105,102,103,104,104,102,89,106,105,109
129,115,141,121,115,112,113,113,113,110,112,112,120,124,116,130,118,143,134,138,141,133,113,120,125,131,136,131,108,116,129,126,127,135,126,124,132,123,120,111,135,125,109,118,121,122,138,133,123,125,122,105,132,131,135,134,109,118,119,124,138,122,116,133,105,120,145,128,124,126,112,116,120,126,141,120,108,126,118,127,137,134,127,143,115,123,121,117,139,130,137,123,122,126,126,129,132,135,115,126,123,127,137,141,136,128,129,112,141,124,125,141,110,127,119,115,124,119,142,121,136,143,138,143,134,127,108,133,117,127,137,131,134,130,137,133,137,134,139,120,112,126,127,127,119,137,132,128,123,123,133,127,133,127,127,121,133,127,128,115,137,132,134,111,127,132,135,129,115,119,115,117,133,126,117,116,118,125,117,115,113,115,112,118,111,119,118,113,111,112,112,115,118,121,116,113,105
123,124,131,123,120,124,122,122,125,126,127,121,132,133,122,123,132,136,139,138,136,135,122,132,135,136,136,132,120,117,133,125,127,133,127,129,136,128,127,122,138,135,119,118,125,134,135,133,123,130,127,118,132,132,127,126,116,119,128,129,130,129,120,131,117,118,128,132,124,122,117,118,123,126,135,125,116,143,124,131,139,129,127,131,115,117,122,136,139,136,139,135,136,139,133,135,134,138,118,115,124,136,133,134,131,135,125,123,132,125,129,132,115,118,123,126,131,128,126,121,120,139,142,132,143,134,112,122,126,133,134,132,143,125,126,132,132,137,134,132,115,118,127,132,127,129,129,131,127,122,129,124,131,119,117,121,125,128,125,124,125,116,117,122,122,124,128,128,119,120,123,126,139,124,119,125,126,139,127,124,123,137,120,117,121,123,129,124,120,118,119,123,118,117,118,126,117
119,123,115,119,122,137,132,130,133,134,137,135,136,136,123,120,129,125,136,127,141,139,137,144,136,134,137,133,132,122,127,128,129,137,137,129,135,133,132,138,124,141,136,119,135,136,134,124,132,133,136,138,141,135,141,138,138,124,133,133,139,135,131,136,139,131,139,124,144,138,139,128,136,131,136,134,134,118,139,138,123,139,141,142,134,125,136,134,136,134,137,144,144,143,139,138,136,131,134,127,136,136,122,135,137,141,128,141,137,139,145,141,135,119,138,134,142,138,135,139,131,124,124,136,125,134,133,112,138,135,120,133,124,123,129,134,137,135,133,133,130,116,129,128,134,126,122,132,129,126,128,128,135,137,132,121,126,123,126,135,127,132,132,135,129,125,124,129,135,128,138,134,119,141,136,135,137,125,122,125,123,124,135,125,128,133,122,125,127,126,125,125,119,131,122,130,129
118,128,124,139,132,131,132,131,130,129,128,133,135,119,133,124,125,111,108,109,117,115,135,130,128,115,113,115,130,120,112,124,120,115,115,119,115,115,119,131,127,112,133,118,122,120,112,125,128,135,126,136,115,111,110,116,139,122,126,120,115,115,121,117,135,130,117,126,121,133,134,123,131,121,113,127,133,127,125,121,125,111,115,117,130,119,129,124,121,120,122,134,129,118,123,119,119,119,127,121,128,116,125,117,117,119,117,137,119,132,120,108,129,117,129,133,124,125,119,134,125,125,123,110,128,110,129,115,129,109,126,123,129,122,116,113,109,115,109,108,128,115,121,118,128,117,111,118,113,129,116,124,107,125,122,117,122,116,121,134,117,133,130,133,122,122,122,118,129,132,132,127,127,134,132,125,131,126,121,128,128,109,126,120,129,129,121,127,132,131,128,132,123,132,121,123,125
129,120,135,136,127,121,122,121,121,120,120,115,103,125,127,135,122,129,131,135,127,134,118,125,128,121,134,128,121,133,133,127,128,131,125,127,141,134,121,110,105,136,120,125,127,141,139,115,112,111,138,118,139,139,128,134,122,122,123,143,147,135,136,133,120,111,135,116,112,117,120,121,118,133,138,115,115,111,135,133,106,136,125,138,121,122,123,134,136,137,123,104,117,127,146,139,135,138,119,122,123,147,115,139,137,138,134,115,135,113,122,138,120,126,121,121,124,119,127,119,122,104,109,119,106,139,117,125,119,134,110,122,110,124,123,132,135,133,131,139,119,128,121,133,124,124,119,137,143,125,134,107,124,125,120,124,125,132,129,112,116,126,125,113,115,120,118,123,118,127,119,117,106,105,112,112,106,106,119,116,117,137,127,139,124,122,124,119,118,120,129,133,145,129,148,128,142
129,121,121,126,127,127,127,126,124,126,125,125,127,125,127,123,125,124,127,128,128,124,126,128,124,123,124,123,123,121,124,121,122,126,121,119,128,124,120,124,132,125,124,123,127,127,124,128,126,133,128,126,129,125,119,123,128,123,127,125,128,121,121,121,123,122,122,129,126,126,126,125,127,121,126,126,126,129,123,124,132,125,122,125,126,125,126,123,125,128,121,128,125,127,129,127,128,125,124,127,126,129,129,131,129,129,127,129,131,128,134,127,127,126,126,128,128,130,128,125,127,131,132,129,131,128,127,125,126,126,128,127,129,128,129,128,128,126,126,130,126,123,124,117,124,124,126,126,126,133,133,128,129,127,123,124,122,127,129,128,130,130,133,127,127,127,127,126,125,128,127,127,130,125,125,128,126,130,126,126,124,130,128,126,127,124,126,126,126,127,126,126,129,124,130,129,130
135,122,127,120,129,131,133,130,132,131,134,134,132,135,123,126,130,137,137,139,129,130,128,129,118,121,129,120,127,130,136,118,118,125,115,116,126,125,113,128,122,127,125,127,138,130,129,126,124,128,134,127,125,126,125,122,122,123,134,121,135,115,120,124,119,121,124,128,128,120,127,125,133,117,130,124,124,135,121,131,131,130,122,130,127,130,133,131,129,133,130,123,133,137,131,134,128,138,128,127,133,138,125,137,138,134,134,130,138,125,132,126,123,127,131,113,125,127,122,119,125,137,133,124,132,122,120,127,134,126,125,124,124,123,122,123,123,123,125,130,123,128,135,134,126,125,128,129,130,121,126,126,136,127,126,129,129,123,115,118,121,117,121,123,115,125,126,130,126,130,133,122,122,129,125,120,129,134,133,133,130,139,127,129,129,134,133,131,129,128,129,126,127,135,133,129,123
119,132,137,143,145,143,143,141,139,139,137,139,138,129,129,129,123,127,113,115,127,123,136,127,117,125,108,108,136,135,121,109,116,110,134,99,112,109,113,137,137,112,135,137,136,112,108,137,128,131,112,132,118,115,115,108,139,136,135,102,108,116,122,112,132,123,122,137,135,129,139,139,137,103,112,138,137,139,121,115,132,112,123,129,139,135,137,121,117,115,131,136,126,118,130,124,125,119,138,137,137,115,137,127,128,121,119,136,127,134,132,110,139,129,136,126,129,132,136,142,126,128,130,123,132,116,139,134,138,118,134,137,127,128,119,115,115,109,121,119,142,139,137,122,130,131,130,124,116,142,118,138,130,131,138,136,134,130,135,138,133,134,136,144,148,128,130,130,139,139,138,138,137,141,141,135,139,131,132,133,129,128,139,138,135,141,133,134,135,134,132,137,135,139,133,133,137
112,121,118,116,124,129,127,126,127,126,128,127,130,118,119,110,125,122,125,121,131,115,131,131,122,125,123,125,120,117,115,125,124,118,124,127,119,118,128,134,130,121,122,112,127,125,127,131,121,136,127,131,126,128,126,120,122,117,126,128,130,126,121,129,131,129,124,127,122,124,126,119,127,132,126,125,129,133,115,125,130,126,127,121,124,113,127,129,131,133,133,139,133,125,127,128,124,142,122,113,124,128,132,128,128,136,119,134,125,132,124,125,123,107,126,134,132,125,111,129,115,132,131,132,133,128,120,103,122,128,131,127,134,127,119,124,126,131,132,131,121,104,119,132,134,138,138,134,125,116,115,121,118,111,111,105,115,121,123,131,113,112,106,124,111,126,127,122,124,121,126,132,132,129,130,125,133,134,129,127,127,109,124,108,122,131,129,127,125,121,115,113,103,122,102,117,105
118,133,131,115,122,134,134,133,136,137,136,134,134,131,132,124,145,133,123,119,136,117,142,133,126,127,115,113,134,115,128,113,117,111,115,118,108,107,124,136,125,110,135,111,138,106,108,123,127,136,111,128,112,111,113,115,134,115,137,112,111,117,102,104,128,122,111,118,128,132,136,119,139,113,111,132,129,125,111,108,126,112,117,119,134,109,137,116,113,115,124,132,127,108,112,111,112,117,132,112,135,115,124,123,117,123,118,141,128,138,131,111,133,106,136,139,134,134,121,136,127,130,131,128,131,112,127,102,138,121,123,130,132,119,117,113,121,118,125,120,128,102,125,124,134,125,130,123,119,132,128,141,121,142,127,112,121,131,135,147,133,141,133,143,133,119,119,142,134,131,141,143,127,145,145,143,146,138,136,137,137,131,142,122,144,141,138,135,137,130,128,129,128,135,127,134,118
133,118,124,129,123,123,121,123,124,124,120,123,116,129,127,134,126,132,125,134,119,129,121,117,139,127,136,147,127,131,137,143,139,127,128,146,133,139,145,112,124,141,128,128,125,128,136,117,122,117,134,121,129,128,134,150,133,125,123,138,132,124,123,128,124,128,138,122,121,139,128,123,128,149,139,123,117,120,127,129,126,132,130,127,124,131,125,128,128,126,127,118,121,116,129,127,130,128,130,129,129,125,120,135,127,127,142,120,132,124,128,147,128,139,128,131,125,119,133,117,132,125,124,139,119,142,128,142,127,146,119,117,125,125,138,139,145,135,133,149,129,136,138,142,136,134,127,131,138,121,138,123,126,152,137,138,143,138,139,118,128,142,147,121,132,124,119,134,123,125,122,127,126,115,120,124,109,113,116,110,108,139,123,115,117,121,115,112,111,103,102,105,115,116,111,126,116
119,131,127,126,122,133,134,134,134,133,133,132,127,138,136,135,133,134,136,135,138,136,136,148,146,142,145,139,126,120,131,131,138,136,135,139,139,141,138,142,126,139,126,116,125,137,141,127,126,132,144,136,146,143,156,144,121,120,125,139,152,143,137,142,131,136,152,135,145,139,128,119,124,152,148,149,136,125,138,145,117,154,155,152,126,121,123,143,144,147,142,133,137,147,147,157,152,158,122,119,123,145,127,163,159,149,155,139,165,144,154,155,123,119,122,138,146,147,141,135,139,131,130,138,118,148,122,124,127,151,126,138,122,138,136,142,143,141,148,138,122,127,127,138,131,142,142,152,145,139,145,141,152,134,127,130,135,149,149,139,155,139,151,139,142,141,137,137,124,127,131,139,127,136,139,139,136,132,129,124,124,141,132,128,132,128,133,127,121,121,129,128,133,124,137,135,131
139,125,136,115,107,113,115,110,112,115,118,116,117,119,115,129,124,127,124,128,117,124,110,120,147,128,135,137,110,115,121,123,132,133,132,139,127,126,150,115,124,131,112,117,118,127,121,128,108,107,128,118,126,123,139,131,108,118,117,134,130,135,136,134,120,123,130,121,113,124,115,123,117,130,126,108,115,123,132,129,118,132,135,125,110,117,116,131,139,131,119,121,126,124,133,134,147,144,108,115,116,131,123,133,126,135,129,116,130,118,115,130,110,116,117,125,121,115,122,112,119,113,121,129,126,156,110,115,116,131,121,109,121,127,137,139,139,144,149,152,106,115,124,142,135,152,156,152,138,115,130,115,132,119,102,112,128,132,125,113,120,123,122,108,116,127,125,122,109,99,109,123,119,115,112,115,110,111,119,112,115,128,105,122,111,115,118,115,110,112,111,109,110,105,105,109,105
111,115,109,137,139,141,139,141,139,139,139,139,136,133,126,111,122,129,136,128,135,135,143,145,133,139,134,128,126,124,119,122,124,132,137,129,131,127,135,145,117,131,132,123,130,128,127,115,133,137,123,138,124,133,134,123,133,127,133,133,124,137,128,134,137,138,123,117,127,128,138,128,135,144,129,139,139,124,129,130,118,134,134,127,133,122,132,129,129,132,129,132,141,129,128,125,130,128,131,121,130,125,117,132,125,130,123,141,131,139,137,116,134,115,130,145,141,139,118,135,122,122,118,138,123,133,138,113,131,130,116,134,121,115,135,131,133,132,128,139,136,110,121,124,128,123,129,131,129,136,127,132,129,135,119,116,121,134,139,142,129,126,126,137,135,115,113,123,133,142,133,132,115,132,142,143,137,128,133,141,141,122,131,126,132,125,135,138,139,142,141,139,137,139,132,133,131
126,109,123,108,104,113,112,113,117,117,120,116,113,128,107,141,128,133,134,139,130,134,115,122,143,124,135,134,110,127,136,139,144,147,136,139,143,147,129,112,123,142,112,124,127,135,141,115,120,115,134,121,150,141,133,147,105,121,121,141,151,139,128,133,117,122,149,118,136,123,115,121,117,136,143,128,115,117,129,134,123,136,135,138,113,129,115,129,128,131,115,110,119,130,132,134,130,135,116,124,117,132,116,139,143,139,144,115,139,118,129,139,113,127,117,126,129,120,139,115,129,118,126,139,115,132,116,130,118,139,121,138,125,117,133,134,143,136,124,131,119,125,121,127,123,137,129,139,139,126,146,124,127,120,116,123,124,134,129,113,131,132,128,115,129,118,115,107,108,109,116,115,121,110,109,112,107,102,110,106,105,128,115,105,110,121,112,111,106,102,103,103,108,104,109,121,106
127,111,121,113,119,117,117,116,118,118,117,116,119,115,115,113,115,118,120,121,119,117,115,116,115,115,121,121,113,107,115,125,124,124,120,121,127,120,113,118,119,119,115,106,116,118,124,122,117,117,124,115,120,126,120,123,110,111,116,128,122,134,127,127,116,119,127,122,123,115,113,110,116,123,130,119,115,122,128,130,123,125,133,128,115,111,115,124,128,127,128,126,130,124,122,120,122,122,115,115,115,119,123,120,123,128,128,119,122,118,121,130,116,112,115,120,116,115,122,117,118,123,121,110,122,122,115,111,115,121,125,122,126,124,118,121,119,122,116,119,115,111,113,123,121,118,115,124,125,117,118,115,112,115,113,116,115,113,117,115,115,125,122,115,119,123,122,117,116,115,113,117,126,117,117,115,118,128,120,120,118,117,115,109,117,113,118,115,116,115,110,111,109,112,110,117,108
133,124,126,146,134,126,129,130,131,131,130,135,137,127,138,128,124,121,127,121,128,125,120,130,133,127,122,130,135,137,135,136,138,131,133,130,129,128,125,131,143,131,135,137,132,138,135,147,135,132,133,122,127,134,130,122,139,137,132,141,132,133,150,138,130,123,127,142,127,125,131,141,130,130,125,134,128,145,137,141,145,139,136,124,130,132,129,139,139,146,156,139,145,134,138,138,141,135,133,132,130,134,144,128,134,139,126,125,130,132,134,127,134,128,131,121,118,117,119,125,113,145,137,126,139,133,132,131,131,123,143,133,139,138,127,131,118,131,126,124,130,136,123,116,117,127,122,124,122,106,113,126,124,117,139,136,119,123,121,122,124,121,112,113,116,137,137,110,127,137,125,123,143,139,128,121,127,132,121,131,133,109,119,141,128,118,121,129,135,139,145,149,144,144,134,112,144
123,127,123,124,126,128,127,127,128,128,128,123,115,131,127,125,127,133,128,126,126,131,127,123,127,130,128,126,125,132,131,122,124,126,127,126,125,121,127,123,132,124,126,131,129,120,123,138,125,123,121,122,127,127,126,127,123,131,128,119,123,125,130,122,128,128,128,137,127,127,127,129,126,125,128,127,126,123,124,126,128,128,127,126,125,131,126,121,126,128,130,125,122,127,126,128,128,126,128,132,127,126,139,129,128,128,131,126,131,129,129,129,126,130,127,129,128,131,130,129,128,126,124,126,123,125,128,133,127,126,136,129,122,133,131,132,131,128,125,119,129,132,127,127,124,128,131,126,126,131,131,125,129,126,120,130,125,131,133,127,131,133,130,130,132,133,134,123,129,124,125,129,137,125,125,131,126,124,128,127,127,130,130,129,128,124,128,129,129,130,133,136,135,131,134,132,133
119,142,113,145,150,162,156,157,158,162,161,159,158,154,143,118,152,132,139,132,154,142,165,146,132,131,117,115,145,146,129,121,110,107,139,119,116,116,121,161,124,106,148,135,155,109,113,126,152,165,100,145,116,122,129,113,160,142,152,109,107,130,124,117,156,146,121,130,144,150,160,144,160,126,115,149,165,130,139,121,128,119,121,133,162,144,160,122,112,102,119,161,145,130,120,123,121,103,151,147,155,119,129,108,111,115,115,158,115,157,146,115,160,132,156,155,144,146,132,166,148,136,130,138,134,109,161,130,158,127,133,143,129,128,130,116,116,118,132,108,159,139,139,129,142,121,123,115,111,139,129,150,133,152,159,151,129,130,142,163,136,133,135,166,152,127,129,152,158,166,166,161,127,163,167,168,170,152,156,155,155,135,151,154,162,161,157,152,155,157,154,154,148,160,141,149,149
129,129,119,136,138,142,142,143,139,139,143,139,135,137,130,127,142,137,148,145,156,151,145,159,138,145,138,142,134,138,135,138,145,141,157,145,148,148,138,146,124,144,139,142,147,139,149,128,152,145,152,152,156,143,138,137,142,138,143,137,148,147,152,168,155,145,149,123,148,142,141,141,143,145,144,152,144,132,158,151,128,149,144,145,142,139,139,148,143,141,152,147,151,157,152,150,135,133,143,132,139,146,126,139,144,141,133,143,141,139,149,137,142,130,142,139,147,142,136,137,132,125,122,144,128,135,146,128,137,128,119,145,130,123,145,143,136,139,136,128,144,130,137,133,137,129,128,134,132,149,120,133,132,123,139,134,137,122,124,141,132,118,117,138,130,123,126,124,138,137,147,135,122,138,139,141,136,125,139,139,138,132,133,124,137,141,148,144,143,143,139,138,135,129,125,136,127
129,135,126,137,134,136,135,134,137,136,130,137,136,131,136,111,130,120,125,125,124,138,131,122,125,123,123,111,126,115,115,131,116,122,127,129,124,132,130,136,128,115,126,118,118,127,125,135,132,134,131,134,123,127,131,116,128,117,122,126,117,123,127,128,141,128,117,132,135,130,128,117,124,119,111,121,137,128,126,124,124,122,123,134,124,111,121,131,128,122,126,135,127,125,124,120,120,118,125,122,126,124,130,125,130,124,124,136,122,139,127,119,125,113,128,136,122,133,122,139,139,131,128,119,129,112,125,111,127,120,128,136,126,129,119,115,117,119,115,109,123,111,117,116,121,120,130,116,117,130,122,130,124,137,135,109,113,115,115,129,125,121,121,131,126,131,131,124,125,128,131,127,129,131,130,129,135,132,133,132,133,132,130,125,131,129,134,131,133,134,131,130,136,137,130,128,117
128,112,127,115,116,121,121,119,118,118,123,121,118,132,116,130,127,134,123,132,127,125,122,116,115,128,127,111,127,120,139,118,115,129,120,109,129,115,106,121,120,121,126,118,126,127,119,120,107,108,112,104,124,121,113,111,129,118,122,117,119,112,105,118,102,96,108,118,115,100,123,118,121,103,109,104,106,124,115,122,127,122,120,129,124,117,120,116,126,129,121,124,118,121,125,124,126,129,126,117,121,133,117,127,131,126,120,111,124,115,119,116,123,121,123,108,115,110,107,111,100,121,121,108,120,121,125,124,120,117,120,122,126,120,120,133,123,136,135,115,125,120,126,136,107,138,142,119,128,123,124,118,132,111,121,115,132,131,118,118,123,109,111,117,118,119,120,120,123,115,128,119,122,115,120,122,120,126,129,125,126,128,126,117,125,123,126,123,119,124,124,123,118,118,119,129,120
131,112,113,111,112,115,111,112,113,113,110,112,120,113,108,110,118,120,127,123,123,132,121,136,134,134,134,132,115,111,122,130,132,142,136,136,139,143,130,123,138,135,118,111,116,132,137,129,130,120,126,123,130,135,133,129,110,110,115,132,135,133,126,132,124,127,132,132,131,124,115,109,116,132,132,132,119,134,129,129,135,131,124,124,115,111,116,125,121,126,110,118,117,115,124,122,119,120,113,111,116,125,132,129,127,124,128,123,127,126,128,128,115,115,115,122,125,130,132,123,121,139,134,128,132,124,111,113,116,131,135,128,141,123,129,125,122,126,113,126,113,116,109,119,125,123,116,124,130,121,129,126,120,115,104,116,111,125,123,127,129,116,119,119,115,122,127,118,118,115,116,118,137,117,119,121,122,118,109,112,115,108,113,112,113,115,110,112,117,115,116,115,115,122,119,107,106
116,146,154,135,130,121,121,120,122,122,122,122,125,133,144,143,133,141,135,130,124,135,118,125,136,133,128,130,128,130,138,127,134,126,123,123,132,129,123,119,131,129,125,131,128,131,124,137,122,120,127,117,132,126,123,120,119,130,125,126,123,129,126,128,118,117,121,136,125,118,113,127,121,120,123,117,115,135,123,128,135,123,128,120,118,130,125,121,123,122,124,119,122,125,123,122,122,120,125,128,126,119,135,113,118,119,120,113,117,117,118,121,119,135,125,113,116,113,127,116,122,131,131,118,130,118,119,134,128,115,129,111,134,132,116,121,124,121,111,124,125,132,136,118,113,117,117,113,118,113,124,121,115,120,132,131,142,117,120,113,115,117,117,115,124,137,138,127,131,129,120,121,130,123,116,118,115,126,125,123,125,134,125,139,123,123,126,122,120,122,125,126,137,134,139,131,134
121,146,149,138,137,128,129,132,134,138,133,129,123,134,124,137,131,148,145,132,131,132,124,132,131,133,135,151,125,135,139,141,142,138,131,143,135,131,138,123,126,152,124,137,128,149,141,126,128,126,141,129,139,138,139,146,121,128,128,152,142,137,123,126,131,131,136,127,132,127,125,124,123,149,145,139,124,121,134,130,128,131,134,139,125,129,125,146,132,130,120,117,122,135,135,133,128,142,124,127,126,158,127,156,144,139,138,128,143,139,143,139,130,132,127,136,139,151,148,135,143,127,133,143,126,141,128,128,126,147,130,139,128,124,136,137,141,138,124,138,125,131,124,143,130,137,135,141,149,142,150,133,136,124,127,130,119,148,139,124,139,127,133,126,138,124,122,127,130,141,126,127,130,120,123,130,124,124,133,133,138,124,123,145,131,123,131,131,134,134,133,134,138,130,133,129,133
115,88,83,110,106,104,108,109,106,106,109,111,124,106,117,112,110,103,107,111,102,109,106,107,105,108,115,117,117,124,116,117,117,132,118,123,111,116,119,120,128,119,122,120,117,123,113,136,109,109,111,110,110,125,116,108,127,115,120,123,115,129,127,119,108,116,105,131,102,105,120,112,119,120,102,110,107,123,116,127,125,123,136,116,115,113,112,124,116,126,127,115,126,113,128,123,129,120,121,113,116,123,133,122,127,123,116,110,111,109,108,100,121,116,115,105,111,116,108,103,99,125,123,122,130,121,119,119,115,112,125,107,125,129,116,123,115,130,137,134,123,122,115,129,116,132,124,129,123,118,115,117,117,115,132,123,115,120,115,111,116,105,110,107,109,133,131,121,117,115,115,110,135,116,112,110,112,107,115,111,112,122,115,119,117,115,116,113,115,116,118,119,117,119,115,117,122
113,117,115,119,115,121,119,120,121,121,122,120,118,121,122,118,121,115,119,119,115,117,123,124,115,121,117,117,119,123,116,110,109,120,121,115,115,117,111,120,116,119,121,121,122,126,121,121,119,118,118,121,123,117,109,111,116,119,120,113,115,121,128,125,117,110,111,121,106,116,122,121,120,118,115,115,119,116,117,125,113,119,122,110,122,122,121,107,120,123,113,118,117,128,125,118,118,116,119,120,119,126,124,116,120,120,112,120,117,117,116,112,123,121,120,116,118,125,120,119,107,115,112,119,115,113,124,119,119,115,116,112,110,125,115,117,122,121,117,120,126,121,119,121,123,115,120,122,118,121,120,113,115,126,129,122,117,119,118,119,119,121,124,121,120,126,125,121,125,121,127,119,117,116,120,120,119,117,120,120,119,133,128,115,123,123,117,119,122,121,119,120,121,119,121,131,122
124,139,125,135,138,148,145,146,145,141,147,146,143,134,144,131,146,129,122,120,132,131,146,141,152,135,129,137,145,149,132,145,147,127,135,154,126,141,139,132,116,115,143,149,145,113,123,124,148,138,142,154,127,121,134,137,149,151,141,128,126,135,138,128,156,161,141,123,135,150,145,151,145,141,132,152,151,121,142,126,117,124,123,128,149,152,145,138,130,126,132,134,134,127,123,123,123,119,144,146,143,126,127,127,119,123,150,155,122,152,130,146,144,143,143,163,147,157,155,158,164,123,117,142,121,130,144,139,143,139,126,137,122,127,147,127,138,124,132,139,145,146,139,145,173,129,133,143,139,151,156,141,127,158,154,152,139,133,138,151,139,152,146,152,149,125,124,132,141,142,152,143,122,142,147,146,143,136,139,141,141,133,145,127,147,142,148,144,141,141,142,139,136,138,135,148,132
120,109,111,107,107,109,107,107,108,107,106,107,119,106,113,113,110,102,102,108,115,109,109,110,118,105,116,117,112,117,115,116,117,115,115,116,115,115,111,107,127,115,115,118,115,113,115,120,120,117,117,118,122,115,117,118,112,116,115,118,121,115,113,113,111,121,122,123,120,121,109,115,112,117,124,118,115,127,118,115,126,117,116,124,109,115,115,120,119,118,121,117,116,111,117,117,119,118,111,115,113,119,121,119,119,121,128,120,126,116,118,118,109,117,113,117,119,120,134,122,128,125,130,116,129,116,107,116,115,115,124,118,127,118,115,117,118,116,115,115,110,113,109,122,123,116,111,115,120,119,125,112,106,120,111,113,107,109,115,115,112,128,131,116,117,117,118,108,106,107,110,109,126,110,107,109,113,123,110,107,110,124,115,115,115,118,111,108,107,106,107,108,104,103,106,119,116
115,122,120,122,123,130,130,131,130,129,129,131,141,119,124,115,122,113,111,109,118,106,129,122,115,111,108,109,129,120,115,109,107,105,116,110,106,111,118,128,128,104,131,123,125,104,105,124,131,136,109,128,104,104,115,110,132,127,128,103,105,115,117,112,125,118,109,123,113,123,128,126,129,115,111,124,132,128,111,110,126,107,110,103,131,121,130,104,107,106,113,129,124,105,106,106,109,107,130,125,131,103,125,106,103,105,105,128,104,123,110,107,130,120,129,124,115,112,102,122,112,126,127,117,129,104,128,120,129,116,123,109,131,123,106,106,108,105,109,102,128,121,124,105,117,105,106,111,104,112,105,113,108,124,122,121,118,112,119,123,105,118,120,127,120,124,123,112,128,125,126,127,125,138,133,127,132,133,125,127,127,110,124,116,127,124,124,128,128,128,123,122,117,126,115,118,117
118,129,139,126,121,113,116,117,118,117,116,117,127,113,137,124,115,105,110,94,118,115,118,122,116,120,115,113,120,122,102,117,112,116,111,122,118,122,131,121,131,121,120,122,106,120,112,133,120,125,128,129,116,112,128,116,117,123,111,125,119,120,121,118,127,127,130,131,119,109,113,121,111,122,120,115,119,135,123,115,134,109,115,113,115,118,106,116,109,110,112,121,118,117,119,109,110,116,115,123,106,115,129,107,105,117,121,118,109,115,121,119,117,127,110,121,113,108,98,112,124,130,129,117,139,124,117,134,110,112,128,109,126,132,121,119,121,117,117,129,121,134,109,103,118,115,119,124,121,126,117,117,115,115,125,128,113,111,111,115,112,116,118,112,111,132,130,120,115,128,123,112,130,115,117,116,117,133,118,124,129,124,116,115,122,106,113,118,121,124,120,124,116,117,112,117,108
134,141,139,134,133,136,134,135,139,135,134,136,139,125,130,132,131,124,121,123,126,133,129,123,139,128,131,133,135,132,117,120,121,126,129,138,119,127,139,132,139,122,130,137,118,115,108,126,123,129,134,135,115,128,134,132,133,135,123,122,121,121,119,119,133,138,126,134,128,130,129,133,125,125,115,130,127,135,117,110,134,117,117,119,128,137,123,108,109,109,112,126,123,115,115,115,116,120,131,139,125,111,132,116,116,113,119,126,111,128,115,123,129,141,122,135,119,124,133,135,129,136,133,126,132,115,129,139,127,123,133,125,133,133,121,123,115,115,124,127,129,138,116,134,126,132,135,121,124,122,118,121,117,138,138,138,113,118,113,123,116,127,119,122,123,130,127,119,122,127,123,118,135,130,128,124,125,136,129,130,128,115,115,130,121,129,123,130,132,132,131,130,131,127,126,117,117
133,156,160,154,155,159,157,157,156,161,158,154,137,158,143,150,148,156,161,156,155,157,154,150,152,154,148,148,144,156,160,144,144,148,135,149,151,136,142,147,120,154,146,152,152,142,148,120,143,136,136,139,136,143,134,128,141,148,148,139,133,129,130,131,137,134,123,124,141,133,152,146,148,142,138,142,141,117,138,145,120,141,136,129,152,147,148,139,147,145,132,142,139,134,139,136,138,143,149,141,152,132,121,138,135,136,146,137,129,152,128,122,151,143,152,141,135,142,137,146,125,125,119,135,124,143,152,145,147,128,120,137,115,128,135,139,130,133,138,132,146,142,139,131,139,131,139,132,139,127,128,130,124,133,134,145,141,123,132,132,127,130,127,137,133,125,125,136,150,145,145,134,116,139,137,132,136,134,154,152,149,151,139,154,139,143,147,147,152,155,159,158,155,133,149,145,152
130,134,134,131,131,130,130,128,128,130,128,128,136,124,133,131,130,129,124,127,127,124,129,124,122,126,121,124,129,128,130,129,122,121,127,122,119,122,118,126,144,120,127,127,127,122,122,143,134,135,120,127,118,122,118,125,129,126,127,129,118,123,131,124,125,124,121,143,123,126,133,127,130,123,121,122,129,145,122,115,144,117,119,123,130,123,127,127,118,115,126,132,130,120,119,117,118,113,127,129,127,121,144,116,116,116,115,124,115,123,115,115,125,129,128,129,123,122,119,121,123,141,141,124,147,119,127,133,126,124,142,121,144,139,116,116,117,112,126,124,126,130,126,122,119,116,122,117,118,130,120,122,120,127,129,128,125,122,122,127,120,137,135,129,126,139,141,127,129,128,126,126,145,136,128,128,130,130,128,131,134,131,132,135,133,129,128,133,133,133,134,135,134,131,136,131,136
142,126,128,116,115,126,124,125,126,126,124,124,149,131,122,131,129,129,128,128,139,130,121,126,134,126,131,129,131,125,134,127,130,122,126,133,130,132,139,121,195,125,131,131,130,122,126,209,137,135,134,126,129,128,133,139,126,131,135,129,133,125,127,133,123,122,130,217,129,124,125,128,132,125,132,121,113,177,131,132,193,129,123,130,122,125,133,128,127,128,136,139,132,135,127,125,131,132,128,126,135,126,209,132,130,125,133,123,126,129,128,134,124,125,130,123,129,127,130,129,131,182,188,128,182,131,123,129,131,124,209,133,175,223,132,133,121,128,132,132,124,126,136,126,129,138,138,138,138,126,129,124,131,128,124,120,139,119,126,126,122,126,130,121,127,225,224,130,122,115,123,122,203,129,121,128,136,158,127,125,123,126,124,123,122,125,129,123,119,121,121,119,125,144,129,126,117
102,139,127,133,137,146,147,146,146,148,147,146,141,141,142,131,147,141,132,125,139,128,143,138,124,129,135,134,146,136,142,135,131,135,115,121,127,127,136,148,115,132,147,134,149,123,128,109,137,146,124,146,126,125,127,141,145,138,149,127,127,105,104,120,135,127,124,115,134,151,148,137,145,123,135,142,146,120,118,117,117,123,111,125,145,135,146,126,118,120,125,141,139,119,125,126,130,142,148,132,147,132,115,132,124,132,130,149,129,146,145,148,145,125,146,146,138,136,119,141,131,121,121,135,118,131,147,123,146,138,116,137,125,116,136,126,135,127,129,129,147,123,143,142,154,129,129,134,120,131,131,150,149,152,142,127,136,137,143,152,143,142,139,152,138,117,116,154,148,139,141,150,115,150,152,151,155,147,146,142,143,127,150,130,145,139,143,145,146,142,142,142,139,139,144,137,134
115,127,125,117,122,123,125,124,125,123,125,124,129,117,124,126,123,110,122,117,123,127,126,131,120,117,121,119,121,123,119,134,132,129,132,127,135,129,115,130,125,122,124,120,123,133,133,124,133,131,129,132,131,125,120,121,125,121,127,126,129,126,123,132,127,125,131,121,115,120,126,123,127,125,126,126,125,125,131,130,127,124,118,117,123,117,129,123,126,128,124,130,133,130,130,122,123,124,125,116,128,129,122,120,124,126,122,131,122,128,116,115,122,113,127,131,128,123,122,126,125,128,128,120,128,122,120,110,125,115,123,123,128,121,124,126,119,124,113,121,119,110,122,120,131,118,115,129,131,127,125,123,119,121,119,115,119,122,120,127,121,126,123,129,125,121,121,115,120,120,126,125,125,132,127,128,131,125,122,124,125,119,123,117,126,125,123,125,125,120,120,120,118,123,119,120,112
129,128,133,131,129,129,126,127,127,126,126,127,131,132,129,128,133,133,139,139,135,137,134,135,133,139,138,139,133,128,135,128,130,137,134,134,134,133,136,137,130,137,135,127,130,137,135,130,138,137,131,134,135,135,133,131,138,130,130,135,134,136,136,135,138,137,132,133,134,133,132,132,129,130,136,135,139,136,135,138,131,139,141,137,132,132,127,128,136,138,138,137,142,139,143,139,136,138,132,131,125,132,132,137,134,139,134,136,136,136,129,136,134,128,124,133,136,135,128,132,132,129,128,134,127,137,134,125,129,133,130,132,124,133,139,141,137,136,129,139,129,126,126,135,136,133,133,135,139,134,134,127,128,133,130,127,121,133,129,130,127,129,132,124,128,133,133,132,128,134,128,128,128,136,131,131,131,130,126,127,125,129,134,130,126,130,126,126,127,127,129,128,131,137,129,127,130
117,113,116,129,130,134,135,134,133,134,132,134,137,134,128,126,124,131,130,129,133,136,135,132,128,129,120,121,134,135,129,117,125,121,137,134,124,128,139,128,131,119,135,135,131,115,118,127,136,138,121,132,129,125,134,133,135,138,131,113,121,119,121,119,133,133,128,122,127,126,134,139,130,122,124,122,128,134,133,109,132,123,117,119,137,138,133,119,107,110,120,141,127,119,121,123,115,118,139,136,133,113,127,117,121,117,122,128,124,125,130,127,136,135,131,124,138,128,139,136,129,128,136,121,137,124,137,132,127,124,132,133,135,122,131,127,129,119,129,125,138,135,127,130,137,133,130,132,133,132,137,129,122,133,125,134,124,127,127,133,130,129,124,132,126,121,124,129,133,130,124,129,126,137,137,127,135,136,135,135,129,115,128,130,128,128,133,136,135,134,130,130,126,124,125,124,124
118,123,130,115,118,117,116,118,118,113,115,117,129,109,125,120,109,110,113,111,108,113,115,119,130,119,118,121,120,118,109,124,121,122,125,129,122,136,133,121,123,119,119,121,109,126,121,127,126,121,128,129,123,118,123,122,124,120,113,125,121,129,139,126,131,130,133,125,121,120,113,121,112,126,125,119,123,129,128,129,125,126,126,119,119,125,113,116,119,122,121,121,124,127,124,119,122,122,115,125,113,117,125,113,116,120,130,120,117,123,116,122,117,128,115,118,115,125,124,119,130,125,126,124,127,121,115,125,115,117,128,111,126,127,126,123,115,119,116,117,116,128,113,119,118,120,118,120,126,112,118,113,117,123,125,129,111,113,120,115,112,125,130,120,120,127,127,115,115,119,115,112,125,123,116,116,122,127,115,120,122,127,120,122,118,119,115,117,117,122,125,120,122,120,124,121,120
148,151,139,141,139,146,142,142,139,144,142,141,137,127,150,134,142,120,120,123,130,123,144,130,132,128,121,120,151,146,124,125,123,110,110,115,115,125,127,129,128,107,148,142,137,102,108,126,129,135,125,142,121,122,126,137,152,148,139,117,117,118,119,124,141,128,130,128,126,151,145,150,146,115,115,132,134,127,113,107,129,112,111,111,144,152,139,115,110,115,122,127,124,110,110,122,115,122,147,159,139,109,131,109,104,113,123,139,113,134,115,132,144,146,141,135,130,126,122,132,136,135,126,117,126,125,147,144,139,118,134,121,129,133,122,119,116,111,125,130,145,149,131,135,139,115,120,123,119,134,126,122,121,142,151,152,133,123,129,131,116,144,135,139,124,128,129,134,144,143,142,143,128,137,133,129,136,134,135,135,138,139,138,152,146,136,139,137,139,142,143,149,158,143,152,145,155
143,124,123,126,122,123,123,123,124,123,124,122,126,124,125,121,120,126,122,121,123,126,125,121,121,129,130,125,123,122,124,125,126,125,119,127,124,122,127,124,123,126,123,121,124,119,122,127,123,122,121,125,122,124,128,124,121,124,122,123,124,121,122,122,124,127,127,128,126,124,123,125,124,126,125,124,124,126,123,121,123,124,122,126,123,125,122,122,121,121,121,120,123,121,119,120,119,119,123,128,123,120,126,128,125,123,122,127,124,124,125,127,122,123,124,128,123,126,131,128,134,125,125,124,126,123,120,122,123,124,125,128,127,127,127,123,126,120,120,127,122,125,119,121,125,121,126,123,123,128,130,130,127,131,124,125,120,125,129,128,130,133,132,129,131,128,128,127,123,120,122,126,127,126,125,129,127,121,122,123,123,127,124,127,124,126,122,123,122,123,126,126,124,126,128,128,125
110,139,138,128,139,152,149,146,145,149,152,149,167,152,139,138,152,154,159,152,167,148,149,161,149,151,145,156,151,139,157,139,145,144,152,135,139,138,145,151,159,146,151,139,154,142,142,136,152,155,141,137,139,144,139,158,149,141,154,150,152,147,133,139,136,137,138,127,152,155,154,143,158,149,151,149,139,167,151,134,170,139,147,148,149,136,158,152,142,145,159,155,157,139,139,145,138,145,147,135,158,149,141,147,139,144,138,147,154,152,154,155,149,132,152,148,156,147,134,138,128,167,168,147,168,157,149,133,155,152,154,154,175,108,146,143,147,143,160,159,147,133,156,148,159,147,146,165,150,151,146,159,159,138,135,133,149,159,159,157,159,139,132,145,141,107,111,147,150,148,148,154,157,155,152,151,152,161,149,145,137,128,144,126,143,139,147,144,146,145,138,138,130,144,123,134,135
119,134,129,128,133,138,137,138,138,138,137,136,128,135,130,131,136,132,127,126,122,121,137,127,122,124,124,121,131,130,130,122,120,119,116,119,115,119,122,127,115,117,134,128,135,120,118,121,116,127,119,129,117,117,120,124,130,130,134,123,118,116,116,118,124,120,116,120,122,130,137,129,133,124,120,122,130,116,117,115,115,116,117,121,137,130,133,120,118,119,115,124,116,116,116,117,120,122,136,127,132,123,121,119,117,118,115,131,116,124,124,119,136,128,134,131,122,120,116,126,119,115,115,124,117,120,136,128,133,123,117,118,116,125,121,119,118,121,131,122,136,127,129,129,128,123,126,125,120,125,117,124,124,130,129,129,126,128,128,131,123,126,122,131,124,125,124,132,135,131,134,130,116,125,133,132,131,121,135,134,134,135,137,129,136,136,135,135,135,134,134,132,132,124,128,137,132
149,130,117,135,131,128,125,127,130,131,133,132,132,136,125,119,131,139,134,127,139,141,136,137,134,135,123,131,135,134,130,115,120,123,125,130,123,115,135,132,128,121,134,127,137,122,121,127,123,122,116,127,119,116,115,113,136,129,144,111,115,121,120,119,130,121,119,123,121,122,130,133,137,111,110,125,128,121,127,122,125,110,112,138,136,145,137,129,129,128,139,134,141,120,128,134,141,143,130,138,137,131,123,119,118,127,118,124,113,125,133,116,129,136,133,126,119,119,124,124,116,127,119,121,137,133,130,131,139,126,129,130,129,123,125,126,123,133,148,121,128,135,133,137,131,137,132,127,117,132,111,127,107,123,143,142,134,125,124,132,122,120,122,131,119,122,127,149,141,139,143,143,130,131,130,135,132,125,135,137,139,135,138,149,139,150,134,133,135,138,141,144,144,137,141,134,144
115,105,119,106,105,104,104,103,104,105,106,105,102,107,112,117,104,117,122,120,113,124,109,113,119,122,122,118,111,115,115,132,125,134,130,130,132,132,126,117,108,128,110,115,110,133,132,115,122,107,132,122,135,136,137,120,111,111,106,126,127,139,137,136,118,124,135,115,120,113,109,109,105,126,127,121,120,108,135,137,105,133,138,125,110,110,106,131,143,136,126,112,127,131,139,135,130,134,110,113,108,134,111,130,131,137,138,111,129,111,121,126,109,118,108,116,119,121,126,117,126,105,107,124,106,129,106,117,107,126,113,119,105,118,132,137,129,134,115,120,108,116,110,138,120,136,131,131,136,121,133,113,127,113,111,113,111,123,116,112,122,126,125,113,125,118,117,103,103,109,104,112,112,116,112,111,106,108,109,108,110,118,105,121,106,106,109,109,107,109,112,113,115,110,119,113,115
115,126,125,123,123,125,125,125,125,124,125,125,124,126,120,123,127,127,124,127,123,126,125,122,126,126,125,127,122,125,126,128,121,128,124,124,125,125,125,124,125,123,123,124,122,123,124,124,124,124,120,122,124,122,125,123,126,124,124,125,124,121,119,122,124,125,126,125,127,123,125,123,124,123,128,125,126,127,123,123,128,125,127,123,125,123,125,126,118,119,123,123,119,120,123,119,124,124,122,122,124,119,124,118,122,120,124,123,118,124,116,124,123,122,124,123,120,126,128,125,128,125,124,123,124,123,123,123,124,123,128,123,127,125,124,125,120,124,128,125,122,123,127,125,121,122,126,122,128,124,126,119,122,122,119,126,127,125,124,120,122,125,127,124,129,124,124,122,124,126,124,125,125,122,125,125,125,125,124,126,125,124,126,126,125,128,122,123,125,124,124,126,124,127,124,126,124
128,130,126,131,129,125,126,125,125,126,128,124,116,139,132,134,128,139,146,144,129,137,128,131,135,145,148,139,126,136,136,139,143,143,139,139,146,139,133,124,125,144,127,137,129,147,145,134,118,118,147,123,151,141,143,141,126,131,127,145,143,138,145,143,125,125,134,133,128,127,129,130,129,136,136,122,121,116,128,142,126,145,149,150,130,134,129,144,144,147,135,125,123,144,150,148,151,142,130,129,129,150,132,146,152,139,139,123,139,125,129,139,128,134,132,122,129,129,138,126,134,125,124,131,126,139,135,139,131,134,128,137,124,135,141,146,143,157,144,148,134,139,139,139,132,145,149,134,138,135,142,131,141,135,135,136,144,146,141,123,134,137,134,123,133,135,135,139,134,122,123,131,126,125,123,122,120,121,126,132,134,141,123,145,125,125,124,132,129,132,139,139,143,127,145,124,143
129,118,124,127,122,118,119,119,117,116,117,121,117,119,121,122,118,108,111,116,111,118,115,115,115,115,111,115,116,115,116,115,115,111,107,107,112,115,108,108,117,116,116,115,113,109,111,118,103,108,113,115,113,115,115,113,116,112,115,107,108,109,117,116,115,111,112,119,116,110,118,113,115,102,110,116,115,112,105,115,115,115,116,109,117,115,117,107,108,113,109,102,96,110,110,112,115,113,116,115,117,111,115,111,116,112,115,115,113,110,112,107,119,115,115,104,107,111,117,112,120,112,112,109,111,110,122,115,115,107,116,108,111,121,112,112,110,118,116,108,116,113,118,110,110,115,117,110,115,116,113,113,112,111,121,113,118,107,108,112,117,120,123,117,118,122,122,109,112,118,112,111,119,108,113,115,113,115,118,118,117,116,109,119,117,116,117,117,117,118,118,118,117,111,116,112,117
121,127,139,126,117,120,123,123,126,124,120,126,122,118,135,128,126,119,111,119,125,125,126,126,131,123,124,132,133,125,131,132,128,142,134,136,135,136,135,131,128,134,136,122,132,132,129,131,131,128,134,133,141,141,142,137,136,122,125,131,126,135,136,134,138,147,141,132,135,134,128,121,124,143,136,141,131,128,143,147,129,148,152,134,129,119,124,138,133,134,138,133,132,143,139,143,147,152,128,120,123,138,127,142,152,144,145,133,141,130,129,138,129,123,124,134,127,134,142,138,148,122,128,138,128,139,126,123,125,128,128,138,127,133,134,136,133,144,146,130,122,126,122,141,134,154,145,133,134,139,123,131,136,128,125,125,119,124,119,127,130,127,128,132,135,133,132,123,127,123,126,125,125,123,125,126,131,130,127,128,133,127,126,122,130,136,122,124,130,130,131,128,125,125,124,125,130
135,136,137,121,130,134,131,131,133,129,136,129,129,128,131,142,145,133,125,135,119,108,134,125,125,122,125,127,130,138,147,115,115,117,107,117,121,111,120,127,118,122,133,136,143,123,118,120,106,124,115,125,120,110,115,127,141,135,143,130,117,106,106,109,120,122,115,122,116,130,139,136,142,127,112,116,121,123,109,112,116,113,110,152,139,135,139,128,129,125,123,130,122,125,125,124,133,132,135,128,141,133,124,128,133,129,129,129,127,120,126,123,133,126,139,134,133,122,124,125,111,119,115,109,123,122,131,125,147,118,123,121,115,127,115,122,130,129,131,128,130,125,143,142,135,135,134,127,126,133,125,130,121,144,135,133,136,134,131,135,129,126,123,132,122,128,125,143,135,121,139,131,115,128,127,123,133,122,132,125,123,162,142,123,139,144,135,131,127,120,118,118,126,129,123,148,130
137,115,117,135,130,123,121,121,121,123,120,122,129,120,115,112,109,111,117,122,113,117,112,108,121,110,121,115,118,113,112,108,120,124,117,109,121,123,126,112,132,121,120,121,109,122,129,128,123,122,125,121,128,127,130,120,119,121,116,128,131,128,131,125,119,116,129,131,122,117,115,120,115,120,126,124,122,137,117,125,138,127,124,110,115,122,113,119,119,122,121,111,117,120,121,117,116,117,121,122,117,117,130,122,119,124,126,118,122,118,109,120,120,124,118,105,118,127,134,117,129,131,136,115,131,122,120,128,116,118,133,113,137,126,123,117,117,117,116,120,120,127,117,115,116,107,100,117,128,120,124,119,118,109,118,119,129,131,118,116,122,124,120,115,122,124,127,119,115,117,118,116,138,111,115,115,115,125,115,120,123,117,111,119,111,117,112,121,124,128,129,128,128,119,131,108,121
116,126,129,125,120,124,123,124,122,118,122,123,123,127,117,135,129,127,124,132,121,125,122,116,130,120,124,130,120,122,127,134,135,133,128,126,130,138,123,120,131,128,122,125,125,126,130,129,123,132,126,121,127,124,128,126,124,125,126,124,124,118,120,120,128,123,127,130,133,125,121,125,126,119,129,121,127,127,116,118,135,126,120,121,123,124,129,117,121,127,125,121,110,115,116,121,124,127,124,126,129,120,129,130,135,123,134,125,125,131,122,130,124,129,128,117,117,124,139,132,133,134,131,122,126,119,123,133,130,127,128,122,133,128,128,129,128,130,121,117,124,132,133,128,118,129,134,119,136,125,132,132,131,121,128,125,132,129,120,123,134,128,128,124,127,127,126,126,121,126,125,124,132,131,127,127,129,127,117,119,120,125,120,133,123,126,120,120,122,122,124,126,129,129,131,119,132
106,111,109,108,112,116,116,115,115,115,116,115,115,112,110,109,115,112,113,111,115,109,120,115,110,109,110,109,111,110,111,112,108,110,112,110,111,111,109,118,127,111,111,107,112,115,112,126,111,118,109,112,113,109,109,111,116,109,113,113,115,113,109,115,111,109,113,127,109,110,119,108,115,113,111,110,116,120,111,112,125,111,112,112,116,107,115,112,115,113,112,119,113,115,113,113,113,115,111,107,112,115,126,112,112,113,110,115,112,113,111,110,115,105,113,117,115,110,109,115,109,118,121,107,119,113,115,106,115,109,129,112,118,124,108,111,113,115,112,112,111,106,109,112,112,115,115,112,112,111,110,111,111,111,106,106,106,110,111,116,107,109,108,116,109,124,126,111,115,115,117,115,126,119,120,112,118,115,113,116,115,115,117,106,118,115,113,115,117,115,112,112,107,115,106,117,108
138,148,144,146,151,147,150,150,151,147,146,154,158,145,160,143,146,129,127,124,142,139,147,147,116,125,125,118,159,151,132,118,125,119,142,138,125,134,126,151,134,125,162,150,146,113,117,134,160,158,125,152,129,127,125,130,145,151,146,112,118,131,137,124,162,158,128,132,147,139,145,152,145,125,125,144,156,135,143,133,132,131,130,133,158,151,152,118,118,118,137,152,148,135,129,127,116,123,155,146,152,126,132,124,121,123,124,148,128,148,138,127,154,139,150,142,148,146,139,152,155,132,135,135,131,120,155,135,149,124,129,142,139,129,133,117,133,130,136,118,150,133,139,133,150,120,119,137,127,150,133,138,138,135,120,135,129,124,134,146,132,128,110,148,142,133,133,139,145,146,141,142,126,141,150,138,146,147,141,148,147,158,151,133,157,154,150,148,154,151,154,145,130,138,135,159,136
124,123,138,120,125,126,124,125,123,123,128,125,121,142,119,129,130,135,139,144,139,131,132,134,132,139,145,148,134,131,142,146,143,145,141,137,144,126,126,132,115,137,127,124,129,141,143,110,116,120,138,120,139,139,131,143,126,123,127,146,148,142,135,142,122,123,137,109,134,123,133,124,127,131,139,130,132,116,136,139,121,147,147,141,130,121,123,150,154,147,135,134,127,135,134,136,130,134,130,116,124,147,111,148,147,139,133,130,139,131,137,143,133,124,127,129,137,135,127,132,132,119,120,125,117,139,132,124,127,135,115,142,124,111,138,144,139,138,134,135,132,128,127,141,131,137,126,127,134,129,135,132,152,131,126,132,137,148,135,131,139,125,131,134,137,111,111,131,129,129,137,137,117,125,130,131,132,127,129,131,136,121,124,138,133,129,131,128,131,131,128,129,121,123,129,127,124
127,110,106,117,119,126,119,121,120,123,122,119,132,125,109,119,123,124,123,121,125,125,122,131,136,125,119,122,111,121,129,118,121,123,130,127,117,122,123,127,136,118,115,119,127,116,115,131,138,131,117,127,121,118,124,117,123,119,126,117,118,125,117,118,125,127,118,133,126,121,124,120,128,120,120,124,128,143,133,120,139,126,125,127,123,116,127,121,115,120,125,131,126,119,123,123,126,122,116,117,125,119,135,121,126,116,127,125,126,131,124,126,120,115,126,124,126,130,132,130,130,145,139,124,135,123,119,115,125,122,138,138,144,127,129,122,124,127,120,124,121,115,131,120,125,131,129,123,121,128,130,130,126,122,125,112,131,124,125,126,132,120,118,124,122,125,128,125,123,122,132,124,137,128,122,121,127,125,117,115,119,129,127,126,126,130,124,120,120,120,118,118,122,128,122,125,126
127,144,133,138,134,139,139,139,139,143,144,137,130,139,142,138,142,135,133,134,129,130,144,139,119,132,128,132,141,142,143,132,128,138,128,127,137,136,126,144,124,137,139,139,145,146,141,129,138,143,142,148,137,137,137,135,141,139,143,141,141,141,137,138,147,146,129,130,134,134,144,138,142,142,137,142,150,122,141,142,120,142,145,139,144,139,144,143,146,148,136,141,139,142,145,143,144,147,139,138,142,149,129,144,139,138,139,146,141,144,139,138,145,139,142,147,144,152,139,143,146,121,122,148,121,139,146,139,142,142,128,145,116,133,142,138,143,139,143,144,144,139,144,145,143,138,137,143,145,154,145,137,147,144,139,142,143,144,142,142,141,135,134,144,139,133,134,149,145,139,146,141,125,136,142,139,141,133,148,146,146,157,145,139,148,145,150,151,145,145,144,143,137,135,134,154,139
139,135,139,136,127,123,123,122,122,124,121,122,122,130,130,132,131,133,129,127,126,129,125,122,122,125,122,131,122,129,130,134,132,123,118,128,115,116,121,122,133,128,118,126,124,121,124,133,130,118,119,121,115,126,120,117,119,127,124,126,122,120,118,115,119,118,118,132,125,122,122,127,124,123,126,129,124,127,121,121,130,125,127,118,123,127,121,130,119,118,120,120,122,109,110,118,121,135,120,130,122,116,129,123,115,118,124,123,120,123,122,127,122,128,124,118,119,120,119,121,120,132,128,119,125,131,125,129,123,127,131,116,124,131,115,117,118,119,118,124,124,129,125,122,121,117,118,119,113,116,118,123,127,119,119,134,128,125,123,119,123,121,121,120,115,131,133,118,123,131,129,123,133,120,119,122,118,117,124,122,121,138,129,139,133,125,127,125,124,123,127,130,141,134,137,130,138
117,137,139,127,133,132,133,134,135,136,134,135,135,142,138,146,143,131,129,135,131,130,128,131,122,125,132,127,141,139,143,115,112,127,119,120,123,121,110,124,121,131,144,141,138,128,124,111,120,126,119,120,121,122,110,120,132,141,136,126,121,117,118,119,120,120,110,115,125,127,135,139,134,127,120,122,125,123,118,123,124,125,130,128,139,144,142,128,124,124,102,121,111,115,121,126,126,130,144,144,141,129,112,120,123,125,120,123,127,131,127,134,143,144,139,126,125,126,127,129,121,128,129,126,124,126,142,139,137,131,121,132,125,111,125,132,128,127,130,127,141,141,143,121,125,119,128,123,126,130,121,132,131,128,137,141,139,128,120,130,131,120,120,129,122,111,115,125,145,127,131,130,124,121,128,129,132,132,139,139,142,127,129,126,131,124,139,142,139,138,131,129,120,119,117,124,117
117,124,127,118,119,127,128,129,131,131,132,129,134,131,125,116,124,123,137,131,131,128,129,137,130,136,134,133,125,123,123,128,127,132,133,124,130,124,132,139,139,132,121,124,122,131,125,133,130,135,120,130,125,128,132,129,125,122,125,125,130,127,126,126,129,127,119,133,131,131,128,125,129,129,130,128,129,134,125,130,136,131,126,122,123,122,127,128,127,130,139,139,135,133,123,124,123,125,121,120,128,123,133,128,127,126,121,129,126,137,131,128,123,121,127,135,130,137,129,131,119,136,136,131,139,127,122,117,127,135,135,132,137,122,123,123,126,126,127,129,122,121,130,123,125,122,122,124,125,123,122,132,137,127,121,122,129,135,139,133,133,125,126,128,125,121,124,123,128,123,127,135,136,138,133,129,130,132,130,130,126,124,132,111,127,125,126,130,127,122,119,118,117,127,118,133,123
116,116,122,105,112,115,117,116,116,115,118,116,113,124,112,126,124,126,134,137,126,127,115,122,119,130,144,138,113,115,133,131,132,139,128,135,141,133,135,122,116,145,115,117,120,139,144,118,115,111,141,115,144,146,146,135,106,117,118,135,144,137,128,141,118,121,147,120,132,122,113,116,115,133,142,124,111,112,129,139,116,143,145,142,110,116,115,139,144,146,131,119,126,141,144,147,146,152,115,115,116,147,118,144,146,150,144,118,151,119,135,146,112,120,117,118,136,128,134,115,124,116,120,145,115,147,109,120,120,139,120,133,119,123,139,148,144,154,144,148,113,119,123,152,133,146,138,148,152,124,139,130,136,126,115,117,124,141,131,119,137,126,132,113,120,125,121,132,115,109,111,120,120,108,113,119,115,116,119,115,112,116,111,111,107,115,117,112,111,109,109,113,115,109,115,113,116
120,141,131,128,132,142,142,142,142,144,145,143,137,155,139,141,146,151,148,139,136,141,141,139,137,139,144,144,138,129,139,147,144,138,135,131,139,137,132,142,123,135,136,129,141,136,137,128,141,141,141,150,137,136,137,139,132,130,143,131,135,136,133,135,144,142,132,128,134,144,142,133,138,139,138,136,142,121,131,127,122,127,130,133,135,130,138,134,123,125,125,146,135,132,130,128,128,116,138,129,139,128,130,124,129,124,119,142,127,136,137,133,138,128,141,139,139,137,125,146,139,125,128,135,125,125,137,130,139,133,128,143,123,127,122,120,132,123,125,123,139,126,137,131,142,123,119,126,129,144,130,137,138,139,139,123,137,126,127,139,124,135,143,146,137,128,129,141,144,127,141,136,124,136,136,137,141,134,141,142,139,121,139,132,139,136,142,143,141,142,141,137,136,138,131,137,135
142,117,110,125,131,122,125,123,125,123,125,125,123,115,121,106,115,105,102,105,115,108,121,111,108,99,105,106,122,116,105,104,102,98,103,94,98,102,100,117,121,104,122,117,118,103,103,122,116,121,100,118,100,102,100,111,117,120,123,107,102,96,102,99,119,106,105,117,115,126,120,120,124,108,107,110,120,120,93,95,119,102,96,115,122,118,121,108,108,107,104,124,109,100,106,106,106,104,121,112,123,104,120,106,109,105,103,124,107,115,116,119,122,113,123,117,108,107,110,123,111,123,125,104,122,105,122,115,122,112,119,118,122,118,104,105,117,103,109,99,123,116,113,103,116,99,102,106,100,110,112,122,105,112,119,121,111,110,111,126,113,110,107,125,116,120,119,115,120,128,124,123,118,131,127,122,127,118,119,120,116,105,122,107,124,121,120,120,121,117,111,115,108,117,107,116,108
138,144,155,122,124,126,122,125,127,127,124,125,124,141,127,147,146,143,132,135,127,129,126,128,144,130,119,133,126,116,154,116,116,120,131,134,126,136,135,115,134,122,127,122,133,120,121,133,113,125,129,117,116,115,115,128,133,125,132,134,123,120,117,112,122,133,132,138,128,123,132,121,137,136,126,119,122,137,115,117,138,123,120,146,130,122,133,134,115,117,123,107,107,106,111,115,107,117,128,124,137,125,131,134,120,115,128,120,126,129,127,119,130,127,137,133,122,125,106,116,122,139,130,121,128,117,126,123,139,137,132,126,136,131,136,132,125,117,100,124,124,121,146,119,113,118,116,115,128,123,129,128,117,130,121,119,134,142,142,123,134,133,122,124,123,127,128,118,125,118,120,127,131,125,124,122,131,132,128,119,115,104,122,104,123,123,127,118,115,111,111,111,124,126,130,115,115
127,138,132,152,148,143,144,141,139,138,142,139,146,137,145,144,139,124,123,136,131,120,135,128,118,128,118,117,147,152,129,113,119,127,119,109,122,113,123,131,130,124,150,156,139,121,116,124,127,129,105,126,112,120,107,108,147,159,145,111,109,116,125,118,131,119,108,125,122,139,139,157,142,115,120,145,137,127,116,119,126,123,129,125,145,160,141,119,124,135,132,134,128,117,119,124,133,135,148,164,143,121,126,115,119,121,113,127,119,132,134,113,147,159,146,129,122,121,113,136,111,119,126,125,132,123,146,152,143,115,126,123,125,130,125,123,117,124,125,109,147,154,136,126,125,132,129,118,118,123,121,128,108,136,150,151,132,121,121,130,113,120,115,130,121,130,127,130,145,146,141,129,123,137,130,125,136,146,146,145,143,132,139,141,138,141,138,141,144,146,143,148,150,148,149,131,147
119,120,108,128,125,127,128,132,130,133,130,134,126,128,125,110,125,129,123,125,122,129,124,119,129,125,125,139,131,115,146,136,128,127,120,132,125,118,123,118,105,139,132,122,137,119,123,107,117,126,120,135,113,135,141,142,129,119,139,123,112,133,129,120,138,132,116,115,131,131,129,120,136,128,122,125,130,99,128,127,110,128,129,139,130,120,139,135,124,119,118,120,121,120,128,123,123,121,133,118,139,125,108,116,107,113,125,125,115,128,124,147,131,113,131,138,115,112,106,120,132,112,110,127,117,139,130,111,128,129,103,124,107,116,130,134,135,124,134,135,128,104,136,126,120,113,112,120,127,124,127,139,132,142,115,106,135,127,124,128,125,138,136,133,133,120,120,139,128,120,127,126,105,119,127,126,124,133,139,141,139,139,126,96,129,132,144,139,130,130,122,121,115,119,109,128,103
129,122,109,118,121,128,127,126,124,128,125,126,136,116,124,136,128,113,102,102,120,103,130,130,111,105,103,117,136,136,109,107,104,102,111,103,108,113,102,128,137,112,133,126,127,102,109,132,142,142,120,134,111,111,107,126,139,130,131,120,122,113,118,103,133,131,129,129,127,135,137,131,139,123,119,125,137,139,126,106,137,111,111,115,138,128,138,125,116,115,125,126,130,104,117,113,104,115,135,135,141,109,132,110,119,113,117,135,115,131,122,124,137,125,142,133,125,132,139,142,141,148,142,117,141,105,132,128,142,132,137,139,142,126,121,115,119,113,115,122,133,120,137,116,137,120,122,116,126,130,125,133,133,142,139,121,132,130,133,129,125,125,132,141,134,126,128,122,136,133,145,139,137,139,139,136,141,134,125,119,119,109,135,117,129,129,127,121,125,122,117,121,116,141,125,130,116
131,118,123,111,110,115,113,111,112,112,111,112,116,111,112,115,108,115,116,115,113,117,115,115,124,115,116,121,115,107,108,127,121,120,118,121,115,116,124,115,126,115,112,104,108,118,117,129,111,113,111,115,110,111,116,112,116,108,108,117,110,116,116,112,116,118,117,130,113,115,113,107,110,125,115,115,113,118,111,115,123,111,121,112,113,112,110,110,112,109,107,111,108,112,110,109,113,109,111,115,109,109,129,115,110,108,107,111,105,108,112,109,111,113,108,111,108,115,119,113,111,123,124,115,124,111,110,110,109,109,126,108,122,130,112,109,109,109,111,108,109,113,110,115,106,109,113,106,108,109,106,108,107,113,111,113,110,111,115,110,109,119,121,115,113,130,130,100,108,112,113,110,127,117,113,113,113,119,112,111,110,115,115,119,119,119,104,105,110,113,117,118,119,113,118,110,117
142,124,115,124,116,120,117,118,120,122,121,126,129,137,115,129,123,134,122,123,128,123,120,126,133,127,120,123,123,126,137,104,115,118,129,118,118,118,126,121,141,119,125,132,127,111,106,139,127,131,119,118,120,111,124,134,119,128,123,107,121,117,115,106,121,125,113,145,125,116,118,127,123,124,119,123,124,145,113,108,135,122,120,125,121,121,123,113,105,104,106,117,106,113,108,111,102,108,121,120,122,110,138,115,116,107,109,117,120,122,127,110,119,123,120,120,116,127,127,121,118,143,136,124,138,111,122,125,119,125,136,121,139,134,113,119,118,109,109,111,120,124,126,119,118,115,112,107,117,115,113,125,128,110,106,121,125,125,117,117,122,102,109,118,116,137,142,116,118,116,117,125,139,130,123,117,121,123,116,115,115,125,117,119,113,116,119,117,113,111,109,107,113,128,121,123,118
127,110,102,122,121,123,123,121,120,121,118,121,126,113,128,112,115,112,106,109,115,109,124,115,110,115,110,110,129,120,116,110,107,112,111,117,110,112,121,126,127,110,131,119,116,117,110,127,121,131,113,125,104,109,116,106,131,121,121,111,109,111,105,113,122,117,109,127,111,121,127,120,121,115,108,117,124,129,116,107,126,107,112,107,127,117,119,112,112,110,104,119,118,108,111,113,122,115,127,120,120,115,125,117,113,118,117,127,119,126,121,111,128,119,119,127,120,123,120,124,119,126,124,119,136,117,127,117,121,119,123,123,131,126,118,118,118,122,129,121,126,115,115,118,120,123,131,126,124,137,127,128,123,129,125,113,116,129,128,131,127,125,127,129,131,126,127,123,127,126,125,129,124,132,130,130,129,130,121,126,128,127,127,124,125,129,119,124,128,128,131,131,128,131,127,131,127
128,135,134,139,138,133,133,132,131,131,130,130,131,131,137,137,133,133,132,133,128,130,129,129,131,128,128,129,125,136,127,128,128,128,128,127,127,126,124,126,133,126,127,138,127,127,128,134,133,128,123,128,126,129,131,126,129,138,127,129,130,133,133,129,127,130,131,137,125,126,127,137,128,130,128,127,129,133,131,130,131,129,128,132,131,136,128,130,128,132,129,131,137,133,130,133,131,131,128,136,127,128,136,132,133,130,130,130,129,125,128,127,127,136,129,131,130,129,128,130,134,132,133,136,135,129,129,137,127,125,136,131,133,137,130,131,129,129,132,127,131,135,127,130,133,133,135,133,130,131,127,128,131,130,135,134,128,129,127,127,129,126,124,129,130,135,137,129,129,133,130,130,136,138,129,126,128,125,128,129,131,139,130,137,134,132,131,129,129,130,132,132,136,133,132,135,138
134,127,129,122,123,125,127,126,124,126,127,124,125,129,123,123,127,128,135,130,132,124,123,131,133,134,130,131,125,121,127,132,130,130,132,125,126,121,125,126,138,129,125,121,125,136,134,138,127,125,129,119,128,134,126,119,121,121,127,131,133,138,133,134,124,123,129,138,122,119,127,124,128,127,130,127,127,139,133,137,143,129,133,138,124,121,126,139,144,137,137,130,135,137,137,134,128,136,123,122,126,139,139,139,131,139,136,127,136,131,131,135,125,121,124,130,131,130,128,127,132,138,139,132,141,136,125,120,129,132,143,123,137,135,129,129,127,132,128,133,128,123,126,134,124,131,130,136,128,123,127,125,135,129,123,126,130,133,133,124,127,126,122,127,130,134,134,126,130,124,125,131,141,127,128,125,129,135,134,130,129,118,120,126,126,121,136,130,130,129,128,128,130,125,132,122,124
134,133,130,127,128,128,129,128,128,127,126,127,127,125,127,130,125,126,123,123,122,127,124,122,127,118,121,123,127,127,124,119,125,119,120,127,122,118,126,123,124,119,126,124,124,117,116,123,125,127,121,123,117,119,125,124,126,124,124,122,118,119,121,120,127,127,124,123,128,128,126,124,125,126,122,123,127,123,124,119,126,122,120,126,129,124,127,121,119,113,120,124,124,119,118,120,124,117,129,124,128,117,123,118,119,120,122,123,122,127,122,124,128,126,128,126,125,124,125,129,135,126,126,120,124,124,128,127,128,121,125,120,124,119,123,119,119,120,125,119,128,128,129,118,125,125,126,122,119,124,126,121,123,128,131,127,128,119,124,123,123,126,125,128,128,117,119,123,129,124,125,122,126,126,124,123,122,126,127,127,127,126,130,125,127,123,126,127,127,127,128,131,124,122,120,127,129
130,151,124,129,136,143,146,143,146,145,149,148,144,148,147,121,138,126,128,137,137,124,139,148,143,148,145,148,144,142,128,133,132,139,138,141,130,125,147,142,129,132,145,142,129,129,130,122,128,130,128,136,116,119,144,138,144,141,139,137,130,134,117,123,139,146,136,131,135,150,142,139,136,139,128,139,136,132,149,130,125,136,134,149,141,136,134,143,139,142,141,146,141,132,139,133,135,132,149,136,141,133,126,134,125,138,137,143,142,145,152,134,145,137,143,150,133,139,130,136,136,130,125,137,126,139,144,133,145,133,124,130,124,128,138,134,139,141,137,133,146,127,152,128,134,130,131,144,127,137,154,155,151,149,146,128,149,144,150,147,152,160,154,148,158,131,130,158,152,143,147,148,137,141,143,151,139,132,147,150,152,152,150,144,154,141,146,154,151,152,148,151,152,133,147,160,147
144,124,136,122,115,98,103,103,103,106,104,104,113,106,112,132,107,118,125,131,115,127,95,99,115,128,133,126,109,113,120,118,125,132,138,135,137,148,138,99,137,145,106,126,100,143,136,138,110,98,131,96,142,147,137,133,106,120,103,133,131,134,150,139,107,110,142,137,103,109,102,120,100,124,136,105,99,131,136,135,142,138,138,127,100,125,100,126,139,139,131,108,113,125,136,144,137,155,109,127,110,141,143,135,141,144,142,102,145,103,113,142,104,134,104,106,106,102,127,103,120,133,136,115,127,130,106,142,102,122,136,113,130,136,121,130,112,139,131,123,108,134,124,136,102,154,137,129,135,118,120,113,136,108,128,122,137,121,108,102,134,111,123,102,116,134,136,120,109,113,104,103,138,107,104,103,102,109,100,100,103,107,104,134,97,97,102,102,102,103,112,110,126,113,130,104,127
137,127,128,116,118,117,116,117,118,112,115,118,123,115,120,125,125,113,115,121,126,118,122,121,138,121,125,124,127,123,118,123,133,122,113,133,129,127,144,121,130,119,126,123,117,117,120,132,122,124,137,125,127,122,141,139,129,122,115,127,136,126,119,134,129,134,145,132,135,133,120,120,117,127,128,132,117,132,120,130,134,125,128,131,124,123,117,128,127,125,134,122,123,131,116,119,126,132,123,127,117,121,132,130,122,128,129,122,132,122,132,126,123,128,120,125,129,124,133,116,130,135,133,135,139,137,123,121,120,121,135,128,136,133,142,137,138,134,149,136,121,125,124,125,129,138,134,141,131,120,138,131,138,129,131,131,122,125,130,123,134,135,128,123,130,136,134,122,116,120,115,115,134,117,121,129,127,128,124,121,117,119,120,121,122,119,127,118,117,118,118,113,116,126,115,121,115
138,121,127,141,134,129,132,129,132,131,128,131,136,120,132,110,117,131,139,134,138,132,126,137,136,136,139,127,128,126,118,138,130,129,136,128,131,134,137,131,126,131,125,124,117,124,130,122,129,131,131,134,129,122,131,124,128,129,120,125,124,125,121,137,134,133,139,128,131,120,127,128,120,132,123,131,131,131,133,131,128,127,127,115,127,127,120,122,131,123,131,126,126,133,115,122,119,116,125,134,115,121,124,125,122,126,135,133,130,129,133,120,130,133,117,128,137,126,126,135,146,130,123,134,122,125,126,127,120,139,125,117,124,124,123,122,127,128,121,115,126,131,113,108,122,125,127,131,126,129,126,132,127,130,127,127,109,120,125,122,128,138,147,134,128,123,126,135,121,133,120,128,126,129,129,139,133,137,130,133,135,131,121,142,127,123,129,128,134,132,134,139,143,139,139,127,135
121,121,124,107,119,120,119,120,120,124,122,119,115,122,119,130,123,128,131,129,127,131,123,128,127,136,128,126,113,123,132,121,126,135,139,139,139,133,119,123,127,130,115,128,124,139,133,133,124,119,145,123,144,142,130,119,119,124,118,138,139,144,142,141,123,127,136,131,129,107,120,123,117,131,128,126,127,122,142,139,124,143,142,135,120,125,118,144,139,143,136,125,134,144,141,146,137,144,117,120,115,143,130,134,147,139,133,118,135,115,123,122,119,125,118,116,125,130,143,119,120,119,119,124,122,128,119,126,115,122,127,131,125,132,133,135,134,139,125,136,120,128,123,147,135,144,141,139,139,131,135,112,121,113,124,125,122,126,116,116,122,116,116,117,120,130,132,129,124,117,119,122,125,121,121,122,120,120,126,125,128,131,130,130,128,125,126,126,124,122,118,120,116,110,115,138,132
129,128,130,127,127,125,125,126,125,123,123,121,113,126,121,129,130,121,115,117,120,112,121,111,105,111,111,108,125,125,125,107,103,111,111,107,113,109,108,115,115,110,125,123,127,107,110,115,124,122,105,118,115,109,109,102,119,124,128,102,110,109,108,104,115,110,110,115,111,118,122,122,129,108,115,116,122,117,109,108,117,109,102,108,119,124,128,107,108,109,108,113,111,111,109,105,104,111,125,122,128,109,112,108,109,109,112,121,109,110,117,110,123,125,129,115,112,111,117,117,110,115,115,109,117,107,122,126,132,115,112,116,116,115,110,109,115,109,110,106,124,126,132,112,115,110,105,109,111,112,117,119,112,113,125,124,136,117,118,121,115,115,112,119,118,117,115,117,127,128,128,123,112,119,122,124,119,120,123,123,121,122,119,120,124,121,126,124,120,116,115,113,115,118,117,122,120
136,142,138,150,148,147,147,148,150,148,149,150,143,135,137,137,129,121,108,117,136,121,141,129,128,131,127,115,142,150,127,103,118,119,118,129,106,104,125,135,127,103,139,148,142,87,91,127,143,150,102,135,102,104,123,118,141,146,141,102,109,121,115,104,139,143,116,132,130,144,144,145,144,121,119,139,146,131,108,95,129,110,119,116,147,138,143,99,88,93,107,138,125,94,82,87,95,89,143,145,139,86,126,115,107,100,120,145,117,146,130,116,147,138,142,144,141,144,142,152,143,134,130,132,131,107,145,135,144,120,130,137,130,128,119,92,116,98,121,106,144,138,138,90,133,95,98,106,96,137,135,151,126,136,149,139,129,123,141,152,143,143,132,147,150,131,130,126,144,152,139,144,133,145,148,148,144,145,143,150,152,133,145,156,149,139,137,144,148,144,146,142,141,147,141,139,156
127,115,115,116,125,120,122,122,123,122,123,119,124,118,111,116,122,119,119,121,121,125,124,123,105,123,113,108,115,112,119,100,102,116,118,121,124,123,113,131,130,118,117,112,116,120,117,125,135,133,121,125,125,125,118,102,118,112,119,118,113,122,130,130,115,113,113,124,110,98,120,115,116,105,103,116,126,139,127,126,139,126,119,110,123,110,118,115,123,122,126,136,134,127,130,130,133,133,120,111,117,126,131,124,125,131,122,124,125,121,117,108,122,108,117,111,124,119,113,117,111,131,134,104,133,121,122,108,115,107,129,118,137,117,115,125,109,122,123,115,117,110,115,118,107,120,117,121,115,120,103,108,106,105,100,111,112,110,99,118,110,97,100,115,106,115,115,110,123,117,118,107,126,121,118,108,122,123,119,122,117,120,127,107,118,111,113,120,122,121,118,119,111,117,98,124,116
126,138,147,133,130,129,130,129,133,129,132,128,127,146,144,147,145,146,143,142,122,124,133,139,131,131,127,137,129,132,146,130,131,121,128,113,128,124,124,136,135,139,127,130,141,134,132,130,125,128,127,127,125,123,125,136,132,127,138,137,128,125,130,115,132,129,117,131,129,136,131,128,134,135,125,128,131,125,121,126,127,123,135,131,129,127,133,122,120,121,115,120,124,131,123,129,132,124,130,127,133,126,129,128,131,121,115,126,125,128,136,119,129,127,131,127,127,129,112,124,113,123,122,135,128,126,126,126,137,126,122,130,122,131,119,117,128,118,117,126,127,130,135,111,115,115,111,116,116,112,118,121,122,123,139,133,134,130,131,126,112,112,115,119,123,129,129,124,132,136,131,131,123,131,128,130,129,120,123,120,120,117,124,133,125,129,124,123,125,124,125,129,130,133,129,123,132
131,117,131,138,134,131,128,131,130,131,133,128,129,133,132,133,135,147,143,144,142,139,133,139,149,133,142,145,124,133,139,144,138,129,142,143,141,145,136,131,139,143,124,132,132,137,139,135,146,136,142,133,141,137,134,142,135,133,131,145,130,143,136,147,136,131,128,130,132,135,129,131,130,145,134,128,126,129,132,129,139,133,133,124,126,134,129,135,130,120,121,130,133,135,137,137,125,135,122,139,128,133,135,128,128,129,133,129,122,121,117,126,127,136,128,135,125,121,116,127,129,135,131,123,129,132,130,138,128,126,130,121,131,128,125,139,141,137,137,136,126,139,134,137,139,139,142,139,148,139,139,125,132,131,146,145,135,119,118,124,123,131,131,130,122,126,129,131,127,139,133,122,125,125,124,132,138,132,138,135,138,130,123,139,121,126,138,136,133,131,137,136,139,134,139,126,129
119,126,130,134,132,133,132,131,132,134,136,132,130,133,132,124,128,131,129,131,131,127,128,123,126,129,132,129,135,129,128,127,124,126,129,126,120,124,128,127,128,128,133,128,130,123,127,128,129,128,124,124,124,125,132,129,131,128,130,129,130,123,124,122,127,127,130,128,125,131,131,128,129,129,132,125,128,132,125,120,129,129,126,128,131,125,129,123,125,126,128,130,124,122,122,121,125,127,132,129,126,125,127,126,125,125,124,126,126,130,131,131,132,129,130,128,129,129,133,130,135,131,134,135,129,131,131,128,131,136,128,130,130,129,129,125,131,124,131,137,132,129,129,122,121,125,125,124,128,124,129,129,131,134,132,129,128,131,132,128,131,135,133,128,135,130,128,132,133,135,133,133,128,129,128,132,128,125,129,129,130,128,133,126,130,132,126,128,129,129,126,127,127,129,124,133,130
116,103,103,106,120,120,120,122,120,117,115,118,117,115,117,97,109,113,123,117,135,123,124,134,129,124,132,135,106,110,118,134,137,137,142,139,134,138,130,130,134,127,110,111,118,127,133,128,136,127,128,127,129,134,126,133,112,108,120,123,137,133,134,138,126,123,135,131,131,129,119,111,124,134,138,141,127,135,132,129,132,133,132,120,116,109,121,124,127,129,131,131,131,127,123,128,119,121,110,105,119,121,130,127,125,131,131,127,132,136,128,135,112,102,115,127,138,139,136,136,130,136,137,139,131,119,111,98,118,131,134,132,139,125,134,133,127,126,122,119,106,100,110,123,134,115,116,124,121,123,120,122,125,124,102,108,111,118,123,130,128,123,128,126,120,125,126,115,112,107,116,121,134,131,126,121,124,119,112,115,119,110,116,99,113,115,115,113,117,115,115,112,110,121,112,106,106
100,113,111,109,112,119,119,118,117,117,118,118,115,113,113,111,116,111,112,110,112,110,121,115,110,111,110,110,115,109,110,110,109,109,109,110,108,107,108,115,115,110,115,108,113,108,107,113,115,117,106,112,106,109,109,111,117,108,116,110,109,108,112,110,111,109,110,115,109,112,120,108,117,109,110,110,117,113,112,111,113,112,110,108,118,106,116,111,109,111,110,115,113,110,111,110,110,111,113,105,115,112,113,109,109,110,108,117,110,112,104,107,116,104,115,113,110,108,109,115,110,111,112,110,110,108,116,105,115,106,115,109,113,113,109,109,109,111,110,115,113,105,110,113,113,112,111,111,111,109,106,110,110,111,107,106,109,108,108,116,109,109,108,117,109,113,112,109,116,116,118,115,113,117,121,113,117,109,115,117,117,115,118,110,119,113,115,117,118,115,113,112,109,115,110,120,111
132,131,131,131,133,133,132,131,133,129,129,132,131,115,125,128,125,107,102,99,107,102,124,109,103,97,92,100,130,129,112,99,97,93,98,99,91,100,95,119,125,91,129,130,122,94,93,127,128,125,93,125,93,96,93,104,129,134,127,88,90,92,94,92,121,112,90,124,107,122,123,135,128,89,90,112,124,118,93,89,122,91,94,98,127,135,129,92,92,96,107,130,117,93,91,96,102,104,128,137,129,94,126,97,99,99,98,129,98,122,109,99,126,132,130,115,105,110,115,129,116,126,123,103,124,99,125,128,128,96,123,111,122,123,98,99,92,94,115,102,126,130,125,106,118,105,108,105,102,115,103,121,110,125,134,131,123,100,107,128,110,130,124,134,123,124,124,129,121,127,127,123,124,128,126,122,130,137,130,130,130,134,129,132,127,133,125,128,128,131,133,134,139,135,137,128,131
133,119,119,118,116,121,118,117,117,118,120,121,128,122,123,112,121,116,126,128,125,119,124,132,124,131,126,125,125,115,122,125,129,127,129,125,129,127,131,127,137,131,124,117,117,139,129,133,126,127,132,127,128,133,122,133,127,116,119,136,133,128,137,128,128,127,126,136,127,126,124,117,122,131,126,126,126,135,129,129,138,129,129,130,121,115,122,134,139,145,147,124,128,133,137,141,141,139,124,118,124,141,136,138,136,142,126,129,142,125,133,129,122,118,120,127,126,132,126,121,123,136,131,133,132,131,125,118,119,131,132,128,136,134,134,131,132,136,125,134,121,113,122,130,130,142,139,138,133,134,128,124,134,129,115,115,128,134,130,126,136,127,132,125,127,135,135,125,121,121,120,119,135,119,122,122,122,125,120,120,117,122,123,116,120,119,119,119,118,117,116,117,115,124,118,124,113
129,133,137,126,127,133,130,135,136,136,138,136,129,136,135,139,146,127,127,126,129,112,130,134,122,120,126,139,118,133,123,135,134,130,131,133,125,127,122,131,113,132,117,131,128,133,131,120,132,125,138,133,126,125,126,119,122,133,129,130,135,118,113,127,128,136,126,117,121,134,125,132,127,139,137,128,130,110,126,126,109,128,130,126,125,130,127,131,125,129,115,125,122,137,131,133,137,142,119,128,124,141,118,142,139,142,135,136,136,128,137,133,124,126,125,132,137,142,133,130,120,107,107,134,110,134,125,121,124,139,109,138,115,125,137,142,139,134,137,129,119,124,117,134,134,145,141,137,129,132,123,120,129,131,136,134,108,132,138,131,135,133,133,137,129,127,125,121,122,125,121,125,113,124,133,136,130,122,133,132,131,124,123,139,127,133,136,133,132,130,132,132,130,121,130,127,136
111,102,115,98,99,100,97,98,102,102,102,98,115,105,94,108,104,113,115,115,102,107,102,106,96,110,118,105,94,102,113,110,109,119,112,112,119,116,115,113,127,122,94,100,102,125,120,123,115,106,115,109,120,128,123,111,102,100,99,115,120,128,138,125,100,109,119,125,115,108,98,98,94,115,121,111,105,126,124,130,126,128,136,117,96,100,93,122,125,131,117,110,121,128,127,127,121,124,89,107,89,123,126,123,130,125,120,104,120,109,119,127,93,106,91,105,109,109,113,105,115,122,128,125,124,122,93,104,96,119,130,118,119,120,119,120,117,122,115,124,90,104,89,115,115,115,118,118,122,115,111,110,120,115,104,107,86,115,110,102,112,106,111,103,107,117,120,120,99,93,98,102,127,105,100,102,106,116,99,99,100,126,106,99,102,103,99,98,95,98,97,99,99,103,100,108,100
127,138,133,132,136,136,136,136,137,138,137,137,133,136,133,135,135,134,141,134,139,146,134,146,149,143,143,148,135,137,137,136,135,139,149,148,144,141,142,137,136,139,137,139,138,139,136,141,146,132,144,135,139,150,148,148,130,136,142,144,146,149,149,139,136,138,142,141,148,136,133,135,137,149,145,141,136,135,157,148,136,147,151,144,133,137,138,151,141,141,151,139,152,151,149,148,141,141,136,136,139,146,143,141,143,144,141,136,144,138,146,143,132,137,137,141,139,138,143,138,137,135,137,137,138,139,131,133,138,139,137,145,136,138,144,145,143,148,148,149,134,135,139,148,144,150,149,152,149,148,142,143,148,129,132,134,137,149,144,137,145,132,129,137,139,137,139,135,133,132,137,138,134,130,131,134,135,134,135,135,135,131,133,129,137,135,137,136,134,134,133,134,130,130,137,132,125
128,131,133,135,139,137,141,139,138,136,136,136,141,127,143,133,134,130,127,130,136,135,133,128,123,115,128,124,141,141,128,133,131,117,131,131,126,132,120,127,127,121,144,141,138,128,132,125,128,128,130,139,129,131,121,138,136,142,138,124,128,115,128,138,136,134,128,125,122,130,138,139,139,122,122,120,130,131,127,127,133,118,112,128,143,143,139,118,126,122,135,133,135,130,129,133,130,138,143,139,142,123,130,126,129,126,123,133,125,125,130,127,142,144,142,123,128,129,120,119,112,127,124,122,130,126,142,144,141,126,124,135,132,126,127,133,130,136,142,128,139,141,144,132,134,138,139,136,128,125,123,128,132,134,136,137,139,123,123,128,126,127,129,132,123,126,126,136,139,134,136,130,127,133,131,122,130,135,139,139,143,138,135,122,133,129,135,137,138,137,136,132,123,131,125,137,120
135,137,149,132,127,127,129,124,127,125,130,128,128,127,132,139,129,129,130,129,117,119,121,119,113,120,118,111,128,134,129,115,113,117,117,104,121,115,106,119,126,124,126,131,127,130,127,133,115,121,111,115,123,117,109,106,119,131,124,121,125,121,123,125,109,109,113,130,115,109,119,131,120,110,120,120,119,125,113,125,123,124,129,120,126,131,124,116,119,126,118,120,121,125,126,125,129,123,126,130,123,129,129,123,133,130,113,116,129,115,125,115,128,136,126,107,117,115,122,121,118,130,133,122,125,115,127,141,125,115,128,119,121,133,112,115,113,117,116,110,128,138,127,117,115,123,123,117,116,102,109,118,121,116,126,135,127,116,115,118,112,110,111,118,111,136,134,115,125,131,123,123,127,125,125,120,122,122,124,124,118,119,125,132,121,122,126,124,123,123,121,118,120,122,123,125,131
145,126,123,125,128,126,126,129,129,126,125,127,132,127,129,128,129,124,124,123,125,123,125,121,120,125,121,118,125,131,127,123,118,121,121,121,123,120,122,126,131,120,124,130,129,123,121,128,125,132,123,127,125,125,125,119,126,130,130,122,120,124,126,124,123,123,125,129,128,123,127,127,128,121,125,124,124,128,127,125,130,121,125,132,125,127,129,129,125,124,126,127,130,127,124,124,125,120,124,125,128,127,129,127,124,125,130,127,126,127,134,129,124,124,128,127,127,124,121,128,122,132,134,122,132,127,128,123,128,128,129,125,130,128,124,123,121,121,128,129,125,124,129,121,124,120,123,125,123,130,120,125,125,132,128,126,132,128,128,128,125,126,128,129,127,128,127,134,128,130,130,130,130,129,127,127,129,133,128,128,128,131,128,125,128,128,129,128,128,128,126,126,122,124,126,129,125
130,113,118,93,97,105,104,103,105,109,110,106,105,119,102,117,115,122,128,132,115,127,112,113,113,129,123,119,95,97,118,117,115,128,122,116,119,116,121,115,119,129,94,102,108,123,121,125,108,112,125,113,121,125,123,118,99,99,104,118,126,129,130,123,111,111,124,123,118,108,105,98,106,117,113,109,115,117,117,123,116,124,124,124,104,99,105,117,122,125,123,107,108,121,123,128,133,126,97,96,103,123,122,128,127,126,116,104,122,107,117,115,98,99,100,107,119,123,127,112,118,119,116,125,116,122,100,103,102,121,118,119,119,121,117,124,129,129,121,113,96,102,110,124,106,128,129,124,120,122,119,115,116,102,102,97,109,118,112,108,115,111,115,108,112,121,122,111,103,95,105,108,118,111,111,110,106,102,108,105,102,128,111,102,112,111,111,109,105,102,100,100,103,102,104,121,106
125,137,138,128,133,133,136,132,134,135,135,136,135,119,131,131,126,115,117,123,126,133,132,127,123,122,117,130,120,127,126,120,127,132,122,126,128,126,129,134,126,131,123,125,137,129,127,123,139,133,124,138,127,131,119,131,128,129,133,125,123,119,123,122,134,139,120,122,132,143,134,128,135,122,126,144,135,121,126,127,119,126,122,128,136,125,134,125,127,131,133,138,139,111,130,132,139,134,135,118,132,126,121,122,124,126,138,143,128,143,135,132,134,125,137,141,135,142,136,138,124,124,124,139,126,130,125,126,139,142,122,142,129,125,143,136,141,141,142,141,129,127,130,144,142,139,138,141,135,144,145,139,136,142,128,120,121,139,144,143,141,132,136,141,148,125,121,142,135,129,139,137,123,134,141,139,135,123,137,135,132,130,139,119,137,131,133,136,138,137,136,133,126,129,120,136,126
126,115,118,104,109,119,123,118,120,122,120,123,122,128,104,126,129,125,136,141,137,139,127,131,134,146,137,137,116,111,141,134,132,152,142,142,154,149,139,134,118,143,119,108,132,136,143,115,134,129,149,135,152,151,141,139,111,108,133,145,151,158,150,152,130,144,152,113,146,128,122,110,132,143,142,141,134,127,154,151,120,155,151,143,122,110,134,148,152,149,142,124,147,139,143,144,142,144,122,110,134,136,115,139,146,143,147,133,142,137,141,143,120,116,129,138,142,136,142,131,141,117,121,136,123,143,116,117,135,138,115,132,124,110,143,145,143,146,121,133,121,112,134,135,139,137,132,134,138,123,137,129,126,119,104,102,129,131,137,132,133,130,133,125,128,107,110,128,123,111,122,129,110,111,125,129,125,120,125,123,117,106,120,102,120,115,124,124,120,115,111,115,113,115,112,116,94
121,150,134,136,143,156,156,156,158,160,160,157,152,162,139,129,171,155,133,142,148,132,157,154,127,132,128,137,137,122,146,129,137,129,139,134,127,123,123,158,130,129,137,119,156,128,126,124,143,151,127,152,124,122,115,119,135,129,157,126,116,109,118,126,151,148,117,125,141,142,155,132,159,135,122,145,150,130,143,126,125,129,118,134,149,122,158,131,130,130,139,155,144,125,128,135,134,139,137,124,152,130,127,117,121,119,119,152,129,141,138,118,148,122,155,147,139,139,130,146,125,127,119,121,124,120,144,122,158,135,118,145,127,128,139,138,145,132,145,131,144,120,152,145,160,149,137,145,130,150,130,147,127,142,132,121,139,137,139,161,147,123,133,152,134,130,125,149,149,145,159,156,117,156,163,145,152,148,161,160,148,141,149,144,152,155,164,160,157,150,142,139,129,143,132,150,132
120,120,117,127,127,127,123,123,124,125,126,126,132,126,129,124,122,124,127,126,130,123,128,132,126,133,126,116,128,132,120,119,124,121,121,116,118,124,122,121,129,118,128,130,121,128,118,126,113,125,117,121,129,124,124,129,127,131,127,127,117,128,137,127,127,121,123,125,127,125,127,129,123,127,115,116,128,121,123,129,125,123,125,125,127,134,120,130,129,126,117,121,117,131,128,131,123,119,129,136,118,122,125,116,123,122,110,123,121,120,122,117,129,133,122,122,118,119,115,122,122,122,122,112,128,115,131,132,121,112,122,123,131,121,115,109,108,118,105,116,131,133,115,121,122,120,123,111,111,122,115,123,115,122,134,133,124,115,113,124,118,116,115,129,119,122,124,112,132,139,134,117,127,121,122,129,128,121,122,126,129,121,131,141,130,129,125,123,130,128,131,129,136,125,132,128,143
129,123,121,133,128,130,129,129,125,124,125,129,134,113,139,121,116,105,100,102,115,104,130,122,112,102,106,109,135,126,106,102,104,106,103,106,105,109,106,127,138,110,131,124,117,112,109,143,127,132,108,128,105,103,108,115,139,126,121,112,110,110,109,106,125,119,107,142,110,127,133,126,125,117,115,121,133,135,110,110,138,109,109,107,133,120,122,108,115,115,115,128,125,115,112,110,110,111,130,123,119,115,142,112,113,109,104,130,110,125,115,109,132,119,123,126,120,120,115,125,112,135,132,117,129,107,132,117,122,111,142,115,132,145,109,107,109,110,117,115,129,121,112,111,121,108,108,110,106,119,113,113,117,127,134,124,115,113,121,127,115,122,118,129,123,145,142,122,129,131,131,120,139,134,130,119,128,133,121,128,132,130,133,137,135,131,119,127,133,135,135,135,133,139,135,135,135
115,122,126,129,127,129,129,130,131,131,133,130,135,132,127,121,131,136,136,138,138,133,130,131,131,127,124,125,127,128,132,130,124,127,139,133,132,135,128,131,136,128,126,131,132,142,136,137,134,134,130,128,139,137,123,124,129,129,132,138,130,131,136,139,134,127,131,134,128,123,129,128,129,137,130,128,128,134,136,139,134,131,129,138,125,127,129,139,139,139,144,138,137,139,142,141,145,141,125,131,130,135,137,130,136,134,124,123,131,128,127,129,125,123,126,125,129,130,126,124,118,132,133,130,135,131,123,118,128,125,136,128,133,129,125,130,128,137,145,120,122,118,125,132,120,136,141,134,121,124,120,125,128,124,122,120,121,126,121,126,125,113,117,125,120,129,132,125,127,124,125,126,135,130,127,123,129,129,131,130,130,135,132,133,131,131,134,132,130,131,131,131,131,133,131,132,131
126,121,115,132,130,130,130,127,127,127,126,128,124,119,126,120,123,119,120,119,124,120,125,134,139,122,125,117,128,123,115,113,127,127,132,135,123,131,142,129,126,117,125,125,126,115,119,121,131,126,136,133,123,134,134,122,130,125,120,120,116,138,132,134,131,128,118,123,132,123,125,127,120,131,124,138,130,124,115,120,124,128,126,128,126,123,122,121,127,121,137,127,124,120,122,125,128,126,119,125,122,115,129,133,122,126,125,126,123,133,135,116,124,131,123,128,122,142,123,129,126,131,124,139,127,122,122,126,126,127,125,137,126,125,129,125,122,132,124,124,122,128,115,134,130,144,135,126,116,122,118,126,125,119,131,129,110,120,117,133,133,127,125,136,128,125,122,120,123,137,131,123,123,134,132,126,132,137,125,129,128,124,134,154,134,130,122,123,130,135,134,131,130,133,131,135,133
115,121,129,130,126,125,128,128,130,129,125,128,133,135,120,126,130,133,130,136,136,134,127,132,129,131,128,133,123,122,128,147,133,136,133,133,141,126,119,129,129,134,123,121,127,135,134,130,131,134,133,128,141,146,121,129,122,120,134,145,133,131,143,142,132,126,127,129,134,123,127,120,131,130,123,129,127,136,138,139,135,130,125,142,122,116,130,141,138,138,138,136,137,128,133,136,136,139,121,115,131,139,132,134,137,141,141,131,136,132,136,130,123,119,129,134,124,131,120,127,124,128,129,123,132,131,123,119,134,125,131,130,136,125,132,125,121,135,117,124,122,119,134,131,124,129,122,138,131,131,125,128,116,117,122,118,131,132,124,128,125,123,120,123,119,124,124,124,124,123,126,127,130,123,125,126,131,141,132,128,127,105,125,118,118,120,132,129,125,125,120,126,124,127,124,120,124
138,112,120,116,116,113,113,113,113,113,110,112,120,110,116,129,117,117,120,121,116,115,115,118,117,113,116,119,116,120,123,122,116,123,120,122,124,123,125,117,136,120,115,120,116,128,125,133,112,118,125,111,122,129,125,117,113,119,117,125,128,122,120,129,116,115,129,133,115,117,115,119,118,125,118,121,112,130,125,128,134,121,122,132,113,123,120,126,130,130,130,120,120,128,127,124,130,134,115,125,122,126,134,131,127,129,123,113,132,118,132,132,115,125,119,119,118,119,123,112,118,133,135,124,132,132,117,129,118,124,138,119,132,125,116,123,121,127,130,126,117,126,125,128,116,136,127,126,119,115,117,123,123,116,120,124,131,124,117,117,124,116,112,116,120,127,131,128,119,119,118,121,138,119,117,120,119,130,118,115,116,115,113,123,111,117,116,115,113,115,116,111,120,118,127,109,118
124,123,123,121,121,122,126,123,123,122,126,125,132,122,122,125,127,118,119,120,123,118,125,126,124,126,122,119,127,118,123,116,119,119,117,120,120,117,130,123,133,119,126,117,121,121,121,130,128,129,118,126,122,124,127,118,126,119,123,120,123,120,122,120,127,120,130,130,127,123,125,119,125,122,124,122,124,134,125,118,137,119,119,120,123,117,123,120,116,116,118,127,128,117,119,120,120,121,122,116,122,119,132,125,121,119,127,128,120,125,119,119,123,117,121,123,120,121,123,126,124,136,135,128,134,118,124,119,123,117,134,118,133,128,120,123,122,116,121,121,122,118,124,116,122,111,122,130,126,125,123,124,122,123,120,115,123,122,122,122,124,126,126,125,121,128,128,122,124,122,122,121,131,123,123,126,127,126,124,124,122,120,125,123,124,120,121,122,122,122,121,120,116,122,111,120,117
128,126,124,120,122,122,122,122,123,121,121,121,111,119,124,124,122,120,117,117,108,116,118,111,110,115,116,112,123,123,121,117,116,115,115,112,117,118,113,111,94,113,123,119,121,118,119,102,104,110,113,116,117,115,113,115,122,119,122,112,113,109,112,115,118,116,117,102,110,119,120,121,122,111,112,110,117,98,111,115,95,115,113,111,123,121,123,111,117,115,108,113,111,116,115,117,118,117,123,121,123,116,99,112,115,116,113,118,115,115,110,115,123,121,122,113,112,112,110,115,115,97,97,109,102,117,124,123,124,113,96,108,97,110,112,118,115,118,116,116,124,124,122,120,115,118,117,115,117,113,116,112,115,120,126,123,125,115,117,117,112,118,119,122,113,112,107,124,124,125,124,120,94,116,121,117,117,113,123,125,126,129,123,121,123,120,123,125,123,123,122,122,120,113,122,122,124
128,122,122,118,120,122,121,120,121,120,121,120,121,116,118,122,117,119,115,109,120,120,124,121,124,119,117,115,119,120,115,119,118,115,125,128,115,119,124,125,120,112,123,118,120,116,113,121,128,127,117,124,119,120,121,120,122,119,121,119,116,123,127,122,124,123,117,122,120,120,122,120,122,121,117,125,125,122,132,125,121,124,124,121,123,117,122,121,118,121,126,129,132,130,124,124,124,120,120,118,120,121,121,124,126,125,130,130,130,131,127,120,122,118,123,128,127,130,133,130,133,121,125,129,123,121,123,117,122,124,120,128,123,124,127,123,125,122,126,129,121,117,121,127,130,124,127,127,123,129,131,131,129,129,124,119,121,129,132,130,130,134,131,128,132,125,123,125,120,119,121,128,121,124,127,132,127,129,121,120,120,126,121,119,119,123,121,119,117,117,115,118,119,118,115,119,113
146,131,138,121,121,117,117,115,117,117,118,117,111,119,117,139,119,117,106,113,105,110,111,104,104,105,109,105,123,132,124,112,111,112,109,113,113,119,110,111,118,115,123,133,123,116,115,118,115,113,111,115,115,112,116,117,117,129,121,108,111,108,123,115,119,117,110,121,112,122,116,127,117,108,113,108,112,115,103,108,115,111,108,107,119,133,117,102,108,109,97,107,105,108,109,108,109,109,120,132,117,112,116,107,106,110,115,113,111,110,113,115,117,143,119,108,107,107,118,111,119,117,117,115,110,107,119,144,118,117,119,105,110,122,117,113,124,116,105,108,125,145,123,107,113,104,100,109,110,113,119,118,123,122,123,138,122,115,115,115,118,121,123,117,120,123,122,115,117,120,115,113,118,119,116,115,113,113,113,115,118,119,116,127,115,115,112,113,115,118,122,123,127,119,129,118,128
126,126,125,102,106,119,116,117,120,125,123,118,122,148,97,128,135,142,144,147,133,152,126,130,136,151,152,144,115,119,145,152,146,151,139,149,144,139,139,136,108,165,117,121,137,157,160,118,130,124,143,130,154,156,165,145,117,118,134,156,139,138,139,147,131,131,139,117,149,133,127,121,131,141,137,136,129,115,141,146,115,149,145,149,123,116,130,158,143,144,144,122,139,144,156,157,160,159,120,117,130,150,118,152,151,152,147,131,139,127,137,135,123,120,130,134,129,137,139,120,136,106,108,139,115,154,120,128,135,139,116,139,121,125,151,150,144,150,150,148,119,123,137,147,133,149,149,151,146,139,145,133,146,124,118,120,133,149,135,130,141,133,137,129,139,125,123,131,129,116,123,132,116,117,126,136,130,124,130,123,116,119,122,105,117,125,131,122,122,115,110,112,104,104,103,115,110
139,138,139,138,136,130,129,129,130,133,128,123,117,119,132,133,129,123,125,118,116,124,123,123,138,120,117,121,135,132,130,136,128,115,128,125,116,135,126,120,129,115,132,137,133,117,109,128,128,123,129,129,111,113,127,138,126,133,129,128,119,126,131,115,138,135,127,132,128,131,121,130,126,128,127,127,133,127,129,120,123,115,115,118,124,130,129,119,108,110,118,123,122,128,107,108,113,108,131,125,129,115,128,117,113,110,127,126,116,124,122,123,127,128,128,132,127,128,143,130,137,130,127,122,123,116,123,136,129,124,125,122,124,131,128,121,122,116,126,130,128,129,136,120,124,113,120,121,124,128,136,127,130,145,133,123,137,136,134,125,135,148,149,135,147,133,133,143,129,122,125,132,134,127,127,131,126,129,137,132,128,143,129,139,129,129,133,134,130,129,134,134,143,136,148,128,139
121,133,128,139,151,148,149,148,148,146,148,155,143,128,141,125,131,113,128,120,137,146,147,144,133,144,137,133,148,142,129,125,127,128,137,130,129,136,121,139,123,123,150,146,141,131,117,130,148,142,134,150,127,125,126,125,158,143,149,130,122,120,139,135,144,141,124,131,144,143,158,146,152,135,131,146,150,135,138,127,127,137,135,137,161,149,152,132,120,129,129,139,130,129,136,129,130,124,154,152,155,137,129,131,133,125,131,149,139,147,137,127,160,154,157,152,148,149,158,158,152,129,125,133,126,137,162,148,151,142,128,157,132,130,148,145,137,139,145,130,158,150,154,152,155,139,138,128,134,167,134,150,136,146,151,157,148,143,139,156,151,149,150,158,150,128,126,139,152,158,150,139,121,135,144,147,148,145,157,158,148,152,148,143,149,152,152,157,155,158,157,152,155,144,150,147,149
137,137,135,154,151,141,144,145,146,143,141,144,144,132,139,131,136,137,134,127,125,124,136,134,120,129,125,135,141,156,128,145,137,126,127,129,124,119,130,130,137,128,142,152,135,124,124,127,132,136,126,130,123,120,115,127,143,154,137,129,126,135,127,126,128,130,121,127,118,137,139,152,135,137,132,133,131,133,120,119,130,115,125,126,139,152,139,135,126,123,119,132,129,127,124,122,112,121,141,152,139,125,130,117,113,125,116,131,117,128,128,119,139,152,138,139,132,122,111,124,108,130,128,129,138,127,142,149,141,134,131,122,126,127,122,116,122,121,133,126,144,151,138,134,125,137,136,130,126,132,123,131,124,135,136,152,137,139,145,141,132,130,123,128,125,125,127,132,141,152,138,139,132,145,144,139,133,139,148,150,150,139,145,154,142,137,145,151,152,151,154,155,152,139,148,139,147
103,110,109,105,111,119,119,118,116,116,120,118,115,115,112,109,117,110,110,110,111,105,122,113,106,108,107,107,112,107,111,107,106,108,108,106,106,103,108,119,129,109,115,106,115,110,109,131,113,119,106,112,107,106,108,108,120,107,117,110,110,110,108,110,109,108,110,132,107,111,123,108,120,111,108,111,119,118,110,111,125,109,112,111,120,106,117,111,112,113,115,118,115,110,109,111,111,112,115,108,115,111,132,112,109,111,106,117,111,113,111,107,118,105,115,115,113,110,110,115,106,120,120,108,117,112,118,106,117,107,132,109,119,130,106,109,110,111,110,112,115,106,110,110,111,111,111,111,110,110,107,115,111,111,108,109,107,109,109,119,109,107,108,118,109,129,130,111,118,117,120,116,130,122,124,116,122,120,118,120,118,111,118,106,120,116,117,120,120,117,112,112,105,119,106,116,109
121,123,130,130,134,139,135,136,138,144,141,139,139,143,133,118,139,138,137,131,128,135,139,134,102,136,125,120,144,118,141,109,103,115,106,99,111,99,98,126,123,129,139,120,138,124,107,127,120,130,113,123,116,117,127,120,139,123,138,108,120,108,109,102,115,115,111,125,118,119,141,127,141,110,117,118,121,129,111,107,124,111,109,133,137,125,141,119,112,122,117,123,115,131,133,128,133,131,138,129,141,135,129,135,137,120,102,128,128,121,132,132,142,125,136,125,127,128,132,129,121,127,128,134,126,126,138,125,135,126,126,138,136,129,124,124,127,123,132,125,135,128,135,126,132,131,132,129,115,135,120,134,136,132,132,132,136,135,133,138,135,117,119,128,131,129,128,122,134,138,133,136,125,133,130,128,127,127,132,132,137,132,134,124,136,133,135,132,129,128,124,126,125,128,122,133,128
130,129,125,139,131,133,126,128,127,126,127,125,133,128,134,119,126,124,115,118,122,124,129,128,133,137,131,127,127,128,124,133,128,130,118,133,120,132,145,134,123,125,126,132,129,138,131,134,138,129,134,142,121,129,136,139,131,131,126,134,130,120,136,125,136,131,129,129,131,141,132,131,127,125,128,129,134,117,116,119,122,121,134,115,130,136,125,135,133,131,136,127,124,115,133,132,141,135,127,136,127,127,126,127,121,127,131,131,118,132,119,143,132,139,130,138,126,135,142,130,144,126,119,117,120,141,129,139,134,130,126,123,126,132,139,141,133,134,137,147,126,143,124,144,142,127,136,127,141,142,139,139,135,142,127,138,126,137,135,130,136,137,136,137,136,132,131,144,132,139,134,136,134,131,132,132,128,133,128,130,139,133,137,141,133,133,125,125,127,133,133,133,137,131,142,134,136
108,142,129,136,144,145,149,147,145,146,149,146,139,152,133,134,144,139,137,134,147,131,149,143,131,139,139,129,155,138,128,132,134,126,129,130,130,118,129,149,115,127,152,134,146,127,135,118,141,148,137,146,139,131,134,138,151,136,145,127,139,130,129,132,152,145,128,119,138,138,152,138,149,129,128,138,152,121,130,128,120,130,137,131,148,130,146,129,126,132,134,141,133,128,115,125,127,134,151,127,146,126,121,142,134,131,128,147,130,150,145,129,148,124,146,151,141,147,115,141,128,125,119,141,121,131,149,118,149,137,119,138,123,124,135,132,132,130,128,127,149,116,136,113,135,120,119,125,133,134,131,146,137,136,139,123,134,139,144,149,139,132,131,146,141,123,122,141,147,152,152,143,120,139,148,150,148,146,148,152,149,135,151,136,148,143,139,148,151,147,136,131,131,147,129,146,130
123,134,136,130,129,131,131,129,130,131,131,130,130,139,131,134,135,139,138,143,137,133,129,125,132,135,131,135,129,131,142,132,133,133,134,129,129,129,130,124,131,132,130,130,133,129,133,138,124,122,129,122,129,131,129,134,127,133,133,127,132,129,130,128,125,122,130,139,129,128,131,130,134,123,133,126,126,128,126,127,129,129,131,141,133,132,136,130,128,131,134,125,128,128,131,132,135,136,130,132,138,134,137,134,132,133,130,124,134,124,134,139,132,132,135,123,126,127,134,127,125,122,128,130,126,134,133,133,135,135,133,127,128,142,129,129,138,137,141,135,131,133,143,139,128,139,142,136,134,132,137,132,138,126,128,131,144,141,133,128,136,128,128,124,132,141,142,132,132,126,129,133,131,118,127,129,127,124,130,126,125,128,127,124,124,125,131,127,125,125,127,125,132,124,131,124,130
115,118,116,129,127,124,124,124,125,122,122,122,115,119,123,115,120,117,115,115,118,118,122,119,117,117,115,117,123,121,115,125,120,117,120,120,119,121,116,118,102,117,122,121,119,117,120,108,120,119,121,126,116,115,113,117,122,123,122,117,112,118,122,118,126,119,119,109,118,124,120,123,120,118,118,122,123,102,118,119,102,118,116,112,120,120,119,118,119,117,115,121,120,117,119,120,117,116,121,122,118,118,106,110,113,117,124,126,113,124,117,117,120,119,120,125,120,118,110,122,122,103,102,115,105,115,120,118,120,118,105,118,102,116,116,116,113,116,110,110,120,120,115,113,118,113,111,115,117,120,115,117,115,123,121,119,112,115,117,124,115,122,123,125,120,117,115,123,122,125,124,125,103,115,123,123,120,119,126,126,127,122,124,126,122,123,126,127,128,130,130,132,130,123,129,124,127
127,118,126,119,117,115,113,115,115,115,115,115,102,119,115,132,112,124,119,126,110,128,111,108,116,124,125,125,112,126,120,127,120,128,112,116,120,117,121,111,96,127,112,127,116,122,124,104,105,100,123,116,116,122,127,117,109,121,111,127,113,121,121,115,115,117,116,105,115,111,109,120,107,121,118,110,113,94,108,113,91,118,115,118,115,124,110,118,116,115,107,102,104,117,118,116,122,122,113,124,110,118,102,120,120,115,121,109,120,106,115,115,112,128,112,110,107,115,123,110,116,91,93,115,95,120,116,127,109,115,98,110,92,112,116,118,119,119,120,122,115,129,117,121,115,123,125,116,119,117,121,115,111,123,119,127,120,117,112,112,118,121,124,115,115,115,113,122,110,111,111,109,96,110,112,115,108,106,117,116,115,125,111,122,113,112,116,115,113,115,116,118,123,105,124,120,120
134,128,123,117,110,112,107,111,115,112,110,112,115,116,116,141,122,125,128,130,120,131,116,118,135,135,134,122,112,123,134,124,126,126,113,126,120,119,136,110,133,121,109,122,121,116,122,119,105,110,121,116,130,124,131,124,109,116,115,116,123,133,123,115,112,118,138,124,121,124,115,117,115,118,127,109,113,120,111,116,127,113,113,132,112,128,118,137,130,118,115,102,111,117,121,116,121,112,113,125,117,122,121,117,109,118,118,112,119,103,118,123,111,126,116,113,106,100,124,108,127,121,132,128,124,125,110,127,115,115,130,106,119,125,106,109,121,110,132,123,111,125,116,117,106,108,102,112,110,119,124,117,127,119,121,127,133,116,115,113,115,133,135,119,127,125,125,125,120,120,115,112,127,111,115,122,115,117,124,121,118,127,113,128,121,125,128,120,116,117,120,125,124,105,118,122,124
136,135,121,145,147,149,147,147,148,149,147,149,151,133,145,128,137,124,118,115,131,128,144,127,127,115,105,104,151,141,124,115,123,102,112,111,104,107,121,132,128,98,143,133,134,95,100,129,129,144,98,134,94,100,99,115,136,135,136,93,97,97,90,102,131,122,106,128,121,139,134,137,141,102,109,131,137,142,103,95,135,94,96,104,145,136,144,91,87,85,98,138,120,105,91,90,92,93,139,133,145,84,135,96,93,90,87,134,93,129,115,116,141,129,144,121,128,122,115,141,128,137,134,116,135,96,141,129,144,107,135,123,137,127,102,90,96,90,110,84,139,132,143,98,124,106,106,88,80,113,97,126,117,123,135,132,138,98,116,135,112,124,113,141,131,124,127,136,149,144,149,137,134,152,143,137,141,146,141,149,156,151,155,142,157,149,136,145,149,149,149,146,139,152,150,152,144
100,113,112,112,115,121,122,121,119,121,121,121,115,116,115,110,118,115,115,112,112,112,123,117,115,115,113,112,115,110,113,111,111,111,113,112,111,112,109,119,112,113,116,110,116,113,112,116,115,118,113,115,113,112,110,112,119,111,116,115,116,112,115,115,112,111,115,117,110,111,122,112,119,112,113,113,121,109,116,116,111,115,115,113,121,108,117,113,115,116,113,116,115,115,117,115,115,115,116,108,116,115,116,113,115,115,113,118,115,116,112,111,120,107,116,117,115,115,116,115,113,109,111,112,110,113,119,107,116,111,113,113,110,123,115,113,113,113,115,115,116,107,110,113,115,115,113,116,115,113,112,110,110,112,110,108,109,112,113,117,111,113,112,118,111,124,121,112,119,118,118,117,111,120,124,117,119,111,118,120,118,111,118,113,119,116,118,120,121,118,115,116,112,115,111,117,115
134,136,133,141,142,135,133,132,131,131,128,135,137,124,149,130,126,120,121,121,126,112,129,127,124,124,122,125,139,138,126,118,121,121,122,125,122,123,126,131,128,119,141,131,137,113,120,130,131,134,124,138,124,124,142,139,142,138,137,126,121,129,118,121,135,136,139,130,147,143,136,137,139,129,136,141,138,131,127,122,129,131,137,133,139,136,143,120,117,122,133,135,134,125,125,133,143,139,139,136,144,122,127,134,126,129,149,143,132,145,139,141,139,142,145,138,137,139,130,139,147,130,127,131,134,141,141,143,147,135,130,139,126,125,131,130,128,137,147,128,146,147,151,134,137,129,128,131,132,143,132,146,143,139,148,142,152,133,139,139,134,135,137,139,142,124,126,139,142,142,142,144,129,142,138,139,145,146,138,135,137,130,142,132,137,143,144,139,134,132,134,138,134,138,136,130,132
121,121,109,128,130,133,132,129,128,129,130,131,137,120,130,108,123,119,122,122,123,115,132,131,122,115,113,123,132,117,121,118,112,118,120,112,111,127,111,124,138,121,134,115,123,122,116,139,124,132,118,128,115,120,115,134,143,124,128,121,111,111,113,122,127,127,115,137,126,136,138,123,133,125,116,123,130,130,110,117,129,120,120,113,130,124,125,115,107,112,116,126,115,113,105,113,111,112,134,126,130,120,136,119,113,112,110,124,118,125,122,126,135,118,135,130,124,132,115,127,119,139,138,118,133,115,137,115,132,130,136,118,125,131,113,112,112,115,105,121,133,113,122,116,131,110,106,116,115,128,116,121,127,137,138,115,115,126,126,126,119,116,115,131,120,134,136,122,130,132,128,131,136,127,126,118,128,125,109,118,123,135,135,139,133,128,118,118,123,125,127,131,136,145,130,131,138
144,142,143,123,130,143,139,139,143,144,144,145,139,138,130,141,139,142,133,135,128,138,135,129,143,137,130,136,139,137,151,136,133,132,124,133,125,124,136,129,132,125,138,141,145,127,119,125,119,130,117,129,135,127,132,136,139,139,141,131,120,124,133,111,131,127,129,129,135,143,141,141,145,128,123,124,130,134,129,115,129,124,135,141,145,143,141,133,119,121,123,123,124,119,124,130,134,123,141,143,144,116,122,125,129,123,135,134,124,131,137,130,142,146,147,139,121,125,124,129,127,127,131,119,124,128,138,147,144,133,122,130,127,125,124,124,123,124,130,118,141,150,145,133,131,136,139,123,120,132,129,139,131,126,132,142,141,130,136,137,136,139,138,137,141,127,124,130,141,136,136,145,130,141,136,134,135,125,142,141,139,132,132,138,136,137,145,139,136,138,138,129,142,135,142,130,147
133,126,128,136,134,132,133,132,131,131,132,131,124,128,128,131,130,128,126,131,130,132,126,128,132,131,131,135,126,131,130,133,127,133,131,132,131,131,129,129,119,130,128,132,133,129,132,121,127,127,130,126,127,123,126,128,123,131,129,131,122,128,123,125,126,128,125,121,131,127,126,131,128,128,121,128,126,122,121,121,119,126,123,128,128,134,130,132,128,126,120,127,126,122,126,124,124,129,129,133,129,131,120,125,126,126,125,125,125,124,131,130,128,132,131,126,127,123,123,124,122,117,118,122,115,128,127,134,129,128,120,125,118,121,123,122,127,130,130,126,133,133,129,133,124,129,126,123,118,121,125,128,126,126,132,131,125,125,121,128,126,126,124,126,125,120,121,131,128,130,129,130,121,125,129,130,126,126,129,131,130,123,128,130,132,131,131,131,130,131,127,129,130,127,132,127,131
124,133,139,133,129,121,120,124,125,126,119,125,121,130,123,146,130,137,119,125,118,124,120,112,129,125,115,126,126,139,141,127,130,123,117,121,120,128,131,120,131,124,126,137,132,123,129,126,121,123,118,117,118,120,130,124,124,131,131,128,123,122,112,112,121,122,126,128,120,119,120,131,128,120,126,125,121,121,113,115,131,116,123,131,126,133,131,122,121,121,121,115,115,116,112,120,121,132,131,130,135,121,124,136,129,127,133,124,125,125,127,132,129,137,132,117,119,131,137,124,137,125,124,136,129,128,126,141,128,130,130,129,128,126,133,130,119,123,126,120,129,139,146,130,120,139,132,126,123,116,131,132,141,128,132,137,159,135,133,125,134,142,143,121,144,128,129,138,132,123,131,135,133,123,127,130,127,126,124,126,130,136,126,132,125,133,129,133,127,124,127,129,132,122,130,129,125
134,126,131,127,124,122,121,119,123,123,122,122,118,130,125,124,129,128,127,134,131,132,127,127,142,133,135,139,123,125,136,139,137,139,136,137,135,136,139,127,128,136,123,126,130,134,134,128,133,133,144,136,133,136,141,144,122,124,127,145,135,146,138,136,139,146,141,131,144,141,125,123,128,141,142,143,137,128,133,133,124,139,142,139,121,125,128,137,132,129,129,132,133,135,126,130,129,122,121,126,128,128,126,136,133,131,145,136,133,139,131,143,123,130,128,139,136,145,151,142,156,136,131,141,125,137,121,128,125,137,129,139,131,131,139,136,132,132,123,131,120,131,127,128,132,129,129,128,136,139,144,138,139,139,125,131,126,131,134,135,143,152,154,139,147,131,130,135,121,119,122,132,130,128,125,135,128,122,124,124,126,127,121,129,118,126,124,123,122,119,122,124,124,128,128,122,129
141,126,125,134,127,125,127,129,125,128,127,126,121,133,128,125,131,133,127,146,123,125,121,116,117,124,128,115,142,147,141,110,112,125,116,113,118,115,119,121,121,121,139,152,132,120,122,126,115,118,123,123,128,139,143,127,136,147,138,115,130,130,131,124,116,119,119,126,125,127,131,143,137,124,134,121,126,123,120,120,117,129,141,139,133,142,137,120,129,132,133,122,117,130,130,142,146,133,141,139,136,131,127,145,138,132,127,124,136,122,130,128,137,150,133,125,124,133,136,123,124,120,120,144,118,139,135,151,134,136,122,128,118,124,137,139,133,132,151,133,134,149,136,126,121,127,142,143,129,139,138,132,143,124,131,142,133,138,133,120,128,130,141,121,132,125,127,130,136,132,122,120,121,115,121,129,123,115,135,132,127,138,121,126,118,113,129,132,133,132,122,118,112,119,117,125,127
110,132,121,124,124,127,129,130,129,123,127,131,136,135,135,125,133,122,124,129,133,131,135,123,125,129,133,126,136,134,132,139,141,129,112,127,122,118,119,138,121,130,143,135,141,127,125,123,138,139,120,132,117,129,123,118,143,139,142,131,121,122,124,121,134,130,113,124,139,135,139,142,138,128,124,132,133,119,108,109,121,115,117,133,137,134,139,139,128,120,132,139,128,110,118,112,116,122,139,139,139,116,121,116,120,118,115,130,116,132,136,125,136,134,141,144,128,126,125,135,137,115,127,115,126,124,136,129,142,120,119,134,125,124,119,111,118,119,123,115,138,131,136,128,133,121,124,107,111,120,106,125,115,124,146,138,137,110,110,129,111,116,105,129,118,125,122,127,138,127,139,126,116,130,133,133,139,139,128,125,122,129,132,129,128,139,131,128,125,126,127,130,128,125,124,127,126
118,117,117,132,131,133,131,133,133,134,132,131,129,133,131,119,125,146,142,135,134,138,132,133,130,137,142,142,136,132,133,137,130,136,131,133,128,131,126,130,109,139,137,127,129,132,137,119,135,129,123,127,130,135,137,134,137,130,129,127,133,132,127,124,127,119,123,119,128,127,134,130,131,129,127,129,129,116,129,126,113,135,132,123,133,136,130,136,126,128,125,126,126,124,133,131,132,133,134,130,129,131,118,134,133,131,135,133,134,129,125,147,130,128,128,139,138,135,141,126,136,111,113,130,118,139,135,125,125,138,116,134,121,125,134,137,137,136,144,145,134,124,128,138,138,128,133,138,142,139,133,133,131,127,127,126,134,144,142,135,134,125,125,127,132,125,119,135,132,125,131,136,111,122,127,132,123,125,135,135,135,126,126,137,131,127,132,132,128,130,135,139,141,132,135,126,134
131,107,106,110,103,104,107,108,108,110,112,116,116,112,118,108,104,103,94,103,102,95,107,92,95,99,99,99,115,102,108,103,102,93,87,97,93,87,102,102,130,104,112,102,105,96,94,137,108,115,108,105,93,98,111,111,115,103,105,103,106,104,106,102,102,99,96,132,97,110,112,106,111,102,92,93,103,116,104,99,125,89,103,115,112,110,111,103,93,95,98,109,102,103,97,98,105,112,112,115,111,103,133,105,102,104,105,107,102,95,105,108,112,113,112,107,100,90,97,99,95,122,125,99,133,120,112,115,113,108,131,100,125,134,103,108,108,106,121,116,112,121,123,97,111,95,107,115,111,106,107,113,116,105,121,122,135,115,110,110,102,115,107,104,104,134,132,102,115,113,115,115,131,111,106,104,111,115,112,115,111,120,120,102,115,113,109,111,108,112,112,112,117,111,112,118,116
122,125,139,132,136,127,128,128,128,129,129,128,117,126,130,149,134,134,136,138,127,128,125,129,122,126,124,128,123,123,137,116,120,130,123,116,135,126,122,120,115,136,124,120,129,137,133,124,112,115,124,121,132,128,128,133,125,118,131,121,133,126,128,128,110,105,113,122,123,119,125,117,127,112,123,111,119,118,130,125,117,137,122,134,125,122,127,127,134,141,131,133,128,145,149,141,139,134,128,120,127,139,125,129,137,139,117,115,135,116,127,116,125,125,129,117,121,122,118,117,98,115,116,122,111,129,125,129,123,115,118,130,123,123,118,132,125,134,127,131,127,123,133,127,117,135,127,126,131,128,115,120,113,108,108,118,136,122,117,125,119,108,107,115,110,121,119,120,119,122,120,115,115,117,118,115,116,113,127,120,116,122,121,133,124,112,128,124,121,122,125,127,132,122,132,125,138
122,124,116,123,127,123,124,125,123,122,120,123,131,117,118,115,118,113,118,113,121,115,117,124,117,120,115,118,120,125,111,122,120,115,116,116,110,115,116,115,129,116,119,124,117,115,116,132,116,123,105,112,112,112,109,116,118,120,122,123,110,108,104,111,115,115,121,130,118,120,121,121,123,119,124,116,115,127,112,111,129,115,111,118,120,118,122,117,118,119,122,118,115,107,115,117,117,121,118,115,124,116,129,116,112,113,116,120,115,121,115,121,118,119,123,122,116,113,110,119,117,128,130,110,131,118,117,122,120,113,131,117,130,132,116,115,115,117,112,116,120,123,124,113,123,117,113,117,119,116,112,117,113,117,121,125,127,115,120,120,115,116,116,119,117,131,131,113,123,115,120,121,129,123,122,115,123,122,119,120,120,108,115,110,115,113,116,120,119,116,111,115,113,119,111,116,112
134,137,130,148,156,150,148,149,148,142,144,150,151,134,148,135,141,125,127,122,139,129,152,157,156,129,126,133,138,148,129,142,139,136,148,144,142,142,131,150,147,127,142,147,141,130,133,151,149,150,139,152,137,131,131,144,148,152,144,137,139,151,152,149,162,161,139,150,142,151,152,159,151,143,142,158,161,160,156,152,152,139,147,137,150,152,154,139,145,143,156,156,158,150,143,141,132,132,147,152,151,129,147,136,137,137,137,155,139,152,144,141,148,141,149,157,150,141,123,152,139,154,148,143,152,134,152,138,145,132,149,142,152,141,134,133,130,138,141,133,149,141,136,134,144,137,134,139,138,148,131,137,134,143,127,143,134,129,137,152,139,139,141,152,145,143,145,132,151,161,148,144,151,154,150,141,145,147,148,154,157,130,156,150,151,143,138,146,154,159,163,159,157,161,151,149,160
122,120,133,109,109,112,116,117,117,117,117,115,118,125,115,136,130,128,130,129,120,124,117,123,145,138,136,135,117,121,141,146,137,135,138,143,139,139,144,122,116,133,118,115,129,139,138,115,121,109,145,122,134,139,144,130,109,113,123,148,146,146,137,143,122,135,146,117,125,121,115,113,117,147,145,129,112,117,145,139,116,143,146,136,115,115,121,146,139,139,132,113,126,132,134,138,139,135,115,116,123,137,116,130,132,137,139,115,137,122,129,130,112,118,121,130,130,130,135,116,125,115,117,137,117,137,111,119,117,135,115,133,119,121,134,137,138,137,134,137,113,117,129,147,127,138,135,134,143,126,138,127,125,118,124,118,136,133,130,121,127,129,136,113,120,121,119,118,115,108,122,115,119,116,115,115,115,119,126,120,115,111,115,102,111,112,130,120,115,116,112,119,119,110,119,122,105
139,129,129,135,133,129,129,130,129,128,127,127,128,128,131,131,127,126,122,126,132,126,125,129,130,131,131,130,132,136,126,132,131,131,130,135,131,134,132,129,126,130,130,135,128,127,128,122,134,125,134,133,134,128,137,135,124,134,130,131,129,131,130,130,136,136,134,123,139,138,126,133,129,131,129,135,126,127,128,131,124,132,132,133,127,133,130,132,129,126,134,130,131,125,128,130,132,131,129,133,129,126,121,128,130,129,138,132,129,134,134,136,127,132,130,133,132,132,132,131,136,125,126,129,125,132,127,131,131,133,123,131,123,121,133,130,132,130,134,132,129,131,133,130,133,131,130,131,133,135,138,137,133,139,131,133,135,131,134,130,132,139,139,132,133,121,121,134,129,129,131,131,123,125,126,129,127,129,131,131,133,133,128,132,129,133,128,131,132,132,133,133,134,131,134,132,128
131,129,131,130,135,130,130,130,130,129,128,127,126,122,130,132,124,129,134,126,128,131,129,132,124,130,125,127,129,126,125,131,128,126,141,131,127,133,125,130,121,132,130,126,128,130,127,126,126,130,126,129,131,135,132,132,132,126,126,128,129,125,134,131,129,125,132,126,129,130,129,127,128,128,128,125,131,130,130,131,126,133,128,125,129,130,130,130,126,129,129,130,132,135,129,132,126,130,131,135,129,127,124,128,124,128,129,130,125,128,128,130,130,133,130,125,129,126,130,129,134,127,127,130,123,131,132,133,128,126,123,128,128,127,135,134,132,135,126,130,131,130,128,133,129,131,134,129,129,132,130,124,131,128,132,131,130,125,122,125,129,129,127,129,130,126,126,124,131,132,128,127,127,126,126,130,129,125,126,130,131,129,129,129,130,123,129,129,130,129,131,129,133,124,127,129,128
138,130,136,132,128,122,118,119,120,117,118,116,98,118,126,127,126,123,121,131,110,125,120,115,133,124,132,128,115,117,124,139,136,136,119,135,128,134,133,115,105,126,113,124,120,134,134,115,108,110,139,128,127,124,125,138,112,123,118,136,128,125,123,125,129,129,122,113,119,127,117,123,117,128,133,116,121,100,106,108,96,115,109,111,113,126,124,117,124,115,112,110,102,116,111,112,118,116,117,131,121,112,111,115,113,118,124,118,117,111,115,125,116,136,121,115,110,115,119,117,125,97,91,110,96,116,120,139,119,117,104,107,90,122,112,115,115,119,108,115,120,134,126,118,106,116,111,104,115,113,124,120,121,121,127,134,132,118,119,116,115,129,133,121,115,127,122,123,116,118,118,110,100,106,112,115,110,99,113,115,116,126,115,127,118,120,118,119,113,112,117,119,121,109,120,120,115
126,122,126,96,100,115,110,110,110,110,111,110,112,121,113,127,123,121,119,122,112,120,110,113,133,127,129,129,110,98,126,132,123,124,129,125,126,115,129,111,129,128,109,108,113,124,127,129,106,112,124,104,116,122,126,135,107,105,113,146,135,141,135,123,113,119,126,130,123,110,115,104,110,141,135,126,116,122,131,133,125,130,136,133,113,108,113,142,138,135,136,115,118,127,129,124,130,126,109,104,115,130,127,133,122,125,128,112,131,120,128,136,112,115,115,121,119,122,117,106,115,125,126,125,122,131,107,117,117,134,129,118,121,128,121,117,123,116,120,121,106,115,125,118,108,116,107,115,113,102,117,113,107,108,109,112,126,115,120,109,115,121,125,103,108,127,124,116,116,108,111,113,133,110,110,111,108,106,107,107,102,110,116,113,108,110,106,107,106,102,102,98,106,104,103,109,107
120,121,129,131,128,126,124,125,124,124,124,127,139,120,126,123,121,122,129,124,133,129,120,121,128,126,131,123,126,127,122,133,128,129,136,133,129,130,126,121,167,127,123,125,117,129,128,189,127,130,123,115,128,128,123,121,127,123,118,129,129,130,132,130,117,121,128,192,118,116,125,121,121,129,129,122,118,152,134,128,154,127,124,120,124,121,117,125,124,127,131,131,129,127,128,123,120,121,120,124,115,121,187,127,129,124,126,118,126,120,120,124,126,126,117,118,117,120,118,119,120,151,151,119,151,124,125,122,119,124,180,124,152,200,121,122,116,118,112,118,122,124,115,118,116,123,123,123,127,113,117,115,107,118,132,126,115,110,117,115,110,122,127,115,116,199,199,112,123,127,118,119,173,124,120,119,123,137,118,123,126,108,120,142,120,117,115,120,126,128,133,131,137,142,142,116,139
119,134,137,125,127,135,131,129,130,133,128,129,128,111,136,134,136,116,117,120,130,113,132,115,102,106,106,95,117,126,120,104,107,109,118,105,105,102,105,135,132,104,121,129,130,107,111,130,130,131,99,121,105,111,111,96,134,130,126,102,108,102,95,102,123,113,104,128,115,112,129,130,126,105,115,128,129,136,112,110,136,111,110,117,135,129,129,110,115,115,132,134,122,102,103,110,121,110,126,129,129,117,129,117,111,111,110,132,127,125,118,112,129,129,130,127,113,118,115,131,119,139,145,110,137,116,132,128,133,126,138,123,139,123,121,116,118,122,135,131,125,131,127,123,127,121,131,128,126,135,133,138,135,138,133,139,121,139,136,141,135,128,126,136,131,123,127,127,128,137,132,139,138,141,139,130,139,139,132,133,133,116,131,113,133,138,127,128,128,127,129,128,118,122,112,120,111
129,138,132,141,146,144,152,150,144,144,146,149,139,145,136,133,137,139,144,139,143,143,146,143,147,146,159,147,142,130,134,126,134,143,143,139,141,150,144,144,121,150,145,137,144,144,144,121,152,144,136,139,139,135,133,134,142,144,144,145,141,132,131,134,147,145,141,119,139,134,146,143,144,148,148,142,143,125,134,129,122,137,133,138,147,139,149,130,136,135,123,133,135,126,135,123,133,141,144,135,150,137,117,141,137,122,139,145,139,148,147,135,146,130,145,154,149,149,147,148,149,133,130,156,128,152,148,130,144,147,121,136,124,119,159,145,150,135,141,150,147,133,145,130,144,139,148,133,143,146,152,149,135,145,130,139,138,152,155,152,148,151,152,148,154,119,118,139,149,138,147,160,125,145,149,159,147,139,156,155,152,135,136,133,147,143,152,152,149,152,147,143,137,144,137,137,138
131,135,132,132,135,131,134,134,134,131,132,133,135,132,139,130,131,127,125,127,131,120,138,135,129,128,127,124,135,131,122,124,118,121,123,121,123,125,122,134,132,125,134,133,130,125,122,132,134,138,116,131,126,122,125,128,137,136,132,125,123,128,124,122,136,134,122,131,129,138,138,136,133,126,122,130,137,138,121,127,133,128,128,126,138,133,133,124,121,126,131,137,127,124,119,123,123,124,134,134,133,126,132,130,131,126,126,134,126,135,134,128,137,133,135,134,132,133,127,136,129,135,134,129,132,121,137,130,134,128,131,125,131,130,122,118,125,126,127,122,133,130,131,120,125,116,123,117,127,136,124,135,135,136,132,133,126,135,133,137,133,130,127,133,130,131,130,131,132,139,135,132,132,136,137,136,134,136,135,136,137,134,136,133,136,133,129,136,136,135,133,132,125,132,126,133,128
128,123,124,117,122,126,125,126,127,128,126,128,125,136,131,128,135,136,134,123,121,107,135,135,109,119,104,113,126,120,126,124,115,116,111,100,121,115,107,120,124,127,127,121,130,133,126,119,115,125,119,127,115,120,105,107,123,122,130,115,118,115,113,116,115,107,104,121,120,123,128,124,132,115,111,124,121,122,109,126,127,115,112,130,126,118,131,133,133,127,112,120,120,124,131,127,115,128,124,117,126,138,122,121,110,131,110,124,126,113,123,109,124,110,122,112,120,113,93,106,83,119,117,116,122,115,126,105,122,115,120,108,122,119,94,109,111,124,115,122,124,104,119,119,115,124,108,111,109,109,100,119,121,121,122,112,120,129,125,131,124,103,102,123,111,122,123,136,126,122,127,131,119,122,130,121,120,122,121,125,127,119,124,122,127,123,126,128,124,124,128,128,125,118,126,122,125
135,139,122,149,155,151,158,155,151,147,152,158,145,144,155,147,152,128,127,137,150,133,159,144,142,137,124,132,167,166,134,134,144,135,133,132,135,127,137,152,116,122,165,161,148,115,122,117,151,154,133,145,136,125,141,137,163,161,154,123,126,147,130,121,152,152,136,116,155,142,156,165,155,132,127,154,161,122,145,128,118,135,134,130,164,161,156,130,121,125,131,161,143,131,132,131,130,129,170,166,157,116,116,128,137,130,136,152,138,146,145,128,165,162,158,152,148,147,138,154,134,116,123,130,118,121,163,159,152,116,115,148,121,120,137,139,142,130,135,119,167,157,149,133,146,135,134,132,129,149,156,144,124,130,146,156,147,131,136,152,125,131,120,147,143,116,112,126,154,154,155,139,108,142,147,146,145,128,145,152,147,133,147,139,145,142,147,157,157,157,152,151,142,141,133,148,139
119,122,119,127,120,129,130,129,129,126,131,130,127,124,116,119,126,115,110,108,118,115,124,124,108,105,106,109,120,123,120,109,103,109,108,102,118,115,99,119,115,113,124,124,128,116,113,115,120,128,111,119,115,115,102,102,128,127,132,120,117,112,111,109,123,116,113,117,121,110,133,128,129,113,110,120,130,116,115,119,113,117,112,120,129,127,132,118,120,117,109,122,119,115,110,110,110,125,121,125,132,115,115,115,115,115,115,124,116,126,108,110,128,121,132,119,118,118,107,127,111,113,116,109,117,113,128,121,132,105,119,119,119,119,110,112,106,112,116,117,122,119,131,120,119,118,115,113,115,122,113,112,116,115,119,117,126,110,111,121,117,104,102,132,115,120,120,124,123,124,129,118,115,130,133,120,132,136,134,130,126,125,127,115,127,128,133,129,126,125,122,125,120,119,115,127,112
127,139,141,134,132,135,133,133,135,135,135,135,139,132,132,132,134,136,126,129,131,124,133,128,119,129,125,121,131,135,137,115,116,115,120,116,116,116,123,128,136,121,133,131,134,119,117,137,119,135,113,124,115,118,115,116,139,136,133,119,117,117,120,119,125,122,113,134,124,118,133,135,134,117,116,120,129,135,119,122,138,118,118,128,132,135,130,124,126,123,127,130,123,120,127,123,126,127,132,132,132,124,138,124,123,119,117,128,120,128,126,122,131,133,132,123,121,120,116,128,116,138,139,119,139,121,132,132,135,115,136,124,141,134,117,119,124,122,129,123,132,132,130,129,126,131,130,117,116,121,113,126,122,118,134,134,129,122,118,127,122,117,111,127,122,134,134,132,132,135,134,129,135,134,131,125,135,139,134,129,129,126,133,125,128,132,131,129,129,128,128,127,126,129,126,128,125
129,119,121,120,127,120,122,122,125,125,122,126,124,131,134,138,118,119,136,134,122,124,111,120,105,122,126,122,133,139,134,118,105,119,120,99,125,130,103,117,135,139,132,137,129,128,129,130,116,121,115,106,124,131,125,115,125,135,130,118,123,118,124,117,105,108,113,131,131,122,124,134,129,105,125,123,117,135,122,136,135,137,134,133,126,141,130,124,129,133,131,121,123,144,137,139,133,129,135,133,131,125,130,127,130,135,127,115,141,115,123,135,132,143,128,107,117,115,121,116,126,134,133,125,131,126,129,145,132,117,126,129,131,127,118,133,119,130,115,122,132,139,141,116,116,128,121,122,124,119,121,137,134,125,131,130,147,126,129,121,131,115,131,125,129,124,126,130,128,123,120,129,135,115,118,118,118,122,119,121,115,121,121,100,115,111,116,118,118,113,112,113,121,113,123,129,119
149,133,139,127,126,122,125,121,126,126,123,121,117,130,133,137,122,126,129,137,118,129,119,118,126,122,121,123,126,124,130,137,126,129,127,125,138,146,116,111,123,128,124,133,120,137,139,124,112,117,129,119,139,136,115,129,122,132,120,130,131,132,146,141,128,125,138,123,119,122,115,131,119,122,128,118,122,118,130,134,119,124,118,132,119,134,119,127,139,132,113,109,110,132,137,132,130,131,128,133,121,127,124,120,131,129,137,119,134,118,116,127,123,141,123,117,119,121,138,128,143,124,126,115,117,123,120,146,123,120,122,128,128,125,123,131,132,133,120,132,127,141,129,135,123,139,132,125,141,142,142,121,133,138,139,134,130,122,128,122,136,144,139,132,139,124,125,133,132,129,128,123,125,122,119,118,111,119,131,130,131,142,128,124,126,129,124,129,130,131,128,127,125,112,118,126,124
110,124,126,119,122,124,123,121,122,123,125,122,119,125,113,120,125,131,136,134,128,125,128,135,133,137,138,130,109,113,126,133,136,135,136,142,130,125,134,129,113,136,115,111,126,139,139,117,128,126,139,128,138,139,141,135,118,113,125,139,139,136,135,141,120,122,142,115,124,128,122,115,122,133,135,123,122,116,134,138,117,137,135,134,116,115,122,141,142,139,138,125,134,143,143,147,139,139,117,115,121,144,120,143,139,142,132,129,139,127,139,132,113,107,119,138,142,131,130,123,130,116,117,136,121,144,116,111,121,138,120,139,121,120,137,133,142,138,124,141,118,109,117,142,139,142,138,139,137,139,129,122,124,126,107,113,115,128,129,125,127,127,131,124,122,120,120,128,118,124,121,118,112,126,122,121,124,121,123,125,125,130,122,107,122,121,131,126,124,122,115,118,112,113,111,126,113
118,129,139,124,122,120,120,120,118,120,117,116,111,120,115,128,124,132,144,139,136,148,121,138,147,146,151,148,113,123,136,147,152,152,157,155,157,157,157,128,121,146,110,125,121,147,149,123,123,121,155,129,159,145,152,135,110,119,115,146,154,158,143,158,132,138,158,120,139,119,115,119,115,145,148,130,125,121,148,154,120,151,152,138,117,121,119,148,151,146,144,113,126,148,147,141,139,141,115,116,121,144,116,144,146,152,148,119,147,123,134,139,115,120,117,120,131,133,138,121,132,119,117,139,124,146,119,120,111,135,119,132,122,122,141,144,145,145,128,130,115,118,124,122,120,136,134,138,137,125,144,122,125,110,119,116,128,125,121,112,130,125,131,119,128,124,122,110,115,121,110,115,118,110,119,124,115,108,118,116,108,111,112,134,115,116,124,116,116,118,124,124,128,115,127,115,118
130,130,128,125,126,135,134,135,134,134,137,135,132,132,126,126,134,126,124,124,132,116,138,137,115,126,121,117,128,126,128,116,117,116,126,116,116,117,116,139,122,120,131,123,134,133,124,128,132,132,128,136,128,126,122,116,137,124,134,127,127,121,125,132,130,126,119,125,129,126,137,125,134,129,115,132,134,124,130,131,122,129,130,139,134,122,134,134,133,132,131,137,137,136,139,135,139,138,130,124,136,134,127,133,138,133,124,136,132,138,142,126,135,122,136,139,138,139,122,137,127,125,125,133,127,130,133,119,139,130,127,143,126,129,131,133,131,133,131,130,130,120,132,139,143,134,131,136,131,131,125,139,139,130,126,120,123,139,137,139,131,119,116,134,130,130,131,129,131,130,135,137,125,139,139,134,134,136,141,139,139,135,133,137,139,134,138,138,138,139,138,138,137,136,131,136,135
139,139,139,138,136,132,134,135,135,132,134,136,135,135,139,135,133,133,131,134,138,132,133,135,132,129,134,132,139,138,132,127,123,133,133,129,130,131,132,134,137,129,138,139,135,126,128,135,143,135,129,132,133,134,137,131,134,143,137,131,133,142,138,131,134,135,129,134,139,133,133,141,134,132,133,139,133,137,136,135,137,139,139,143,134,139,136,134,134,134,139,136,141,133,135,139,139,137,135,139,137,136,137,139,138,136,134,133,138,135,139,133,133,138,138,133,134,138,134,136,134,137,135,131,137,136,134,137,139,134,137,138,134,131,133,136,133,139,143,136,134,133,137,142,139,142,141,137,134,137,130,137,132,133,130,135,136,135,132,134,137,132,132,132,134,129,131,139,135,134,134,136,138,134,133,129,132,138,135,135,137,139,138,137,137,136,136,134,135,136,136,136,134,132,133,137,132
142,135,135,135,133,131,130,131,132,132,128,131,142,139,136,135,139,141,145,145,149,146,133,139,141,139,139,135,132,132,142,138,139,135,141,143,143,137,136,133,162,137,131,133,133,139,139,154,142,142,147,130,145,139,136,138,128,134,133,137,142,144,148,145,133,137,145,155,139,132,128,135,132,134,143,139,131,161,148,143,163,139,139,144,130,131,132,143,139,141,149,142,148,146,144,143,142,139,130,134,134,143,158,143,143,144,137,136,146,139,144,139,131,136,131,138,144,141,138,136,139,163,163,144,163,142,129,138,134,139,161,146,164,146,139,138,148,145,146,139,131,136,134,137,137,146,145,150,132,139,144,139,139,126,129,133,136,139,137,135,139,129,129,127,133,145,149,132,131,132,130,134,164,136,132,135,133,142,133,131,133,122,131,131,129,128,133,130,131,132,133,134,137,144,139,127,132
123,128,129,133,138,130,131,133,133,128,128,131,124,124,135,124,123,137,125,122,138,136,126,126,132,126,130,136,143,136,129,143,137,136,138,134,138,130,130,121,121,132,139,144,131,139,147,118,129,127,125,125,136,127,129,124,126,142,132,139,144,136,129,137,127,119,137,121,134,124,133,143,131,136,144,128,130,120,139,133,122,130,135,123,135,149,137,145,145,134,132,137,129,133,141,134,136,136,146,146,133,137,122,136,136,142,135,127,138,135,139,147,138,149,135,133,145,126,148,145,139,115,122,137,115,148,139,141,128,141,123,132,115,122,142,141,142,139,132,135,142,139,141,139,130,149,150,129,132,132,142,126,137,115,129,139,141,123,127,132,133,127,137,134,138,123,126,124,135,141,134,123,112,120,127,132,124,121,134,135,132,126,137,143,132,129,129,132,133,141,144,138,145,130,147,130,144
133,120,136,130,116,116,115,113,113,113,115,112,115,118,110,124,115,141,132,136,132,135,117,125,142,132,133,139,103,107,121,154,155,147,137,148,152,150,154,121,129,142,107,108,115,138,144,129,128,122,144,126,142,137,136,143,109,108,113,139,139,138,144,134,128,132,142,124,117,127,110,108,108,143,146,126,117,129,143,134,132,127,126,130,106,112,106,128,132,133,129,115,122,129,142,138,132,138,106,113,109,136,127,141,143,136,151,121,139,124,127,145,104,115,110,128,131,124,149,119,143,131,127,138,127,137,108,118,108,138,128,126,124,124,141,142,150,135,126,137,103,118,117,139,128,142,145,139,142,130,141,135,136,137,111,113,123,128,138,123,144,157,154,125,139,125,123,128,104,112,110,115,132,118,118,127,123,124,117,110,113,109,106,123,103,112,116,112,110,111,112,112,125,115,120,115,113
129,156,138,147,146,152,149,149,146,150,148,141,139,139,152,143,159,144,132,137,141,122,150,149,128,121,128,135,147,151,145,128,128,127,136,123,134,142,124,143,123,130,149,149,156,123,125,115,137,150,123,145,119,124,119,139,144,151,152,123,127,113,122,123,147,133,131,120,133,154,146,151,155,133,134,136,142,125,122,121,123,122,115,124,149,150,154,126,116,119,128,143,128,125,122,119,117,121,152,150,157,132,116,132,119,125,139,149,133,139,135,145,146,144,158,152,146,133,127,145,139,135,129,133,121,138,147,141,159,152,122,138,125,117,136,126,127,119,139,141,148,142,155,136,157,133,130,144,138,150,132,145,157,164,155,152,149,144,150,147,147,149,147,160,149,117,119,152,151,158,154,155,127,152,152,155,157,158,155,151,155,133,147,131,141,152,154,151,152,151,146,149,148,157,144,144,136
131,130,107,126,122,128,127,126,125,123,124,124,128,116,126,111,125,99,100,102,113,107,128,128,127,108,113,124,127,115,105,128,121,115,128,128,117,133,127,134,133,118,127,115,121,119,115,128,141,138,125,147,115,106,125,130,134,120,127,125,119,131,131,125,144,147,129,131,131,137,129,121,126,133,130,135,141,130,131,118,127,125,129,111,131,121,127,125,117,117,127,135,132,116,115,113,112,113,125,121,126,115,131,115,112,117,124,138,116,138,130,126,127,115,125,145,131,138,124,142,136,133,133,126,132,126,126,109,128,131,131,136,128,132,131,120,125,118,125,130,126,109,121,120,138,115,117,127,130,143,136,128,124,138,123,118,119,121,132,135,122,142,139,139,138,130,132,126,132,123,131,128,129,131,129,133,132,135,132,134,136,131,139,144,139,137,133,133,132,134,138,141,139,134,139,137,136
129,122,128,115,109,111,112,112,111,116,115,110,111,124,127,128,119,118,138,139,116,132,108,122,139,132,142,154,120,111,127,127,139,147,144,134,137,139,143,117,133,155,118,112,108,141,136,123,118,107,142,110,136,139,138,139,109,110,106,135,135,132,131,133,107,117,136,119,122,123,105,106,108,130,138,120,104,121,136,139,129,139,142,127,104,109,103,128,136,146,138,122,128,152,143,139,142,139,110,109,103,134,119,132,146,146,126,105,138,113,130,142,108,115,107,109,122,122,125,109,118,121,127,136,131,129,109,118,103,135,121,133,132,119,142,151,139,139,128,134,109,113,117,126,118,151,149,142,144,115,133,117,130,110,108,109,126,127,124,109,122,117,123,102,122,120,119,118,107,108,108,115,126,112,103,108,106,115,115,110,106,120,102,125,104,110,113,108,107,108,112,112,118,110,121,108,120
132,122,123,118,119,121,121,121,121,122,124,123,131,127,115,126,125,131,132,135,131,135,124,123,126,133,132,123,118,121,127,128,125,130,126,127,130,129,123,124,133,130,119,122,122,132,132,135,122,125,130,121,131,133,128,124,120,119,122,133,128,124,137,133,120,122,129,134,125,121,124,119,122,123,128,120,126,129,130,132,130,128,130,129,121,120,123,125,132,130,127,126,126,132,135,133,131,133,119,121,122,132,135,129,131,130,128,118,129,121,125,124,120,123,122,121,123,124,124,120,119,129,128,126,129,126,120,121,125,127,130,127,127,137,126,131,126,127,127,127,120,121,126,127,125,136,134,134,131,125,126,123,128,126,119,124,125,123,124,119,122,122,123,119,119,137,137,121,120,120,122,120,131,123,121,122,124,123,123,120,118,121,122,121,121,121,121,122,121,121,119,122,122,118,123,122,121
122,142,133,150,146,147,148,146,149,150,152,149,142,147,150,138,143,142,145,145,144,138,150,150,143,143,133,139,148,143,142,138,142,138,141,126,136,139,139,149,120,133,148,136,148,139,142,123,146,147,124,139,132,138,132,134,149,139,148,135,136,144,136,139,146,150,137,122,145,145,147,139,149,141,132,149,151,124,136,135,123,137,138,136,149,138,144,138,135,139,138,141,133,130,134,137,138,138,146,139,144,138,121,137,134,132,128,141,128,145,138,130,148,135,146,144,139,139,128,141,127,125,124,137,123,138,147,131,148,139,120,145,127,122,135,146,144,141,151,141,147,133,137,142,146,136,141,143,137,138,132,152,146,142,134,131,124,152,149,149,143,133,130,148,142,123,120,154,147,146,144,152,120,147,152,154,151,137,146,145,144,132,147,134,146,142,144,145,143,142,139,145,134,149,135,138,136
133,129,130,128,129,128,127,126,126,126,124,125,124,123,124,123,122,123,124,119,121,119,126,121,125,125,119,122,130,123,125,121,125,119,124,120,120,125,124,125,128,122,129,122,126,125,126,129,121,127,121,129,124,121,122,130,128,123,126,126,123,125,126,123,131,123,119,126,125,131,127,124,127,122,127,126,127,129,119,118,129,117,121,116,126,123,126,118,120,121,123,123,118,122,120,122,116,117,127,124,126,121,128,120,119,121,120,128,120,128,120,126,127,124,125,127,128,125,127,128,130,130,127,128,128,123,124,122,124,124,126,125,127,126,126,122,121,116,115,122,125,124,121,120,126,115,115,119,117,122,123,122,125,129,126,128,122,121,127,128,121,133,131,130,130,125,124,119,125,125,126,127,126,125,126,128,128,120,124,126,127,123,126,124,128,125,125,127,127,127,127,127,127,125,126,124,125
142,133,138,142,139,136,136,134,137,137,136,137,137,132,132,123,131,138,138,136,124,136,137,139,138,136,130,132,139,124,146,137,135,132,129,125,125,132,131,131,125,133,139,125,145,126,127,126,122,126,139,138,124,132,128,128,135,129,141,129,130,125,130,127,134,135,123,128,129,139,135,130,141,126,118,127,136,125,119,119,123,119,118,120,138,127,143,119,118,125,109,112,111,110,117,112,119,117,139,129,142,112,121,118,121,113,113,130,116,121,122,115,141,132,143,126,119,129,135,133,122,132,124,123,131,118,138,135,139,118,129,119,123,129,111,116,108,115,121,103,139,133,148,104,119,116,117,111,110,119,112,127,112,117,141,136,150,112,121,135,122,130,122,126,120,132,131,126,146,131,135,134,130,138,135,133,129,139,145,144,139,118,135,121,134,131,150,143,137,136,136,137,131,131,130,127,123
131,128,128,132,138,133,139,136,135,134,135,136,139,112,132,125,113,115,124,127,126,129,141,133,129,138,126,122,131,118,104,113,128,129,123,142,136,126,157,142,123,129,132,121,123,126,132,118,137,138,147,142,137,137,138,131,139,125,125,130,123,128,124,127,136,138,131,117,129,130,138,127,129,132,128,137,137,128,135,135,128,135,119,142,141,131,125,142,137,138,138,138,145,130,137,132,132,130,136,131,125,128,119,133,126,128,129,142,132,139,138,120,138,129,127,141,129,139,120,128,135,133,132,141,141,139,139,133,127,132,121,139,139,121,157,142,145,147,149,139,141,130,115,141,145,141,146,144,134,137,133,144,118,129,137,131,109,124,129,142,137,124,123,129,123,116,115,127,129,133,133,126,118,133,133,141,142,136,139,138,135,134,137,127,136,139,136,135,135,133,126,122,119,128,121,142,128
133,128,139,116,126,130,127,128,128,129,130,124,125,139,123,150,145,152,151,152,139,142,133,131,124,131,129,137,123,129,154,139,138,125,137,122,128,119,131,116,125,136,127,132,138,141,142,130,115,117,134,118,139,139,125,149,125,130,135,139,141,129,122,131,119,125,132,131,126,126,132,130,132,138,133,119,119,131,129,130,132,126,120,138,129,134,135,136,144,135,136,121,119,137,132,137,136,148,131,141,136,144,132,147,142,137,144,117,137,127,135,145,135,148,135,131,128,139,129,120,123,129,121,137,129,157,127,143,137,145,132,136,133,132,151,154,145,143,139,152,129,139,144,150,134,151,159,148,137,132,146,125,129,129,125,141,145,144,142,122,134,137,129,119,133,125,127,143,135,127,128,132,133,126,126,134,126,136,135,125,123,122,127,120,121,135,132,127,122,117,113,112,113,117,117,119,125
136,117,131,135,124,119,119,121,120,121,115,115,122,108,112,124,107,116,110,111,117,107,117,111,122,116,124,100,113,122,107,115,123,120,109,120,123,136,131,115,128,113,115,127,108,115,121,125,124,124,110,119,120,110,121,123,115,124,115,110,129,119,130,123,122,129,134,129,120,120,112,124,115,121,142,129,125,131,127,131,136,130,127,117,115,128,116,113,127,128,120,118,125,119,124,126,119,116,115,126,115,115,130,128,126,124,131,120,130,123,109,141,112,130,116,115,125,124,132,126,154,139,139,124,130,109,115,129,112,119,132,113,127,123,120,123,124,111,107,118,119,130,112,119,121,121,109,115,131,125,138,112,121,127,122,125,115,105,120,116,120,130,137,123,128,125,127,115,118,124,107,109,134,119,113,105,115,113,107,110,113,118,115,130,113,111,104,111,112,111,115,112,115,120,120,120,119
136,132,129,135,136,131,132,133,130,132,131,131,127,136,129,131,128,134,138,137,139,136,133,129,136,138,135,134,131,133,135,138,136,136,139,139,133,134,136,126,123,138,130,134,134,139,136,132,139,130,137,134,137,137,138,135,134,132,132,138,133,139,137,136,131,132,134,130,132,132,133,131,131,134,133,132,131,127,138,139,125,136,137,135,133,135,134,137,139,136,134,138,135,135,136,133,133,135,132,134,134,130,130,133,131,131,130,130,129,131,127,133,133,135,132,136,132,132,129,135,135,124,125,134,122,134,133,135,132,127,129,124,119,134,139,135,137,133,139,136,132,135,135,138,134,133,135,134,135,133,138,131,135,135,126,137,134,134,136,128,130,134,135,128,134,132,132,132,131,130,133,131,127,122,126,132,129,128,134,136,134,133,134,128,130,133,137,135,133,138,139,136,137,131,134,136,135
106,116,118,118,117,115,115,115,113,115,115,115,115,118,115,118,112,126,130,131,118,129,113,122,121,130,128,126,113,117,123,126,123,130,128,128,132,133,116,119,126,134,115,118,116,134,138,125,120,118,137,119,134,134,123,121,108,116,115,139,136,129,135,137,120,125,132,125,126,115,112,117,112,128,130,123,120,125,131,138,125,131,133,133,111,115,111,134,137,138,135,119,127,136,137,135,134,131,116,113,111,136,124,129,135,139,136,116,135,120,124,131,111,117,115,118,122,125,129,115,126,123,124,120,122,131,109,120,112,125,126,125,122,122,134,130,129,129,117,128,113,118,115,119,113,124,126,127,134,124,130,123,118,121,113,111,118,118,117,117,128,121,123,115,122,122,124,118,111,113,110,111,125,117,113,115,115,117,112,108,108,116,109,124,113,112,115,111,111,109,115,117,118,115,118,115,121
133,126,122,125,122,122,122,123,120,117,118,119,109,107,124,122,121,106,104,106,107,110,117,112,115,99,102,108,116,118,108,111,112,105,104,108,104,115,111,117,108,102,117,118,115,102,106,112,117,115,102,119,102,104,106,111,120,118,116,103,102,109,115,106,125,116,107,113,109,124,119,119,115,110,111,117,127,105,104,104,105,107,109,98,118,118,117,100,103,102,104,108,111,108,103,102,102,99,120,119,116,98,111,97,100,96,100,119,97,117,105,109,119,118,117,116,110,115,118,128,123,106,109,115,103,103,120,119,115,107,112,106,100,115,111,102,109,102,102,104,118,116,110,103,117,100,102,96,102,106,107,111,110,124,118,116,111,100,107,115,105,118,116,123,116,117,115,115,116,120,118,112,110,121,122,115,115,113,117,119,118,118,118,129,123,122,120,119,121,122,121,118,121,122,123,120,128
121,125,129,130,128,126,128,127,126,126,125,129,127,131,116,132,130,134,128,121,128,125,129,133,137,131,124,137,123,127,128,142,141,122,136,141,129,128,135,131,128,133,125,127,125,132,126,124,131,131,136,126,128,122,122,121,129,128,126,139,127,132,127,135,132,133,127,124,132,118,132,127,127,141,130,142,131,139,144,132,134,125,131,135,130,124,131,135,122,124,138,134,137,137,125,128,126,127,129,125,133,132,124,135,129,130,136,129,131,131,137,124,131,130,131,126,131,137,136,133,138,136,133,141,137,129,131,129,130,126,127,135,135,124,136,123,131,131,126,136,129,127,135,125,124,133,130,141,130,121,121,128,122,122,131,125,138,130,128,125,129,124,120,124,127,123,122,131,135,128,127,131,124,132,129,136,131,123,128,130,128,128,132,136,129,126,130,131,130,129,129,125,131,136,132,136,133
145,115,118,119,111,116,115,116,115,118,116,115,121,117,118,117,115,120,116,117,119,117,120,115,118,125,115,111,112,115,117,115,112,121,111,123,117,115,117,120,132,121,116,119,120,120,118,133,116,115,123,123,118,120,115,115,116,121,120,120,123,121,124,113,120,123,120,134,115,113,123,122,118,118,118,115,117,126,118,120,125,119,118,123,116,121,115,124,126,125,122,119,123,113,111,120,123,130,113,124,113,124,132,129,127,124,131,123,123,123,123,121,115,121,115,119,116,124,122,117,123,122,125,125,127,128,116,122,119,117,130,119,122,135,120,122,116,118,130,122,115,124,112,120,111,121,131,123,123,122,118,120,118,113,111,118,113,115,117,121,119,115,118,116,115,135,134,120,109,115,117,120,127,120,120,126,126,132,121,115,116,120,115,130,115,123,119,115,115,118,122,125,123,120,127,119,126
139,148,148,143,156,161,162,161,160,160,160,162,157,149,144,145,146,137,134,137,137,135,152,142,128,120,129,131,154,155,120,121,130,111,131,118,112,112,128,145,123,126,155,152,149,106,113,120,135,148,123,152,112,110,117,136,149,154,151,117,115,115,102,108,150,138,116,122,135,169,152,159,151,132,129,142,149,126,119,107,126,117,113,107,156,154,152,115,105,103,115,137,126,117,103,108,111,102,154,149,148,99,126,117,107,106,119,156,115,149,132,124,158,139,152,147,152,147,132,152,138,136,132,144,135,135,152,132,149,146,125,133,130,125,131,116,131,111,139,137,160,141,134,108,145,104,120,130,131,148,128,151,142,163,148,157,131,136,156,160,149,156,146,158,152,121,122,152,166,166,162,157,136,155,163,170,158,163,166,165,160,162,160,156,164,160,162,164,167,166,159,165,161,151,152,158,150
136,156,148,156,161,166,164,164,166,161,162,163,157,143,156,145,159,152,123,120,143,120,155,137,142,123,110,119,157,141,147,126,125,116,126,123,109,123,139,139,129,108,163,147,155,108,115,129,151,149,117,152,112,98,113,122,161,154,167,124,122,122,126,117,154,146,130,129,139,160,159,156,162,134,132,145,154,127,121,106,131,115,116,122,155,152,159,125,105,97,115,141,131,106,110,98,94,91,160,152,162,102,128,105,96,108,117,149,105,144,121,121,157,143,162,145,136,130,117,148,141,135,133,119,129,99,155,142,165,123,131,122,123,129,121,102,111,93,107,105,156,139,152,116,142,112,104,109,108,134,111,134,123,142,143,141,157,128,133,147,128,144,146,159,137,130,130,143,152,164,162,152,130,152,157,152,155,152,155,155,150,136,155,156,155,155,155,160,156,155,149,147,139,154,141,152,149
124,150,146,135,137,130,130,131,128,130,125,130,130,127,142,143,135,126,115,127,120,109,127,115,115,118,111,115,139,139,139,124,124,120,121,113,117,113,113,117,115,118,138,134,138,116,123,120,119,120,116,124,121,129,113,123,128,134,133,117,122,122,117,123,119,118,125,117,121,129,132,134,135,118,117,116,126,112,115,122,115,121,118,126,134,139,145,122,129,130,130,126,122,117,126,131,135,134,139,136,139,128,115,129,122,128,128,129,123,117,120,134,136,137,137,128,124,120,116,115,118,115,110,111,115,136,136,133,138,127,115,117,117,121,124,128,127,131,136,117,139,138,145,133,127,125,132,124,118,117,128,117,121,118,127,143,148,124,123,121,125,125,123,127,125,124,119,124,137,132,131,130,120,120,132,125,125,122,130,128,127,122,131,130,133,131,137,134,131,128,132,131,127,127,133,124,133
120,132,108,152,148,142,142,144,142,139,139,143,149,123,150,112,129,113,105,102,122,94,136,119,105,97,102,98,148,144,118,100,100,94,105,102,95,96,97,131,137,94,148,142,138,99,98,137,128,139,100,123,98,102,98,96,152,145,139,94,98,107,112,104,126,116,93,135,115,115,147,148,141,104,95,118,136,142,108,102,139,97,99,93,148,149,138,102,100,98,115,137,127,106,98,102,102,96,147,148,136,104,133,105,103,104,96,136,104,124,110,98,150,141,137,122,122,110,104,126,102,138,138,104,141,95,152,135,137,108,137,110,141,131,94,96,94,97,109,100,148,144,129,97,117,102,102,108,95,118,98,118,110,120,147,152,126,113,117,133,109,115,107,133,113,133,134,115,149,156,141,132,139,146,141,127,138,134,132,142,144,126,143,142,145,137,133,138,145,147,152,150,143,144,143,145,146
130,129,137,136,136,136,135,136,133,133,133,136,136,136,128,135,133,129,125,134,136,130,131,135,131,139,132,133,135,141,137,121,122,128,138,134,133,131,137,135,129,128,131,142,134,128,125,135,139,128,141,135,131,134,134,126,139,141,132,129,134,139,139,136,132,145,138,134,138,138,137,137,137,141,138,141,139,129,139,135,130,136,139,136,134,138,138,135,133,134,143,136,135,134,134,135,132,132,131,141,138,126,134,137,139,135,141,134,139,139,136,138,133,143,136,132,133,143,145,142,143,131,130,145,133,132,134,145,137,134,132,139,130,137,138,142,135,133,142,132,135,145,139,136,127,139,139,133,133,137,137,136,139,139,146,147,137,132,137,131,137,142,138,136,143,136,136,137,137,136,134,135,128,131,134,136,134,132,132,135,136,139,130,128,131,133,130,136,137,139,139,139,142,138,144,136,131
134,112,108,113,107,115,113,110,110,109,111,115,133,100,118,102,104,97,97,92,111,86,116,113,99,96,93,104,117,116,102,106,103,102,102,102,90,94,107,117,143,102,118,115,103,98,99,139,120,128,92,115,96,94,103,102,120,116,107,95,95,99,92,97,111,104,96,141,102,108,115,117,111,98,93,111,116,146,104,95,148,99,104,94,113,118,109,92,90,99,103,126,109,100,95,99,97,105,110,122,106,95,138,96,99,97,92,118,97,112,99,100,112,115,106,112,106,106,106,115,110,146,144,104,144,94,115,109,106,93,139,105,144,138,97,95,91,98,102,94,111,115,102,89,109,100,97,100,91,102,91,110,106,111,118,119,102,90,95,119,99,105,108,115,102,139,139,104,110,117,115,108,142,130,119,107,120,137,105,111,108,115,116,108,116,116,106,106,108,110,110,109,111,127,108,117,106
124,115,105,106,112,115,113,115,112,112,113,112,117,113,120,124,122,107,110,113,112,100,115,110,117,112,105,110,121,121,113,115,116,104,110,108,105,109,112,110,126,111,125,124,119,115,104,122,102,113,110,115,111,110,110,112,132,124,122,116,111,118,125,115,115,115,116,124,119,115,124,125,125,115,110,117,127,136,122,122,129,117,118,124,128,124,128,136,128,127,122,124,121,121,131,129,130,133,128,127,127,129,130,121,123,122,127,123,125,123,121,121,129,126,125,124,118,113,117,116,116,125,124,111,132,122,129,125,123,108,125,116,130,120,110,110,104,113,117,122,127,122,127,121,113,126,123,111,111,113,115,115,102,113,134,119,134,120,118,115,111,118,116,113,117,121,121,112,124,119,128,113,125,115,115,111,116,120,119,120,118,118,120,112,121,115,116,120,119,120,110,111,103,109,97,110,111
126,133,131,127,134,135,137,138,139,138,137,138,130,135,125,144,137,129,135,137,132,130,139,141,134,125,128,141,137,134,137,138,134,136,132,139,139,132,120,131,120,137,137,130,139,137,138,120,131,132,136,130,141,136,138,145,142,130,139,135,142,137,128,134,137,135,141,119,142,146,143,132,142,136,133,134,135,120,138,141,122,136,139,138,134,130,142,148,139,138,135,142,139,137,142,141,142,142,138,125,139,139,118,133,133,142,132,141,136,134,139,139,135,117,139,135,133,126,122,129,122,121,120,125,115,133,132,116,141,132,122,131,120,120,122,129,130,142,142,143,137,112,139,139,139,149,134,139,141,134,136,133,142,146,133,117,139,136,139,136,139,131,130,138,130,121,120,139,138,129,139,137,117,134,135,127,135,130,139,139,133,145,139,135,133,129,138,139,136,135,135,131,127,138,128,141,136
118,126,135,126,130,129,127,128,124,127,127,123,118,136,127,128,136,138,132,132,136,131,128,134,121,133,136,137,134,139,144,133,128,131,136,122,126,125,120,137,126,138,128,138,139,143,135,129,132,125,127,123,133,135,133,139,128,136,142,145,130,136,133,135,128,128,126,130,133,136,132,136,139,141,136,126,122,113,126,142,120,138,144,134,131,136,138,137,138,137,132,131,134,139,134,127,134,128,130,132,138,131,125,129,128,126,115,122,124,131,134,136,132,128,137,131,132,134,120,124,115,113,120,127,124,134,133,127,139,135,121,127,118,132,134,134,125,128,137,134,135,125,139,127,125,127,127,122,124,131,120,124,139,139,135,129,138,138,131,123,131,124,126,127,124,134,133,128,137,136,133,130,121,131,133,129,128,121,133,133,132,132,139,137,132,130,133,134,135,134,127,124,118,118,112,133,127
134,139,131,136,133,135,134,134,135,133,131,134,143,127,139,123,132,125,117,112,125,120,129,128,126,118,110,113,136,135,118,115,119,108,132,115,117,120,129,136,142,111,137,136,127,115,115,115,142,142,115,130,118,109,119,111,131,138,131,112,112,128,122,121,137,132,115,109,134,128,128,135,131,124,116,129,130,152,128,117,151,115,121,118,128,128,127,115,112,111,131,144,136,131,121,119,111,106,132,136,130,115,117,117,116,117,105,130,117,137,128,122,131,128,132,130,130,127,117,144,131,154,154,134,158,112,132,128,135,118,135,134,155,89,127,116,124,117,117,105,129,129,128,115,131,115,118,115,111,127,127,131,133,128,139,132,128,119,126,133,121,124,116,130,131,89,97,132,132,131,131,134,138,137,131,128,137,142,129,131,129,127,135,130,133,134,128,128,129,130,126,125,133,143,135,135,132
124,120,131,126,129,125,125,123,125,129,131,132,116,139,127,146,136,142,135,138,127,125,131,126,124,143,137,131,133,125,148,129,132,136,124,122,131,127,146,132,103,141,130,118,134,134,141,108,113,115,130,122,137,135,141,130,121,116,123,126,135,129,124,125,124,121,132,109,129,125,128,116,126,125,127,125,123,93,129,136,102,139,136,141,128,117,126,142,149,144,135,121,129,144,139,144,134,138,126,121,127,141,107,136,137,142,129,126,141,123,130,139,127,117,123,124,125,123,129,120,122,99,104,138,103,148,127,115,125,127,103,127,105,117,133,138,137,136,137,135,129,117,122,148,137,137,142,136,132,122,128,125,125,120,134,120,126,133,122,124,124,112,112,118,117,119,116,122,129,129,130,123,103,107,119,121,119,120,143,139,137,119,125,139,136,126,139,138,134,137,139,137,132,115,129,123,129
116,135,130,117,124,121,124,128,127,131,130,127,119,129,129,118,125,121,118,128,126,123,121,118,105,135,133,116,124,115,119,98,102,129,121,115,119,113,120,125,128,125,121,115,115,108,113,117,123,123,108,115,116,122,133,116,110,111,115,107,115,117,115,110,107,115,119,122,126,117,115,113,113,115,117,112,116,124,109,124,121,131,121,123,124,111,112,105,115,127,117,122,117,118,118,121,131,120,117,110,111,115,118,111,122,123,120,111,123,115,123,121,118,113,111,109,115,118,117,120,121,128,128,122,128,112,124,113,116,120,125,117,126,121,108,115,112,123,120,102,117,111,115,113,106,110,122,110,110,110,111,121,112,115,108,115,120,110,108,115,116,115,129,120,115,120,119,121,120,122,117,115,125,131,122,117,122,123,116,121,116,119,123,122,124,127,118,121,115,117,119,122,120,111,125,125,130
125,130,127,145,135,136,132,132,135,134,132,130,128,142,137,121,134,137,129,134,134,133,135,132,134,132,132,141,131,121,139,137,135,135,131,130,141,128,119,136,123,133,131,117,139,130,133,128,135,134,132,136,131,137,132,145,139,125,139,139,135,137,131,133,139,146,136,128,147,141,142,126,143,139,137,139,142,119,122,130,119,135,130,148,133,124,138,138,126,125,128,135,129,132,130,128,128,128,132,127,137,129,123,133,141,130,136,138,136,139,137,139,134,122,138,142,139,139,141,142,145,127,125,129,120,119,133,123,139,136,124,137,122,129,128,125,138,131,124,126,131,127,133,137,138,134,127,123,130,139,142,142,144,139,139,133,127,136,136,137,142,135,135,143,142,132,129,139,137,135,141,139,124,142,141,139,137,130,135,135,136,136,142,145,136,139,132,138,138,139,145,147,136,135,139,139,147
118,136,139,142,139,139,138,136,137,137,134,137,135,139,136,134,135,143,144,138,150,147,137,146,135,147,139,139,141,133,142,131,130,139,146,137,139,138,135,138,126,139,137,129,137,139,136,126,136,133,134,132,143,141,134,126,131,132,136,130,132,131,137,139,134,131,132,125,141,130,132,130,134,130,131,136,135,132,138,145,129,141,138,132,134,131,134,134,141,139,141,142,143,139,143,141,137,139,135,130,135,137,127,134,134,138,137,138,139,141,141,133,135,129,133,130,134,136,138,139,136,132,136,138,133,134,134,130,134,128,129,136,130,123,135,133,135,142,130,132,135,131,125,139,135,142,134,137,133,134,135,137,135,132,129,133,121,128,133,135,136,128,127,133,130,123,124,130,128,137,130,132,128,136,135,135,136,134,135,135,136,130,134,136,136,135,137,133,134,133,138,134,137,133,129,132,144
128,152,150,148,145,133,136,133,135,132,134,132,130,147,139,150,151,158,154,161,157,156,137,144,157,151,155,156,134,142,161,154,148,154,147,138,152,150,146,141,139,152,136,142,152,145,146,132,145,133,136,132,151,147,152,152,132,137,145,145,143,144,139,139,131,130,138,130,152,147,132,138,139,137,146,134,130,132,127,129,131,136,136,155,131,137,137,137,132,130,136,137,127,128,133,138,142,141,133,131,137,130,127,125,129,129,123,125,134,126,135,131,127,130,132,126,122,118,116,127,118,127,127,121,126,125,124,133,134,121,121,127,118,128,119,120,131,129,131,121,126,130,127,132,121,125,122,115,111,123,125,130,122,128,128,130,125,125,127,127,119,128,128,124,125,132,131,137,129,136,129,133,123,130,130,128,125,125,132,132,133,118,126,143,130,125,126,130,131,132,134,135,139,138,138,127,137
120,121,123,112,108,104,104,104,105,105,102,104,104,104,115,116,111,107,112,115,106,119,106,107,115,116,113,112,115,108,113,120,115,120,112,120,122,122,120,108,111,121,111,111,106,121,117,118,102,98,125,112,119,116,106,111,107,111,104,121,115,117,120,116,113,117,120,119,103,104,104,107,102,120,115,108,103,108,108,119,111,113,117,120,105,113,103,121,123,118,117,105,103,116,119,112,115,112,110,112,106,116,119,113,116,116,116,105,115,107,113,113,107,116,105,110,108,112,115,111,115,108,107,115,117,112,108,117,104,117,115,116,112,122,110,115,111,116,110,112,112,116,109,121,110,116,115,108,111,110,108,112,109,120,117,119,112,109,103,107,110,115,112,115,112,121,120,108,107,108,102,102,113,107,108,105,107,109,108,110,113,128,112,116,111,110,108,110,110,109,111,112,109,99,119,117,119
110,121,110,136,135,126,124,121,122,117,115,122,130,113,132,103,110,117,121,120,136,136,122,121,143,130,135,123,126,115,121,112,118,127,121,144,125,135,138,116,129,118,126,117,123,102,122,129,137,126,133,131,130,131,133,136,126,113,124,119,129,120,136,135,130,128,137,131,131,133,117,117,119,119,130,128,122,144,134,123,134,138,128,133,117,113,118,116,125,123,135,139,135,109,128,128,125,125,118,116,113,121,129,129,131,136,138,127,137,135,130,130,113,105,113,124,131,137,159,136,144,128,134,129,133,133,115,102,121,118,135,142,133,129,138,131,133,129,127,137,117,104,109,139,138,130,130,144,133,135,141,147,120,131,122,105,105,120,125,136,144,145,134,131,135,126,126,138,108,110,110,122,133,117,122,129,129,129,110,108,106,122,110,120,108,124,116,110,115,113,116,115,120,129,123,115,111
138,135,134,136,137,139,139,139,139,139,138,139,152,144,139,131,138,136,133,133,142,131,137,142,136,137,133,135,139,131,138,131,132,131,139,135,131,129,133,139,160,131,139,128,138,135,128,152,144,147,135,137,135,131,131,130,137,132,139,137,133,138,138,138,139,139,137,151,137,137,138,132,141,139,135,142,137,158,146,141,162,138,143,144,135,128,139,139,142,142,150,146,146,145,141,138,139,139,134,130,139,141,155,136,139,139,133,137,138,146,142,138,134,124,138,141,145,144,139,143,136,161,163,139,162,137,133,125,139,137,157,147,164,144,139,138,139,139,139,137,135,127,138,137,145,142,136,143,137,141,134,135,137,139,133,133,138,135,139,139,137,138,134,139,138,143,146,139,137,134,137,139,160,141,136,138,144,152,139,138,138,134,137,133,136,137,138,137,136,139,138,138,135,145,136,135,135
121,132,123,133,133,130,132,133,132,131,130,130,130,122,125,132,128,131,135,130,129,132,134,125,122,127,121,128,132,133,116,136,145,129,122,125,117,118,126,133,128,119,132,130,121,118,127,133,130,138,129,139,119,115,129,134,131,133,127,121,112,123,125,119,134,120,121,128,122,129,129,129,128,120,130,130,141,124,116,108,126,102,104,98,128,126,128,113,105,100,109,137,135,125,109,113,103,96,130,127,129,107,131,118,108,102,123,142,111,131,122,133,132,119,127,127,130,132,126,137,148,130,132,136,127,117,129,121,132,126,134,131,124,134,135,118,128,108,121,115,132,121,124,123,143,111,121,133,118,145,127,141,145,129,126,124,122,119,127,143,132,144,139,145,144,132,133,127,131,126,129,133,129,152,143,144,139,133,127,130,129,129,125,117,130,136,127,133,134,131,126,129,127,132,108,128,120
133,119,127,116,115,115,113,112,115,115,115,110,112,120,111,123,110,127,133,135,126,147,113,123,130,138,136,127,110,117,123,134,129,139,126,127,136,132,131,116,117,133,109,117,115,134,131,113,111,108,129,109,131,137,130,123,108,116,112,133,133,129,134,133,112,112,131,115,126,115,109,113,107,126,131,119,111,116,127,132,116,127,124,136,106,119,105,135,138,135,135,116,115,126,135,133,134,132,107,117,104,131,113,130,132,129,130,110,130,112,124,130,106,116,106,117,115,116,126,113,117,115,117,115,115,125,106,120,108,121,116,122,115,115,123,132,121,129,125,124,108,119,108,132,117,132,131,126,128,116,125,120,121,111,107,111,107,123,117,112,126,117,120,110,115,115,116,122,105,113,105,111,115,112,108,107,107,115,115,113,116,125,116,115,112,113,115,113,112,111,115,116,118,105,122,119,115
116,124,115,129,127,131,133,131,128,128,129,131,129,124,129,115,123,126,122,118,135,120,136,133,127,130,126,127,125,130,118,124,127,129,131,132,130,126,134,141,124,122,131,124,131,128,125,124,137,136,130,135,128,126,133,123,135,127,127,129,125,129,115,125,134,132,126,122,131,131,136,128,128,139,134,144,138,125,134,129,125,132,131,130,136,126,130,137,133,132,134,154,139,132,127,131,130,123,131,129,131,131,122,132,127,137,129,142,131,142,139,128,132,121,131,141,141,138,124,138,125,123,124,142,123,136,137,115,129,135,124,133,126,124,137,135,133,136,138,134,132,121,120,132,134,128,126,130,127,135,121,130,124,139,139,128,115,125,133,139,136,131,129,137,130,126,125,129,136,133,139,128,122,131,138,139,136,125,132,137,139,148,144,128,143,145,134,134,136,139,133,135,121,131,117,150,132
136,137,133,121,125,132,122,128,127,125,130,127,131,146,134,142,137,137,137,138,120,127,129,135,127,122,127,127,115,111,130,124,119,124,132,113,127,126,117,134,134,138,122,115,123,142,132,142,122,126,125,127,123,136,113,123,119,117,129,133,122,130,139,126,124,119,119,135,121,121,126,117,130,132,124,136,132,139,138,136,137,141,138,147,123,110,127,135,136,143,133,137,136,144,143,139,144,135,117,115,123,151,139,127,137,124,118,125,124,129,125,121,117,113,123,128,127,127,117,131,117,138,134,120,136,132,123,111,127,121,137,139,139,128,127,134,128,141,136,128,118,110,125,152,138,136,132,127,119,120,116,129,123,118,99,106,122,143,125,126,117,102,105,128,122,128,135,133,117,119,126,129,133,131,128,126,132,132,128,128,123,121,121,116,124,127,133,126,117,117,121,118,123,122,120,122,117
130,112,115,117,119,116,118,118,120,120,118,116,111,131,104,122,123,129,127,127,133,121,119,130,138,124,138,139,112,115,132,134,141,127,130,135,127,120,133,115,123,131,113,118,126,125,131,115,115,115,125,117,121,117,121,139,115,119,122,137,138,128,120,124,120,130,138,118,115,130,121,119,125,143,145,125,117,117,130,132,125,134,136,134,115,124,126,135,137,131,118,113,122,128,122,113,117,128,110,122,125,132,122,130,124,127,121,115,125,123,123,137,112,116,123,132,135,125,127,121,119,115,122,139,121,130,115,118,122,135,130,121,121,123,127,123,135,125,128,131,111,115,125,126,123,126,119,128,128,112,125,107,126,132,123,118,129,133,130,112,123,133,130,115,118,119,122,127,117,113,119,129,125,125,117,128,116,120,125,120,117,119,113,130,118,126,130,128,121,122,122,119,124,116,129,117,129
122,133,141,128,133,138,138,135,136,134,141,136,128,139,128,135,150,141,139,137,141,125,139,143,126,130,138,133,145,131,149,123,126,129,124,112,134,123,121,136,122,139,139,126,144,146,139,132,121,120,123,124,135,128,122,128,144,131,142,136,139,124,128,131,128,124,126,129,128,129,141,132,141,145,135,129,131,118,136,145,121,132,146,148,142,132,144,148,147,144,138,124,137,148,143,147,145,157,141,135,142,151,128,145,150,143,129,131,145,128,141,137,139,132,142,130,136,131,124,130,122,121,118,130,117,137,137,136,143,152,129,144,117,132,132,147,150,157,147,150,139,139,142,158,138,149,155,149,151,151,141,139,148,141,150,138,139,154,151,138,149,134,136,141,141,133,131,156,147,142,144,146,126,137,141,138,135,128,144,143,144,148,145,145,144,148,144,145,142,142,143,141,137,137,141,150,148
132,128,125,129,126,122,123,121,122,120,123,122,121,121,125,131,123,121,125,127,110,123,117,119,121,120,119,122,129,131,125,117,119,123,120,123,118,124,117,119,115,126,129,126,125,125,123,117,119,119,121,122,124,122,117,116,124,130,124,121,118,120,125,128,120,119,117,116,117,115,120,128,122,119,116,121,119,115,122,132,113,128,127,113,123,129,125,115,120,123,124,119,118,131,122,124,123,122,128,127,122,118,112,120,126,122,118,116,118,113,113,110,125,128,122,111,117,115,120,117,119,115,117,120,125,117,124,129,123,118,113,115,122,122,116,121,118,122,121,115,125,129,126,119,111,126,123,119,124,115,117,116,118,113,128,126,129,113,112,117,116,118,120,116,121,124,122,129,125,123,121,118,115,117,119,122,118,121,122,124,125,120,124,131,120,120,123,126,125,123,130,130,133,124,131,123,134
124,86,88,112,109,95,99,98,95,97,96,94,94,92,98,105,87,102,118,116,113,127,102,125,143,116,128,130,100,99,103,137,129,141,139,149,150,149,141,107,127,136,100,106,100,141,142,121,119,109,152,121,149,138,136,142,99,106,103,148,158,152,147,157,121,146,163,124,128,124,103,110,107,154,150,136,115,130,145,154,132,151,149,125,105,111,109,144,144,150,137,115,135,152,148,147,136,146,111,115,109,142,123,157,154,156,159,116,150,125,134,152,102,121,110,127,130,138,149,122,145,125,125,134,120,135,104,126,102,136,125,127,127,121,150,148,139,148,127,146,110,121,119,139,133,143,134,152,164,139,158,115,134,120,112,110,121,129,133,110,133,133,130,110,130,121,122,102,98,94,102,102,125,105,103,113,99,100,95,95,102,116,103,100,98,96,102,102,96,95,91,90,98,100,95,103,100
136,142,135,124,110,121,119,115,113,113,115,115,115,133,121,144,133,133,119,120,118,120,119,125,142,135,145,131,127,127,126,137,133,135,122,135,127,139,134,126,130,139,124,124,115,128,129,139,130,127,137,139,128,126,137,139,122,127,118,123,132,141,154,138,136,139,130,133,127,143,120,125,116,129,138,136,132,130,123,131,128,123,124,146,122,122,120,130,134,132,126,124,132,129,128,133,120,120,120,119,119,129,132,124,123,124,130,128,123,121,125,135,120,123,119,132,116,130,124,122,138,128,123,119,132,126,121,123,120,141,132,122,130,134,121,124,130,116,118,122,119,124,120,132,124,121,124,118,129,131,144,122,129,130,110,110,121,130,130,124,130,150,155,129,144,138,139,123,118,117,116,129,134,130,125,124,123,122,118,120,126,126,121,124,124,129,120,120,120,123,126,122,119,119,124,138,121
128,126,132,110,109,107,110,108,109,107,109,110,116,116,118,131,112,125,120,121,112,125,103,103,99,115,121,110,122,122,133,112,107,115,96,117,116,106,115,102,130,120,115,118,113,117,116,123,105,105,116,100,118,118,118,115,109,118,113,120,122,105,103,106,100,105,110,122,106,115,104,116,105,125,118,102,91,123,95,104,129,115,119,130,105,119,108,115,113,111,109,100,100,110,109,113,125,127,107,112,107,119,128,125,128,118,111,102,127,106,129,129,105,115,108,115,113,112,131,107,119,131,134,124,130,126,102,119,112,131,130,112,134,122,115,111,128,125,126,115,102,117,120,111,112,115,119,117,106,106,134,124,132,108,102,109,119,121,119,115,130,116,120,107,113,123,126,121,110,98,105,115,126,115,105,110,102,113,112,109,109,127,115,113,113,116,110,108,107,109,109,110,115,115,122,120,115
117,122,117,122,124,126,123,123,119,121,119,123,126,121,128,112,118,120,123,119,134,122,125,126,139,135,137,139,126,126,124,138,133,131,145,143,132,138,143,127,121,133,125,127,128,127,134,120,142,128,134,128,129,133,139,135,125,123,123,130,135,144,150,141,128,132,133,123,136,128,122,124,124,135,132,136,133,125,134,129,120,134,132,123,126,127,135,134,133,129,139,131,142,124,129,134,129,129,125,121,134,122,121,135,126,134,137,132,130,138,131,132,125,123,128,136,137,137,141,135,136,119,123,134,119,128,123,123,124,130,124,135,123,122,136,126,129,125,117,120,120,129,129,122,129,124,116,125,120,123,131,126,123,127,133,130,133,123,133,133,131,134,139,127,135,121,119,127,133,127,134,133,125,126,129,132,129,118,118,126,126,128,137,133,128,138,125,128,131,129,128,125,127,122,130,126,127
127,124,125,129,131,126,126,126,127,126,126,125,104,127,126,130,124,130,128,134,125,129,125,125,120,129,127,127,124,129,131,127,126,129,121,122,132,127,121,122,89,130,127,127,131,131,136,97,115,111,132,125,133,130,125,131,127,126,128,132,134,124,117,123,125,125,131,98,125,130,127,125,127,129,133,124,123,91,118,127,89,128,127,134,128,128,128,134,135,131,122,115,117,132,132,128,133,132,130,124,130,136,96,132,134,130,129,126,134,120,129,136,130,131,132,126,125,124,124,122,127,94,91,123,90,134,129,130,129,134,93,124,87,108,128,133,133,135,130,132,130,129,131,132,128,132,130,133,133,129,133,126,130,133,132,128,131,135,132,125,135,128,126,129,128,109,104,130,129,129,126,127,89,118,125,128,118,109,132,131,130,120,124,131,127,128,130,131,130,129,129,131,134,116,133,123,132
138,120,122,122,126,131,130,131,131,131,130,132,130,121,128,123,124,123,126,121,130,133,134,136,135,131,133,136,126,126,122,134,139,135,131,134,131,131,136,131,128,128,125,125,123,128,126,125,139,132,129,131,128,128,127,133,128,127,121,132,129,134,128,130,136,138,131,125,125,135,131,128,125,132,130,134,131,130,134,127,130,128,128,117,131,127,124,130,126,124,129,129,134,123,123,121,123,124,127,128,123,127,125,127,127,129,129,133,129,137,136,132,130,124,124,136,137,136,128,137,132,133,131,131,129,132,130,123,123,135,130,130,130,126,129,130,131,127,122,132,129,122,115,134,135,131,129,132,131,132,128,132,127,135,124,125,115,135,137,136,135,131,132,137,132,125,124,125,130,129,126,132,130,134,135,134,133,134,130,129,131,119,126,124,132,128,129,130,130,129,129,129,123,134,125,127,122
146,138,131,146,141,132,133,131,131,131,132,130,137,126,139,135,123,123,123,128,120,130,130,116,119,121,113,116,136,144,132,129,121,116,123,129,122,119,127,129,134,110,135,147,135,115,128,137,139,133,123,125,118,125,122,117,136,144,130,120,115,129,136,121,135,132,118,139,129,126,129,142,130,118,116,133,135,138,127,115,132,111,105,126,134,143,131,125,131,124,130,135,124,116,124,127,125,112,133,146,133,117,139,113,118,115,134,128,122,131,127,112,132,144,132,132,119,124,134,134,127,133,133,117,134,123,135,149,129,115,136,127,128,133,119,105,116,117,117,111,136,155,135,124,122,120,122,119,109,126,118,131,106,130,141,148,138,113,117,131,126,139,131,123,118,132,132,126,128,139,135,122,130,134,131,123,131,132,130,131,130,146,132,147,135,139,132,132,134,135,142,141,149,137,145,143,146
132,132,126,130,129,125,125,125,123,122,123,123,127,118,129,131,126,121,119,115,113,118,120,118,116,117,113,118,124,129,122,115,116,113,117,121,120,118,125,122,131,118,124,130,126,115,108,130,115,122,115,118,116,113,115,117,123,129,123,118,110,117,119,116,123,121,118,128,121,118,122,124,121,119,115,118,122,128,118,122,131,121,121,110,122,129,122,117,113,115,115,123,116,123,116,110,115,115,125,126,122,117,129,112,115,113,117,120,113,118,120,109,125,134,124,120,118,118,119,121,119,133,130,119,133,112,126,133,125,116,131,117,128,125,117,115,116,115,111,108,127,133,128,118,116,116,115,105,110,113,109,117,116,115,129,130,127,113,110,117,113,115,113,120,116,126,126,121,125,127,124,120,132,121,120,121,121,121,122,125,127,125,125,129,124,125,126,125,123,123,125,124,123,127,125,125,127
128,138,125,148,150,143,141,145,141,139,137,143,143,134,139,124,136,129,127,125,128,129,142,139,139,130,126,131,143,146,124,130,127,122,128,130,116,124,127,143,139,119,145,144,132,120,113,132,151,147,129,143,109,117,117,124,147,146,137,130,116,134,134,124,143,144,115,132,130,141,144,151,139,138,122,145,146,146,136,124,139,124,127,124,144,151,139,123,118,122,127,141,139,131,121,121,119,113,143,150,141,123,136,116,118,112,111,139,118,142,129,124,146,150,141,142,134,137,131,147,133,144,142,127,144,115,147,148,139,120,139,134,145,125,119,112,118,115,123,121,144,148,133,132,139,115,116,121,116,127,117,134,127,129,141,146,128,122,127,139,125,125,120,135,125,125,126,126,141,152,139,130,135,147,143,133,139,145,136,139,144,134,141,152,141,137,139,141,146,149,148,146,142,152,145,138,148
117,145,133,130,143,146,147,149,148,144,142,145,139,138,139,137,141,134,120,122,131,128,142,124,126,130,125,128,150,147,141,136,135,117,118,122,115,108,127,132,117,113,152,145,152,112,115,119,126,133,128,139,118,111,121,135,143,141,150,118,112,112,112,115,134,126,119,120,127,143,148,139,147,119,117,128,135,117,106,102,118,99,100,120,148,137,150,120,113,106,117,128,117,105,109,109,108,113,151,129,150,106,121,113,110,106,123,142,113,130,123,128,148,133,151,135,123,117,111,129,128,119,116,107,121,120,148,130,149,120,120,126,121,123,110,112,115,107,128,115,151,131,150,119,126,113,115,113,113,134,118,137,120,132,141,133,146,121,122,139,125,128,132,141,131,125,123,131,145,133,146,137,119,132,137,130,137,132,139,142,142,134,142,138,139,142,142,143,144,143,141,139,131,131,130,138,135
128,132,135,135,132,135,134,134,134,134,131,136,138,134,132,139,131,137,132,133,136,134,131,132,138,134,135,134,138,139,138,131,136,131,137,134,136,134,132,132,149,128,137,139,135,132,127,145,138,136,132,128,133,132,131,132,135,137,135,133,132,133,142,134,129,132,136,146,135,131,135,137,135,134,134,136,132,147,139,132,149,133,135,141,136,138,136,132,135,133,138,135,134,136,132,138,138,135,137,137,139,132,148,136,134,133,139,131,138,136,139,136,137,137,138,133,133,137,141,136,138,147,150,132,146,136,137,138,136,134,148,141,152,141,135,131,133,132,136,139,137,137,139,133,135,141,139,139,134,143,135,137,135,133,137,133,141,137,134,134,137,135,133,132,137,139,141,133,134,131,131,134,148,132,132,131,135,139,131,131,133,130,127,128,131,128,132,130,131,129,130,132,133,134,133,130,133
128,141,139,144,139,146,148,146,143,143,145,149,147,141,143,124,134,142,138,129,144,150,149,146,149,146,139,143,146,144,131,144,143,134,139,137,138,150,155,142,128,139,146,143,141,139,136,126,145,138,127,143,125,126,143,144,137,145,142,135,124,133,134,130,147,143,127,129,150,149,145,144,139,136,137,142,149,135,139,136,129,138,136,137,146,136,141,132,127,132,143,143,143,138,127,124,122,116,139,133,138,127,125,125,124,131,124,139,124,143,141,137,143,129,139,146,138,149,143,152,148,131,126,145,123,128,143,132,143,137,127,139,127,133,159,133,130,128,133,128,139,130,134,121,144,113,125,126,125,136,129,135,145,147,147,125,139,135,142,144,139,144,145,146,146,132,132,149,147,141,150,146,131,138,144,150,143,128,135,136,133,146,146,142,146,150,139,141,144,142,136,139,135,143,139,148,133
110,128,133,125,125,122,121,120,121,125,126,120,124,129,118,129,131,131,133,134,129,128,121,125,119,134,131,128,118,125,133,130,131,132,132,134,137,129,124,124,125,135,116,125,127,134,136,125,120,120,129,117,135,135,131,123,115,124,124,135,133,135,127,134,120,122,131,126,123,115,124,119,122,132,128,121,118,128,132,137,129,136,137,133,119,121,121,134,137,137,132,125,129,134,132,134,136,141,118,118,117,134,125,128,137,139,124,116,130,117,125,126,120,117,119,120,125,120,124,115,121,127,123,124,123,137,119,119,121,128,128,125,128,126,130,135,128,134,126,126,115,120,122,138,122,134,132,130,134,119,121,125,129,121,113,124,119,127,124,119,130,121,128,124,127,124,124,126,122,124,123,123,129,115,122,125,126,125,128,124,122,121,121,128,123,123,126,122,121,121,124,122,125,121,125,124,128
116,94,100,116,109,115,113,115,113,110,121,115,124,123,108,93,105,119,134,131,118,127,118,127,126,120,131,141,105,107,113,136,137,137,133,126,131,144,132,122,124,142,108,109,119,132,139,125,130,131,128,122,126,141,133,138,115,107,116,126,137,133,132,125,125,127,142,127,120,129,115,107,115,122,138,121,127,127,126,128,128,138,136,119,111,105,112,123,125,133,134,128,129,130,138,137,132,128,111,102,112,129,124,130,128,134,124,123,126,122,117,141,112,100,111,124,123,132,136,121,129,130,128,133,129,138,107,100,113,128,128,120,125,131,132,130,123,122,118,135,108,103,108,115,122,118,123,122,133,126,129,123,131,127,115,108,111,128,126,119,121,132,136,116,129,129,132,118,113,108,112,113,130,116,115,124,120,127,117,115,116,106,107,119,108,109,111,115,115,119,117,118,118,112,123,116,116
115,115,115,115,120,121,123,121,121,118,118,118,113,117,119,115,116,115,108,112,112,109,120,110,104,104,106,102,121,118,115,110,103,104,104,99,107,106,103,116,104,106,123,115,120,105,108,106,118,122,99,118,108,104,100,103,118,117,121,100,103,102,97,103,115,106,102,106,109,120,121,117,123,107,104,108,117,104,98,102,107,100,104,108,121,117,123,104,106,104,102,117,110,104,100,104,103,108,123,112,124,103,108,104,107,105,105,117,103,111,108,102,121,112,124,115,111,109,99,118,108,105,102,102,104,103,119,112,124,110,105,106,103,108,102,102,107,103,109,102,119,110,121,106,116,110,103,104,103,108,102,113,105,115,111,112,118,106,110,124,107,110,116,125,113,110,107,123,119,120,120,123,107,118,119,117,118,115,121,123,123,115,121,113,121,118,123,123,123,122,121,115,115,115,115,121,116
117,125,131,120,120,126,125,125,123,125,122,127,149,122,123,128,124,120,125,122,137,122,125,129,129,128,127,124,121,126,117,135,132,125,128,131,126,128,126,127,194,125,121,125,121,123,124,215,129,139,123,122,126,128,128,128,122,124,123,121,121,123,127,131,119,123,129,218,126,128,124,126,122,127,126,129,123,177,134,132,186,126,131,131,123,125,120,131,128,128,138,139,134,127,125,132,127,130,118,123,119,130,214,130,131,128,128,125,132,126,136,133,124,122,118,123,125,120,124,120,129,174,183,127,174,137,119,121,124,126,205,133,183,227,127,132,131,132,133,133,118,125,117,131,132,128,129,127,126,116,113,122,119,123,126,122,118,121,118,125,123,120,117,118,112,225,222,125,123,120,120,125,200,134,128,121,131,147,120,118,121,118,117,115,119,120,123,118,118,118,115,112,110,138,113,115,107
121,126,128,117,115,115,115,115,117,116,117,116,109,122,122,126,125,126,125,125,118,122,115,122,127,126,126,128,120,120,129,122,126,127,121,127,125,127,129,119,102,131,118,120,119,129,127,102,110,108,131,119,125,125,129,122,116,119,117,131,132,125,126,124,127,128,129,105,122,120,115,115,115,133,128,121,119,106,129,132,103,132,132,127,115,118,116,126,131,133,122,111,120,131,130,133,137,134,116,115,116,133,102,129,131,130,133,118,127,117,125,126,117,119,117,118,122,121,122,115,122,102,102,127,104,129,117,117,118,131,104,117,102,111,127,129,128,133,125,133,116,119,119,132,117,132,131,125,132,121,127,120,125,122,120,120,119,131,126,117,124,125,127,117,120,112,109,121,119,123,117,118,102,113,117,120,113,109,120,117,115,124,118,125,119,117,118,117,118,118,120,119,121,112,125,122,119
111,124,133,130,125,124,128,128,126,125,129,129,138,133,126,131,126,135,141,143,151,143,129,139,151,146,149,139,130,128,139,134,138,146,148,146,146,141,148,139,147,145,125,125,132,144,143,144,141,134,143,125,148,147,144,141,128,126,133,147,143,138,143,143,129,133,145,141,132,126,128,128,133,144,146,132,125,144,139,142,147,141,138,144,127,126,130,146,141,146,152,135,138,139,144,145,146,143,125,126,134,147,142,149,149,145,138,126,144,133,139,139,126,126,133,135,138,134,128,126,125,142,146,143,146,141,127,126,136,145,143,135,149,139,142,139,143,149,147,139,127,128,139,145,135,142,152,145,139,130,137,141,141,124,131,125,137,139,133,132,144,135,127,123,131,138,139,121,129,127,126,126,143,128,130,133,131,126,124,128,127,117,128,127,128,119,121,124,131,128,123,122,130,143,135,123,126
127,128,122,129,126,132,131,131,130,131,130,129,130,130,122,124,130,130,130,122,138,134,133,135,121,126,131,135,133,131,129,131,135,131,128,126,130,131,126,135,120,129,133,132,133,124,125,120,147,139,131,138,131,125,129,134,131,132,133,131,129,132,134,135,128,127,126,123,136,141,133,135,134,130,137,138,130,127,132,131,122,133,129,126,132,134,132,125,122,123,130,133,141,132,124,123,120,115,131,132,134,120,121,119,122,125,119,134,121,132,122,132,131,130,133,131,139,130,130,133,132,127,127,130,130,121,129,131,132,125,120,133,127,126,131,129,125,117,124,125,133,130,129,123,143,117,117,122,122,129,120,133,131,134,132,132,126,119,129,135,130,128,129,135,126,125,122,132,130,129,129,135,122,137,136,132,134,128,129,128,127,134,131,127,131,130,128,125,125,126,128,128,129,135,129,130,130
122,129,127,131,127,129,130,129,129,128,130,132,135,128,132,127,129,123,123,126,128,125,126,119,118,121,120,119,128,130,123,122,123,120,118,112,120,117,115,119,138,117,128,127,125,120,120,137,121,130,118,122,120,120,115,118,126,126,128,119,119,115,123,121,123,122,115,135,120,125,125,126,125,118,116,117,126,135,119,117,136,118,117,115,126,124,127,117,119,121,121,126,120,119,119,117,117,120,126,123,127,118,136,118,119,118,116,125,115,124,119,115,125,128,126,125,120,122,119,123,122,135,135,120,138,116,124,129,125,118,136,122,135,133,122,118,115,117,125,123,125,128,125,115,125,125,119,120,121,115,124,122,121,125,123,126,126,119,121,127,116,122,121,123,122,132,133,125,123,127,126,125,136,132,127,121,129,136,128,127,125,118,127,120,125,125,129,127,125,124,120,121,120,130,121,124,127
118,108,116,108,107,108,106,107,108,115,109,107,108,122,120,102,116,124,136,133,124,136,113,123,134,133,139,133,107,94,125,137,134,145,144,148,152,145,137,117,121,148,106,96,112,156,151,122,121,104,149,120,150,145,137,132,109,95,108,143,145,146,147,147,116,125,146,122,122,112,111,94,106,145,143,133,113,120,146,163,118,146,142,145,106,97,108,145,147,152,134,107,129,155,155,154,145,141,102,97,108,154,118,154,156,151,155,116,151,123,130,131,104,99,105,120,129,128,127,109,120,118,119,139,115,138,102,100,108,136,120,130,119,120,131,144,135,139,124,125,102,96,111,130,111,129,125,141,148,134,134,116,123,110,104,99,111,128,120,111,122,121,124,110,120,118,118,105,102,98,107,110,116,103,102,108,103,100,104,99,97,122,112,97,103,110,105,99,96,90,89,88,99,98,104,118,103
125,120,131,110,112,110,111,112,112,115,113,115,116,107,104,106,103,111,121,115,112,122,100,113,129,121,123,126,108,107,106,138,139,123,134,141,124,142,129,102,130,126,107,111,102,132,135,128,106,108,133,111,126,121,127,136,109,111,106,132,139,123,128,134,118,125,148,129,111,112,107,108,103,127,127,108,110,125,128,129,130,127,125,116,103,111,105,127,125,120,109,103,105,126,135,122,130,125,106,110,107,128,127,122,117,122,122,105,126,115,116,132,107,111,105,119,115,125,142,108,141,123,124,129,123,137,103,108,106,129,124,108,123,127,139,127,131,131,122,150,102,111,110,137,128,126,127,138,139,124,135,110,133,123,116,104,113,128,129,105,120,141,137,108,135,128,130,103,108,100,104,109,134,100,104,112,99,109,105,107,107,115,102,118,106,112,105,108,109,113,112,112,122,117,113,110,112
118,111,115,102,106,112,111,112,111,111,112,111,115,103,115,112,102,102,116,108,102,103,113,121,115,103,117,127,110,99,95,120,127,119,128,124,127,126,122,119,125,129,107,96,94,138,127,122,117,113,133,122,128,120,122,121,115,97,92,130,127,128,122,129,118,121,120,123,103,106,109,98,98,124,119,111,115,125,123,129,121,125,126,104,108,102,99,119,131,135,128,119,131,138,135,136,135,131,105,102,98,138,125,132,132,127,125,123,129,122,120,124,110,98,98,115,125,130,134,126,125,125,125,124,121,128,107,97,103,126,122,117,124,125,128,131,134,127,115,128,102,104,96,128,119,123,116,128,134,128,136,108,133,113,102,112,95,126,123,115,124,115,119,121,120,122,123,109,110,109,109,110,125,113,116,119,112,109,105,105,108,122,111,107,109,115,105,106,109,111,108,108,103,121,111,108,108
129,130,124,121,127,129,130,129,130,131,134,131,130,138,125,130,127,134,139,137,136,134,134,138,124,138,139,137,122,126,132,127,132,139,134,130,138,127,123,134,125,139,126,128,132,141,137,122,131,131,132,127,139,139,132,139,124,126,133,134,138,128,123,127,121,128,120,122,137,129,128,125,127,131,136,127,123,124,134,136,125,136,137,138,124,122,128,135,141,137,133,134,134,139,138,141,141,136,125,120,129,144,122,137,141,136,132,129,136,134,137,138,123,122,130,135,135,134,123,123,122,128,128,137,129,141,123,123,130,139,123,136,125,123,139,142,144,141,137,138,124,120,124,129,126,135,139,133,138,135,133,133,144,132,118,118,119,139,138,132,136,121,124,127,127,124,123,127,128,126,128,128,122,126,125,132,130,124,127,125,125,129,133,123,127,127,126,124,126,126,121,122,118,129,123,131,123
122,143,141,120,122,128,132,128,126,128,128,131,138,137,136,145,143,129,123,127,134,127,128,125,118,126,138,124,144,139,147,126,121,116,115,126,123,124,118,130,139,128,139,135,146,115,122,139,139,141,113,137,134,128,133,138,132,138,142,115,130,111,106,121,126,130,128,139,136,141,137,142,144,117,128,135,134,151,107,109,139,117,115,127,135,139,144,116,109,103,104,127,112,102,112,120,120,131,136,139,142,116,138,125,121,123,129,138,132,138,133,136,137,131,139,137,139,135,139,141,145,136,137,132,139,126,134,131,139,134,139,139,135,131,132,117,124,118,137,135,134,137,142,129,144,120,127,125,128,144,131,133,136,139,136,142,144,132,137,136,127,137,134,134,138,136,137,141,144,134,137,145,139,139,139,139,142,147,133,131,129,122,133,134,136,145,136,133,133,131,130,126,130,136,133,117,124
128,127,148,120,120,119,121,119,122,121,120,121,118,135,113,139,124,133,116,127,116,118,116,106,126,119,117,110,124,122,129,124,121,109,107,112,112,125,123,102,119,110,127,126,124,121,124,128,92,107,137,110,122,115,127,126,117,125,122,122,130,128,137,127,115,108,136,130,118,119,116,128,117,115,131,107,115,131,122,126,130,121,132,132,120,127,126,120,128,132,127,106,106,125,124,122,115,124,125,132,128,119,128,128,124,123,130,110,124,111,115,127,123,143,126,104,107,116,125,110,131,130,128,120,123,120,121,149,121,118,130,112,123,133,119,125,125,127,118,125,125,142,139,126,110,135,141,132,127,119,136,116,132,130,131,135,139,133,121,109,127,137,143,118,131,132,132,137,125,121,115,124,132,109,115,115,115,127,129,123,121,133,111,136,112,116,134,125,123,126,129,129,131,116,135,110,123
137,119,115,113,127,127,126,126,127,123,126,127,135,115,128,108,115,110,103,106,120,115,124,117,125,106,95,115,136,121,120,117,112,97,111,106,111,120,111,116,139,106,137,117,119,102,103,130,123,130,115,124,102,102,102,125,137,121,126,104,103,98,112,100,133,120,118,132,117,128,133,123,125,108,104,113,127,129,110,93,139,97,104,97,124,126,123,97,91,87,96,130,108,100,108,94,96,103,134,126,126,93,135,85,86,86,105,126,86,124,103,105,135,133,122,126,106,118,120,131,127,142,138,99,139,102,131,131,119,105,136,111,133,129,115,102,100,91,92,115,134,135,120,104,121,106,107,98,109,121,112,122,115,135,129,133,126,102,110,121,115,131,128,134,132,128,131,122,125,125,119,126,138,139,132,128,130,132,123,127,125,116,125,134,124,118,123,124,127,126,133,125,135,137,144,123,131
122,125,113,132,134,129,127,131,130,131,129,128,120,145,125,117,124,146,147,138,137,148,132,150,152,151,146,160,139,137,135,145,147,146,155,139,158,165,134,136,118,156,141,135,129,161,150,119,131,132,156,133,145,141,128,133,134,134,134,159,149,139,150,154,142,142,151,117,134,123,138,139,132,149,146,139,141,126,149,157,124,149,161,133,138,146,137,144,144,154,137,138,133,148,149,148,141,150,142,143,134,148,115,146,148,148,137,128,142,128,130,137,139,146,134,133,141,146,142,139,125,120,119,135,119,134,143,141,130,144,115,138,124,122,148,159,148,147,119,144,142,141,131,138,141,151,144,144,152,128,137,123,128,133,128,137,127,138,136,131,133,124,139,126,124,123,120,132,142,127,126,135,115,131,134,133,136,120,130,135,136,121,130,124,133,133,135,137,138,132,128,128,127,125,129,133,128
131,116,115,117,116,112,110,111,112,113,111,113,118,115,113,113,120,120,131,122,129,131,117,127,137,142,138,135,111,117,123,138,134,139,141,136,141,141,141,124,138,141,113,115,115,143,141,134,121,123,139,118,144,141,147,138,121,115,117,145,147,143,131,142,125,130,152,133,135,128,121,115,120,141,145,136,121,129,139,142,135,144,141,130,117,116,116,146,141,139,133,121,130,141,137,139,139,134,112,117,113,138,136,145,135,139,141,125,147,133,134,139,115,118,117,129,137,131,139,128,142,134,135,148,132,143,120,115,115,142,137,133,133,131,141,142,134,136,128,139,112,120,116,134,129,128,122,132,138,129,134,127,131,128,113,117,116,129,135,128,135,137,142,123,131,131,132,108,115,116,115,119,139,117,119,130,121,124,116,115,115,102,115,118,112,112,112,113,116,116,113,117,117,122,119,110,118
144,126,121,137,131,139,136,139,138,139,137,137,141,141,138,121,139,141,146,141,139,141,146,152,134,137,139,144,141,130,127,145,137,141,148,138,148,145,139,152,128,145,144,129,135,147,147,125,152,145,136,147,143,145,141,144,144,134,137,139,138,143,150,146,146,150,137,123,155,147,145,133,139,145,142,152,147,122,138,146,127,145,146,137,143,134,137,137,137,139,141,144,146,139,139,139,137,138,141,134,137,141,125,139,141,146,139,145,138,148,148,139,144,131,139,143,146,148,135,150,133,129,131,143,136,141,142,128,143,145,130,142,134,123,137,139,139,143,132,139,142,134,126,143,146,133,132,134,138,139,127,135,142,143,129,134,118,135,137,141,139,131,131,142,133,123,125,137,139,138,136,143,131,147,146,142,139,133,130,131,137,126,139,123,136,137,127,128,135,137,139,139,139,146,137,133,128
91,100,100,97,105,113,113,111,110,112,113,111,112,104,100,102,108,103,108,104,103,102,115,112,103,106,103,104,104,97,102,103,105,103,110,106,104,106,103,110,121,103,107,96,107,108,103,123,103,113,106,105,107,103,100,102,108,100,108,104,105,104,107,109,102,102,104,123,100,102,115,99,111,106,105,106,109,113,111,110,117,105,105,100,113,97,109,107,106,106,105,108,106,107,106,104,102,107,107,95,108,107,122,104,104,103,102,111,104,106,105,99,111,97,108,107,107,99,99,104,102,115,116,99,115,106,110,99,108,102,120,103,116,124,102,103,102,102,102,106,108,97,102,104,106,106,103,104,104,105,98,97,95,100,98,98,100,102,102,109,99,99,102,109,96,125,124,100,111,108,111,109,120,108,115,109,113,108,108,111,107,102,110,95,112,106,110,111,111,106,102,104,96,103,94,109,97
144,115,115,116,106,111,109,110,110,115,111,110,112,119,94,131,115,132,131,132,119,137,118,118,134,127,124,137,113,120,133,149,142,137,137,132,127,136,150,124,130,134,115,121,121,133,139,130,118,123,141,125,133,136,123,133,110,123,115,135,124,131,139,137,125,130,135,131,118,130,120,120,117,139,125,131,123,135,129,126,133,121,120,139,116,119,116,129,126,123,136,117,122,129,124,124,123,119,112,124,116,130,131,128,131,120,122,117,119,112,116,123,113,122,116,123,112,124,132,112,126,127,125,127,124,117,116,124,117,130,127,133,127,131,120,122,123,120,115,128,113,126,125,132,121,135,135,130,120,121,125,121,119,131,128,124,128,129,123,113,122,131,134,117,126,131,132,124,116,110,112,121,131,122,119,126,119,121,116,108,103,119,115,119,115,125,115,110,110,107,107,110,107,110,111,113,112
126,126,125,123,125,126,127,127,126,126,125,125,126,128,128,129,128,133,128,131,128,127,129,131,131,130,131,137,129,127,131,134,134,133,134,131,132,132,133,132,119,133,127,125,130,131,136,119,130,129,135,134,130,135,133,133,132,128,130,134,132,132,129,128,132,134,128,120,139,134,127,128,129,136,131,136,129,123,135,130,120,132,132,132,127,127,130,134,131,131,134,131,132,129,130,129,129,130,125,132,130,129,120,130,133,132,135,133,132,136,135,134,125,130,128,135,137,138,137,133,135,121,122,136,125,132,127,128,128,130,118,132,122,123,136,133,131,128,133,129,128,128,133,131,133,128,130,129,127,132,130,132,131,132,131,131,128,127,133,129,131,133,132,132,133,123,122,132,130,129,128,130,120,128,128,132,128,128,132,129,129,134,132,122,128,129,131,130,129,128,129,128,127,126,129,132,129
129,112,110,120,121,119,120,120,121,121,122,121,119,119,121,112,116,118,116,113,119,112,124,118,110,116,110,111,123,120,116,111,115,116,118,116,116,118,118,129,111,116,121,122,119,116,122,106,133,122,117,126,117,118,118,113,124,124,118,115,117,118,119,118,125,127,121,106,123,122,121,121,119,119,119,131,127,115,122,121,115,124,121,123,121,122,119,115,120,118,115,120,128,126,118,115,116,117,122,121,117,115,106,116,115,115,117,124,115,120,118,115,121,121,117,122,117,124,116,121,125,118,116,123,119,112,123,119,118,120,109,116,118,107,122,115,113,112,111,113,119,119,115,112,120,115,116,116,116,123,117,120,120,121,125,123,115,117,118,122,116,120,122,127,122,107,106,115,121,120,119,121,113,131,125,123,123,115,121,123,126,117,118,118,119,123,119,123,124,122,122,122,120,123,124,120,119
121,128,152,133,133,126,129,128,127,123,125,125,121,121,128,139,129,126,133,130,132,127,130,129,130,124,136,125,123,131,139,138,127,136,146,136,133,145,139,134,129,139,124,131,131,139,138,124,129,124,126,134,147,145,143,151,130,131,126,133,141,139,139,145,136,141,146,125,132,139,128,129,130,144,151,137,130,123,131,131,128,135,139,139,128,131,130,132,134,130,129,129,132,139,131,141,150,145,124,127,129,130,131,133,142,131,124,129,133,133,135,147,130,125,126,132,130,131,142,137,131,122,127,145,124,133,129,125,127,146,133,132,126,128,121,123,127,143,142,128,127,123,119,139,128,142,144,131,128,129,123,125,128,136,124,116,115,126,126,128,131,139,138,126,129,129,130,130,131,121,125,125,125,127,131,126,124,120,127,124,127,129,130,136,132,135,122,121,126,132,135,135,128,127,134,127,137
124,129,147,121,121,138,130,127,124,127,132,123,122,139,119,132,142,137,151,147,124,136,133,138,134,135,136,135,115,109,142,125,130,139,142,146,139,136,143,137,115,135,117,115,131,142,137,119,130,126,142,130,136,141,130,126,122,112,130,128,139,135,126,135,121,135,136,118,129,122,130,115,132,137,142,139,130,119,134,142,115,149,154,146,125,115,125,139,146,152,139,135,132,146,150,151,151,150,123,110,126,151,115,143,145,152,139,130,147,132,145,134,123,111,124,137,136,130,121,123,128,119,116,128,124,159,120,110,132,142,116,128,124,124,139,156,134,152,147,148,119,108,127,143,133,146,144,152,146,127,135,123,129,122,109,115,124,133,132,127,132,123,121,126,126,127,122,123,126,118,129,129,121,130,130,129,127,123,128,119,115,110,125,99,131,127,133,125,120,117,111,112,104,111,102,122,109
146,146,152,122,126,142,137,137,137,142,139,139,136,148,118,138,141,148,147,141,120,143,137,131,135,143,146,143,131,116,148,148,133,131,125,141,129,132,130,132,142,142,133,126,136,130,126,135,127,139,111,126,113,130,139,145,135,122,137,141,129,125,116,115,136,144,124,137,141,144,139,126,138,136,147,139,138,132,124,131,137,139,134,127,132,123,136,139,125,124,120,128,127,119,121,121,124,115,131,127,135,129,126,132,123,116,122,129,116,143,135,152,137,122,133,133,130,139,155,137,138,137,144,145,130,132,134,123,138,150,138,132,137,130,128,119,123,117,121,131,128,122,133,122,125,107,106,102,120,117,125,133,146,148,134,120,135,139,138,130,127,139,126,132,139,131,133,128,141,132,135,139,144,139,136,135,132,130,136,136,128,120,130,134,136,138,136,136,136,137,131,133,137,144,138,116,121
131,139,136,146,141,131,133,133,132,128,130,133,123,123,136,142,136,122,112,118,118,112,126,118,118,115,106,121,137,142,128,124,132,125,122,133,121,128,123,126,125,115,138,143,126,115,118,123,119,128,127,136,119,131,120,124,138,146,126,117,119,123,120,127,134,136,123,119,107,132,132,141,127,121,115,122,125,115,121,117,122,116,116,108,131,145,127,112,120,121,127,124,124,117,113,117,112,127,135,143,126,109,120,125,125,122,125,139,125,135,118,121,136,141,128,134,128,133,134,127,122,124,115,127,118,106,142,141,124,127,115,113,117,121,121,117,131,126,115,123,138,139,129,125,133,121,110,131,126,122,127,128,123,145,143,134,142,130,137,129,137,139,137,131,128,120,120,129,134,130,133,127,117,127,133,131,122,121,125,128,128,139,130,132,129,137,130,133,132,131,130,127,133,128,129,141,129
131,111,117,115,113,116,115,118,117,119,119,117,111,126,100,127,116,127,131,135,123,136,113,115,127,132,128,131,109,116,134,139,131,135,121,128,136,134,117,111,122,129,109,120,122,136,136,122,115,109,125,120,139,138,130,144,103,117,120,138,137,130,143,137,123,119,136,123,126,125,115,113,119,123,126,121,118,125,133,134,127,136,137,127,111,116,124,134,135,133,123,115,123,135,135,135,137,137,112,110,125,132,124,128,136,134,138,115,122,118,121,135,109,117,121,115,117,121,139,116,127,125,127,119,120,131,112,122,122,125,122,130,128,122,130,138,135,133,123,141,111,118,130,146,134,136,137,135,142,130,139,119,120,127,104,115,133,132,126,111,123,130,134,116,128,121,122,119,111,110,115,117,127,115,111,118,108,117,118,112,107,123,112,119,116,115,118,115,110,108,112,109,115,108,115,125,118
124,143,148,130,130,137,138,136,139,141,143,134,125,155,135,152,152,168,168,167,152,158,141,139,135,155,152,145,135,132,167,138,136,150,141,133,150,129,135,141,128,154,133,129,148,152,152,128,132,129,135,121,149,148,145,128,132,127,145,138,152,147,143,141,127,131,145,130,146,130,139,127,141,141,145,137,134,128,144,150,126,150,151,166,136,127,142,150,149,149,144,128,139,152,152,149,149,149,137,128,142,159,127,156,156,155,144,129,158,136,151,142,137,129,141,134,145,144,150,137,136,127,130,152,122,152,133,128,147,147,131,144,122,131,139,146,149,150,144,142,137,125,150,146,125,144,149,145,142,139,142,149,152,133,125,131,145,158,146,139,152,127,133,138,141,132,132,141,139,131,137,143,128,135,139,141,137,125,142,135,130,132,137,130,134,136,142,135,134,131,133,133,126,124,125,133,129
126,120,111,119,122,123,122,120,122,120,121,121,111,119,124,118,121,127,129,125,125,129,128,133,129,126,126,127,119,129,118,132,133,132,134,129,136,134,125,127,113,135,121,130,122,129,138,112,133,122,133,132,133,129,131,129,117,129,121,127,136,131,129,126,129,134,134,112,132,122,119,128,119,128,131,132,127,109,139,136,111,141,139,122,118,124,120,126,126,130,122,126,135,137,131,128,123,121,118,123,117,123,110,127,129,131,132,133,134,134,128,127,116,125,120,129,135,135,139,136,136,115,115,127,110,124,118,126,118,119,113,135,108,115,135,127,128,124,115,120,119,124,115,123,128,123,118,123,128,131,128,130,131,125,124,122,111,120,129,127,129,134,132,127,132,112,111,111,119,121,122,120,111,125,123,121,120,109,118,117,120,137,129,127,130,126,122,120,122,122,122,126,129,123,126,137,125
125,132,136,152,146,137,136,135,135,136,133,135,154,125,139,131,135,123,136,136,136,133,130,137,128,131,124,123,138,143,129,133,136,134,138,123,136,139,139,135,156,128,138,132,130,128,131,154,133,144,133,134,139,139,134,133,139,138,132,121,128,127,134,132,130,127,137,155,138,130,132,136,133,116,124,130,132,158,138,138,157,135,135,123,134,134,133,134,134,136,150,146,146,134,138,144,145,139,135,134,133,131,155,133,136,139,131,133,132,132,125,123,135,133,133,124,128,129,124,129,127,152,152,128,151,132,135,131,132,116,152,136,159,154,139,137,135,129,135,134,136,133,127,139,142,143,143,146,137,136,129,132,127,119,135,134,133,124,129,133,125,123,126,128,122,149,149,125,129,136,137,127,154,130,127,128,138,152,133,135,139,125,133,139,133,124,131,132,136,138,142,139,147,150,141,131,136
132,147,126,131,132,137,138,135,135,134,133,138,141,130,150,127,133,122,110,113,128,124,137,128,129,121,119,128,149,139,124,129,121,120,129,134,125,129,134,136,138,119,148,144,132,123,115,132,132,137,107,136,108,120,121,112,143,144,135,119,95,124,132,116,148,147,122,134,125,132,139,142,138,133,120,131,141,138,134,130,136,126,132,115,146,142,139,125,108,109,119,142,131,119,119,119,122,111,146,142,139,113,139,119,109,110,127,139,118,138,119,120,142,136,139,134,122,134,132,145,146,145,145,121,135,115,143,139,139,131,141,123,137,130,129,120,122,121,131,109,146,135,137,127,129,135,132,115,116,128,122,124,120,136,132,128,137,115,124,133,123,137,139,139,132,127,132,133,137,137,145,139,139,144,138,133,137,135,133,136,134,132,143,126,142,148,139,142,139,134,130,133,129,127,126,142,117
124,123,129,112,111,112,112,112,111,115,113,115,115,119,119,125,119,123,122,121,120,129,115,118,131,133,127,124,115,113,121,124,127,130,128,132,129,129,128,116,123,123,116,117,117,122,122,129,112,112,129,117,133,130,132,130,115,115,115,126,131,139,139,129,123,130,139,129,122,113,115,115,115,125,126,122,118,118,129,127,120,127,126,131,116,116,115,127,124,124,117,109,116,124,128,127,130,130,115,121,115,127,127,127,129,129,130,112,130,119,119,124,115,122,116,117,123,128,138,119,131,120,117,127,119,130,116,119,118,126,125,127,125,131,129,131,131,131,126,125,115,120,120,132,122,135,135,129,127,123,128,117,122,113,118,121,124,121,118,115,126,122,120,116,122,131,130,111,115,112,113,113,122,115,116,116,116,115,115,115,112,118,113,126,117,112,116,113,115,116,122,123,129,120,133,117,121
136,123,120,120,117,111,112,113,111,110,111,115,117,122,122,144,120,117,125,128,115,120,107,112,122,128,124,125,122,131,126,123,121,125,122,122,126,120,125,119,122,126,122,133,121,128,125,126,110,109,125,110,126,134,124,120,119,129,118,121,129,127,134,129,115,124,131,125,120,115,111,131,118,125,124,126,112,118,121,135,119,128,132,130,117,135,120,132,137,133,135,111,116,122,131,134,135,139,126,131,119,130,128,132,129,130,128,111,125,110,117,126,118,136,119,118,117,115,121,111,112,116,119,126,119,127,118,137,119,122,123,121,117,129,116,125,119,128,116,128,125,139,122,137,117,132,126,129,137,117,123,124,115,126,138,139,124,119,117,113,116,119,116,115,119,130,128,125,120,115,110,117,126,118,116,115,115,125,119,117,119,118,115,119,115,113,119,117,115,113,113,115,121,122,125,117,122
126,118,115,116,124,137,134,132,134,134,139,133,135,126,113,107,116,127,139,133,128,130,139,141,135,126,124,119,121,113,120,116,127,126,131,119,115,125,133,132,119,117,123,111,129,122,120,121,125,134,141,139,125,126,134,136,129,115,127,129,133,135,127,122,138,132,128,123,133,136,137,120,134,131,130,134,144,127,128,128,128,126,128,121,136,121,130,123,125,129,130,132,132,136,127,127,131,123,126,121,128,127,121,137,128,132,128,139,132,139,144,130,133,120,134,142,139,144,141,137,139,128,131,135,131,129,129,115,133,137,126,124,124,123,138,124,119,124,143,137,131,118,130,126,134,120,127,146,137,141,139,141,147,148,131,127,107,147,145,144,135,136,128,141,145,121,122,146,139,125,136,150,138,133,139,139,137,139,138,136,132,149,138,136,141,146,130,134,134,138,136,132,126,129,122,142,118
148,136,139,142,141,139,137,139,142,139,141,139,132,143,128,139,142,139,139,142,139,144,131,125,133,144,130,129,131,132,151,131,127,135,141,137,132,128,138,135,127,130,132,132,141,130,132,124,136,130,130,125,135,138,135,127,129,128,142,125,125,136,139,132,126,124,125,122,134,127,132,127,139,128,126,131,132,127,134,126,125,126,127,125,130,128,139,129,126,136,139,136,134,133,133,127,129,133,131,131,142,127,125,126,133,131,127,128,125,131,130,125,133,128,139,128,124,134,143,136,130,128,127,130,123,119,135,129,136,123,121,134,129,129,130,136,130,123,121,123,134,129,141,129,134,136,135,128,129,124,132,121,112,132,137,127,150,126,130,125,120,134,129,124,129,129,125,123,132,133,130,129,121,130,127,127,124,121,130,127,128,122,127,143,123,123,130,129,128,131,141,141,150,135,152,123,147
124,120,136,120,115,123,119,118,121,122,121,119,116,134,119,132,137,146,148,147,149,144,124,132,137,143,138,134,119,120,141,133,142,144,136,127,145,139,137,129,131,145,119,116,133,148,147,132,119,126,130,124,152,150,141,135,115,115,132,134,139,131,119,137,125,130,136,130,158,135,118,113,131,128,144,134,125,121,126,138,125,147,149,142,115,106,130,138,137,133,130,127,122,139,144,142,147,143,111,109,131,142,128,139,145,143,130,122,139,132,139,143,115,109,130,122,135,139,136,137,137,117,131,135,122,138,115,111,131,130,129,144,127,129,138,141,144,150,147,135,111,110,132,139,131,144,134,129,129,115,132,134,143,121,108,105,135,131,129,126,130,115,109,121,132,129,128,138,126,115,128,132,128,125,127,127,125,120,125,123,123,121,124,118,123,125,123,127,120,115,107,116,115,117,115,121,109
125,134,139,135,131,134,132,134,134,134,133,135,130,131,131,139,137,130,127,131,131,127,137,135,142,136,131,137,134,133,139,134,139,135,136,139,135,139,142,131,129,136,133,132,135,133,131,134,130,130,136,133,135,134,139,142,137,130,133,137,133,137,135,132,139,138,139,135,137,134,136,131,135,136,138,139,138,128,133,132,127,134,133,136,135,133,137,135,131,134,132,132,133,129,139,138,139,137,135,132,138,138,132,135,135,136,141,134,135,136,137,139,139,136,138,135,137,139,139,136,139,127,127,134,126,143,139,137,135,136,132,136,127,136,141,139,137,137,139,143,138,139,142,135,137,139,142,139,141,143,139,137,138,139,141,136,145,139,135,133,139,138,139,135,142,137,137,135,137,138,136,134,130,133,135,133,131,132,137,135,134,138,135,133,132,134,133,135,134,134,136,136,134,131,136,131,131
115,131,134,135,131,123,124,124,123,125,123,122,115,128,125,126,121,132,134,135,122,128,124,121,130,128,131,126,120,134,133,125,123,126,126,121,130,119,131,125,126,130,121,130,130,138,134,127,119,117,129,119,131,130,125,117,123,130,126,133,128,136,138,130,123,122,122,125,125,122,123,132,123,131,128,125,119,119,129,135,122,129,129,136,120,130,121,132,134,135,131,122,124,138,133,130,129,131,121,127,120,138,128,134,134,135,124,119,129,126,127,124,120,123,120,121,123,121,124,123,123,121,123,125,116,127,123,126,122,127,128,121,115,126,123,128,134,133,124,128,122,131,123,134,126,126,125,124,123,117,122,122,124,121,123,132,122,124,123,123,124,119,118,121,120,125,127,126,124,127,123,125,128,116,122,124,126,121,123,124,124,120,122,125,121,123,126,126,125,128,132,134,134,126,135,115,127
133,138,136,134,135,137,137,139,138,139,137,138,142,139,139,139,139,141,132,128,132,128,139,133,139,136,138,139,137,143,137,136,139,137,138,139,136,139,138,144,151,136,137,139,137,138,136,148,143,144,139,136,135,139,144,137,139,139,138,137,136,144,145,147,137,141,136,151,138,138,138,138,139,138,136,142,143,147,145,139,148,142,138,136,138,133,142,135,138,139,150,141,137,139,139,139,141,135,137,133,141,137,148,139,145,134,143,138,135,146,144,139,138,130,139,138,142,147,152,143,139,152,150,145,146,137,136,132,141,139,150,142,147,150,145,141,148,148,139,143,135,132,145,142,141,148,156,146,142,147,149,148,145,139,131,130,143,141,142,143,148,135,137,139,137,150,148,144,145,141,138,139,150,138,139,139,142,143,143,142,142,142,142,144,138,137,144,143,141,143,141,138,137,144,139,138,142
135,129,137,134,133,131,129,129,131,130,128,129,121,128,130,128,127,135,138,136,133,137,127,129,130,136,141,145,131,129,121,128,129,134,134,128,128,126,130,127,129,135,130,123,121,125,123,115,129,117,120,120,119,124,128,131,129,122,120,120,118,122,116,118,122,120,123,125,126,137,128,128,122,129,127,124,120,121,131,131,123,135,136,130,129,130,122,126,127,130,125,131,132,130,129,127,133,136,131,128,119,128,117,130,129,129,129,131,129,133,135,136,127,124,121,120,124,125,115,124,124,118,123,129,123,132,126,119,121,122,118,122,117,117,128,127,128,131,123,130,127,124,118,118,120,129,127,123,135,132,131,133,135,130,129,129,115,138,133,133,139,133,137,133,133,122,125,132,127,128,124,126,122,126,126,129,126,121,123,124,129,124,131,125,121,120,121,121,125,126,133,135,137,131,139,133,137
130,151,143,146,138,143,146,145,147,148,145,146,141,150,141,141,147,139,124,124,127,123,134,128,132,133,124,127,144,139,138,144,137,127,126,127,127,135,142,136,115,124,145,142,139,139,132,112,128,143,131,142,127,131,125,131,142,138,139,139,136,139,139,132,139,141,144,119,129,136,142,133,135,141,136,142,147,118,123,127,119,122,128,120,139,129,138,124,126,125,125,130,138,118,116,122,119,124,146,127,143,122,115,126,118,128,135,142,122,142,129,138,145,130,141,139,134,136,133,136,139,119,120,142,121,129,139,129,141,124,115,126,122,118,130,116,118,121,117,116,141,126,139,119,127,116,110,125,120,127,131,139,135,134,130,120,132,130,139,139,133,149,147,145,148,121,117,141,143,135,135,145,119,136,142,148,143,138,139,137,135,133,141,119,137,135,139,143,139,131,129,133,129,129,117,130,126
135,136,136,138,136,135,133,135,133,133,134,134,139,134,133,136,135,135,134,135,142,139,130,137,139,141,138,137,133,141,134,139,134,133,136,139,130,132,138,133,142,134,134,139,131,130,129,143,137,134,130,132,135,134,135,139,133,137,131,137,134,134,129,130,135,136,137,143,134,141,134,136,132,135,135,136,130,144,137,135,148,132,135,139,133,138,129,138,134,132,133,134,133,131,136,133,132,133,131,137,131,136,144,138,136,137,141,133,139,138,138,139,132,136,130,138,137,137,136,136,139,144,144,137,144,136,131,139,133,139,142,139,147,139,139,136,139,136,139,141,132,137,130,135,136,133,133,138,138,144,142,141,142,137,139,136,129,144,139,137,146,141,139,137,139,139,139,139,130,135,131,134,145,135,135,136,136,136,132,130,136,136,136,137,135,132,131,127,132,136,134,134,138,139,138,136,142
132,126,138,103,110,115,116,115,117,113,118,115,125,127,111,123,122,126,142,132,132,130,121,135,128,134,135,143,118,109,123,131,137,137,128,134,132,121,128,129,141,138,116,111,117,133,136,139,124,122,125,112,129,128,124,134,121,110,115,139,139,134,127,135,117,124,128,141,128,120,116,109,118,138,138,122,120,139,133,142,139,134,137,126,112,111,115,131,138,138,134,126,126,136,132,133,135,141,113,110,116,137,137,130,130,133,132,122,138,121,126,136,112,111,116,126,131,125,124,116,117,135,134,123,138,133,110,109,117,130,138,124,131,139,121,127,121,126,116,124,109,106,111,119,118,121,120,118,123,118,117,116,121,122,112,112,111,127,122,119,116,119,119,116,119,141,139,118,115,113,110,123,139,126,122,123,123,129,115,115,118,116,115,115,116,111,110,111,115,113,117,118,121,131,128,115,117
128,120,123,128,122,112,115,117,118,117,119,119,126,111,134,130,117,106,103,102,113,112,111,103,117,115,112,104,121,142,123,102,99,109,103,115,107,103,121,117,125,103,123,146,127,100,106,125,132,128,100,118,109,108,124,121,135,138,131,107,106,113,109,94,125,121,115,121,113,119,126,139,128,113,107,115,123,131,102,103,128,105,108,113,132,147,128,102,95,91,89,118,109,90,97,102,108,102,129,143,128,102,122,109,106,109,122,120,111,117,115,107,126,142,125,119,115,123,115,120,120,137,130,119,135,108,130,145,132,118,123,119,132,124,112,115,120,106,138,126,129,139,128,113,122,111,117,109,112,117,128,133,120,138,139,133,129,127,126,128,135,122,127,126,121,123,120,131,118,127,129,127,131,119,120,122,132,119,110,112,116,115,106,118,124,119,107,115,118,116,118,121,130,130,129,112,116
128,131,131,142,138,127,129,130,129,127,127,129,130,128,136,137,128,128,129,127,123,132,127,125,129,122,131,128,133,142,121,132,132,123,127,131,124,131,134,129,132,129,129,141,124,128,128,132,132,130,129,129,127,126,128,138,133,141,126,128,129,129,132,131,133,135,134,133,129,138,130,141,124,124,131,129,132,131,127,128,135,125,128,128,134,141,126,123,127,128,130,130,130,129,132,127,131,126,135,143,127,132,132,124,124,126,121,127,128,129,130,137,135,149,130,129,126,129,133,128,134,133,130,134,132,132,137,150,126,128,132,128,131,134,128,126,133,127,138,130,138,149,125,131,134,133,130,133,127,129,138,131,135,132,144,145,125,130,130,127,129,139,137,130,136,134,133,125,129,139,126,128,135,127,128,130,130,131,128,129,130,120,129,147,127,123,127,130,132,135,139,136,138,137,135,126,143
123,125,133,127,128,115,118,115,115,116,117,115,116,111,128,128,116,113,117,110,110,120,105,109,126,117,121,125,121,137,115,131,128,121,115,138,119,129,125,102,120,115,124,129,120,125,116,115,115,110,117,109,122,115,121,121,118,123,111,130,116,112,113,121,111,121,124,116,105,116,110,122,112,123,115,106,105,122,122,118,120,124,124,96,117,122,113,112,111,109,102,108,102,112,118,119,121,116,123,119,115,109,122,117,123,125,127,108,117,112,95,116,117,124,119,115,115,116,135,116,125,121,117,116,111,115,116,125,109,124,120,110,118,119,113,125,110,119,111,128,117,122,111,123,112,123,126,119,130,118,115,93,108,115,123,123,108,115,113,105,110,121,118,105,113,115,115,98,115,110,108,109,121,106,106,112,104,115,113,113,115,102,115,126,120,115,113,115,115,116,117,120,123,115,115,103,132
120,154,131,147,154,162,159,155,157,156,156,157,150,152,145,133,159,143,129,130,148,139,159,146,147,132,132,130,152,141,137,126,126,123,139,125,115,118,124,158,128,120,157,139,149,108,107,128,147,164,116,157,121,111,131,129,159,146,152,113,116,110,104,108,148,137,115,127,152,157,160,139,156,116,122,138,157,136,104,102,123,108,112,122,156,135,152,118,102,100,116,156,132,118,102,111,110,102,152,136,150,108,128,105,110,108,109,157,109,147,137,120,155,132,152,152,145,137,123,160,126,126,128,115,132,104,154,127,155,128,129,145,135,127,120,116,115,115,122,104,150,128,139,110,139,107,110,105,105,135,118,147,123,147,139,129,127,126,136,158,132,139,135,158,139,127,129,135,154,155,155,154,126,165,161,156,166,145,142,144,147,130,159,129,157,163,148,146,151,146,143,146,136,154,139,149,139
130,116,105,129,139,135,135,135,133,129,128,133,133,118,125,124,123,117,129,125,139,129,142,148,115,130,136,120,123,127,116,124,121,130,139,133,135,131,123,141,128,127,123,124,125,141,130,124,149,144,137,142,139,137,129,129,129,129,135,144,145,130,130,141,139,143,135,123,139,133,132,130,137,138,142,145,145,131,138,134,122,137,124,124,135,122,135,135,133,137,129,137,146,142,137,134,122,131,128,129,135,147,126,145,133,142,145,147,149,147,141,139,130,125,136,150,150,149,145,149,151,130,133,135,127,129,133,124,138,132,129,144,129,125,137,130,138,135,126,139,129,120,130,139,149,132,123,132,142,145,145,143,146,130,127,125,129,136,148,149,141,135,126,139,136,131,128,121,127,142,145,131,126,134,135,136,138,125,127,127,125,128,129,121,129,131,130,131,134,130,126,123,108,123,107,129,121
110,103,102,121,109,109,109,110,109,111,110,109,124,118,107,115,110,129,128,125,112,117,115,120,120,120,130,136,116,123,120,129,127,121,123,123,115,115,125,112,123,139,117,121,111,120,118,126,115,113,126,122,109,119,131,132,113,116,117,139,116,137,122,120,117,127,113,128,106,124,115,115,116,135,116,110,113,118,130,124,118,117,136,119,112,118,110,120,120,123,106,115,116,135,125,115,123,118,117,115,112,128,132,121,123,116,124,116,113,120,103,118,113,116,112,125,117,108,99,115,119,120,120,127,126,126,112,118,115,118,123,110,123,130,115,123,116,118,118,132,115,115,116,119,106,118,134,128,132,122,116,109,116,131,118,117,116,119,118,112,109,128,124,118,115,132,129,118,113,123,121,112,129,118,112,113,118,113,116,115,115,126,117,124,111,111,117,115,113,112,115,116,118,113,110,117,113
127,118,122,123,123,122,119,122,120,120,119,117,120,111,113,129,115,128,135,132,124,128,124,134,137,129,128,139,118,128,133,139,138,144,128,138,141,136,127,123,133,138,120,124,129,137,132,132,123,129,133,130,130,131,141,145,124,122,125,132,132,132,121,126,129,137,139,136,135,131,122,123,124,130,141,131,130,135,129,133,134,133,133,132,119,126,124,143,131,133,129,119,120,125,123,122,130,131,117,127,122,136,130,130,129,132,139,130,137,119,128,143,120,127,123,131,127,125,139,121,139,134,136,131,132,142,123,129,119,134,130,124,131,130,131,134,132,126,127,145,121,127,127,130,130,123,122,132,137,135,136,131,131,142,123,131,126,135,133,125,138,147,139,126,135,131,131,138,122,124,126,125,134,125,122,127,122,125,118,119,122,134,128,129,121,125,115,115,118,120,117,117,121,126,124,130,131
102,125,126,123,126,129,127,126,126,129,129,125,127,134,122,126,130,134,135,136,134,136,130,133,128,134,133,134,121,119,132,128,133,133,135,135,129,131,132,134,130,130,122,120,131,127,128,129,133,132,127,130,125,131,128,131,125,121,129,127,127,130,131,129,129,132,129,130,130,130,126,122,129,128,127,134,130,129,133,130,132,134,132,126,124,122,129,121,126,129,124,129,132,127,126,128,123,124,123,121,130,125,132,127,127,124,127,130,127,133,127,124,124,125,130,129,131,136,132,129,132,131,130,130,131,127,123,123,130,123,133,130,134,128,133,127,126,122,125,129,124,123,132,127,131,124,126,129,127,128,129,131,127,131,120,123,130,126,131,130,130,129,128,128,131,127,127,129,129,124,130,129,134,127,127,129,128,133,131,130,126,124,129,124,128,127,129,130,129,129,126,125,123,124,120,125,131
118,123,132,122,128,120,123,123,124,123,122,122,115,113,132,117,107,116,122,115,115,112,122,122,115,113,130,118,122,115,107,111,127,129,139,135,134,130,133,122,120,128,117,117,108,139,135,124,124,118,130,127,139,132,138,127,118,115,108,121,144,133,128,143,123,127,132,122,115,124,118,113,115,131,135,125,118,113,138,145,117,141,138,127,118,117,113,128,146,149,138,129,143,152,150,152,154,145,122,115,115,141,128,151,147,148,134,123,149,120,126,137,123,120,115,117,128,120,125,115,121,115,117,146,118,137,116,123,117,129,126,123,115,124,128,137,135,136,130,138,121,126,115,133,128,137,133,141,137,124,127,120,136,119,128,122,118,118,128,122,121,124,126,118,115,124,126,123,117,117,117,121,124,112,117,115,115,110,116,119,122,126,116,116,126,121,112,118,119,120,121,120,127,116,124,113,123
122,117,123,117,117,118,119,117,119,119,120,121,130,118,111,123,116,127,134,129,128,125,123,135,129,129,130,128,119,123,126,121,125,127,129,118,132,123,117,122,129,131,118,121,122,128,127,125,119,124,131,123,131,130,125,131,115,119,122,124,134,123,115,126,115,115,130,127,125,127,119,119,119,125,130,123,117,128,119,128,127,129,121,134,119,121,116,129,131,131,125,126,127,129,127,129,129,131,116,122,118,130,125,137,127,133,127,126,139,123,130,136,118,124,120,122,130,126,129,122,130,130,130,131,129,136,118,119,117,130,127,129,129,123,127,130,129,129,129,132,116,119,119,113,128,123,121,126,129,125,131,127,134,119,115,119,120,133,134,128,135,128,131,126,127,124,125,121,117,119,116,121,130,127,126,126,126,127,120,117,112,109,118,122,117,122,119,118,120,119,119,122,121,121,122,117,120
128,139,137,118,129,133,131,129,130,135,138,134,139,131,131,122,130,141,123,115,125,118,133,124,120,127,122,120,121,118,139,119,116,118,130,119,118,122,137,139,138,119,120,109,138,117,120,129,135,143,115,131,112,118,131,121,125,115,131,115,125,120,116,111,137,134,117,130,130,137,133,115,133,131,129,137,132,139,119,108,137,115,113,117,126,107,128,113,113,115,119,137,127,117,115,111,110,106,115,111,123,106,131,119,113,115,111,134,116,139,131,121,121,104,125,139,136,138,117,142,139,138,135,137,135,113,117,99,124,123,131,125,134,127,133,120,116,107,118,112,115,105,113,103,120,104,107,107,113,121,116,128,121,127,112,109,109,119,133,139,123,133,137,137,130,126,126,126,132,129,135,136,138,139,138,137,138,130,133,133,135,138,137,133,136,136,133,133,135,132,132,133,129,142,136,135,139
124,109,108,109,111,116,118,118,117,115,115,118,110,113,119,104,111,105,108,112,106,112,108,104,111,113,115,117,130,118,111,122,110,108,119,117,104,133,108,112,116,115,127,125,111,115,122,117,124,117,124,125,109,122,112,126,120,128,115,119,109,115,133,135,122,128,125,118,106,121,116,129,108,117,108,112,122,115,109,124,117,122,111,102,115,132,112,102,107,115,98,104,109,116,112,106,105,102,127,133,110,108,115,110,108,106,112,115,104,108,110,112,117,124,115,116,109,115,126,120,124,121,119,112,115,116,117,130,115,109,117,115,116,118,115,118,113,112,115,122,124,127,112,108,115,93,102,102,115,119,111,109,128,129,124,126,121,113,123,119,123,135,145,128,123,118,122,127,115,120,116,117,125,120,120,120,116,113,117,122,121,129,120,129,124,113,122,122,117,120,121,123,131,124,127,124,123
130,137,139,132,121,118,116,117,120,116,115,121,124,128,134,150,124,115,110,108,117,133,109,121,149,134,142,148,139,143,119,130,136,131,129,144,131,137,136,119,126,137,134,143,117,120,121,119,122,116,124,118,119,115,136,147,123,139,119,127,127,122,122,125,124,124,129,121,124,133,116,137,115,128,120,119,115,120,122,118,122,118,118,99,121,139,120,112,109,106,104,119,122,106,115,111,110,107,129,142,122,105,115,99,97,106,123,118,107,116,110,124,124,142,119,119,119,106,124,113,118,118,119,119,120,119,131,144,115,116,116,100,125,120,108,115,115,111,98,119,129,144,127,102,112,104,92,106,110,111,124,115,106,121,128,143,134,106,117,117,120,126,127,121,121,119,117,112,124,130,118,113,120,117,115,120,115,115,108,116,119,97,121,131,111,107,108,115,118,118,124,124,127,123,133,116,136
128,122,116,130,132,128,125,128,128,128,127,122,118,134,125,125,130,142,133,137,126,126,125,122,108,129,118,121,124,131,139,116,115,116,115,103,122,111,105,121,132,126,124,128,133,120,125,128,116,120,106,108,117,115,110,112,125,127,129,109,115,110,106,104,109,104,102,126,119,119,123,128,125,103,119,112,115,131,118,124,133,119,119,124,127,130,127,121,119,129,123,122,120,130,125,128,131,134,128,133,130,129,130,122,124,119,115,117,122,116,123,118,127,133,132,110,116,116,110,115,111,127,125,113,135,127,131,131,130,120,126,119,132,124,125,125,122,131,131,122,130,133,138,125,119,130,128,115,122,115,119,123,129,121,131,138,144,133,126,120,124,116,112,117,117,125,125,131,132,133,131,131,127,117,121,121,122,127,129,126,129,127,132,129,123,129,133,127,126,132,129,132,132,133,127,125,132
138,116,125,120,113,99,96,96,95,93,97,100,105,117,109,152,118,135,139,139,121,129,105,111,134,117,127,113,106,123,131,121,127,127,125,129,131,131,109,105,132,126,102,126,111,130,126,133,115,102,123,100,136,127,127,124,102,116,108,108,127,128,126,131,103,107,132,133,108,102,95,115,104,115,118,106,98,131,121,127,128,132,138,143,102,128,107,117,130,127,110,109,109,139,139,139,144,139,105,120,107,142,135,132,138,129,117,97,128,103,115,129,98,130,103,104,113,108,106,105,109,120,124,115,131,129,102,132,106,119,129,118,125,130,120,128,120,135,134,133,108,136,119,136,109,137,129,123,121,111,123,112,124,109,118,131,126,121,107,107,116,99,98,102,107,127,130,119,103,111,109,103,135,105,99,106,100,105,94,92,94,122,104,125,100,109,102,97,95,94,102,102,118,112,119,106,112
164,117,120,118,112,115,110,111,113,118,120,119,125,127,129,117,119,120,127,134,133,130,120,118,120,130,131,124,134,133,125,128,128,126,128,134,127,131,120,119,123,129,131,130,119,120,134,130,120,116,122,119,135,133,128,127,131,127,120,115,126,131,128,135,111,111,125,128,129,121,118,130,120,113,130,118,116,123,124,130,120,134,127,144,129,136,120,121,126,125,123,122,124,126,134,128,127,129,131,139,120,130,131,129,129,136,124,116,125,105,123,132,126,142,118,105,115,112,115,112,117,123,121,110,122,127,132,139,125,113,122,126,125,133,123,127,126,132,131,115,133,143,125,138,120,129,137,129,126,120,131,125,126,115,133,139,127,126,118,115,120,115,118,118,116,133,131,127,119,131,120,120,124,117,116,116,117,116,112,115,116,121,126,129,119,133,111,110,113,117,120,121,125,115,124,128,126
130,115,104,126,123,130,128,128,124,130,127,130,141,115,144,89,108,96,105,98,110,116,134,126,120,100,98,106,130,116,89,104,106,93,105,115,93,102,109,127,137,91,129,113,115,97,89,127,126,143,102,135,107,100,97,116,139,118,122,110,103,116,134,106,137,138,102,133,111,126,132,122,122,117,102,124,139,130,106,107,128,97,102,89,130,123,123,86,88,97,96,131,124,110,97,93,92,80,126,125,120,91,131,104,94,94,98,134,97,136,117,105,130,111,122,128,125,120,116,139,127,132,138,124,135,96,130,107,120,112,134,109,126,123,102,80,97,90,105,96,126,111,102,78,113,76,83,104,91,123,111,112,116,131,121,120,100,104,121,129,110,122,120,133,130,123,126,110,124,138,133,122,136,136,137,133,130,131,116,123,124,125,133,111,135,130,118,120,126,127,125,132,124,139,125,134,119
155,132,130,141,132,124,125,124,124,123,124,126,123,109,141,127,115,111,106,112,108,119,122,110,119,115,112,118,135,139,112,110,115,115,110,115,110,123,115,123,122,112,131,139,115,117,115,122,132,124,117,125,112,113,113,106,139,137,116,112,103,116,127,117,126,119,111,122,112,118,127,136,117,111,107,117,129,117,110,111,118,113,117,109,131,139,115,99,112,117,115,123,116,107,115,113,115,115,133,141,113,109,122,105,111,109,116,119,105,113,106,105,129,139,118,111,103,108,122,124,115,122,120,104,116,108,132,139,117,96,121,103,115,129,107,112,102,107,111,102,131,139,107,111,109,112,112,105,108,115,107,118,105,117,134,139,113,102,99,117,107,118,119,123,115,128,127,116,125,129,123,113,118,133,126,116,121,117,118,121,123,127,125,144,128,127,117,120,126,133,135,134,138,136,139,127,139
132,127,125,118,113,111,109,111,113,110,109,111,121,123,126,131,127,122,109,108,102,107,112,109,109,105,107,115,119,126,127,128,116,105,91,102,104,120,104,107,133,121,126,128,126,118,111,131,105,116,104,110,103,110,99,102,122,131,116,111,97,81,102,99,111,106,96,130,110,113,115,131,117,108,105,96,109,124,97,98,132,103,97,113,119,134,121,111,98,99,86,105,92,102,99,98,103,110,122,134,116,110,131,104,107,100,104,108,100,106,96,100,119,138,117,108,97,100,117,108,113,133,133,97,134,105,120,139,118,115,130,99,133,129,94,105,105,103,106,119,122,139,118,113,116,100,110,98,110,102,104,104,110,120,150,138,122,102,106,109,108,112,109,115,103,127,129,123,132,119,117,118,131,109,111,109,120,132,120,119,119,116,113,118,118,122,119,119,119,120,111,115,116,119,112,104,115
137,129,146,119,117,118,121,119,119,117,121,124,128,108,128,125,113,111,109,118,119,111,116,115,112,122,110,106,118,124,108,107,96,115,115,106,117,104,106,115,135,111,117,129,112,110,109,135,122,121,120,117,122,112,113,102,122,121,113,105,119,121,115,115,103,102,118,133,105,104,113,118,112,103,108,115,116,135,127,120,130,123,119,121,115,120,109,104,121,129,133,124,119,125,124,125,123,119,115,120,111,126,137,132,138,128,127,119,139,118,126,106,115,117,110,113,122,117,121,126,122,131,137,119,137,119,115,113,109,109,134,125,136,131,112,118,120,128,115,95,111,115,109,108,102,127,129,125,117,115,119,129,108,110,112,116,108,117,109,121,118,113,117,113,110,131,134,105,112,113,112,115,131,128,117,117,126,115,108,108,116,119,117,136,116,111,108,108,113,115,122,120,124,121,131,115,132
118,103,109,125,125,118,121,120,121,122,123,121,122,122,104,109,116,124,132,130,122,126,121,122,126,131,122,125,112,120,125,126,120,120,122,112,122,119,123,117,124,127,112,115,123,130,124,121,102,119,123,113,123,127,122,120,113,118,118,125,130,127,117,122,122,121,123,124,117,119,119,116,119,123,117,109,120,126,113,120,126,115,119,123,118,123,120,128,126,128,117,104,107,122,120,124,127,133,118,123,120,131,126,124,122,119,112,115,122,109,120,117,119,123,118,113,117,110,116,109,112,122,125,119,127,127,119,120,118,120,127,110,128,120,111,116,122,127,122,125,117,122,124,129,121,123,128,124,122,111,122,117,120,107,111,121,125,130,120,120,118,113,109,115,111,119,120,117,118,121,118,120,125,119,116,116,119,126,123,118,116,111,117,109,112,120,123,122,120,117,113,115,113,112,111,109,111
130,124,125,113,118,120,121,119,118,116,120,122,130,120,124,130,127,108,113,107,125,122,127,134,137,125,131,125,120,121,117,128,123,121,128,136,124,138,120,133,129,118,121,119,119,115,117,126,145,139,129,139,122,116,122,134,125,117,122,124,120,124,129,126,133,137,126,124,134,134,127,117,123,129,131,141,141,142,139,134,132,133,128,121,123,111,123,119,120,121,125,139,143,133,118,115,108,109,119,111,120,116,124,115,125,120,129,135,124,137,117,118,120,109,120,126,127,134,127,139,138,135,137,119,133,107,120,112,117,115,128,124,141,121,126,123,118,118,110,117,120,104,115,110,134,108,100,112,120,119,121,112,115,132,115,103,117,107,112,124,115,125,136,127,120,119,123,128,121,122,125,125,125,134,129,115,131,128,116,117,117,120,124,112,128,136,126,121,121,116,108,112,113,130,110,122,105
117,103,105,111,107,111,109,110,111,111,115,111,123,119,110,120,113,119,134,129,124,129,121,124,135,139,144,138,117,121,131,137,133,139,133,128,137,136,139,125,133,143,119,124,118,148,136,130,117,116,142,119,134,139,144,143,121,121,113,152,137,137,141,138,122,129,133,132,136,128,118,118,117,141,138,126,115,125,134,139,134,146,137,144,119,116,115,139,129,132,139,127,130,145,138,135,133,124,111,119,115,141,134,136,138,130,130,118,132,123,133,138,116,123,115,122,133,131,149,122,130,126,135,146,129,132,116,125,118,133,132,131,131,129,133,130,132,126,130,147,113,121,119,136,124,128,133,126,133,121,131,124,131,125,120,117,119,132,127,119,133,130,124,118,127,128,127,123,112,115,119,115,133,117,118,122,119,123,119,117,119,118,113,118,111,120,115,116,116,117,115,115,113,113,112,112,118
117,119,113,144,141,132,134,135,133,128,131,136,129,128,131,115,116,116,129,121,128,137,133,137,138,139,139,147,124,127,115,148,144,143,138,139,148,147,141,137,122,145,130,131,123,144,146,120,138,137,139,127,142,139,144,139,139,129,127,151,143,150,146,145,135,138,156,121,144,134,134,129,128,148,148,142,135,124,144,145,129,141,138,131,133,123,127,151,143,139,137,131,139,133,141,138,138,138,129,119,128,137,116,132,134,143,142,132,142,137,130,139,133,123,129,138,139,138,146,138,139,134,136,138,132,142,137,121,123,138,124,135,132,122,144,145,137,138,125,143,129,118,124,142,138,136,129,139,142,131,137,128,137,136,129,122,128,134,133,132,136,136,145,133,138,121,117,130,132,129,132,127,124,136,132,134,128,118,125,132,136,126,130,128,128,131,126,136,138,139,139,141,129,130,129,137,129
109,130,133,124,123,123,124,123,122,122,124,121,111,126,124,133,124,128,128,128,124,128,124,127,133,134,132,134,122,129,127,132,132,131,134,136,132,133,134,127,109,131,121,128,126,130,131,115,127,116,130,126,131,133,132,136,121,125,125,134,131,133,133,133,132,134,131,116,130,126,125,124,124,132,128,129,127,108,131,129,106,129,133,124,126,125,125,128,129,128,127,118,125,127,129,130,130,128,124,125,126,127,112,130,131,129,132,124,127,126,128,130,125,126,126,126,126,127,126,126,127,108,106,129,106,129,127,128,125,129,112,126,109,119,129,130,129,128,125,126,126,127,128,126,126,130,127,131,130,127,131,124,127,126,125,127,130,127,129,122,126,131,129,125,130,120,117,125,125,125,123,122,110,119,124,126,118,112,123,123,121,122,125,122,122,120,121,123,124,121,121,122,126,116,122,124,125
118,136,129,135,133,134,135,135,134,133,136,133,132,138,133,131,130,133,134,139,138,136,134,136,139,132,138,136,127,134,131,132,131,137,124,129,138,131,128,137,119,134,131,139,142,136,137,120,134,133,139,139,137,134,132,131,134,139,139,128,132,132,131,132,130,138,126,120,133,131,132,143,138,132,135,137,127,122,119,128,118,127,121,139,132,139,141,127,139,139,142,132,131,122,133,138,138,134,136,136,142,131,118,138,137,130,129,138,131,134,141,125,133,137,142,132,137,134,135,136,126,121,125,130,120,126,131,136,145,133,117,136,115,122,127,131,137,134,136,127,134,131,143,134,127,126,139,126,134,139,133,147,134,138,138,131,139,139,143,142,138,141,145,139,136,122,122,152,141,131,139,142,116,130,133,138,138,139,145,142,143,129,138,133,135,142,141,141,138,137,135,136,127,130,132,136,126
111,123,128,113,118,123,125,125,127,125,127,128,135,125,126,124,125,126,127,126,129,123,121,127,124,126,123,125,120,122,133,128,130,133,130,129,132,134,126,126,129,127,122,121,125,128,131,122,128,131,126,120,132,133,130,126,126,119,126,137,134,134,130,132,128,126,136,124,128,116,124,121,122,133,134,129,123,128,138,136,128,137,134,134,123,117,122,139,132,132,126,126,128,131,130,130,132,139,121,120,122,133,123,135,134,136,133,124,135,127,130,129,122,117,123,123,127,124,117,117,115,129,132,127,129,136,120,113,121,129,124,127,127,122,133,139,134,135,139,147,121,115,120,137,135,133,127,139,141,125,129,124,126,123,120,116,116,127,129,129,127,113,121,119,119,121,122,128,119,125,122,125,125,122,121,122,127,131,124,123,124,113,122,115,119,121,125,121,121,123,120,118,116,118,115,118,116
123,115,121,113,122,120,119,122,119,120,121,119,107,119,113,106,115,125,126,124,116,117,120,111,112,117,124,128,118,118,122,138,126,124,119,125,119,125,118,121,117,125,116,116,117,128,130,121,120,115,123,115,123,132,121,119,115,115,110,132,124,115,117,125,112,119,126,119,112,118,120,115,115,134,125,112,120,115,121,126,119,127,124,116,120,120,112,127,130,130,127,117,117,130,121,122,122,134,116,118,108,129,119,128,127,131,127,115,119,115,115,128,119,118,110,113,118,119,122,113,122,113,111,124,115,128,121,120,108,123,118,105,110,129,111,117,113,123,122,126,117,120,109,119,111,115,116,107,115,102,107,105,125,125,122,122,112,118,115,106,107,121,119,113,110,130,125,125,124,120,115,119,116,120,122,119,117,121,117,119,122,130,117,130,122,121,117,119,121,120,120,119,124,119,123,120,127
122,144,151,138,141,143,139,144,144,143,137,144,134,131,135,148,141,128,129,124,132,136,137,131,149,127,120,127,139,141,131,127,123,115,120,143,120,128,127,120,125,112,139,147,139,108,111,124,133,132,123,132,126,120,128,130,136,146,139,117,115,133,139,122,144,149,130,128,125,135,134,146,135,127,120,129,142,133,147,127,129,128,132,111,139,143,136,124,116,118,123,122,121,121,124,121,113,112,138,139,136,117,125,111,119,117,143,135,118,136,115,119,138,138,138,141,128,132,145,139,155,135,136,134,122,126,139,143,134,119,126,118,123,125,132,117,122,115,125,135,142,141,136,107,127,115,112,119,127,139,144,133,131,149,136,139,139,125,134,125,126,159,149,137,151,125,124,135,143,139,139,133,129,129,129,137,126,125,136,137,135,150,137,146,143,137,139,137,136,138,138,138,138,142,136,141,145
134,147,139,137,138,134,129,131,132,139,134,131,130,130,136,127,143,135,149,148,135,139,133,125,107,125,139,125,123,118,137,130,121,135,119,123,132,117,124,138,128,144,124,120,138,145,141,132,131,129,135,125,131,136,139,119,129,121,134,139,132,121,110,127,119,119,115,125,137,124,131,125,134,124,134,129,124,135,132,142,131,144,131,133,133,123,131,147,147,142,141,139,139,134,134,130,141,127,129,123,131,152,134,142,141,137,118,133,139,130,144,139,130,124,132,126,128,129,125,132,119,132,136,127,138,138,129,122,134,142,137,141,136,128,135,137,143,148,137,139,133,129,130,143,135,137,132,131,129,118,124,141,130,130,129,136,124,138,132,142,132,117,123,126,123,129,130,132,134,135,127,131,130,131,132,137,136,130,139,139,142,147,138,145,134,136,139,136,135,132,142,139,148,130,146,130,141
128,113,116,131,124,129,132,130,131,134,131,136,131,127,127,111,109,128,121,112,129,133,126,127,121,122,122,129,132,132,118,130,136,125,127,131,129,121,147,138,127,124,132,131,125,125,120,132,134,133,129,127,127,118,119,123,138,133,119,124,113,141,139,132,129,128,121,131,122,130,127,135,126,128,115,123,125,136,147,146,137,123,138,130,127,141,125,122,129,120,132,136,143,135,127,119,125,113,130,137,121,107,131,104,113,119,113,122,112,115,119,117,133,124,123,124,117,107,95,116,94,121,122,112,141,132,134,120,120,106,125,115,126,133,124,123,125,115,129,121,130,124,109,107,118,110,106,106,102,122,107,109,110,115,139,129,112,103,106,120,93,95,100,113,100,131,134,115,134,122,123,120,121,125,119,112,122,126,126,136,141,125,120,130,124,124,120,130,134,135,133,141,132,130,125,125,135
145,151,146,141,142,145,139,141,141,146,146,145,130,138,152,161,141,134,123,130,120,128,130,108,109,120,115,109,142,152,145,117,104,117,116,115,109,115,117,124,131,115,139,150,142,118,115,146,125,131,106,125,121,116,116,110,134,145,138,110,116,108,116,120,126,116,117,136,119,123,133,139,133,115,115,119,126,124,109,109,127,110,105,130,139,144,139,109,115,115,117,120,117,126,125,119,129,130,146,144,142,122,138,116,117,115,113,119,115,109,119,110,135,143,139,116,119,116,121,118,121,116,122,112,129,108,143,145,139,110,131,117,127,139,115,113,129,135,139,115,146,144,150,147,125,148,144,122,116,128,125,139,126,122,150,144,152,138,117,131,132,121,119,124,118,139,144,139,138,134,139,134,122,126,126,119,132,126,142,139,139,148,138,136,139,138,133,139,132,127,133,138,146,136,137,136,139
149,132,122,130,129,126,125,126,128,128,127,134,126,142,120,133,134,148,133,139,131,139,125,119,136,133,134,138,130,139,141,146,151,138,139,135,131,128,129,118,128,137,131,132,138,139,146,128,119,116,139,124,135,141,127,139,127,129,136,134,133,123,127,144,115,111,136,121,118,139,129,130,132,131,130,119,112,124,112,121,122,115,116,139,128,134,133,136,137,125,122,123,116,120,129,127,131,139,129,127,134,131,126,130,126,131,135,123,125,120,132,135,128,130,137,130,116,122,127,120,116,119,119,119,131,132,124,127,133,136,123,118,127,127,126,130,133,132,139,124,125,130,136,135,131,142,129,127,127,128,136,131,129,133,134,132,135,138,130,126,130,132,141,132,134,126,129,135,128,125,131,129,120,120,125,134,126,136,133,128,126,138,128,122,131,141,141,131,128,128,129,133,136,123,139,129,129
145,118,123,121,109,95,98,96,94,92,94,97,111,106,121,127,105,108,112,116,121,131,102,113,137,128,134,137,117,119,112,145,135,137,126,145,137,139,136,111,136,131,112,115,107,132,133,137,116,102,139,118,136,136,143,143,111,113,102,137,133,132,131,143,118,124,148,139,128,128,107,115,104,132,134,119,106,129,130,130,134,130,129,133,107,120,106,138,132,125,124,110,122,127,132,126,126,126,113,123,107,127,137,125,124,123,139,112,129,115,118,132,109,120,105,120,115,116,135,111,125,126,131,121,126,134,108,123,104,130,138,119,126,142,126,132,130,130,130,136,115,120,110,139,127,131,123,132,138,129,139,119,122,119,126,124,115,122,123,113,124,141,138,110,121,139,141,116,109,111,108,109,132,104,103,110,106,109,102,107,115,121,109,115,107,111,106,106,108,107,103,106,115,109,116,115,109
113,116,111,116,120,128,127,127,128,130,129,129,133,125,118,115,128,116,120,118,130,120,135,134,122,111,122,130,125,123,127,133,128,123,124,125,123,123,124,134,121,124,132,115,133,134,126,119,124,135,128,130,127,124,121,138,127,122,135,138,131,126,121,128,131,126,125,118,127,139,136,122,136,138,124,129,130,122,121,125,125,124,128,122,132,115,132,126,131,131,130,138,131,127,125,128,124,131,131,118,131,132,122,126,120,128,130,134,123,138,123,133,129,115,130,134,136,133,110,125,122,130,126,131,129,129,130,109,133,138,124,133,130,117,119,131,129,135,127,128,128,110,125,129,127,132,122,127,128,128,127,128,130,127,112,112,115,128,133,134,136,127,131,136,127,119,119,128,129,125,131,134,128,138,138,134,136,132,122,123,126,124,131,99,126,129,122,124,129,125,115,119,102,121,110,124,106
130,132,115,129,127,136,136,132,130,138,138,138,150,129,132,115,130,120,137,134,134,137,149,148,144,145,147,147,128,119,126,137,138,139,142,152,144,141,148,150,128,139,132,113,136,137,138,122,148,150,152,152,141,144,149,141,143,115,136,148,144,149,143,143,147,154,151,127,142,148,142,122,139,144,139,146,146,133,157,144,131,135,141,133,142,115,132,146,136,133,124,149,150,137,144,139,131,131,134,123,133,135,123,135,134,146,148,154,146,159,138,139,138,111,136,152,152,149,130,157,146,136,133,130,137,146,135,108,134,142,126,138,127,129,149,143,130,135,132,147,135,113,120,127,146,128,128,156,150,148,145,137,130,151,134,118,113,144,155,144,134,134,130,146,138,126,123,139,138,128,139,144,126,148,145,147,145,134,130,129,128,123,142,121,136,138,138,136,139,138,136,141,144,147,128,136,134
136,139,139,125,127,128,128,130,127,127,126,132,127,122,131,137,130,123,125,129,126,125,124,126,120,116,127,127,132,131,128,127,132,129,128,131,128,133,128,127,127,126,131,129,127,125,128,129,130,129,130,126,131,127,132,123,131,127,128,123,129,127,122,130,124,130,137,128,135,131,127,130,127,127,136,135,128,129,139,135,129,141,135,122,130,132,130,120,125,127,137,134,130,134,123,129,128,129,132,129,129,124,128,132,132,133,139,130,138,134,133,129,130,131,129,126,131,134,136,133,131,128,129,138,126,127,128,132,128,128,125,130,132,128,131,136,134,127,130,126,130,129,131,127,135,128,122,130,132,127,126,128,133,132,124,128,131,125,127,127,131,129,130,128,129,129,129,127,127,129,126,129,129,130,125,127,125,130,125,126,130,133,128,131,130,127,126,125,126,126,129,127,124,124,123,128,133
133,139,135,133,138,146,148,146,141,141,147,144,130,145,139,143,145,138,139,141,141,137,145,143,134,135,141,138,147,146,139,132,141,138,132,133,144,134,133,143,122,139,145,142,145,139,139,124,142,141,143,144,138,136,128,136,144,142,145,137,148,134,125,130,143,138,132,125,139,146,144,139,151,133,144,137,144,127,136,139,120,139,139,148,148,139,152,141,145,143,151,139,139,145,139,147,146,145,147,139,151,148,127,145,143,146,143,143,151,144,150,154,149,135,149,139,150,147,143,152,144,126,128,144,124,152,147,134,146,148,126,144,119,129,144,138,154,151,157,147,146,135,150,148,144,146,145,149,139,152,147,152,158,144,141,139,150,152,143,148,152,139,139,147,142,132,131,158,149,146,146,155,121,152,152,148,146,139,149,150,152,141,144,150,151,150,156,154,152,152,157,151,152,145,155,145,152
112,134,127,123,128,134,135,135,133,132,131,134,135,116,129,116,126,113,107,102,110,115,132,122,120,115,115,122,118,125,105,125,112,112,122,126,104,117,128,129,132,108,121,116,115,102,102,125,132,136,113,133,95,100,127,131,135,119,117,115,104,120,112,102,135,139,117,127,116,133,132,118,119,122,113,122,141,132,127,108,129,115,117,105,129,119,120,111,94,95,104,120,124,111,97,91,96,90,122,123,119,96,126,105,94,99,116,136,104,139,111,123,127,113,116,141,130,133,119,135,135,134,129,125,128,111,127,115,117,127,132,116,123,126,121,108,116,102,113,128,123,116,112,105,123,100,102,117,117,128,126,120,121,149,123,117,112,126,136,128,120,150,144,136,132,121,123,133,129,128,134,128,134,132,131,132,132,117,124,131,130,137,138,130,137,128,126,130,133,133,130,135,135,142,134,143,136
117,123,121,121,124,125,126,125,124,124,124,125,126,126,124,121,128,123,125,121,126,125,127,129,119,123,125,123,124,121,125,121,123,123,125,119,122,118,118,128,118,127,126,121,128,126,123,119,127,129,122,126,121,122,119,119,125,122,128,122,124,124,122,121,126,122,121,118,123,123,125,123,127,122,122,125,125,122,124,123,120,119,125,120,125,120,127,124,124,126,128,129,127,124,125,123,119,122,126,118,128,124,120,123,123,126,121,128,125,128,127,119,126,116,127,126,127,123,115,125,121,121,120,126,123,122,126,115,128,122,119,126,122,119,122,123,123,122,123,121,125,113,125,120,122,120,122,126,122,124,123,126,121,121,120,117,123,125,126,128,124,121,121,127,124,119,118,122,127,124,128,128,118,125,127,128,127,127,128,127,126,120,127,118,125,125,129,129,127,127,122,122,117,122,115,124,118
139,120,126,106,102,102,98,105,106,106,99,99,107,111,109,120,112,129,128,130,112,116,102,96,108,110,117,122,105,104,125,141,129,131,120,115,123,115,128,98,123,129,105,110,102,138,141,128,97,97,128,94,121,129,130,119,111,110,103,133,127,124,115,127,95,94,119,132,105,109,107,112,110,124,126,113,95,118,119,128,122,122,125,128,106,126,106,126,131,136,128,96,109,119,123,122,126,131,107,126,108,124,131,139,131,123,120,102,122,97,118,128,107,133,102,104,102,109,127,97,115,122,117,131,121,129,108,133,109,125,126,115,121,128,116,128,117,128,121,118,103,133,119,117,100,131,126,113,122,97,116,113,119,103,95,126,125,130,125,108,116,124,128,97,117,126,130,98,103,110,102,111,130,96,99,104,100,107,107,107,102,113,102,130,103,103,102,104,107,109,112,113,116,109,119,102,122
133,134,131,138,136,128,130,129,126,126,125,127,126,121,135,129,127,118,126,123,125,132,130,130,133,130,135,129,133,136,123,147,143,137,133,143,134,141,138,133,120,131,131,139,125,132,138,122,130,132,131,131,128,137,137,139,132,139,128,132,135,132,122,126,131,131,136,123,142,137,132,136,130,132,142,139,135,126,128,128,126,131,130,130,135,138,131,131,131,126,128,120,126,123,126,123,128,127,135,135,132,127,122,124,121,123,123,132,131,128,132,143,135,142,130,134,135,128,130,130,145,129,124,133,127,131,134,147,133,133,124,130,128,127,130,131,134,128,127,123,137,142,132,132,139,130,119,121,125,126,128,130,135,135,142,134,133,129,132,131,135,139,137,132,129,127,126,129,133,139,134,125,123,134,132,124,126,125,120,124,125,124,134,131,137,132,124,124,130,128,129,130,133,135,134,130,133
119,125,125,122,123,123,124,124,123,124,122,124,126,124,127,128,122,126,129,131,127,132,126,125,130,130,132,128,122,131,128,123,127,128,123,126,132,133,129,129,133,127,125,130,127,127,129,131,125,128,128,121,131,133,131,130,126,130,127,131,127,128,128,128,123,126,130,131,133,125,125,131,127,127,129,127,125,127,123,124,131,124,124,130,123,131,127,124,131,128,128,120,122,120,123,125,127,128,125,129,125,124,131,126,127,130,126,124,130,125,132,136,124,131,126,122,126,123,126,122,125,131,128,122,128,128,124,133,127,129,132,129,130,131,126,125,130,128,128,128,126,133,128,126,121,126,127,125,124,130,129,130,131,127,125,133,128,129,130,127,132,131,127,127,130,130,130,128,126,123,121,128,132,126,125,128,128,129,122,123,122,126,124,117,124,124,118,120,122,120,120,120,122,121,123,126,121
131,113,105,124,129,124,126,124,124,122,123,120,128,122,118,104,121,112,120,123,130,128,120,132,117,130,129,120,121,123,121,119,110,126,123,126,132,128,129,132,127,125,119,122,132,121,131,126,142,123,124,131,130,128,132,125,112,127,134,128,128,126,115,129,126,129,132,129,146,132,120,129,130,127,133,139,124,126,125,132,129,133,130,125,115,128,128,130,128,128,133,130,130,126,119,125,125,129,121,130,126,124,131,134,124,134,130,133,136,137,143,126,117,124,129,129,144,130,126,133,122,119,127,127,119,129,111,120,128,133,135,141,119,122,132,132,132,124,127,116,118,119,128,121,133,121,117,130,131,132,129,139,131,121,118,119,118,125,130,139,136,126,132,133,130,119,122,130,120,122,123,131,136,119,125,137,132,122,125,126,121,107,123,108,126,122,125,126,128,125,125,124,126,123,118,122,121
145,145,144,143,143,132,137,138,134,133,133,134,130,126,136,151,136,136,133,133,135,128,135,133,143,132,123,130,144,146,134,132,141,131,132,132,131,132,139,132,128,128,148,152,133,126,130,133,131,126,138,131,133,125,131,122,146,152,136,131,136,130,130,130,132,136,142,138,135,131,137,151,136,134,134,139,136,129,135,133,126,133,129,142,142,151,134,130,129,126,127,125,127,127,128,131,136,125,145,151,135,126,134,138,139,137,138,133,138,131,145,142,143,152,137,127,130,133,141,136,135,131,126,132,128,130,144,154,137,134,133,135,126,136,133,128,133,137,132,125,145,156,138,129,126,125,137,136,122,130,134,147,144,139,151,151,139,137,139,136,143,141,142,139,144,138,136,138,139,136,127,139,131,139,139,137,134,132,133,136,138,127,129,146,134,132,130,133,138,141,147,147,150,144,150,129,152
137,125,129,133,135,133,133,132,131,129,131,132,125,122,129,128,122,127,124,124,117,128,127,123,134,129,125,120,131,128,120,122,129,124,126,136,125,134,136,124,129,119,127,130,126,119,121,132,129,126,130,133,124,125,137,130,134,130,126,119,128,129,141,133,137,134,141,131,122,132,126,133,126,125,129,131,129,128,129,125,125,130,129,113,129,133,129,113,121,121,122,123,124,122,124,126,118,118,127,132,130,118,130,125,121,125,137,129,124,131,121,137,127,135,130,129,130,127,137,133,144,135,131,143,133,128,128,134,128,131,128,126,126,132,129,121,126,118,133,132,129,137,130,117,129,126,126,134,133,135,134,132,133,131,136,139,130,125,132,130,138,146,144,135,145,133,132,128,127,132,130,131,133,133,132,137,127,130,132,134,136,149,131,135,129,131,130,133,132,133,135,138,144,137,143,139,138
129,129,131,131,128,127,124,126,126,126,124,127,132,128,127,132,125,131,128,131,127,129,126,127,128,123,125,129,124,125,128,125,127,128,124,127,136,134,124,126,118,133,125,125,126,127,131,115,129,127,125,125,131,129,124,127,128,126,127,119,122,122,124,123,121,125,126,115,122,123,126,126,127,121,124,125,125,122,124,127,123,129,126,130,127,123,127,128,130,129,122,126,123,125,127,127,130,128,125,123,126,130,115,126,134,127,128,127,130,124,125,123,126,122,126,119,124,115,127,127,126,120,121,119,125,125,124,121,127,115,115,122,122,125,125,131,126,126,125,126,127,124,127,125,125,117,120,125,128,123,130,123,120,125,132,126,127,120,122,126,122,122,122,123,128,124,122,137,124,130,129,128,113,126,126,123,127,128,126,124,125,122,123,130,125,129,127,125,125,125,128,127,131,125,128,123,125
142,126,133,131,130,132,132,132,131,132,131,131,129,127,128,132,131,128,131,130,124,127,131,131,125,127,130,128,130,133,134,123,129,132,132,126,130,124,123,131,125,129,135,130,129,130,131,121,128,123,137,131,133,129,128,120,132,130,130,126,131,133,141,135,123,123,125,123,118,120,133,131,133,122,121,117,125,123,130,137,125,127,124,126,133,130,131,123,126,131,134,132,136,131,129,124,127,115,133,128,132,120,122,120,128,128,122,126,125,120,123,115,135,128,132,118,117,112,105,117,106,122,121,107,124,126,134,127,129,116,126,115,124,123,113,123,118,117,121,118,132,129,127,105,112,113,118,126,123,122,111,115,113,120,136,129,131,113,120,122,109,105,106,117,108,121,122,115,133,133,132,121,125,131,124,116,125,126,129,128,127,115,124,116,131,130,125,127,129,126,118,115,108,123,109,125,120
136,143,137,143,147,147,148,147,147,148,143,146,145,137,148,138,142,134,126,128,134,131,142,125,127,119,119,120,151,148,139,130,129,113,123,120,113,116,120,138,141,107,152,150,148,116,110,142,129,141,115,133,111,117,115,131,152,152,148,122,112,115,119,115,141,132,116,138,136,144,149,152,149,125,115,130,144,137,112,109,138,113,110,129,149,150,154,122,121,106,122,134,124,117,118,119,123,115,155,152,156,119,138,119,113,109,119,142,120,145,144,136,152,152,154,141,136,136,125,141,136,138,138,133,145,125,147,148,158,133,134,139,136,136,130,110,127,123,135,116,149,146,154,123,137,122,124,115,111,141,132,149,143,139,141,143,151,131,141,146,139,134,130,151,148,139,141,147,151,147,149,145,136,152,152,148,146,139,139,142,146,136,141,142,143,137,138,147,149,148,146,150,148,152,148,138,139
139,122,126,122,123,117,120,118,120,118,122,121,128,121,125,111,124,128,123,118,130,107,119,115,111,111,106,112,121,112,113,112,105,104,104,95,110,103,102,107,124,108,123,121,112,115,106,124,99,103,104,99,112,106,102,98,115,123,117,116,115,100,100,112,105,100,109,126,106,104,113,123,118,105,105,94,104,126,106,120,130,105,104,108,111,124,118,111,116,117,111,115,103,119,111,102,111,118,119,119,122,112,135,110,104,107,100,110,112,105,111,109,113,126,121,107,108,95,89,100,95,126,122,98,125,99,112,124,121,97,132,89,125,130,94,91,96,107,97,99,109,120,120,102,89,108,110,97,93,87,83,102,113,106,103,115,125,106,108,107,98,85,87,102,95,126,129,103,115,119,118,107,131,115,111,102,115,129,119,117,116,100,112,118,107,103,112,116,117,118,117,118,104,112,115,110,104
139,132,134,130,129,128,129,129,130,130,130,130,137,138,130,135,133,139,136,141,138,138,131,135,142,139,138,139,131,127,141,142,139,141,136,139,143,139,136,128,139,135,129,128,131,138,139,139,133,129,143,132,142,142,137,143,126,128,133,142,139,138,143,145,131,133,137,138,131,132,127,127,129,139,138,130,125,139,139,141,141,134,134,139,128,127,126,139,139,142,139,131,135,139,141,141,139,139,128,125,127,139,139,142,141,139,139,127,141,127,133,136,127,127,126,129,132,132,139,127,131,139,139,134,138,139,126,130,127,137,139,132,139,134,138,138,139,139,141,144,128,129,132,148,136,142,145,142,145,138,141,135,139,136,128,125,135,143,138,131,139,139,139,127,132,135,136,134,126,130,128,129,138,130,125,128,129,132,128,126,126,137,126,125,126,127,127,125,124,124,126,125,126,130,130,131,127
111,126,132,115,120,122,123,123,124,122,121,124,121,122,121,125,122,124,126,125,125,128,124,121,133,129,122,121,126,118,125,127,126,123,126,122,123,120,121,123,120,115,124,117,122,119,121,123,120,120,131,125,131,128,129,116,119,115,118,121,126,134,132,126,122,126,132,123,125,116,122,112,118,122,123,122,119,119,123,129,120,124,131,120,121,115,118,124,127,125,118,118,120,130,126,126,123,121,122,116,118,116,119,133,124,127,128,118,125,122,113,120,122,116,117,115,116,123,130,119,125,120,121,123,120,117,120,113,116,117,119,116,115,124,120,126,124,121,111,115,121,115,113,122,119,125,119,124,125,118,118,115,111,119,123,120,116,108,110,115,113,115,115,115,110,125,124,112,123,119,117,115,117,113,120,117,120,128,129,126,126,111,118,116,121,116,128,127,124,122,118,118,119,118,118,119,115
126,130,126,123,128,126,128,126,127,129,128,127,119,125,134,128,113,125,139,135,131,135,123,128,123,134,139,135,130,127,122,131,123,128,130,129,137,135,111,124,123,139,126,120,113,139,136,132,120,124,127,117,139,126,139,137,112,121,117,146,142,128,119,126,122,125,127,130,136,123,120,118,116,136,139,126,125,125,137,139,125,143,143,138,124,122,118,138,139,141,126,128,128,154,136,134,136,130,125,117,117,150,133,143,147,138,135,123,151,123,143,137,125,116,117,131,139,139,147,131,128,117,121,143,117,142,124,115,120,139,134,143,123,134,139,144,146,144,135,131,124,115,119,126,124,137,130,121,126,122,137,131,130,124,121,119,116,130,132,129,131,123,127,121,123,134,133,130,126,124,122,126,126,117,123,125,124,124,122,133,135,135,130,125,136,130,120,125,128,129,129,126,125,120,134,139,127
111,127,112,129,134,139,138,142,139,141,142,139,136,135,131,126,135,136,133,128,139,126,142,139,120,120,124,130,139,138,123,126,120,124,127,118,124,117,119,135,120,121,141,139,135,123,125,122,127,136,113,134,120,116,126,123,137,137,142,126,127,119,109,118,132,126,117,120,119,134,143,138,142,129,127,129,135,122,118,116,121,128,126,125,144,136,138,123,121,125,121,139,126,127,121,119,121,124,142,135,137,125,122,124,121,122,110,137,125,139,133,127,143,133,139,143,143,133,117,129,122,119,121,138,123,129,145,131,139,138,119,128,120,118,132,131,132,129,136,132,144,132,131,127,139,131,128,131,126,125,124,137,125,136,135,136,125,139,144,143,132,127,125,136,132,117,119,139,143,142,142,144,118,136,144,148,145,141,139,143,143,137,139,135,136,133,137,141,144,145,139,143,134,130,129,133,130
131,126,128,110,112,117,112,112,108,110,109,111,115,112,120,122,123,124,128,131,118,128,110,109,125,129,131,127,125,115,123,135,131,135,121,136,134,128,139,110,126,127,121,120,112,133,137,128,118,113,139,116,134,138,139,122,112,119,112,131,125,130,128,127,109,118,135,127,121,113,110,120,111,122,137,119,110,120,129,129,129,129,125,126,115,122,111,129,131,134,134,120,125,134,132,131,133,128,120,121,112,128,126,127,126,127,131,110,130,115,117,129,115,127,115,110,111,111,129,115,131,119,128,118,124,127,113,132,111,128,131,119,122,129,136,137,126,123,120,119,120,132,125,123,115,129,129,129,126,116,127,113,115,112,125,121,131,112,115,108,111,123,129,111,120,129,129,117,116,110,115,111,123,107,104,115,107,119,110,111,108,129,116,121,109,120,115,112,112,115,113,107,117,107,121,119,112
134,115,119,120,117,106,110,108,111,107,109,113,110,102,117,108,100,104,105,105,108,115,107,112,123,108,128,125,125,130,111,122,126,124,131,141,125,129,127,109,125,120,117,125,112,113,124,123,130,119,139,119,129,125,127,127,109,122,108,124,135,132,127,138,125,130,141,122,119,119,106,120,108,126,134,116,115,125,131,131,125,133,128,117,104,124,108,124,129,130,132,125,128,134,127,124,119,124,117,113,107,120,127,132,132,136,139,115,137,118,121,132,108,115,105,117,127,120,131,122,126,120,119,116,116,123,109,116,103,121,128,119,118,118,129,134,125,118,120,119,113,113,99,115,116,126,121,136,134,110,128,103,110,109,108,113,110,111,109,112,110,118,117,109,102,119,121,99,107,106,108,102,118,110,106,104,100,108,107,112,115,120,111,120,118,116,109,116,117,118,121,125,128,119,127,118,117
109,118,118,116,120,119,119,118,117,116,116,117,119,116,113,120,115,113,123,119,124,116,122,131,120,127,130,127,120,125,115,123,126,125,134,129,127,127,130,123,121,133,120,125,120,126,126,120,122,120,125,125,128,119,127,133,119,126,121,126,122,124,127,124,126,123,125,120,126,131,125,127,123,127,128,121,124,118,125,130,118,127,129,122,127,125,127,130,131,129,126,120,129,126,129,130,123,126,123,126,124,132,121,126,127,133,127,126,131,127,130,134,125,133,127,128,129,124,104,120,116,118,116,126,117,133,125,136,125,133,118,122,116,120,122,126,131,128,119,129,127,134,125,120,122,122,116,127,126,122,121,119,122,118,119,129,123,125,128,125,119,118,123,123,118,118,118,115,119,119,122,124,118,115,122,120,115,112,112,115,115,107,115,106,120,118,117,115,116,115,112,115,110,119,110,115,115
133,139,139,137,136,135,133,133,135,133,132,132,136,136,139,142,136,138,139,138,139,149,133,137,147,148,139,144,129,134,137,151,149,147,148,146,139,146,148,128,131,139,130,136,134,139,141,128,138,124,139,131,138,138,139,142,133,137,134,145,139,145,151,142,133,132,142,129,137,137,132,137,134,145,134,132,128,132,146,133,129,134,135,138,134,136,136,148,139,136,136,123,135,134,134,131,124,132,134,136,139,135,128,125,130,131,136,127,131,131,137,138,133,138,137,137,131,131,136,129,134,134,130,134,131,143,132,142,138,142,127,131,129,124,139,128,132,124,131,141,133,136,143,134,130,132,126,135,133,129,135,128,131,134,134,130,148,142,138,129,139,139,134,125,129,124,127,135,135,134,138,132,134,128,128,131,128,132,138,137,134,128,134,141,133,134,138,137,134,135,136,132,138,133,136,130,142
123,135,134,139,139,137,135,136,138,136,134,132,124,139,129,129,130,145,149,152,137,150,132,137,144,149,141,147,139,133,129,131,138,151,148,152,135,151,144,131,134,148,139,139,130,138,142,141,138,127,135,128,139,142,138,144,136,139,133,139,141,133,139,130,134,129,135,132,132,138,131,139,132,129,137,123,129,123,133,130,124,141,131,122,134,135,130,131,125,135,130,133,126,129,139,135,136,132,130,137,128,139,133,133,132,135,129,124,134,127,133,136,134,142,130,127,127,136,139,125,126,118,128,137,128,137,138,149,131,125,125,123,126,131,139,138,135,139,136,137,134,148,137,129,133,132,139,141,137,126,130,128,124,122,137,150,135,128,127,121,122,129,120,123,130,135,134,138,134,135,131,127,125,119,126,128,123,124,132,135,138,145,135,142,124,128,126,128,129,134,137,134,135,130,135,129,130
124,118,119,127,126,121,123,123,120,125,124,120,124,135,123,130,122,139,145,141,139,138,125,136,139,139,147,139,121,129,133,136,141,146,148,146,142,138,138,132,135,144,121,130,128,142,146,129,139,134,137,127,149,147,144,142,123,126,127,143,150,141,141,150,124,131,149,128,130,127,126,124,127,141,147,132,129,135,143,146,137,145,142,139,124,126,126,138,144,145,139,131,142,146,154,151,149,146,123,124,129,147,130,150,152,148,146,127,148,131,144,145,124,124,124,133,143,139,139,126,133,134,132,138,133,148,124,126,125,141,131,141,137,128,146,147,149,149,145,142,123,126,132,141,138,150,149,146,144,132,141,138,136,117,119,124,130,149,144,128,142,127,130,121,127,128,129,127,122,123,123,130,132,132,128,126,124,122,124,121,120,113,120,123,118,120,122,124,120,117,116,117,116,128,117,120,116
132,102,111,107,96,96,99,96,98,93,97,99,104,100,98,120,104,108,111,120,104,113,102,106,122,111,125,115,97,102,110,107,96,115,102,108,119,113,121,105,131,115,102,99,105,117,125,132,109,116,120,100,134,127,111,122,98,96,106,122,126,121,112,112,104,106,116,133,124,120,103,102,102,115,111,110,102,121,111,115,131,118,117,139,102,98,105,116,127,117,107,108,99,113,117,124,135,135,104,102,106,125,133,118,123,120,135,109,132,120,124,127,100,100,104,117,112,115,123,107,119,129,125,117,127,127,103,107,107,122,130,117,123,133,110,120,118,120,124,127,106,105,105,124,103,129,118,111,111,106,124,110,94,119,102,98,112,121,117,103,112,118,116,106,113,131,130,126,102,97,105,100,125,104,104,108,107,118,99,97,99,122,111,121,100,111,102,99,100,103,111,108,119,117,125,115,118
122,124,126,141,141,132,136,137,137,137,133,135,129,131,122,126,126,132,131,133,131,132,129,134,134,133,131,138,130,136,133,137,137,131,136,137,134,135,134,131,119,131,130,136,135,131,130,116,135,131,135,130,131,131,129,130,127,135,136,137,131,132,132,137,133,138,126,116,133,129,131,136,134,137,131,135,131,118,136,136,122,133,133,127,130,133,134,137,134,131,136,129,133,131,129,131,128,131,133,132,134,130,118,132,133,133,139,133,130,137,135,131,133,135,134,134,136,134,134,133,131,123,122,129,122,129,133,133,132,133,118,133,125,116,135,130,133,127,125,138,133,132,136,127,136,125,124,127,135,130,133,132,129,130,128,131,133,132,136,131,132,130,130,128,131,116,115,130,136,130,128,131,120,128,131,133,130,130,135,137,137,121,129,134,126,124,131,136,136,137,137,136,134,133,131,124,132
131,138,136,132,133,138,137,137,136,137,137,137,139,141,139,137,141,133,135,137,139,135,139,142,131,141,130,125,141,135,138,129,129,129,134,133,128,135,134,142,132,123,143,138,142,133,129,129,139,136,138,141,135,127,126,123,137,137,139,136,133,137,145,134,145,145,132,130,136,134,141,137,138,143,131,139,142,137,139,136,135,129,135,143,143,135,143,141,133,133,145,139,137,138,133,131,128,123,144,135,139,134,128,127,135,135,126,139,131,141,135,125,139,133,138,139,138,139,141,145,136,141,134,139,137,124,142,132,135,128,133,139,137,130,131,124,129,127,134,130,139,131,138,126,132,125,129,133,129,143,132,137,137,137,135,132,138,136,136,136,134,136,129,139,137,131,131,145,143,133,139,141,135,139,139,142,139,137,139,141,142,151,145,138,142,143,138,141,142,143,139,141,137,139,139,151,139
131,136,147,127,118,120,122,122,123,125,123,120,123,131,125,142,130,139,131,142,113,139,122,121,137,130,130,133,111,134,146,137,139,152,127,133,139,137,143,122,131,145,115,133,134,132,137,132,111,115,139,124,127,139,141,130,122,131,124,132,132,137,136,129,125,121,130,131,129,131,122,130,122,131,134,129,122,128,130,129,123,125,136,146,126,135,124,130,138,139,128,118,118,122,138,131,147,142,119,135,124,139,132,143,139,137,136,122,130,132,141,137,123,132,124,132,135,135,139,129,134,124,124,144,133,141,119,134,128,142,127,131,126,133,141,133,147,141,145,134,115,135,126,133,124,134,145,138,134,138,132,139,138,130,136,125,116,132,132,129,133,131,131,123,137,133,135,139,121,117,123,130,130,122,123,131,125,116,122,117,115,149,135,145,131,135,119,116,117,119,123,126,135,126,135,137,144
124,118,120,124,122,122,121,122,124,125,123,122,122,129,119,123,124,129,137,135,132,142,122,132,137,134,141,142,128,129,130,139,142,142,139,141,144,144,137,126,126,139,127,128,124,129,137,122,131,124,135,129,136,132,135,144,121,128,123,135,131,134,129,132,131,132,134,126,136,134,120,125,123,132,139,130,123,125,141,136,126,143,135,132,121,126,125,132,137,136,133,129,131,139,136,131,130,128,127,128,125,129,123,130,136,133,128,124,132,124,131,129,123,130,124,126,122,128,138,129,129,120,127,130,125,129,124,125,122,124,122,130,122,127,130,136,133,135,128,128,126,130,125,139,134,133,132,130,133,127,130,125,125,120,130,131,125,125,120,124,126,129,128,122,120,126,125,123,124,118,123,120,122,120,118,124,122,115,120,118,122,119,123,132,125,126,119,118,119,119,126,128,137,131,138,124,134
134,109,110,112,115,115,115,115,115,115,115,116,113,119,119,117,116,112,112,115,112,116,115,103,106,111,107,110,118,115,113,115,108,113,106,109,110,115,103,108,120,110,118,118,113,111,115,118,119,116,108,111,115,115,106,116,117,118,113,106,110,106,111,111,115,108,112,119,116,117,115,115,113,105,110,108,117,120,107,110,120,115,108,116,117,118,115,105,109,109,107,110,107,107,112,111,115,118,116,121,115,112,118,109,108,106,113,108,109,111,111,115,116,124,116,111,107,112,117,116,116,118,120,109,115,107,115,128,117,108,121,115,116,122,115,115,113,118,117,110,119,125,122,121,116,122,121,112,117,115,107,118,125,116,119,121,121,116,110,113,115,113,108,115,116,120,120,119,112,118,118,116,119,117,115,110,110,121,116,117,115,130,119,117,118,118,118,118,117,116,115,112,109,113,110,124,113
118,121,105,111,125,139,134,134,135,138,138,133,128,121,124,92,130,122,121,117,132,132,137,130,119,123,121,115,128,110,109,115,113,124,116,123,120,125,105,131,122,116,131,117,127,119,110,124,137,135,115,134,122,110,115,120,133,122,136,115,118,119,129,121,137,127,111,124,129,132,134,129,139,110,108,126,138,123,124,113,127,117,113,118,126,121,133,117,119,122,124,137,128,115,112,106,102,105,129,121,132,111,124,99,110,115,112,132,103,130,118,116,131,118,136,132,122,129,116,133,129,124,122,110,124,102,127,118,134,104,125,128,123,121,116,112,116,118,113,115,127,115,126,113,122,107,106,106,111,130,118,121,117,124,134,108,124,109,110,126,111,112,100,131,122,124,126,109,129,118,137,119,120,124,126,121,128,130,130,135,139,135,136,115,131,130,129,136,136,138,133,134,122,129,127,135,116
139,122,124,124,121,118,118,122,120,117,117,117,122,125,125,142,130,132,129,139,123,129,118,110,127,128,128,133,118,129,133,130,128,135,130,127,141,129,127,122,139,133,118,127,123,125,128,135,126,122,122,115,125,130,132,133,116,124,125,127,127,125,124,129,113,115,128,135,130,129,118,121,121,128,134,119,117,135,120,125,136,121,120,130,118,125,121,125,125,116,122,117,116,122,118,119,117,115,119,125,124,122,136,116,118,121,121,113,118,113,110,125,115,127,125,117,116,111,123,119,117,130,129,118,126,113,123,128,128,128,132,112,128,130,117,119,122,120,120,118,121,124,134,128,115,113,115,109,122,113,125,119,124,126,122,127,137,126,124,112,116,127,130,122,129,128,127,144,121,118,122,129,133,116,117,123,120,130,128,119,123,136,123,117,122,128,123,118,120,122,125,126,130,123,134,126,125
141,163,147,155,160,171,168,164,166,164,169,171,168,151,175,148,159,139,115,113,147,128,174,141,112,123,115,104,161,147,127,99,108,100,115,108,95,94,107,167,137,98,159,139,154,93,99,128,163,175,104,163,102,96,98,97,167,146,155,98,103,102,103,93,157,137,110,127,133,141,169,151,161,111,107,146,177,145,121,103,137,106,105,107,172,141,157,120,105,110,129,168,166,122,113,110,112,108,160,151,151,107,127,105,113,106,112,170,115,150,126,107,164,135,155,148,137,141,125,155,142,132,132,123,138,110,164,134,156,115,132,145,132,129,131,112,125,110,142,106,163,138,139,130,160,128,128,120,105,148,121,142,116,139,154,139,129,118,136,165,122,138,135,164,150,121,121,152,163,173,175,164,128,168,171,161,171,141,157,167,161,160,177,152,186,181,159,170,169,165,159,158,155,177,152,174,155
104,131,128,124,127,130,128,128,129,129,131,128,122,130,128,126,133,130,128,126,128,123,133,128,121,120,124,125,128,127,132,121,122,121,125,123,123,121,122,129,120,121,129,128,133,127,125,124,122,122,119,123,125,123,123,124,128,129,131,124,124,123,121,122,123,122,123,125,122,123,133,130,132,129,128,126,128,117,129,127,120,128,128,127,129,128,130,129,128,130,130,124,128,127,129,128,129,130,129,128,129,128,123,127,127,127,123,130,129,129,128,127,130,126,129,126,130,130,129,130,130,117,118,129,118,126,131,125,130,125,123,131,120,127,129,126,127,129,128,131,131,125,127,134,133,128,129,130,127,130,128,127,128,127,133,125,128,130,131,130,127,119,121,128,126,127,126,128,133,130,130,132,122,126,132,126,127,122,130,131,131,123,128,126,131,130,131,129,130,129,127,127,125,124,125,125,126
122,119,117,131,127,117,117,116,115,115,112,115,115,115,113,118,118,121,123,122,123,126,113,128,129,126,131,133,123,127,126,129,134,136,135,139,132,136,133,122,120,129,121,121,120,130,131,121,134,123,133,125,133,131,134,137,115,119,119,131,134,135,129,134,123,128,135,120,129,127,115,117,120,134,136,130,120,117,138,129,117,130,132,124,115,117,118,128,123,123,121,122,131,133,127,127,125,125,117,121,119,123,120,125,124,124,130,122,127,125,118,133,119,125,121,125,126,128,127,124,132,120,119,127,116,129,118,124,116,130,120,124,116,120,131,134,119,121,121,126,121,127,121,128,128,128,121,126,129,121,120,115,121,115,128,125,119,111,117,117,118,119,116,116,115,121,121,118,119,126,119,115,121,115,116,119,115,122,121,122,123,102,115,124,115,115,117,120,123,121,119,116,120,119,118,110,123
105,123,118,121,129,135,135,137,139,139,137,139,148,139,137,121,129,129,135,133,134,132,136,141,133,132,138,139,138,122,124,125,128,128,130,133,131,124,133,141,149,133,137,123,130,129,126,139,134,139,137,133,133,135,139,142,136,125,135,132,134,136,130,136,132,131,137,148,139,137,136,124,135,130,126,135,131,151,134,130,149,129,132,142,135,120,132,129,129,129,134,139,141,130,129,128,130,131,136,119,134,129,139,133,132,131,135,138,131,139,145,137,135,120,135,131,136,129,122,132,132,146,148,139,152,147,135,120,136,129,142,133,147,137,134,130,133,132,138,141,137,118,133,117,130,126,129,139,127,130,127,136,136,132,134,117,128,125,126,130,126,120,117,127,124,138,141,127,133,123,129,131,139,128,132,132,137,141,132,130,129,122,133,111,128,125,128,130,128,128,123,122,118,134,117,130,125
113,126,121,115,115,116,117,117,119,117,121,118,116,120,115,115,121,121,135,132,129,132,121,132,130,131,143,145,117,113,120,131,128,142,139,135,144,139,135,123,116,141,118,116,113,137,145,115,125,122,141,125,143,141,139,142,117,116,115,136,138,132,136,138,129,135,143,118,133,130,118,115,118,135,142,131,122,113,137,137,118,142,139,123,116,117,116,125,136,139,129,123,128,141,141,142,136,134,115,115,115,135,116,139,134,142,147,128,145,133,131,138,118,117,115,132,138,141,132,126,142,115,119,141,115,134,119,113,117,137,117,128,113,120,144,150,145,139,129,137,115,112,112,129,130,135,132,142,148,138,141,125,128,123,109,110,107,132,133,124,135,134,137,124,134,119,118,115,113,113,111,117,119,116,117,122,119,113,115,115,113,103,111,113,115,111,110,115,116,115,115,111,109,111,113,109,113
139,124,125,139,141,130,134,135,133,129,126,130,131,117,123,121,120,113,113,115,135,121,137,134,131,108,119,125,129,138,115,120,120,119,124,131,132,133,127,130,138,117,134,141,125,120,118,135,139,139,145,136,128,120,131,128,132,141,125,126,133,135,128,136,136,129,126,138,139,139,127,138,128,129,135,139,137,149,142,137,144,145,135,125,128,136,130,121,126,126,136,149,150,141,132,124,124,113,134,141,134,122,139,128,132,138,129,139,134,139,126,135,128,139,132,132,139,138,144,146,126,139,144,131,138,118,129,137,131,121,138,134,139,133,131,131,138,125,137,119,130,136,124,122,137,121,115,134,124,131,123,123,137,126,123,135,123,116,117,127,126,116,119,134,128,133,137,115,125,127,133,119,133,139,133,122,126,130,125,127,128,132,132,131,124,125,129,132,137,136,137,141,142,144,142,128,134
138,126,119,130,133,131,132,133,132,130,131,131,128,122,127,119,124,117,117,121,122,118,130,126,116,121,118,123,129,124,118,119,119,119,121,117,119,115,119,131,112,121,129,125,126,123,116,122,122,131,118,130,119,121,120,117,132,127,127,120,113,118,121,120,131,125,117,120,128,125,136,129,130,116,115,124,136,120,117,116,115,120,118,117,135,129,130,123,120,120,118,132,127,118,120,121,118,119,129,130,129,118,119,121,119,121,123,135,122,129,124,120,134,126,129,127,126,124,121,129,121,118,116,121,115,116,134,124,128,118,117,122,115,128,118,115,116,117,118,116,129,126,127,115,122,118,116,116,117,125,120,123,120,128,126,130,127,122,123,132,122,120,118,132,125,130,126,122,134,133,131,127,115,132,133,128,131,125,131,131,129,123,132,130,131,128,129,132,134,134,133,132,129,126,128,128,127
113,136,142,119,121,123,124,123,127,122,126,123,127,131,121,124,129,135,135,132,132,133,130,139,136,139,138,141,122,115,132,129,129,136,130,129,137,139,134,135,120,142,125,123,127,142,130,122,128,123,135,134,134,137,139,137,121,122,127,144,131,133,134,137,132,133,127,120,125,127,120,120,122,139,130,127,119,115,136,133,118,137,135,133,120,120,121,130,132,134,122,119,119,129,133,129,134,138,122,126,123,143,120,131,137,135,132,124,135,135,132,129,123,126,124,137,129,129,118,126,120,122,115,132,118,138,124,127,128,132,118,120,117,120,127,124,129,136,130,147,122,123,126,127,121,130,122,122,135,132,133,126,130,137,119,120,128,139,139,128,133,135,132,124,124,122,121,131,125,118,125,119,118,119,121,128,121,120,124,127,129,121,124,113,117,113,125,126,123,125,120,116,119,123,111,119,118
128,118,126,129,115,105,104,106,106,106,104,103,103,103,115,137,104,130,118,117,109,116,103,99,123,119,115,115,112,118,122,124,127,113,121,134,126,139,132,104,120,124,108,121,116,125,130,130,121,112,129,117,119,128,125,137,105,117,102,129,127,124,143,134,130,132,134,124,122,115,106,117,99,122,128,111,123,124,138,144,127,133,123,126,107,118,110,125,143,137,125,115,119,138,147,143,149,142,113,118,107,139,128,137,146,137,150,112,138,126,121,123,105,123,105,117,124,128,148,123,141,130,127,128,121,133,111,126,102,133,122,129,124,130,141,146,139,138,127,147,116,127,118,152,128,150,147,128,141,123,141,120,128,131,124,127,125,135,133,113,132,144,138,115,138,132,130,123,117,115,109,113,129,117,108,112,109,119,118,111,109,155,121,138,115,126,115,111,108,112,116,113,122,117,123,125,124
129,123,123,134,128,119,122,122,121,117,121,122,107,113,128,121,117,115,109,116,109,122,116,116,119,112,117,117,126,128,118,118,121,123,121,122,121,132,123,126,73,118,126,131,122,121,122,57,118,111,127,135,121,116,123,122,120,133,120,118,122,119,131,123,136,132,124,54,120,127,120,134,118,125,122,127,126,89,115,120,79,121,116,109,121,133,122,113,119,120,110,115,115,122,120,117,118,110,130,131,122,111,60,113,116,115,121,126,112,117,107,116,123,132,120,123,119,123,127,126,136,85,79,121,81,110,124,133,117,118,66,112,82,45,120,115,118,110,106,115,123,133,119,107,119,105,104,113,119,127,126,111,113,125,121,133,115,110,117,117,117,133,133,128,127,47,48,122,123,125,118,115,70,113,117,124,111,102,127,128,129,119,125,139,126,124,125,128,128,130,133,132,134,115,130,125,135
143,135,136,135,135,131,134,133,132,131,135,134,138,137,145,146,142,136,138,139,133,139,127,130,135,126,142,142,131,138,130,139,142,136,130,144,126,134,129,133,142,130,132,137,132,126,132,135,142,131,123,135,125,137,142,145,122,132,134,134,129,129,143,130,138,145,119,135,145,138,122,134,127,139,139,134,136,139,122,124,132,132,143,137,125,130,130,123,125,128,134,136,129,127,120,131,136,130,131,133,134,128,138,134,127,126,129,128,134,133,145,138,127,136,131,129,134,136,132,138,148,139,145,137,139,130,127,137,131,139,143,148,136,128,143,134,137,141,138,131,128,128,137,131,139,143,145,131,129,137,141,131,152,131,122,126,139,129,132,128,135,130,122,128,133,130,132,131,128,127,130,128,134,136,126,125,126,135,129,128,127,119,122,141,124,124,131,129,127,127,123,119,126,136,128,119,132
133,118,120,127,123,109,111,109,108,106,106,109,102,97,123,116,97,97,104,106,100,107,108,103,118,109,110,113,115,116,97,117,119,115,116,120,115,125,123,108,102,113,115,119,102,115,119,107,111,105,124,118,121,118,122,126,113,116,99,116,119,118,125,122,119,115,130,107,108,121,109,115,99,117,118,109,117,104,111,119,100,120,116,111,112,119,100,110,120,120,110,107,115,118,122,123,122,117,115,116,103,112,105,117,119,116,122,112,116,105,104,116,112,122,103,107,108,110,118,109,124,99,99,117,99,116,113,124,102,108,105,106,97,115,112,121,113,115,113,117,115,126,102,110,108,122,120,115,115,107,115,110,118,124,118,129,109,107,109,106,110,128,130,115,118,115,113,116,111,120,110,102,104,112,109,105,103,108,106,111,115,120,113,129,108,110,102,110,115,115,115,115,115,106,118,116,128
118,137,137,135,133,131,130,131,131,132,131,130,134,131,136,138,130,135,138,132,141,143,139,133,146,133,139,145,137,138,129,149,152,136,139,141,136,141,145,138,131,137,135,133,133,138,139,136,132,136,134,139,135,136,133,139,135,134,129,136,126,129,127,142,139,137,139,134,132,144,135,132,128,137,136,128,136,130,126,129,131,128,130,130,134,129,129,134,135,127,137,139,129,131,129,130,132,138,133,130,128,132,137,133,130,131,129,134,126,129,135,132,133,129,128,133,129,127,118,127,122,126,131,125,133,141,131,128,126,131,132,133,128,135,128,129,136,137,149,137,131,129,123,137,136,139,143,139,134,134,134,135,142,132,131,133,124,130,129,134,137,131,131,135,128,135,136,132,126,131,129,130,130,135,135,136,138,131,131,132,138,139,131,130,132,128,131,134,134,133,138,139,136,134,137,138,130
119,102,100,119,131,127,129,129,129,126,125,128,122,107,126,110,111,102,104,100,119,113,135,133,119,115,110,111,122,125,115,110,121,111,113,100,113,111,112,127,130,113,126,132,124,117,112,129,131,138,118,130,121,119,116,118,131,133,129,121,117,123,115,112,124,120,122,126,136,132,135,135,129,124,125,129,130,135,113,98,132,109,99,132,130,129,128,113,112,120,126,128,117,108,112,112,105,111,130,124,130,112,127,122,116,113,100,125,115,121,122,124,129,121,128,127,118,121,123,130,115,135,132,115,132,120,131,123,122,120,131,134,136,123,111,115,107,111,113,111,124,119,119,124,117,118,121,109,110,129,115,125,113,115,118,116,124,118,110,135,116,113,110,136,127,124,127,116,122,125,130,125,127,134,138,129,134,133,125,124,118,99,126,143,126,123,126,126,127,132,132,129,129,137,124,115,131
137,115,120,115,116,115,116,111,111,117,118,116,120,118,115,124,118,125,133,131,133,121,118,129,128,124,133,123,121,122,128,115,122,136,128,132,133,130,132,119,135,132,119,120,124,130,129,127,126,123,130,119,138,133,127,126,113,120,121,132,138,132,126,131,115,124,133,126,125,115,115,119,119,131,139,123,113,138,127,130,134,136,135,128,116,119,118,121,130,135,130,124,133,136,129,128,125,130,118,121,121,135,129,141,134,131,131,118,136,120,132,133,118,121,121,122,131,129,131,120,122,135,134,134,134,135,116,124,122,137,132,128,133,122,128,131,131,133,127,137,117,121,121,128,119,130,129,137,138,128,128,125,135,115,115,117,123,135,130,121,125,120,120,115,120,122,123,118,116,117,111,126,133,123,119,119,117,122,115,113,112,111,112,118,116,110,119,115,115,113,115,116,121,118,121,112,122
107,129,122,138,137,145,147,143,144,145,144,146,139,139,147,133,131,133,135,138,143,135,139,144,138,138,138,139,145,139,134,139,139,144,138,148,136,144,145,142,120,130,145,139,142,137,143,124,143,145,143,146,139,137,137,145,137,136,141,143,142,145,139,136,141,139,147,128,141,145,138,136,139,148,145,152,136,118,136,133,121,133,131,123,137,135,139,136,138,139,148,142,139,126,131,133,133,134,139,134,142,133,127,137,129,136,135,138,131,148,146,147,139,135,142,155,146,141,139,143,150,120,126,146,122,141,135,133,139,149,123,139,120,127,144,132,131,127,139,134,135,134,134,129,154,131,131,142,126,136,127,137,141,142,143,134,128,131,145,144,139,151,143,147,151,128,125,150,135,136,141,141,124,128,139,152,145,148,142,142,141,135,142,132,135,146,141,138,138,138,139,143,139,133,131,143,127
121,130,126,128,131,131,134,134,133,134,133,133,139,144,129,126,137,141,152,142,154,145,135,148,147,151,155,150,131,123,138,149,150,149,145,147,149,139,143,139,143,147,129,125,134,152,148,139,138,139,146,129,151,145,142,147,131,127,132,146,154,144,136,143,130,135,148,136,136,139,133,125,134,152,152,133,126,150,148,146,149,146,149,159,131,118,132,150,156,149,152,141,144,152,149,152,152,157,129,122,132,154,142,162,145,149,146,137,152,143,152,162,130,120,131,148,158,147,144,141,137,152,154,155,152,163,128,113,135,158,146,151,154,130,151,152,155,154,152,156,130,119,134,151,146,152,149,151,141,145,148,146,152,135,130,121,130,156,155,145,152,137,139,136,138,133,136,134,133,131,132,145,147,136,137,138,141,145,137,137,138,128,129,126,136,132,139,138,136,135,139,138,139,133,139,134,131
131,147,144,144,145,137,138,137,139,138,136,141,143,146,147,145,147,145,141,142,151,144,137,139,141,139,139,142,142,146,147,133,131,141,139,137,139,132,135,137,180,136,142,146,139,129,130,196,137,136,136,131,139,139,130,133,135,142,138,129,132,134,135,135,130,130,132,203,138,133,136,142,137,133,131,138,131,162,139,135,165,135,136,148,138,144,136,135,137,139,139,139,143,139,142,142,142,141,138,141,137,143,194,142,141,139,139,133,141,136,141,136,137,145,136,133,139,142,144,134,132,157,157,137,154,138,138,146,138,142,187,139,157,215,135,136,139,147,146,141,139,148,138,147,139,148,152,154,145,144,135,133,129,131,142,145,136,142,134,139,139,137,127,128,132,215,212,135,136,139,136,136,175,132,130,139,132,146,137,139,142,131,135,142,134,133,135,137,138,139,138,143,147,143,143,130,146
133,123,125,128,130,128,129,129,129,130,130,129,128,125,132,128,130,123,119,122,124,124,126,121,115,121,116,118,130,134,125,110,115,117,113,115,118,117,120,126,124,119,128,134,130,116,115,119,126,126,111,123,118,116,118,115,129,131,131,111,115,110,111,111,123,119,115,120,129,128,126,132,130,112,119,123,124,127,118,115,124,119,115,122,128,135,130,118,118,119,124,129,124,115,117,120,120,120,131,132,131,119,120,118,120,119,121,129,120,125,124,120,128,133,129,124,119,119,117,127,121,125,126,117,128,121,127,133,129,119,120,127,126,118,119,119,122,120,122,112,130,130,126,119,123,122,125,118,118,128,119,128,121,122,131,128,125,119,120,130,119,113,112,126,123,118,117,124,125,130,128,125,122,129,128,127,126,130,129,129,129,124,125,122,128,129,130,129,127,127,125,129,128,126,123,126,125
143,128,124,148,139,130,131,134,132,135,131,130,128,127,139,135,119,130,120,124,131,142,126,120,136,134,122,136,135,147,129,139,135,134,135,132,127,132,132,117,135,125,132,148,129,126,126,139,131,128,137,125,124,117,128,128,142,139,123,124,115,119,128,123,130,129,126,139,124,130,132,133,121,128,129,123,134,139,135,128,138,130,127,119,129,135,126,134,122,123,132,125,122,127,123,119,129,115,131,132,123,120,127,115,127,115,127,119,112,122,115,121,130,136,126,123,113,128,143,131,137,132,128,122,131,121,130,143,119,122,133,122,127,139,142,134,136,127,124,125,131,144,131,120,128,121,133,121,125,133,138,109,121,124,141,149,137,121,120,118,115,130,126,123,135,138,137,121,130,130,126,125,134,128,121,118,122,115,123,127,129,146,136,146,136,134,130,128,127,131,135,138,150,136,143,145,148
143,152,133,142,139,151,147,150,154,157,149,154,150,150,151,139,148,139,129,127,135,137,150,129,123,136,124,126,155,152,135,139,137,125,132,141,122,132,136,152,138,123,155,154,145,124,119,134,145,152,121,151,117,126,135,136,160,156,148,122,109,127,126,125,150,147,128,134,142,157,157,156,154,136,132,150,151,134,138,126,128,127,122,136,155,150,147,132,122,115,128,145,138,128,121,116,118,116,151,151,145,122,128,107,106,111,122,151,120,143,139,139,152,145,146,161,139,135,115,148,151,138,139,135,139,135,156,139,146,141,130,144,133,133,135,121,139,127,143,136,149,145,143,139,155,122,115,110,109,134,126,152,147,157,158,152,139,134,139,150,131,129,130,152,149,133,132,158,152,144,152,150,135,152,155,154,157,155,149,150,149,134,149,142,157,152,145,149,152,152,149,147,150,152,150,144,144
139,126,115,133,142,141,138,139,141,138,135,142,138,124,132,112,126,125,115,113,136,118,137,129,119,112,119,117,135,134,121,125,123,108,118,116,112,117,112,141,130,112,138,135,134,111,113,128,137,148,117,141,124,110,119,121,138,135,137,115,118,113,113,115,138,127,118,132,136,138,134,139,138,119,119,134,144,133,117,115,127,112,111,119,139,135,138,124,115,110,121,139,131,121,108,115,115,116,135,139,138,118,130,115,106,115,118,144,110,133,128,128,137,132,138,133,130,130,119,139,137,131,126,117,129,119,138,130,135,122,132,132,131,129,124,115,120,113,115,118,137,133,131,120,139,115,111,116,117,127,115,131,124,128,132,135,129,123,125,139,121,127,128,141,129,128,130,132,137,138,139,136,133,145,142,139,139,139,130,136,137,115,142,131,133,139,136,134,141,141,138,138,129,130,128,136,135
131,147,152,137,142,132,132,136,137,139,138,133,125,138,144,154,136,141,136,136,133,130,128,127,128,131,132,129,139,142,145,122,121,130,116,125,126,125,134,127,115,142,141,144,137,134,135,117,122,123,129,127,139,130,127,136,133,139,134,128,136,122,117,128,134,131,132,118,122,128,133,138,131,126,129,119,125,115,116,128,115,137,143,143,137,146,132,133,141,143,134,123,133,134,145,146,152,154,139,139,134,144,116,134,138,148,139,125,147,126,135,149,138,149,139,121,131,142,139,128,137,112,112,139,118,147,139,154,132,142,119,139,110,131,142,145,148,152,152,141,139,154,144,152,131,152,144,141,143,138,144,134,149,147,141,149,145,135,130,120,133,136,139,130,127,130,129,144,133,136,136,124,108,124,127,125,121,121,138,137,139,157,138,160,136,131,139,137,132,138,145,145,144,125,147,138,152
126,115,128,107,93,94,94,96,94,95,91,91,102,98,102,119,100,108,105,112,102,102,90,96,112,102,109,115,95,107,105,116,112,118,111,113,113,109,115,104,133,117,97,111,97,111,113,125,97,103,108,92,112,123,124,109,97,113,100,112,113,115,109,117,90,97,115,125,109,104,95,113,105,103,108,104,93,119,86,110,132,115,119,118,93,113,98,109,115,115,117,104,92,99,104,118,118,123,97,119,99,110,124,112,108,115,115,92,115,96,108,112,93,123,100,96,95,96,112,96,92,123,128,102,122,116,95,124,104,115,131,104,129,123,102,120,108,128,113,115,100,122,119,121,86,124,123,111,123,96,127,118,107,108,108,113,124,121,111,102,117,110,112,93,110,123,125,104,96,92,91,106,128,109,99,102,102,115,94,96,103,120,100,107,99,96,95,94,93,94,93,94,99,106,108,102,105
129,126,137,130,118,118,116,116,118,118,119,115,108,134,131,135,126,125,129,135,120,126,117,120,131,128,128,134,110,118,128,123,129,130,125,116,127,120,121,109,120,138,108,115,117,137,135,127,102,105,117,107,120,131,108,131,104,115,113,134,126,117,132,120,115,111,120,128,113,125,110,112,113,118,126,109,111,113,117,128,120,127,124,133,109,118,115,122,133,137,128,113,113,123,135,137,146,146,107,116,115,135,129,136,136,129,124,113,129,112,116,126,108,116,112,118,115,115,120,100,95,112,117,115,119,134,110,124,120,123,123,112,119,130,119,122,128,136,139,143,112,122,124,138,121,141,152,126,127,117,132,115,123,123,108,123,131,138,133,115,125,129,125,112,121,132,132,134,117,117,118,120,120,105,112,115,110,116,116,117,126,143,130,132,121,115,115,119,119,119,129,130,127,118,133,127,144
125,129,116,129,133,139,135,132,131,130,133,135,139,136,130,127,133,131,120,121,139,122,146,136,105,127,121,113,146,123,123,103,104,117,116,110,120,121,115,142,124,117,145,127,131,115,119,122,139,150,121,143,134,130,128,123,145,132,136,109,122,117,120,127,149,132,127,125,145,139,145,132,136,117,124,130,146,133,116,122,129,131,126,118,143,128,134,109,113,117,122,141,128,122,121,129,122,122,141,133,132,120,127,130,130,126,133,143,130,142,136,123,147,136,138,126,135,126,111,142,126,124,123,121,124,129,145,134,138,126,124,128,128,122,120,116,120,120,128,113,146,135,119,116,127,115,119,132,129,146,118,142,137,134,137,138,110,128,125,138,138,124,121,145,122,123,125,137,146,151,134,137,124,139,145,139,146,139,135,139,139,124,148,133,136,133,137,138,142,139,139,132,127,146,137,137,146
134,105,115,113,102,97,98,97,98,99,99,100,104,108,106,117,100,115,113,118,110,110,95,103,111,111,116,115,99,111,106,118,113,112,104,115,115,115,100,100,137,120,99,107,97,121,119,131,105,105,116,95,117,117,111,113,98,107,100,117,120,105,116,116,95,98,118,130,108,97,97,106,100,106,123,104,99,137,116,115,138,115,116,115,96,112,99,107,112,115,109,102,104,116,118,117,120,120,99,111,102,117,130,113,115,109,117,98,119,100,110,118,99,115,102,100,103,103,111,96,112,138,139,112,135,118,102,115,102,109,135,108,136,125,113,115,108,122,102,112,100,110,110,107,99,118,115,112,116,105,115,105,100,100,106,107,113,108,110,95,104,106,115,94,100,125,127,98,98,104,95,99,136,107,97,97,99,109,96,96,95,89,92,112,94,94,96,97,96,94,99,102,111,112,117,89,111
104,126,138,122,120,116,115,115,115,115,117,119,117,126,124,129,122,132,135,134,126,135,127,130,132,144,132,130,116,115,132,139,142,138,139,132,134,130,130,129,126,144,115,112,120,143,141,122,123,120,133,124,141,139,134,127,126,110,116,137,139,147,147,139,128,130,141,123,132,121,122,112,117,128,133,125,129,123,137,141,127,136,139,136,120,115,115,139,138,138,126,115,125,136,139,142,139,139,117,112,113,139,121,137,141,137,139,128,142,134,137,143,120,112,115,127,129,137,136,128,143,128,129,142,125,144,119,117,115,136,124,141,128,121,139,135,141,139,136,137,118,116,115,131,125,133,137,137,134,129,137,127,138,121,129,123,120,137,132,127,134,128,131,124,131,122,120,126,122,123,120,122,124,119,123,126,123,117,121,120,123,129,119,120,117,119,127,123,122,119,121,120,121,127,121,123,119
119,150,137,155,158,148,154,152,152,152,156,152,148,142,152,126,147,129,136,130,138,137,146,137,122,128,130,130,145,146,132,125,131,120,135,125,119,108,135,151,137,124,147,156,146,129,122,139,139,142,112,138,119,124,120,121,150,157,145,121,113,128,124,124,143,127,109,133,138,133,149,154,144,120,102,134,145,136,135,122,138,121,130,130,148,145,143,133,126,128,143,149,157,134,127,131,129,127,146,147,143,124,131,119,129,127,111,142,120,139,138,119,148,148,145,138,131,136,117,141,125,133,134,119,139,120,147,145,144,129,127,143,134,132,121,123,125,123,139,129,144,148,135,129,143,131,139,127,119,127,111,142,131,128,127,150,129,137,128,149,133,109,111,143,129,134,131,139,142,139,146,155,135,151,152,141,150,141,148,151,151,141,145,138,154,147,144,146,150,151,149,148,145,147,134,141,141
128,159,160,148,155,161,160,161,158,160,159,159,148,157,158,151,149,143,139,149,141,146,148,148,121,141,143,143,155,154,135,132,130,135,148,128,127,112,132,157,122,137,156,145,154,133,126,116,139,139,126,150,121,139,135,115,146,152,155,120,125,131,135,125,138,138,118,118,126,122,154,152,156,128,116,129,143,128,126,133,116,124,137,135,156,151,155,138,137,136,156,156,151,133,133,139,152,141,156,149,157,132,130,143,139,146,139,152,137,150,149,126,154,144,155,144,149,139,123,151,126,126,121,129,133,139,159,137,159,135,122,141,126,124,133,134,137,141,148,133,155,136,151,139,138,141,146,133,133,139,125,152,145,130,143,133,151,152,152,152,152,133,126,149,142,123,119,149,155,149,158,154,122,156,155,148,152,154,157,160,162,131,152,139,148,147,149,157,156,156,152,154,141,154,157,136,132
136,111,118,115,118,122,123,120,123,120,123,125,132,126,113,107,122,125,128,127,125,131,128,131,136,128,126,130,123,108,128,131,132,129,133,132,128,134,132,125,138,126,123,110,120,123,122,138,134,130,139,127,124,126,135,137,122,115,120,134,130,131,126,125,130,130,138,137,132,134,124,115,122,133,136,137,126,142,139,128,143,129,129,124,122,111,119,124,121,121,129,128,131,126,121,120,117,119,119,113,119,122,137,130,127,126,129,129,130,131,129,132,122,115,120,130,133,136,139,130,131,142,141,130,139,125,121,112,121,135,137,132,139,134,132,123,125,118,122,123,119,118,115,116,131,117,112,127,121,129,132,128,129,123,112,117,115,130,130,130,129,129,131,125,125,135,135,120,119,117,116,127,138,126,127,124,127,136,122,122,121,121,122,117,120,119,124,118,120,123,126,123,126,128,126,123,120
130,102,115,119,112,104,108,111,111,111,106,106,116,100,109,109,97,102,100,98,113,98,109,106,109,106,98,95,109,106,94,97,111,104,100,103,99,102,112,110,131,99,108,111,105,96,99,133,111,116,109,115,105,110,105,98,106,111,106,90,102,100,121,100,109,102,109,129,105,107,107,115,111,96,103,107,108,131,110,102,137,105,98,108,115,117,107,98,102,110,118,118,111,98,119,111,120,124,108,115,108,103,136,115,117,111,117,115,115,110,115,97,112,111,109,100,106,106,119,111,112,131,133,117,133,106,108,112,112,100,134,111,136,128,106,115,110,115,110,99,109,110,106,112,105,123,129,117,105,109,103,116,97,104,111,106,111,106,109,113,100,110,116,109,108,124,124,110,104,109,113,115,133,119,115,110,116,121,109,111,108,102,100,104,109,108,104,108,107,110,107,103,107,117,104,108,99
128,133,139,124,127,128,126,128,129,128,130,128,135,134,133,135,135,136,138,137,137,129,128,130,134,135,131,128,128,135,132,133,130,132,134,135,130,129,130,125,165,128,127,133,131,135,128,182,129,129,120,122,128,128,129,130,126,132,128,129,127,136,134,134,125,129,126,183,129,127,131,132,128,134,127,128,121,148,138,135,159,139,142,133,130,130,128,127,133,137,137,133,136,136,133,132,132,131,127,132,126,134,183,135,136,137,129,129,137,133,137,134,127,134,127,129,137,131,125,125,125,151,155,138,149,139,127,131,128,141,177,137,148,182,135,137,139,135,134,136,129,133,130,132,132,132,132,135,134,126,131,135,133,124,135,129,130,135,134,133,132,125,125,125,130,182,185,126,129,121,128,135,172,127,127,133,135,139,129,127,127,123,128,130,129,123,132,128,127,129,130,128,129,136,133,128,130
150,119,117,125,118,118,117,116,117,118,117,119,123,115,128,107,115,115,117,120,119,120,121,121,123,112,115,124,126,122,115,120,115,118,122,129,122,128,123,121,138,118,127,123,118,122,118,135,126,123,113,122,117,118,116,119,133,126,120,120,115,117,119,125,125,125,119,138,125,120,125,127,121,117,115,120,127,132,122,126,135,126,125,121,128,124,124,119,122,119,123,124,126,127,126,125,125,126,124,131,122,125,137,122,123,121,122,124,120,127,124,122,128,130,124,122,116,127,121,124,123,130,130,117,129,117,128,129,125,119,133,119,129,134,124,128,124,127,117,120,126,129,123,129,125,127,128,121,129,120,120,124,121,120,129,128,123,124,116,123,126,113,116,121,116,136,137,129,120,128,123,121,134,126,125,118,122,125,116,118,122,120,121,126,123,124,118,118,120,120,123,123,128,127,129,123,120
116,115,124,120,115,107,107,109,110,110,111,113,104,105,117,120,98,104,108,115,105,116,107,96,105,104,97,100,112,118,103,116,105,102,103,102,95,102,98,98,119,110,112,118,102,106,107,135,94,103,98,105,100,113,94,103,115,118,102,99,102,99,104,102,102,99,105,136,92,102,112,113,102,94,95,96,108,104,89,102,115,100,100,106,111,116,102,98,104,102,97,98,86,95,104,109,111,119,115,118,100,103,132,109,111,102,102,98,102,100,97,97,112,121,100,97,90,99,107,104,104,106,106,103,110,110,116,120,102,97,122,94,110,155,102,106,103,115,115,102,118,120,99,115,95,118,115,105,100,93,102,95,97,102,110,115,102,106,102,100,98,115,107,106,110,155,150,106,107,113,105,100,119,105,106,99,102,95,102,105,108,111,107,122,99,106,97,107,108,109,115,111,115,107,115,102,115
147,118,109,115,120,123,123,121,123,122,123,123,132,118,119,119,117,128,124,125,120,122,124,121,120,126,120,120,121,129,112,122,121,127,124,115,121,116,123,131,133,122,125,133,117,115,119,134,128,131,116,129,127,121,125,120,126,131,123,107,116,124,118,117,120,117,113,135,133,123,125,130,123,109,110,124,129,138,117,118,129,125,122,124,126,136,121,115,113,120,124,127,125,124,124,123,123,115,128,139,121,118,132,120,124,121,123,127,117,124,127,112,121,136,124,119,124,126,122,124,125,130,127,119,132,118,126,134,123,113,132,131,130,134,120,128,122,125,127,118,130,133,121,127,126,120,129,118,134,141,130,143,130,129,123,128,119,127,125,131,127,128,123,126,124,134,134,124,116,125,126,128,135,133,127,126,133,130,117,119,121,134,128,141,130,133,122,124,124,123,127,135,137,132,135,128,128
132,135,136,139,138,131,131,130,131,132,133,132,132,132,133,133,135,139,139,139,143,136,132,131,131,129,128,131,124,134,136,137,134,130,135,133,128,129,130,128,133,131,124,130,128,123,133,127,135,135,129,135,133,135,130,132,129,131,129,123,130,128,123,129,132,131,136,126,135,135,129,131,131,132,128,132,131,128,128,127,132,132,134,137,129,133,126,128,131,128,133,139,134,131,131,131,131,135,124,134,127,124,127,134,130,135,135,132,139,132,135,135,125,136,126,132,133,133,124,129,135,129,132,132,133,138,129,135,128,136,128,135,135,123,135,138,136,137,139,131,127,136,120,136,135,139,134,138,134,138,135,135,130,142,127,135,120,137,139,132,139,139,141,133,130,124,124,124,124,132,127,131,130,131,132,133,127,126,124,125,128,118,123,128,127,127,126,127,130,130,128,128,129,129,127,125,128
127,121,133,126,127,128,129,127,128,127,128,128,130,128,127,124,126,120,124,129,130,130,127,126,124,127,124,121,126,116,121,117,111,122,123,115,121,122,115,125,126,122,124,115,125,113,115,122,119,130,122,119,125,130,127,120,126,117,123,109,119,119,120,119,121,115,119,122,131,123,123,119,123,106,116,123,124,129,119,119,128,120,121,127,126,119,124,122,123,119,132,124,120,120,128,124,127,126,125,118,124,120,123,129,130,123,120,122,131,127,130,125,126,120,125,122,125,124,133,130,123,129,134,124,131,128,123,118,124,123,125,132,130,119,125,129,129,124,132,119,125,118,124,125,125,128,132,129,126,126,124,130,125,115,119,120,123,129,126,127,130,118,110,123,126,118,119,120,121,123,123,127,126,131,126,128,129,130,129,127,126,111,122,129,123,124,126,124,126,128,133,132,138,130,139,120,136
105,129,124,119,120,122,121,121,123,122,122,119,117,122,122,134,125,124,130,129,117,131,121,128,135,132,132,137,117,119,127,137,142,135,139,143,139,142,139,122,124,141,117,121,123,142,141,128,126,120,146,128,134,137,139,130,117,123,122,143,136,144,151,146,132,136,134,127,126,125,121,122,120,139,139,125,125,123,144,143,122,139,142,127,120,123,121,137,139,138,134,117,129,138,135,139,137,131,118,121,119,135,127,133,139,141,144,124,136,124,131,130,120,121,120,126,133,133,138,128,133,117,124,137,121,130,120,124,123,139,127,134,122,129,139,136,136,138,129,135,122,125,128,127,121,133,136,141,143,129,137,125,132,126,129,124,125,133,127,122,129,128,130,119,122,130,129,126,122,117,124,122,125,119,120,124,120,115,121,116,116,131,123,126,123,123,124,119,115,116,116,119,124,121,124,124,126
135,125,126,102,103,103,104,103,105,107,109,107,106,123,117,139,123,125,116,123,111,118,110,110,115,125,132,124,112,110,128,118,117,135,109,120,133,127,125,115,125,132,111,109,115,116,110,121,103,102,128,104,123,127,127,115,111,104,108,122,123,136,135,118,103,109,118,123,123,102,107,103,111,118,122,109,106,117,113,125,115,123,135,147,106,111,108,124,125,123,113,102,105,123,136,130,127,131,104,118,107,133,119,125,133,134,121,100,130,102,126,123,106,122,106,104,110,111,121,107,104,111,119,115,115,133,104,123,106,117,118,116,116,129,106,120,125,129,135,126,102,117,119,123,96,134,141,123,122,124,115,123,132,109,119,115,119,121,103,109,119,96,104,102,102,130,127,125,110,107,107,110,111,102,104,98,102,115,115,119,116,135,111,126,115,124,117,112,108,112,115,109,116,102,121,116,118
117,136,123,155,155,157,155,159,156,154,151,151,148,137,148,131,144,128,125,125,135,123,150,145,115,116,115,121,147,142,128,131,118,113,121,110,122,119,113,139,120,119,150,144,146,124,130,125,139,144,115,142,122,120,129,138,152,144,154,132,133,120,130,124,147,137,133,121,131,151,160,141,156,132,123,136,152,127,120,123,126,121,112,122,156,136,156,127,126,128,137,146,135,123,112,116,103,118,157,139,157,123,126,117,110,120,120,145,122,139,131,130,159,137,158,143,138,131,103,132,112,125,121,132,116,120,155,136,160,143,128,138,126,119,124,115,112,111,127,119,152,128,152,123,135,110,112,120,117,131,113,136,146,147,137,124,148,139,137,141,127,124,134,143,130,118,120,150,152,152,154,152,129,135,148,143,151,136,143,154,155,139,148,139,149,149,155,154,158,160,157,158,144,147,148,147,135
122,115,95,145,144,141,142,144,145,144,148,151,139,139,122,91,117,125,131,133,141,149,152,145,123,134,137,139,137,130,123,132,139,144,146,134,141,145,138,165,116,128,146,130,142,126,135,120,149,145,122,152,131,137,136,128,141,136,139,132,122,144,142,142,155,148,136,124,150,148,150,139,139,146,146,160,157,122,152,143,119,144,143,121,149,135,144,133,129,127,132,150,151,133,121,123,122,103,143,133,139,116,116,117,130,131,117,151,123,143,129,112,150,131,139,139,142,137,117,143,127,115,117,134,112,120,146,119,138,124,116,128,116,127,141,132,124,115,121,109,146,123,119,107,133,113,113,120,115,131,109,139,120,133,131,133,115,122,134,148,133,122,126,151,135,128,125,131,141,146,147,144,122,149,155,146,147,127,141,144,141,130,136,134,145,149,139,143,148,149,145,144,133,143,135,137,139
141,128,128,130,145,141,144,141,143,142,141,141,138,132,124,128,136,139,131,137,130,131,134,123,119,129,125,116,139,130,144,102,110,125,131,125,123,120,134,136,132,126,147,135,148,119,128,137,137,139,115,126,116,116,124,106,138,135,149,115,116,131,130,121,128,121,121,134,133,122,142,135,147,126,126,137,137,138,126,118,137,112,117,132,144,134,145,126,127,123,136,133,136,120,119,117,122,109,148,133,146,122,135,121,115,112,126,133,125,131,143,120,146,133,145,127,130,134,129,128,121,139,134,135,138,123,147,138,145,130,133,128,134,131,129,121,130,119,132,118,145,136,152,119,120,113,115,125,116,139,132,147,120,127,137,136,148,127,128,142,131,134,137,139,142,135,134,147,152,138,135,141,132,141,139,141,148,146,146,146,145,139,137,135,142,148,146,148,144,144,142,138,136,130,138,134,136
133,113,104,113,113,113,113,116,118,117,112,115,118,116,115,113,110,112,123,126,128,133,116,117,117,123,123,122,122,122,115,124,122,126,131,134,130,122,122,121,115,128,122,128,115,130,127,115,119,115,130,122,130,134,127,115,115,125,119,124,120,125,133,135,123,123,135,115,123,115,119,123,122,119,119,118,122,112,131,130,115,124,116,118,115,126,120,120,121,123,121,123,122,130,124,126,121,125,120,124,119,119,115,124,125,128,128,129,129,121,120,115,119,129,118,118,120,124,120,124,122,111,115,129,111,113,118,131,117,117,113,129,119,115,121,127,117,123,115,108,119,128,118,122,120,124,119,121,122,122,118,118,115,109,121,122,116,110,110,119,119,110,115,119,112,117,115,118,117,122,118,121,116,116,120,117,115,116,115,119,122,109,116,122,118,120,115,118,121,120,118,121,119,112,122,115,115
138,127,129,124,127,131,128,128,130,131,128,131,129,125,123,121,124,123,122,129,131,137,131,130,139,132,126,126,119,116,120,130,128,129,127,128,127,123,125,130,131,121,121,115,125,121,120,137,133,133,130,127,125,128,126,118,124,113,128,123,123,127,126,125,128,131,128,136,130,130,129,116,129,124,123,133,130,131,127,125,128,127,125,133,125,115,127,128,130,129,136,131,128,124,131,131,135,134,121,113,125,124,135,130,129,130,127,133,133,132,130,126,122,113,124,128,127,131,138,135,133,130,126,131,124,128,122,115,126,127,132,137,132,142,131,130,132,135,135,126,123,113,123,131,130,135,134,137,127,136,132,135,126,124,127,116,123,127,130,136,133,134,131,133,137,142,139,127,123,122,129,131,129,127,132,138,132,131,124,124,123,122,121,112,124,127,126,126,125,124,117,120,115,120,115,122,112
107,134,128,115,129,138,138,138,137,138,141,135,131,141,132,120,139,133,139,138,138,137,143,141,122,124,135,131,141,131,137,142,136,136,123,112,134,122,121,141,121,134,139,130,139,138,134,118,129,139,128,137,131,128,129,133,137,132,141,136,135,127,113,131,127,119,127,118,138,138,139,132,142,131,142,137,137,125,122,125,122,128,124,132,133,130,138,130,126,123,130,133,132,125,119,118,116,117,137,126,139,120,116,130,124,127,125,139,127,130,130,135,137,119,139,128,134,133,117,132,124,131,129,126,128,122,134,111,134,130,125,135,128,118,123,127,118,118,116,124,127,104,123,120,130,106,112,129,121,135,124,133,144,131,118,112,122,119,125,138,129,119,133,143,128,121,120,133,130,129,132,131,121,143,139,135,144,136,142,134,130,131,130,115,135,129,138,135,132,127,123,127,126,128,122,134,119
134,131,108,145,142,138,142,139,137,134,137,144,147,144,145,108,138,134,128,124,141,119,148,141,133,129,128,120,155,129,132,125,126,116,113,112,113,111,128,137,128,115,155,127,145,111,117,130,130,152,119,144,121,116,127,120,142,137,144,118,118,128,115,108,139,132,121,135,147,142,145,137,148,132,132,136,139,133,115,111,133,113,111,136,145,131,148,126,116,109,122,141,126,121,111,117,118,115,146,130,149,118,132,127,115,113,122,149,117,147,152,130,146,123,147,139,139,136,108,139,125,132,137,134,146,130,149,125,148,130,131,136,133,132,115,102,116,122,135,121,148,126,139,119,139,121,115,112,102,128,117,148,121,133,136,135,139,129,136,147,128,129,131,145,138,133,134,149,147,144,145,146,132,151,151,148,148,149,143,145,149,147,150,139,148,143,150,144,149,146,146,152,150,146,145,151,147
132,125,123,128,125,120,126,130,129,125,124,124,122,122,121,139,129,123,129,134,120,134,124,130,141,128,142,152,115,131,128,137,143,147,132,149,145,135,132,124,135,144,120,137,118,139,128,132,139,128,139,121,128,125,135,142,124,131,124,138,143,143,129,131,123,136,136,136,122,129,126,128,123,148,146,122,122,132,143,138,129,137,142,145,118,123,126,132,131,139,125,128,139,142,130,126,126,128,123,124,129,139,131,138,142,128,129,117,136,129,141,139,125,132,128,133,122,137,125,122,128,135,135,135,136,131,121,139,124,144,126,132,134,133,136,125,144,133,136,129,126,133,138,134,117,123,126,130,131,129,132,127,138,125,118,120,145,142,129,128,134,131,133,125,125,136,133,133,118,121,123,128,129,125,123,119,123,122,122,122,124,121,115,111,117,122,125,127,118,117,115,112,111,118,113,118,112
121,133,139,135,133,135,136,137,136,139,139,134,124,144,123,141,133,150,152,149,141,137,131,141,133,144,150,144,134,131,142,135,139,148,143,137,143,138,151,134,125,155,133,133,132,149,150,122,128,121,139,124,149,148,142,131,128,132,135,139,151,145,138,142,121,123,142,123,133,126,130,130,135,138,144,133,120,121,145,154,126,148,150,145,133,133,136,143,147,152,147,122,141,143,145,141,143,152,135,133,138,144,126,152,146,151,137,123,150,126,138,133,135,136,136,126,136,130,123,119,122,120,123,141,123,142,138,138,135,147,125,129,124,125,139,145,151,141,134,141,134,131,148,133,128,136,135,152,149,126,134,130,137,112,121,132,149,136,142,123,134,124,127,119,124,125,124,126,135,129,126,128,124,126,128,130,126,127,137,136,133,122,126,130,128,121,134,137,133,129,126,126,127,126,129,124,130
116,126,123,126,125,122,122,123,123,123,123,124,126,128,123,126,125,125,126,129,118,127,122,126,132,128,133,133,118,126,127,129,132,131,125,129,134,134,131,121,123,135,116,126,120,136,136,121,117,118,132,119,129,130,130,131,119,125,117,139,135,131,128,132,122,128,132,122,122,121,121,124,118,137,136,122,119,120,128,130,122,129,130,126,121,128,119,137,139,135,133,123,128,131,133,137,137,133,119,126,117,134,123,130,135,133,124,118,128,117,121,131,119,126,115,121,123,119,129,115,122,122,119,126,124,135,118,129,119,127,123,119,119,124,124,134,130,132,130,132,119,128,120,133,127,128,130,134,131,126,128,118,119,119,125,124,121,128,123,120,123,121,124,121,123,124,124,118,120,124,124,120,123,125,121,117,120,119,118,121,123,132,128,122,127,124,117,120,120,122,123,124,124,125,121,131,129
117,163,146,141,149,151,154,156,154,152,152,151,145,135,143,155,141,128,128,127,139,126,154,143,125,133,120,118,152,158,134,119,110,125,133,118,120,115,126,159,127,112,154,152,154,129,112,131,150,143,121,145,125,135,128,119,155,149,149,120,108,135,146,128,135,132,106,131,139,129,152,146,151,129,109,137,150,125,134,136,124,130,130,122,157,142,152,125,119,132,137,151,139,138,131,131,135,132,152,139,152,116,125,128,123,123,118,143,115,138,138,115,151,136,150,133,121,130,110,137,115,122,123,121,130,122,156,133,146,119,116,131,124,127,122,119,113,125,136,122,152,135,143,122,135,128,132,136,129,144,119,137,128,147,149,144,138,136,139,141,138,120,130,148,127,131,128,139,148,137,149,150,125,150,156,151,148,144,149,150,149,155,152,135,154,151,148,154,155,154,146,147,135,137,133,162,133
126,117,113,115,115,118,115,113,115,116,115,116,123,120,108,116,118,123,115,118,136,127,124,128,127,130,126,119,122,120,125,126,126,134,135,128,131,132,124,131,129,131,122,110,123,129,125,127,135,134,138,133,141,139,133,134,130,113,122,136,137,142,139,145,126,128,139,130,141,129,130,112,124,136,133,144,131,137,141,136,128,136,139,142,126,116,118,131,137,135,142,131,132,138,132,137,132,131,121,116,116,135,125,132,134,137,137,134,139,136,124,131,125,113,119,135,136,136,139,136,133,129,133,142,134,126,122,110,123,134,123,137,135,125,130,132,123,128,123,126,119,110,118,130,131,133,125,132,135,138,128,128,124,130,124,112,119,126,131,127,132,137,133,129,134,125,124,117,125,125,122,125,123,120,124,129,125,120,120,120,118,112,124,128,123,122,127,121,123,123,125,120,117,120,120,115,134
100,102,102,102,102,107,108,107,107,106,106,110,122,98,99,102,102,91,96,98,99,95,110,102,95,99,102,99,103,104,100,96,98,102,102,98,102,97,98,108,141,103,107,99,102,99,99,155,102,116,98,99,94,97,98,100,115,100,107,98,97,96,102,102,99,93,95,162,94,99,113,104,110,92,98,94,109,134,102,100,136,99,93,93,115,102,109,98,96,94,88,115,104,102,98,94,95,96,106,100,106,100,152,96,98,99,89,105,92,98,92,92,112,104,107,97,98,94,94,104,95,131,132,102,134,100,111,103,104,99,148,95,136,178,94,98,92,98,97,99,107,103,103,92,92,102,96,100,97,91,87,87,93,95,104,98,102,94,92,103,92,91,93,104,91,178,174,95,106,107,109,102,142,116,112,104,112,115,105,108,107,99,106,104,106,103,102,105,106,108,106,103,102,116,100,105,108
136,131,121,118,121,130,126,131,131,133,130,133,128,146,128,122,138,138,147,142,142,139,131,138,135,146,145,136,122,111,133,130,132,135,134,136,134,131,122,136,123,134,118,107,126,130,132,123,146,136,135,139,139,139,138,126,124,113,131,135,148,146,137,138,132,138,134,126,148,133,123,117,135,135,142,148,137,135,138,139,127,146,137,135,123,117,133,130,133,141,135,136,145,134,137,135,127,128,113,117,129,128,122,141,136,143,141,139,143,133,141,126,118,115,130,131,141,139,139,138,135,137,135,144,128,131,116,111,130,135,124,134,133,127,129,129,136,127,124,117,115,113,126,123,133,126,115,135,134,130,127,142,128,125,122,120,128,129,132,138,141,129,134,130,129,127,122,125,118,129,133,130,125,132,132,133,128,130,123,123,116,128,122,118,126,125,131,127,122,121,123,124,129,136,127,120,115
128,138,137,145,143,131,133,131,132,134,132,133,137,135,139,135,132,131,142,142,133,139,131,138,139,139,139,141,138,134,132,146,139,142,143,141,141,148,132,132,129,145,136,129,131,143,142,131,133,126,142,132,141,144,143,141,133,128,132,141,148,144,139,139,135,131,144,128,144,133,132,131,133,137,143,137,126,132,141,142,132,137,136,137,134,127,129,141,136,137,141,128,132,134,139,138,135,142,135,131,129,139,126,141,144,136,146,133,139,135,138,138,134,131,132,137,144,128,141,131,139,131,133,131,133,146,134,134,133,136,132,135,134,125,137,139,142,144,142,150,135,132,133,137,136,139,146,149,150,144,147,138,139,124,128,130,132,142,139,134,141,126,129,126,126,126,127,139,135,137,133,134,132,125,126,129,130,133,130,132,137,127,136,132,132,132,129,130,134,135,134,134,130,125,131,131,135
128,130,128,125,127,130,131,129,130,128,129,129,126,128,131,128,125,125,123,125,123,126,128,124,122,123,123,124,128,126,121,124,122,122,126,124,121,123,118,125,126,118,127,125,126,119,119,126,128,128,120,124,121,120,119,122,129,124,125,122,118,122,126,124,126,128,124,126,122,123,127,124,126,121,120,124,126,128,122,120,127,122,126,124,129,125,126,124,121,121,117,125,123,121,121,120,121,123,127,124,128,121,127,119,121,121,123,125,123,128,120,124,128,123,128,127,122,123,124,126,128,131,126,119,128,122,126,123,127,120,127,123,130,126,119,122,115,120,122,121,125,124,123,124,122,122,123,124,124,127,123,122,124,128,127,125,123,123,122,127,127,130,130,129,131,125,125,126,125,125,127,126,130,132,131,125,128,127,126,126,124,120,127,123,127,123,123,124,126,125,125,124,122,126,124,122,125
130,128,145,120,119,115,112,116,118,115,116,115,123,124,129,119,122,117,126,127,110,117,115,119,105,120,124,125,118,115,119,107,109,122,110,102,120,105,104,115,141,125,118,119,113,128,117,135,103,107,115,102,115,115,107,109,109,113,110,120,120,123,129,110,105,105,107,135,117,102,107,108,108,115,108,109,104,133,108,117,133,120,127,130,115,106,108,120,116,132,110,116,119,135,138,126,137,131,113,104,110,133,135,122,128,121,116,111,119,113,133,115,113,112,113,104,115,126,133,107,102,131,130,119,130,126,117,125,116,115,128,118,134,128,121,129,137,129,123,133,115,127,120,134,126,124,125,123,120,108,118,112,125,108,122,117,127,132,121,112,116,100,98,106,102,129,130,108,118,121,122,115,128,112,105,102,106,105,109,109,109,115,116,115,117,106,103,109,109,110,115,118,118,123,122,117,112
134,139,133,137,147,137,141,138,134,128,134,139,138,116,141,132,129,117,115,115,128,118,134,126,115,117,112,113,145,138,128,110,107,108,118,103,116,112,106,128,129,109,143,139,134,117,110,127,124,130,115,120,113,102,107,107,142,142,137,103,108,110,111,115,115,103,100,123,117,119,134,144,137,106,102,113,124,122,115,112,126,110,111,113,139,142,144,116,116,112,118,132,128,125,124,117,119,111,141,143,142,121,128,115,118,115,102,126,116,122,125,116,139,141,139,121,126,113,109,131,110,119,126,109,125,110,139,141,138,117,129,127,130,125,109,110,117,121,126,108,142,143,141,124,126,131,125,119,112,129,111,122,116,117,139,138,145,111,111,134,124,106,108,131,113,126,127,115,134,141,143,123,122,132,134,123,131,127,131,136,134,130,138,116,136,132,132,138,137,136,133,131,121,134,121,135,122
135,132,135,133,129,131,132,131,132,132,132,134,131,131,128,135,131,124,118,118,119,122,129,120,124,122,116,115,130,128,131,121,123,117,119,124,113,117,126,125,129,116,132,129,130,115,117,124,134,128,122,129,121,120,113,113,134,129,129,118,118,121,119,120,124,128,127,126,120,122,131,128,130,115,115,127,130,127,131,122,130,120,121,112,133,129,129,115,122,121,125,127,131,121,121,119,119,122,129,127,129,116,125,121,125,123,132,129,120,130,119,115,131,125,126,127,122,132,133,127,126,129,131,124,125,118,128,124,127,119,127,122,130,125,125,124,119,118,122,116,128,127,125,121,125,122,128,133,128,131,127,121,124,125,128,126,127,128,126,127,125,126,126,128,126,125,124,120,127,133,131,128,127,137,129,127,127,128,126,129,130,135,132,120,132,131,130,129,127,125,124,124,123,132,123,127,121
128,150,155,130,146,137,138,138,137,134,137,135,138,131,135,144,139,117,131,133,131,134,131,127,115,126,130,127,136,142,139,127,126,126,136,129,129,125,122,137,138,134,136,141,139,126,124,135,137,131,126,130,134,128,133,128,129,137,142,123,126,126,131,131,134,125,122,131,134,141,134,139,139,128,126,124,129,131,132,127,137,125,131,122,136,141,139,128,123,129,130,141,137,142,134,122,119,117,139,135,139,123,130,113,120,122,113,134,122,129,128,117,134,134,139,132,132,124,115,136,129,131,135,127,137,121,132,134,134,117,129,136,131,130,122,119,122,118,121,115,135,128,141,107,129,120,112,117,111,117,107,113,113,122,121,120,135,99,110,124,102,104,106,126,108,126,128,118,135,131,135,119,128,122,125,113,121,119,132,138,139,117,128,136,134,123,130,139,137,139,142,141,137,133,133,116,135
122,133,137,127,129,130,131,127,124,125,130,129,122,125,124,134,125,124,124,122,127,118,135,132,131,125,120,134,121,142,120,130,139,125,129,129,124,126,134,127,125,127,123,141,132,122,122,121,133,133,124,136,130,133,139,139,121,143,130,127,127,123,123,126,131,139,127,123,131,144,132,139,130,134,131,134,135,124,126,128,126,133,130,128,134,142,130,132,129,129,120,138,136,127,129,133,136,137,128,139,130,123,120,125,124,134,128,135,122,130,124,133,130,142,134,135,134,128,127,131,119,120,122,137,124,127,135,139,134,129,127,125,123,124,127,131,130,135,143,139,132,141,130,137,144,139,130,132,133,134,131,139,144,145,126,144,127,135,136,134,135,132,128,134,133,127,128,137,128,139,135,136,125,139,137,133,130,134,132,130,132,133,131,115,135,136,131,128,126,125,124,125,123,124,124,133,124
146,127,110,139,136,128,132,134,131,127,125,132,138,121,137,116,118,115,102,109,124,113,124,115,118,107,102,104,145,139,110,115,109,102,102,123,111,119,123,119,141,102,142,144,124,97,108,144,133,135,124,131,111,107,111,115,135,149,130,113,109,102,123,108,131,130,122,147,125,126,127,145,129,113,111,129,132,151,117,106,145,110,98,115,133,151,135,111,105,97,122,131,119,102,103,110,103,115,141,150,138,99,148,107,106,105,130,133,116,128,122,126,136,148,138,128,115,119,125,133,139,142,138,115,139,117,137,149,138,115,146,126,133,147,118,106,112,108,115,118,139,147,145,123,127,118,120,126,115,124,118,136,130,135,150,144,154,116,120,131,130,138,135,137,133,146,145,145,133,135,134,130,141,141,135,131,132,138,138,137,133,160,145,133,138,138,139,139,137,138,137,139,133,135,130,154,135
123,133,131,100,113,128,126,125,125,127,129,123,119,133,119,133,133,137,139,136,132,126,122,124,109,127,119,115,126,117,133,107,112,117,120,104,123,112,108,119,115,125,122,113,128,126,123,116,121,119,116,108,119,115,110,100,111,111,124,113,126,115,115,113,108,109,115,117,115,107,117,113,124,113,121,116,115,120,115,124,119,126,119,120,123,111,127,116,130,136,132,119,120,125,136,133,137,135,124,113,131,137,122,136,133,142,132,122,147,121,141,121,125,123,133,129,136,129,131,126,123,125,127,131,125,134,123,124,134,141,123,139,127,122,137,145,151,156,143,143,127,123,142,141,130,151,146,141,151,141,145,148,147,133,121,123,146,155,147,137,154,130,129,133,141,124,123,142,135,124,131,143,133,129,133,138,129,138,141,136,138,134,138,135,137,138,139,136,130,126,130,126,127,122,131,138,133
112,110,116,115,111,116,115,115,117,119,123,121,121,129,105,105,121,127,144,141,135,136,131,134,124,139,148,138,107,109,127,130,135,148,132,129,143,123,129,129,121,152,110,99,123,147,147,122,122,126,141,121,143,143,137,131,115,103,120,136,148,136,117,134,117,116,135,120,129,120,123,105,126,135,148,122,120,122,134,142,118,142,139,143,120,108,124,150,148,149,132,133,131,149,148,141,136,143,111,106,125,158,123,148,152,150,131,124,149,129,142,154,120,109,120,119,134,136,132,125,131,113,118,135,117,139,121,104,120,135,121,137,121,123,132,143,147,142,129,130,113,109,117,139,129,135,132,131,131,117,130,128,135,110,111,110,119,131,129,126,134,116,119,125,129,122,121,130,123,119,117,128,115,115,130,125,127,115,118,115,113,103,109,98,108,113,122,117,112,108,102,109,109,105,99,110,107
111,111,125,105,110,118,115,115,115,115,113,111,120,125,102,120,122,143,138,145,135,130,115,125,132,133,128,129,108,113,136,115,127,135,135,136,134,124,138,119,127,132,109,104,120,135,132,132,118,109,119,108,128,134,133,118,106,103,118,129,123,138,133,132,112,113,123,129,125,115,109,105,116,124,132,125,108,136,130,128,127,128,130,130,105,105,112,135,139,139,143,125,129,131,132,134,135,133,104,106,115,139,132,135,132,128,123,112,127,118,120,128,104,107,112,118,117,119,109,109,111,126,134,133,131,132,103,108,115,131,126,121,128,127,124,126,128,136,131,136,102,112,120,139,111,138,139,135,133,113,129,123,125,102,104,119,122,137,123,113,123,106,108,106,113,128,127,123,112,115,115,119,123,103,109,116,118,126,119,112,110,113,111,117,111,109,121,115,111,111,104,108,108,108,102,118,115
110,117,116,116,119,128,127,123,124,123,127,126,124,119,127,106,113,113,109,111,125,108,128,124,120,117,112,118,125,117,113,115,118,120,110,116,111,111,113,118,127,109,125,117,124,110,119,124,129,132,115,128,125,113,128,119,126,123,121,123,121,122,120,113,129,131,120,124,120,127,128,124,126,120,127,126,127,129,124,116,128,125,121,121,130,123,123,126,121,117,121,125,120,112,121,111,111,118,129,128,122,111,122,116,117,120,117,127,120,124,123,120,130,121,122,123,118,121,125,133,120,128,135,126,130,116,130,122,116,117,130,126,129,121,120,117,131,115,119,121,131,124,118,125,127,122,112,126,121,115,126,128,123,121,137,127,117,119,122,126,122,126,119,124,120,119,122,126,133,128,130,128,127,131,131,126,128,122,130,132,127,138,141,138,134,137,133,132,130,133,139,138,147,136,151,141,146
126,147,142,139,146,145,146,148,149,148,144,145,145,143,144,143,141,151,149,150,147,144,146,141,146,144,134,141,131,148,152,152,155,144,145,145,156,139,146,147,124,145,132,139,146,151,148,123,144,145,147,143,142,144,133,137,139,136,145,152,141,137,144,145,141,139,139,122,135,139,139,133,143,148,146,132,139,127,131,132,125,127,128,142,137,131,142,144,134,133,143,137,146,135,139,135,139,134,137,131,143,143,124,146,145,139,147,147,143,142,150,138,139,129,139,146,152,139,138,143,139,132,134,138,131,141,136,125,139,145,128,148,126,121,131,132,144,139,143,145,135,125,143,132,139,137,134,139,133,144,137,152,150,141,128,125,138,152,156,147,146,149,148,143,150,121,120,143,139,136,137,146,121,145,150,144,146,138,139,139,136,144,137,127,142,138,139,143,139,133,130,131,129,137,123,142,126
133,122,117,123,119,135,134,135,134,135,139,135,132,143,121,131,139,139,133,133,137,138,143,133,138,139,135,139,138,131,132,143,133,135,134,134,135,134,133,137,109,139,139,132,139,138,141,121,139,137,132,138,135,144,125,145,137,133,144,139,131,131,133,136,139,134,139,120,136,144,143,136,143,139,131,139,143,115,132,136,115,134,127,133,139,128,142,137,135,135,138,132,135,129,135,135,132,133,137,126,143,135,117,128,130,128,136,139,134,136,124,133,139,121,139,141,129,138,128,136,142,123,113,123,112,127,136,123,145,136,113,131,111,123,129,135,126,124,128,123,136,119,137,141,132,128,123,130,137,142,129,133,125,136,119,123,127,137,138,134,133,139,141,145,141,123,119,136,137,133,141,141,112,132,139,134,141,131,136,137,132,128,142,141,141,138,139,139,138,135,139,138,139,137,130,145,143
117,122,118,127,128,128,128,127,127,129,127,127,135,122,132,121,126,120,119,119,132,115,129,128,125,125,121,128,133,131,120,128,130,127,131,122,126,124,125,133,130,123,134,129,126,123,122,125,132,135,119,128,125,123,123,125,136,133,127,125,122,127,116,131,127,124,123,126,125,135,129,131,131,129,124,132,131,133,121,123,132,118,117,121,130,131,129,125,123,122,127,138,131,125,120,118,117,116,134,133,129,123,126,120,117,121,118,129,121,132,122,122,133,130,129,129,127,123,118,128,121,132,134,127,132,119,132,128,126,125,130,125,137,123,117,120,121,118,122,122,132,128,122,119,128,121,126,122,120,121,120,133,128,127,127,128,128,126,126,133,127,127,131,134,129,122,124,130,131,131,135,132,129,135,135,133,135,136,132,134,138,134,130,128,135,131,128,134,137,134,128,129,123,132,125,129,131
132,127,126,123,123,126,124,125,126,127,125,127,131,127,126,127,131,127,124,122,122,121,127,124,125,118,117,124,131,126,130,121,126,119,119,119,116,122,124,124,133,119,132,125,127,118,122,134,125,128,119,124,115,113,115,124,129,125,129,125,118,123,120,120,127,123,116,133,122,124,130,126,130,122,126,124,128,132,122,121,132,121,122,122,128,127,129,122,120,119,115,122,123,120,117,115,118,119,129,127,130,122,132,121,119,115,118,127,119,127,124,121,128,127,129,128,128,123,121,127,122,133,132,124,131,118,127,128,130,124,133,119,134,131,123,115,119,115,118,115,128,127,129,121,125,118,122,116,113,123,122,123,121,127,127,124,132,125,128,130,122,129,124,128,126,130,130,128,132,126,131,128,134,129,129,130,132,135,129,128,128,128,131,132,130,129,129,130,129,130,131,130,130,123,132,131,128
122,126,139,115,107,102,99,97,95,100,102,99,108,104,108,136,115,107,105,108,111,119,97,103,121,112,118,110,106,107,122,115,112,118,115,119,121,123,113,100,130,115,106,109,107,115,111,128,106,103,121,105,123,122,125,131,110,102,107,118,126,117,129,127,109,109,128,134,121,112,103,102,106,115,122,112,105,133,121,115,125,124,117,124,102,110,105,122,115,112,110,100,98,107,127,120,115,117,102,116,106,117,130,105,113,119,124,95,115,99,98,120,100,119,107,112,109,103,131,106,120,121,123,106,118,113,105,126,108,115,132,108,122,133,116,125,118,116,111,129,104,122,117,130,124,124,116,121,134,121,128,100,103,100,115,116,125,111,102,100,104,106,104,99,100,129,130,98,98,107,102,95,126,100,92,96,102,106,96,93,95,91,92,112,96,102,100,95,96,95,98,94,104,99,110,98,110
123,131,127,139,144,137,138,133,135,133,136,139,128,138,131,124,127,133,143,144,128,132,134,139,126,135,130,131,141,125,125,134,138,130,131,130,128,125,123,126,123,134,133,123,127,135,139,126,134,122,136,139,139,138,129,141,133,128,128,128,137,137,143,134,128,126,122,125,133,137,135,126,133,132,129,135,132,129,139,139,125,134,134,143,128,128,130,144,144,144,137,124,131,137,144,136,126,139,129,133,127,139,124,134,138,129,126,133,130,125,133,131,131,134,130,130,127,132,141,134,130,120,122,124,120,130,133,138,129,130,124,139,124,128,132,133,134,134,132,142,131,141,121,139,143,133,132,133,134,135,136,130,131,126,119,138,120,135,141,136,136,130,138,135,136,127,124,133,129,139,133,134,128,134,137,134,130,135,141,139,139,135,129,143,128,138,139,137,139,144,146,146,137,134,143,136,139
120,134,143,119,120,119,120,120,122,120,120,122,123,131,109,139,126,132,141,141,126,138,124,125,130,131,136,132,122,132,135,131,141,139,132,132,139,133,127,124,125,139,125,135,131,142,142,124,115,122,136,123,137,137,133,129,120,133,128,134,137,128,120,138,118,117,137,122,128,121,122,134,124,126,132,121,116,117,117,128,123,126,130,148,122,134,125,131,139,137,126,122,121,133,135,138,141,142,124,130,126,142,125,133,139,134,132,122,137,116,131,126,121,133,122,119,124,122,124,115,115,117,119,126,125,129,119,133,125,128,122,120,122,122,115,125,123,135,135,131,122,135,127,135,121,130,132,125,121,117,124,120,119,122,123,133,128,130,119,125,121,120,115,119,118,122,122,131,125,111,119,129,123,118,122,121,127,131,129,124,120,124,118,117,117,124,127,127,120,118,116,117,117,112,120,113,118
109,121,121,123,124,119,120,120,118,118,117,118,112,113,119,129,121,117,115,117,109,119,119,109,108,115,111,107,120,125,119,110,105,116,107,103,113,113,110,116,99,110,117,124,116,115,115,105,116,110,109,115,113,116,119,106,116,122,116,107,105,107,112,106,111,109,110,105,115,120,116,118,115,107,115,111,116,102,103,108,102,113,106,115,119,125,116,108,112,107,103,107,106,106,115,115,120,115,121,122,117,116,102,112,115,110,118,116,115,115,113,116,118,122,118,115,110,116,125,118,118,105,103,119,108,113,119,125,121,113,102,108,99,110,113,115,115,115,115,115,119,126,121,115,111,117,119,112,117,119,123,123,116,126,118,124,116,113,117,120,122,124,121,122,121,112,109,124,117,120,118,118,100,117,119,120,120,117,119,122,124,130,121,127,122,124,121,121,123,123,125,127,128,122,132,125,130
124,123,132,137,127,126,125,124,123,125,125,124,124,122,120,120,119,123,128,125,125,122,121,121,118,125,125,117,111,125,122,120,121,121,117,126,117,115,121,117,119,117,111,123,118,123,124,128,119,115,109,112,116,121,116,103,115,120,119,120,117,121,123,121,112,113,112,126,113,107,115,119,115,120,115,115,115,117,126,129,123,125,119,120,117,119,116,122,128,131,123,119,120,126,122,125,129,123,111,120,117,133,128,126,125,122,127,119,119,119,121,115,115,124,117,117,116,113,112,115,107,120,120,117,120,129,115,125,119,124,127,115,121,128,126,128,118,132,121,129,113,124,113,117,115,123,128,126,120,117,115,120,122,115,107,120,113,127,117,117,120,107,111,117,111,128,128,122,117,128,120,118,122,116,121,123,121,125,125,126,125,118,120,138,116,121,121,123,127,133,132,130,132,131,129,116,131
133,129,126,134,134,136,135,136,134,132,133,137,139,127,125,122,130,135,143,132,146,142,144,148,142,141,144,142,125,128,126,141,145,141,141,139,143,145,141,139,127,142,125,128,133,137,138,128,141,139,148,148,142,137,144,152,133,130,133,139,141,133,139,139,143,141,142,128,148,149,134,132,135,138,143,142,139,127,139,137,130,139,136,127,133,129,135,143,139,133,138,144,139,139,142,136,136,131,127,131,134,135,128,131,131,137,134,144,135,142,138,141,130,128,133,145,142,143,141,144,147,132,130,146,128,139,132,126,136,138,130,142,133,130,141,135,142,134,139,146,130,128,127,138,145,138,131,139,137,142,142,141,142,147,124,127,120,134,143,142,141,147,142,139,144,129,129,131,133,135,130,137,128,138,139,145,139,135,132,132,130,126,132,134,131,129,134,133,136,138,136,134,135,139,132,127,138
132,110,106,118,121,120,119,119,116,117,120,117,120,105,115,103,111,104,110,107,115,108,115,116,95,86,105,105,121,118,100,95,106,100,109,102,108,119,116,116,136,112,122,122,105,115,108,131,120,126,104,115,108,111,102,110,123,126,121,98,105,98,104,104,113,102,105,130,111,117,123,128,122,106,115,113,117,135,119,115,138,115,103,120,118,127,119,115,113,117,123,129,124,116,117,116,110,104,116,129,117,123,136,116,116,110,100,121,118,112,122,108,120,118,115,107,103,105,103,115,99,132,132,106,135,115,123,125,121,109,137,116,136,127,115,110,115,105,117,107,121,126,110,118,120,112,111,115,106,111,102,112,119,99,126,121,110,111,103,116,111,99,100,115,104,126,130,110,116,123,119,117,134,121,118,113,121,134,118,121,129,121,118,113,115,115,113,111,115,123,118,113,111,119,113,120,112
119,106,123,105,107,118,117,115,118,116,120,115,119,127,107,116,124,128,138,146,130,139,124,131,129,137,137,135,107,116,132,131,135,146,143,137,150,139,141,125,117,144,107,118,125,141,148,118,121,115,146,122,148,152,146,133,112,117,122,136,139,145,141,146,123,131,150,117,132,118,119,116,121,136,138,126,121,117,137,144,115,141,141,150,117,116,122,142,147,142,130,121,124,138,147,143,148,146,113,112,120,141,118,141,139,143,136,115,143,112,129,131,116,119,122,116,124,119,123,116,119,107,116,133,117,145,111,120,125,123,120,123,113,119,132,142,137,147,151,141,115,118,132,143,127,146,142,142,142,121,128,129,132,119,124,115,126,133,123,120,133,121,125,120,117,116,118,139,117,110,121,123,113,112,118,121,120,119,127,123,118,135,122,112,124,128,129,122,116,117,119,117,115,112,112,126,108
139,130,142,137,130,119,121,120,119,118,117,120,112,117,135,144,125,131,132,144,125,132,119,116,116,119,127,132,125,130,133,133,129,132,116,131,136,132,134,118,134,137,119,128,120,132,138,126,122,120,139,121,136,131,147,137,121,126,122,127,139,118,122,121,121,122,129,126,126,121,120,124,122,122,135,115,119,126,119,119,126,126,125,115,123,136,123,123,128,124,124,113,113,120,122,132,125,139,124,137,124,133,132,145,132,129,146,122,139,120,135,136,122,141,122,115,124,127,137,123,137,128,134,139,125,136,123,145,122,144,134,130,127,129,139,132,145,135,136,126,119,142,132,122,127,138,147,139,135,132,147,122,136,126,128,138,138,131,130,119,138,129,137,123,128,125,128,121,119,130,115,121,126,125,124,127,119,116,120,120,122,116,112,142,116,121,126,120,121,124,133,131,139,123,142,117,145
122,111,118,119,123,118,121,121,124,119,122,122,131,127,118,110,120,127,128,126,136,133,119,128,124,135,134,131,120,118,125,133,128,131,130,127,133,128,132,126,124,130,118,118,124,125,128,119,130,126,129,127,131,129,136,132,117,115,127,123,129,124,122,126,120,113,126,117,129,125,116,113,121,123,131,121,115,128,124,121,128,124,123,129,116,115,123,127,124,122,123,130,129,126,129,127,126,119,116,113,124,126,123,127,124,126,132,122,128,124,134,131,116,115,123,126,127,122,119,120,125,126,127,123,132,129,117,115,122,133,121,133,132,110,129,130,135,128,127,132,116,112,125,124,125,123,123,128,126,130,130,130,128,127,125,115,127,131,130,125,133,125,134,122,127,109,115,129,115,119,119,126,123,119,118,124,126,125,120,118,122,116,116,120,115,117,115,115,118,122,124,126,132,122,131,115,117
118,139,135,131,138,128,133,130,131,129,131,132,131,130,151,127,137,131,128,122,149,127,135,134,138,130,131,135,135,138,127,130,141,137,144,139,142,134,132,129,118,128,134,134,132,129,133,120,132,134,128,131,143,131,141,136,136,132,134,132,139,131,105,123,134,138,141,124,148,143,129,133,131,143,143,144,127,126,132,123,124,139,138,136,132,130,132,134,126,131,132,134,135,122,136,129,136,137,129,132,130,130,119,123,134,133,134,137,130,131,130,128,129,131,128,138,134,127,134,134,134,127,122,136,122,125,134,129,136,130,120,135,123,129,134,137,149,139,141,138,133,134,126,148,148,143,143,146,149,138,144,131,127,139,136,145,125,131,133,136,133,138,137,134,131,129,124,134,136,144,133,131,116,129,137,136,134,132,136,139,139,130,142,136,143,131,137,139,139,142,139,142,132,129,129,139,139
129,126,122,122,122,123,120,120,124,127,126,121,125,126,120,121,120,134,141,137,126,136,129,138,135,141,141,139,115,122,124,142,137,136,134,135,139,139,146,133,128,138,115,123,120,143,145,131,127,131,144,138,132,142,146,139,117,124,118,141,145,142,137,138,136,144,141,134,134,133,121,125,117,144,145,137,134,125,131,139,129,139,136,125,119,127,117,136,133,132,130,127,137,139,129,133,134,132,118,126,116,138,132,149,136,139,137,134,138,135,133,141,116,124,116,136,144,147,146,134,143,129,128,152,126,146,117,120,116,146,134,138,127,130,146,137,139,139,129,144,117,117,112,132,138,131,128,139,139,125,138,131,139,133,113,118,112,139,139,129,135,137,141,130,139,129,131,120,116,115,122,124,135,129,130,136,123,116,122,120,124,117,125,132,124,120,119,122,122,123,130,132,134,130,138,123,135
116,127,121,141,137,138,137,139,138,136,135,133,142,137,137,124,135,134,137,131,139,134,139,145,152,141,149,149,133,135,130,152,155,144,152,151,145,144,150,143,129,143,136,137,132,137,146,126,148,146,144,144,143,143,155,150,137,136,138,148,141,152,148,149,149,148,148,124,146,147,135,137,141,150,152,149,142,134,151,147,131,144,144,131,137,132,139,141,139,138,145,147,148,144,148,144,143,135,134,134,139,139,125,139,139,139,151,148,145,150,142,147,134,129,138,149,152,148,142,142,144,132,129,147,137,152,139,128,135,147,126,144,132,123,155,152,152,146,145,152,134,128,138,139,150,139,135,147,150,148,152,148,151,144,130,130,138,147,155,145,152,150,151,144,149,125,124,139,136,135,137,139,126,138,139,147,143,137,135,137,139,144,139,130,139,134,131,136,138,139,139,138,132,139,134,145,136
121,115,123,112,109,107,106,105,106,108,108,107,108,121,112,126,115,126,144,138,118,129,106,116,125,126,131,134,105,117,128,125,127,135,125,120,135,126,121,106,125,144,106,119,115,139,135,123,102,104,129,104,134,131,128,120,107,116,111,132,128,132,129,129,109,106,125,124,120,112,107,115,112,124,125,106,107,122,115,131,123,127,127,132,108,116,113,131,134,133,121,102,105,126,131,130,136,133,111,115,115,136,121,127,128,130,120,98,120,102,119,119,110,123,115,98,108,104,115,99,102,122,123,113,120,133,109,126,111,126,123,110,123,120,118,124,123,134,128,132,109,121,127,125,102,122,125,124,124,106,117,111,115,102,115,111,133,127,110,105,116,96,108,99,103,120,120,120,112,110,109,109,121,104,104,104,104,110,118,109,105,106,103,105,109,108,115,108,105,106,105,104,106,103,108,104,105
124,126,125,145,144,144,144,145,142,142,144,145,137,145,144,124,138,139,134,132,145,135,145,144,144,133,142,141,141,147,136,131,132,132,134,139,130,139,136,138,119,133,139,147,139,125,126,119,139,139,138,144,127,127,134,139,141,146,139,137,133,132,130,131,144,147,134,119,142,141,142,147,139,141,134,146,142,124,134,126,120,127,139,128,142,144,138,137,129,124,123,133,136,131,126,133,125,128,143,144,139,122,118,128,123,133,135,144,131,139,145,139,142,148,141,147,143,141,137,141,142,120,118,133,125,132,139,146,139,142,120,135,119,124,130,126,132,126,135,132,141,152,136,130,136,122,119,131,127,142,134,141,137,147,144,151,132,132,143,147,144,149,149,151,148,124,124,139,143,144,142,141,117,141,143,148,139,130,142,146,143,143,138,142,144,145,146,148,149,148,147,148,150,134,148,144,146
125,131,132,130,131,125,128,131,130,130,126,128,125,117,133,131,124,121,107,111,112,106,124,110,119,111,111,119,126,131,120,123,122,111,115,122,115,121,122,122,126,111,124,128,123,115,115,128,115,129,122,125,112,110,124,127,127,127,124,115,118,117,108,117,129,126,124,128,122,129,125,128,122,120,113,121,131,125,121,113,126,111,116,104,127,130,123,109,105,108,111,122,115,117,106,108,108,109,128,129,122,106,128,109,107,112,118,127,109,127,112,117,128,126,123,122,124,125,128,124,127,131,130,122,120,107,128,124,124,122,126,117,126,127,116,111,119,111,106,115,129,125,126,116,123,118,117,119,115,120,126,121,125,135,132,129,126,112,123,124,115,135,137,129,127,129,127,119,131,125,127,124,127,123,123,123,128,123,128,128,131,143,133,134,128,128,125,130,130,130,138,132,134,130,134,138,144
137,124,113,139,141,145,139,139,138,138,135,141,142,134,151,115,124,121,123,119,134,131,144,150,138,139,137,135,154,132,123,121,127,127,133,132,124,127,131,149,131,130,152,126,132,126,117,127,148,139,132,146,117,130,129,120,149,133,137,125,119,139,132,116,136,132,122,130,142,131,145,137,136,129,123,142,143,124,130,127,125,127,132,128,147,139,136,141,126,128,137,141,147,130,127,132,129,125,150,142,138,133,129,133,134,135,131,151,127,150,143,134,149,130,139,146,139,143,129,146,130,131,134,128,134,135,151,124,139,136,134,147,130,126,128,126,120,128,125,125,148,127,126,131,135,126,127,131,122,139,125,142,128,138,148,137,128,135,134,148,139,133,128,144,142,127,130,126,143,154,142,139,130,146,144,143,141,146,141,144,141,112,139,134,142,137,136,142,146,147,141,139,130,138,133,126,132
146,138,126,125,133,134,131,131,130,135,129,132,124,123,135,127,126,117,125,125,115,122,128,125,110,115,126,126,132,128,119,128,139,128,109,128,124,130,128,118,122,130,133,132,126,121,122,127,117,133,127,132,130,117,132,141,131,135,126,129,125,109,105,120,131,130,115,130,125,124,127,133,128,133,137,127,130,134,115,112,126,130,118,112,132,139,129,112,119,116,108,125,122,116,119,121,122,122,131,144,127,120,126,125,131,124,115,129,123,125,126,123,129,142,127,132,133,132,139,139,130,133,138,137,130,120,126,136,125,137,130,126,135,131,129,131,130,122,128,138,131,138,121,136,149,139,147,123,132,131,124,124,137,142,127,132,120,125,135,131,127,145,133,132,132,130,127,119,125,139,125,127,127,134,135,128,127,132,128,129,123,128,115,128,129,123,129,129,132,135,138,139,148,139,150,122,129
154,145,137,154,152,143,143,146,146,143,143,142,146,151,147,143,143,152,152,152,151,156,139,147,149,154,155,160,141,148,149,155,151,154,155,148,149,151,152,139,149,151,144,150,148,150,145,139,139,145,146,139,145,152,154,161,145,149,150,157,152,149,149,150,147,152,152,137,155,152,144,148,145,155,155,142,139,155,150,148,152,150,152,152,142,151,148,147,143,141,155,145,138,149,150,147,149,145,147,156,149,144,147,149,149,150,152,139,155,147,145,150,142,154,148,146,147,149,150,143,146,157,149,152,154,154,145,152,146,152,143,149,149,115,148,152,147,145,154,152,147,150,150,147,138,154,155,145,149,151,148,147,152,149,151,149,148,156,151,142,154,154,147,141,154,115,122,139,141,139,139,139,146,144,139,141,144,148,144,143,146,139,138,150,137,139,139,141,143,146,148,149,148,146,149,137,147
112,125,103,120,129,135,134,134,134,138,136,132,127,126,128,109,124,122,130,130,142,134,144,145,129,135,128,127,135,132,119,133,132,136,136,136,126,135,132,144,121,127,136,133,134,122,129,120,137,143,122,137,126,131,129,130,142,136,137,128,115,128,120,124,142,139,120,119,134,132,143,137,136,130,125,134,139,123,126,125,122,127,128,132,141,135,132,134,133,127,135,150,139,121,132,131,136,126,136,136,132,132,119,127,126,122,120,144,131,139,131,127,142,126,135,141,133,126,110,137,126,120,123,119,122,128,137,119,137,120,120,126,120,123,126,128,127,127,136,120,137,121,119,125,125,115,122,123,118,138,119,134,125,132,129,133,111,131,131,141,125,118,117,139,126,123,124,128,131,135,139,133,117,134,139,135,142,130,136,133,124,119,138,123,138,139,132,132,132,132,125,127,123,136,127,134,118
119,111,116,131,129,135,135,132,131,131,131,129,125,124,113,115,120,115,130,130,131,125,135,139,141,125,120,136,126,123,122,141,146,121,143,134,125,127,137,129,113,130,131,127,133,124,127,116,131,137,133,144,126,128,128,143,127,126,131,139,128,132,129,133,138,139,119,118,133,139,135,121,134,138,124,135,139,121,136,126,112,129,133,122,131,116,136,146,131,130,132,133,135,143,136,139,129,133,133,116,135,133,118,135,131,141,139,137,128,129,125,123,130,115,133,137,134,133,125,130,127,117,117,132,108,123,130,112,133,119,109,131,118,122,133,131,136,132,129,135,127,108,134,135,150,139,135,137,139,130,128,130,131,130,115,113,127,137,139,130,129,141,132,132,131,121,120,131,128,129,133,128,118,126,136,135,137,127,136,136,136,142,137,133,143,131,143,138,136,136,138,138,135,139,136,139,128
132,133,138,138,126,121,123,123,118,115,117,119,118,115,141,126,122,122,113,109,111,121,124,118,139,113,118,130,132,136,115,119,126,124,133,139,130,142,142,128,124,123,131,136,120,117,126,121,138,136,125,127,123,129,125,126,134,136,120,129,124,127,132,123,137,139,131,124,116,123,123,132,117,127,122,124,130,125,128,121,122,122,118,109,128,132,118,115,126,123,127,125,129,121,125,122,116,121,134,136,120,115,119,112,109,117,127,125,113,124,115,120,126,128,123,129,125,123,128,125,133,123,121,115,120,120,133,134,123,117,124,111,116,122,130,130,129,123,119,119,133,128,117,122,130,130,136,125,132,135,144,116,109,127,125,133,116,113,127,123,121,134,130,127,139,120,120,123,122,141,128,117,120,120,123,123,122,122,124,132,137,139,125,142,131,122,126,129,131,134,141,142,138,131,141,124,135
133,141,130,133,137,141,141,139,139,139,137,141,138,128,141,133,139,124,126,115,136,139,143,133,131,131,130,129,142,139,132,131,127,120,126,131,126,138,144,141,135,122,143,139,141,125,124,126,141,146,128,139,115,118,139,144,139,142,145,125,120,117,125,128,144,136,129,128,145,145,139,144,144,127,130,134,139,144,131,120,143,118,112,122,142,141,139,138,123,117,128,145,141,123,122,120,119,119,141,137,141,119,130,115,110,115,124,144,115,145,126,130,141,135,139,145,137,128,122,148,137,149,143,134,143,116,139,129,139,125,133,128,143,125,132,121,126,118,124,136,135,132,131,132,146,123,120,122,124,134,132,138,131,150,127,133,131,131,138,144,134,143,147,149,143,124,124,134,136,137,143,139,135,148,146,144,148,145,142,144,139,135,145,123,149,144,139,141,139,139,134,137,139,151,134,147,129
144,143,122,157,148,156,154,151,152,152,149,149,135,145,151,123,152,145,138,135,154,150,162,157,148,141,138,144,152,139,146,145,141,134,144,141,132,139,147,150,118,131,155,136,159,131,127,125,151,151,145,161,135,138,144,142,163,143,157,142,133,134,126,137,163,157,141,128,152,161,159,145,161,151,143,152,164,128,139,135,118,137,132,119,155,143,160,136,128,128,133,142,136,135,125,126,119,129,152,139,156,120,123,132,119,132,139,156,128,156,133,139,155,134,155,164,151,146,132,151,145,122,116,139,121,134,152,132,150,147,123,141,121,130,139,133,119,129,139,133,154,133,149,124,150,129,130,134,137,147,129,147,138,158,149,138,139,143,147,150,146,161,160,152,149,129,126,148,160,152,157,157,129,149,156,159,155,146,160,164,164,156,156,170,159,161,158,163,164,163,168,169,170,165,171,161,172
130,147,150,135,141,127,131,131,129,129,128,127,126,131,139,152,130,133,137,131,128,126,126,131,127,126,133,126,132,131,130,121,128,125,121,125,134,124,127,123,129,137,126,137,120,135,139,137,121,122,132,121,136,132,133,125,119,135,120,124,138,127,125,135,113,116,128,134,124,121,118,134,118,117,130,123,115,126,128,134,129,134,126,133,123,136,120,130,130,137,128,130,133,139,141,141,135,139,130,138,121,134,137,137,132,137,124,121,137,118,121,130,123,138,122,115,122,113,113,113,111,121,122,119,124,131,124,139,121,117,131,124,130,133,120,135,126,137,128,133,132,136,126,133,129,127,128,136,133,123,137,122,132,118,137,132,128,123,115,115,120,115,115,117,124,133,134,124,122,124,120,113,127,113,115,107,113,107,113,119,121,128,120,122,121,113,116,122,121,122,120,119,120,125,116,115,120
117,141,124,135,142,139,142,145,141,139,141,141,138,135,131,149,145,132,126,130,135,116,146,127,119,124,120,124,143,154,142,123,125,116,127,119,121,116,120,138,120,122,143,145,148,115,126,115,127,135,118,137,118,127,129,123,141,149,147,117,118,123,124,115,136,130,113,121,139,132,143,149,148,125,121,141,141,118,128,122,121,115,113,124,149,152,148,129,122,116,121,138,129,115,120,127,130,128,146,154,149,113,120,120,111,118,115,138,118,128,125,121,149,152,148,124,126,122,113,129,116,113,117,118,119,123,150,151,152,117,119,118,121,122,113,107,124,122,137,120,147,150,146,135,130,124,130,117,111,127,119,139,126,130,125,155,141,126,126,136,132,123,112,142,133,121,122,133,146,151,147,139,117,134,142,131,139,135,139,139,139,143,148,132,141,148,135,139,145,139,144,147,139,139,142,149,144
137,165,160,132,132,145,144,147,146,151,150,145,135,149,139,167,162,169,159,155,144,147,155,149,160,151,141,148,144,163,162,149,158,139,135,147,136,148,145,137,119,148,144,164,157,155,154,120,137,137,152,161,151,146,145,158,148,159,152,146,150,134,149,145,159,150,141,120,136,147,147,155,151,132,141,136,149,120,130,121,116,121,120,122,147,157,150,146,129,132,142,136,128,121,144,138,133,146,147,150,149,143,119,129,131,132,131,146,124,134,126,145,146,147,149,146,131,129,130,129,144,115,113,123,115,138,150,150,148,139,120,132,117,129,132,128,145,131,136,147,150,146,156,150,149,133,144,150,139,151,139,139,148,146,143,141,152,139,144,139,131,150,148,144,148,128,125,143,152,136,143,144,115,130,142,144,133,130,152,146,139,145,149,146,136,135,148,152,146,143,137,138,136,133,133,143,146
115,119,122,115,111,109,108,107,108,108,108,107,91,106,112,121,102,105,109,108,99,116,107,103,112,115,112,112,106,116,109,120,115,119,118,118,117,123,122,110,88,123,107,113,107,122,120,102,99,96,122,112,119,118,124,112,113,109,106,112,118,118,121,120,111,116,122,102,111,111,109,108,105,111,116,104,110,84,113,122,85,119,122,119,108,112,104,117,125,124,117,102,107,125,125,125,123,124,107,110,104,120,99,121,123,125,122,110,121,108,113,115,108,113,107,110,107,115,129,115,121,88,88,119,87,120,111,113,106,118,94,118,89,113,120,123,119,121,115,119,107,110,110,113,108,119,119,122,125,112,127,112,115,121,116,108,110,112,113,109,117,123,124,113,118,113,110,117,106,106,107,107,89,102,107,111,105,102,110,111,111,122,111,123,110,111,107,107,109,113,118,118,122,106,128,116,122
130,134,136,139,137,130,128,130,128,128,125,128,124,121,131,141,132,124,115,122,115,119,125,116,117,113,110,115,126,143,133,126,119,112,124,123,115,125,117,123,134,115,126,145,127,119,115,137,124,123,106,125,108,120,115,118,135,144,126,118,111,117,136,121,126,129,112,137,116,123,131,139,127,120,115,118,131,128,127,125,129,121,115,119,132,144,129,125,121,118,124,125,121,119,122,123,121,113,132,142,131,118,137,119,122,119,128,124,120,124,118,121,130,143,128,124,117,125,136,127,128,132,134,123,127,112,133,141,127,124,133,124,126,141,118,110,115,113,109,117,131,141,132,120,115,118,123,112,122,123,124,124,130,141,132,143,135,122,122,122,127,134,136,130,136,142,142,118,132,137,130,125,135,134,131,125,125,121,129,130,132,143,135,147,132,129,126,131,128,131,138,139,139,133,139,138,147
138,134,132,150,147,146,145,147,145,144,147,145,137,136,145,127,131,137,127,126,138,132,144,131,128,131,121,121,142,159,143,118,135,125,124,127,116,119,127,136,124,116,142,151,148,111,116,131,139,137,118,142,120,115,127,119,146,147,143,109,109,129,120,113,145,144,124,132,130,137,143,148,145,129,117,138,145,118,117,109,117,121,122,127,149,147,144,109,107,111,116,137,129,115,108,115,123,111,143,139,142,108,127,110,113,107,113,136,104,132,130,119,144,143,139,133,128,139,151,148,137,131,124,137,125,119,146,139,141,129,123,134,122,135,134,124,126,118,139,123,143,147,139,115,137,116,127,122,118,131,129,134,133,141,145,152,134,119,128,143,129,133,128,146,138,133,135,143,144,144,148,144,128,134,141,142,147,141,146,146,151,139,137,126,139,145,141,144,144,146,148,147,142,135,134,137,133
112,143,133,138,134,129,128,130,128,124,129,126,121,116,139,135,127,107,110,112,110,112,130,125,132,113,125,131,128,147,117,130,139,124,122,132,117,124,131,121,111,122,126,150,123,127,123,117,115,112,138,133,116,115,138,150,137,143,123,138,135,131,121,125,133,139,134,124,121,141,131,141,125,142,137,120,125,113,127,117,110,121,137,111,131,148,124,125,115,116,115,128,122,119,122,115,115,111,128,145,125,113,115,118,109,123,119,126,113,130,112,132,130,151,127,135,131,131,138,130,145,115,120,139,108,123,134,152,119,128,120,117,109,129,125,123,127,115,128,145,134,156,121,115,132,109,113,136,129,130,139,105,128,146,147,158,127,106,121,120,115,144,142,129,134,130,128,118,128,147,134,110,121,113,120,121,116,113,119,126,124,129,129,137,125,119,123,122,124,130,131,133,131,125,127,135,143
113,125,125,123,121,120,120,120,120,124,119,119,116,121,124,141,118,122,124,130,121,133,113,120,129,129,131,131,126,133,131,130,133,132,126,136,133,144,134,116,115,128,125,138,119,124,131,103,116,111,146,124,141,137,132,139,120,139,122,124,131,127,136,139,119,124,139,107,127,119,118,134,120,121,130,121,125,120,134,133,115,130,126,123,125,137,120,133,125,127,128,109,122,126,124,125,110,123,125,138,117,115,105,129,126,127,137,120,128,115,130,129,127,146,119,119,119,123,122,109,128,113,115,122,119,136,122,150,119,129,112,128,119,96,136,135,131,121,118,124,126,146,125,122,127,124,121,139,133,122,128,128,120,110,123,132,121,112,120,118,125,123,130,115,123,90,97,111,117,123,115,115,121,123,118,119,113,110,120,122,118,113,117,131,122,111,117,120,121,118,124,121,139,139,136,113,139
120,144,134,137,147,152,148,148,147,148,150,149,143,146,139,131,149,139,137,137,139,131,154,152,131,145,139,138,148,137,138,131,133,132,137,123,132,129,127,152,118,137,152,139,151,134,138,115,142,151,129,151,141,133,134,133,157,142,150,127,131,133,131,131,145,138,122,115,143,146,161,145,151,134,133,145,152,121,127,129,118,135,131,128,154,142,150,129,134,132,130,149,143,130,132,133,137,134,152,141,147,130,112,126,136,134,125,147,121,143,139,124,157,133,150,139,138,135,119,146,132,120,115,139,119,133,158,126,154,135,115,141,121,115,132,134,130,133,139,120,152,127,139,132,136,120,125,125,124,132,117,139,135,139,137,130,129,134,139,145,125,126,124,147,138,116,113,139,154,156,149,142,118,145,145,144,146,136,142,145,148,142,152,151,149,143,141,143,149,149,152,150,138,143,142,145,157
115,118,127,139,139,137,132,133,134,134,135,135,129,139,138,121,132,136,141,141,125,125,132,141,121,130,136,133,141,137,138,127,128,125,128,123,124,121,129,131,133,134,137,127,136,135,136,126,135,134,124,130,118,128,129,125,126,133,137,133,135,141,127,128,124,132,116,127,135,127,134,133,137,144,134,131,132,124,139,139,129,136,145,139,133,134,139,136,126,128,130,132,137,143,125,131,127,127,137,129,136,134,124,129,125,127,111,129,128,130,142,127,134,129,131,132,135,122,110,127,115,125,130,142,131,132,134,132,136,131,125,124,131,126,130,126,119,126,132,125,136,132,143,122,119,115,115,116,118,112,103,124,121,125,119,135,138,137,131,128,116,112,116,119,113,126,128,138,145,141,135,135,124,129,127,129,126,139,145,141,141,128,148,130,144,139,149,138,134,133,136,134,132,129,130,135,146
133,125,129,128,123,119,120,119,120,121,121,120,127,130,124,143,133,139,138,145,129,135,119,127,131,133,136,131,124,132,152,130,135,139,127,137,143,139,132,121,136,139,122,133,134,139,147,132,135,126,145,123,142,143,139,142,120,129,127,141,147,139,147,148,123,129,151,131,138,125,120,124,122,136,145,136,121,142,139,146,139,146,145,152,117,128,120,142,147,148,143,124,138,143,146,146,142,150,124,124,124,150,133,150,149,147,149,121,150,125,143,145,119,130,122,130,139,139,139,124,133,139,142,136,139,148,118,137,125,143,135,139,145,128,146,149,150,150,139,147,119,132,131,151,135,149,152,151,157,138,151,142,152,122,128,126,132,148,138,125,147,128,133,119,132,127,128,129,119,123,121,124,138,123,117,122,122,128,123,118,122,126,122,115,122,120,124,122,119,117,117,116,118,126,117,125,123
119,107,105,125,119,109,109,111,107,107,107,111,109,108,120,116,106,108,110,111,105,116,116,116,122,115,118,122,121,127,108,126,126,120,119,130,119,127,122,116,122,123,119,127,117,125,122,120,116,115,124,126,122,119,123,125,125,130,117,126,122,123,129,120,129,134,121,122,118,126,120,128,115,126,126,125,120,115,122,118,118,119,123,117,119,130,119,120,122,121,124,117,113,116,119,123,124,122,122,129,117,122,119,123,128,123,132,124,119,126,119,134,121,131,116,125,118,127,142,134,139,120,117,126,118,122,119,131,120,123,120,121,117,124,130,130,125,121,123,118,124,137,120,124,120,122,121,117,125,128,128,119,117,131,128,134,122,122,125,121,122,142,139,126,136,124,125,129,116,122,116,124,120,121,119,120,115,111,115,116,121,137,121,129,120,124,115,116,119,121,126,128,129,123,130,126,132
129,132,120,141,126,136,131,131,130,137,132,129,125,144,138,135,131,145,139,132,131,133,139,146,145,139,151,154,136,141,135,166,157,145,141,155,141,152,152,141,119,155,131,129,137,150,149,112,139,137,148,149,139,146,154,160,143,132,133,159,145,145,142,145,158,163,152,121,143,161,147,134,137,155,149,155,148,116,159,155,116,159,152,131,143,136,131,152,144,146,139,133,144,147,129,141,136,139,134,137,127,139,109,144,137,142,156,152,139,157,148,155,144,129,131,150,152,158,157,149,162,128,118,173,112,162,139,127,136,155,118,141,115,126,169,146,147,137,148,150,139,133,124,132,151,130,133,150,149,152,145,138,164,157,139,134,120,152,154,145,154,163,163,150,157,125,124,159,147,151,148,147,122,134,143,163,135,132,136,134,133,144,150,158,141,144,134,136,139,142,146,149,151,139,146,149,159
127,135,149,135,130,119,120,120,119,118,118,120,121,129,137,133,131,139,142,142,141,130,116,124,135,133,139,137,122,126,126,131,141,146,139,135,141,129,144,127,139,146,120,128,118,148,141,132,120,120,148,119,146,144,144,130,124,134,118,134,142,139,146,151,124,122,135,132,131,117,116,132,119,128,141,124,118,127,133,145,133,142,143,141,117,131,116,131,146,143,142,121,134,152,139,144,149,139,119,134,118,142,134,151,147,143,133,120,144,130,138,137,121,137,119,115,129,136,126,119,132,127,132,144,127,134,123,138,119,135,128,138,128,131,131,130,142,148,147,131,123,138,124,132,112,138,130,132,127,119,118,127,144,115,117,131,120,124,125,119,133,115,117,112,118,130,131,127,118,122,116,116,127,117,115,115,115,115,112,115,113,125,120,138,121,115,111,113,116,116,116,115,122,106,125,118,126
119,131,139,118,124,127,127,128,128,129,130,130,124,135,129,138,133,136,134,133,124,132,126,130,139,136,138,139,133,129,139,135,136,138,135,137,136,138,136,124,119,133,134,129,133,132,133,119,122,126,133,126,135,133,135,139,124,129,132,133,135,133,130,130,124,129,139,119,132,128,128,128,129,132,131,131,124,118,133,130,120,135,131,134,131,129,133,134,130,130,126,119,126,134,131,129,127,130,134,125,133,127,118,132,132,130,134,126,130,128,127,133,132,132,131,128,127,134,139,124,134,123,120,130,120,132,132,132,131,134,118,130,122,122,137,138,129,131,127,135,131,127,136,136,131,130,127,130,136,131,135,126,133,129,129,128,139,138,135,124,134,139,139,127,133,123,121,129,130,123,129,128,119,123,123,130,124,125,130,128,125,128,127,117,124,125,129,128,123,123,118,119,118,116,116,127,123
121,137,139,124,133,141,137,138,139,139,139,136,130,142,132,137,138,131,130,131,126,122,135,129,121,127,127,127,132,135,134,130,134,130,137,129,127,120,128,136,116,125,131,131,137,136,134,123,124,124,138,138,132,126,125,126,128,131,138,128,128,130,135,138,135,131,128,120,127,129,137,132,137,132,117,129,138,120,137,132,115,129,133,134,136,134,137,134,131,137,127,138,133,142,134,132,127,127,133,135,135,130,123,129,135,129,123,133,126,129,136,124,133,130,135,132,136,136,118,137,131,115,118,125,122,127,134,131,138,129,119,132,122,124,124,130,125,124,128,121,135,131,137,123,130,126,130,136,129,133,119,133,131,132,126,136,136,124,126,137,128,125,128,136,130,127,126,145,139,134,139,137,118,133,135,132,139,135,144,139,137,146,139,144,138,139,139,138,137,139,146,141,139,137,148,143,147
123,126,128,126,122,119,120,122,121,120,121,121,122,118,122,121,119,112,110,110,115,108,121,110,105,109,111,109,120,123,116,109,109,112,107,111,111,108,107,119,126,109,119,122,117,109,108,127,115,122,105,118,111,112,112,108,121,123,121,109,109,113,110,110,117,115,110,127,115,115,119,121,119,106,109,116,123,127,110,111,126,115,115,111,122,121,119,112,111,115,113,117,115,110,111,113,113,116,121,122,120,111,127,115,115,116,115,124,112,116,113,111,121,122,120,118,115,117,121,120,122,124,128,115,125,112,120,122,121,111,125,117,129,126,117,117,115,118,115,111,121,123,119,119,120,117,117,115,115,119,117,120,115,122,121,122,118,115,117,121,116,121,124,124,119,127,126,118,122,123,120,120,127,123,122,120,122,119,120,120,120,122,125,127,123,120,121,122,122,122,124,126,126,125,124,124,127
141,115,111,121,118,115,116,117,115,115,113,116,128,115,121,120,118,113,120,117,120,120,113,121,117,120,120,123,125,123,116,121,122,121,126,125,123,124,116,115,144,125,124,123,116,127,122,134,118,119,125,113,124,124,121,122,117,126,115,130,125,123,125,126,118,118,129,135,122,116,118,129,116,122,123,118,116,141,132,128,143,126,123,126,121,129,119,132,129,130,133,125,125,125,132,131,131,132,124,132,117,133,135,125,128,130,131,118,133,124,128,130,122,132,118,113,124,125,127,127,123,141,142,124,136,132,121,136,117,123,138,129,139,123,130,136,129,128,132,134,125,137,117,133,124,130,131,132,132,123,134,125,132,116,127,130,121,122,121,121,124,118,115,118,126,124,127,119,118,127,120,113,143,118,116,118,119,127,115,115,117,129,122,125,125,122,117,115,117,117,120,121,126,123,126,125,129
128,115,129,117,108,106,102,102,102,105,104,100,122,113,109,112,107,118,119,120,122,121,112,118,133,123,121,113,104,109,116,122,127,115,112,129,124,109,123,109,131,120,102,109,111,119,112,135,109,115,115,106,124,120,117,125,115,107,103,126,121,123,106,118,109,122,119,136,118,122,111,102,106,127,122,118,115,141,124,124,135,124,134,130,108,104,103,124,129,121,127,120,121,130,128,123,129,125,102,107,102,121,142,122,133,122,123,113,126,109,122,120,107,112,103,119,121,120,131,118,128,131,137,120,138,117,105,112,105,120,139,112,135,139,115,118,131,121,128,119,104,115,107,120,121,126,131,119,119,125,130,117,120,118,126,117,110,127,126,110,119,134,128,109,118,136,138,115,102,108,111,112,137,103,107,113,108,116,109,107,110,115,109,128,111,118,104,102,106,111,119,120,129,125,135,116,118
103,126,123,128,125,121,127,124,125,124,126,127,119,111,122,125,110,119,115,98,115,113,121,131,129,120,125,120,121,131,106,123,124,124,137,143,124,135,136,139,120,121,128,126,125,130,122,126,139,130,134,139,122,119,130,119,128,134,122,133,131,139,144,142,137,145,139,126,123,133,128,133,119,142,135,144,137,127,144,142,126,134,131,124,130,136,122,117,116,124,115,128,143,142,132,119,111,115,129,134,118,121,115,116,126,142,127,129,129,127,122,117,130,127,124,131,130,131,125,129,127,121,119,134,125,118,133,118,120,129,120,119,117,128,125,124,121,109,100,115,131,119,110,110,120,112,111,133,126,127,117,118,117,133,133,120,100,110,121,121,115,130,134,132,124,127,126,110,130,128,115,120,116,128,129,124,130,117,116,118,119,91,123,111,122,105,104,117,124,118,113,118,115,120,107,111,116
119,118,120,123,126,122,120,122,125,124,125,122,116,126,112,134,121,122,134,136,124,139,128,129,136,137,131,137,127,133,142,130,130,131,131,138,143,135,133,123,134,139,131,137,137,139,135,134,128,118,128,118,144,136,138,123,130,134,130,139,134,128,122,145,130,126,142,133,126,124,129,132,130,131,127,115,121,126,127,133,130,143,129,116,128,132,131,131,136,138,131,121,123,139,139,145,141,142,128,129,127,143,128,125,141,132,120,118,134,123,120,129,130,136,130,120,121,124,143,121,127,124,129,136,123,122,130,138,126,122,129,120,121,128,126,139,138,152,136,136,130,141,133,139,125,148,141,124,137,121,127,121,128,124,123,138,129,123,113,112,118,118,113,119,125,132,132,121,131,124,118,120,132,122,124,116,122,116,126,127,126,130,125,138,123,123,121,123,126,128,134,131,130,129,127,125,132
128,115,133,111,108,110,108,106,107,105,106,106,113,102,117,119,106,106,97,97,107,117,115,100,118,108,115,109,119,120,100,118,119,113,116,116,111,118,127,119,118,107,115,122,109,115,108,121,123,112,123,126,116,115,123,112,116,120,104,115,113,122,139,128,125,121,121,120,116,117,109,118,102,113,115,123,124,117,119,113,116,111,113,115,113,124,104,112,115,111,115,119,120,115,117,113,113,109,117,124,102,111,119,112,115,112,121,117,109,117,110,110,115,128,108,116,113,116,133,122,132,121,120,115,121,111,112,127,104,111,122,116,117,124,121,113,115,113,112,112,116,126,106,115,117,118,118,117,115,123,117,118,108,118,122,124,108,109,110,119,112,127,128,120,126,125,124,124,111,110,109,113,117,125,119,121,115,121,115,116,120,134,118,116,115,117,115,116,115,116,115,117,107,119,117,126,119
141,147,143,139,146,147,143,142,141,141,139,139,128,128,143,136,151,134,122,120,132,113,147,138,124,123,130,124,144,130,126,124,127,128,125,132,123,124,127,148,125,126,146,138,138,119,126,127,139,148,135,145,124,121,139,120,144,144,139,120,133,132,109,116,139,138,127,128,149,136,142,146,143,135,139,146,154,121,126,131,120,138,149,128,144,147,144,138,129,122,125,139,139,131,123,123,123,129,142,150,143,128,125,135,128,132,147,156,139,147,149,139,144,144,141,152,152,157,138,145,150,126,128,139,118,137,145,139,148,135,129,131,117,124,138,133,139,135,132,137,139,136,138,130,141,128,131,129,139,141,138,148,138,127,127,142,133,141,150,150,138,131,124,147,141,130,130,133,135,149,139,146,127,144,150,147,143,142,144,144,143,123,134,131,133,138,150,146,143,142,139,137,133,145,135,127,128
112,127,122,113,109,107,106,109,108,111,107,107,112,116,134,125,123,122,125,121,113,124,113,115,133,128,134,124,119,115,119,131,126,132,120,144,128,130,133,121,117,129,116,113,109,132,128,116,123,115,134,122,131,131,138,133,115,111,110,139,136,135,131,132,120,129,144,116,128,116,112,110,108,139,139,127,117,122,134,142,116,147,146,138,111,113,108,144,139,132,124,115,124,130,135,132,133,136,111,116,107,144,110,130,135,139,136,115,132,124,127,135,110,113,108,127,124,130,138,124,123,115,122,130,124,144,113,113,113,128,117,130,122,120,137,134,143,137,130,146,113,115,108,145,132,134,132,137,126,116,130,113,118,128,122,116,115,121,117,110,123,120,125,115,120,119,116,127,113,110,115,110,109,112,115,117,121,117,115,113,118,120,119,117,116,117,111,111,113,113,118,117,125,119,124,115,126
122,119,119,119,118,120,119,118,119,119,119,119,135,131,121,118,125,128,133,130,137,132,128,138,139,139,142,134,115,115,122,129,133,136,131,131,136,124,136,131,152,131,116,115,120,128,130,142,132,138,127,127,133,133,141,133,121,117,122,128,134,142,132,132,126,130,136,141,138,133,122,117,124,129,131,133,122,152,135,133,154,135,136,134,116,115,120,131,134,128,137,135,137,138,133,136,134,124,116,117,119,132,145,138,133,135,134,131,141,135,141,134,117,111,117,129,136,133,134,128,131,152,156,138,152,138,118,112,120,128,147,134,157,129,133,135,142,135,136,129,116,109,119,126,130,122,125,138,128,135,135,137,128,123,112,111,121,132,130,132,135,120,117,123,124,129,132,126,118,121,120,130,155,126,125,131,132,135,122,120,120,113,121,117,123,120,123,118,119,120,119,119,117,130,120,120,116
138,133,136,135,137,133,132,132,134,135,133,134,132,129,130,123,128,128,136,129,126,130,129,132,128,123,122,123,127,127,131,123,127,125,125,121,124,122,121,131,126,124,127,128,128,128,128,132,137,133,128,131,126,126,127,123,128,129,128,124,129,126,129,124,126,123,124,133,124,125,128,131,128,118,123,130,127,130,129,126,131,125,125,127,126,128,125,128,124,129,123,127,136,130,131,127,129,127,122,129,125,131,129,126,129,128,118,128,125,126,122,120,123,122,124,130,130,126,127,131,126,129,129,125,130,124,123,117,127,118,129,130,131,139,128,125,122,125,124,124,120,120,115,127,135,130,128,125,124,124,123,126,124,117,122,120,111,119,121,130,125,118,115,127,125,139,136,123,121,135,128,122,130,131,128,124,128,134,127,127,131,126,127,139,129,122,125,126,129,131,136,134,139,136,143,126,137
121,142,131,132,142,151,151,148,150,150,152,151,149,152,131,139,154,148,143,138,152,134,154,150,132,132,128,132,138,137,146,132,131,128,141,124,133,129,125,152,130,133,145,138,152,136,130,129,151,150,131,145,136,130,127,124,142,141,152,135,132,129,119,128,141,139,128,128,146,137,151,144,157,142,128,146,147,131,143,137,128,135,134,141,150,134,151,135,125,133,135,151,149,142,129,133,134,133,146,129,149,135,127,128,138,136,132,151,129,143,143,125,148,125,150,143,152,138,127,148,126,135,131,136,131,125,142,123,152,141,129,146,131,131,134,132,131,133,132,129,147,127,145,134,145,124,126,130,129,137,122,135,136,139,131,123,138,142,141,147,128,122,117,146,128,131,129,143,149,139,150,159,127,152,152,146,150,144,148,149,144,132,152,128,154,157,152,151,152,147,143,145,134,150,129,149,142
127,118,121,108,107,109,105,104,103,105,104,103,113,108,100,115,107,113,111,116,119,115,109,113,128,115,132,126,106,113,115,124,126,125,124,128,126,133,125,110,129,119,105,113,111,126,126,129,119,113,135,120,122,125,136,130,108,110,109,124,127,123,115,132,120,122,130,128,122,125,108,109,109,120,126,116,113,120,117,120,124,122,119,117,105,112,103,121,124,118,123,117,113,119,125,124,123,126,105,111,105,115,126,127,125,127,129,116,127,123,119,129,104,115,105,119,124,128,135,120,127,126,127,131,123,120,103,115,107,130,127,119,125,128,130,134,132,129,124,127,104,118,103,126,127,128,130,137,135,129,138,123,138,121,111,115,109,124,125,119,130,127,124,120,128,128,129,115,107,105,111,115,130,115,115,122,115,119,113,110,110,129,115,121,115,119,110,110,113,115,117,117,120,110,122,120,122
128,132,133,129,121,127,127,129,127,127,126,129,132,123,121,133,123,129,131,135,124,131,128,127,130,128,130,131,130,123,126,128,131,141,123,129,134,128,133,132,139,132,129,123,130,130,132,129,132,128,141,135,133,132,133,137,129,123,129,142,136,139,127,126,123,130,132,127,129,127,131,127,127,132,132,137,127,132,135,138,137,137,139,127,127,126,133,134,134,137,134,124,139,138,132,135,142,133,128,129,134,132,126,129,131,125,135,126,127,132,127,129,129,133,135,129,132,125,116,122,129,139,135,128,137,142,130,131,129,126,133,126,130,119,135,136,126,129,141,136,134,130,135,132,127,130,126,135,137,129,124,121,123,122,126,129,138,125,120,122,120,125,129,116,125,117,122,130,130,127,129,125,135,127,121,123,126,138,127,124,118,119,125,130,128,133,123,122,120,120,119,120,127,132,128,118,118
130,115,120,119,115,99,105,104,100,96,103,109,115,104,111,119,109,106,113,118,110,111,98,102,119,118,120,121,124,110,107,124,112,121,118,116,129,127,116,103,124,125,117,118,102,137,132,125,107,102,123,91,124,115,116,117,111,118,105,127,124,119,120,135,100,106,127,123,116,111,107,119,106,117,122,111,99,124,112,129,128,120,118,124,105,122,105,129,134,134,128,100,117,122,121,130,123,124,116,122,105,136,124,115,111,122,120,98,122,103,118,125,110,124,104,100,105,97,94,88,92,124,119,106,124,130,110,130,103,118,124,97,130,120,104,117,105,120,108,116,115,128,111,120,102,112,106,116,116,99,112,104,112,115,128,117,115,112,96,95,106,106,115,102,99,122,124,124,106,106,100,103,127,102,102,104,107,124,104,103,102,107,100,108,99,95,103,104,102,107,111,104,113,108,121,91,113
123,132,121,129,136,133,135,138,136,137,134,133,138,127,128,125,136,115,119,118,121,115,130,139,141,130,117,142,129,128,131,145,141,120,152,128,131,141,128,126,128,123,128,124,133,129,123,127,125,137,127,127,128,135,118,151,136,126,134,129,129,129,129,137,142,137,135,123,129,136,135,128,136,135,127,134,141,133,132,123,131,121,112,111,128,132,138,120,116,121,115,125,119,123,139,126,132,133,133,125,136,120,127,120,115,115,122,127,118,139,115,126,133,120,136,135,130,137,127,135,133,128,130,116,124,126,130,113,132,118,124,127,131,121,126,119,126,129,139,142,130,115,133,143,143,132,128,123,133,139,129,119,127,141,126,130,130,131,131,121,124,134,126,131,130,120,123,131,137,144,139,130,132,128,128,125,126,134,138,135,135,139,138,124,134,129,129,137,137,135,132,134,129,132,127,133,131
127,142,139,144,143,130,133,134,134,130,130,129,111,129,143,145,139,141,131,139,121,136,131,131,126,131,131,130,133,147,143,134,139,133,139,134,139,139,128,129,48,136,131,150,134,141,141,24,120,117,138,135,136,129,130,130,132,148,132,137,142,126,128,136,135,135,138,15,126,138,132,148,131,132,135,134,134,77,137,137,61,129,137,138,132,150,136,131,144,139,130,117,126,136,138,136,137,139,134,145,134,139,30,139,142,139,145,132,139,127,130,138,133,147,131,129,135,133,147,135,138,77,72,133,79,134,135,146,131,137,31,126,82,6,134,139,134,133,139,127,136,144,135,141,127,135,139,128,134,138,133,128,141,141,144,143,135,138,137,133,148,141,138,139,147,6,9,139,139,139,133,137,48,124,133,135,125,103,132,137,138,143,136,136,137,137,137,132,135,137,141,141,143,118,138,136,141
128,150,131,147,148,159,161,157,158,155,156,160,150,144,146,138,147,123,118,115,131,127,157,131,109,129,115,102,154,141,127,126,121,110,116,109,102,106,117,159,122,95,154,137,150,105,104,128,144,155,109,161,100,111,109,107,157,141,150,95,102,105,111,111,148,136,107,129,135,148,158,146,152,102,102,150,159,128,115,108,120,108,102,113,162,136,154,115,105,107,120,151,145,122,102,109,103,102,152,134,152,109,125,115,112,107,118,162,112,145,135,119,156,127,154,137,133,144,143,154,147,130,124,129,123,106,156,121,155,115,124,144,125,134,130,112,123,108,120,106,151,119,139,116,149,109,115,107,105,139,125,143,132,144,132,133,129,121,134,161,139,148,148,163,151,133,131,149,154,151,158,158,123,164,169,163,164,147,154,157,159,155,156,131,161,170,152,162,163,158,149,154,141,156,136,165,142
135,139,152,143,141,134,131,133,136,132,133,132,122,122,139,142,129,139,137,134,138,135,133,126,157,137,144,151,115,132,130,151,157,148,139,154,134,135,144,130,125,135,111,139,123,134,142,119,134,123,141,130,136,128,136,143,128,136,122,144,148,147,138,139,133,142,150,124,139,139,127,133,121,148,145,137,136,124,128,126,121,130,133,121,126,133,122,141,136,129,127,129,133,121,118,121,122,119,115,133,122,125,118,122,118,129,128,123,126,127,127,144,120,131,124,132,129,131,136,129,144,128,126,128,120,133,123,131,123,139,124,123,121,125,112,116,131,123,131,144,122,135,121,134,127,124,120,130,126,127,137,133,137,151,133,147,130,134,133,130,138,142,145,136,138,125,122,135,128,134,131,131,129,130,132,129,125,125,126,126,127,145,139,137,136,134,127,129,125,129,128,125,131,131,129,142,135
134,115,112,131,121,109,110,108,105,108,104,106,110,103,121,111,108,112,112,112,113,116,103,108,123,123,120,113,118,113,113,118,112,117,125,125,115,130,124,107,128,110,112,113,104,116,112,130,117,110,115,107,119,115,119,112,115,108,106,125,113,115,127,125,117,121,129,130,118,113,109,108,107,122,123,112,115,129,121,122,127,123,118,115,109,110,104,120,121,123,130,112,107,115,108,109,109,115,112,110,107,111,129,116,116,116,129,109,120,110,111,115,115,107,104,106,107,119,136,115,127,129,131,117,125,115,115,110,105,115,129,124,130,131,124,127,122,116,102,115,112,111,113,119,110,122,124,111,122,111,117,115,113,104,113,108,116,115,113,106,118,119,122,105,113,126,125,106,113,117,106,112,130,113,109,111,109,110,105,108,106,102,112,121,109,107,111,109,108,106,107,105,116,113,110,97,120
127,132,143,124,118,109,110,111,112,109,109,110,108,123,116,163,120,121,113,127,103,119,99,100,112,122,121,116,115,132,120,102,97,122,108,116,107,106,118,102,126,124,111,139,117,117,118,133,115,102,121,110,124,128,125,121,105,134,109,110,115,118,131,117,99,104,115,132,99,104,103,134,104,98,108,89,96,120,109,119,124,124,116,125,109,132,110,99,122,131,128,107,98,123,128,131,131,132,116,132,111,135,128,127,134,125,129,100,117,110,118,123,110,138,115,102,102,117,134,110,116,124,123,116,122,132,115,147,116,115,125,118,120,131,120,129,123,133,133,139,119,139,130,120,99,119,128,125,128,120,128,122,130,119,137,143,142,127,112,104,124,126,134,111,117,135,133,135,116,118,116,111,127,106,103,112,108,117,118,113,115,132,110,138,100,115,117,109,106,108,115,112,120,113,115,105,124
139,136,142,131,136,131,128,128,129,134,129,128,121,124,142,131,128,133,129,123,131,129,129,137,131,131,137,133,139,123,125,132,136,131,138,138,129,139,133,127,136,125,137,117,119,132,127,134,133,132,142,137,134,135,143,141,136,116,119,143,138,136,141,144,139,147,139,137,139,128,133,119,122,135,134,134,137,143,146,134,136,136,138,133,134,121,122,131,129,133,131,128,128,130,130,130,131,132,135,125,121,128,136,132,129,129,136,131,133,132,128,133,134,128,120,130,129,136,141,133,142,141,139,136,133,130,134,125,122,134,134,130,131,132,145,142,135,126,124,141,135,124,118,131,129,126,134,134,139,136,139,133,127,132,141,127,121,139,133,126,128,135,133,124,127,132,133,130,130,141,117,131,138,136,132,131,128,131,128,132,130,126,127,131,127,123,132,126,126,129,128,133,132,141,133,132,132
123,127,136,119,121,115,116,116,116,115,115,115,115,118,130,122,118,112,122,118,118,124,109,121,132,131,134,129,113,115,120,121,128,131,133,122,133,133,121,119,128,130,108,122,108,134,133,120,108,110,129,107,133,133,132,123,115,118,109,126,142,133,131,135,106,109,133,123,119,108,108,115,110,118,133,115,109,126,121,132,124,132,133,121,107,121,110,124,135,138,131,115,121,137,135,133,127,134,108,121,110,136,119,133,136,141,133,110,138,115,117,129,110,118,106,111,124,122,130,115,123,122,128,129,123,131,115,119,107,123,126,125,129,120,128,131,124,132,118,122,110,117,113,125,117,131,127,134,132,115,130,115,126,113,115,118,112,123,126,112,132,125,129,115,123,121,121,105,104,115,107,109,128,115,109,110,104,104,105,108,108,111,97,109,106,108,102,108,108,109,110,103,109,107,107,102,112
109,123,115,127,126,125,125,127,125,128,126,125,127,143,120,130,126,137,142,139,131,139,134,120,123,142,139,125,121,120,133,126,134,139,134,133,130,120,133,137,124,134,123,118,129,133,135,128,126,124,122,127,130,139,131,115,123,117,127,121,130,139,138,148,122,123,126,118,122,116,128,116,129,123,129,121,129,131,133,144,124,139,139,126,126,116,130,139,136,137,131,137,141,145,136,136,136,127,122,116,123,138,126,130,132,129,119,123,126,117,119,119,130,115,127,122,124,126,112,122,119,123,125,136,126,127,126,115,126,128,123,124,125,126,131,136,130,130,129,128,127,116,131,139,122,135,130,132,125,117,115,121,132,109,115,124,136,134,122,125,117,102,110,120,110,125,124,122,126,129,128,125,120,117,123,126,129,120,128,123,127,119,128,138,129,127,130,127,130,128,133,134,137,126,133,122,130
143,172,146,164,170,173,176,173,170,171,172,173,169,161,178,147,158,135,130,133,139,129,167,152,136,148,124,132,166,154,144,139,134,117,136,110,108,115,128,162,146,128,164,149,166,123,122,134,147,164,120,161,115,122,112,123,167,154,166,122,105,120,135,111,156,146,100,131,131,155,170,152,172,123,96,132,166,139,126,119,132,104,109,134,168,152,166,137,125,125,138,158,142,129,120,122,130,119,163,151,165,124,132,118,121,117,125,170,117,154,148,116,170,141,169,155,139,139,109,152,136,144,130,133,143,127,168,137,170,131,128,150,134,128,132,118,132,131,139,131,167,143,165,125,151,137,135,131,120,154,129,156,135,156,171,148,159,135,149,166,137,151,147,168,151,129,128,157,173,170,177,168,131,174,169,169,170,167,177,180,181,147,173,152,173,165,174,180,176,176,165,158,143,158,142,163,147
131,113,112,116,107,107,106,109,108,109,110,110,111,130,106,131,123,129,135,142,128,131,111,122,136,131,146,148,118,121,135,139,145,141,128,144,144,126,132,117,132,144,116,119,119,137,144,124,122,110,142,112,137,139,138,130,107,112,120,141,143,136,128,136,115,127,144,128,127,122,110,111,120,139,142,131,109,122,125,134,129,134,138,146,108,115,120,139,151,142,136,118,115,123,138,139,139,157,116,109,121,145,128,147,146,148,148,116,144,122,129,147,112,121,118,120,128,127,137,117,122,127,126,142,119,145,111,130,118,147,137,132,129,131,130,136,143,150,138,138,113,122,139,141,108,150,149,136,138,122,141,127,134,115,105,112,139,142,130,115,139,126,135,115,125,131,132,119,106,100,104,116,129,110,110,117,115,119,115,108,103,115,100,104,106,109,116,109,106,104,106,108,100,105,107,108,104
136,115,115,118,121,122,122,121,120,121,121,124,120,125,115,118,123,121,127,136,127,130,121,117,117,130,128,130,121,116,120,125,119,129,134,127,129,135,118,122,125,130,126,128,119,127,126,130,133,127,120,117,125,129,126,134,130,129,124,128,122,123,124,135,127,128,124,128,126,130,125,126,126,130,125,120,125,122,136,137,133,139,132,123,128,132,122,124,127,134,131,132,131,137,138,132,139,132,127,136,125,128,132,121,123,118,125,119,121,119,125,132,127,139,124,125,124,124,128,116,126,127,125,116,132,128,128,142,124,124,127,126,131,132,144,143,133,134,134,132,124,137,125,133,136,147,149,126,139,134,129,129,117,137,137,134,121,121,126,130,133,137,131,130,131,133,131,126,123,120,116,117,125,129,123,125,125,135,128,129,122,109,119,100,107,115,121,123,123,125,119,111,108,115,108,113,97
107,118,125,117,119,123,123,123,123,123,121,123,115,122,120,121,120,120,121,125,126,125,122,115,117,123,125,121,119,125,123,121,117,124,118,116,122,112,116,122,116,128,125,125,124,125,124,129,119,118,118,117,124,124,127,120,126,125,123,121,126,126,120,117,120,117,115,127,125,120,127,128,123,120,123,120,124,117,122,125,117,126,131,124,126,127,124,126,128,125,128,127,123,128,124,130,130,129,128,127,124,128,126,123,129,126,120,120,123,122,128,125,128,124,124,123,120,127,123,120,120,111,117,124,116,129,129,123,120,128,120,123,112,130,124,128,132,136,131,125,129,125,123,131,130,130,130,130,128,118,126,119,118,118,131,125,125,123,116,121,117,118,117,121,120,131,132,125,124,118,125,120,116,120,122,119,122,118,131,128,127,128,121,128,124,121,125,126,126,127,127,123,125,118,126,125,126
117,127,132,138,131,129,129,132,132,132,130,130,126,129,135,130,127,125,131,127,121,131,125,128,118,127,124,121,127,131,128,130,121,126,124,122,124,127,119,125,133,125,129,128,129,134,130,123,128,126,124,127,130,135,119,115,129,127,124,124,121,127,139,131,123,127,122,118,115,112,128,127,122,124,120,125,129,128,137,139,128,133,127,130,128,126,126,130,129,131,130,128,137,139,128,134,129,134,132,127,124,132,123,129,129,129,137,123,131,125,127,122,131,129,125,119,120,123,126,123,126,132,133,125,127,133,129,128,124,126,129,124,127,110,131,130,121,133,127,136,133,127,126,128,128,126,118,134,134,130,131,121,134,130,131,128,125,134,128,123,131,129,129,127,131,110,113,134,126,124,123,125,128,127,124,125,120,123,129,126,124,133,127,128,124,123,130,127,125,123,120,122,124,130,121,129,131
135,154,157,142,141,129,128,128,129,126,125,125,131,134,139,149,134,131,128,126,135,137,123,124,131,133,130,137,130,137,130,115,110,124,120,116,125,124,121,119,133,127,125,132,123,118,115,122,125,121,113,117,117,118,127,115,110,130,123,119,113,120,118,115,115,117,116,125,131,127,116,129,120,120,124,121,115,132,124,116,127,122,122,130,120,130,118,134,120,124,125,125,128,123,123,119,126,115,123,126,121,129,128,125,116,120,125,124,131,126,131,125,116,130,121,130,121,123,132,131,125,133,133,122,129,125,116,133,124,134,133,126,128,124,127,122,128,117,131,123,120,133,121,127,118,107,112,121,119,123,132,128,117,125,111,130,123,129,123,125,128,129,128,121,120,123,126,126,120,127,120,127,128,123,120,119,120,132,124,130,130,120,125,128,129,124,122,127,128,130,133,133,129,123,130,125,123
117,115,129,115,109,112,111,115,115,110,111,111,116,115,118,116,112,121,126,126,116,134,115,121,126,123,130,126,112,116,115,117,119,136,130,132,132,129,117,117,123,135,113,122,110,128,126,123,132,116,122,116,132,129,121,119,115,119,107,125,132,118,121,134,119,120,127,126,128,121,112,120,111,112,125,116,115,129,126,128,120,137,135,126,111,127,112,113,127,131,129,130,123,133,131,131,135,127,115,124,112,132,124,129,138,132,126,117,133,119,121,125,111,135,112,111,128,126,130,122,128,124,123,124,124,125,112,139,113,127,125,125,120,125,126,138,134,137,133,122,116,141,116,119,113,125,126,125,130,122,131,119,132,119,122,133,123,119,122,121,124,122,125,118,124,124,125,127,107,110,117,119,127,120,113,116,116,117,107,110,111,132,113,124,115,120,111,111,111,116,119,115,126,127,132,115,124
122,107,102,124,121,113,110,113,111,113,112,109,110,119,116,115,116,122,130,126,117,123,112,108,100,131,120,109,105,112,120,108,113,119,117,109,117,117,127,115,128,123,108,113,112,118,129,128,117,116,105,108,129,133,125,108,102,113,113,120,123,134,130,119,104,108,115,128,125,102,107,113,110,111,115,117,115,124,117,120,125,129,129,119,110,116,112,117,124,123,115,106,107,115,116,121,115,117,113,111,115,113,124,119,119,117,116,106,115,108,113,105,108,120,115,100,115,118,122,120,113,125,128,117,124,116,110,126,115,99,130,117,124,125,113,109,102,107,94,100,110,124,119,110,104,106,100,98,104,94,108,112,109,99,110,115,123,108,105,106,100,102,96,102,108,122,121,96,117,107,111,103,126,100,106,107,107,106,110,107,106,116,118,110,112,106,110,107,105,107,111,111,116,115,115,113,124
137,121,129,115,112,106,104,105,104,108,111,106,109,122,106,124,117,134,147,134,128,138,112,130,143,142,146,137,107,107,126,139,134,143,142,139,144,141,137,122,128,149,103,106,110,152,149,129,123,105,143,115,146,143,142,138,106,104,112,145,154,142,137,147,113,118,143,130,134,115,106,104,110,137,137,127,109,118,127,139,121,139,135,134,98,105,110,139,147,149,136,112,122,139,139,141,136,138,99,105,108,148,127,145,141,139,135,112,142,120,133,139,98,108,108,120,126,132,138,107,125,119,120,141,123,139,99,113,115,142,125,128,119,128,141,149,139,134,125,138,100,110,116,129,122,124,124,135,136,106,129,117,134,115,108,107,121,127,128,110,124,124,127,109,111,129,129,117,104,104,105,120,131,112,110,116,111,119,108,104,104,125,108,119,107,106,108,106,106,105,111,110,110,106,115,110,113
107,103,93,120,124,123,124,126,125,128,124,123,128,113,110,94,113,120,127,119,122,115,128,135,118,119,121,138,117,106,107,125,137,130,130,119,128,128,125,130,121,137,120,107,116,135,134,115,123,126,148,130,127,137,129,147,124,109,119,135,143,136,124,124,126,125,135,112,133,142,125,111,125,129,138,142,129,127,144,142,121,139,137,132,122,110,120,142,147,146,143,127,139,137,131,132,127,136,121,112,120,142,118,143,135,143,139,138,139,139,150,147,122,110,119,138,139,143,139,135,133,122,128,141,130,152,124,108,121,130,116,138,128,117,150,141,135,136,129,154,126,108,115,125,143,126,134,146,138,134,136,136,138,128,122,119,117,137,139,133,137,126,118,130,134,119,117,122,122,122,120,122,119,124,128,129,128,139,130,127,122,119,112,115,111,109,127,123,120,124,122,119,119,126,115,108,112
138,120,115,125,126,126,126,129,129,129,130,130,126,120,121,122,120,111,115,115,119,119,126,119,120,122,115,118,134,136,117,116,121,112,116,132,117,121,125,120,121,115,133,133,128,113,116,123,113,121,115,122,117,115,115,123,128,134,125,115,113,108,110,116,127,119,116,122,115,124,127,135,127,117,110,109,125,120,117,112,118,113,111,112,131,135,126,115,111,113,108,123,115,112,121,118,120,116,132,130,126,112,123,109,113,115,115,122,115,120,111,119,134,129,127,122,113,109,122,127,120,120,120,121,121,113,133,128,123,112,121,117,117,123,116,116,115,118,121,124,136,130,120,124,123,118,119,120,117,118,117,117,123,126,141,130,123,111,113,124,115,122,111,125,120,123,123,122,130,126,131,118,119,120,125,120,126,125,125,128,128,141,134,120,129,130,125,128,127,128,124,125,123,125,127,128,131
133,134,127,129,127,138,137,135,136,139,143,136,144,152,133,128,147,145,160,150,158,156,148,160,147,161,157,157,131,133,144,157,146,151,163,146,152,148,150,152,138,160,135,135,144,161,154,134,146,144,146,139,149,150,146,144,146,135,142,158,152,152,149,154,141,139,152,135,148,144,148,136,149,154,151,149,147,137,159,156,138,151,155,158,142,131,148,157,156,155,156,154,159,159,158,154,152,149,134,136,147,157,134,151,152,151,142,144,152,147,152,150,138,127,147,148,159,148,135,139,135,138,136,151,139,158,138,123,148,154,138,152,139,134,142,146,147,150,148,152,134,121,143,150,144,147,143,149,144,146,144,141,145,144,130,126,135,158,154,144,146,133,134,139,139,134,135,135,139,139,139,148,139,149,145,142,139,138,143,136,136,129,143,127,138,139,141,137,135,134,136,137,129,139,126,134,129
123,130,131,133,131,127,121,125,126,129,125,127,129,139,138,133,141,135,127,125,136,125,131,130,122,127,130,131,131,125,142,136,139,130,125,120,133,124,121,138,124,137,132,127,135,130,133,128,133,132,126,136,127,133,126,132,132,128,131,134,125,129,128,125,126,122,122,124,139,126,134,127,133,131,129,129,129,125,122,128,121,122,134,148,139,129,134,149,136,123,128,134,134,125,128,125,127,133,130,128,131,135,123,121,122,131,128,132,123,123,130,139,134,128,129,132,125,121,116,123,118,125,123,112,122,137,135,129,131,132,126,125,122,129,119,119,123,126,139,139,133,136,130,137,135,115,121,139,129,127,124,126,126,139,127,143,130,133,129,128,129,127,126,132,124,132,132,141,134,131,132,138,124,132,136,133,129,117,121,122,131,131,136,123,128,141,128,123,122,121,121,123,125,125,119,124,128
150,141,143,137,134,131,131,131,132,132,132,132,138,137,139,142,138,138,137,138,139,139,130,135,139,139,139,139,137,142,139,139,139,139,139,142,139,139,143,135,137,139,136,142,138,138,139,137,139,135,139,137,138,138,142,139,131,141,138,139,138,139,139,137,138,142,139,136,141,141,129,141,134,139,141,139,132,139,139,137,138,138,137,138,131,142,135,137,135,137,139,135,138,135,135,135,136,136,135,143,137,136,136,136,135,136,139,135,137,138,138,139,131,144,137,138,137,139,141,137,144,139,139,141,139,137,131,144,137,139,137,138,139,136,141,138,139,136,137,135,135,143,144,137,138,137,138,137,137,138,142,141,139,139,143,142,145,138,139,136,141,144,143,134,142,136,136,139,133,134,136,137,139,134,129,138,134,142,135,133,134,138,133,138,134,137,135,134,132,133,133,134,138,136,139,135,136
111,127,124,138,137,136,138,137,136,135,134,137,135,123,130,116,128,120,116,113,124,127,133,124,125,122,116,120,121,121,115,116,120,116,122,121,116,115,119,132,138,112,127,123,124,113,112,134,129,134,124,129,110,111,117,116,138,125,126,117,115,116,116,118,129,129,115,132,126,123,136,125,130,116,120,131,130,139,120,112,132,108,119,121,130,123,126,118,115,112,119,128,123,112,113,111,112,106,126,126,127,111,132,115,115,110,107,129,113,125,124,121,130,117,126,126,122,117,119,130,120,132,134,122,134,116,132,117,128,115,134,125,134,129,113,104,117,113,123,125,129,117,118,109,121,112,123,120,115,123,116,128,119,128,124,122,118,115,124,135,122,129,125,133,120,128,131,126,127,132,130,124,131,135,134,128,133,127,132,132,132,124,131,127,134,124,132,130,132,135,136,136,132,141,134,130,136
127,118,133,117,122,118,119,118,122,119,121,120,130,128,125,138,118,133,138,138,124,130,116,111,125,116,120,121,120,123,122,111,117,124,105,118,115,119,122,110,135,125,125,126,117,116,116,131,116,113,100,100,123,117,109,117,117,128,118,116,113,104,98,102,111,113,115,127,110,110,116,127,116,116,115,112,106,123,111,113,133,122,116,112,118,127,116,113,108,117,115,110,110,115,115,111,116,127,124,131,115,130,134,118,123,113,119,107,118,110,115,108,119,133,116,115,106,106,122,103,109,118,129,115,122,115,123,134,119,120,134,115,127,127,125,123,139,126,118,122,127,132,121,128,126,123,120,113,130,110,126,109,104,110,131,127,122,132,123,109,109,119,109,104,110,121,125,115,120,117,115,116,130,105,106,113,109,121,120,112,115,116,116,132,116,115,110,113,112,113,123,120,130,122,143,119,136
125,122,122,124,126,121,120,121,120,119,119,119,106,120,116,127,122,118,124,126,110,119,118,115,113,121,119,123,123,128,122,110,118,116,122,115,124,120,119,117,80,124,121,124,120,121,123,61,113,113,121,118,125,122,117,112,117,123,119,115,115,117,120,116,116,113,112,55,107,110,118,123,119,113,109,107,118,90,117,117,83,120,115,109,121,123,122,111,115,119,107,111,110,117,119,123,124,116,123,120,121,119,65,119,123,116,115,119,111,110,115,105,121,127,123,110,112,113,111,113,106,89,89,115,97,115,123,127,119,110,68,115,96,49,115,116,113,120,113,115,121,130,119,108,112,115,117,111,111,115,115,113,113,112,116,133,119,115,116,115,110,115,112,117,117,51,51,121,124,122,118,117,77,111,117,120,116,106,118,119,120,124,121,131,119,119,116,120,121,122,127,125,129,115,130,121,130
127,106,103,119,108,102,103,105,103,103,102,105,106,110,111,112,97,109,116,123,103,112,108,109,119,117,122,129,112,110,106,122,123,130,117,117,129,123,115,105,128,126,111,113,100,129,129,128,104,105,133,107,126,127,124,132,109,112,102,123,127,124,124,127,109,115,124,130,117,110,106,110,103,119,122,107,105,125,115,125,126,127,126,127,104,110,102,118,129,131,116,102,103,126,127,126,131,124,110,111,105,130,126,129,126,124,127,108,126,108,113,120,109,117,104,107,109,120,132,108,118,128,123,121,122,126,110,120,102,121,126,111,121,125,120,130,128,126,113,124,110,116,113,123,107,118,117,122,130,115,127,110,118,107,106,109,122,123,120,104,115,120,123,108,119,126,125,111,105,107,103,105,128,102,102,105,100,104,98,102,103,116,102,125,100,105,102,99,102,105,112,113,126,119,127,105,129
115,128,131,116,123,129,131,129,129,130,135,128,128,136,130,131,127,143,141,139,123,125,125,119,110,123,119,115,127,116,139,120,121,121,126,112,123,118,127,132,120,122,126,112,129,133,131,131,113,126,119,115,124,128,121,110,129,118,125,124,133,127,120,124,119,116,123,127,118,109,125,118,123,123,125,120,126,117,118,126,121,121,129,134,125,118,124,118,125,134,128,119,123,139,125,124,125,127,123,121,124,132,123,129,126,126,115,113,126,119,128,115,126,118,125,119,119,123,120,116,119,119,123,131,118,122,123,117,123,123,122,121,116,129,115,120,119,128,113,119,125,121,127,118,110,132,129,122,123,111,125,120,133,122,127,123,128,128,123,115,122,116,116,118,129,130,130,118,123,127,121,122,119,126,123,120,121,128,135,131,125,124,118,124,123,112,127,130,124,129,131,127,125,127,128,121,128
129,122,125,104,107,112,108,106,107,107,111,107,111,117,122,128,121,125,131,137,129,135,119,121,126,132,130,126,115,121,124,127,127,139,129,128,137,130,126,125,132,134,111,121,118,132,134,142,119,118,133,122,139,141,132,133,112,118,113,126,132,129,133,130,119,115,132,139,127,119,110,116,112,119,124,116,117,131,123,127,126,130,127,125,111,120,110,121,125,128,126,124,120,124,135,136,139,130,111,119,110,134,133,130,135,132,133,118,130,119,126,123,108,119,112,118,121,126,133,123,130,129,131,122,123,129,109,119,113,126,131,127,123,139,125,131,129,135,129,128,111,122,115,138,121,138,141,131,133,133,127,129,130,124,113,122,116,127,117,117,130,125,129,122,120,141,141,131,113,117,119,121,131,115,113,121,118,112,110,110,115,142,126,120,120,127,112,110,109,109,110,111,123,120,127,129,122
115,106,97,110,115,116,116,119,119,119,119,119,123,121,118,109,113,121,119,117,123,115,131,120,125,128,128,133,119,115,121,135,139,126,122,142,135,132,142,137,128,141,127,120,118,142,139,124,129,131,136,129,135,134,141,142,136,122,122,144,134,148,134,132,126,132,131,127,135,129,134,120,128,137,131,144,130,137,129,139,132,144,150,145,126,116,121,145,138,137,141,131,151,129,135,139,133,128,121,116,122,147,126,130,130,144,130,129,131,127,139,141,124,112,122,134,131,133,115,115,119,131,132,135,129,133,128,107,118,133,127,139,135,126,138,134,136,133,126,132,118,102,115,139,133,131,130,124,119,120,121,119,122,119,102,103,109,132,131,125,123,115,126,124,126,122,119,113,115,110,119,123,128,126,126,128,125,119,115,115,118,118,113,104,115,109,108,116,122,119,116,117,107,123,108,110,109
127,122,122,123,125,118,119,120,121,120,118,120,125,115,120,119,115,113,111,115,111,115,115,115,115,115,112,113,121,123,113,113,113,117,117,115,117,116,115,120,129,118,120,123,116,117,116,127,126,122,115,120,117,117,118,115,118,121,116,115,118,122,121,120,119,121,117,126,117,116,119,123,116,116,115,122,120,130,121,121,130,122,121,116,120,124,117,115,120,121,121,122,120,118,119,119,121,121,118,124,116,118,126,118,120,118,116,117,118,116,115,117,120,124,116,115,115,117,120,120,119,131,128,119,128,118,121,123,116,111,127,115,134,122,119,120,117,120,118,115,120,125,117,117,118,118,120,118,118,115,115,117,118,115,121,123,118,113,112,116,115,113,116,117,115,123,124,118,122,119,117,115,129,120,119,115,119,125,118,120,122,120,119,118,119,120,116,119,121,121,120,120,121,120,117,120,119
128,130,134,133,132,131,131,130,131,128,130,130,122,130,131,129,130,130,121,122,122,120,130,120,115,119,115,123,131,136,128,113,112,111,117,115,118,113,115,125,121,118,131,138,131,122,117,128,119,123,115,122,116,115,122,122,135,135,127,122,113,116,118,115,124,124,111,127,122,129,131,136,127,124,118,120,127,122,115,118,123,122,118,129,132,138,131,120,122,118,117,123,115,129,121,115,117,120,133,136,130,121,125,121,121,122,117,125,121,125,128,122,135,137,130,129,123,126,122,128,121,121,119,125,120,125,135,133,126,128,124,128,121,132,120,121,126,122,128,130,131,135,128,122,123,121,126,120,116,129,121,120,130,135,135,138,125,123,126,127,122,122,117,131,132,132,131,130,130,129,126,127,123,127,127,125,127,122,128,130,129,130,127,142,124,132,128,129,130,131,133,132,134,127,133,126,133
121,112,99,115,107,115,115,117,112,115,111,115,111,122,108,112,123,120,121,127,104,116,113,115,115,119,126,129,122,110,134,122,121,135,120,120,129,127,125,125,131,138,125,109,124,128,124,129,115,120,124,113,119,130,128,125,126,111,125,139,131,133,129,124,115,129,121,129,129,115,123,110,128,129,124,124,124,122,118,130,125,136,137,143,122,107,126,139,136,142,136,110,119,121,127,133,135,138,124,109,126,130,125,138,142,136,127,113,128,124,131,139,124,112,124,119,118,131,120,111,111,120,116,122,127,133,123,118,122,127,120,123,127,124,124,132,115,136,123,132,123,113,127,130,112,132,138,119,129,115,120,128,136,116,113,112,133,138,127,118,132,109,112,111,117,129,128,129,113,123,117,125,124,119,121,122,113,124,119,112,107,105,102,104,108,116,127,116,111,107,94,96,88,109,87,102,88
118,131,131,127,125,128,129,131,129,127,133,127,118,129,130,129,134,135,136,134,131,134,133,133,141,132,126,134,123,131,133,131,137,126,134,138,127,133,137,126,125,123,125,129,137,124,127,132,120,126,130,134,125,127,127,136,126,127,133,127,123,127,133,130,141,139,131,132,119,132,128,126,129,130,123,123,127,120,123,117,123,117,115,118,129,132,131,111,115,117,116,121,115,116,116,116,118,119,127,128,131,116,131,118,118,116,123,130,117,131,122,120,129,131,132,135,127,131,129,127,128,121,124,134,127,120,131,129,130,127,128,122,119,135,130,120,129,119,117,128,126,130,133,115,124,112,124,124,125,128,129,125,135,142,133,134,131,124,133,131,131,141,139,133,137,135,133,129,127,130,128,130,127,127,132,136,131,126,132,130,126,144,128,138,131,131,135,129,127,129,131,134,134,124,135,136,136
133,115,136,120,116,121,117,116,118,115,118,119,116,119,106,129,121,136,115,115,125,130,112,110,104,121,117,127,115,122,143,129,112,120,126,129,130,144,120,119,124,121,123,125,129,141,127,127,132,118,122,131,131,124,126,121,120,124,123,139,135,116,126,132,121,119,124,133,122,107,121,125,121,136,132,127,117,123,152,142,128,139,134,124,122,128,126,131,133,133,130,128,142,148,139,135,129,127,124,124,123,139,125,124,129,130,143,119,128,122,124,132,122,130,121,126,112,121,142,124,139,130,126,137,120,121,122,129,118,136,131,129,126,128,145,144,130,139,124,122,123,130,124,141,130,144,126,127,139,126,129,122,104,122,123,123,121,120,115,113,122,119,124,111,121,130,132,124,125,112,113,116,131,126,122,115,125,130,123,117,112,127,119,123,118,123,124,122,121,118,123,123,128,125,133,118,131
122,126,126,132,137,143,150,148,148,144,146,152,149,127,133,111,132,126,115,110,126,117,144,130,118,129,118,111,131,124,121,117,125,116,115,118,115,100,116,150,139,99,134,125,135,99,106,135,141,156,115,146,111,104,121,113,139,127,142,106,115,109,98,99,139,138,110,136,137,130,145,126,146,120,109,135,147,134,112,100,136,106,108,110,148,124,144,116,100,99,115,139,130,100,103,99,109,103,136,124,142,94,129,113,112,104,116,149,110,143,128,116,143,118,139,138,132,129,124,139,136,144,143,125,136,100,145,115,146,118,136,125,138,128,128,109,132,111,121,115,138,118,134,105,129,105,130,115,120,138,120,147,133,121,122,125,128,125,132,148,129,139,133,150,139,128,132,120,134,138,150,143,138,152,151,146,151,147,149,148,146,137,135,131,145,146,141,143,147,147,144,139,134,149,135,143,129
122,134,136,115,126,135,138,137,139,139,139,135,135,144,128,139,143,145,146,141,145,141,136,138,145,144,141,146,127,135,138,139,145,141,150,144,148,138,145,139,134,147,129,139,138,145,143,131,143,133,145,134,151,145,144,139,122,138,136,148,147,146,136,142,136,143,139,129,150,137,131,137,136,149,148,142,132,133,147,145,136,144,152,143,129,136,133,143,142,147,147,137,143,149,146,146,142,138,129,135,138,144,134,150,147,152,148,138,144,139,138,139,127,142,139,139,147,145,144,134,132,131,138,147,135,138,126,139,135,143,131,149,139,125,144,150,147,141,139,144,127,138,136,147,148,144,149,148,151,139,149,137,144,136,119,136,132,146,148,139,139,135,131,132,134,126,127,123,127,129,132,138,131,135,133,139,135,132,133,132,127,129,130,120,135,133,132,133,131,128,126,126,124,129,127,130,129
121,119,124,104,110,116,115,113,113,110,116,111,117,111,120,120,126,122,131,126,125,123,117,124,125,124,124,120,111,107,129,129,124,123,129,123,126,125,122,116,134,128,107,109,117,137,136,129,109,120,128,115,122,127,122,124,111,110,113,127,131,120,121,126,113,117,124,127,120,119,109,107,111,125,129,118,110,136,118,122,136,118,117,127,110,111,107,132,129,125,123,123,116,128,126,128,126,124,107,112,106,131,130,123,118,122,115,115,119,116,122,130,105,110,106,120,121,118,120,113,118,124,132,127,133,134,104,107,108,132,133,125,132,123,117,121,125,121,128,130,104,106,102,127,120,111,113,124,117,115,121,117,126,113,113,109,98,120,116,118,118,116,113,117,120,124,127,113,109,110,116,110,132,117,113,113,119,127,119,116,112,121,121,112,119,115,115,117,112,115,112,109,115,117,111,120,111
142,113,112,122,115,107,107,112,113,106,106,107,111,102,121,113,107,110,116,112,115,120,115,113,130,116,115,123,106,126,104,147,131,124,135,129,129,125,131,115,129,113,100,121,99,138,131,135,115,115,129,119,132,129,123,116,117,121,97,136,128,137,136,142,119,121,135,135,124,113,111,121,103,130,117,122,127,141,137,135,125,122,137,115,115,132,100,134,127,128,131,115,124,132,120,129,120,126,108,136,99,128,134,132,128,136,138,121,131,121,124,138,109,133,100,116,121,129,135,130,144,131,127,129,119,116,115,126,102,125,133,133,131,136,129,122,126,138,112,115,109,133,104,135,126,145,143,135,129,130,137,126,132,134,139,138,103,129,134,120,137,130,131,124,137,131,133,119,115,113,111,118,137,122,117,118,116,109,110,110,113,126,120,134,115,116,110,112,117,119,126,124,135,131,139,115,126
109,139,148,139,135,132,130,132,131,133,136,130,123,136,131,154,141,138,133,126,123,133,133,130,134,143,127,137,137,137,152,126,127,128,113,116,122,113,126,127,121,129,132,136,144,131,123,126,134,122,132,130,119,116,118,117,123,134,137,127,119,115,112,118,119,113,104,122,119,123,129,134,129,119,112,115,115,102,113,110,117,113,112,105,123,134,130,123,118,126,124,123,128,116,118,109,107,108,129,130,129,120,120,107,111,115,116,121,102,125,115,116,122,129,128,127,115,111,120,115,110,115,116,120,115,117,128,138,123,126,118,120,118,131,120,117,115,108,110,113,126,134,130,95,115,102,111,116,106,117,120,116,115,125,125,131,134,115,119,126,115,136,133,130,134,134,131,122,121,126,131,123,121,128,134,141,133,142,139,134,125,132,124,123,127,129,141,137,131,131,126,131,129,126,117,131,115
116,86,86,103,98,104,107,104,104,100,105,105,118,108,103,104,98,106,111,111,105,102,108,115,96,99,119,115,120,119,110,99,100,112,110,109,115,106,109,111,135,123,122,120,116,115,116,122,119,115,118,117,111,115,124,118,122,121,117,110,121,115,115,116,105,116,113,124,119,124,118,124,119,121,118,111,108,134,123,126,130,123,127,125,120,126,120,116,126,125,126,128,129,129,121,123,123,120,124,135,126,129,127,135,126,128,120,121,131,122,133,127,123,133,125,115,126,127,122,122,115,136,135,133,133,133,124,124,121,125,129,113,125,123,124,127,116,115,125,139,120,121,122,111,117,116,119,124,119,107,113,106,123,115,112,122,120,115,117,110,113,105,102,110,100,120,126,122,109,112,110,110,128,112,113,112,115,125,109,106,105,112,107,115,105,109,115,105,104,108,105,108,106,117,115,106,110
132,139,125,123,131,136,135,138,139,141,138,139,141,137,135,110,131,127,136,134,122,122,133,142,128,135,130,125,129,110,125,124,131,130,124,129,126,130,134,135,122,135,130,108,130,135,132,118,122,128,134,133,126,133,126,126,134,116,131,135,129,128,123,123,127,132,124,124,136,128,134,121,135,139,119,130,131,130,131,129,115,136,139,141,133,122,128,141,136,141,133,126,136,131,137,139,139,145,131,123,127,138,119,139,141,134,137,139,131,138,132,132,133,121,133,133,136,139,112,129,117,127,121,127,125,141,133,121,131,132,121,139,123,121,127,127,133,143,134,136,135,122,126,150,139,143,131,138,133,133,127,129,129,128,132,125,123,141,136,134,123,106,115,135,122,123,121,136,133,141,142,136,124,134,130,126,132,136,138,138,139,121,132,113,135,132,133,135,134,137,134,128,126,127,128,133,126
109,134,129,128,125,129,129,129,130,131,131,128,124,133,119,126,128,128,129,128,132,129,133,136,138,138,130,135,122,119,129,136,132,131,135,132,134,132,141,134,115,134,121,120,127,137,136,116,122,126,133,128,130,132,135,118,124,122,127,139,135,143,141,139,137,139,139,117,132,119,128,124,127,146,131,133,132,118,142,139,118,131,141,129,126,122,126,144,139,137,141,127,134,133,131,133,131,137,123,124,124,134,115,136,131,142,136,134,133,134,130,133,128,120,126,131,133,126,117,127,135,121,118,133,117,128,126,118,126,138,115,132,118,121,136,130,123,127,119,123,124,123,123,120,115,128,128,135,134,128,126,128,134,124,121,129,117,132,128,127,129,121,124,129,128,121,120,122,128,134,127,125,115,126,130,131,129,122,122,123,124,119,126,121,125,122,121,125,126,126,122,121,117,123,118,122,121
137,135,129,141,139,139,142,142,139,141,141,139,134,135,135,142,147,137,130,131,137,127,141,136,123,132,133,136,142,145,145,142,139,125,134,134,123,133,135,138,129,136,144,143,150,132,131,134,144,139,134,146,127,129,138,142,139,143,150,135,133,129,129,137,145,142,132,132,137,145,144,139,149,138,138,137,144,129,125,127,127,129,125,138,141,139,148,136,128,124,126,132,135,133,120,124,126,133,144,138,147,130,132,129,125,127,135,144,130,138,137,141,144,134,145,149,139,142,143,139,142,129,127,142,128,138,144,141,146,141,130,133,125,134,132,125,128,123,139,132,147,138,155,137,146,129,128,136,131,142,134,136,139,144,130,138,151,141,145,141,135,146,139,141,149,135,135,139,147,141,146,144,131,137,138,141,138,133,144,145,148,142,144,123,139,144,146,146,143,139,137,139,137,138,133,142,139
137,119,123,124,126,132,129,132,131,131,130,129,127,126,125,126,127,126,117,122,122,115,130,117,118,111,115,103,130,134,136,109,111,107,118,115,119,112,118,126,129,109,127,130,135,123,122,135,115,123,115,120,117,116,115,104,125,127,130,112,120,121,125,112,122,119,120,133,126,115,126,131,128,116,116,117,125,128,111,115,130,115,117,123,128,132,129,117,115,115,110,124,118,117,121,125,122,109,127,130,130,116,132,118,122,118,123,124,122,119,121,108,128,128,131,115,122,113,122,125,115,127,129,111,132,110,129,131,126,115,134,118,130,134,106,107,111,112,115,108,128,134,128,111,110,125,123,113,111,119,121,123,117,129,139,138,131,111,113,124,123,124,129,129,125,138,138,124,128,135,131,124,130,132,130,120,128,136,132,131,130,139,128,120,131,134,133,127,131,132,130,130,122,131,126,127,123
134,137,134,143,143,134,132,133,132,134,131,129,126,139,134,133,136,144,156,159,150,164,131,141,134,150,159,149,139,141,139,148,148,152,149,138,146,136,143,138,126,149,134,138,135,151,152,130,136,126,145,132,149,152,145,148,124,134,128,146,148,149,141,146,135,127,143,129,148,135,128,139,128,142,145,131,128,123,135,147,121,144,141,147,132,141,132,151,152,151,148,133,139,154,155,152,147,146,135,144,133,152,132,147,149,152,139,132,149,132,142,139,131,142,131,137,144,137,136,136,135,119,125,141,120,145,132,139,130,137,128,142,124,131,138,142,148,143,143,136,137,138,133,146,133,149,145,145,138,138,135,133,129,123,142,145,139,132,133,134,136,127,124,126,129,132,130,132,136,135,129,126,123,122,128,134,125,136,136,135,132,120,129,144,126,135,136,138,139,139,138,135,133,121,139,124,138
135,152,145,154,156,152,152,151,150,148,150,148,136,135,143,149,154,123,119,126,123,122,146,135,124,111,111,121,134,146,146,120,119,112,119,120,115,111,111,143,122,116,136,148,156,116,107,121,148,146,126,139,108,115,119,130,135,151,152,121,113,125,124,110,141,135,109,124,130,139,146,152,152,123,113,138,147,122,134,122,118,123,118,123,150,146,155,118,115,119,124,141,135,117,121,120,116,117,143,141,152,115,120,117,119,113,115,148,115,143,130,125,146,145,154,142,139,135,129,147,128,127,120,121,119,112,147,142,152,126,119,135,120,129,123,121,123,110,129,121,144,143,154,124,131,122,124,118,119,133,128,150,133,139,136,142,147,135,133,150,136,129,126,146,135,134,129,139,149,148,156,152,126,152,154,146,146,144,156,157,156,155,152,137,157,143,152,158,157,155,149,143,136,142,131,159,139
134,129,121,131,127,133,136,134,135,136,135,135,136,135,128,126,130,134,135,136,139,133,134,132,132,133,131,125,136,130,138,125,131,126,130,131,129,128,132,127,133,126,139,136,137,124,124,133,132,131,129,136,135,131,134,132,135,134,137,122,133,131,129,128,131,134,129,133,135,133,133,134,136,121,136,135,130,136,135,127,133,128,126,132,134,133,136,126,123,125,128,128,127,131,128,125,124,125,139,136,139,126,135,132,127,128,135,134,131,126,134,130,138,134,137,133,132,127,127,129,130,128,131,128,135,126,137,135,135,128,134,132,131,133,130,126,134,128,135,130,135,132,143,125,129,132,134,135,130,136,138,134,131,133,130,130,143,136,134,134,133,133,139,133,134,133,133,133,135,128,126,135,131,128,131,135,132,131,137,135,132,125,129,133,125,124,136,137,134,131,129,128,133,124,134,125,135
121,106,126,124,123,109,116,119,119,117,116,112,107,115,107,120,119,129,131,122,117,116,115,115,106,115,122,108,109,107,118,128,124,131,119,117,139,130,118,116,122,117,108,103,108,139,137,128,110,112,130,115,133,130,125,112,104,98,110,125,142,139,141,141,105,110,127,123,115,97,103,103,107,120,129,116,106,122,134,146,129,131,123,127,106,109,107,136,144,145,123,111,120,135,141,141,134,131,104,113,110,151,128,135,130,138,123,105,127,103,117,115,106,115,108,107,115,115,105,100,108,125,121,111,115,129,107,117,107,111,127,117,125,124,126,135,109,133,116,120,102,113,99,141,115,130,129,127,133,119,113,103,100,99,100,110,104,125,107,105,113,99,119,105,99,119,119,106,104,111,104,98,124,98,104,108,104,108,115,111,111,105,102,115,99,97,109,109,110,112,109,110,109,110,110,99,113
155,145,147,148,145,137,138,139,139,139,138,138,143,145,146,146,142,148,145,146,149,148,137,144,147,145,145,146,145,148,147,145,145,147,147,146,145,144,146,139,147,145,143,149,144,145,143,142,146,139,144,142,145,147,146,145,139,148,142,147,145,147,148,145,145,148,146,141,149,147,136,147,139,147,145,148,139,149,146,146,149,146,147,149,137,148,142,144,145,146,149,143,145,145,145,145,147,145,143,150,143,145,143,146,146,145,145,139,147,145,149,148,139,150,143,143,147,148,148,145,148,150,150,147,150,146,139,150,143,148,145,149,149,136,148,146,147,146,149,145,143,150,148,145,144,146,148,146,146,147,148,149,147,146,147,149,150,149,147,141,148,146,146,139,148,136,138,146,139,141,138,143,147,141,135,142,139,147,141,139,142,145,139,146,138,141,141,139,138,139,145,144,149,146,150,139,147
136,135,131,136,137,139,135,134,135,138,138,139,128,139,147,127,138,127,134,130,134,141,143,139,137,137,141,134,133,131,130,133,135,134,136,139,136,145,139,139,123,136,132,129,136,127,133,124,139,141,138,149,137,133,144,143,135,131,138,136,133,131,127,126,146,152,134,128,150,148,139,126,139,139,143,152,152,127,136,130,122,139,131,128,139,126,138,144,134,130,134,144,144,133,131,134,131,131,137,124,136,135,124,132,134,135,144,147,139,143,139,139,137,122,135,144,146,144,143,147,150,123,124,135,115,126,135,123,134,147,125,155,123,129,139,129,138,137,128,135,136,117,135,144,150,141,132,132,131,144,143,131,131,147,128,116,141,139,144,138,135,143,143,145,150,128,125,144,141,137,144,137,124,136,139,139,132,122,134,131,128,137,142,139,143,144,139,136,134,129,130,133,137,134,133,143,137
135,116,125,100,110,115,115,112,116,116,115,117,122,126,99,130,122,121,125,136,121,122,108,106,99,112,122,115,118,115,130,115,113,123,107,104,120,112,105,108,136,126,120,115,124,121,124,127,112,113,105,107,121,124,109,121,110,112,122,110,117,113,115,108,104,108,118,126,124,115,112,112,122,97,119,120,105,123,100,119,131,122,115,134,115,116,119,115,115,121,121,102,110,107,115,120,117,130,119,115,122,129,128,133,122,120,126,115,133,111,131,119,116,118,122,110,115,115,112,103,111,127,129,118,127,122,110,119,123,127,126,112,127,119,113,115,126,130,115,115,115,115,129,131,120,123,120,115,121,115,125,132,127,113,115,108,130,135,122,118,131,120,123,111,110,119,121,128,116,102,115,122,128,110,106,117,115,125,121,115,112,102,110,99,110,113,116,112,108,107,102,99,104,112,108,108,100
119,139,133,132,133,135,134,135,136,139,137,136,128,137,133,130,136,134,136,134,130,131,134,133,128,132,128,130,134,129,131,126,130,123,123,120,122,116,124,127,118,126,135,128,131,128,125,129,117,124,122,124,117,118,116,124,133,130,132,130,127,111,112,110,125,125,116,125,115,128,137,129,135,131,124,122,121,112,112,112,117,113,116,124,134,130,133,124,124,123,125,121,118,122,115,116,117,124,137,133,133,131,129,126,121,121,115,128,125,128,133,131,135,128,131,132,130,134,128,126,116,118,117,137,124,130,138,129,131,135,123,131,122,130,126,122,127,121,124,135,136,132,131,119,131,122,126,127,121,122,122,125,124,134,130,135,131,131,137,131,127,136,133,134,127,131,130,131,133,129,127,135,123,128,134,133,133,133,137,136,134,129,128,116,130,127,135,138,135,137,133,132,128,122,126,130,122
126,121,111,129,129,135,136,135,134,139,142,139,130,134,125,124,135,133,139,136,145,139,138,156,159,155,141,144,135,127,134,145,147,141,142,147,141,144,159,139,129,138,136,125,131,127,131,121,129,135,146,145,138,137,145,152,137,125,139,139,139,147,131,129,139,150,145,135,137,146,137,127,134,146,141,145,136,123,139,137,130,148,136,129,131,131,128,135,132,130,133,122,129,126,118,122,118,128,131,136,131,120,125,135,128,130,141,135,130,143,133,142,134,131,127,139,138,147,136,134,142,124,124,155,121,141,138,130,138,138,131,142,129,131,151,137,139,130,117,123,138,127,127,131,141,123,125,137,130,126,142,135,144,122,136,131,127,142,134,135,139,134,129,133,137,126,128,119,137,139,130,130,129,131,132,143,130,124,132,128,131,124,128,125,123,115,132,131,130,127,127,130,135,136,135,124,129
136,124,135,136,123,120,120,123,126,126,124,125,122,131,133,137,121,125,143,134,131,139,120,127,146,132,147,142,123,139,124,139,139,143,147,151,152,156,152,130,130,150,123,139,126,147,147,123,142,127,139,131,152,142,147,136,124,137,123,149,146,150,152,155,136,138,150,125,134,126,121,135,121,152,151,139,131,127,144,154,131,152,151,125,124,142,125,137,141,139,128,126,139,157,141,138,125,138,125,144,127,145,124,139,136,149,141,126,139,126,130,139,126,148,126,131,132,133,132,119,125,124,129,139,126,144,127,147,125,138,126,124,127,125,138,145,142,136,123,144,127,148,130,132,131,126,126,146,152,131,142,129,132,122,122,150,129,130,134,123,127,128,125,120,125,124,124,135,129,128,119,120,124,116,117,125,118,129,123,122,125,146,131,129,128,130,120,122,122,123,120,122,129,120,120,136,128
128,127,130,124,122,121,121,122,122,121,119,121,119,123,116,126,119,125,121,125,122,125,118,107,123,119,117,111,121,117,122,124,115,117,118,120,119,120,125,116,129,110,120,115,120,121,118,131,113,118,120,112,116,115,118,120,115,115,119,117,119,119,110,118,115,112,119,127,120,116,115,115,116,113,115,116,110,124,113,109,130,109,117,119,112,112,118,117,118,112,112,115,110,112,110,113,113,111,116,111,118,117,130,111,110,111,117,115,112,115,118,120,115,111,117,113,110,107,113,112,119,126,127,108,131,113,112,110,116,119,131,115,131,125,110,119,115,110,116,115,116,112,121,122,116,112,117,117,119,113,119,120,115,121,123,113,127,115,116,117,111,124,126,117,122,124,125,126,120,113,116,121,131,115,115,115,118,132,127,121,120,128,120,119,120,125,125,119,117,120,120,123,120,121,127,124,120
128,125,128,113,116,126,124,125,124,125,127,126,135,133,124,131,135,133,139,139,137,134,129,133,135,126,131,127,123,121,138,129,129,128,127,132,134,126,131,126,148,127,123,121,126,131,132,148,126,133,125,120,128,131,125,122,124,121,128,127,133,121,125,128,123,125,131,146,128,123,125,121,128,122,130,128,126,145,126,125,147,127,124,130,125,118,129,125,125,128,129,132,128,129,127,130,131,134,123,120,128,131,148,130,131,133,129,125,131,129,129,124,124,122,127,124,131,133,129,126,128,145,146,138,145,130,124,124,126,131,149,131,149,141,130,131,126,129,132,124,123,123,128,129,125,137,139,132,130,128,124,125,131,119,121,123,126,129,130,126,128,126,126,124,126,141,142,123,124,124,121,130,151,129,127,131,132,133,124,123,123,123,129,124,125,124,123,123,122,122,122,119,119,127,121,127,126
136,118,122,115,115,121,119,120,120,120,122,121,112,126,115,115,122,130,129,133,125,127,123,125,128,128,130,127,119,115,125,120,121,126,126,128,126,127,126,123,115,126,117,113,121,127,127,116,118,118,127,120,126,132,123,123,115,115,121,126,128,121,118,120,119,119,126,120,123,118,122,112,122,125,125,125,120,110,123,124,113,125,126,126,120,115,123,125,134,135,129,121,125,131,130,132,136,137,117,115,121,133,115,133,134,130,126,121,132,124,139,129,122,115,120,126,127,129,127,117,122,110,112,126,112,137,120,115,121,134,115,133,115,124,135,136,135,134,129,123,118,116,124,126,127,133,132,133,129,125,129,129,122,121,120,117,121,134,131,126,132,125,125,122,124,126,124,125,122,119,121,126,115,119,125,127,119,113,125,122,119,121,121,122,118,121,123,122,121,122,121,121,117,120,119,123,121
130,128,129,110,116,125,126,124,124,121,122,123,127,116,125,122,125,117,118,121,120,118,122,128,126,118,121,121,127,117,117,131,129,123,123,126,121,121,121,118,119,120,126,117,120,123,124,120,108,120,124,121,118,116,121,124,122,118,121,123,125,123,121,128,126,121,126,120,122,127,121,120,122,124,127,126,124,125,126,124,123,123,124,124,126,119,123,128,127,129,129,126,123,128,126,132,129,129,128,118,124,130,119,130,132,130,127,128,129,125,129,126,125,116,125,131,131,128,129,121,130,122,116,126,119,125,122,116,127,129,121,128,124,120,130,136,137,133,125,122,125,115,122,127,129,126,126,132,130,127,134,128,118,122,133,117,122,126,126,130,133,124,117,125,129,121,121,116,125,118,121,124,124,125,123,125,122,125,125,124,125,116,118,123,121,123,128,126,123,123,121,119,115,120,118,115,112
129,111,115,121,123,116,118,118,117,119,120,121,121,130,113,108,119,125,135,129,132,136,121,136,151,141,144,138,116,115,127,134,142,138,146,141,149,149,142,127,129,138,118,117,126,139,138,119,134,127,143,126,138,132,141,131,113,120,123,135,138,145,137,142,133,137,143,122,139,121,121,120,122,143,142,133,124,131,150,146,134,144,148,136,120,116,125,136,139,135,133,137,142,143,139,136,139,132,121,116,127,137,123,133,135,139,139,129,142,126,134,134,120,115,124,126,137,134,132,124,131,131,130,136,130,135,119,113,124,130,127,128,131,120,138,141,142,145,139,136,119,113,128,126,120,129,122,130,132,131,139,129,128,125,127,116,125,132,127,128,131,124,131,123,125,119,120,131,125,121,119,126,128,117,123,130,120,120,119,116,119,107,121,119,116,117,119,116,118,115,115,116,115,120,117,107,115
139,131,132,132,126,122,123,122,123,122,120,122,130,123,127,132,127,120,122,126,124,119,117,116,127,120,120,125,121,127,122,130,127,124,121,125,121,122,115,120,131,122,121,126,120,122,123,130,127,126,122,122,117,121,123,126,122,125,118,129,115,118,124,122,124,124,125,128,123,125,121,123,122,125,121,121,121,133,115,116,130,116,118,120,117,123,120,129,123,119,121,121,115,108,118,121,116,121,118,122,119,119,133,124,121,117,122,122,121,120,115,126,119,117,121,123,118,123,130,125,132,132,132,120,131,123,118,120,120,118,134,123,134,124,119,123,124,120,117,130,118,118,117,129,130,126,121,124,119,121,130,122,124,131,125,117,122,121,126,120,124,133,130,124,126,125,127,127,122,121,121,120,134,130,124,117,121,125,119,123,130,133,124,135,125,120,117,122,126,126,133,135,143,130,147,128,139
109,118,116,113,116,120,121,119,119,121,123,120,127,116,117,117,130,122,122,127,130,123,124,126,122,124,123,112,120,119,120,117,115,123,117,119,120,122,121,126,129,115,121,115,125,119,121,122,121,129,115,122,123,119,117,123,126,117,125,119,122,120,117,118,123,116,120,120,126,118,125,119,126,120,122,122,120,126,113,115,128,115,116,123,124,117,124,122,124,120,131,131,122,118,117,118,121,122,123,112,124,123,127,122,121,122,119,121,121,124,125,127,123,115,123,123,127,124,118,127,118,132,130,123,134,122,123,113,122,127,127,120,130,118,128,122,123,116,121,116,119,115,122,126,126,119,125,124,118,127,113,118,120,119,120,115,120,124,130,123,125,122,124,124,118,117,118,112,118,122,119,123,131,126,126,126,130,124,122,119,116,111,124,125,120,116,123,122,120,118,124,123,120,121,121,121,124
141,129,130,129,124,121,121,124,127,124,121,123,127,123,131,130,132,133,129,129,135,136,121,112,129,122,123,129,127,127,129,130,131,131,127,139,134,130,130,121,132,129,127,128,121,128,132,126,128,124,131,119,129,123,128,128,127,127,127,122,127,117,122,122,124,117,126,125,124,128,126,128,126,126,128,125,113,125,127,121,131,118,117,120,122,133,129,126,121,124,124,118,125,119,122,123,120,122,125,132,129,123,129,122,121,130,131,122,125,120,126,129,124,134,128,122,126,115,123,117,133,127,126,126,130,127,120,134,130,129,133,126,130,122,134,137,142,136,121,125,120,134,133,128,129,124,118,126,135,122,143,126,117,118,133,132,134,125,127,121,120,125,129,119,125,119,123,123,122,126,128,127,134,115,118,125,116,106,107,113,119,119,123,125,127,123,115,117,120,115,124,129,131,125,133,124,119
129,138,147,129,128,125,128,125,128,122,126,126,126,127,129,141,127,134,138,143,133,150,123,128,139,146,150,138,123,123,131,143,139,148,142,139,139,134,142,125,126,141,122,125,123,142,144,129,130,120,137,125,141,144,145,138,127,121,123,146,143,146,146,144,123,135,136,129,138,126,124,122,124,145,145,128,125,133,139,139,131,139,144,131,123,124,124,139,136,136,134,122,124,134,137,139,137,132,124,124,122,139,128,138,135,133,135,119,132,120,127,139,122,126,120,128,125,128,135,121,134,125,127,139,129,137,124,129,127,151,128,132,128,130,133,136,141,139,131,139,122,126,127,136,127,137,139,138,139,133,141,126,133,124,129,124,128,136,129,117,131,133,134,120,130,129,130,127,124,123,122,119,126,122,121,130,122,118,123,126,126,130,128,142,128,126,121,125,127,127,131,126,139,123,141,130,135
115,115,111,134,136,138,138,142,142,139,142,139,131,133,127,100,134,130,128,131,143,127,141,134,116,120,118,122,136,117,123,126,124,125,131,126,129,130,115,134,124,127,135,118,125,129,127,120,126,138,131,134,131,135,111,132,136,125,131,123,135,116,132,130,139,126,131,122,121,124,144,128,138,125,120,121,142,125,117,129,131,120,109,124,139,126,137,121,121,130,135,133,126,117,127,128,118,130,138,125,132,122,120,121,118,113,116,135,120,126,122,122,139,116,132,129,123,116,95,112,112,126,120,113,117,127,143,115,135,125,121,130,124,123,120,122,122,131,129,131,137,119,131,127,132,134,127,124,124,132,115,123,121,126,126,119,123,124,126,133,120,118,121,130,113,120,121,130,135,137,135,136,124,137,135,121,135,129,143,142,139,134,142,131,142,136,134,142,144,141,139,139,139,137,137,142,145
128,136,142,115,124,129,131,130,133,131,129,128,128,117,129,136,130,130,120,124,122,115,126,115,107,115,118,110,128,123,122,108,108,107,110,107,109,106,118,121,117,108,125,121,125,118,113,123,115,124,113,118,108,108,119,116,124,123,122,119,110,110,110,113,115,113,104,123,108,112,126,122,121,115,115,105,124,125,105,111,119,104,106,115,128,117,121,120,119,112,117,124,108,117,115,108,110,115,129,121,124,117,122,112,106,103,102,116,102,111,115,103,128,127,126,124,111,104,102,109,107,116,110,107,113,120,127,124,126,116,117,102,107,129,107,116,108,107,122,125,131,124,127,132,113,127,130,108,121,118,111,116,121,129,135,118,128,127,123,121,111,120,121,122,116,130,129,141,130,126,133,127,118,122,126,129,127,127,132,132,131,143,137,139,130,136,128,130,130,131,131,131,129,128,136,143,133
136,126,120,121,118,119,121,120,120,120,120,120,120,118,125,125,118,117,115,115,115,113,117,104,118,109,112,115,125,121,115,110,109,110,107,106,111,110,112,115,119,113,123,122,117,109,107,122,117,115,108,117,109,110,107,106,125,124,118,107,103,107,117,107,112,115,105,122,115,111,121,125,119,104,103,111,118,118,104,107,118,106,102,109,124,128,121,102,103,103,104,119,107,110,110,109,109,104,125,130,121,108,120,102,98,105,109,112,103,108,105,102,124,132,123,108,103,104,108,113,109,116,116,102,113,102,126,131,120,100,119,102,112,125,102,106,102,102,108,104,125,132,126,106,106,105,103,102,106,112,108,113,100,116,122,130,127,108,110,113,100,118,117,115,115,125,125,120,124,122,120,117,116,118,119,113,115,115,117,117,117,124,122,133,119,123,113,120,121,123,126,125,129,123,132,122,130
132,143,146,127,127,133,130,133,131,131,126,127,128,122,137,134,134,123,118,122,123,124,136,122,113,120,123,115,124,121,125,118,115,124,120,119,120,109,119,130,122,118,125,121,122,117,117,115,122,127,115,128,116,117,121,113,126,121,125,108,108,117,119,115,118,110,113,126,116,122,125,121,131,111,120,121,118,120,127,121,128,110,112,134,132,118,127,118,133,130,124,129,132,117,129,118,120,116,122,121,129,121,120,123,119,117,123,137,122,132,125,117,128,119,129,133,122,113,93,125,117,135,126,115,131,134,127,119,132,113,122,125,124,119,104,112,115,113,128,119,126,119,124,115,112,121,117,109,111,129,113,139,125,136,113,127,118,126,128,142,131,135,141,139,135,119,118,146,129,129,136,139,131,133,131,130,138,127,129,128,126,141,135,118,128,138,128,127,126,126,126,129,116,120,115,132,119
135,129,134,126,127,127,126,125,127,129,127,127,127,127,135,130,134,131,135,136,142,136,133,141,145,137,128,126,134,129,130,136,136,136,137,147,141,144,150,133,122,129,130,127,132,135,142,127,132,131,149,138,147,142,135,133,127,128,128,134,139,138,143,139,143,145,144,131,147,135,128,132,129,137,136,147,138,126,141,138,126,142,132,133,132,135,130,134,139,134,143,132,128,130,137,136,127,122,132,135,126,130,129,132,138,139,149,134,139,139,133,128,130,134,124,139,141,141,138,135,147,123,121,130,119,126,131,130,130,137,125,144,131,132,141,136,133,133,116,124,127,131,125,123,135,135,128,129,129,136,141,134,126,130,138,131,119,128,135,129,132,129,130,132,134,131,131,127,131,135,131,132,127,124,129,135,133,133,124,125,125,127,126,132,131,136,128,130,131,125,120,122,118,120,118,126,121
131,125,125,129,119,121,118,120,121,119,120,123,131,121,131,118,127,128,120,119,124,124,120,117,115,116,127,118,124,122,123,136,122,125,122,127,127,128,120,121,132,126,126,131,123,127,133,132,118,115,131,122,120,122,122,129,136,132,126,124,126,116,123,124,120,115,126,132,124,123,124,127,124,119,126,120,117,135,116,124,133,119,118,128,122,123,127,127,122,121,118,124,123,128,126,125,123,125,127,133,127,129,133,116,111,120,116,117,118,116,120,120,127,128,123,112,113,105,102,112,105,131,135,111,131,123,125,126,127,116,133,103,128,127,108,117,109,115,129,116,127,124,131,134,118,124,122,134,123,115,103,119,123,115,135,124,134,123,106,117,118,115,115,120,105,128,130,128,130,131,127,118,135,124,119,116,120,124,117,116,115,141,130,137,133,130,124,119,121,125,132,126,130,131,136,134,130
121,107,113,122,123,121,121,120,122,121,124,119,119,118,117,112,124,123,138,141,139,136,128,138,141,139,137,127,109,122,129,117,120,137,131,132,138,143,145,133,125,133,110,129,124,129,135,122,133,131,143,132,146,143,147,135,115,125,118,129,147,136,144,131,135,139,151,126,141,127,122,124,122,132,139,136,136,129,133,133,130,139,145,138,124,119,120,129,139,138,142,139,130,137,146,147,146,139,113,117,120,139,124,139,143,144,131,123,139,128,148,145,120,122,121,126,131,131,138,129,139,119,131,145,121,143,122,124,120,144,123,132,119,126,136,138,139,137,139,143,117,130,115,129,129,141,138,143,137,127,137,133,142,131,137,136,115,136,126,120,124,130,136,122,133,128,125,139,123,121,119,129,121,122,130,139,128,122,128,120,121,122,124,125,123,120,125,123,122,121,120,122,124,119,119,123,124
126,119,127,138,133,129,124,131,130,130,126,130,128,128,126,124,127,133,138,136,135,136,131,116,117,126,119,117,117,123,127,136,127,126,104,119,128,109,118,120,127,123,121,124,127,110,132,133,128,130,115,118,129,124,120,117,121,126,131,113,123,108,100,112,125,115,125,133,135,129,125,125,132,102,120,120,122,131,113,109,131,113,112,130,121,129,132,121,118,113,124,128,118,106,117,117,120,121,124,135,128,121,132,118,120,122,131,134,128,128,129,134,123,131,127,131,125,119,123,128,133,130,129,126,125,127,125,132,130,120,132,133,128,129,128,126,124,128,125,115,128,129,138,124,125,120,124,119,126,126,131,139,120,124,132,130,141,130,133,134,124,134,135,128,132,128,131,136,127,120,129,137,129,128,125,132,136,137,131,127,121,121,123,116,122,120,135,131,124,120,120,125,127,132,124,123,115
146,121,129,123,120,123,124,122,123,122,124,129,120,124,125,122,126,117,121,132,120,119,125,127,126,121,121,119,124,113,123,125,121,131,127,117,129,124,113,124,132,123,123,116,123,126,126,131,124,131,133,124,133,133,126,130,120,115,123,125,130,127,128,128,130,129,125,130,136,125,123,115,126,106,115,115,127,131,119,128,132,131,124,127,123,112,127,120,124,127,115,122,116,128,134,129,136,134,119,113,127,125,129,120,123,127,121,122,123,117,119,113,122,115,123,115,116,115,121,120,118,123,130,123,129,122,124,121,125,116,130,113,127,129,118,133,124,129,129,133,123,121,127,127,125,133,132,126,135,124,125,122,121,124,118,120,131,119,115,118,113,122,113,120,124,127,128,127,125,123,127,121,126,123,122,119,122,134,127,123,121,115,120,123,123,125,122,126,125,124,123,124,129,119,137,116,128
139,110,124,113,108,105,110,107,109,110,107,112,124,106,110,121,110,115,105,110,111,107,102,102,107,103,104,102,117,123,111,100,109,109,102,110,103,106,107,102,146,105,115,120,111,110,107,141,115,115,105,105,106,104,110,102,110,118,115,108,110,111,111,102,105,112,111,144,107,107,106,119,112,115,115,116,109,142,103,110,136,109,108,109,110,118,111,108,104,106,108,108,111,107,110,109,111,119,115,119,115,111,146,106,103,107,106,100,113,102,106,113,113,122,115,106,106,107,115,102,111,136,137,118,138,109,112,121,115,113,143,109,133,138,112,111,110,115,111,115,110,116,118,115,115,118,117,118,119,109,115,111,112,104,111,111,126,108,104,102,105,106,106,103,106,137,139,105,111,115,107,104,141,116,108,102,108,118,109,107,109,102,102,120,103,104,107,110,112,110,109,111,109,118,110,100,111
110,124,126,117,122,122,123,123,124,122,126,124,110,126,117,134,125,131,126,131,116,118,118,116,116,115,119,116,122,130,134,115,119,125,121,127,128,126,118,115,103,120,120,130,127,121,128,107,122,111,125,119,124,128,123,118,116,128,123,118,124,119,123,122,120,122,123,106,115,115,119,129,122,117,122,116,115,97,120,124,102,127,119,128,119,129,123,121,126,127,117,115,122,126,128,126,125,127,121,127,123,126,104,130,132,127,123,118,127,115,121,120,121,134,123,112,116,123,124,117,115,102,104,118,102,120,119,133,121,124,102,117,103,110,122,127,126,129,123,121,122,131,126,123,118,130,122,126,132,117,120,121,121,120,120,130,125,123,120,115,122,121,121,120,116,113,109,120,119,122,120,121,100,118,121,118,116,111,122,120,118,120,115,124,116,122,121,122,119,120,121,121,125,119,125,118,117
122,132,132,128,131,129,128,129,128,127,126,123,121,132,123,126,130,137,134,137,120,131,124,121,120,128,123,123,123,120,129,119,117,133,126,123,124,125,123,126,124,131,122,122,125,126,128,128,126,126,129,120,121,126,116,115,122,122,123,126,128,127,117,124,112,111,117,127,125,115,122,121,124,129,120,118,117,123,122,123,122,124,124,127,122,125,124,130,128,129,121,122,122,127,123,117,115,121,119,122,121,130,125,127,123,131,117,119,123,116,121,122,123,121,120,119,128,123,121,121,115,118,124,124,120,124,122,123,122,125,125,120,119,130,121,127,133,129,118,131,119,125,122,132,126,122,123,130,129,112,123,119,121,116,123,125,116,120,119,123,116,110,111,117,112,130,130,132,123,127,123,127,118,121,123,120,123,123,128,128,128,131,121,118,122,124,132,131,127,127,119,115,108,113,109,122,115
130,132,127,136,139,132,135,134,134,138,141,134,126,141,133,139,141,142,146,143,141,139,139,142,123,136,138,132,138,139,144,132,136,139,135,125,139,134,129,138,125,144,136,139,142,148,143,128,137,131,141,133,146,135,132,136,141,141,137,139,148,131,128,132,129,132,134,128,139,137,144,139,142,139,143,138,135,132,139,139,125,138,139,146,145,143,143,145,143,143,139,135,138,145,143,136,139,141,145,144,143,144,124,143,137,148,136,136,151,129,143,147,146,149,143,135,139,135,126,133,132,122,128,139,128,146,148,149,145,151,122,139,126,129,135,138,144,141,139,155,150,149,152,133,138,139,139,148,152,146,146,145,159,146,150,151,156,152,148,131,144,136,143,139,145,131,131,152,145,151,143,145,123,136,142,143,137,127,141,137,137,128,134,142,137,134,141,137,136,134,139,139,148,143,150,127,142
126,150,141,137,136,141,141,142,141,142,142,139,137,139,143,139,148,148,143,141,143,143,142,139,143,148,141,148,142,134,142,141,150,144,142,141,136,141,149,147,141,144,139,134,142,132,138,139,139,143,141,145,135,134,147,146,139,134,145,135,137,130,125,127,149,145,139,137,149,145,144,137,146,144,147,147,144,148,136,119,142,127,122,137,143,134,144,138,125,126,136,139,139,124,129,127,132,131,145,137,143,129,139,127,130,128,131,143,124,145,142,137,143,131,142,146,138,141,134,146,143,144,139,136,143,139,145,133,144,141,137,146,137,136,146,135,139,132,138,144,145,133,145,136,146,139,152,143,136,139,134,143,138,149,144,136,141,139,143,141,139,144,146,142,137,136,137,141,147,139,143,146,139,133,142,145,139,136,147,142,139,145,145,146,146,143,145,141,141,144,142,139,139,142,136,144,143
132,143,145,136,137,136,137,138,138,139,139,139,129,137,141,143,147,133,122,128,123,127,133,121,127,125,122,124,141,139,139,128,130,120,127,127,117,125,128,130,122,120,137,142,138,117,120,129,133,136,124,134,118,121,122,126,136,139,136,122,117,119,127,118,137,133,115,123,127,132,135,138,135,122,120,126,133,126,117,111,121,112,113,121,141,143,138,113,111,109,116,123,115,111,115,113,116,111,138,138,138,111,126,118,116,113,126,130,118,129,120,119,138,139,139,131,126,128,130,132,136,123,122,124,124,115,139,141,138,127,121,115,123,128,120,118,123,117,123,128,138,139,142,124,128,118,122,119,123,135,132,133,125,145,141,141,142,131,135,133,125,141,138,135,134,130,128,142,139,137,139,135,120,131,135,133,135,129,137,138,136,139,137,137,136,138,136,137,135,135,137,138,138,135,136,141,138
135,122,115,132,138,134,133,134,136,134,133,130,130,126,118,122,120,129,124,121,125,126,127,123,120,132,127,104,130,131,124,111,104,110,130,123,108,112,119,126,133,115,132,137,125,118,122,137,130,131,106,119,126,111,117,113,126,138,126,111,120,127,129,115,127,120,121,135,118,123,131,138,126,121,122,125,134,138,139,138,134,127,141,125,135,137,131,117,131,134,128,130,132,150,134,131,133,126,134,139,131,134,137,128,133,121,112,124,129,127,124,119,134,143,132,123,124,129,115,128,127,132,136,126,135,123,134,142,136,132,134,124,133,132,118,122,116,127,124,102,131,138,133,118,103,132,133,103,108,111,102,112,119,109,119,134,129,115,115,127,109,112,117,122,115,134,136,116,131,139,131,129,132,129,129,126,127,123,125,136,132,122,135,135,135,133,128,132,137,139,142,139,137,132,138,135,144
129,130,130,132,133,127,130,127,126,123,126,124,124,118,131,132,126,124,118,121,128,125,122,117,132,122,119,122,133,135,121,122,133,126,124,123,129,134,129,118,122,124,129,135,122,125,126,123,121,124,119,121,130,126,120,124,120,136,122,125,128,120,116,123,127,123,131,120,129,125,121,134,123,123,133,123,125,119,118,118,123,125,119,121,127,134,124,119,125,119,117,120,112,115,122,122,124,129,131,139,125,117,121,122,124,122,131,123,124,120,125,129,130,143,126,120,120,123,124,123,130,121,120,123,120,124,130,145,126,125,120,124,118,121,127,122,124,123,126,116,132,143,127,120,119,127,126,121,124,127,129,124,126,122,131,136,125,127,126,121,123,126,129,124,130,121,121,122,128,131,127,128,120,121,124,123,123,121,131,132,131,124,136,134,134,129,126,130,131,131,130,129,130,129,136,132,139
123,133,139,146,146,144,145,145,143,145,143,146,152,149,130,133,139,152,151,149,157,146,139,150,128,142,143,143,132,134,148,142,144,139,137,126,147,126,118,143,166,141,136,134,144,144,143,162,145,149,127,131,139,147,129,134,141,132,144,141,146,136,121,132,122,122,136,161,141,130,139,134,139,137,136,133,135,160,133,129,167,136,141,146,130,129,143,149,142,139,151,155,151,147,141,143,143,156,132,126,141,145,165,141,144,146,128,136,150,132,152,138,134,127,139,135,146,129,123,126,120,155,161,129,160,144,134,126,143,142,166,154,167,165,133,143,147,152,141,147,134,123,139,146,143,157,149,145,145,133,134,141,132,124,127,124,138,144,136,141,136,115,115,130,113,165,162,139,137,136,138,143,157,144,139,130,144,151,139,139,136,128,134,138,136,134,145,138,139,138,137,135,137,146,133,131,138
124,110,121,106,106,117,113,110,112,115,118,115,123,117,103,109,121,126,122,113,120,127,120,125,122,120,119,116,115,120,112,115,112,117,111,122,112,102,108,122,136,108,116,112,115,108,102,139,123,131,112,116,99,102,97,96,125,115,110,123,111,116,115,117,116,120,103,138,117,105,121,116,110,122,111,108,118,143,124,122,139,108,104,117,120,115,112,119,115,107,117,123,127,121,105,102,93,94,113,117,105,117,136,102,107,113,112,120,118,113,108,118,119,113,109,126,126,116,116,123,120,145,139,108,146,113,117,107,107,125,149,118,141,137,108,105,103,110,106,108,118,115,102,112,111,105,109,112,105,123,107,116,116,128,131,125,98,122,115,123,127,115,110,126,118,135,136,109,120,117,111,126,139,131,121,123,130,131,111,115,115,97,123,125,120,118,119,115,116,119,123,122,127,136,127,118,123
115,117,137,106,102,102,96,100,103,105,106,100,102,112,105,130,115,129,146,142,109,108,103,109,102,107,113,122,99,106,122,121,121,122,105,108,126,113,97,96,125,128,100,106,99,136,130,130,88,95,120,97,123,128,115,103,93,102,96,121,131,116,112,123,88,104,111,124,104,88,95,98,95,109,100,93,92,117,117,131,129,122,123,118,91,96,95,117,132,136,107,100,95,137,135,144,147,148,94,92,94,142,132,131,141,139,126,93,132,97,111,107,96,94,96,90,102,104,115,97,105,116,116,109,123,124,99,103,93,115,125,115,126,126,117,125,111,133,119,130,102,104,102,125,102,142,142,128,132,103,105,109,122,102,107,99,107,129,109,97,115,106,97,91,102,125,124,115,104,92,94,102,121,99,90,93,95,94,98,98,109,118,96,123,102,100,98,99,99,105,116,118,121,103,118,103,116
137,134,130,138,139,138,137,138,138,137,139,139,135,138,138,135,139,133,135,136,135,128,135,138,130,129,132,141,136,137,136,138,142,134,138,131,135,137,135,133,133,138,134,139,134,131,134,133,132,133,132,138,132,138,134,139,136,139,138,133,132,131,138,135,138,139,134,134,136,142,137,139,137,132,137,133,139,132,136,138,131,137,134,134,136,139,136,136,136,137,133,137,139,139,142,142,142,136,132,139,137,139,133,138,134,137,130,133,136,132,139,138,136,137,138,132,134,130,117,132,127,133,130,132,128,139,138,133,139,133,133,133,127,131,134,139,135,139,149,136,136,135,138,136,135,137,138,138,137,139,127,139,145,136,139,139,137,138,136,137,137,127,134,134,131,131,132,138,135,135,139,137,133,135,133,130,130,130,135,136,136,134,133,123,133,133,138,136,135,138,133,135,132,138,126,131,128
117,128,121,125,122,123,123,123,125,128,129,125,121,137,121,129,131,126,127,129,134,134,129,130,131,139,130,124,126,134,131,127,125,130,133,126,126,130,131,131,115,129,126,133,134,133,130,117,124,122,128,126,135,134,125,121,122,133,130,128,127,133,130,132,123,128,125,119,130,125,123,129,126,131,129,128,127,115,130,137,115,139,136,137,128,132,128,135,136,135,129,126,127,135,139,135,136,136,128,129,130,131,115,125,138,135,131,122,128,125,126,129,127,132,132,125,126,129,136,127,129,115,117,126,120,130,125,131,129,124,115,129,117,125,131,136,132,135,136,132,130,130,139,138,128,134,139,132,132,129,129,129,134,134,129,129,142,131,128,126,130,122,121,127,133,127,124,127,135,128,131,126,118,122,124,126,123,118,136,133,129,134,130,139,129,130,138,138,134,132,133,135,134,125,132,134,135
106,126,117,115,110,105,98,102,103,102,103,102,104,110,113,118,108,112,116,115,109,107,109,106,112,110,120,125,115,116,113,118,126,117,112,118,115,118,119,111,124,132,110,119,106,123,126,132,111,102,120,112,118,116,122,122,118,117,107,117,120,118,123,123,109,111,110,125,116,116,110,115,106,115,112,103,100,118,118,124,119,119,122,122,110,120,108,118,122,117,115,115,124,121,124,120,121,124,106,123,108,123,128,117,117,124,119,113,115,105,116,116,106,120,109,113,111,108,111,102,111,116,121,109,125,127,107,120,111,120,128,113,118,128,120,129,128,132,128,127,112,119,115,127,117,135,132,124,130,126,124,124,127,120,122,125,119,122,119,115,126,123,117,116,123,128,129,135,115,111,116,120,124,111,108,115,110,113,99,99,103,135,122,117,116,122,106,102,103,105,106,106,112,115,118,121,115
107,135,129,138,142,145,142,142,142,142,142,143,138,146,138,134,141,144,145,141,145,138,145,152,141,150,150,155,146,137,138,142,145,143,147,141,141,139,145,139,129,152,145,138,142,142,139,131,134,139,148,143,139,142,152,149,139,137,142,147,148,147,139,143,141,142,139,127,147,139,144,139,143,148,152,145,139,129,151,151,132,151,150,143,141,137,139,154,152,152,149,146,144,147,150,150,149,150,145,132,139,152,131,157,152,152,152,145,158,150,158,155,144,131,143,154,156,152,149,145,144,129,137,154,135,158,141,130,141,157,130,152,137,130,158,152,160,151,152,165,142,132,139,149,155,143,146,158,151,152,158,149,149,146,146,135,139,155,157,149,155,145,148,144,150,130,129,143,145,137,142,141,131,132,138,147,139,134,139,141,139,134,144,132,139,143,139,141,139,139,139,137,134,133,133,135,138
123,113,102,123,120,124,128,128,126,129,129,129,125,128,122,115,124,125,119,115,121,115,127,125,119,120,119,123,132,131,120,122,115,120,126,123,118,119,124,132,118,127,134,137,128,121,118,121,135,134,123,131,126,126,124,122,137,138,133,121,117,125,125,123,126,125,113,121,117,119,133,137,132,124,116,129,133,120,128,128,118,129,117,119,132,137,130,124,116,122,127,128,129,125,118,119,120,121,129,131,129,126,118,125,129,125,121,128,127,124,116,113,133,131,131,122,123,125,119,124,110,115,119,123,121,120,131,128,128,121,117,123,121,124,127,121,110,121,120,121,125,131,129,124,130,123,124,123,124,124,107,123,118,112,117,128,127,127,120,125,116,102,106,122,111,124,121,125,125,136,126,122,109,128,130,122,127,134,136,131,121,139,128,113,128,131,135,130,124,121,113,115,107,123,100,135,108
128,122,117,133,127,120,121,121,120,122,123,122,122,130,132,119,118,130,129,133,135,141,122,125,142,128,123,136,125,123,127,135,132,128,130,135,129,127,126,111,125,122,122,129,123,116,124,129,115,117,130,120,124,127,129,121,117,126,126,122,119,125,127,120,121,124,131,131,120,120,120,124,124,121,123,116,118,129,125,118,126,115,117,124,120,121,128,131,123,118,119,113,115,115,123,119,121,115,121,122,128,112,124,115,109,115,115,113,115,117,116,123,118,123,124,120,115,123,134,118,126,125,127,124,128,124,123,129,124,118,126,124,125,128,121,124,128,129,126,121,123,127,136,124,118,121,129,129,122,119,131,129,128,115,118,118,134,129,126,120,139,136,132,120,134,132,130,122,123,119,122,129,130,118,121,116,118,115,119,119,120,128,127,133,132,132,127,124,120,120,124,130,136,126,131,130,133
134,129,120,130,144,149,147,148,149,152,152,145,136,135,129,115,135,133,145,141,146,138,146,161,160,144,144,151,130,124,126,160,166,152,155,163,159,166,159,157,120,147,135,124,139,164,168,130,150,145,167,160,172,160,148,164,139,128,141,164,170,157,160,173,163,162,174,132,152,141,143,131,138,159,147,158,161,132,150,157,124,162,150,146,143,132,141,157,161,163,152,155,161,159,160,165,156,150,139,132,141,156,125,158,163,156,152,157,151,156,149,159,139,125,139,152,165,171,165,158,160,131,126,154,122,149,142,129,141,139,127,166,127,129,161,151,152,151,143,148,143,130,135,147,165,152,151,159,145,147,149,139,141,147,130,130,130,141,145,144,144,142,146,152,155,129,128,126,138,132,141,139,127,144,147,147,147,130,147,142,138,147,145,124,143,137,150,147,142,139,135,132,129,139,124,146,125
143,125,139,132,132,131,132,132,132,131,133,134,131,127,119,139,126,124,120,112,110,117,127,120,122,119,118,109,126,139,123,106,108,116,117,129,121,115,130,122,122,116,126,143,133,118,111,132,122,127,122,123,111,111,120,109,132,142,125,123,126,125,126,125,128,134,120,131,113,118,131,139,128,136,126,120,129,128,130,123,123,120,122,125,132,137,133,125,115,123,115,120,127,127,122,116,123,117,129,134,132,131,130,124,129,126,124,124,122,126,128,115,132,139,130,128,128,134,139,132,129,128,127,142,129,124,136,139,126,138,131,130,122,133,132,129,123,120,119,127,131,141,130,127,124,120,127,131,127,119,121,115,112,129,137,139,125,124,126,125,123,136,132,126,125,133,132,125,129,127,128,128,129,131,128,136,127,119,124,125,129,128,121,139,124,124,123,125,133,138,141,138,136,135,142,123,135
142,127,129,125,125,119,117,120,121,117,115,119,118,124,138,123,122,120,117,125,115,121,111,113,98,115,118,109,124,135,118,112,113,122,116,112,117,121,106,109,135,121,124,136,121,116,115,137,123,119,115,110,125,128,121,122,125,136,116,111,122,115,130,124,117,113,117,141,119,117,117,136,112,102,125,105,117,132,119,123,131,130,127,120,124,141,115,109,113,117,111,118,119,123,127,124,122,122,123,146,113,125,141,128,126,126,127,117,138,106,115,121,123,146,118,111,124,111,131,118,122,130,127,115,120,123,125,146,113,121,135,115,120,139,118,120,117,120,121,125,130,150,118,120,126,131,110,122,126,135,126,117,127,119,144,146,113,134,118,116,122,104,104,115,122,138,135,107,121,121,112,115,130,113,109,111,111,110,106,115,120,131,132,143,127,110,102,115,117,120,124,120,128,124,132,127,146
116,119,121,116,107,98,102,102,100,98,97,100,119,98,118,121,102,98,97,100,100,93,98,96,92,87,94,104,109,118,108,110,105,103,99,102,109,107,88,100,142,107,106,117,102,117,110,152,106,113,102,94,110,106,99,105,113,115,103,115,107,108,110,113,96,100,105,154,100,97,100,115,102,100,102,99,98,137,102,110,142,98,107,107,99,116,102,108,115,108,102,109,99,103,111,107,105,115,106,121,99,115,149,103,112,111,99,99,111,98,98,103,104,113,98,96,98,93,106,102,95,139,135,94,138,102,103,113,98,99,152,105,138,159,89,100,95,105,96,107,104,115,103,112,91,109,99,96,102,87,89,97,99,102,121,115,110,99,90,97,94,95,95,91,91,161,158,103,102,105,105,99,144,115,98,91,108,129,96,102,103,102,98,111,103,103,97,100,102,100,99,100,102,119,105,100,107
139,124,122,129,127,128,128,125,126,123,129,126,136,121,137,111,123,121,119,124,119,116,126,120,130,107,110,116,129,121,122,106,122,108,106,120,113,111,121,116,138,110,130,122,130,116,119,139,131,139,110,126,110,107,112,120,131,126,130,109,113,108,116,109,137,125,111,135,123,131,129,131,128,123,119,129,135,142,119,102,142,110,113,111,129,129,129,107,98,105,110,135,129,113,115,117,126,115,128,134,130,116,139,118,125,107,113,136,113,126,118,112,127,131,131,115,122,126,130,135,127,139,141,123,137,113,129,133,132,123,136,127,145,132,118,115,121,113,126,113,126,134,126,106,121,122,128,119,119,126,124,131,120,116,135,134,123,124,130,133,125,127,119,130,131,130,130,126,127,138,132,127,138,136,131,132,134,139,135,127,126,124,133,124,127,128,135,131,128,129,128,128,133,142,125,127,125
139,144,152,138,133,137,135,133,135,135,134,133,124,144,127,148,139,143,138,139,134,144,138,139,154,139,142,152,126,137,147,147,148,150,137,151,143,146,155,138,123,152,128,133,139,149,149,129,138,124,149,141,139,139,138,144,128,127,136,152,137,146,139,138,137,141,143,128,129,139,138,130,138,157,152,145,134,110,137,134,118,142,144,143,134,127,135,146,143,143,138,119,130,129,138,137,134,141,132,130,134,139,125,138,133,129,133,130,131,132,134,141,132,126,134,135,131,129,129,131,130,121,118,136,117,138,131,126,132,139,126,128,115,130,131,128,138,137,135,139,130,126,133,135,131,139,139,135,136,134,136,133,125,123,136,126,130,127,122,130,134,134,139,131,136,132,132,139,126,131,135,125,120,126,133,134,130,131,136,132,132,138,131,133,134,135,136,133,134,131,133,139,138,134,138,137,139
131,99,98,111,111,117,116,117,112,115,113,112,119,102,112,102,102,94,97,108,106,98,115,105,102,98,95,106,120,110,99,102,109,110,105,113,102,111,111,112,131,102,122,110,112,96,106,130,125,129,98,111,110,109,95,103,125,118,115,99,107,109,119,113,111,113,104,132,111,113,119,118,119,106,105,126,117,129,110,111,136,110,100,106,123,115,119,98,104,108,110,121,110,104,100,94,93,95,117,116,116,102,133,108,111,109,106,118,104,113,105,105,117,115,117,108,106,122,127,121,111,136,132,107,133,100,119,115,116,100,131,120,138,135,115,108,110,95,115,105,120,118,105,98,116,108,115,104,106,107,109,118,103,107,121,120,99,109,109,116,106,111,106,115,122,132,128,112,112,116,112,117,130,121,120,116,122,126,118,115,119,121,115,133,115,119,110,111,119,124,127,130,116,122,129,111,122
109,122,116,116,123,133,133,131,130,132,136,137,144,143,126,120,139,124,121,122,134,119,137,131,115,124,123,115,119,131,125,115,110,110,113,108,115,110,112,136,129,110,121,126,136,115,119,130,131,138,113,133,111,121,118,116,125,125,137,123,129,116,103,120,121,117,112,128,127,127,129,124,138,115,115,128,135,132,115,112,135,113,117,113,130,120,135,109,115,118,128,139,128,110,112,120,130,130,124,116,133,116,134,123,126,131,124,136,130,141,130,116,126,112,132,133,137,125,123,135,120,126,132,127,143,111,125,109,135,119,127,133,136,128,121,124,127,127,123,112,123,115,128,120,134,132,138,127,125,126,146,141,127,129,122,116,127,129,139,143,130,144,144,137,142,126,126,139,137,129,136,143,130,144,141,145,146,139,135,135,139,146,138,115,144,143,143,135,131,132,129,128,125,134,127,143,129
126,115,115,136,136,127,127,129,128,125,123,129,127,118,115,116,120,130,117,115,121,121,122,122,119,116,119,128,118,124,123,128,117,117,118,111,118,123,118,120,134,115,122,134,125,117,111,135,127,126,116,125,109,112,110,115,120,129,131,112,109,112,113,110,125,124,110,132,124,134,125,127,129,117,118,126,123,121,118,112,130,107,113,118,121,129,130,116,111,105,115,121,111,109,107,108,105,108,126,130,132,106,132,111,112,103,110,123,102,116,124,124,120,122,130,115,112,111,102,124,121,128,126,116,130,111,122,126,129,110,130,118,130,128,115,116,106,110,120,122,124,121,130,112,118,115,118,113,115,123,108,122,116,124,117,123,139,111,110,124,116,120,115,124,127,131,131,131,118,119,129,125,136,130,124,124,124,129,121,122,129,128,124,111,120,126,124,121,123,125,125,122,118,127,115,121,119
139,147,145,133,136,139,139,139,139,139,137,142,151,133,142,132,128,128,122,119,125,138,131,126,124,124,122,127,133,117,112,121,124,119,122,120,115,125,119,130,144,121,130,123,123,112,115,137,131,136,120,130,112,116,112,120,141,123,120,115,102,107,127,115,134,124,108,133,117,126,128,126,121,112,102,122,130,151,129,118,139,115,113,115,132,124,119,115,115,112,123,132,123,113,126,116,117,111,127,130,115,115,137,111,108,109,116,130,107,126,112,95,130,123,118,123,117,116,105,125,115,144,137,115,136,115,128,121,126,112,132,122,142,131,128,119,127,110,129,127,130,121,115,119,124,113,122,119,115,135,115,118,106,135,133,126,108,118,123,125,118,120,119,132,115,129,128,128,127,139,126,126,132,135,131,129,133,139,131,131,125,131,133,118,136,133,131,130,132,130,124,122,120,134,119,130,115
131,117,117,119,115,115,115,115,115,115,115,115,121,113,118,118,113,112,109,108,110,108,117,113,112,111,111,113,115,115,112,117,116,113,110,113,115,113,111,115,126,115,115,115,112,117,115,132,113,120,116,117,112,115,112,112,118,115,112,119,116,116,115,115,117,116,115,131,109,115,117,115,115,116,111,115,117,124,111,115,126,112,115,115,117,115,115,115,118,117,111,117,115,115,116,115,116,119,115,115,113,117,130,113,115,116,115,117,113,115,110,113,115,113,112,117,112,115,118,115,115,126,122,113,125,115,116,113,115,113,129,112,124,135,111,115,112,117,113,117,115,115,111,115,116,116,116,116,116,113,115,113,113,119,120,117,116,115,115,116,112,117,115,116,115,136,134,118,117,117,119,116,127,121,118,115,119,125,115,116,117,122,118,120,119,119,116,115,115,116,116,116,115,121,115,118,119
135,122,121,128,124,123,125,124,125,125,123,127,136,119,132,126,128,122,109,105,125,115,131,127,129,119,115,119,147,132,120,122,120,113,118,121,118,120,127,127,136,110,145,130,127,118,108,138,130,135,124,134,112,105,126,129,145,132,127,125,118,126,123,117,139,139,118,134,137,132,135,130,130,128,120,129,136,143,127,112,133,116,121,119,134,133,129,123,110,111,122,128,126,115,109,109,117,109,139,135,129,108,133,100,102,109,109,129,102,131,116,116,134,132,129,133,129,120,122,130,133,141,135,126,139,115,137,130,128,121,135,121,137,129,123,110,109,111,112,107,137,128,123,120,123,119,113,110,104,117,113,121,112,124,131,126,119,112,115,124,115,117,110,119,121,129,131,116,127,139,125,122,133,127,123,129,129,139,124,124,125,120,131,136,133,125,130,126,128,130,130,126,126,128,122,132,136
120,99,109,103,102,102,99,102,102,104,95,97,102,98,104,127,110,111,112,120,109,112,95,96,106,104,109,99,106,117,122,99,106,113,110,117,111,111,108,91,125,110,103,122,112,110,116,130,102,97,116,91,116,124,110,105,90,111,102,108,122,110,115,112,96,97,119,125,100,98,90,109,96,102,119,103,91,124,111,117,126,115,119,131,102,120,107,111,133,130,120,103,102,119,128,132,137,142,110,115,110,129,137,128,127,128,134,96,133,102,117,136,102,120,111,96,107,111,137,113,120,123,125,116,127,135,104,124,104,115,131,111,132,128,126,133,123,139,129,138,107,117,124,130,112,137,139,133,136,109,137,115,117,115,121,121,135,123,113,102,129,125,121,99,111,130,131,110,98,104,104,100,131,100,98,106,105,121,107,102,106,110,98,116,95,102,108,102,100,106,111,110,124,107,129,102,122
136,112,113,122,118,120,118,115,115,113,115,113,121,112,124,119,119,117,121,119,121,121,121,119,132,123,115,123,106,106,119,130,127,127,123,125,123,118,125,124,132,117,107,104,117,115,113,128,115,124,118,121,119,124,122,116,123,107,122,125,120,128,115,117,124,131,125,130,125,122,120,109,123,120,125,129,129,138,128,123,134,128,128,126,116,108,123,132,122,122,127,126,121,119,111,111,115,115,115,111,125,121,132,118,109,120,125,122,122,120,115,117,117,106,123,118,115,115,119,119,116,128,132,111,131,118,120,105,124,117,132,116,129,126,108,110,111,115,106,115,115,104,127,107,109,112,113,102,116,110,109,121,117,119,110,116,131,116,109,115,116,121,116,117,112,126,125,130,122,118,118,121,131,128,124,119,122,133,123,121,122,110,110,134,116,115,128,118,118,126,132,124,128,125,124,109,131
136,136,134,131,128,126,127,126,126,125,126,127,123,130,133,137,133,131,136,138,124,133,128,134,130,134,137,138,135,135,134,133,126,133,137,129,137,136,129,129,128,138,132,136,129,147,143,127,130,121,137,132,141,142,137,137,131,135,128,138,143,136,141,142,131,135,138,129,128,131,131,135,129,132,133,129,128,124,139,146,124,145,143,139,129,135,131,136,139,145,138,128,135,149,146,150,146,143,130,137,130,148,128,143,144,145,137,127,142,130,130,138,128,138,130,126,131,138,129,124,129,124,122,130,125,141,129,138,130,132,127,132,124,129,138,144,144,143,137,139,126,139,136,136,125,136,130,138,142,137,139,127,137,130,133,136,134,139,130,122,132,128,128,125,126,129,128,129,125,125,124,125,129,128,122,119,121,123,127,128,130,130,126,136,124,123,124,128,128,127,134,135,139,129,139,126,131
128,130,133,129,118,115,117,115,116,113,113,112,112,117,119,141,117,132,129,127,111,131,107,118,131,120,111,118,115,123,132,133,134,126,138,127,136,139,137,120,130,128,115,130,119,143,135,139,117,115,134,120,126,136,121,121,115,122,113,132,124,126,152,139,131,132,134,135,112,113,115,127,113,131,118,108,122,136,123,131,137,112,122,119,115,128,118,129,124,123,120,112,108,122,129,129,125,130,119,119,118,131,136,123,118,121,126,115,131,115,121,112,116,131,115,113,115,122,124,115,127,139,127,127,128,118,115,136,110,129,133,115,124,130,122,121,119,126,110,133,117,137,118,129,110,130,134,120,122,110,125,112,127,123,115,123,126,124,119,106,119,126,122,115,117,130,128,124,117,109,113,117,141,106,111,118,109,99,103,108,116,155,122,120,122,122,115,115,117,116,115,109,110,115,103,141,121
116,133,128,129,127,129,127,128,127,127,123,128,141,120,130,130,127,125,115,118,121,113,126,118,122,115,117,118,133,128,128,121,122,115,122,126,115,118,122,124,150,112,133,132,129,115,116,149,138,136,120,123,117,118,113,119,129,130,127,120,118,123,127,120,123,122,118,148,119,122,126,129,126,119,121,128,128,149,127,119,151,118,116,111,131,125,127,111,115,115,124,136,130,121,117,117,117,113,130,132,128,115,149,117,119,115,126,126,120,128,117,123,131,129,127,122,128,124,131,132,128,148,149,116,150,115,129,128,127,123,148,127,154,143,122,121,116,112,119,120,125,130,127,117,126,120,124,122,124,127,128,124,129,127,129,132,127,120,127,125,124,132,132,127,128,141,144,119,129,129,129,126,149,130,130,127,134,136,127,130,131,128,130,131,130,129,124,127,131,132,136,133,135,139,139,128,130
131,141,151,144,141,134,139,137,138,136,136,134,115,148,126,142,141,155,147,147,133,145,133,132,135,138,144,137,132,135,146,133,136,139,133,139,144,129,133,129,117,136,130,135,134,138,142,122,128,124,137,125,142,142,139,125,123,130,129,135,141,141,136,135,132,133,136,122,138,121,130,130,131,137,142,133,129,113,137,139,121,138,141,150,131,129,133,147,151,149,139,127,128,146,150,152,158,158,136,128,135,152,120,157,156,149,152,132,151,138,149,146,133,133,134,135,143,144,147,131,141,118,122,152,126,149,134,133,133,152,121,147,118,128,150,157,156,157,152,147,136,133,137,150,138,161,161,156,154,145,154,138,145,131,130,136,136,152,145,138,148,139,139,137,146,128,125,132,132,133,129,139,122,130,137,141,130,127,145,139,142,141,130,150,139,139,143,136,139,142,150,152,149,133,149,138,151
113,130,133,122,125,124,125,125,124,124,124,124,130,126,128,128,127,132,132,133,134,129,122,128,127,130,135,134,126,128,126,134,134,135,139,131,138,135,134,127,130,137,125,130,125,135,134,128,124,128,135,126,139,141,141,135,124,130,127,127,134,133,136,136,127,126,133,128,137,126,121,134,124,126,132,127,126,134,137,137,132,138,136,131,121,135,125,128,135,136,139,133,132,139,139,138,135,132,125,136,126,131,127,136,138,135,137,128,135,130,136,133,122,134,125,126,129,136,141,131,132,135,136,138,135,133,122,135,126,131,129,137,134,125,142,145,141,139,135,134,127,136,130,132,133,137,133,137,134,127,141,130,133,126,128,136,133,132,134,127,133,132,128,127,131,124,126,131,126,124,126,131,131,129,125,129,128,131,125,124,122,126,126,127,125,128,125,124,122,124,123,124,126,128,127,124,122
126,127,122,120,126,126,125,125,125,126,125,126,126,132,127,125,132,130,128,127,131,128,127,127,115,126,126,120,129,126,129,117,116,124,122,117,119,117,120,129,121,120,128,125,131,115,119,115,128,129,115,127,117,119,121,117,122,125,130,116,117,119,115,113,123,119,115,113,123,124,124,127,128,120,124,127,126,123,117,117,122,120,120,124,126,122,129,122,123,122,123,129,123,121,120,118,121,122,128,120,130,122,115,120,118,119,123,127,123,129,131,126,125,121,128,126,128,129,124,130,126,124,126,123,124,123,125,121,128,123,118,128,125,104,124,119,122,124,130,122,126,119,128,128,129,126,123,119,116,128,122,131,129,122,122,124,125,131,128,131,134,120,123,129,125,104,105,127,125,126,126,131,120,126,127,128,128,131,128,131,130,125,124,124,129,127,130,130,128,127,127,128,124,122,123,125,121
124,133,122,126,135,136,134,133,133,134,135,137,135,136,137,136,143,135,132,134,137,126,139,136,125,123,116,119,138,143,148,134,137,130,138,129,133,130,138,141,133,129,142,142,144,136,127,135,142,143,133,143,133,133,127,130,147,136,142,123,121,133,137,127,141,131,120,130,128,134,138,133,138,121,110,127,139,129,127,124,126,119,119,123,137,134,142,120,126,128,136,137,138,133,127,130,128,129,138,139,144,136,133,139,139,133,135,141,136,143,139,129,139,136,142,139,139,136,127,142,137,135,135,138,134,129,138,131,136,124,125,138,128,127,130,118,123,124,125,116,139,129,133,123,127,120,122,123,113,128,120,135,127,122,119,133,135,128,128,142,132,126,122,133,126,130,130,129,136,143,139,139,130,148,144,144,141,141,139,138,142,139,144,139,145,142,145,138,139,139,139,143,147,150,148,137,143
131,125,124,139,132,137,136,137,136,135,136,138,132,134,136,131,134,138,125,130,123,119,133,119,133,123,126,132,134,136,139,133,137,126,126,131,123,127,128,126,124,126,136,139,136,115,124,127,128,128,117,134,115,120,125,127,134,139,136,116,121,125,128,122,126,130,121,127,119,137,135,137,133,124,127,131,132,120,119,118,120,126,119,123,133,137,132,116,116,118,115,128,127,112,115,119,121,123,135,137,132,115,129,121,117,120,123,129,119,124,118,123,135,137,132,127,120,125,122,124,123,122,121,126,119,119,135,139,136,123,126,117,121,131,122,123,126,125,135,121,133,138,136,127,130,130,131,126,122,126,127,128,124,127,131,139,139,124,127,129,120,128,127,133,126,131,131,137,136,139,139,132,125,130,133,129,134,133,138,139,142,143,137,138,138,139,135,138,137,138,137,139,138,128,133,139,139
121,131,130,131,124,121,121,121,121,118,121,121,132,124,139,130,130,118,118,126,122,131,115,122,136,124,134,134,130,122,119,139,139,132,126,126,134,131,136,123,138,128,128,124,123,123,129,130,128,125,142,126,123,129,129,133,132,125,124,126,122,127,134,123,128,125,120,136,126,124,123,130,125,122,118,113,121,133,113,110,136,110,110,122,124,129,123,126,119,112,122,113,109,100,118,118,123,115,127,129,125,126,133,126,115,116,131,127,124,123,133,117,126,131,128,129,123,119,117,115,125,134,133,120,135,125,125,136,127,129,135,125,134,132,127,130,138,130,131,131,131,137,133,130,125,122,118,126,129,138,151,134,122,121,137,133,137,129,130,131,134,134,137,126,133,128,128,137,124,133,129,127,136,121,123,133,124,129,130,126,127,125,129,135,128,127,130,125,122,123,122,122,132,127,132,121,129
117,124,127,119,123,119,121,120,121,119,122,118,108,117,123,118,122,115,113,109,115,112,117,120,112,110,117,118,124,126,117,122,121,122,121,115,118,122,118,122,102,121,123,127,124,118,120,102,116,115,116,123,120,119,117,118,117,127,123,117,120,121,115,118,120,118,119,106,117,124,118,127,119,119,123,119,118,100,113,122,100,123,121,111,119,127,122,116,124,118,121,121,122,121,124,118,118,116,124,124,120,111,99,112,112,116,107,120,113,115,115,117,121,128,121,118,117,113,108,117,110,103,102,118,102,116,121,128,121,115,102,111,96,108,113,113,118,117,118,115,126,133,117,116,121,110,107,113,111,112,111,119,115,124,124,134,118,107,111,120,111,119,117,123,116,109,106,120,121,124,123,119,102,120,119,120,118,113,120,123,123,120,119,117,119,121,119,121,120,124,119,121,122,118,116,121,117
135,129,123,135,130,132,131,130,131,130,129,135,139,123,133,118,132,123,127,122,136,131,135,139,139,134,130,127,131,123,129,139,133,130,137,143,138,136,143,137,143,131,134,125,134,129,129,136,145,138,135,139,134,131,139,130,138,129,135,135,132,139,139,137,142,144,142,137,137,138,135,128,136,138,143,141,139,141,147,143,138,136,139,133,132,127,134,139,130,129,139,139,143,135,131,130,125,122,131,131,132,132,135,129,130,134,139,139,138,138,134,128,133,128,133,142,136,134,130,138,141,139,138,133,136,124,132,126,130,128,141,134,136,132,135,128,130,124,122,121,130,127,129,126,138,126,119,131,127,135,129,130,127,128,128,129,124,121,125,136,127,128,131,132,130,130,132,112,127,135,129,127,141,130,131,131,134,131,128,128,127,119,127,128,131,127,130,127,130,128,129,127,126,132,129,123,128
105,118,119,102,104,117,115,117,117,118,113,112,111,116,116,109,124,105,115,123,113,119,110,118,115,110,130,123,102,107,132,112,121,128,120,137,129,131,115,109,125,123,103,105,123,133,134,122,118,118,132,120,124,125,120,121,104,104,116,127,138,104,113,133,115,118,130,123,117,120,115,105,119,117,132,121,112,125,133,134,123,131,118,118,109,97,117,122,124,128,118,122,127,124,126,123,126,120,106,99,120,130,121,133,137,128,122,121,135,119,116,129,110,98,115,111,121,123,126,125,120,128,127,117,127,127,108,100,110,126,125,120,135,125,122,127,125,123,128,120,109,100,118,106,111,118,112,119,125,116,117,116,127,110,118,96,121,109,105,115,129,121,124,115,121,123,124,117,112,109,118,109,126,115,115,118,116,122,119,117,111,99,105,102,107,106,116,115,113,112,106,102,98,102,102,103,102
136,135,145,133,141,133,132,131,132,134,131,130,117,136,143,145,142,132,134,139,135,148,131,133,148,147,139,139,132,129,139,141,135,146,148,147,142,154,146,127,115,137,134,133,129,145,144,123,144,128,143,135,144,135,133,143,131,134,136,147,142,151,145,148,139,142,148,121,145,136,131,131,133,145,149,142,137,112,137,141,120,145,142,133,126,131,134,143,142,136,139,130,136,137,135,138,133,131,138,131,139,139,117,137,139,137,156,136,136,138,120,146,132,137,139,135,129,142,150,139,163,117,120,136,119,133,135,143,139,139,121,134,115,132,136,146,143,145,138,146,134,133,150,139,135,134,139,144,154,158,160,138,139,136,117,125,159,145,138,130,144,154,168,142,158,131,131,137,133,146,143,139,123,134,134,143,134,126,135,136,139,139,145,129,135,139,139,141,134,131,133,145,144,132,138,149,136
