96,110,106,121,110,107,107,108,113,106,112,112,110,126,109,109,100,118,119,127,123,133,103,108,112,113,121,123,131,124,113,124,114,127,119,130,127,126,117,125,115,125,121,122,113,133,130,120,129,101,130,118,125,134,122,116,124,121,100,121,119,118,125,121,113,114,113,122,114,112,113,120,100,125,121,123,93,109,112,122,110,123,117,114,104,125,100,125,134,129,134,114,124,131,138,132,125,117,120,123,102,124,118,129,134,121,128,121,121,127,115,114,114,114,98,121,113,130,130,128,123,111,109,123,108,114,118,111,102,116,120,112,104,125,122,132,130,120,120,120,113,118,100,102,111,118,127,119,129,129,129,113,121,126,121,126,91,108,116,104,127,120,120,117,131,124,123,100,96,108,85,108,119,110,113,119,107,113,106,106,109,104,97,106,85,105,89,97,101,103,108,103,102,109,106,102,111
143,133,140,128,140,131,136,136,135,129,128,134,154,109,156,136,125,98,106,103,111,109,130,108,120,110,100,96,139,140,114,104,112,107,100,113,112,115,119,109,141,103,138,155,128,120,106,134,126,125,122,137,117,112,115,116,143,155,128,115,109,119,125,134,132,114,107,142,109,109,134,156,123,109,89,113,117,131,113,117,133,109,105,121,142,156,128,109,118,119,118,132,129,123,119,117,119,127,141,162,122,117,137,108,120,117,111,114,111,121,121,108,141,162,125,114,120,120,126,116,120,148,154,118,137,110,137,161,123,100,135,109,131,134,106,100,117,125,122,117,137,162,119,140,127,127,130,118,104,126,108,126,115,141,144,164,123,113,106,136,122,121,125,130,117,133,136,134,138,125,131,118,131,152,137,121,141,141,119,130,142,145,140,116,147,141,108,123,125,129,122,125,113,131,110,144,115
121,116,123,137,151,155,159,162,166,160,149,142,134,126,121,109,124,128,122,120,119,108,122,126,108,104,94,107,100,111,118,101,116,104,118,112,112,103,113,112,111,106,111,127,120,108,111,118,102,116,114,106,111,106,104,103,109,117,123,108,108,125,122,125,128,115,119,114,117,104,117,122,115,103,101,117,119,114,130,128,114,114,118,109,118,112,120,97,105,116,106,113,105,126,112,114,117,106,112,116,123,107,123,121,129,116,130,121,122,130,133,97,118,117,128,106,130,131,111,130,120,123,119,140,126,116,122,114,127,100,110,132,124,117,132,127,127,128,120,111,113,118,130,90,103,116,126,123,113,113,117,138,121,106,106,112,134,116,126,151,142,120,117,131,136,121,120,102,125,113,122,119,119,150,143,142,149,122,130,140,140,128,118,109,126,122,136,145,145,146,145,140,131,129,128,142,125
128,146,134,136,139,126,132,133,128,132,133,136,127,132,143,135,122,128,136,126,125,126,133,140,122,132,137,133,140,135,133,134,139,137,147,142,133,137,136,145,116,136,137,127,135,141,135,120,155,126,146,145,137,149,146,136,136,121,130,132,145,151,144,154,133,134,147,119,131,130,133,124,136,145,141,148,152,128,148,148,127,149,164,135,132,126,140,138,142,147,160,146,154,159,150,152,149,146,138,125,139,133,119,149,150,144,138,146,151,150,147,137,135,119,134,137,160,151,144,152,139,127,135,168,136,134,139,131,127,134,128,151,126,120,141,129,131,133,130,129,140,130,136,142,163,155,140,147,135,141,135,137,123,123,148,139,144,129,141,137,129,129,132,136,134,126,126,128,149,128,144,142,127,145,130,135,137,115,129,133,140,108,134,140,139,144,130,127,134,133,143,137,141,155,152,114,143
110,119,112,102,103,107,115,111,111,105,120,116,129,117,107,116,110,124,129,123,136,120,132,132,125,141,142,132,111,103,118,140,128,137,125,115,133,136,126,145,119,136,110,96,113,139,134,123,103,118,125,120,128,122,132,134,109,102,113,146,131,130,115,122,125,123,135,121,136,128,122,96,114,138,129,128,139,117,122,119,115,126,132,125,112,96,107,135,125,121,126,119,110,127,112,119,115,123,105,93,104,123,122,116,114,122,112,108,119,123,129,130,103,96,104,130,122,125,112,118,131,112,112,126,102,135,101,102,117,136,116,121,113,122,131,130,123,123,138,133,103,104,113,126,121,109,114,117,120,116,116,111,118,124,100,100,117,133,126,106,108,109,126,131,113,120,122,132,104,94,115,137,122,100,106,123,111,96,116,108,98,114,107,96,113,115,121,113,105,100,96,104,100,98,92,109,93
103,126,137,158,137,129,135,136,139,134,137,133,131,132,124,131,121,133,147,131,130,154,134,150,154,150,158,152,109,131,126,146,145,150,145,152,144,131,141,145,119,151,104,127,131,148,144,121,140,101,145,124,136,133,148,130,120,128,125,152,140,145,140,140,115,131,140,117,124,130,132,128,125,152,142,134,108,125,148,141,122,141,145,135,118,129,121,167,147,147,145,137,147,147,155,140,145,141,114,122,121,156,118,138,143,150,134,130,138,116,122,135,117,129,123,138,131,119,132,122,101,108,110,130,127,144,127,131,117,129,123,124,131,125,132,146,137,140,148,150,122,134,119,147,140,141,141,154,144,140,134,120,121,119,136,134,123,131,126,127,129,125,119,111,117,124,125,127,117,134,138,113,111,118,119,125,115,114,121,131,135,127,118,152,130,120,130,130,137,140,141,142,144,127,142,137,146
128,128,127,127,128,124,125,125,126,126,125,126,127,125,129,134,127,128,126,126,131,128,131,132,133,127,127,129,130,132,126,129,133,128,130,133,129,130,130,129,126,124,128,132,129,126,127,127,126,129,129,132,129,126,129,131,131,133,127,128,129,130,129,127,134,132,129,127,126,128,124,132,125,129,127,134,130,122,130,127,126,125,126,126,131,132,126,130,127,126,126,127,130,126,128,126,122,127,128,128,125,127,127,127,126,127,130,132,127,128,126,125,127,127,126,128,129,128,129,134,127,122,123,126,125,123,126,127,124,126,127,128,121,128,123,123,127,124,123,126,129,128,125,128,130,126,125,130,130,130,130,127,122,126,130,126,123,128,125,126,128,126,129,131,123,128,128,125,125,129,125,127,124,125,127,126,127,125,125,125,125,126,131,127,133,139,127,125,125,126,124,124,125,127,126,131,131
127,128,127,133,130,127,130,127,128,132,131,134,127,132,137,135,131,132,133,136,130,134,129,134,130,131,132,133,132,132,132,130,130,131,129,127,133,135,129,126,126,133,129,133,131,133,135,127,130,127,134,130,136,131,129,135,129,132,134,129,137,125,131,128,130,133,132,125,129,136,132,130,133,131,135,126,129,128,129,132,124,132,130,131,130,134,132,124,130,133,129,126,126,136,129,132,128,132,132,129,133,133,125,134,136,133,137,132,138,137,133,140,129,131,132,131,137,135,142,140,136,128,128,137,127,133,130,134,132,135,128,133,122,125,133,132,134,131,129,133,131,132,134,128,129,128,131,131,137,139,138,134,140,139,126,131,136,133,137,133,136,136,135,134,137,125,126,135,133,131,133,136,126,126,130,132,130,129,133,134,135,127,126,126,125,124,131,134,131,129,129,128,128,124,126,123,124
147,156,163,142,143,145,154,150,155,151,150,152,136,124,142,160,132,135,130,128,126,129,136,108,109,126,120,108,145,159,144,107,111,116,108,109,115,124,130,116,127,109,150,158,149,109,114,131,115,130,121,121,124,116,122,127,140,154,143,111,125,93,113,113,127,110,112,131,137,123,142,154,142,106,117,108,117,128,105,101,123,109,112,134,155,160,139,114,112,116,116,119,98,112,119,111,121,121,154,151,146,120,131,126,120,112,130,125,126,117,139,112,147,152,145,138,131,121,114,119,110,125,119,114,142,127,154,156,154,132,130,123,130,138,130,129,136,127,138,137,151,150,140,120,129,125,131,119,117,125,118,130,119,140,154,147,140,130,131,128,118,120,116,111,111,135,129,133,142,133,129,135,127,119,126,118,133,144,138,141,135,98,117,127,122,115,133,134,136,139,132,134,119,131,113,92,117
151,133,141,100,108,92,100,96,94,91,90,86,98,101,137,119,112,89,106,102,101,103,97,126,101,98,117,113,112,96,89,109,94,93,108,98,105,125,111,121,121,117,110,93,98,126,116,119,125,130,116,119,126,108,114,118,122,97,102,124,134,112,121,122,115,111,118,118,130,120,109,100,96,118,127,120,132,136,125,121,126,135,115,117,110,93,100,119,136,133,131,114,131,139,146,142,137,134,115,107,101,136,134,121,127,137,113,103,128,105,112,112,109,111,100,120,126,120,138,130,123,107,134,107,125,122,113,115,100,101,121,142,140,126,114,126,130,135,114,121,113,106,96,155,148,141,134,120,133,125,121,101,108,110,121,103,93,102,100,113,103,92,93,98,101,124,120,102,112,115,104,90,114,121,90,80,97,111,101,109,97,112,138,132,126,100,111,112,117,115,128,128,114,118,112,114,120
139,145,152,131,135,128,135,130,136,137,134,130,131,130,131,152,139,142,133,134,138,145,130,125,136,141,136,131,123,130,143,133,134,142,138,139,139,139,141,140,136,132,123,136,140,133,134,136,146,130,135,132,139,137,141,130,103,132,135,136,129,139,138,133,129,137,137,136,139,126,110,132,125,137,141,141,124,136,139,132,138,131,130,144,120,130,130,132,128,129,131,127,133,133,129,127,123,127,115,128,130,128,138,124,129,122,133,121,128,129,135,128,115,130,129,137,132,133,142,135,140,140,138,129,143,131,113,132,130,132,136,135,135,135,136,126,128,121,124,121,121,129,129,126,134,127,129,126,123,131,125,130,111,128,118,124,122,116,119,125,128,134,132,126,132,134,135,122,113,111,119,121,135,138,129,126,132,130,128,122,115,123,117,123,128,125,135,125,115,118,120,122,130,134,126,124,119
122,124,127,126,119,120,128,126,124,122,125,125,115,128,120,133,128,128,130,135,147,136,128,129,137,146,146,139,123,141,126,131,136,148,129,134,141,131,128,129,122,138,126,141,135,132,134,122,117,106,141,116,140,148,144,134,129,135,134,132,131,136,136,131,117,122,129,124,137,128,117,130,130,132,134,131,108,120,133,142,116,140,126,152,123,128,131,144,150,144,138,125,132,130,141,142,146,147,131,125,133,139,122,138,134,135,139,119,138,128,141,136,122,128,137,121,116,123,129,118,132,118,119,120,124,145,125,126,137,132,118,127,120,131,134,142,137,143,152,142,135,129,138,148,129,147,141,139,135,123,132,142,132,129,126,130,144,143,139,132,138,131,128,119,127,131,130,139,127,123,132,138,119,127,131,122,121,130,128,120,115,140,131,120,125,139,135,127,121,123,117,126,133,127,131,129,123
126,124,123,118,123,136,127,129,130,125,130,129,132,129,121,121,138,141,139,136,129,134,132,132,124,127,128,123,114,113,124,124,126,123,120,121,121,119,120,132,122,122,117,119,127,124,123,121,122,133,118,128,118,118,123,126,130,122,125,123,120,116,109,116,124,121,111,121,118,133,124,130,122,127,122,126,121,130,112,116,134,119,120,118,120,129,122,118,120,114,119,139,128,127,114,118,120,114,117,129,116,119,124,115,119,118,112,128,116,123,105,119,120,129,120,123,121,116,129,130,125,131,134,124,131,111,121,133,120,117,125,115,140,120,118,117,117,116,104,122,122,133,118,125,131,114,113,123,119,114,122,111,120,120,120,133,122,116,115,117,109,118,118,123,121,117,117,106,124,126,125,122,121,144,137,128,135,133,118,122,124,126,132,123,125,130,120,116,115,116,119,115,110,115,117,127,119
118,124,118,111,114,126,121,124,129,130,130,127,124,130,123,113,121,124,126,131,125,121,120,127,118,128,119,125,123,119,119,127,126,123,128,117,123,120,124,124,115,120,125,120,125,120,128,122,106,110,117,120,126,127,121,121,135,119,130,128,123,128,129,120,130,127,126,121,123,125,128,119,127,132,127,123,117,107,122,125,111,124,123,124,121,124,123,128,132,124,126,122,119,122,123,128,124,123,117,123,123,121,117,122,126,127,124,117,122,121,126,120,123,118,120,128,118,118,113,116,115,114,115,126,114,130,121,111,120,123,117,127,113,127,121,121,121,125,122,118,120,113,118,126,120,125,123,122,117,127,124,118,118,110,129,119,115,116,121,122,114,124,122,120,125,125,125,117,118,119,124,115,112,113,120,121,124,113,128,126,121,132,136,116,127,132,132,127,121,117,114,112,110,106,111,126,110
134,128,130,134,136,127,131,131,127,125,129,128,135,133,132,132,135,134,135,135,137,134,129,134,134,128,132,131,135,136,128,126,133,133,133,134,131,135,130,129,137,133,133,134,128,132,130,134,131,129,129,129,132,132,130,131,128,134,132,130,134,132,136,135,128,127,131,134,126,124,128,135,132,130,130,127,127,134,131,130,137,132,131,136,130,134,130,133,131,133,132,129,128,128,131,136,128,131,131,133,130,137,133,132,132,130,132,127,132,130,127,134,131,134,133,128,129,130,133,129,123,133,130,132,133,129,129,138,133,135,134,128,134,131,127,127,129,131,131,132,132,135,133,132,128,130,129,130,133,132,134,131,130,129,130,131,135,135,128,123,134,126,125,123,127,131,132,129,128,125,129,130,136,124,127,130,123,125,125,122,123,123,124,129,123,125,127,123,123,121,120,121,125,129,124,119,126
118,121,129,123,123,118,119,113,109,119,121,111,109,121,119,132,138,134,147,150,139,151,129,143,156,144,152,143,116,131,128,154,152,175,149,155,170,158,154,135,123,143,107,123,133,148,162,124,149,124,171,161,163,156,159,156,107,114,130,160,175,173,161,155,135,139,152,121,159,139,115,115,125,155,159,148,121,116,158,145,120,148,156,135,119,120,127,147,159,160,150,142,147,137,167,156,152,145,116,114,125,147,126,158,152,160,160,126,151,132,145,139,113,125,127,161,160,130,118,114,131,107,115,129,120,150,109,133,124,148,121,129,105,121,145,148,147,139,142,133,115,128,125,152,156,160,154,151,158,131,143,127,102,104,134,112,122,134,126,135,133,122,133,108,97,120,119,93,107,89,117,111,118,91,105,124,121,125,124,106,101,91,100,98,102,103,119,123,114,101,100,111,119,101,112,86,100
118,119,118,117,113,118,119,117,118,119,118,119,122,120,118,119,123,118,116,115,119,119,117,118,118,119,119,117,115,115,119,119,119,123,115,120,120,123,119,115,116,119,114,117,119,115,118,112,117,118,118,117,119,118,114,113,115,117,120,114,114,119,121,120,118,117,116,113,118,113,116,119,121,118,121,119,120,118,118,116,115,118,117,116,117,118,119,117,114,114,114,111,115,111,113,112,115,116,114,117,119,115,112,111,112,112,115,111,113,110,116,119,115,115,117,116,115,114,116,118,116,116,115,109,116,118,112,114,120,119,113,114,111,114,114,115,121,117,116,116,112,113,117,116,121,112,113,114,114,112,113,115,112,109,116,114,116,111,115,117,113,106,107,111,110,115,114,117,114,113,113,118,113,116,117,113,112,113,118,119,118,110,108,114,110,110,118,117,118,113,115,115,116,118,115,110,110
148,161,151,150,155,148,150,152,147,147,148,152,154,134,154,149,151,135,129,129,134,127,154,139,129,131,121,126,154,142,143,129,127,122,132,132,125,132,131,136,146,122,155,147,150,124,122,145,142,149,127,138,125,125,130,133,165,149,150,125,128,122,131,124,145,134,131,145,132,133,156,146,152,128,123,131,149,144,133,125,141,124,121,136,155,145,154,126,125,125,128,145,138,128,128,128,133,134,150,142,151,131,146,127,130,127,133,143,132,146,140,134,154,141,151,151,140,140,143,154,144,149,145,136,146,134,152,143,155,140,146,142,142,147,138,125,133,136,142,138,152,142,148,137,144,142,141,134,134,144,136,142,137,151,152,139,148,145,148,154,141,147,137,155,148,146,145,142,147,151,160,148,147,155,151,142,150,138,142,144,141,150,152,126,161,152,146,152,150,147,139,140,136,149,136,151,132
129,106,112,114,120,116,117,117,116,116,119,118,129,122,115,120,121,123,121,126,119,117,121,116,122,117,114,116,121,114,128,115,118,119,118,119,115,116,112,135,137,117,119,114,118,114,117,127,134,122,112,119,115,114,107,106,119,116,116,115,115,116,119,118,107,116,112,127,112,113,110,119,113,121,109,127,121,131,124,126,133,123,124,120,120,113,118,118,117,122,122,130,133,128,119,122,122,126,121,111,116,120,131,120,125,124,111,110,114,108,114,113,118,112,113,115,117,122,116,117,118,131,136,120,135,118,122,116,116,119,132,121,130,127,122,120,111,121,126,120,123,112,121,120,123,129,133,125,124,116,105,115,116,122,120,112,120,118,119,123,112,115,113,117,116,126,126,124,128,117,113,115,131,140,124,113,108,124,129,128,123,127,123,118,109,109,127,125,122,127,126,121,118,122,113,127,120
131,128,136,109,106,109,113,113,114,117,116,104,116,119,124,137,127,120,109,117,116,115,108,97,116,109,121,120,115,125,117,122,128,119,121,118,119,113,128,130,142,112,112,132,118,101,119,138,125,144,112,127,114,114,134,125,115,123,113,98,109,105,96,100,112,111,116,135,128,135,96,128,110,105,122,128,120,139,108,104,139,107,112,116,117,129,111,109,105,101,123,139,119,114,114,117,117,102,118,126,113,100,136,109,106,103,109,131,108,111,127,115,113,132,109,110,111,109,116,121,124,137,138,118,141,109,117,131,107,108,138,119,140,136,112,118,120,102,115,108,117,133,113,96,116,112,122,116,113,110,127,128,115,117,121,139,113,103,114,119,116,141,135,118,125,136,136,124,111,120,120,103,131,127,121,116,128,141,130,124,115,151,143,142,131,134,120,119,110,116,119,121,126,125,121,146,132
152,136,122,120,120,138,125,128,130,134,137,128,142,137,128,134,143,124,115,116,106,123,125,126,127,109,108,117,116,109,133,119,109,111,118,111,118,132,124,129,148,111,125,121,130,125,110,144,130,150,117,141,103,111,109,120,135,123,138,106,104,107,118,120,135,130,109,135,109,126,131,121,136,108,103,98,120,137,108,109,144,105,110,114,121,119,135,92,111,114,109,134,109,123,118,113,124,111,130,125,138,108,143,92,108,104,80,96,97,101,110,103,122,119,136,114,109,110,118,129,122,134,147,116,145,100,122,118,129,102,142,114,150,127,110,107,110,115,129,105,125,108,136,112,110,119,123,111,110,115,108,113,115,133,116,108,137,100,110,121,106,127,127,127,123,131,134,128,115,116,123,100,143,136,113,115,125,119,124,118,109,115,119,114,119,108,136,123,115,124,125,120,129,138,111,112,115
107,117,125,127,131,136,139,136,137,133,144,136,115,152,147,121,127,152,149,149,134,144,142,126,117,142,142,131,120,109,141,129,128,143,128,114,135,136,111,142,128,138,131,123,132,154,147,126,128,129,130,128,143,135,134,132,151,130,146,140,156,140,140,135,136,116,126,121,140,122,152,125,139,123,140,134,152,125,122,136,130,139,142,148,123,122,138,137,154,140,151,136,137,148,138,148,144,151,126,119,138,151,127,154,145,150,125,138,146,143,163,154,132,121,141,132,162,141,122,142,118,129,132,124,131,147,129,123,142,156,124,133,131,128,140,151,150,156,149,144,125,121,136,152,133,145,145,147,154,152,145,152,158,127,123,112,140,165,147,162,163,113,120,142,130,132,133,141,125,120,126,143,123,163,159,136,146,156,159,146,132,115,129,88,131,131,144,136,126,116,104,100,93,104,89,131,98
133,133,131,128,137,142,141,141,141,139,137,136,134,127,140,135,141,124,120,122,130,122,136,121,109,118,114,111,146,132,124,111,106,108,117,109,111,114,111,119,129,109,137,130,128,113,105,132,119,131,104,113,120,115,100,106,131,132,130,110,110,104,107,111,120,113,108,129,120,113,124,132,134,111,109,113,126,126,112,111,126,114,106,117,127,129,136,110,102,105,109,121,100,108,107,109,117,118,133,136,130,114,134,106,112,115,115,111,115,117,110,115,128,125,129,118,118,114,114,119,120,127,132,112,130,111,123,123,131,121,128,119,125,130,109,105,110,117,116,112,128,117,124,116,113,117,117,109,111,119,113,117,109,122,130,118,127,121,118,121,109,116,111,120,125,129,129,128,128,126,129,126,131,138,127,127,131,127,132,134,134,124,131,131,138,140,138,135,132,129,135,139,142,135,143,119,137
126,124,125,127,126,123,124,124,125,127,122,122,113,121,128,124,121,126,126,123,123,121,124,125,125,122,126,127,127,127,122,122,124,124,123,124,119,121,120,122,109,123,127,128,125,122,122,113,124,117,121,119,120,122,126,121,128,126,122,122,122,125,123,122,121,122,122,114,123,125,125,125,124,125,123,123,121,113,121,121,106,122,124,124,125,128,123,121,120,122,120,124,123,126,123,122,122,120,128,125,124,120,113,123,123,124,122,119,123,123,129,128,127,126,125,124,126,123,121,123,124,111,111,125,112,124,125,127,123,126,111,122,108,118,123,124,125,121,124,125,125,128,125,117,123,116,117,123,121,124,123,125,125,127,129,129,127,124,127,123,125,126,125,125,127,119,116,127,126,123,121,126,113,120,126,125,117,119,126,124,125,130,121,128,121,123,127,127,125,124,127,127,128,128,130,128,129
142,120,120,115,114,118,117,115,118,118,119,116,94,122,122,119,124,127,120,121,120,125,115,116,123,124,118,121,118,114,123,121,122,115,118,117,118,122,117,113,101,121,116,112,120,118,122,111,121,114,122,115,119,113,114,124,117,113,118,114,120,112,113,116,120,117,122,111,110,124,116,110,119,113,116,114,114,98,121,121,96,114,109,121,116,111,120,120,120,120,121,111,118,121,120,117,116,121,117,108,119,124,106,118,115,115,119,112,121,113,119,125,115,113,120,121,120,116,113,119,123,100,96,119,94,125,116,114,120,120,104,119,96,118,124,123,123,120,126,121,115,112,121,121,122,119,114,117,117,115,121,118,125,113,106,111,121,116,123,116,119,120,120,113,117,118,115,128,121,115,119,122,100,112,121,119,111,106,123,125,126,124,122,129,122,123,124,126,125,127,129,127,130,111,131,121,128
142,107,96,137,133,130,128,132,129,131,133,133,140,127,128,114,119,140,133,125,132,136,129,129,133,126,125,141,135,120,118,128,142,129,130,138,124,127,138,124,116,119,132,117,124,118,123,123,126,141,123,130,115,122,124,125,124,119,119,120,114,119,109,120,132,125,122,123,124,126,118,119,116,131,122,127,136,123,118,111,124,120,119,105,120,119,124,120,111,114,114,124,113,120,114,118,123,115,129,120,126,111,126,119,115,120,123,133,118,129,117,126,129,117,136,127,129,132,140,129,130,125,117,131,117,122,128,115,120,128,123,136,132,123,132,130,121,123,121,123,133,113,131,118,131,123,127,123,124,125,134,128,134,123,114,118,126,125,130,126,137,131,123,134,137,123,123,118,128,134,125,132,125,132,138,144,124,126,131,132,138,129,135,149,139,139,137,134,140,134,137,137,134,124,131,124,139
151,124,136,115,108,100,111,107,105,108,98,108,103,130,128,149,121,128,105,119,116,106,105,96,120,110,104,97,132,126,133,96,110,112,101,111,114,110,120,103,129,110,124,120,131,113,114,133,122,119,101,82,113,113,100,110,104,111,116,106,109,108,113,110,105,106,109,121,114,123,102,112,104,113,118,126,120,108,105,96,131,105,130,126,119,118,113,98,101,107,110,89,88,89,117,113,119,121,126,113,120,103,128,115,120,107,101,89,104,100,110,127,115,121,118,113,105,100,114,105,116,124,138,122,125,102,108,127,125,120,132,119,115,124,108,122,137,120,120,120,106,126,119,116,119,114,127,101,120,125,136,111,119,108,109,117,116,110,103,107,100,96,88,91,117,126,127,108,105,110,96,101,115,122,101,115,112,100,110,113,123,104,103,123,116,113,100,109,115,117,120,119,118,117,120,100,126
108,123,119,127,119,122,121,123,123,121,117,127,123,120,122,116,117,114,121,115,125,125,122,133,130,132,129,138,126,133,107,146,141,130,138,144,136,145,143,132,116,137,128,132,115,137,141,125,126,111,140,150,132,137,143,137,120,134,116,135,129,128,145,142,135,129,138,124,131,130,124,131,122,136,139,142,139,114,151,144,116,140,136,125,124,128,127,139,139,140,144,144,142,150,146,147,141,132,126,129,125,133,121,135,138,143,140,149,133,143,127,139,128,128,125,136,132,141,138,142,144,122,110,130,115,139,129,126,119,127,118,134,107,133,144,143,131,138,133,125,124,130,120,131,146,134,129,136,134,134,124,115,120,126,128,128,127,110,115,125,123,128,137,138,128,135,132,116,120,121,133,110,117,110,117,117,112,111,115,121,122,128,130,135,126,134,113,118,127,129,139,137,134,127,133,136,132
130,134,131,138,141,144,143,143,139,146,142,146,150,125,139,134,133,131,116,114,126,101,149,126,118,103,106,118,133,122,120,112,108,105,108,107,97,103,114,128,143,119,133,128,132,119,110,133,124,142,114,122,105,107,114,118,135,132,133,107,109,106,102,96,123,116,108,128,110,151,139,136,138,117,121,120,129,131,116,109,140,105,117,119,141,129,136,118,106,110,118,140,129,124,114,110,119,128,135,123,135,119,138,109,105,108,100,130,110,125,116,125,137,129,138,131,119,117,120,137,123,142,140,125,144,115,129,126,134,130,133,118,134,130,121,114,118,118,138,119,131,127,126,122,133,120,124,119,114,119,117,130,129,147,145,129,128,128,128,128,114,137,131,131,126,131,133,139,138,140,147,143,139,156,147,127,139,147,140,144,144,134,138,119,143,151,140,146,144,139,125,132,116,140,128,138,121
113,123,120,124,125,123,122,123,123,124,123,120,113,127,122,122,127,128,130,127,127,132,125,124,124,133,131,126,121,127,127,129,128,127,125,124,127,125,127,122,118,129,121,126,127,128,134,119,123,121,127,122,128,129,127,126,118,128,126,130,129,124,122,124,119,124,127,117,127,124,125,127,126,126,129,124,117,118,127,125,124,126,126,127,125,130,125,130,126,125,124,123,121,123,128,124,125,127,125,129,127,129,120,127,126,127,127,121,127,126,126,125,124,128,125,128,126,128,129,127,128,126,124,127,124,128,125,127,126,129,121,129,127,116,127,125,125,124,124,126,124,127,126,126,125,123,126,128,127,126,127,127,127,124,124,126,126,130,129,129,130,129,126,127,129,115,116,128,126,128,128,130,123,119,127,132,127,124,127,129,130,123,125,124,126,124,127,127,129,126,124,126,125,122,122,126,125
132,120,111,121,123,117,111,116,111,119,115,112,119,112,125,115,113,108,107,104,111,110,118,119,119,108,110,119,123,125,103,117,118,106,116,114,108,117,115,114,137,114,123,124,112,109,111,135,117,133,109,126,108,107,106,110,138,124,116,111,108,121,125,117,130,126,115,134,110,122,123,122,116,121,109,115,136,137,121,115,142,110,114,110,121,123,120,112,108,109,108,128,126,115,111,107,105,100,121,124,116,108,132,101,102,109,105,115,108,117,114,109,122,125,121,117,113,115,113,121,114,139,140,119,143,102,129,127,117,105,134,113,137,129,117,110,116,105,107,102,126,128,115,100,112,98,98,105,103,113,103,101,97,93,131,131,118,98,98,112,100,106,104,114,101,129,132,110,114,123,122,111,135,117,124,116,125,126,117,113,115,123,124,119,117,123,122,115,116,123,126,130,126,122,128,126,130
154,113,106,120,118,117,116,120,118,113,117,124,121,112,113,121,110,111,111,112,100,106,112,113,109,115,115,115,131,131,113,108,114,109,108,113,106,107,121,117,135,111,131,132,117,108,112,132,104,117,110,115,108,113,112,114,135,135,118,113,113,114,103,112,107,112,112,132,117,125,127,137,117,118,121,126,115,132,115,111,134,113,118,124,131,134,123,120,123,120,120,118,124,120,111,115,121,119,131,137,124,114,134,116,115,116,110,120,117,115,123,120,128,137,126,112,119,108,114,112,116,133,127,120,124,118,134,136,127,118,129,110,129,130,116,113,119,112,118,117,134,136,127,120,110,122,119,111,111,114,114,113,114,115,148,135,129,107,105,120,109,109,108,112,113,129,131,113,125,129,121,116,128,128,114,115,120,117,114,112,114,138,117,128,117,124,121,110,111,119,126,122,120,121,122,131,118
120,119,119,112,116,117,117,120,119,120,121,117,105,122,120,121,122,120,117,119,117,118,119,117,117,120,116,115,116,120,124,113,112,113,116,117,111,116,116,114,106,114,117,118,123,112,112,113,118,108,112,112,113,114,115,112,118,118,120,113,116,118,117,113,114,119,116,113,108,116,119,116,122,119,114,115,116,102,116,117,101,114,118,121,117,115,119,115,115,119,115,114,118,118,119,120,119,117,116,117,120,119,115,118,114,117,113,111,117,115,120,113,121,118,121,120,115,119,117,119,118,102,102,120,96,119,117,119,119,113,108,115,96,118,112,117,114,113,121,117,121,119,120,118,113,116,120,119,118,122,114,121,121,121,121,115,119,118,119,120,119,117,115,126,118,119,117,123,119,118,119,125,104,116,120,126,118,106,122,121,126,125,123,124,123,122,122,122,118,124,130,124,123,122,128,124,123
143,121,127,120,136,143,136,141,134,130,121,128,126,128,121,121,129,129,116,138,127,118,139,132,134,147,132,123,119,123,109,127,117,130,112,119,117,117,112,132,140,112,116,132,110,114,111,138,111,138,132,133,119,114,116,134,105,126,116,117,119,139,117,117,117,129,119,132,120,125,101,120,110,124,124,124,129,142,121,123,126,118,130,137,103,111,114,117,129,130,136,134,110,124,116,125,120,119,108,118,119,120,141,137,125,104,126,126,118,131,128,123,104,116,107,135,118,116,122,138,154,147,141,115,156,117,97,118,114,109,132,128,142,129,126,116,121,116,123,103,111,121,113,124,110,120,128,107,116,138,120,129,120,135,122,119,112,115,112,128,127,129,129,136,130,127,130,107,105,122,100,117,130,133,125,121,146,125,120,134,123,102,103,136,107,143,136,139,132,136,134,130,133,135,140,112,124
141,118,127,133,125,112,125,124,117,111,121,123,133,126,111,120,104,108,108,100,106,100,115,93,121,104,103,110,114,108,105,124,124,109,100,103,115,113,122,110,140,110,113,128,105,107,107,141,109,130,111,121,94,100,101,108,120,122,117,105,100,100,110,106,117,114,106,134,84,107,105,119,102,107,105,96,111,142,92,93,141,85,84,98,105,103,106,94,90,89,94,100,100,105,89,88,73,89,114,103,108,96,139,91,90,86,103,115,86,97,90,90,114,102,110,111,100,89,92,106,105,135,136,91,148,91,116,104,104,103,142,85,127,128,103,89,89,80,89,100,114,101,114,74,86,87,96,87,94,97,107,104,100,137,105,102,119,106,103,116,98,126,133,121,113,127,130,132,118,112,118,112,137,122,113,106,129,143,130,135,129,117,121,142,122,121,125,136,135,134,127,127,133,141,141,125,139
115,128,123,127,131,145,144,142,143,136,138,144,151,134,128,109,131,122,129,120,132,131,141,133,137,122,126,128,128,123,121,135,135,123,130,127,123,126,126,140,139,123,134,123,126,123,122,130,145,147,125,142,124,119,119,130,150,129,127,131,126,131,133,132,133,125,126,129,120,138,145,132,135,128,131,137,144,144,138,127,145,123,130,122,135,130,136,127,122,125,132,146,142,134,122,123,118,114,132,131,137,124,134,113,119,123,119,131,122,128,121,130,135,125,134,126,135,128,123,130,124,147,147,122,146,127,133,123,130,118,136,127,145,126,122,118,116,118,124,120,131,125,128,120,137,122,122,120,117,115,119,118,116,122,122,125,129,109,116,128,116,128,132,128,121,126,127,130,130,140,139,124,137,138,135,123,134,136,137,134,136,142,132,117,129,134,130,130,135,139,135,135,133,142,129,144,127
120,118,116,136,132,113,131,130,125,125,120,119,105,120,146,103,107,112,120,127,129,117,112,133,130,128,136,135,127,116,105,136,130,132,140,139,135,158,135,122,114,137,126,119,114,139,147,123,139,128,145,144,152,148,140,152,138,125,110,152,146,137,151,159,135,148,164,127,137,120,147,128,123,148,151,146,145,121,148,152,117,151,145,119,137,127,124,145,149,149,146,121,137,136,133,137,128,149,138,135,123,132,125,143,134,140,156,138,142,137,121,133,145,138,119,133,128,125,121,120,130,122,110,128,107,142,141,140,119,137,129,133,115,128,140,132,115,134,127,144,141,140,115,137,125,133,126,131,144,142,131,121,131,131,133,139,119,141,134,115,136,134,151,135,138,128,130,129,124,139,124,129,122,127,135,126,131,151,132,128,125,152,148,136,139,145,136,130,133,140,142,145,150,142,145,159,154
113,118,117,126,123,117,111,119,117,119,118,119,120,106,127,123,124,111,107,112,114,100,119,119,111,108,115,122,111,118,109,118,114,115,115,111,117,117,116,116,119,118,115,122,113,125,119,121,109,115,116,126,121,118,124,125,118,126,117,130,127,126,119,117,126,132,123,120,129,134,129,121,121,136,121,125,132,112,119,124,117,130,137,116,127,119,116,127,122,125,125,122,127,128,126,134,138,124,113,127,116,123,121,117,123,127,120,122,127,129,133,130,122,129,118,129,127,132,131,121,129,119,117,126,123,122,123,127,115,126,116,133,116,121,120,127,127,125,120,125,112,129,112,125,129,130,122,123,126,128,129,127,128,137,119,129,106,123,133,132,132,135,127,136,131,122,121,110,111,132,107,119,117,125,132,130,123,115,120,121,117,100,104,123,107,100,116,112,117,122,122,129,127,127,132,107,120
110,118,118,100,97,106,100,106,108,98,103,102,121,111,101,120,114,106,118,128,129,123,119,137,124,141,124,130,80,104,127,111,111,129,138,130,133,146,112,128,125,130,85,106,107,128,111,133,134,108,130,141,132,149,136,120,91,105,105,122,127,136,159,134,145,154,132,142,138,129,105,102,113,120,134,151,144,133,137,145,118,145,141,128,96,101,100,125,133,150,145,124,131,141,145,151,141,131,85,118,104,137,130,143,144,143,149,148,143,144,122,123,98,127,106,136,133,151,159,159,154,129,130,147,104,136,84,122,102,119,130,145,125,134,155,148,129,140,125,143,79,127,113,130,135,139,147,135,160,165,144,130,137,156,94,136,100,127,132,121,140,135,138,135,141,130,128,108,73,117,102,102,131,96,100,114,100,103,110,111,96,122,100,123,96,115,111,102,101,114,121,118,123,124,131,120,107
106,116,114,98,100,112,106,107,111,119,113,113,128,115,111,109,127,108,122,124,129,123,115,126,121,133,130,131,108,103,110,126,116,125,132,122,122,120,110,125,123,131,102,98,97,130,126,127,131,124,119,121,128,132,125,118,103,100,103,121,123,125,118,120,110,125,119,124,133,111,114,96,107,119,111,126,119,122,126,137,123,137,124,128,101,101,98,129,129,133,127,139,141,139,135,135,131,133,96,105,94,131,127,136,134,135,121,119,131,121,122,126,97,96,93,118,117,122,119,114,113,114,122,117,118,128,96,96,104,117,125,122,119,124,120,128,122,140,129,122,96,93,96,138,127,137,126,131,127,117,117,125,127,117,103,100,97,120,111,115,128,107,111,113,111,125,125,134,105,112,108,120,124,120,108,113,114,137,113,110,114,124,113,113,117,117,114,111,114,113,119,116,118,122,113,113,116
147,142,133,120,115,134,126,124,126,134,127,120,111,145,107,143,144,141,139,138,123,150,141,137,158,138,146,152,130,140,132,164,162,141,129,159,149,152,154,147,136,146,125,122,140,147,151,124,160,118,151,174,139,132,140,168,140,130,136,168,136,131,120,132,150,139,138,130,143,165,152,132,143,154,149,137,128,128,137,131,138,124,123,134,152,134,146,145,142,133,140,136,143,132,129,128,134,130,131,135,138,137,123,139,135,128,147,145,125,147,146,156,136,126,143,159,147,118,116,124,130,143,141,147,135,160,145,122,137,158,138,125,131,126,137,135,144,132,139,155,136,122,144,128,143,124,136,136,147,156,146,143,148,160,128,119,139,145,145,141,143,146,159,143,140,126,128,168,141,109,145,152,135,140,140,150,162,142,132,115,116,128,138,113,122,143,141,125,122,113,118,124,132,141,134,140,126
129,138,129,145,145,134,137,140,137,129,129,132,122,126,137,126,121,122,121,127,117,121,117,119,134,130,130,139,141,141,122,127,125,129,125,130,124,135,127,123,125,134,137,141,123,136,128,124,128,122,132,138,123,127,134,132,142,141,125,136,132,124,132,131,141,136,128,127,130,135,131,137,127,126,134,127,140,110,125,123,120,129,130,118,132,139,122,123,128,134,134,126,128,125,127,130,130,132,135,141,127,126,124,125,122,121,123,128,122,131,129,137,136,148,130,128,124,122,127,132,135,132,135,130,123,129,135,152,125,131,125,121,121,129,124,122,131,128,125,128,136,152,128,128,132,125,126,121,131,123,127,120,127,129,127,151,126,123,128,112,116,132,125,121,124,128,127,124,129,147,122,126,127,126,118,121,127,129,122,127,137,129,130,144,136,122,120,126,136,142,136,138,133,137,140,131,142
132,131,142,154,152,142,155,154,156,154,147,150,137,120,132,149,121,122,127,116,116,121,140,125,120,114,93,93,135,174,116,104,102,103,116,100,108,106,109,120,138,97,130,163,115,112,106,133,116,126,110,117,108,102,111,96,121,154,127,101,111,123,114,118,114,110,105,132,116,104,121,150,130,100,103,109,120,136,124,117,136,100,115,100,138,159,132,96,97,102,86,115,107,120,101,100,102,104,138,156,140,104,129,98,109,101,107,102,105,121,116,98,140,168,136,113,117,111,109,129,105,128,132,118,131,98,141,168,141,111,126,117,116,130,108,96,102,97,119,94,142,168,133,91,81,96,109,93,86,100,100,127,134,98,136,164,141,118,118,131,114,98,92,118,118,131,134,100,133,148,145,136,133,141,126,125,122,124,130,141,142,148,146,131,149,143,136,147,145,149,146,146,149,130,149,144,147
141,121,125,147,139,121,131,129,130,126,123,122,101,142,141,136,110,123,112,115,121,133,108,126,162,134,125,121,155,144,108,112,119,122,133,140,125,132,148,115,108,123,150,143,124,130,129,121,143,112,121,127,126,115,115,125,133,148,123,125,127,132,133,126,141,142,133,117,121,143,127,146,120,131,130,140,139,111,141,129,121,132,143,119,124,144,129,118,121,122,128,106,134,121,132,125,121,119,151,138,133,123,118,120,126,117,135,120,119,144,119,125,140,139,131,131,137,128,143,144,142,122,107,130,108,115,150,149,129,132,120,130,108,125,126,124,138,123,106,126,152,143,133,124,132,126,114,112,131,137,140,118,120,144,145,146,143,132,133,122,133,156,144,142,145,125,126,129,149,138,118,132,119,119,130,138,119,110,125,129,135,117,139,152,131,124,128,137,138,128,128,129,128,132,129,127,144
132,126,127,123,124,127,124,123,125,124,132,124,123,127,130,127,127,134,141,136,136,129,126,136,138,138,133,130,126,133,140,141,137,137,132,138,137,131,131,123,119,133,127,127,135,136,136,133,107,108,129,127,133,135,125,129,127,126,133,129,131,127,123,134,113,124,132,133,128,124,120,123,129,129,125,127,108,117,133,134,120,132,129,137,129,127,128,135,134,139,135,127,127,131,133,135,135,131,126,125,129,130,131,133,140,136,135,115,134,125,125,129,127,129,133,124,124,126,127,117,123,122,115,119,128,133,129,133,129,127,127,138,127,135,128,136,123,132,126,127,129,131,131,133,131,133,131,130,127,126,126,133,128,129,139,129,130,135,127,127,132,130,128,125,125,135,133,127,121,125,129,132,131,135,130,119,129,123,113,113,113,131,129,109,119,125,123,117,111,105,102,107,107,103,112,129,109
134,127,110,131,129,123,123,128,121,122,120,134,133,105,136,105,108,97,124,110,131,132,120,147,139,138,135,122,139,117,103,140,140,143,148,150,140,151,156,146,129,131,133,113,112,136,134,120,155,147,137,152,137,145,143,133,128,116,109,140,130,133,141,144,146,152,139,122,122,125,125,111,113,143,131,147,142,119,138,137,125,130,129,108,129,116,116,137,137,131,146,138,136,134,137,132,128,133,130,120,114,130,129,140,129,142,139,147,133,138,129,135,128,113,117,144,131,141,125,125,142,125,123,132,113,130,127,115,112,144,128,133,127,124,140,136,128,139,132,138,135,120,116,121,135,134,127,144,142,138,133,120,142,137,120,123,115,136,138,122,131,131,133,118,128,121,122,100,111,131,127,104,129,101,107,119,97,104,91,100,107,131,119,103,114,104,85,93,105,106,114,114,118,110,116,130,105
94,117,116,142,137,132,135,137,139,127,131,136,107,135,131,122,135,126,134,135,135,135,129,140,138,149,139,145,128,139,137,147,143,150,141,137,148,136,137,134,104,140,129,146,129,132,137,109,136,110,142,126,142,137,139,136,110,144,136,140,142,150,132,125,134,144,144,112,148,123,120,141,127,145,137,151,130,88,140,140,100,145,135,126,117,135,132,145,140,138,136,118,133,129,133,134,129,129,126,139,133,134,103,129,139,137,151,132,138,141,129,140,125,140,136,137,137,136,140,124,129,91,94,136,87,137,124,137,129,133,102,134,100,125,140,138,138,140,120,139,128,137,136,134,137,127,125,134,141,129,147,123,127,128,123,133,137,136,139,125,132,128,129,127,134,121,117,122,133,117,133,120,101,87,117,133,101,96,122,126,128,126,125,138,122,115,128,128,137,140,139,136,132,125,135,132,134
131,110,124,112,117,111,107,104,105,112,114,117,124,88,110,116,96,97,105,100,114,111,120,131,130,115,112,121,109,124,103,126,128,118,130,125,124,135,140,112,138,115,98,112,105,129,124,128,107,121,110,118,117,106,121,116,119,117,98,116,119,106,105,113,140,130,127,128,96,117,103,122,100,114,110,96,121,125,123,114,141,116,110,81,115,117,101,103,115,104,103,111,105,110,121,115,121,109,106,122,98,105,122,103,117,112,103,101,115,115,101,96,104,112,94,118,115,119,127,112,114,124,136,127,123,98,107,107,89,106,129,101,133,128,118,116,129,118,127,119,105,112,89,101,119,117,112,113,120,114,121,108,125,121,111,122,89,108,121,116,115,130,129,101,116,127,128,84,97,100,85,96,136,118,109,114,119,106,85,88,91,103,112,135,113,107,78,84,104,112,120,127,117,127,120,105,115
125,127,121,129,126,111,118,119,114,112,115,113,116,124,138,131,125,123,118,113,116,128,108,129,135,125,137,125,125,123,112,133,136,124,124,134,135,136,134,130,129,128,107,118,104,135,134,126,121,114,137,126,134,135,137,127,104,116,101,130,131,123,127,135,125,129,140,129,115,113,101,111,100,134,130,120,110,124,136,133,126,125,130,121,106,109,100,133,133,133,126,129,131,139,138,139,135,145,109,111,101,127,125,126,125,135,134,129,140,113,118,128,107,109,96,120,126,104,110,123,134,120,131,129,132,128,113,112,100,125,133,105,123,131,125,133,123,138,139,138,116,114,106,135,125,139,135,142,141,126,135,119,126,138,126,117,113,125,121,113,119,130,134,123,115,130,130,128,130,131,126,119,129,116,117,126,109,122,124,126,129,130,125,139,129,140,123,124,124,127,137,136,143,136,142,126,145
123,129,116,123,125,129,125,129,128,133,131,125,105,134,107,119,117,122,120,121,133,132,132,126,127,138,128,121,116,111,123,124,122,126,130,127,123,125,123,121,107,120,118,120,115,113,115,111,127,110,118,122,119,121,129,117,115,116,115,115,119,133,130,125,137,135,127,113,121,115,124,118,118,121,116,127,128,102,132,121,102,125,126,114,118,122,116,114,113,115,115,121,122,115,118,109,112,113,120,122,117,105,113,113,120,119,121,127,118,137,114,121,120,121,123,125,128,140,141,151,136,111,114,128,100,110,128,123,122,119,109,129,109,122,121,118,120,112,115,112,121,119,122,120,121,120,118,116,114,119,124,116,123,126,133,119,120,123,129,125,126,130,120,133,133,124,120,115,125,127,125,130,110,128,129,121,113,115,124,122,127,121,118,138,144,123,121,120,129,128,128,124,132,127,135,128,131
113,131,134,128,125,127,125,127,128,131,126,127,112,127,134,130,127,131,123,136,123,132,117,117,122,121,122,127,127,125,129,125,128,122,122,119,122,125,119,107,114,118,123,124,125,119,125,118,115,104,122,110,117,116,107,119,125,124,122,119,121,106,120,121,115,113,117,116,102,111,110,127,122,119,119,107,102,111,107,108,114,106,100,112,117,127,129,115,121,118,115,116,110,109,114,119,111,117,124,123,129,117,117,117,121,122,121,106,115,110,104,111,119,122,122,112,108,105,112,108,109,110,107,104,113,113,126,126,123,112,114,111,122,118,115,128,118,114,118,112,118,125,134,113,109,128,130,122,118,111,119,122,119,113,119,131,132,127,118,114,128,108,110,121,117,117,117,121,113,125,119,130,117,119,127,118,113,112,125,121,126,124,110,114,121,120,120,120,116,113,111,111,113,112,115,118,107
116,117,114,124,124,122,126,124,119,120,123,124,128,120,126,117,114,119,121,121,129,119,125,126,120,125,127,121,124,125,115,121,121,126,128,125,126,128,126,131,132,125,123,125,118,122,127,127,130,134,123,123,131,127,126,122,125,125,118,121,131,129,129,125,123,120,128,129,129,125,120,126,121,123,131,127,128,136,127,129,135,132,130,127,122,123,117,122,128,130,132,133,129,129,129,132,133,133,123,123,120,132,130,132,131,130,132,128,131,130,130,131,124,125,122,124,129,127,131,130,127,133,137,126,136,128,124,127,119,124,129,127,133,127,126,125,129,132,128,127,124,123,120,128,129,128,123,131,128,130,130,127,126,126,125,122,123,124,128,128,130,126,123,125,124,126,127,125,122,123,123,118,132,132,123,117,119,126,123,126,126,126,128,128,129,124,120,124,125,125,127,126,128,137,130,127,133
105,123,128,142,136,128,124,127,125,123,124,127,125,125,126,123,125,124,125,127,134,137,137,139,140,131,129,134,129,116,119,136,136,136,140,136,139,144,138,135,120,134,128,115,117,135,132,116,142,138,140,144,139,139,128,133,138,121,121,141,133,141,144,141,146,139,139,114,134,131,132,122,122,140,136,141,144,131,141,138,127,133,134,132,126,118,120,136,133,133,137,129,139,135,133,134,129,134,128,121,120,133,118,134,135,137,142,143,133,131,128,135,132,125,122,139,131,127,136,136,135,130,125,124,120,133,129,123,123,134,118,133,128,113,134,136,134,133,124,139,126,124,119,137,144,130,132,144,143,147,140,137,132,139,129,124,121,138,134,136,140,140,142,145,141,113,114,134,141,132,119,131,117,130,140,134,134,127,130,135,140,129,131,137,126,115,133,136,142,137,144,141,140,136,141,127,138
101,131,127,108,112,120,123,123,126,121,136,124,111,148,116,125,136,146,156,151,144,152,135,155,147,156,155,156,128,124,143,143,152,156,146,143,151,141,135,136,107,155,126,124,134,148,156,114,123,111,147,128,146,152,145,147,121,122,132,145,150,150,146,151,123,136,141,114,136,135,135,120,134,136,146,139,124,115,150,151,111,148,136,148,125,124,134,149,160,160,149,132,131,135,152,149,154,149,128,119,133,146,109,141,148,142,125,119,143,129,142,147,124,120,132,126,140,130,138,128,121,106,110,141,112,139,128,129,133,134,113,128,114,118,137,147,138,146,138,137,129,127,139,139,123,136,144,143,141,136,141,133,135,130,127,121,138,129,136,132,137,126,137,125,130,119,117,133,146,138,136,125,113,120,120,128,115,101,133,140,141,141,146,130,131,130,132,135,139,135,135,129,130,118,136,140,130
97,158,154,126,122,121,126,124,120,110,112,117,130,134,133,145,135,141,109,120,125,112,143,108,127,122,92,114,138,132,137,104,111,111,100,107,116,100,106,108,128,109,129,119,134,116,111,132,92,112,113,104,110,114,93,93,115,128,133,108,109,113,108,114,122,117,117,124,100,106,133,129,135,118,114,121,116,119,103,102,138,100,106,134,129,128,135,123,117,120,121,92,97,102,117,118,123,143,131,128,137,118,127,112,114,113,113,107,104,107,115,112,131,129,141,109,100,106,110,114,114,115,119,108,132,114,137,121,141,110,128,119,149,129,119,117,114,131,145,113,132,124,141,152,123,156,149,120,123,120,118,128,117,109,123,116,137,135,117,123,124,109,110,115,126,129,131,147,128,124,132,148,121,122,139,131,156,134,147,139,128,132,122,126,143,158,143,134,131,129,132,124,124,124,130,129,139
118,109,119,148,145,116,120,120,122,126,112,126,108,123,125,123,119,115,115,115,112,128,117,128,122,129,132,135,139,128,121,131,115,111,136,118,118,128,111,116,114,135,146,144,120,126,122,111,122,104,131,127,128,115,123,140,143,152,126,128,127,129,117,115,136,124,129,109,124,136,134,151,131,128,123,116,127,109,130,137,115,136,142,108,135,154,130,120,129,125,124,127,126,130,131,131,127,124,148,156,131,130,114,118,121,121,129,128,116,131,130,132,141,163,139,132,121,117,113,121,127,112,112,115,112,135,148,161,128,137,118,117,115,121,126,130,138,137,125,142,141,155,134,125,113,115,115,118,141,144,122,128,129,128,115,149,139,130,130,121,125,120,122,127,120,119,119,124,132,134,126,122,108,110,115,129,118,132,124,122,130,114,122,124,105,107,123,127,135,134,128,125,137,122,132,112,124
109,110,111,124,131,119,125,120,118,122,125,131,138,102,123,124,109,122,142,119,131,131,131,145,133,126,144,139,107,139,104,156,152,146,137,146,130,134,152,150,128,134,107,142,120,144,148,128,142,150,154,146,141,148,151,144,149,145,116,142,147,136,116,133,124,127,137,124,140,152,127,147,122,131,145,137,122,134,132,138,130,145,124,115,136,152,112,143,127,133,142,139,149,137,123,125,116,124,122,156,111,130,122,154,136,140,136,152,133,137,135,144,130,152,120,136,132,135,114,120,133,126,134,139,139,145,136,148,118,142,129,134,131,131,134,136,126,123,122,143,127,148,102,117,141,119,113,144,134,111,129,118,144,127,134,152,96,117,138,116,112,138,138,113,113,127,126,122,105,140,114,120,134,129,117,123,125,105,105,109,104,121,121,114,120,106,104,97,109,112,116,115,120,164,125,130,125
119,130,138,119,113,131,120,116,122,129,129,128,122,146,119,127,148,145,138,139,131,132,140,148,127,143,129,124,117,115,139,131,125,133,139,124,133,135,127,126,115,131,124,113,136,143,137,112,132,119,129,135,133,144,129,127,114,109,127,133,138,133,147,135,123,136,142,121,136,119,126,113,128,128,135,137,148,121,136,152,113,143,140,127,124,123,126,135,143,146,134,125,131,141,137,149,127,132,119,120,122,142,117,146,144,146,137,133,135,139,139,132,128,122,131,119,130,137,126,136,129,114,114,127,109,135,131,127,128,136,120,132,118,121,125,123,119,125,107,133,124,125,132,129,113,129,127,130,139,141,130,141,142,135,136,122,135,150,148,139,145,133,137,140,135,123,124,136,143,129,137,140,122,129,126,130,107,115,129,125,124,136,125,120,131,118,145,137,136,121,109,108,102,96,108,139,114
101,140,130,125,130,132,138,134,131,131,138,125,117,137,124,131,146,135,137,139,121,142,136,142,151,147,143,144,117,119,142,152,140,132,140,133,144,140,140,130,113,140,120,118,127,152,139,105,130,117,146,131,123,140,135,146,116,117,131,148,134,138,141,142,134,129,137,110,143,141,128,118,127,142,145,126,127,106,141,146,119,135,136,133,121,115,128,145,137,138,129,122,129,139,138,135,124,133,122,113,128,133,102,127,124,127,142,122,122,134,130,123,119,115,120,138,128,122,120,114,125,118,114,123,128,141,118,111,124,132,111,121,111,111,124,139,124,133,124,140,117,106,124,135,120,126,137,129,140,122,130,113,136,139,107,104,124,143,142,118,134,146,138,132,139,116,118,138,116,123,129,152,120,137,143,136,125,135,142,146,131,128,126,133,131,128,141,142,138,143,141,137,133,131,136,133,126
135,128,132,128,126,127,126,128,128,128,128,124,135,132,125,136,129,127,129,134,126,127,125,129,124,126,126,128,123,129,130,123,121,124,123,121,122,124,123,133,146,129,125,128,129,124,124,139,131,133,125,131,124,126,126,127,129,128,131,123,124,126,129,125,126,128,120,139,128,129,132,127,127,121,126,121,124,147,124,128,151,127,131,133,128,126,128,122,129,129,137,134,130,128,126,131,133,127,127,126,131,128,142,124,128,127,125,124,126,128,131,125,126,123,128,126,126,123,122,125,120,148,151,129,149,128,131,125,130,125,144,126,151,136,126,128,128,133,130,128,127,120,133,125,120,125,134,122,127,129,125,131,131,135,125,118,132,125,125,125,127,126,123,124,126,136,137,131,127,123,131,132,146,139,128,123,134,137,128,130,133,130,129,129,129,135,128,126,128,129,131,131,131,134,130,129,128
102,125,121,140,144,140,146,151,146,142,146,155,128,135,136,113,138,117,111,123,112,123,132,125,127,123,122,113,140,131,122,125,119,120,122,121,112,117,115,119,119,116,138,134,128,115,112,112,132,136,107,121,115,121,113,124,144,135,137,119,111,129,127,123,120,125,114,114,123,137,142,130,140,119,125,122,140,127,116,126,122,123,126,125,148,125,138,116,119,121,121,133,130,119,122,124,124,108,138,123,136,116,112,119,117,122,117,138,118,130,113,120,147,122,139,125,127,131,127,133,131,134,125,117,122,120,148,122,132,118,118,115,119,114,117,116,114,118,131,120,145,124,132,115,118,111,113,110,111,137,126,123,120,155,139,124,131,126,132,130,128,149,144,148,145,116,113,143,140,149,152,136,123,137,128,129,119,118,133,135,139,135,133,132,141,122,135,137,137,134,133,136,129,132,124,129,135
130,110,110,146,136,132,131,134,131,130,127,128,138,139,137,110,122,143,147,149,138,142,149,149,152,148,146,149,131,128,142,149,155,146,141,145,145,138,158,131,126,145,135,130,136,137,148,133,128,141,143,154,138,140,147,147,133,129,143,140,148,147,145,145,158,164,159,132,143,154,148,127,141,146,150,147,152,123,132,139,126,137,143,143,135,124,138,144,140,138,132,125,133,136,134,135,137,128,129,125,142,135,128,149,133,141,156,161,147,156,149,156,134,129,134,151,161,169,161,152,170,133,132,156,137,149,138,122,132,152,129,141,126,129,150,132,137,135,135,141,126,128,138,132,152,130,125,134,135,151,148,142,156,163,130,132,138,140,150,149,152,166,164,156,151,132,133,156,133,142,129,140,132,128,138,154,138,121,138,136,133,136,129,151,136,125,131,131,127,129,129,130,139,134,141,129,141
118,122,122,116,118,119,121,120,120,121,120,121,117,119,117,120,119,120,119,119,118,120,122,118,118,120,121,122,118,116,118,121,120,120,119,115,118,117,119,119,105,120,120,116,119,118,119,110,114,120,117,116,116,117,118,119,119,117,119,118,117,118,116,117,116,117,117,111,118,119,121,119,120,117,118,119,120,109,117,117,106,117,118,118,123,118,121,118,117,117,114,117,115,118,116,116,117,116,120,117,121,117,108,115,117,116,115,118,117,117,117,118,121,118,121,117,118,118,116,117,117,107,106,119,110,118,120,118,119,118,106,118,114,116,116,117,117,117,119,118,120,118,120,116,115,115,116,115,115,116,118,116,118,118,119,116,121,118,118,118,118,117,116,120,117,117,115,120,121,119,122,119,105,116,120,120,119,113,120,120,119,117,120,116,121,120,118,121,119,119,119,118,119,110,117,122,117
127,133,129,122,114,124,128,126,130,125,129,120,119,151,167,136,152,138,126,124,137,125,131,123,122,136,120,125,124,137,135,125,123,126,126,126,119,121,109,119,119,121,127,127,122,120,118,123,116,119,120,126,132,130,138,118,118,119,120,133,124,130,113,115,119,122,127,121,127,113,118,116,126,128,122,124,114,113,131,128,118,130,139,138,143,118,124,130,124,130,127,130,121,122,129,124,134,142,135,115,124,134,117,130,136,135,144,125,128,129,113,126,136,122,124,137,115,127,140,132,134,123,131,134,121,136,135,117,133,140,109,134,123,123,133,131,135,138,135,142,125,125,132,175,158,152,146,149,154,163,154,136,135,137,132,136,128,158,138,130,143,134,140,150,136,126,124,133,141,132,143,140,113,135,135,150,128,112,131,130,133,128,124,126,135,135,139,132,133,131,127,130,128,103,131,122,143
123,132,130,132,134,129,128,129,128,130,130,131,135,128,122,134,129,123,119,118,120,121,128,124,133,124,121,121,125,133,126,120,123,118,126,127,126,128,131,126,130,120,126,130,130,125,125,132,125,135,133,140,127,123,123,136,131,127,131,126,126,126,130,125,134,131,124,133,126,128,127,127,132,131,122,122,130,130,129,124,129,120,116,117,133,127,131,122,123,120,117,125,126,127,123,122,118,121,129,125,132,118,133,126,124,124,127,133,121,129,120,121,134,127,131,135,136,133,131,128,132,132,132,129,131,124,130,129,136,121,133,131,132,131,132,130,128,121,118,132,131,125,136,122,133,119,125,125,128,134,125,126,132,134,132,120,138,125,134,126,126,137,133,134,133,131,132,126,129,127,140,125,130,146,133,121,125,129,128,128,120,130,129,119,134,125,130,132,126,122,118,121,122,126,118,136,120
139,111,109,106,108,118,112,117,117,124,109,108,102,106,125,88,108,104,106,108,103,105,119,100,118,87,97,123,120,96,110,107,110,103,104,112,111,101,98,122,145,102,122,90,117,101,93,140,114,135,100,101,100,97,101,116,141,96,117,105,104,100,107,104,107,91,90,135,115,122,123,91,121,100,108,113,117,154,104,98,152,92,98,101,119,96,111,115,96,89,91,112,100,93,101,94,92,81,117,96,115,101,131,102,100,101,104,122,96,111,96,98,111,89,117,122,112,97,110,117,93,141,141,94,139,90,113,86,121,96,145,109,142,131,83,84,93,94,82,100,116,87,114,116,117,97,101,90,100,116,109,110,101,120,113,98,108,110,117,105,102,113,91,117,122,132,134,97,123,117,125,119,143,140,120,107,112,123,115,116,123,118,142,128,137,127,125,119,114,118,120,124,124,156,141,128,141
126,116,117,101,103,101,100,98,92,93,96,97,124,108,92,121,113,109,103,109,110,104,101,92,105,106,101,100,109,128,116,106,112,114,103,106,108,103,109,114,137,100,110,130,112,110,113,135,114,134,97,103,105,108,100,96,126,127,112,97,107,103,106,110,98,98,101,129,97,98,111,130,112,100,105,109,113,145,105,103,147,102,104,109,112,127,117,102,103,107,107,110,100,96,101,102,100,107,110,133,112,104,137,105,109,107,100,98,102,100,101,91,116,126,111,97,90,87,93,96,89,135,140,101,141,94,114,126,105,100,140,100,150,122,100,101,96,100,106,100,112,125,120,101,94,108,116,107,104,96,104,108,103,100,119,123,116,101,97,104,97,100,106,97,98,119,121,106,108,132,108,104,136,126,116,102,121,134,112,115,120,115,102,119,110,109,121,118,119,120,118,119,115,121,113,119,109
126,109,119,139,132,129,135,137,141,137,138,133,120,116,105,120,96,117,126,135,129,142,106,138,139,134,135,132,104,115,117,108,123,132,139,126,126,134,141,123,126,118,109,119,113,120,122,121,137,139,131,130,141,147,142,118,91,105,115,128,136,133,138,135,130,134,142,123,123,127,112,107,114,126,129,123,130,132,126,133,114,130,136,112,110,102,109,115,128,132,137,110,119,117,118,134,138,124,100,100,113,121,120,141,130,134,130,128,123,117,96,103,105,98,115,112,114,130,143,133,127,126,122,126,114,108,109,104,108,109,121,115,131,123,122,117,103,121,116,109,101,101,116,112,120,123,131,129,124,118,128,88,119,92,97,96,108,113,119,91,109,113,120,96,107,118,121,93,90,96,96,100,120,82,80,110,111,113,119,118,126,87,83,96,89,103,126,112,113,122,116,121,108,105,102,80,100
109,112,132,103,98,101,98,94,91,96,112,100,103,132,83,112,113,134,135,148,137,127,115,123,124,130,144,131,111,115,139,131,129,154,137,130,155,138,131,132,130,162,103,114,130,167,164,144,125,117,149,121,172,160,128,125,107,106,121,148,160,148,137,148,101,111,137,127,137,128,101,98,110,141,149,133,100,137,132,142,132,138,136,158,85,100,101,143,145,145,133,103,129,146,140,145,141,145,94,92,105,155,132,147,161,158,127,96,156,98,122,123,88,105,111,120,130,132,134,140,127,130,146,126,135,125,90,115,108,139,131,146,134,122,128,149,139,161,135,127,103,109,113,146,118,160,152,152,152,131,136,119,128,124,106,109,116,130,119,118,119,117,131,111,122,124,126,134,116,104,113,118,112,116,106,90,113,112,112,107,113,135,104,117,105,132,118,115,110,100,97,106,106,111,114,119,105
138,122,122,105,106,141,127,124,133,138,147,143,165,150,140,122,143,143,147,147,145,139,155,152,143,144,148,155,134,110,142,136,151,144,142,138,136,144,150,148,160,150,133,104,144,133,138,143,141,159,135,152,134,137,151,155,142,102,146,133,139,133,130,131,148,147,134,139,143,176,144,111,147,143,146,139,146,161,124,125,156,133,135,135,141,111,140,130,132,133,135,159,141,140,135,141,140,142,135,103,134,137,143,137,129,143,123,146,135,132,133,140,126,102,137,135,152,136,134,137,135,144,160,156,146,141,128,94,130,150,150,130,145,135,136,132,149,144,156,149,126,97,132,143,151,143,146,144,139,134,140,138,154,142,118,102,126,137,141,146,139,138,130,141,133,135,139,154,136,117,146,130,141,131,127,135,133,142,142,129,130,171,152,112,156,156,149,135,126,126,123,114,106,103,106,155,123
115,134,121,144,141,136,139,138,130,126,127,137,143,119,134,140,134,124,122,124,122,118,122,119,122,125,106,107,142,127,127,125,119,119,106,114,115,119,112,118,108,107,137,125,132,108,116,123,118,129,120,130,110,119,102,115,135,116,135,114,106,115,126,116,125,121,117,132,117,108,136,125,137,104,102,116,143,138,115,115,114,108,110,117,138,128,132,132,125,119,129,119,121,101,113,119,103,103,134,130,130,110,119,101,105,111,125,123,111,121,105,94,138,134,131,117,106,120,105,108,142,137,118,118,113,98,132,133,126,104,121,123,117,125,108,100,98,109,102,97,136,137,132,111,106,104,98,109,101,109,106,126,102,128,133,140,133,111,114,113,114,122,131,130,136,123,117,119,134,154,145,120,132,112,117,127,125,133,134,140,144,129,128,148,137,131,133,145,141,143,137,133,132,123,127,126,132
113,101,109,115,121,119,118,115,117,117,118,119,118,105,106,105,106,100,96,96,96,97,106,98,102,110,107,96,130,101,126,102,91,101,92,115,107,105,111,93,112,106,121,92,126,98,116,120,98,115,111,106,108,114,124,112,106,96,116,108,113,116,123,123,104,115,128,127,106,106,126,91,126,107,110,112,118,120,112,119,116,104,114,117,136,86,123,126,115,118,128,103,107,104,101,108,109,117,126,94,123,102,112,105,102,115,121,100,96,98,104,121,132,104,126,96,97,107,109,98,115,118,104,87,115,112,119,107,119,104,117,112,116,125,101,107,92,103,101,114,115,111,134,114,127,107,105,123,126,107,105,101,110,105,136,110,131,102,109,96,106,109,113,105,107,128,125,120,127,100,113,116,124,105,108,101,121,132,137,133,116,107,100,123,96,87,132,126,118,120,106,108,117,112,107,108,127
100,108,118,100,114,124,121,129,123,125,119,102,114,123,108,116,133,135,142,141,138,121,124,139,130,119,141,133,103,107,134,138,141,139,132,139,146,152,154,132,111,147,104,102,122,131,160,115,141,146,135,125,131,141,148,137,98,100,137,140,150,142,131,136,137,138,144,112,146,121,117,106,140,142,162,134,111,106,132,137,131,131,144,141,107,109,130,151,152,140,145,137,132,141,140,134,134,149,113,101,132,145,125,147,135,141,149,121,138,132,151,154,111,106,118,139,135,122,112,116,132,116,112,149,105,149,114,102,123,148,124,123,109,121,132,144,148,138,148,156,110,100,124,133,128,134,135,145,144,97,129,138,137,104,88,102,128,138,142,114,136,131,131,100,127,119,117,129,131,112,124,145,117,116,138,143,129,112,131,124,130,143,136,128,126,125,123,117,120,125,116,119,125,109,120,140,138
138,116,128,145,131,109,115,118,117,105,104,117,112,117,113,137,122,133,130,133,104,121,118,120,121,124,124,133,126,130,118,130,132,132,111,113,121,109,115,122,132,136,134,137,119,135,125,137,113,106,117,108,100,112,104,102,116,138,111,121,107,118,116,106,100,111,96,122,100,112,107,135,94,127,112,122,89,119,118,116,120,119,127,125,109,133,108,124,134,131,118,107,118,122,115,123,133,122,122,130,107,128,137,111,127,111,96,90,101,96,109,94,113,130,109,112,111,102,111,111,106,119,100,92,126,122,124,133,116,116,125,102,124,127,119,126,114,118,105,113,116,138,119,125,109,124,133,107,105,96,92,93,74,122,107,136,121,105,111,102,100,119,110,102,94,129,130,118,119,113,111,100,128,113,88,96,91,110,102,105,110,116,113,131,128,139,113,113,123,126,122,123,124,124,123,111,124
129,119,124,125,136,138,144,141,136,135,137,137,141,126,122,122,117,126,127,138,154,142,129,136,141,122,132,132,103,121,104,129,136,145,136,142,133,122,129,143,137,122,103,116,119,116,133,134,136,133,144,144,140,139,142,124,108,113,102,125,126,156,140,139,122,124,142,130,142,136,107,119,104,127,128,130,116,133,129,134,129,141,146,122,104,112,104,142,144,137,151,162,145,129,132,135,144,131,94,114,100,126,139,123,130,139,114,125,133,120,128,125,96,114,107,117,124,120,132,131,132,130,135,122,141,126,94,115,100,109,133,135,137,133,112,123,137,137,140,125,104,122,101,135,137,138,140,143,127,129,126,120,118,107,126,126,104,115,115,136,132,116,108,136,132,132,137,115,116,118,121,117,125,135,131,126,144,154,119,129,137,138,137,116,128,117,133,130,127,134,123,112,104,110,116,152,127
122,106,123,119,122,126,131,126,123,126,125,118,140,120,117,110,114,110,112,122,140,118,138,122,108,118,113,110,110,106,108,117,114,117,125,118,120,119,114,133,129,109,113,100,115,127,126,136,125,152,125,116,130,124,115,104,123,105,117,129,123,125,121,122,122,105,127,130,120,100,121,100,122,123,111,129,130,142,133,124,139,127,130,118,124,96,115,130,137,132,137,131,133,126,130,130,128,125,114,89,113,123,136,129,136,130,128,122,127,123,121,109,113,91,117,120,119,133,130,129,126,135,133,110,140,115,115,92,110,114,128,127,142,125,126,128,127,117,111,108,111,97,108,119,124,122,131,140,130,126,125,127,105,111,110,91,103,116,115,134,125,123,126,133,120,124,126,102,110,93,103,124,124,132,137,125,155,138,130,131,129,91,108,101,112,116,121,126,131,133,127,125,113,112,116,103,106
121,101,107,104,105,105,111,111,110,104,108,108,109,96,104,114,94,105,101,98,96,107,104,114,110,109,111,114,108,109,107,128,125,118,114,118,113,128,116,119,126,110,110,102,111,107,118,125,114,121,119,135,114,106,118,115,120,104,109,112,119,115,117,113,131,133,121,127,112,112,114,108,107,125,128,128,128,122,111,112,124,115,114,104,111,109,112,107,104,110,100,104,108,105,105,107,109,110,109,111,107,102,127,115,114,108,123,129,109,121,102,112,114,107,106,117,109,134,139,128,131,138,128,124,121,112,108,107,113,116,125,112,116,129,126,115,108,109,108,109,103,111,102,120,123,118,109,119,121,121,115,107,127,136,104,117,104,111,124,111,119,150,148,131,132,131,130,94,102,108,97,113,127,139,122,120,114,125,111,112,114,100,92,116,84,93,110,102,109,108,114,117,120,133,118,92,115
112,115,110,152,146,124,129,134,132,121,123,133,126,109,134,106,98,109,108,105,111,106,127,120,106,111,111,110,133,129,100,120,118,114,109,103,106,110,113,117,117,111,131,134,109,111,114,131,116,124,117,117,109,107,112,115,142,134,116,121,117,123,127,119,123,115,106,125,116,119,133,129,115,121,119,116,129,120,122,124,123,116,120,115,130,131,116,121,117,117,121,106,117,119,107,114,108,98,124,129,118,114,124,113,112,113,106,128,119,123,120,123,128,129,121,107,118,119,121,128,126,132,128,121,126,106,129,124,121,113,120,117,128,126,109,101,108,104,111,108,125,128,108,96,111,91,90,107,104,120,113,121,121,133,130,134,110,110,109,127,120,113,117,129,115,128,126,111,119,147,122,114,126,132,135,128,136,127,113,124,138,122,135,132,121,124,125,120,127,136,140,145,151,140,138,136,130
100,104,86,123,112,106,101,100,101,97,100,106,100,117,134,110,119,106,118,117,115,120,115,137,115,115,117,122,112,107,110,129,132,128,137,132,132,134,117,119,114,118,116,110,114,117,125,121,124,133,112,124,136,131,125,128,119,118,119,124,132,129,132,129,131,138,137,122,118,134,121,116,122,130,128,117,126,119,129,138,110,145,142,127,115,114,117,134,137,134,130,134,129,136,131,140,142,137,113,127,113,130,127,130,136,140,131,122,134,121,130,135,114,116,114,125,144,136,150,142,132,108,130,136,110,130,127,118,131,137,117,145,133,126,125,124,138,148,142,136,126,109,112,143,147,141,130,127,128,122,128,135,136,145,143,111,119,127,122,127,139,118,127,129,124,125,124,149,125,125,128,120,114,118,126,124,117,131,117,107,103,148,126,141,118,134,126,109,113,119,117,114,114,115,122,130,128
113,133,131,132,131,128,131,131,132,132,130,134,129,126,129,134,128,120,113,115,114,114,113,111,113,117,117,116,128,137,126,115,110,112,113,118,113,114,114,117,118,114,128,134,130,111,113,122,117,118,113,118,115,113,116,114,130,133,129,110,112,109,119,116,118,113,114,121,115,113,125,133,127,113,113,112,117,118,117,116,120,116,114,116,125,132,129,114,116,114,118,123,117,117,117,117,116,114,127,131,130,113,118,110,113,110,116,120,112,113,110,115,126,133,130,116,114,111,115,113,115,120,120,110,121,112,124,133,125,111,120,114,117,122,115,116,115,111,113,113,127,133,130,114,116,115,111,114,115,114,114,109,107,116,125,132,133,109,110,112,107,114,114,115,113,123,122,117,129,133,130,117,119,127,119,113,117,125,130,131,130,121,125,130,127,128,130,131,130,129,128,126,127,123,127,123,126
128,123,127,120,121,117,117,119,120,120,120,118,116,115,117,126,117,111,117,117,113,112,116,119,119,117,115,122,127,125,112,122,122,120,124,121,122,119,123,112,112,120,122,123,113,124,119,113,117,102,124,116,122,119,119,119,116,122,116,123,119,123,121,127,117,117,119,116,116,109,119,123,115,124,121,110,109,110,122,123,111,118,121,109,118,121,116,117,118,119,120,113,114,118,122,117,124,128,120,119,114,116,114,119,121,123,120,107,117,119,116,110,119,120,115,114,117,117,110,110,110,108,107,120,111,120,121,121,115,117,114,106,101,115,109,119,120,124,121,114,121,125,113,118,112,120,120,117,117,114,116,112,122,114,120,121,115,111,120,111,117,116,115,117,110,115,115,118,120,121,121,117,110,113,115,114,110,107,113,118,123,121,118,121,117,118,111,115,120,120,123,125,121,113,122,119,116
119,116,117,101,114,119,119,120,121,117,115,118,112,112,105,111,110,110,114,111,117,109,118,119,118,114,116,117,108,115,111,120,121,114,122,130,118,124,127,121,105,116,112,113,112,120,123,114,129,120,128,125,121,121,125,118,111,115,115,125,124,128,123,121,122,125,130,114,123,119,114,110,110,132,129,131,119,100,129,127,102,127,126,122,119,115,107,126,127,124,128,116,126,125,127,127,124,126,113,117,110,128,111,125,124,128,129,122,127,122,124,117,119,121,115,125,124,123,126,124,118,109,103,126,97,124,115,116,116,121,109,125,104,116,126,123,121,124,125,127,117,120,119,125,128,125,122,128,130,121,121,118,124,119,115,120,121,120,124,123,122,119,118,116,113,115,113,115,117,108,118,113,108,105,108,122,121,113,123,117,117,127,119,101,110,124,123,120,110,107,103,100,100,100,103,121,106
121,118,117,115,118,123,125,116,114,115,112,118,116,122,102,124,117,118,107,112,121,111,120,118,123,102,117,112,122,120,107,92,106,104,115,120,112,110,113,110,137,104,118,128,109,113,108,133,125,122,108,102,114,110,102,111,128,128,116,115,109,119,100,115,111,115,115,125,105,120,117,123,113,125,120,100,100,123,117,116,126,120,115,113,125,111,115,108,115,112,96,132,108,112,105,112,107,110,123,112,115,106,130,106,113,114,102,98,112,115,116,100,121,114,112,119,123,108,105,105,87,116,128,107,129,105,128,115,106,110,131,103,121,117,98,106,120,114,105,104,134,112,115,111,96,119,113,101,102,105,111,100,84,102,119,108,129,90,102,120,100,104,102,102,94,122,126,107,111,119,123,102,122,126,119,105,108,110,107,116,119,120,104,126,125,125,107,116,123,123,134,123,123,134,122,124,123
132,114,120,78,91,114,112,105,113,111,113,114,141,116,111,116,114,108,104,107,98,103,105,94,100,88,96,100,116,100,112,108,106,100,97,102,106,110,105,92,148,102,115,107,111,115,117,142,110,120,108,108,108,100,96,101,112,106,110,111,110,100,110,113,98,106,101,144,101,94,98,106,101,105,109,100,102,147,109,105,156,106,97,110,106,101,110,104,108,107,107,117,113,102,111,109,109,108,108,103,111,107,149,104,107,111,103,100,105,100,96,102,102,107,106,97,100,97,106,109,109,152,152,103,149,105,90,106,105,96,151,103,148,142,100,104,96,96,102,103,93,103,106,110,105,108,107,112,108,105,103,102,96,108,115,97,107,90,96,93,91,109,114,103,108,141,144,105,97,98,107,90,154,124,107,96,115,142,114,103,93,115,116,102,119,112,116,110,100,96,91,90,88,107,96,118,98
136,128,139,126,133,156,151,152,161,154,163,152,140,152,121,129,152,152,145,149,146,156,152,148,125,142,140,144,148,148,166,137,139,140,145,136,141,146,134,140,118,129,147,143,179,130,132,119,142,125,134,152,131,148,146,143,150,143,162,137,132,129,139,140,151,139,133,123,140,138,156,150,152,131,121,137,140,119,139,133,126,132,124,136,152,150,161,131,130,126,150,150,141,141,125,135,128,127,145,148,152,126,113,133,139,133,136,148,141,151,140,124,150,142,154,144,137,146,147,135,143,121,117,135,110,123,143,138,150,146,116,143,114,122,147,146,135,130,146,138,144,146,146,139,152,124,135,139,148,150,129,140,150,154,142,141,140,162,158,136,152,135,147,156,142,120,120,151,129,131,156,163,117,103,136,138,130,119,132,131,124,148,126,130,143,164,138,140,136,137,134,132,133,147,143,130,128
139,118,109,137,117,108,105,106,102,111,101,104,125,103,120,106,107,118,121,124,127,125,134,138,143,124,131,120,110,112,97,140,130,120,140,140,132,140,126,105,143,118,104,105,92,137,134,140,109,113,141,122,138,130,115,123,112,103,91,121,127,115,125,148,146,124,140,135,115,133,102,100,90,116,120,116,121,135,131,135,152,124,108,97,102,98,93,112,140,134,117,113,124,135,144,133,128,132,108,96,100,121,145,122,124,136,122,132,128,123,113,124,104,93,100,107,122,117,121,111,116,138,130,107,127,112,107,97,104,102,137,110,137,139,120,130,135,131,101,108,102,102,97,117,134,136,117,130,128,115,133,93,101,122,113,96,94,109,118,106,107,126,127,112,100,138,141,91,105,105,93,88,142,108,98,100,100,105,100,103,114,96,117,122,106,102,96,108,120,122,123,126,129,147,128,122,125
135,102,111,146,140,134,142,140,144,134,144,143,136,136,129,127,116,133,134,141,129,131,139,134,122,124,126,128,141,139,139,128,125,124,129,123,122,127,116,131,138,129,142,136,142,128,124,124,143,144,124,137,118,130,120,114,135,134,138,129,119,124,131,127,124,127,110,128,126,120,132,138,135,120,118,125,115,140,115,120,138,117,130,115,144,138,134,114,119,116,119,117,123,111,125,124,133,125,140,137,137,122,139,135,125,120,113,128,126,129,129,122,139,135,142,125,137,133,125,136,121,137,138,128,152,121,139,135,136,120,133,129,144,126,131,129,128,124,134,131,137,136,131,110,128,125,139,130,134,147,136,137,141,129,130,146,129,136,145,143,139,143,147,139,136,128,128,126,138,141,128,129,140,149,144,138,148,145,128,138,139,119,126,140,128,132,116,128,135,128,131,128,121,126,125,117,125
98,136,131,146,151,154,142,144,136,137,141,146,128,128,147,139,133,135,138,138,145,146,143,131,127,143,145,120,129,136,121,112,125,128,127,136,134,123,132,139,118,124,127,131,124,119,125,120,143,118,127,119,131,131,123,109,142,124,125,109,116,121,117,129,111,106,109,116,120,101,134,126,134,100,106,111,111,117,135,125,109,124,122,129,137,125,126,125,137,135,143,145,146,132,130,134,141,132,128,119,125,129,122,131,129,128,126,139,139,127,132,105,131,124,128,122,137,121,110,119,111,113,111,105,121,131,137,127,129,118,116,137,109,119,132,129,129,131,143,125,142,127,126,131,137,131,139,134,120,139,130,135,108,117,142,128,138,126,125,141,130,110,113,139,114,118,116,136,137,155,152,126,112,113,121,129,128,121,137,144,151,134,136,156,139,140,139,136,143,152,152,159,152,140,152,134,140
146,110,109,115,113,119,116,116,116,113,116,111,115,118,110,111,116,118,125,120,122,123,117,122,126,127,126,128,106,108,114,128,131,129,125,129,125,123,129,119,127,123,112,114,114,124,129,131,117,123,128,124,128,124,125,122,113,114,116,124,123,124,125,126,133,128,128,129,128,126,111,113,115,125,127,124,121,129,127,125,124,128,123,121,107,112,116,125,125,123,124,123,125,122,124,122,122,125,109,114,118,124,128,132,126,125,129,132,124,125,128,128,110,111,115,124,126,123,122,122,128,122,121,122,124,127,111,112,118,124,127,125,122,130,131,128,128,122,122,122,108,111,117,122,127,124,120,129,124,121,121,117,124,121,106,112,113,121,118,119,122,124,129,121,122,131,129,117,110,111,113,118,130,112,119,124,119,118,113,111,110,113,108,113,110,112,115,111,112,113,113,115,118,118,115,113,110
129,135,131,134,133,129,130,128,123,131,128,128,132,122,132,134,130,147,136,144,142,140,131,133,145,136,138,143,137,129,142,144,141,136,134,141,139,140,138,135,133,132,135,130,140,134,145,133,139,147,138,138,138,141,139,139,135,125,142,133,133,138,141,135,136,142,141,132,134,146,132,125,135,142,138,144,127,130,132,135,134,130,129,132,132,122,131,130,135,130,136,136,138,136,129,134,136,134,131,126,133,135,132,136,135,135,139,143,134,137,141,138,130,126,132,142,137,138,141,136,144,145,132,137,141,140,127,127,131,143,133,134,133,130,139,142,142,135,144,137,132,127,131,145,141,141,142,139,143,139,145,142,142,141,137,124,124,132,141,129,141,148,149,144,147,128,129,126,129,127,130,131,137,140,135,138,135,137,121,126,135,139,136,128,136,140,130,132,133,131,131,132,124,129,125,138,134
134,120,123,115,123,122,131,131,126,127,123,132,116,129,139,137,127,113,107,110,118,111,107,106,107,100,105,107,139,131,110,92,101,104,110,112,116,119,108,98,120,107,129,122,115,108,111,120,124,119,108,106,108,115,102,96,119,121,117,103,115,106,109,115,113,105,118,124,114,105,109,117,121,94,118,123,114,114,108,112,121,121,114,111,116,105,121,97,101,117,125,114,123,104,120,118,120,111,121,113,121,109,127,108,115,115,116,112,118,112,110,111,119,110,118,93,106,109,128,114,118,121,119,117,114,105,119,116,125,106,122,123,130,127,124,130,125,122,126,119,123,106,122,124,120,125,126,122,125,125,127,134,129,125,132,106,127,126,123,125,135,132,130,133,143,127,124,143,142,116,130,137,125,146,145,138,128,136,138,137,138,134,141,130,129,130,121,132,133,134,133,130,125,124,130,137,138
117,130,122,123,121,112,112,124,123,124,119,114,118,112,104,128,113,113,120,115,108,119,113,108,122,126,118,111,98,124,121,119,126,117,113,115,120,108,119,122,117,116,98,116,122,121,123,124,92,108,120,109,123,121,123,118,114,115,118,119,124,123,126,121,114,114,129,123,117,110,116,116,119,114,114,115,116,112,127,120,116,112,124,126,113,116,118,124,132,129,120,108,113,127,127,125,125,126,112,119,114,125,124,124,124,126,124,122,128,128,127,126,117,112,117,122,124,121,123,123,136,116,112,121,116,125,121,112,118,116,114,132,115,127,121,121,126,120,123,122,108,111,125,124,123,124,115,115,115,122,120,133,126,122,122,117,129,120,130,128,123,127,127,122,125,129,127,128,127,124,132,125,124,109,115,126,128,109,118,118,123,120,126,120,124,126,111,120,129,129,129,130,124,114,120,119,120
132,139,140,137,140,134,137,137,136,137,139,138,144,132,143,137,136,133,138,132,133,131,130,121,125,131,125,128,136,134,129,131,130,130,130,133,129,127,128,124,150,128,135,141,135,128,132,152,123,130,129,129,129,131,135,132,138,138,136,127,131,133,128,128,130,128,131,152,125,128,132,142,133,129,131,125,128,150,131,127,152,130,135,130,132,140,131,129,132,128,130,132,133,126,126,126,128,126,133,140,131,131,152,128,131,128,134,129,131,130,127,131,133,136,130,131,136,130,129,125,134,152,152,132,152,133,137,139,131,135,155,126,152,147,130,131,138,133,130,133,137,137,127,127,129,133,136,128,132,131,132,137,134,137,142,138,129,132,135,135,131,130,129,135,129,149,152,127,134,137,133,135,163,133,129,128,135,146,140,137,137,132,138,137,135,133,134,135,133,134,134,133,134,143,132,135,139
117,121,118,109,113,133,129,130,132,145,135,126,123,152,140,118,155,156,148,151,154,152,148,135,143,147,152,140,140,102,146,131,135,158,146,144,146,145,155,165,130,146,141,96,142,162,156,122,152,134,154,146,158,152,165,131,127,96,152,147,158,163,148,152,136,138,156,125,142,128,127,100,142,147,148,155,126,119,144,147,135,148,164,164,143,102,141,146,145,150,151,145,159,155,156,162,168,149,143,103,147,156,131,159,156,152,160,152,154,115,163,133,132,111,143,142,141,131,126,127,138,147,132,130,140,150,125,108,151,149,129,152,137,121,148,160,154,152,178,154,138,105,143,147,129,145,162,152,152,162,147,146,125,127,145,109,139,137,130,149,141,122,146,130,126,120,115,135,125,124,135,133,123,135,141,144,156,130,140,130,118,128,128,125,143,146,156,130,117,113,122,123,135,133,132,137,141
126,111,145,124,130,136,131,125,131,129,115,118,112,134,114,107,112,151,143,135,146,144,129,134,144,142,152,147,120,110,135,152,137,131,136,135,130,128,133,121,126,140,118,119,128,133,131,118,124,127,123,120,127,128,129,147,121,118,122,139,145,124,120,126,109,113,135,124,139,142,133,119,123,124,131,117,109,117,117,123,116,132,136,139,126,116,126,125,115,118,120,123,118,130,119,125,117,123,125,113,125,132,124,142,125,131,134,128,134,142,140,147,126,118,127,144,149,130,121,128,138,114,119,129,118,135,126,114,130,152,125,130,122,118,120,125,123,124,118,122,122,116,127,120,104,114,114,115,118,116,123,141,143,140,115,121,130,146,131,126,141,137,139,126,128,123,124,168,140,125,121,146,127,110,118,124,121,129,122,120,118,116,121,136,109,124,113,122,123,123,130,123,132,131,144,109,129
118,126,127,124,127,132,131,129,130,130,131,127,123,126,121,123,127,128,128,125,126,122,134,123,119,124,121,118,124,129,126,116,115,118,116,118,113,113,125,126,126,119,126,129,127,117,118,118,127,127,113,115,118,117,122,115,131,127,126,116,117,119,117,118,118,122,115,117,122,122,134,129,125,122,117,123,124,125,117,116,126,114,123,125,132,127,127,120,120,119,123,124,116,120,121,122,125,119,130,125,128,121,121,124,121,117,111,122,119,126,129,124,131,123,127,126,123,125,122,130,123,127,127,131,130,123,132,122,128,125,123,126,124,113,119,116,123,123,131,124,131,123,127,120,122,122,125,122,117,127,123,128,123,126,123,126,123,123,126,128,118,121,121,123,124,112,115,123,129,122,125,130,126,122,125,125,124,118,128,129,130,127,132,120,133,126,127,129,130,131,130,132,130,132,128,133,127
135,121,112,122,126,136,132,125,135,139,133,131,147,134,139,111,147,121,130,134,139,139,152,147,140,127,150,145,126,112,135,143,140,136,136,143,144,132,132,135,121,134,126,112,140,135,123,118,142,131,144,137,128,138,143,148,128,111,139,138,133,138,119,126,136,151,133,122,143,152,141,107,138,132,133,145,114,107,139,132,114,142,119,120,124,107,130,126,120,121,124,139,133,139,130,126,122,119,128,112,129,124,114,132,127,126,136,144,134,148,145,129,135,118,128,143,143,148,160,154,127,110,125,148,120,131,117,109,120,131,112,133,112,122,137,135,146,129,128,136,117,118,121,108,133,130,115,132,140,154,151,160,137,139,128,127,118,156,155,164,148,144,148,152,146,127,125,137,120,145,132,144,116,144,148,158,122,141,141,138,142,144,128,154,127,144,132,128,129,126,129,130,122,121,125,141,128
151,137,143,143,147,138,151,152,148,142,139,151,160,131,161,146,133,131,114,114,117,113,125,129,112,108,118,126,146,162,127,140,142,107,124,114,122,139,116,133,139,125,156,167,138,135,134,142,141,141,143,144,127,125,123,139,146,169,140,130,130,110,122,133,120,107,125,132,122,140,132,165,127,130,124,110,119,138,127,123,137,118,112,116,147,162,136,115,110,117,134,132,126,129,123,124,120,121,150,167,141,118,140,121,131,116,111,113,125,100,131,117,146,162,136,118,121,114,122,119,114,141,124,114,129,110,148,160,131,129,135,129,135,131,113,127,120,113,112,113,150,156,134,111,117,117,119,118,118,120,115,105,125,126,155,158,141,114,120,115,108,134,137,131,114,130,132,124,142,134,152,148,144,125,129,112,132,136,126,135,134,148,140,123,146,155,133,146,136,147,138,139,139,158,129,154,122
89,106,108,131,124,111,122,130,126,122,122,132,130,104,114,122,103,116,115,104,111,122,116,128,122,127,125,127,116,124,120,136,136,123,115,135,132,138,132,107,105,130,113,122,119,146,147,123,132,112,137,124,134,116,109,137,117,121,116,143,138,120,127,144,111,112,131,114,97,115,111,128,113,126,135,120,108,114,139,139,104,131,117,111,112,123,117,140,141,138,132,115,134,129,136,131,126,140,116,124,122,138,121,122,120,130,133,115,124,121,113,142,113,121,119,120,117,111,115,103,114,105,102,103,102,134,119,123,107,120,114,105,103,122,126,134,131,122,100,136,121,132,119,136,139,121,122,133,146,128,138,112,116,106,121,128,128,129,133,119,124,119,118,109,124,120,121,114,115,129,117,122,114,106,115,114,113,118,118,113,121,125,105,129,118,103,111,124,126,132,131,127,124,111,121,111,122
137,79,98,115,107,92,96,93,91,86,93,90,87,100,96,100,92,123,122,102,125,128,100,117,146,136,135,140,105,115,106,137,143,138,143,144,149,152,151,112,132,143,102,120,102,136,145,126,116,107,123,103,136,133,147,137,110,112,103,134,148,131,121,146,140,115,151,129,138,133,111,122,104,136,147,128,114,124,133,126,135,134,133,119,100,118,107,135,133,123,109,128,127,129,132,125,123,130,100,126,104,125,123,114,119,141,135,100,135,127,115,137,93,125,102,120,139,114,126,126,128,123,134,133,117,145,113,117,92,140,130,119,111,125,124,129,132,140,137,141,101,118,113,122,133,140,128,130,134,108,138,113,142,137,110,115,112,119,122,117,129,115,118,110,130,124,126,116,96,110,104,113,120,96,103,115,100,100,111,112,109,109,89,123,100,91,106,110,115,121,130,128,125,122,121,82,120
140,147,151,140,148,152,139,142,139,145,140,135,124,139,139,122,135,137,122,120,133,136,143,133,139,134,131,130,137,130,128,116,131,128,113,128,122,119,120,131,133,114,128,131,120,117,106,137,141,131,126,132,124,119,116,132,122,143,119,128,118,119,125,122,131,122,121,139,123,130,126,137,127,117,122,116,127,114,126,124,130,121,137,104,117,134,125,115,117,120,124,136,121,121,115,115,107,121,122,136,123,114,134,126,129,121,119,126,106,135,116,132,130,144,135,125,122,122,133,141,130,123,129,126,121,111,130,141,122,130,136,132,137,132,123,117,122,123,114,127,128,152,131,121,127,119,127,125,123,128,120,106,145,148,125,156,138,130,133,110,118,127,123,131,131,132,134,117,136,137,141,129,130,116,130,121,132,130,141,144,152,130,146,161,152,132,137,137,148,156,164,155,164,162,165,137,161
141,116,118,125,112,108,115,113,110,116,111,114,126,134,129,121,125,116,110,111,110,111,109,108,125,124,124,129,131,120,119,116,120,119,120,123,126,124,127,120,134,126,129,116,116,119,120,135,102,119,116,118,112,124,129,130,129,118,115,118,112,120,119,110,120,117,121,143,119,124,118,114,120,122,122,110,102,132,115,117,134,122,121,117,113,108,115,126,119,112,113,100,109,102,124,120,130,122,123,115,120,121,142,113,110,112,116,109,116,126,115,119,119,118,116,110,104,115,115,111,107,137,132,120,125,123,109,124,122,110,136,109,129,141,106,112,110,115,116,127,120,119,119,120,104,109,111,103,115,115,114,127,120,114,110,122,119,113,114,109,114,120,113,113,127,139,141,127,119,120,110,119,143,131,128,126,131,155,129,125,123,129,131,105,114,112,126,124,123,119,110,111,104,113,109,135,111
122,103,103,117,118,115,119,121,117,115,113,118,121,109,115,108,102,108,108,109,114,117,116,123,118,116,115,116,115,120,102,110,113,117,113,115,112,114,120,133,122,115,115,115,108,100,109,118,124,121,109,110,113,117,111,113,120,112,115,111,115,122,118,112,113,110,110,118,121,117,121,112,117,112,117,122,116,128,117,114,124,113,124,116,116,113,112,109,116,117,123,126,124,114,110,111,115,115,115,113,118,107,117,114,118,113,110,120,112,110,115,117,121,114,117,110,121,110,111,118,114,129,126,110,122,113,120,110,111,116,122,116,123,119,115,116,116,119,114,105,120,104,113,114,114,110,107,111,105,108,106,122,115,104,114,108,114,113,110,115,119,108,107,111,107,119,118,98,110,119,108,110,118,120,125,117,116,116,117,125,119,106,112,106,114,106,111,120,123,120,110,112,111,117,111,123,108
118,113,127,126,124,130,133,126,126,126,137,131,123,124,132,108,122,131,125,118,121,114,135,117,120,116,123,119,111,108,121,114,130,117,114,106,116,113,111,138,117,110,108,113,127,113,114,128,119,136,106,118,119,107,104,130,115,116,120,115,117,114,113,110,134,125,121,121,134,143,123,115,129,116,123,134,138,125,123,113,129,112,119,149,116,111,125,114,123,120,133,160,122,133,127,131,144,123,120,111,125,128,125,122,124,114,116,132,127,118,140,124,119,115,125,120,128,124,109,134,121,115,120,120,125,113,118,118,121,113,128,141,131,126,116,111,125,121,136,105,124,120,118,120,119,122,127,98,92,115,111,147,113,124,125,115,106,108,120,150,108,114,111,126,117,128,125,140,120,121,128,132,117,141,144,125,145,144,135,137,140,134,119,121,137,139,130,128,129,131,131,132,128,134,121,142,114
101,125,132,100,100,127,123,121,121,120,121,122,133,120,115,120,142,137,131,131,139,127,141,133,124,142,128,116,101,105,122,124,124,126,128,124,128,122,146,154,118,114,103,111,114,117,123,111,118,135,134,150,138,136,144,109,93,118,120,113,123,128,125,135,135,117,128,121,129,107,106,117,117,115,118,113,124,130,132,126,126,121,118,121,100,114,118,132,137,127,137,127,140,121,125,137,146,132,108,113,116,125,116,130,132,131,144,154,136,142,145,115,104,112,111,123,127,128,132,125,144,128,121,138,123,140,104,106,124,136,119,150,122,119,154,142,144,145,156,123,109,105,118,142,138,143,149,142,125,124,133,148,133,118,97,114,121,135,137,147,140,126,138,133,136,116,117,150,115,111,121,140,118,113,135,158,151,141,136,117,104,134,116,97,118,143,147,123,110,105,103,103,98,97,100,123,92
129,115,121,109,107,117,123,113,117,115,119,121,125,134,127,125,131,126,113,119,124,130,117,110,116,120,124,122,137,118,132,128,116,118,104,115,115,111,108,119,128,110,134,121,134,109,116,124,126,138,115,133,114,117,106,127,127,123,135,109,109,109,107,113,112,118,106,121,120,133,125,127,132,103,109,125,124,132,108,110,128,110,106,127,133,126,131,116,113,111,119,125,120,117,110,110,112,116,129,124,131,106,125,117,115,111,121,126,112,111,115,116,125,127,127,116,113,109,115,119,115,131,130,102,133,115,123,127,136,103,124,113,140,123,108,111,110,109,115,112,121,127,126,114,126,118,121,114,120,116,119,132,116,114,117,119,118,122,115,127,129,128,126,121,117,124,124,123,107,118,126,122,126,139,137,120,126,141,124,121,117,121,121,125,130,115,119,118,117,111,112,111,114,120,122,128,122
150,101,105,100,110,104,109,102,105,109,103,110,122,105,112,114,102,103,90,98,93,91,89,85,100,83,98,97,100,119,105,102,100,91,90,96,97,92,89,77,120,90,90,117,101,96,105,125,113,111,100,104,103,100,102,108,118,119,102,115,105,105,103,109,102,107,102,126,100,106,94,122,109,94,94,100,101,118,105,104,108,101,100,104,106,120,107,101,110,101,97,110,97,104,109,108,107,108,100,125,108,106,125,94,101,103,113,84,101,101,85,94,97,122,110,115,96,96,103,107,106,113,127,86,98,91,91,116,104,101,132,100,106,120,89,96,96,98,103,101,108,121,117,108,115,119,123,111,106,101,112,98,97,123,105,126,118,115,105,100,104,124,130,103,116,121,124,103,104,114,110,108,127,115,100,110,110,115,114,113,112,124,115,123,119,111,117,118,110,117,124,124,130,130,130,116,124
121,140,133,126,138,149,134,139,136,144,136,126,125,127,139,133,139,138,132,139,140,141,136,152,140,136,148,149,135,117,123,122,125,144,139,156,147,152,145,147,119,142,132,123,116,130,128,110,158,132,152,155,139,151,145,137,112,119,123,138,149,154,158,156,137,149,141,116,143,147,127,125,123,147,144,156,129,108,159,156,113,145,146,131,136,131,119,131,145,145,149,148,168,148,139,148,139,145,136,129,126,145,110,149,146,155,156,156,152,163,156,146,134,145,124,142,165,158,145,146,137,121,108,164,111,147,136,145,125,169,123,160,119,121,154,154,147,144,136,141,130,129,127,139,140,139,139,148,154,160,155,142,135,147,126,120,139,146,144,147,163,146,156,154,149,119,115,149,138,120,129,152,121,132,146,159,147,145,147,138,125,108,116,113,138,136,151,148,145,140,124,128,118,100,113,116,114
159,137,134,138,127,132,135,141,139,136,139,139,149,152,128,140,132,151,130,127,137,130,122,110,116,138,136,126,154,124,129,154,140,121,113,118,118,119,115,135,130,131,145,132,130,132,128,141,129,117,135,121,127,120,118,132,125,116,131,121,118,110,108,127,101,100,109,129,122,109,126,119,137,105,104,114,101,129,106,109,130,96,97,137,126,120,130,136,118,112,134,126,125,111,120,110,118,129,140,125,133,126,138,112,115,116,107,118,112,103,110,117,127,132,133,127,111,104,113,91,108,130,126,91,123,123,130,132,124,118,126,114,120,138,108,117,119,125,123,134,142,138,142,142,130,124,127,117,119,113,121,122,113,118,155,142,154,142,123,125,108,128,114,114,108,138,134,136,146,133,142,151,128,135,121,116,142,152,140,152,163,148,128,117,137,144,146,146,135,134,113,124,116,120,109,134,111
120,148,140,134,145,122,130,129,133,133,131,130,136,126,123,142,119,122,121,126,116,111,116,112,115,110,119,117,120,132,118,111,120,119,125,120,126,120,117,119,136,119,120,135,134,127,119,128,117,122,113,119,120,118,120,122,134,133,126,125,123,124,124,123,116,126,120,127,120,106,134,133,124,122,123,113,130,124,129,136,129,128,132,119,125,135,128,117,130,127,117,138,135,136,130,124,133,130,126,134,121,133,124,130,120,127,123,117,128,131,132,118,129,131,129,114,123,127,129,134,126,136,135,128,132,131,129,130,126,123,124,123,121,125,128,127,123,131,137,131,129,133,126,123,110,128,130,121,130,126,121,126,133,135,133,132,127,125,131,125,126,127,128,131,131,128,126,131,139,132,134,119,128,147,140,131,125,142,133,140,135,143,146,136,141,129,131,140,142,133,135,137,132,135,135,139,147
160,113,123,121,119,123,130,133,135,123,132,127,120,114,143,136,140,114,108,114,122,111,135,113,110,120,112,117,148,140,148,116,121,117,122,126,115,119,124,138,140,112,148,149,147,107,109,138,128,140,118,121,108,106,128,118,142,148,149,119,120,116,103,107,135,147,118,142,126,119,138,146,147,127,125,132,132,140,120,112,134,124,117,119,138,149,154,122,113,112,116,112,119,104,101,103,104,112,147,147,159,114,136,130,124,114,144,165,137,146,128,130,141,160,156,148,130,141,146,148,154,152,138,142,132,118,144,152,156,144,132,138,136,136,138,125,129,120,118,124,150,156,156,125,119,122,128,122,134,134,147,165,151,145,132,162,150,152,147,152,156,152,139,144,145,136,136,123,140,131,137,142,137,151,152,146,132,151,142,131,128,152,141,135,134,151,145,132,129,128,132,130,122,122,113,150,138
144,119,127,119,106,101,102,96,96,93,100,101,114,102,114,113,113,110,118,117,135,140,121,128,143,124,134,125,96,104,109,128,131,138,142,144,127,162,141,127,131,131,86,107,105,126,137,137,141,146,136,141,146,149,140,131,104,96,93,124,130,131,149,150,139,134,146,126,124,137,88,96,97,119,139,135,138,127,127,134,130,137,129,124,97,102,100,112,120,116,109,138,118,123,127,129,131,133,97,102,102,123,133,118,133,127,126,115,125,121,111,125,89,113,98,109,119,138,144,146,134,139,137,132,127,118,92,111,101,125,132,123,137,125,114,126,111,112,120,128,96,113,105,124,134,118,117,125,129,120,121,107,135,125,106,116,112,113,108,115,114,128,130,127,132,125,127,112,101,110,121,115,126,139,120,101,121,96,88,92,96,154,124,117,108,118,88,94,96,98,104,102,110,108,113,142,113
116,138,132,130,129,140,136,138,145,150,138,148,133,134,144,130,111,138,135,126,130,147,135,130,148,134,133,137,152,152,122,121,124,133,137,134,121,116,139,131,131,135,151,148,133,120,106,134,136,108,124,148,109,115,126,118,144,140,125,107,103,128,133,120,110,129,108,130,114,128,137,144,126,120,106,121,123,129,112,120,119,116,121,121,139,145,130,107,111,119,120,105,132,126,113,113,117,102,148,148,133,119,131,114,112,103,114,134,110,118,119,121,146,143,138,120,124,126,131,126,129,152,129,136,136,132,142,138,133,118,134,122,127,126,120,116,124,121,151,132,150,139,128,107,110,97,112,120,113,138,125,141,136,126,139,144,130,112,108,139,135,122,141,141,126,132,136,152,142,124,138,130,133,140,136,134,150,134,129,139,146,141,134,119,141,142,126,135,139,140,140,137,128,146,130,137,118
131,147,140,124,128,131,129,126,123,118,119,125,110,119,115,150,138,138,125,120,102,126,118,138,141,120,122,142,139,129,133,151,150,143,145,145,139,143,143,129,122,143,142,139,133,142,135,119,146,120,147,150,121,118,132,139,137,130,140,152,128,147,148,133,150,151,132,130,129,137,125,126,141,154,134,127,147,118,134,142,105,130,132,125,128,126,144,140,126,129,119,108,139,123,126,121,111,121,142,130,143,132,111,124,120,128,134,132,117,134,118,139,132,132,135,131,130,131,115,113,115,125,107,133,108,128,137,140,132,142,126,117,103,129,123,118,116,115,104,131,136,131,141,113,120,121,114,125,125,126,118,111,118,130,120,115,143,113,108,110,117,130,128,113,123,127,125,117,120,113,115,119,123,118,125,124,108,119,118,119,111,120,98,117,113,119,131,125,123,116,104,96,89,100,98,109,100
106,125,134,156,145,124,135,135,130,125,129,132,140,124,133,131,128,120,129,130,116,124,117,118,122,121,126,120,140,136,123,118,128,129,128,126,127,130,125,121,111,124,138,137,122,133,134,121,133,126,126,121,125,131,121,113,137,140,131,127,132,118,126,136,120,118,119,119,109,98,127,137,131,122,121,117,115,126,121,131,120,125,125,118,134,140,133,122,129,129,128,125,124,122,131,128,126,133,141,141,133,128,120,132,128,135,134,137,132,132,127,117,143,146,134,129,129,129,123,125,122,121,119,122,123,124,145,146,134,119,118,109,119,121,124,126,125,132,125,130,147,146,135,124,116,125,137,132,136,127,124,126,133,110,139,150,142,124,123,129,127,110,118,121,118,123,120,125,135,151,133,122,112,134,137,134,130,144,133,136,140,123,125,133,118,120,124,132,137,130,135,130,138,135,130,116,127
125,114,120,107,102,107,115,112,110,109,115,112,102,115,102,112,122,116,111,110,110,107,109,119,110,118,117,113,106,107,104,111,103,109,97,104,106,103,109,103,80,113,108,108,106,104,106,73,87,81,100,96,104,101,101,106,110,113,107,106,110,93,98,100,96,100,101,80,88,102,108,108,105,98,97,96,98,80,97,105,76,98,94,107,102,109,103,104,110,115,96,74,91,101,98,97,96,106,110,113,106,111,74,107,106,105,102,100,109,100,113,106,108,109,102,105,103,106,108,94,98,82,80,97,82,108,103,112,108,104,79,98,71,76,107,98,90,96,89,105,105,108,104,103,100,96,96,98,100,98,100,104,106,105,100,107,105,106,103,100,102,101,102,94,103,80,79,115,110,111,108,111,82,106,109,101,98,94,115,111,103,115,112,106,115,111,118,122,109,100,97,100,101,94,104,120,94
108,125,126,124,114,106,116,114,115,114,110,119,119,116,122,129,111,110,122,116,132,123,113,132,143,131,137,146,125,137,117,140,132,137,146,147,139,148,138,145,127,141,121,138,117,142,138,121,152,133,145,140,142,137,146,132,113,138,114,149,143,146,141,144,141,163,148,120,141,135,117,140,115,151,146,151,136,133,148,143,131,150,144,121,125,140,113,137,129,137,143,130,144,142,134,137,133,134,122,134,114,131,119,140,138,144,144,139,140,144,136,138,117,141,114,142,143,147,144,136,140,125,134,138,129,137,124,139,110,131,120,132,119,117,142,138,136,132,124,136,126,147,123,124,133,125,126,142,149,143,139,130,133,133,132,143,126,127,131,133,137,135,135,127,132,120,119,128,120,110,126,117,117,126,121,122,108,134,116,118,114,118,120,114,118,111,110,120,116,121,123,116,116,117,120,112,118
110,127,100,120,112,129,126,129,136,141,138,133,135,160,123,110,140,152,152,152,138,154,138,137,138,156,124,150,140,116,148,144,131,142,137,136,132,128,132,135,118,149,136,110,138,139,130,127,107,106,122,119,142,150,125,125,122,110,132,152,131,160,138,125,126,135,128,124,125,115,145,102,138,141,116,133,134,119,148,143,116,134,146,148,129,105,133,148,150,152,148,110,124,130,127,145,143,152,125,107,133,140,121,147,150,144,136,136,142,149,128,133,135,106,124,156,136,142,124,129,130,115,116,138,130,146,131,101,127,135,113,141,116,122,144,145,127,148,144,147,120,104,126,123,122,138,137,135,136,136,147,150,134,136,109,111,122,156,147,139,147,124,119,134,142,120,119,147,131,127,128,150,115,146,145,140,132,114,132,135,134,131,126,114,131,122,126,126,128,120,112,120,106,114,105,126,114
119,115,111,116,120,136,126,133,129,127,129,136,140,119,120,110,118,107,110,114,122,110,130,118,110,111,115,111,123,119,110,111,111,114,111,106,109,97,110,131,124,115,130,123,120,109,106,119,121,142,102,115,102,105,123,107,137,123,129,107,106,118,111,114,106,104,102,121,128,131,137,123,130,109,108,122,129,130,117,115,122,118,119,121,133,126,126,116,114,118,127,146,131,120,109,113,122,109,126,126,120,113,119,108,110,108,96,125,110,117,114,114,129,125,131,116,119,107,110,125,106,127,126,121,129,113,128,123,125,109,121,120,131,119,105,109,103,110,118,101,121,125,122,110,109,110,115,110,97,98,98,120,107,117,125,129,125,100,96,133,109,105,105,121,104,117,117,115,127,126,122,110,115,129,126,113,135,119,118,119,119,128,127,128,121,121,130,120,124,124,126,127,127,123,122,120,128
107,124,125,121,122,120,115,115,114,116,113,113,112,138,107,119,131,139,137,136,149,142,142,142,145,149,150,139,129,120,127,142,145,144,149,156,142,139,150,142,124,143,128,116,126,133,144,124,139,126,145,147,150,146,147,145,116,122,123,141,146,151,147,142,145,151,146,122,146,139,125,124,128,139,155,155,136,120,156,152,120,148,159,143,125,112,126,152,152,152,158,143,154,152,152,156,142,142,127,109,122,155,127,148,139,154,145,154,144,138,145,147,131,100,120,145,156,148,132,120,147,117,119,144,110,147,122,100,129,152,123,159,127,120,160,152,161,147,141,145,132,110,119,146,162,146,136,154,150,137,156,144,133,134,129,108,120,139,150,151,140,155,151,135,150,123,126,136,137,105,118,140,131,111,129,150,140,122,129,126,129,117,119,118,118,123,138,130,128,120,121,123,129,121,130,118,124
121,107,106,96,102,111,110,107,105,107,103,100,108,102,109,117,111,109,105,105,102,103,109,98,100,108,104,102,110,111,114,105,106,106,113,111,111,111,111,115,116,104,111,114,109,104,107,118,109,106,109,117,107,104,112,111,108,108,107,104,118,108,108,111,113,115,112,114,109,110,110,111,110,114,114,111,114,116,115,107,114,110,107,102,113,112,110,103,107,106,111,112,105,110,107,107,112,110,111,117,107,108,119,115,114,114,122,120,114,121,111,115,111,116,110,121,124,123,120,122,126,116,113,115,108,110,108,118,106,123,113,119,119,115,121,107,112,112,114,111,111,114,110,117,122,114,114,114,120,131,125,108,123,121,117,115,107,116,116,114,119,124,128,127,121,117,117,118,110,105,108,122,121,118,117,120,115,104,106,111,116,112,109,109,113,120,110,112,112,109,112,111,108,101,113,110,110
120,131,133,132,145,143,148,152,152,151,156,159,145,161,143,139,155,148,145,161,159,146,135,138,129,151,142,139,141,145,155,122,134,148,141,133,143,133,137,146,127,139,141,150,159,129,137,124,155,154,139,129,148,158,146,135,129,147,161,127,136,143,134,133,121,136,137,122,161,136,118,147,150,131,140,152,143,123,137,147,128,152,149,150,142,139,155,134,149,152,155,147,144,144,136,151,154,151,143,136,158,137,128,159,152,151,155,146,154,158,164,143,141,140,156,140,152,152,155,148,150,130,140,158,148,150,137,141,152,152,125,164,152,121,155,156,155,151,146,138,140,139,154,135,144,156,158,144,149,134,149,160,143,145,128,141,152,156,159,156,168,151,151,147,165,121,120,145,144,135,136,152,134,158,167,155,158,161,152,146,139,146,145,141,137,137,148,155,150,146,150,152,152,133,150,133,145
129,137,136,141,139,137,137,138,138,137,136,135,131,136,136,137,137,135,135,134,137,133,133,136,136,134,134,137,139,139,138,135,134,132,136,136,135,135,135,132,140,134,139,139,139,134,135,138,129,132,134,130,134,133,134,138,134,139,137,136,134,136,134,134,135,133,135,137,136,135,134,138,135,135,136,133,131,137,132,133,140,133,134,136,135,140,139,134,134,133,132,132,132,130,133,133,133,135,138,140,139,136,138,132,129,134,133,133,134,137,135,138,137,138,141,138,137,134,135,134,134,137,139,135,134,137,138,139,139,137,140,133,135,133,136,134,138,136,136,138,139,139,138,134,135,132,131,133,132,133,136,135,137,135,134,137,138,139,138,134,137,136,132,136,137,132,134,133,138,136,134,137,139,132,134,135,130,129,133,135,137,138,135,137,132,133,137,135,138,140,140,139,139,135,136,134,137
115,149,139,137,139,139,135,135,134,138,133,132,130,124,135,146,139,133,127,127,120,113,118,108,106,114,111,113,138,140,136,115,107,112,109,109,116,108,100,104,103,117,138,136,142,122,119,114,100,96,106,93,115,113,106,108,125,140,141,114,114,102,96,105,94,100,105,108,105,116,134,141,141,106,113,97,85,98,113,114,111,113,115,119,145,143,142,122,125,127,127,116,118,124,126,123,130,129,140,142,143,122,117,112,121,117,108,96,116,110,110,116,142,140,148,108,108,103,105,106,98,100,112,105,125,122,142,143,143,115,112,104,112,117,108,120,113,119,124,117,143,146,142,127,117,129,130,118,123,108,112,112,119,108,137,143,145,115,111,115,120,104,100,105,105,119,120,120,143,137,142,130,106,120,124,114,128,136,138,143,139,124,123,140,135,137,134,136,138,137,135,133,136,120,129,127,133
120,124,122,126,126,132,129,133,131,130,132,130,128,127,127,127,130,126,131,127,126,129,134,128,131,129,132,135,131,127,129,130,130,129,128,134,130,127,131,128,130,130,130,127,129,126,126,122,129,127,128,124,123,127,126,134,126,127,127,131,128,127,123,124,125,124,126,124,126,129,132,129,126,126,127,127,121,128,130,122,130,122,125,125,131,125,129,126,125,127,129,133,130,126,126,127,128,127,131,125,129,130,126,123,125,123,123,128,129,130,128,128,128,124,131,131,130,126,124,128,121,132,128,127,128,130,133,128,132,127,126,126,125,118,129,131,128,125,129,130,133,129,133,124,126,124,129,126,123,119,125,127,127,132,125,130,129,128,127,132,127,135,129,131,124,116,118,127,132,132,129,132,129,122,129,129,133,133,134,133,132,122,134,126,132,130,133,128,131,131,129,129,129,125,127,129,129
140,112,112,120,119,127,120,116,121,128,129,122,140,125,113,101,118,120,128,135,132,134,136,123,110,129,127,121,115,110,120,107,103,134,124,118,125,120,111,132,141,130,120,108,119,113,115,134,140,147,112,130,125,133,128,117,130,105,110,114,108,127,123,124,126,125,117,137,131,125,122,100,112,115,111,123,123,144,120,126,143,118,119,137,121,101,112,118,122,118,121,132,124,129,126,121,123,116,112,103,109,121,141,122,120,117,118,115,124,111,114,112,111,108,108,127,118,108,117,123,112,145,140,119,141,116,110,111,119,115,136,110,132,130,112,113,113,116,130,129,113,113,107,128,119,116,123,120,122,128,113,130,122,135,127,111,97,122,117,122,115,114,111,130,122,131,133,133,121,126,130,126,141,125,125,115,143,128,120,124,124,150,152,116,135,140,118,110,114,114,122,117,115,118,128,151,127
127,106,104,136,120,96,94,110,103,111,100,103,112,91,122,96,84,90,100,98,84,88,76,97,102,84,92,92,94,119,96,120,118,106,118,118,108,137,120,98,129,112,93,112,96,126,129,141,120,118,132,126,127,124,122,126,100,111,89,122,121,136,146,139,141,137,127,132,103,111,93,112,97,109,118,130,143,140,123,136,132,127,128,110,88,116,107,116,130,129,137,100,122,126,119,123,120,118,97,115,105,112,144,132,124,119,139,141,125,129,106,122,94,112,97,105,107,133,132,110,152,139,125,132,144,119,96,107,100,104,127,112,142,135,136,127,119,129,116,132,90,120,102,108,120,114,115,121,132,134,145,125,149,151,114,125,107,140,148,115,146,156,159,148,164,135,138,94,97,106,84,97,139,134,119,124,122,135,117,120,109,112,94,146,92,87,103,104,127,132,136,144,143,136,142,98,122
123,120,124,130,122,117,119,120,117,109,113,119,117,125,112,127,116,135,133,132,132,131,124,133,135,137,141,142,123,123,127,147,146,142,136,137,146,136,134,136,129,137,122,121,117,141,140,132,125,132,138,147,139,139,144,142,130,120,123,140,142,146,145,141,124,137,133,130,139,131,123,121,122,136,144,141,132,128,133,139,120,133,136,140,114,124,120,139,138,137,126,112,129,136,130,131,128,129,122,119,119,143,130,142,126,133,144,140,137,138,138,138,122,120,122,125,135,139,135,129,130,128,122,139,118,134,124,120,115,133,127,125,122,130,135,129,131,127,126,131,121,126,120,136,137,121,117,132,139,136,138,147,136,122,125,126,120,143,142,145,142,138,139,135,131,131,130,137,120,131,112,127,129,124,124,140,138,130,126,130,128,124,120,126,121,123,124,124,129,128,130,130,131,128,125,119,130
144,124,127,129,129,130,134,128,129,135,128,130,128,124,145,124,117,112,110,100,113,124,142,137,133,110,111,117,143,116,103,124,120,106,122,116,109,127,113,122,100,98,143,116,121,119,103,121,131,134,123,147,127,119,96,110,141,126,116,124,118,122,133,127,156,139,124,116,113,122,151,125,123,121,108,134,154,125,121,109,115,102,111,103,142,119,129,117,110,102,101,100,111,98,109,109,100,115,140,124,129,97,111,109,113,114,116,136,111,132,96,101,141,128,124,128,120,125,125,146,126,121,112,107,118,100,143,130,126,102,112,114,121,115,109,113,104,106,100,118,141,129,116,122,125,120,116,121,111,124,126,121,129,134,133,137,119,123,125,116,120,136,119,156,137,121,118,121,143,140,126,131,119,150,160,137,133,118,134,137,135,116,143,139,135,134,128,135,143,137,145,139,139,136,138,142,140
127,108,119,127,129,122,116,126,122,120,121,115,108,132,146,113,122,135,141,128,116,123,111,125,128,126,126,137,109,108,112,133,131,126,139,139,143,133,134,121,114,133,108,115,96,144,148,119,118,108,139,117,146,142,134,128,132,115,104,137,150,127,140,154,117,126,146,116,125,110,109,115,104,130,141,121,115,123,152,146,121,144,126,140,101,112,94,130,142,146,141,129,126,131,150,152,156,152,114,102,103,149,118,152,144,147,156,127,148,138,132,137,102,110,102,124,149,130,121,130,127,120,116,119,119,146,106,116,104,126,122,137,108,120,133,144,125,148,131,148,104,111,103,130,127,152,131,136,149,139,137,141,138,125,106,104,112,138,135,122,137,134,140,116,130,119,114,132,103,114,117,116,111,121,112,118,107,110,113,114,121,155,135,127,126,112,109,106,107,117,118,115,122,119,120,149,130
106,129,131,126,129,127,128,127,129,132,133,129,125,133,126,132,131,138,138,135,138,134,129,135,132,137,135,136,129,127,137,136,133,138,140,135,139,135,135,136,125,138,130,126,137,143,140,125,128,123,138,130,139,137,136,133,119,126,135,140,140,139,136,135,127,134,135,125,138,128,130,127,132,138,139,136,126,127,141,141,125,138,142,140,127,126,132,142,142,143,141,131,137,143,143,140,138,143,128,126,135,142,125,141,141,145,140,130,144,136,140,136,127,130,134,135,137,136,131,130,129,127,124,136,123,139,128,133,132,140,125,139,127,124,140,142,142,142,137,141,131,130,139,138,136,139,141,145,143,139,141,136,135,131,124,127,137,140,139,131,138,129,132,126,134,125,124,128,131,126,127,133,124,121,124,128,128,126,130,129,128,124,128,117,128,128,135,131,124,123,118,119,118,115,116,127,123
147,131,139,114,109,116,112,117,116,120,119,118,120,120,107,133,132,127,110,118,113,110,109,108,125,113,116,118,106,103,120,131,123,120,96,126,117,115,120,89,129,108,104,98,105,121,115,120,101,106,128,113,100,108,109,116,98,100,111,128,107,121,120,109,108,116,100,120,110,94,96,101,105,117,108,96,98,122,109,113,131,97,104,112,90,108,103,130,112,103,87,91,100,105,107,107,109,103,96,104,106,124,132,105,102,107,114,90,94,88,96,104,90,108,106,104,85,94,105,91,109,130,127,93,121,108,104,120,107,110,126,94,105,126,113,122,110,105,113,125,107,116,113,120,113,98,103,108,126,115,103,96,100,104,109,123,127,119,104,90,93,113,108,104,110,123,124,112,114,123,122,107,131,112,107,110,115,150,125,114,130,139,124,125,116,127,125,122,123,129,125,129,118,89,112,137,130
109,141,146,131,130,134,137,136,136,135,145,132,120,142,119,143,150,156,151,148,147,150,145,142,140,144,143,143,129,121,149,141,136,143,137,127,139,125,123,133,119,148,127,121,142,145,141,131,124,124,133,127,139,140,142,136,125,120,146,135,139,140,133,131,130,131,136,133,131,135,137,123,139,135,135,134,131,126,129,131,122,134,142,134,125,127,138,136,137,138,131,126,126,144,127,133,128,135,134,128,142,141,137,144,141,133,132,136,133,138,141,147,131,132,143,140,138,137,129,138,138,116,117,142,119,148,129,131,146,147,133,133,121,134,138,142,139,134,133,145,134,136,143,128,120,126,128,137,141,138,137,151,139,136,123,131,145,148,146,133,146,129,134,136,133,134,134,150,136,126,130,141,124,132,148,150,143,141,144,133,124,114,127,135,133,132,135,134,139,131,123,124,124,126,121,128,133
126,126,126,127,127,127,127,127,127,126,127,126,126,126,126,126,126,126,126,126,126,126,127,127,127,126,126,126,126,127,126,126,126,126,126,126,126,126,127,126,127,126,126,127,126,126,126,127,126,126,126,126,127,126,126,126,127,127,126,126,126,127,126,126,127,127,126,127,126,126,127,126,126,126,126,127,126,127,127,126,127,126,126,126,126,127,126,126,126,126,126,126,126,126,126,126,126,126,126,127,126,126,127,127,127,127,126,127,126,127,127,126,126,126,126,127,126,127,127,127,127,127,127,127,127,126,127,126,126,126,127,127,127,127,127,126,127,126,126,126,127,126,126,127,126,126,126,127,126,127,127,127,126,127,126,126,126,127,127,126,126,127,126,127,127,126,127,126,127,126,126,127,127,126,127,127,127,126,127,127,127,126,126,127,126,126,127,127,127,127,127,127,127,127,127,126,127
123,131,123,155,141,145,140,145,145,156,149,151,143,146,126,89,117,144,138,144,159,147,183,161,135,148,145,133,152,142,123,128,135,140,151,147,136,141,136,160,133,134,141,139,134,127,120,121,159,149,131,138,137,138,143,139,165,147,130,124,129,130,120,126,162,151,149,129,146,149,151,145,137,142,140,154,163,132,142,130,123,142,141,138,138,146,133,127,122,125,128,156,139,136,138,134,126,124,135,146,124,130,127,134,138,128,134,156,150,150,142,129,138,133,125,147,152,154,170,163,150,135,144,147,120,121,136,130,140,152,131,155,130,124,140,127,154,139,142,128,138,137,127,150,146,126,128,125,128,158,151,156,133,167,152,151,122,156,155,168,156,136,133,161,152,127,125,142,144,147,142,174,130,159,167,152,159,140,137,137,144,152,131,154,152,162,130,139,152,148,152,156,151,160,152,159,141
118,129,130,129,129,129,128,126,128,128,130,132,129,133,128,125,127,130,126,125,129,125,126,123,127,125,123,122,130,124,126,120,123,123,121,121,123,123,125,124,129,121,129,127,126,120,123,131,117,120,122,123,125,125,123,126,120,128,127,119,128,121,121,121,128,124,129,131,127,124,121,127,124,126,125,123,125,121,124,121,124,122,124,132,123,127,126,120,121,124,124,129,124,125,124,123,125,128,129,124,123,124,132,119,123,125,119,117,122,120,120,123,128,129,125,123,118,117,116,117,119,117,122,126,128,122,126,129,126,120,128,119,122,127,122,127,127,127,124,126,128,130,122,123,121,126,128,128,129,127,127,124,123,131,132,124,118,121,122,121,119,121,122,128,123,127,128,124,123,123,113,121,127,124,122,125,130,126,124,126,130,121,125,120,120,118,122,121,127,127,127,128,128,122,126,128,131
119,132,129,133,136,118,132,128,125,120,121,127,117,114,132,123,116,116,121,116,113,106,109,117,130,105,116,126,130,124,127,139,139,120,132,136,120,130,135,122,124,118,128,116,118,123,130,122,142,140,130,126,126,129,127,139,128,117,124,129,125,131,131,125,133,136,134,124,107,135,133,120,126,135,131,133,128,132,133,133,130,127,128,116,119,125,132,127,128,127,129,115,134,120,123,121,113,129,122,122,125,126,123,136,129,133,143,132,130,138,121,131,122,108,119,134,129,126,126,129,126,128,122,126,121,120,129,103,123,131,130,109,123,121,122,119,112,111,101,120,119,107,122,117,123,112,117,126,126,119,126,115,122,130,111,106,118,121,128,115,125,134,138,124,119,116,118,118,124,96,106,129,131,115,116,116,103,117,120,125,124,97,109,125,118,104,112,122,128,135,133,132,127,124,122,102,120
146,112,114,116,111,122,117,120,117,120,119,117,135,130,116,114,128,124,124,122,127,121,115,124,121,122,130,121,117,118,115,126,118,122,122,118,116,128,127,138,159,124,116,121,114,122,130,142,138,161,123,128,122,123,126,128,117,121,121,125,125,116,118,122,127,127,125,142,127,126,116,120,119,115,122,124,133,164,123,118,159,123,114,124,115,116,117,114,121,121,123,141,127,127,118,122,126,126,116,121,115,125,144,129,128,124,126,138,127,134,136,125,123,116,115,124,128,127,133,138,125,165,166,131,163,128,119,121,126,122,151,131,163,128,123,123,127,123,116,126,120,119,125,120,125,120,123,131,129,119,131,135,139,137,118,119,124,131,136,131,128,129,137,130,136,128,132,136,129,126,121,134,159,147,130,133,139,141,127,125,125,144,140,130,132,130,128,126,123,125,126,122,126,140,132,142,137
123,143,137,123,128,138,140,135,143,149,141,146,151,139,134,139,149,133,120,115,126,135,136,122,130,116,122,117,116,131,139,113,110,120,123,121,122,128,124,123,134,111,122,121,137,120,118,126,135,154,128,138,128,123,115,116,131,124,138,117,118,115,119,118,138,120,119,127,114,124,133,123,136,110,118,135,135,133,131,119,133,120,112,135,132,126,128,125,126,125,125,136,128,119,121,119,120,131,122,127,134,131,128,127,128,124,126,130,122,136,125,128,124,136,134,120,125,139,136,146,144,140,135,133,144,123,128,131,133,128,130,139,144,127,132,122,128,126,118,128,124,134,130,136,126,141,142,127,123,132,133,137,131,114,118,133,128,124,120,139,134,134,124,147,149,126,129,125,125,128,142,139,136,129,147,154,162,156,147,141,143,139,134,129,136,146,147,137,138,135,136,129,125,132,136,138,131
113,119,131,111,107,111,107,115,113,115,110,108,127,106,96,130,114,115,111,108,106,109,100,117,125,127,113,117,100,132,133,122,114,116,122,123,116,127,126,117,117,125,101,126,121,127,125,122,112,111,112,114,125,123,113,114,117,116,119,123,112,114,113,126,115,122,130,123,110,104,109,122,117,119,109,113,126,132,117,127,129,130,125,128,111,129,115,120,122,125,120,135,118,114,130,125,132,133,107,123,116,121,120,123,135,124,131,110,120,121,111,110,115,129,114,109,108,120,125,125,117,129,123,112,130,117,117,128,108,102,125,115,134,125,112,125,107,116,114,113,108,132,125,114,98,131,126,120,121,116,117,115,112,122,119,130,127,106,105,108,112,121,115,105,111,124,125,102,112,117,112,109,124,138,109,106,137,123,115,122,112,109,112,118,104,108,120,119,106,110,111,112,110,114,116,115,118
127,125,131,119,124,132,132,131,131,127,124,132,123,123,123,124,129,122,118,119,117,119,112,112,113,111,114,106,126,124,132,113,111,112,114,109,111,108,107,103,112,112,129,120,133,108,110,116,114,115,110,108,119,115,112,104,121,115,130,111,111,109,110,120,109,108,119,116,119,111,123,118,133,106,106,110,114,109,114,111,115,109,113,119,124,122,131,113,117,111,115,122,113,118,116,113,114,113,130,118,131,110,116,111,116,115,117,119,117,104,114,112,129,121,132,108,113,108,122,118,116,114,111,114,113,110,123,120,124,108,117,115,114,117,111,112,110,113,122,110,131,121,124,120,115,114,115,113,105,113,111,115,110,118,127,123,129,105,103,118,109,118,118,120,116,119,118,119,124,125,120,119,115,118,121,118,119,123,130,132,130,125,113,110,123,122,132,133,128,126,120,129,120,120,116,113,115
103,124,126,120,112,119,123,122,125,124,122,119,110,114,144,117,112,127,128,119,111,119,114,122,131,132,126,127,116,114,106,131,128,130,123,123,123,122,125,126,115,130,118,118,104,138,125,113,113,96,121,125,124,123,127,125,107,123,115,133,126,129,122,119,122,125,125,114,103,120,108,120,109,137,114,124,101,109,121,122,105,124,138,117,109,116,103,133,129,134,138,120,135,121,128,138,143,133,112,120,107,139,117,126,132,128,126,113,126,130,122,124,107,125,109,124,118,110,126,117,120,113,122,133,98,120,109,138,113,131,115,124,112,118,126,121,127,141,121,123,114,134,123,132,122,133,124,125,138,134,130,137,143,112,107,118,120,140,133,134,127,133,126,115,123,116,119,94,102,119,115,116,111,102,107,120,111,96,106,111,111,116,116,106,107,123,115,128,119,109,106,108,122,126,117,121,111
132,168,145,132,140,132,143,141,140,128,139,151,144,140,179,150,150,142,145,141,127,133,138,134,142,125,130,141,147,141,129,142,134,129,145,130,134,143,136,129,111,140,152,141,130,140,129,121,134,109,123,112,135,132,124,139,159,148,133,144,127,138,151,136,152,147,132,122,129,136,150,144,133,136,137,142,143,116,138,127,105,136,150,128,134,136,135,122,127,133,128,124,130,145,129,132,123,135,155,143,138,139,120,123,126,129,138,132,125,143,121,130,148,152,147,135,151,137,134,149,125,112,105,131,91,109,144,152,148,124,114,123,103,123,127,132,120,127,128,129,156,147,146,132,134,127,122,123,136,137,148,125,142,125,155,144,147,154,147,128,135,145,139,132,148,126,126,148,151,154,165,156,127,126,132,139,132,144,152,152,148,152,158,134,161,149,151,152,156,147,128,127,118,136,124,156,132
131,136,118,139,127,145,132,131,128,135,136,131,139,145,121,116,149,150,128,129,112,120,140,140,141,137,122,139,138,126,152,143,145,122,129,143,114,127,137,143,115,118,141,126,148,115,122,110,129,136,151,158,114,125,136,144,140,129,150,126,125,142,134,124,164,152,136,110,132,149,148,130,161,147,130,137,168,115,140,124,110,113,123,121,136,128,150,142,121,118,116,111,126,119,109,118,115,111,134,144,146,116,113,116,103,109,130,147,111,152,136,144,139,133,152,144,134,147,126,146,151,119,103,108,127,131,144,132,152,129,118,129,112,116,125,114,113,113,123,148,137,141,138,122,156,96,94,138,132,141,141,129,135,163,136,143,134,137,151,133,130,171,148,162,148,118,116,165,152,140,149,150,129,132,135,129,117,111,132,120,115,154,147,150,142,135,143,131,126,131,132,138,145,124,141,138,137
117,129,125,119,131,124,123,126,123,127,123,126,118,116,109,122,120,118,110,118,110,112,110,117,121,109,112,111,113,118,117,110,111,111,118,119,113,115,114,113,117,111,119,125,120,115,117,116,120,118,111,109,120,115,107,112,114,122,123,116,119,121,126,123,109,107,115,116,110,111,116,124,116,115,119,110,108,113,116,120,121,117,110,114,120,127,125,108,119,123,120,115,116,110,117,121,117,125,122,127,126,116,116,117,121,119,116,104,116,111,112,112,123,128,125,105,112,112,116,111,109,119,122,115,123,114,119,131,120,106,117,112,119,118,111,118,110,118,114,110,122,130,123,115,111,125,122,118,119,109,111,110,106,112,113,122,128,107,105,107,110,114,116,114,112,118,117,124,117,122,120,118,123,127,120,114,124,115,121,118,120,121,115,114,125,125,120,122,118,115,118,117,118,125,118,120,107
113,123,119,125,123,127,126,125,127,126,130,135,143,139,108,130,134,156,152,150,142,156,137,145,134,152,138,138,119,128,148,145,137,142,136,134,148,135,129,135,119,139,117,121,143,144,144,120,117,106,136,110,136,148,120,113,108,118,136,130,131,135,140,142,109,114,122,115,128,110,124,126,133,119,130,131,111,122,142,152,130,142,140,145,125,121,135,158,163,154,147,132,143,138,154,146,139,141,121,120,129,148,124,138,140,146,134,115,140,116,128,126,122,117,126,104,120,117,117,108,105,114,121,117,129,133,121,117,129,123,117,122,126,113,124,134,127,140,127,133,130,128,134,139,132,127,124,127,133,119,116,118,120,90,137,130,134,124,117,126,131,94,96,104,97,112,112,130,142,128,127,127,117,110,124,114,132,123,127,124,133,114,131,123,146,138,136,124,118,121,116,114,119,112,121,129,122
112,112,98,123,103,90,100,97,94,96,100,96,121,100,104,113,108,118,128,124,119,129,115,145,152,139,133,127,122,124,109,132,128,136,150,156,138,158,147,134,119,128,118,124,106,132,145,109,145,129,150,148,137,131,138,128,140,122,113,124,149,139,142,144,139,152,154,118,112,112,117,119,122,117,129,130,136,132,147,142,122,151,140,126,116,118,115,128,132,144,140,144,149,136,145,145,143,137,115,122,116,138,119,142,140,145,145,134,140,141,118,123,118,124,109,133,140,149,146,135,141,133,127,142,124,134,120,124,105,127,118,134,132,118,141,136,129,132,117,119,113,126,105,132,134,144,134,137,129,120,130,124,105,109,125,124,113,128,123,123,133,136,125,103,113,113,111,129,117,121,108,103,119,127,114,116,110,115,100,105,105,93,109,125,110,102,107,106,110,116,126,125,141,138,133,92,123
126,126,126,126,126,127,127,127,127,127,127,126,125,127,126,126,127,127,127,127,126,126,127,126,127,127,127,127,127,126,126,126,126,126,126,127,126,126,127,126,127,127,127,126,127,126,126,128,126,125,126,126,126,126,126,127,126,126,126,126,127,127,126,126,127,126,127,128,126,127,126,126,126,127,127,127,126,126,126,126,126,127,127,126,126,126,126,126,127,127,127,126,126,126,126,126,126,126,126,126,126,126,128,127,126,127,127,126,127,126,126,127,126,126,126,127,127,126,126,126,127,127,126,126,126,127,126,126,127,127,127,126,125,127,126,126,127,126,126,127,126,127,126,127,127,127,127,127,127,127,127,126,126,127,126,127,126,127,127,126,126,127,126,126,127,127,127,126,126,125,126,127,127,125,125,126,125,126,127,126,126,127,125,126,126,126,127,127,126,126,126,126,127,127,127,126,126
122,123,113,133,127,127,124,122,127,107,112,122,139,136,132,131,120,141,135,126,128,123,116,117,132,132,130,127,146,137,129,142,143,133,137,120,129,127,130,150,134,136,144,152,134,147,135,135,139,149,134,123,138,122,128,123,150,152,137,126,123,148,143,137,130,122,121,134,126,119,135,147,137,128,125,125,156,137,138,126,134,122,145,139,120,150,142,135,130,130,143,136,138,137,130,134,126,115,140,151,143,137,133,108,125,115,106,134,118,117,124,120,133,147,137,118,130,110,110,135,115,143,136,113,130,106,137,141,134,122,140,141,131,132,108,118,127,118,96,98,134,137,142,121,112,121,110,98,103,107,116,126,110,108,134,133,145,113,111,121,113,101,108,119,119,131,133,135,127,131,115,130,138,138,129,116,137,156,128,129,140,118,105,134,107,117,124,120,133,137,138,129,133,156,147,112,120
125,139,144,152,159,135,134,136,134,138,130,135,126,116,147,144,142,126,132,128,130,127,124,138,141,140,137,148,145,143,133,143,143,143,139,150,137,147,147,112,101,136,135,132,107,129,137,114,125,97,151,152,140,149,158,159,136,134,114,136,149,141,136,142,130,146,151,125,141,155,123,130,129,127,149,152,132,129,139,144,113,138,131,111,118,130,119,135,136,133,132,112,146,131,132,136,122,131,135,129,124,118,122,133,122,133,140,143,132,139,93,137,129,135,122,135,130,126,134,119,150,121,107,129,94,127,134,131,108,120,111,101,102,128,124,129,115,116,114,126,127,125,115,123,126,123,128,135,141,118,130,130,138,128,115,126,124,127,124,106,123,146,145,120,132,128,126,110,120,127,112,123,122,110,110,110,92,114,118,137,155,121,100,143,126,121,128,148,155,152,152,158,144,130,159,111,147
130,136,136,133,133,140,142,148,145,148,140,137,135,142,138,149,143,144,142,145,146,144,131,143,131,148,143,144,148,151,143,134,131,135,143,134,141,144,138,141,134,144,150,151,142,149,142,132,132,137,127,135,140,149,142,139,129,152,137,135,141,136,139,141,130,136,142,136,139,135,141,149,137,133,142,133,143,142,137,142,139,143,136,129,143,146,140,140,141,144,138,139,144,143,142,146,145,145,147,142,142,147,133,138,141,145,140,141,141,146,137,138,145,143,139,129,135,141,150,143,138,139,145,149,133,144,148,143,136,134,135,137,138,137,143,140,148,146,139,151,148,144,143,137,138,142,140,140,143,132,139,141,154,139,133,136,152,135,139,135,145,132,133,134,136,138,137,139,148,128,144,139,133,146,138,129,127,133,139,141,136,125,130,128,132,137,141,145,141,135,134,131,127,135,128,127,134
119,125,123,133,129,124,122,128,129,124,127,122,130,116,133,104,97,108,114,110,113,118,106,129,127,127,113,121,122,120,101,108,113,118,126,120,121,125,137,121,125,121,128,135,102,119,102,126,110,120,131,111,111,107,122,116,113,137,106,121,113,120,123,119,129,127,115,128,111,110,109,135,100,133,114,110,128,127,125,128,122,122,126,104,121,136,103,104,124,125,111,114,110,132,120,127,123,114,128,130,105,120,126,126,124,124,132,123,124,127,131,122,130,139,108,122,134,139,126,118,127,122,119,149,123,130,125,136,102,139,122,124,107,127,131,123,124,114,118,119,124,137,113,93,97,110,108,113,111,110,117,110,119,121,122,134,109,122,130,122,126,126,136,122,128,127,125,116,122,115,110,126,126,133,130,149,124,113,113,112,109,113,114,117,119,126,115,112,112,114,105,104,121,117,117,111,123
148,121,121,113,117,121,128,128,125,129,130,129,123,141,83,141,140,133,117,123,112,110,112,104,115,126,117,118,116,125,154,109,106,105,100,108,108,97,111,93,123,106,119,126,152,94,105,120,100,102,97,102,96,102,114,115,92,126,154,102,108,106,96,90,104,121,110,128,111,126,116,129,146,115,117,108,100,107,98,98,128,101,100,111,116,129,156,101,96,92,91,86,82,90,83,89,96,107,121,131,156,88,126,110,108,100,115,100,100,127,119,123,123,131,152,112,102,115,135,123,126,128,133,136,132,109,119,134,151,115,134,117,122,128,111,107,114,101,107,112,122,129,160,100,105,100,110,102,108,91,121,130,126,137,116,123,161,121,129,117,127,140,138,118,138,127,128,137,133,118,126,140,140,139,150,135,141,145,139,129,112,110,115,112,113,121,136,136,126,119,109,110,111,108,104,102,100
123,128,125,126,136,138,140,142,142,144,141,143,134,132,134,121,130,124,137,135,137,143,126,133,111,132,124,120,127,124,122,127,124,129,134,110,127,129,112,120,127,122,132,129,133,124,131,123,122,122,129,120,126,128,114,115,109,129,135,119,126,116,134,132,116,104,127,121,123,118,120,132,123,107,121,114,112,120,116,130,132,126,120,117,129,129,127,129,130,131,130,118,118,125,135,133,134,127,131,128,132,130,124,128,129,133,133,113,130,114,128,121,126,127,129,107,116,121,130,118,117,126,124,120,127,130,120,125,131,122,127,134,124,120,127,138,128,132,133,136,129,128,121,123,117,127,134,130,132,128,123,129,126,124,136,129,119,126,127,119,140,116,116,114,123,119,122,120,124,127,114,125,127,130,126,132,131,138,130,127,119,114,115,134,135,130,132,131,125,123,115,119,121,120,120,111,122
126,133,128,125,128,125,134,133,136,130,126,135,125,120,138,128,103,119,109,113,122,125,115,107,110,120,108,108,131,116,114,123,119,115,120,109,111,111,102,119,137,105,142,122,115,113,111,135,125,115,122,131,113,118,104,111,147,126,119,119,105,125,130,136,114,110,102,131,112,104,131,129,119,112,100,107,125,138,129,132,133,123,121,124,136,130,125,128,128,120,122,124,125,133,118,119,125,122,139,132,128,121,133,113,123,107,109,106,103,100,105,114,135,131,129,90,90,100,107,115,103,130,120,90,134,122,137,137,126,94,128,111,137,132,112,127,103,120,131,120,143,137,130,131,110,123,125,115,115,114,92,129,126,102,146,132,136,113,93,108,111,102,102,114,96,130,134,132,120,127,127,105,119,122,121,104,125,144,118,120,119,119,134,122,112,114,120,114,112,122,120,122,121,125,118,118,117
126,141,140,140,144,142,145,144,146,150,149,138,138,143,138,149,150,150,152,149,135,146,139,151,134,132,144,143,143,146,154,137,144,143,138,135,142,140,140,142,111,149,142,142,152,152,145,119,136,130,152,145,145,143,135,141,138,138,149,147,144,143,152,156,140,141,143,116,132,142,146,138,144,143,144,141,131,122,141,148,114,140,147,145,149,139,142,149,156,154,159,138,144,150,151,154,155,155,143,133,145,151,119,150,156,150,138,130,145,122,148,151,148,128,147,132,142,132,139,140,135,113,115,143,133,149,143,127,147,150,116,148,128,125,135,148,146,154,163,154,143,126,141,159,150,162,166,160,148,143,131,145,165,141,152,121,135,149,143,135,145,129,133,139,139,126,125,150,156,136,136,155,119,134,155,143,141,136,154,145,148,135,134,136,138,141,147,152,149,140,138,137,130,125,133,140,126
131,110,101,127,123,122,120,120,117,117,114,117,147,102,128,113,112,96,97,96,111,104,115,105,97,100,112,103,136,132,102,100,94,100,96,100,91,100,101,101,138,98,138,123,116,102,91,132,123,138,96,109,100,100,104,101,138,123,120,102,82,91,100,88,102,98,88,122,93,110,128,126,131,92,97,82,93,131,96,93,131,93,96,85,135,126,121,101,91,96,106,129,115,102,96,92,91,100,139,127,123,102,131,94,90,100,97,100,90,91,87,94,127,116,116,100,92,96,102,101,107,146,139,96,137,101,135,109,105,107,130,92,130,123,102,98,103,101,102,106,130,110,107,110,103,100,97,101,100,107,102,96,106,100,103,124,108,100,100,107,97,112,110,117,100,124,123,115,113,118,106,108,144,138,121,120,117,150,115,114,121,114,118,130,109,103,119,115,112,117,117,126,125,129,122,114,131
107,86,109,117,116,130,122,126,128,139,144,129,119,148,96,115,126,155,155,136,142,156,140,147,145,137,148,140,96,109,126,126,141,138,129,142,145,140,144,145,111,149,105,121,122,145,146,111,143,125,149,130,150,133,129,140,117,125,140,136,144,130,136,144,140,136,138,113,130,137,133,122,132,134,131,148,129,123,140,142,114,148,136,179,114,122,127,148,159,161,155,156,158,163,171,164,172,172,120,125,131,167,112,147,156,156,158,143,158,151,168,158,114,125,133,152,152,150,141,134,142,100,107,148,110,166,108,125,137,155,108,152,113,118,174,170,172,166,171,172,113,119,143,165,158,156,156,161,161,168,166,141,156,156,108,114,141,151,150,140,151,130,122,134,148,116,117,154,122,111,137,134,106,113,131,133,135,116,136,107,103,138,122,92,110,128,143,123,108,107,105,106,107,102,106,131,88
113,128,116,118,122,126,129,132,127,131,139,128,136,133,114,111,120,126,148,136,136,138,130,138,131,146,148,137,121,120,121,138,137,139,123,133,132,123,130,134,121,144,121,133,118,131,136,118,112,121,125,123,129,128,133,131,108,125,129,127,141,129,118,120,107,116,126,117,125,119,123,127,129,129,140,133,111,117,125,132,124,130,133,132,119,132,121,145,137,138,131,126,136,130,135,130,128,136,117,126,121,141,122,132,124,127,123,125,126,130,127,142,116,123,124,120,131,128,114,112,118,126,126,132,117,136,113,121,121,135,124,124,122,121,126,134,124,123,123,145,114,121,124,133,136,124,120,127,125,104,121,125,121,109,111,110,108,122,130,120,115,108,109,104,113,120,118,118,107,107,97,111,127,134,111,111,105,119,114,112,113,119,119,106,122,109,117,117,112,104,105,106,113,116,114,130,112
145,148,154,148,151,149,151,152,152,151,152,152,129,148,151,149,145,152,155,160,152,159,147,156,160,160,156,160,146,156,151,156,152,158,161,152,161,162,154,146,117,158,144,154,146,163,160,123,143,127,158,144,161,158,148,158,143,154,146,163,158,156,165,167,144,152,159,126,151,152,144,152,144,160,156,152,145,113,154,163,123,159,156,154,147,154,142,158,165,166,162,149,151,165,163,162,164,158,152,151,143,159,125,156,163,154,151,140,152,143,151,150,152,152,143,145,141,154,162,149,151,113,113,148,112,149,147,152,140,151,114,156,122,131,156,165,158,162,152,154,146,152,146,162,149,162,164,152,156,150,151,145,151,150,149,150,151,151,146,138,144,147,150,143,151,133,132,151,152,151,142,144,111,127,134,143,130,125,154,152,149,147,142,143,137,145,151,152,152,150,148,149,148,139,146,140,142
112,105,106,126,115,119,118,112,111,116,118,119,117,112,119,105,113,113,120,114,114,111,124,123,118,118,128,113,118,128,117,104,100,122,121,117,121,110,121,129,121,118,122,125,116,114,116,110,105,109,108,102,120,117,117,107,136,132,119,115,121,121,122,120,107,119,114,115,123,97,131,128,128,115,111,113,113,117,123,126,120,116,121,129,124,125,117,118,128,122,116,118,127,126,120,118,120,118,122,118,115,125,115,127,125,129,114,114,126,115,127,108,126,121,116,116,119,119,118,109,102,116,118,112,123,114,136,117,117,111,115,120,128,116,117,124,121,119,111,110,127,120,107,112,103,111,108,114,111,103,116,126,110,107,118,121,112,122,110,123,118,102,105,107,97,118,115,117,120,120,114,113,118,121,126,103,116,121,114,107,104,102,119,113,109,114,112,106,109,107,113,118,114,112,114,109,112
131,136,140,139,140,138,137,136,134,133,131,140,144,129,145,139,141,127,112,110,113,108,127,113,110,106,111,115,146,145,134,122,120,106,111,111,105,110,113,116,125,108,147,138,142,114,108,128,126,141,114,124,104,105,118,126,155,140,142,122,119,111,111,112,129,128,115,131,121,139,143,143,143,125,125,129,140,121,109,107,130,111,116,110,147,138,143,117,107,104,105,115,114,107,103,103,103,107,144,142,143,106,127,113,106,108,110,126,113,135,124,131,148,140,143,138,130,136,132,137,129,135,126,134,134,113,145,139,141,127,129,119,129,128,121,114,118,108,114,122,145,141,139,115,129,107,109,113,108,112,124,119,125,138,158,142,146,128,138,131,120,140,132,134,132,128,128,127,143,142,147,136,136,151,143,123,128,140,130,137,136,127,136,125,137,135,134,136,133,133,128,128,126,139,127,136,126
133,149,152,117,127,127,136,136,134,127,121,130,131,130,140,155,145,125,120,128,109,115,120,117,89,116,109,114,139,137,139,110,107,104,108,94,103,100,106,135,136,119,132,141,131,116,102,138,125,113,122,126,98,106,104,110,130,144,144,119,107,110,116,121,113,107,91,131,112,129,124,151,139,112,105,102,120,143,102,108,124,104,113,115,129,140,142,113,119,106,120,79,110,106,98,103,102,106,136,152,142,107,141,105,112,100,97,118,109,111,118,103,134,155,141,113,103,115,117,116,122,149,132,116,144,106,132,155,139,131,131,128,133,136,109,103,118,103,116,111,143,156,147,104,100,115,125,107,105,128,106,148,137,128,134,158,146,133,130,143,138,126,129,150,134,135,141,133,148,163,129,145,140,160,143,152,154,134,135,142,141,140,146,135,126,129,138,139,137,133,133,131,131,139,129,140,136
94,141,137,151,141,149,154,151,156,158,165,151,129,175,120,136,152,165,161,163,164,167,162,152,156,168,173,162,132,125,155,160,160,165,158,168,171,166,154,154,100,163,135,131,151,161,164,96,141,122,146,126,164,158,151,168,140,130,152,159,151,141,143,149,148,149,162,96,143,149,156,133,158,150,154,142,127,93,164,152,104,154,147,158,137,123,146,161,158,152,146,141,152,147,152,163,158,160,137,125,152,154,91,149,150,150,152,140,146,152,138,163,143,126,152,147,136,140,145,141,150,107,100,137,112,165,139,130,158,158,89,141,124,108,158,159,147,151,163,160,141,130,151,162,152,152,149,155,164,149,148,141,140,147,150,127,145,159,158,138,150,158,158,152,160,109,104,159,154,144,147,163,102,138,156,160,149,140,167,152,148,147,147,136,135,147,152,151,152,150,139,142,150,158,144,148,143
156,127,108,94,114,119,112,121,119,119,115,110,137,123,119,138,149,133,135,141,113,113,146,128,130,114,116,124,126,117,138,151,138,120,126,120,140,125,114,129,139,124,127,117,127,133,138,138,105,138,124,110,126,122,110,127,124,111,134,146,134,138,132,137,131,131,120,136,131,119,119,117,117,134,128,126,134,154,126,126,148,111,118,124,125,120,126,131,145,134,133,115,100,116,113,129,124,124,132,119,128,134,145,123,113,113,120,123,119,121,116,106,119,120,130,131,123,107,93,124,110,143,134,100,143,116,115,118,125,106,143,102,141,129,118,123,108,107,120,106,124,120,128,133,105,124,119,103,117,113,112,112,100,116,123,122,140,119,115,117,98,108,119,122,102,130,131,130,121,144,147,119,141,135,124,110,137,141,138,132,141,145,135,132,141,156,152,135,138,134,127,122,125,106,116,143,121
149,107,103,117,115,106,107,110,107,106,104,108,124,102,138,113,88,109,106,103,103,118,109,107,112,115,112,101,130,112,101,103,110,109,98,117,105,110,111,100,135,106,132,115,104,100,105,132,130,121,124,141,107,107,117,126,137,118,105,125,123,116,129,106,125,137,119,131,109,110,109,122,106,123,112,118,130,137,108,103,128,93,108,106,108,124,113,112,104,106,103,100,110,96,104,100,101,103,122,131,115,112,133,114,107,109,129,126,117,133,124,120,119,127,115,134,122,122,133,130,141,143,127,112,138,108,119,131,108,122,136,102,129,123,110,100,96,96,106,112,114,127,108,105,96,98,108,106,113,131,121,117,119,129,117,130,123,103,113,109,115,150,135,126,133,126,124,125,104,122,107,108,147,121,116,127,111,127,108,112,122,136,114,142,115,129,108,110,118,133,142,140,142,142,148,123,147
134,132,136,140,132,128,129,127,120,119,127,123,118,141,123,143,145,143,138,134,126,137,135,132,126,139,134,135,129,131,146,140,141,129,130,114,127,122,124,123,123,142,127,138,139,136,132,128,116,108,128,121,122,125,117,125,140,137,138,133,127,129,138,134,127,115,119,131,121,128,138,139,143,127,125,109,134,123,114,123,112,116,122,125,139,140,146,123,125,122,117,109,109,119,120,117,119,117,132,137,147,128,126,118,119,122,122,110,115,126,117,133,135,148,144,134,135,125,116,122,121,116,111,127,115,138,141,151,147,134,125,119,102,135,127,118,122,118,132,130,139,147,152,125,113,110,120,114,122,134,120,124,142,126,127,141,152,132,128,135,128,117,120,129,126,136,136,137,137,136,138,136,119,120,132,142,136,126,143,143,136,130,128,133,124,134,146,141,130,129,136,136,138,132,138,139,134
104,108,114,122,118,120,118,119,121,130,122,119,114,101,120,90,96,103,117,98,121,118,126,131,135,122,128,122,112,107,101,118,123,114,125,134,119,120,134,126,131,120,115,119,116,116,112,127,140,142,131,148,129,112,126,141,137,115,114,124,121,130,128,126,149,139,124,128,121,145,134,117,119,138,127,138,145,139,133,127,132,142,135,112,124,117,118,109,114,116,123,124,137,133,128,125,116,108,117,117,118,114,127,128,133,122,128,134,125,168,137,128,126,116,116,141,148,156,164,165,142,135,148,142,131,124,123,116,112,133,137,134,136,124,140,122,129,114,116,116,126,127,107,100,123,101,105,124,121,143,145,140,136,143,133,123,102,120,139,149,137,145,149,152,141,124,129,108,114,121,119,130,141,151,143,132,130,120,120,123,127,125,112,118,136,114,116,123,122,125,132,138,136,148,138,128,125
135,125,119,103,96,110,110,111,108,111,112,106,141,117,139,118,125,120,110,104,103,94,121,109,105,94,100,105,132,110,119,103,105,100,98,97,96,91,96,118,152,110,123,103,116,108,98,138,110,128,92,101,98,96,112,110,136,102,114,103,98,102,106,91,103,101,96,134,97,115,125,103,119,114,103,102,101,133,92,94,148,98,103,120,128,108,118,110,106,102,104,130,110,116,109,106,115,118,123,108,117,115,139,102,107,103,83,101,96,93,98,102,121,100,118,114,106,100,104,110,98,130,151,115,155,104,118,102,121,104,150,106,139,135,94,96,100,108,130,113,118,103,115,118,117,123,120,107,102,109,102,96,120,117,140,107,118,102,98,106,92,92,93,103,98,133,135,118,118,111,138,111,134,130,109,92,113,136,109,110,112,158,138,100,144,151,112,108,101,100,86,83,80,91,79,146,103
128,114,119,119,121,122,122,122,124,124,124,125,110,119,115,111,114,117,118,116,117,118,117,118,117,116,117,116,120,115,116,114,116,118,122,117,118,120,120,122,104,118,120,114,118,120,118,105,120,114,121,122,120,117,116,115,119,114,118,117,120,119,118,120,119,120,120,106,121,120,120,115,118,117,118,124,125,110,117,122,103,119,120,116,120,117,118,117,119,119,120,119,120,120,119,119,120,116,119,116,118,118,103,119,120,121,117,122,118,120,120,120,120,116,120,114,122,123,119,119,120,108,106,124,102,116,121,116,118,118,104,117,103,110,119,118,117,118,115,118,119,118,117,115,117,115,120,120,118,117,116,119,119,116,120,120,120,116,118,121,116,116,116,120,118,111,109,114,122,120,123,116,104,119,120,122,116,110,122,124,123,118,121,119,121,119,122,124,126,123,122,120,121,120,122,123,121
119,123,116,122,124,137,126,123,125,131,126,127,137,129,111,131,109,139,127,129,138,136,121,127,125,127,129,134,134,137,125,131,125,130,116,117,119,116,109,115,124,126,136,148,134,118,124,132,140,148,115,121,122,113,116,131,134,152,138,129,126,119,102,108,122,121,121,119,127,146,140,149,135,140,140,130,127,129,121,116,137,125,123,128,122,139,125,126,115,121,121,137,126,130,113,112,114,127,133,139,134,126,125,127,123,118,118,120,116,120,131,128,127,144,141,131,130,134,125,129,125,124,136,122,133,130,125,146,137,140,126,136,148,122,128,118,130,126,122,128,129,140,136,128,131,127,128,118,127,112,110,128,127,122,134,122,142,132,127,127,127,129,129,124,107,122,122,135,130,118,135,136,121,150,138,129,127,132,128,132,138,134,144,112,124,150,129,127,135,131,124,118,125,139,135,142,133
114,93,94,104,100,104,96,100,103,108,109,105,118,110,117,80,101,102,101,104,104,115,115,116,117,111,100,101,102,100,96,109,92,103,114,107,106,107,104,110,129,96,100,92,100,110,105,130,101,117,102,106,113,103,100,96,130,100,101,103,105,111,124,107,110,120,107,129,109,106,120,97,109,109,106,109,127,130,121,117,133,112,112,125,109,97,98,111,113,119,119,108,96,118,118,116,122,120,93,107,94,115,131,120,124,117,120,108,116,110,119,102,108,104,97,112,105,119,112,129,114,139,137,112,135,110,113,108,102,109,132,124,144,122,116,110,113,124,125,112,98,106,102,135,112,124,123,105,114,117,112,120,111,91,121,112,100,113,97,116,114,97,100,109,102,124,124,122,105,120,122,117,132,149,121,117,137,123,112,118,131,146,139,127,141,143,110,108,120,132,139,145,142,151,142,141,134
121,158,161,147,159,145,151,151,151,145,148,151,128,151,156,169,154,154,162,164,149,162,143,151,154,154,154,156,156,167,164,166,158,159,155,156,169,164,149,137,91,160,156,166,156,169,163,103,144,118,166,146,166,167,149,158,147,167,154,167,161,156,167,168,144,149,160,107,152,141,147,167,152,155,154,147,139,104,161,170,105,163,152,159,152,167,156,169,167,166,171,141,155,168,172,171,159,165,164,162,156,168,106,159,166,163,162,140,159,139,152,158,160,167,156,144,144,146,149,140,149,103,98,133,105,159,156,166,150,150,94,155,118,116,152,166,151,160,159,160,162,162,161,167,156,165,166,159,166,163,152,143,151,150,163,152,166,154,142,133,148,141,149,141,141,116,114,152,158,148,155,142,93,115,125,134,126,123,158,162,156,146,152,145,135,143,151,159,156,152,148,149,147,139,149,146,143
122,137,126,130,135,131,133,138,137,140,133,123,117,132,143,130,133,130,131,124,133,133,126,130,119,149,156,138,141,149,144,120,128,145,150,139,134,138,142,155,130,144,147,143,142,139,143,131,144,122,139,142,164,149,156,140,137,144,126,126,142,151,163,152,138,140,155,128,139,151,130,144,133,139,143,142,124,122,139,145,129,155,156,150,139,135,138,134,149,146,156,145,156,145,158,155,152,145,142,126,139,141,128,145,148,147,128,121,144,141,140,136,137,114,130,127,136,139,162,155,152,135,144,150,128,132,143,118,125,144,122,140,123,129,151,137,156,151,143,135,147,124,126,162,156,152,156,145,136,145,155,148,155,140,139,129,119,125,114,140,139,138,139,152,148,132,137,132,148,130,116,134,118,147,128,116,125,107,126,128,145,143,152,156,149,155,136,124,131,133,142,147,142,149,143,160,152
136,126,130,128,128,122,123,123,125,128,124,125,135,128,126,129,130,132,138,140,144,143,136,131,138,137,143,135,127,133,131,139,140,141,138,143,140,141,144,139,142,135,126,131,132,134,138,137,146,147,138,137,140,141,144,145,123,129,129,139,139,139,134,135,135,139,139,138,143,147,127,128,127,140,143,139,132,140,131,129,142,137,131,133,123,127,123,135,134,130,138,137,134,126,131,131,126,127,128,122,124,131,140,131,129,130,135,133,133,134,135,139,125,125,128,145,138,132,136,133,144,138,141,136,142,136,123,130,128,142,140,139,143,135,138,134,143,132,133,138,131,128,126,136,141,133,132,137,136,140,145,144,131,142,134,124,128,136,142,136,139,143,139,132,142,134,134,137,130,129,136,135,142,126,130,141,136,136,126,128,132,132,133,132,131,131,125,128,134,137,137,139,135,136,137,132,132
119,141,133,129,132,147,149,143,144,140,149,141,137,152,151,122,126,143,156,140,156,168,150,166,181,169,162,164,144,120,130,145,162,158,156,158,146,150,165,156,110,156,141,122,132,135,140,108,150,109,147,148,140,134,156,142,145,128,130,134,139,158,143,135,151,156,148,109,146,145,133,123,134,149,151,156,143,105,145,137,112,148,154,133,130,124,136,138,126,134,128,115,142,136,140,136,134,122,138,121,136,133,113,139,150,138,156,149,143,146,152,146,131,121,140,143,151,149,162,149,148,116,115,158,109,138,132,124,134,144,111,146,121,115,144,145,148,132,135,133,136,122,143,123,132,114,123,133,134,148,156,156,145,137,135,124,136,138,138,162,151,137,137,151,152,119,117,134,126,127,137,140,109,117,131,139,132,124,152,144,139,140,126,113,120,143,149,147,124,128,131,125,124,128,126,121,122
116,139,137,141,140,134,136,137,136,137,138,137,144,139,133,138,135,139,144,142,142,144,141,147,147,144,145,143,133,137,136,142,143,144,145,140,143,142,147,139,140,142,132,132,134,141,141,140,138,138,143,147,142,144,143,148,134,132,135,146,143,139,143,140,140,140,141,139,139,141,136,132,134,145,142,135,137,141,138,139,144,137,135,138,131,129,131,140,142,140,139,134,137,137,140,141,140,141,132,132,133,142,141,142,138,143,141,140,139,139,140,143,135,129,134,147,146,142,138,135,138,137,139,141,143,143,136,131,136,147,141,140,142,137,142,141,140,139,137,145,134,131,132,139,141,138,141,143,145,143,146,138,146,142,130,131,131,146,150,140,141,145,145,139,144,137,138,139,135,133,132,140,142,132,133,142,133,137,135,132,135,131,133,134,132,128,134,131,134,135,135,134,134,135,132,133,137
127,134,125,112,114,112,109,110,104,108,106,101,121,111,119,120,115,101,106,109,97,101,104,103,114,114,111,114,100,108,106,115,113,106,108,115,107,119,117,108,121,116,104,102,103,100,111,122,114,132,105,110,108,112,120,111,120,101,100,111,110,112,116,112,120,126,115,125,110,123,106,107,106,121,118,122,126,131,109,107,129,114,110,110,109,107,98,113,111,110,113,108,112,102,106,107,116,115,100,111,104,108,127,119,112,110,108,114,111,111,100,105,98,104,100,117,109,119,121,115,117,133,126,119,130,119,98,103,104,117,127,115,135,122,104,106,104,105,122,106,94,108,100,119,121,112,116,112,107,107,111,112,106,119,106,109,98,117,110,110,109,122,118,115,115,119,121,112,110,110,109,125,129,138,128,131,132,144,130,128,133,113,114,151,122,128,124,126,134,139,144,141,147,135,136,116,134
118,100,105,125,124,113,118,119,120,117,120,122,113,128,111,110,104,119,128,126,111,128,111,137,137,140,140,146,109,117,121,156,152,142,150,155,143,152,146,129,108,147,110,120,115,152,152,118,129,117,148,156,140,139,141,140,96,117,117,158,146,154,156,154,152,168,150,121,139,132,115,115,107,165,152,152,141,126,164,160,116,161,165,146,115,113,121,155,151,156,139,133,152,156,160,155,152,147,116,108,121,149,119,150,147,151,158,137,147,142,142,132,109,118,118,136,144,146,136,127,143,110,108,134,107,141,114,118,115,130,119,127,110,129,151,149,142,156,129,142,117,116,122,131,124,137,129,143,150,142,146,131,138,115,98,118,115,138,144,129,146,152,152,132,141,127,125,107,98,100,104,100,117,105,94,114,94,92,106,103,104,123,113,92,97,100,116,115,107,109,114,114,100,110,105,118,114
114,109,109,108,104,111,113,110,114,109,112,116,119,141,115,112,135,124,144,149,121,146,105,143,140,144,145,143,134,101,138,144,140,146,148,135,143,143,136,129,109,156,140,105,130,144,139,124,134,106,136,142,127,152,143,131,116,100,124,142,129,132,154,139,138,142,129,108,127,104,114,102,124,130,123,113,122,97,132,142,93,143,136,118,124,107,119,130,129,136,123,90,130,130,149,144,144,139,136,106,120,135,120,135,133,144,129,123,134,119,96,105,127,107,124,122,121,109,109,100,96,87,100,124,103,126,126,103,124,114,106,108,97,122,117,131,125,148,117,136,131,102,117,123,123,139,133,134,143,120,123,114,120,118,109,114,118,133,133,94,116,120,102,93,110,121,118,87,117,116,100,116,96,106,97,109,92,98,111,106,106,109,105,110,109,102,126,114,110,106,118,111,121,104,112,97,112
121,124,130,138,132,131,129,130,130,133,133,130,134,131,121,131,139,135,138,141,152,140,141,132,139,135,139,135,123,127,129,137,143,137,132,133,134,122,135,137,132,134,119,125,128,132,139,135,129,134,128,115,140,138,137,142,126,126,124,137,135,135,118,131,125,128,135,131,140,134,130,127,137,134,133,122,123,134,122,123,131,127,132,147,131,135,131,135,132,126,121,130,131,124,135,134,140,142,133,126,133,135,134,133,129,135,128,136,138,131,148,137,129,129,132,143,136,129,125,119,126,131,134,132,142,147,130,129,140,141,131,135,132,131,139,141,149,144,156,139,135,131,131,133,129,143,141,140,141,137,143,158,136,136,126,128,133,149,148,152,148,135,138,135,135,133,133,159,136,131,143,147,130,138,152,149,150,143,143,134,135,131,126,135,128,141,140,134,137,133,134,139,143,146,146,129,140
122,179,165,187,187,179,187,181,183,174,182,175,150,193,174,173,182,181,187,192,178,183,167,172,149,176,172,152,168,187,173,163,160,167,167,154,169,166,152,156,97,166,170,187,182,160,174,105,168,138,158,149,167,172,156,155,160,191,179,156,159,160,166,159,147,145,150,100,172,149,170,187,179,156,164,159,151,118,158,161,105,168,156,169,183,189,179,166,165,169,163,156,154,161,163,166,158,164,176,179,175,173,110,173,164,164,164,144,170,154,164,165,178,179,179,151,171,159,150,145,141,117,112,149,119,171,179,176,179,183,107,170,125,93,155,165,162,165,171,154,178,178,175,170,152,169,158,150,156,149,152,156,152,140,163,174,165,174,162,165,173,137,145,154,145,89,94,162,174,185,172,171,108,136,152,154,154,142,172,179,187,151,163,185,172,167,176,186,189,185,194,191,196,172,191,152,194
114,113,115,110,107,108,110,110,113,110,114,112,119,120,106,117,111,120,121,124,123,126,118,125,122,131,131,124,110,113,115,123,125,130,125,122,131,129,124,135,100,126,110,107,113,127,131,82,133,117,126,128,134,127,131,117,114,106,120,119,127,129,126,131,122,123,130,83,124,117,117,104,118,115,128,123,114,115,127,127,115,128,128,126,116,108,112,122,128,125,123,121,129,128,129,123,126,124,113,102,115,124,88,124,124,124,124,126,127,126,121,124,111,107,113,116,131,122,121,126,134,111,111,126,117,121,111,110,117,115,96,120,116,84,132,126,124,116,119,118,113,109,113,119,121,112,111,123,122,123,126,122,117,116,114,104,115,113,120,119,118,118,125,125,124,80,79,128,113,105,117,117,96,107,114,115,118,101,111,107,109,116,112,120,113,112,114,112,111,109,119,116,118,106,116,111,114
133,136,134,126,123,122,122,120,120,119,118,120,125,119,138,129,113,111,115,120,117,124,120,122,117,123,123,129,125,119,110,133,135,132,125,125,130,134,117,127,136,128,123,122,115,137,127,130,123,121,131,130,123,129,128,135,127,119,110,141,123,133,135,127,136,136,126,129,131,132,119,120,110,128,123,128,129,130,125,130,128,129,134,125,127,123,111,131,131,130,132,127,127,133,130,132,132,128,119,123,111,132,132,127,134,129,132,129,125,119,119,127,124,126,110,126,121,120,131,126,130,122,118,122,132,132,124,125,110,125,125,121,125,126,133,134,129,127,128,149,120,126,109,123,130,126,123,127,140,142,138,118,124,145,132,126,105,125,131,126,133,134,130,129,132,125,128,126,126,121,117,119,127,116,118,125,124,130,124,128,127,124,132,136,134,137,121,122,122,124,127,125,122,135,129,132,124
129,130,130,134,130,116,119,118,117,118,122,122,115,123,120,123,128,123,121,123,132,122,120,124,118,120,124,122,117,131,124,134,135,126,134,125,133,140,121,119,119,129,111,132,117,132,129,117,129,133,131,134,136,136,127,131,120,131,122,136,131,129,144,147,131,128,143,116,136,124,121,134,122,125,134,131,144,124,143,132,125,130,131,119,123,133,125,127,126,126,126,129,135,129,131,130,130,129,116,132,125,125,117,128,129,128,129,134,129,123,119,129,120,131,124,116,124,127,129,132,139,132,125,121,125,115,116,129,121,122,121,136,125,118,130,132,120,129,121,120,114,124,118,130,140,131,125,128,129,126,120,113,122,118,117,123,120,120,125,121,121,126,130,130,127,118,120,109,129,133,123,119,121,147,136,113,121,121,109,117,118,119,127,134,129,115,119,117,124,117,118,131,134,129,127,132,128
138,119,125,129,126,132,129,132,134,129,134,136,135,125,128,120,127,130,125,128,134,120,132,126,124,124,119,123,127,120,127,127,127,120,119,127,127,124,123,121,132,122,127,119,129,123,126,131,113,125,124,129,127,119,122,125,126,124,137,127,126,118,117,116,134,128,126,130,132,135,132,124,138,130,128,128,124,135,125,123,134,126,123,135,128,125,135,130,125,121,124,125,114,124,125,124,127,123,125,129,137,124,132,125,128,123,127,127,128,125,134,129,126,133,137,135,128,131,128,134,135,127,134,126,135,128,129,132,138,127,131,135,137,129,130,127,133,126,129,128,128,131,138,127,126,125,129,125,128,130,127,129,129,120,129,129,140,125,130,131,128,126,125,126,123,128,128,125,127,135,133,127,130,121,123,127,128,127,129,131,130,130,129,125,125,126,127,133,130,128,128,124,126,123,128,131,126
137,121,121,163,149,119,124,136,128,119,104,120,114,91,141,148,101,111,102,94,88,104,93,98,102,84,88,121,137,166,106,114,115,88,107,117,106,116,116,98,133,107,147,175,128,104,109,146,135,144,127,134,116,112,94,117,149,179,122,123,110,110,131,114,144,134,111,137,96,107,131,179,128,137,117,117,148,147,136,130,136,122,119,100,151,183,134,106,104,103,113,113,118,131,111,113,100,108,156,189,134,117,146,122,116,105,120,131,104,125,114,120,156,179,135,123,125,136,129,155,138,148,132,128,136,112,166,178,128,133,146,125,137,140,135,131,121,122,101,121,156,176,135,106,125,126,126,123,113,103,110,97,115,145,175,178,140,114,122,98,113,133,124,126,123,140,143,116,138,145,126,130,146,149,130,120,137,148,121,128,144,114,106,176,102,111,123,126,133,143,147,139,149,162,152,100,141
115,113,124,124,122,114,120,119,117,115,117,124,137,112,127,109,120,110,113,109,116,113,124,119,117,114,118,117,128,111,114,117,119,111,116,116,116,123,112,117,136,117,129,109,116,108,116,129,119,128,112,121,114,110,112,119,136,114,120,111,115,111,108,107,115,119,120,127,123,115,123,113,125,114,120,120,118,134,117,115,135,112,116,126,124,112,119,116,112,115,125,125,120,111,113,111,113,119,125,109,120,112,132,112,117,117,117,119,116,112,111,116,128,111,118,116,115,111,111,111,119,142,138,105,142,113,125,110,125,111,131,116,140,125,118,112,108,114,115,111,119,107,111,119,120,122,122,119,115,115,108,110,104,109,123,106,110,105,112,120,108,107,109,114,114,124,127,114,114,116,117,115,134,138,119,115,133,138,123,126,128,106,118,105,113,112,118,116,123,125,115,115,116,118,114,117,109
127,123,117,100,92,111,107,105,107,108,120,112,134,135,114,114,129,142,139,136,143,138,109,114,128,135,136,135,104,117,136,130,130,130,130,131,124,129,125,129,145,143,98,115,116,127,128,126,132,123,115,102,130,129,130,136,87,115,117,125,120,114,118,120,119,132,124,132,125,126,94,114,106,120,123,133,113,145,127,132,143,140,132,144,94,116,104,117,135,136,140,140,127,119,118,132,135,134,90,114,107,130,133,140,143,133,144,126,137,149,154,138,96,124,111,138,137,145,140,125,136,147,146,140,169,138,82,120,123,140,148,159,150,127,142,138,129,131,133,120,93,116,112,122,101,128,126,106,111,114,127,152,146,137,103,117,114,140,140,127,143,144,143,119,149,123,128,144,115,113,116,134,149,151,120,131,138,152,115,109,97,143,128,116,113,129,110,106,98,101,97,106,110,137,107,128,103
105,141,127,140,141,129,130,127,126,135,133,126,119,160,141,135,141,152,162,166,159,166,158,159,152,168,168,161,128,143,152,172,166,166,178,159,163,155,161,173,102,170,121,136,133,166,161,111,140,111,173,148,156,172,168,158,120,137,129,158,162,167,164,164,138,145,156,115,159,155,129,135,128,152,158,139,142,110,162,168,105,160,155,171,139,139,129,173,160,162,151,165,164,160,176,162,159,156,128,148,127,169,108,162,160,163,152,148,172,154,167,152,133,146,136,159,163,167,145,155,148,90,100,148,109,170,131,150,138,152,108,155,86,129,150,152,152,152,163,162,140,152,148,169,165,168,174,162,149,176,168,155,160,158,146,160,146,170,163,172,162,156,155,161,159,124,118,149,135,136,145,146,102,118,119,144,110,94,127,126,130,150,144,127,134,129,124,135,132,132,125,130,126,113,120,142,131
129,164,159,145,160,158,160,158,151,156,150,154,143,158,158,161,166,152,129,135,141,127,141,121,132,136,132,126,164,148,156,125,125,126,118,128,121,116,132,135,117,125,156,151,152,124,119,116,128,138,113,123,115,114,132,130,149,149,154,119,113,127,104,106,116,124,122,116,124,130,152,149,158,128,127,124,129,110,120,116,120,116,121,132,156,148,156,134,113,111,116,119,128,116,110,110,113,122,152,144,151,120,113,111,108,110,118,132,111,115,125,131,156,146,151,142,117,111,115,110,117,117,130,114,131,129,150,152,148,132,120,101,121,122,115,112,118,108,140,127,158,148,148,129,127,116,112,118,116,121,119,120,127,132,151,150,150,130,119,131,113,134,133,132,128,120,119,147,159,162,155,148,117,138,138,135,143,151,162,162,152,151,169,129,156,152,159,158,149,143,134,125,124,127,123,169,135
134,126,130,131,136,126,126,130,132,129,125,128,129,130,133,118,125,124,123,128,129,124,130,118,122,114,120,118,124,125,125,123,118,124,116,115,117,119,115,127,123,126,125,119,124,122,117,121,129,141,120,122,130,125,120,121,129,122,124,125,120,121,122,123,124,121,117,120,129,119,127,122,123,119,119,123,136,131,116,120,123,123,125,130,120,117,124,124,127,124,125,137,129,126,122,127,129,130,123,116,121,127,123,124,132,132,124,133,124,121,131,122,129,117,121,119,126,122,132,138,125,124,133,123,124,127,124,117,125,117,125,134,134,123,123,124,132,139,127,129,126,116,122,137,138,129,132,129,128,130,130,141,133,132,130,119,119,129,129,141,127,117,116,134,129,121,120,128,134,130,129,134,119,128,128,120,132,126,123,131,142,131,133,113,137,128,121,123,126,125,124,119,113,118,115,134,114
106,121,125,123,126,122,118,119,120,121,116,112,114,125,131,130,134,125,124,125,120,113,111,110,111,117,115,113,117,124,127,117,115,116,120,111,114,110,112,109,109,118,120,127,128,122,127,114,125,132,120,117,126,129,126,125,123,128,131,124,125,125,124,123,119,122,128,121,128,130,127,122,125,109,115,121,125,121,123,118,123,123,118,121,124,117,121,115,111,113,111,115,117,113,116,118,114,119,118,117,122,119,111,119,115,121,117,118,116,122,117,115,120,121,126,131,123,127,121,125,126,121,121,126,125,125,123,123,132,127,120,136,129,118,131,130,130,130,130,125,124,117,129,122,117,126,123,117,117,117,121,124,118,115,122,112,125,122,119,113,114,116,117,109,115,113,111,112,122,119,125,115,114,106,111,117,112,107,115,118,120,126,127,116,129,118,126,128,129,122,118,122,124,119,118,133,120
126,115,119,116,115,119,119,118,119,118,117,116,113,116,112,119,121,122,116,113,117,113,116,117,122,118,119,118,120,119,116,124,125,119,125,125,120,127,123,124,104,117,120,116,121,117,124,89,128,114,127,129,120,121,124,119,114,118,118,123,120,124,126,128,132,126,126,89,121,116,114,116,117,126,123,123,123,122,120,119,111,115,118,121,120,119,123,124,118,116,115,109,118,118,114,114,116,118,119,116,123,120,91,115,114,114,121,127,115,124,119,118,119,120,123,123,118,123,114,124,126,119,112,120,114,119,116,117,122,118,96,113,113,88,121,116,116,111,119,121,115,114,120,120,118,117,117,117,116,121,123,117,112,123,116,113,120,113,121,118,118,130,129,121,121,90,88,120,115,114,122,112,104,116,114,119,108,112,119,115,116,118,113,108,115,121,118,121,117,111,109,110,112,108,114,116,107
138,125,128,128,132,135,132,127,127,135,133,132,123,130,119,135,131,135,128,134,128,124,120,122,122,123,119,119,118,128,134,124,121,125,128,126,127,129,123,114,136,120,117,128,128,131,128,130,135,126,124,117,133,139,115,126,117,131,134,132,131,127,137,136,115,124,131,132,131,132,127,133,140,126,130,131,126,125,129,133,134,128,130,138,131,132,138,137,133,133,145,134,134,128,128,133,130,136,126,132,139,135,131,137,141,133,137,122,129,127,133,133,127,136,135,134,131,131,133,123,127,133,131,128,124,129,125,139,142,138,131,142,137,126,126,132,126,129,125,132,130,136,142,137,134,136,144,136,137,125,130,137,141,136,121,133,138,144,142,127,137,135,135,134,140,126,127,130,128,129,123,147,136,142,138,134,127,123,131,125,124,117,124,121,126,126,135,129,125,119,123,124,125,130,127,121,126
137,116,111,117,122,121,122,124,123,120,118,121,112,118,120,121,116,119,120,120,110,117,120,121,118,120,116,119,125,118,121,116,121,119,119,115,117,124,123,127,103,118,127,119,118,118,119,111,117,104,116,131,115,114,120,113,121,118,119,116,114,126,124,120,123,129,118,107,119,122,120,119,118,121,118,129,126,100,123,124,96,119,122,119,129,117,120,114,122,122,119,106,122,123,118,120,120,119,124,114,119,118,109,117,119,117,123,125,119,116,113,113,124,119,119,117,116,122,115,119,125,104,96,122,97,113,126,120,117,115,102,116,98,115,116,112,111,117,109,111,121,120,116,118,109,118,113,115,117,121,116,116,117,113,117,121,117,121,118,124,115,120,126,127,119,116,114,112,118,121,123,118,100,107,117,118,117,102,117,121,122,122,123,122,125,127,117,121,123,123,124,127,128,113,128,120,121
118,143,127,140,134,151,142,142,144,148,145,145,142,128,132,133,129,126,136,130,136,120,139,130,122,125,110,114,147,158,126,122,123,100,118,118,113,123,114,115,116,105,145,140,133,120,118,116,91,133,109,129,117,106,119,115,131,139,131,111,122,117,108,121,136,116,122,120,103,130,140,142,131,122,121,119,130,124,121,119,134,115,125,103,148,142,135,115,119,108,117,120,119,120,114,121,121,120,148,141,133,115,120,111,114,112,111,121,118,132,114,128,148,133,132,126,123,120,132,136,130,133,139,133,134,122,149,127,137,131,126,121,132,122,118,109,118,110,113,119,148,134,131,120,126,112,107,117,112,120,122,119,128,131,150,137,135,126,132,123,115,136,126,150,147,118,123,117,158,154,150,135,132,128,145,129,137,114,115,122,129,120,138,129,145,136,115,120,134,131,130,129,134,120,122,121,139
137,123,127,116,130,142,138,141,141,144,142,148,133,140,134,120,137,136,138,133,144,138,144,138,139,138,141,143,135,116,136,132,133,137,141,137,137,140,134,140,122,135,139,121,135,136,136,132,126,133,133,133,135,136,140,150,139,120,132,137,138,136,126,133,131,128,137,131,141,147,145,121,136,140,141,133,134,122,133,129,124,139,140,137,129,115,138,137,134,137,135,138,142,137,134,136,133,128,135,116,136,136,129,135,137,130,133,146,136,143,136,141,133,112,137,144,141,147,146,141,148,120,122,136,119,133,136,115,137,142,126,152,127,133,147,145,149,144,137,146,138,119,137,147,154,136,135,140,137,143,144,131,140,143,139,127,138,138,137,147,141,145,147,148,149,134,133,139,147,127,145,143,118,119,145,139,142,123,132,133,140,143,150,137,142,133,128,138,144,141,134,136,126,118,132,144,138
123,130,137,116,129,146,144,147,147,150,145,152,140,129,143,123,129,111,130,131,125,126,135,142,143,139,142,144,152,129,133,135,137,141,132,124,134,144,133,133,135,141,145,124,135,129,133,129,131,125,120,126,134,125,126,141,146,123,145,134,129,124,115,130,126,128,133,132,143,152,142,119,145,132,133,144,110,126,119,122,130,137,129,127,141,121,144,122,126,126,114,117,112,108,111,118,121,128,140,120,139,115,126,112,125,128,112,115,118,116,104,121,135,115,137,112,121,110,100,125,109,116,115,115,119,122,132,113,132,107,133,121,136,135,106,110,112,122,121,116,141,112,135,114,120,117,122,115,121,107,110,118,123,118,138,113,139,108,108,127,122,129,129,117,107,130,129,133,138,125,144,107,119,121,115,111,123,139,144,151,133,133,135,123,142,124,130,149,141,140,139,125,114,107,126,129,133
129,122,124,128,131,122,124,126,123,127,124,121,118,132,136,128,130,129,132,135,133,135,134,133,142,139,143,143,136,140,128,149,149,144,141,144,147,143,145,130,121,143,137,141,125,142,147,124,138,125,146,139,141,147,146,149,131,137,122,145,141,147,150,144,135,140,142,127,143,137,131,139,124,146,147,139,137,117,146,149,117,148,147,138,140,137,126,146,146,141,143,126,138,138,141,141,135,136,139,137,130,139,125,140,138,144,148,143,140,142,134,143,135,141,131,144,145,146,139,139,141,117,122,141,126,143,137,141,127,146,122,141,127,129,147,146,139,142,135,144,142,141,128,139,147,138,138,140,148,150,144,125,141,140,139,143,130,141,144,136,139,145,146,134,139,128,128,118,135,131,131,130,121,128,125,135,121,123,127,132,135,123,123,127,122,123,129,132,134,139,131,130,129,110,124,123,130
140,146,149,134,135,137,138,134,136,135,134,134,126,130,130,159,144,142,136,131,140,136,142,132,140,138,127,128,144,144,144,143,144,130,140,139,135,131,134,133,135,131,134,137,138,133,133,143,132,130,138,138,136,129,123,136,132,134,132,138,136,135,139,130,144,140,142,144,124,135,131,134,132,137,138,140,144,135,137,133,134,132,130,130,138,133,134,140,128,131,131,127,138,132,128,130,122,123,132,132,133,131,137,137,131,131,137,139,130,144,131,129,135,138,138,148,139,148,140,134,145,139,133,135,123,127,134,141,133,139,136,141,129,146,139,133,138,132,121,124,131,141,136,137,152,137,132,136,141,146,144,140,129,146,134,132,134,138,146,142,143,150,152,150,147,145,143,126,138,136,135,143,141,135,142,144,130,130,135,131,128,135,135,141,134,146,135,135,136,135,129,132,127,123,126,137,139
130,118,120,114,113,120,118,117,120,120,121,117,121,118,118,127,121,121,119,117,117,120,113,116,121,118,118,121,127,126,117,118,119,117,117,120,115,113,117,119,117,116,126,122,120,114,119,119,125,120,116,118,116,114,117,115,120,122,124,116,116,115,112,111,114,116,114,121,116,122,121,125,122,116,118,117,113,118,118,113,118,116,117,111,127,128,124,115,114,114,116,118,118,115,115,113,113,113,125,127,123,113,118,110,111,114,115,113,113,112,109,115,127,127,125,114,113,115,120,115,116,119,117,119,118,115,128,129,123,115,118,111,119,121,115,114,117,112,114,116,127,129,124,112,115,113,111,117,115,112,116,113,112,114,129,130,126,112,113,113,113,117,116,113,112,120,120,117,126,121,125,114,114,116,116,116,114,118,123,124,121,123,120,120,125,115,120,121,119,119,121,120,119,121,123,124,119
92,136,146,122,109,111,105,106,108,108,110,109,97,133,123,140,128,120,120,129,135,133,113,116,115,118,131,123,98,119,129,115,109,124,126,114,127,117,106,113,91,131,96,113,115,125,119,111,123,94,130,118,136,128,121,134,101,111,114,130,133,121,125,128,104,111,124,111,126,118,115,113,116,116,124,120,111,87,131,133,93,143,139,149,105,120,116,134,130,137,141,139,127,135,150,143,143,146,100,113,116,145,106,137,151,149,141,124,151,134,138,143,106,122,120,136,134,127,137,131,124,96,100,127,109,145,110,125,123,130,104,141,101,126,143,156,145,149,152,148,112,128,132,148,130,144,147,149,151,139,140,145,138,125,128,129,137,134,127,127,137,129,132,114,133,126,121,136,104,128,116,119,104,111,111,126,115,123,120,108,107,139,111,113,103,125,121,108,103,103,100,96,117,100,110,127,113
131,121,126,127,130,132,132,129,129,128,126,130,125,122,128,123,125,121,126,123,113,120,125,130,129,125,125,131,125,109,138,128,128,121,120,127,127,131,132,125,120,127,125,108,135,130,128,123,116,113,135,136,127,129,126,135,127,108,131,131,129,120,138,129,136,135,129,121,120,132,129,108,132,127,128,130,127,119,133,136,125,121,120,128,125,107,130,132,126,129,121,114,126,136,125,130,124,127,117,118,129,123,119,121,122,127,125,123,118,126,120,118,123,114,127,123,111,124,115,117,127,121,119,115,123,129,122,115,121,119,122,115,117,123,121,123,107,117,123,132,115,115,122,124,122,117,122,124,127,124,114,112,126,133,120,114,117,115,119,117,123,126,120,130,127,123,123,126,122,121,120,118,122,120,117,112,119,118,130,131,124,127,132,130,121,123,124,132,133,126,123,119,121,117,114,125,129
94,132,131,122,130,146,139,142,135,139,134,138,124,128,106,143,132,148,132,144,137,133,144,131,131,135,130,132,140,132,146,129,133,144,132,125,136,123,145,144,115,136,143,130,151,128,130,113,154,139,148,151,134,138,146,130,121,134,145,148,145,154,136,130,142,147,138,116,156,154,149,134,149,164,152,174,162,117,137,140,115,151,146,133,158,137,155,145,139,144,155,120,136,131,119,129,126,131,147,136,148,125,116,152,134,135,137,155,135,138,144,137,150,138,148,137,161,150,155,152,142,133,126,156,126,145,133,139,142,160,120,148,125,110,142,131,125,132,121,131,136,143,140,132,147,141,140,137,135,135,130,149,127,139,131,137,123,135,151,147,140,134,146,137,138,110,110,124,155,123,124,152,118,127,134,151,151,136,150,152,132,111,142,111,128,130,151,152,145,138,137,139,126,129,123,124,125
120,119,119,110,111,117,115,114,116,118,117,114,105,111,121,118,113,109,119,116,110,119,112,118,112,115,118,114,117,118,113,115,115,119,115,115,119,119,116,118,111,119,118,115,110,119,120,110,125,109,119,114,121,118,115,113,120,115,111,119,119,114,117,124,112,112,117,113,115,115,114,114,108,113,117,115,112,108,122,124,107,121,116,111,114,115,108,116,126,123,121,121,125,126,122,120,118,116,116,114,110,121,109,119,122,123,120,113,122,119,117,117,116,114,109,114,120,122,123,121,119,110,112,120,104,113,119,115,112,116,111,123,104,117,122,119,117,114,114,110,121,114,109,111,113,114,115,117,115,109,112,109,111,109,123,113,109,114,113,113,113,105,111,112,114,117,115,111,120,116,116,114,109,116,116,116,114,113,120,124,122,114,118,117,121,111,117,121,118,118,118,116,109,108,113,119,117
133,125,152,140,129,125,127,130,129,121,125,124,128,142,130,138,134,159,138,141,159,134,128,131,124,135,139,134,117,134,139,126,128,135,127,119,132,117,116,120,138,123,120,133,143,119,140,135,132,152,118,101,129,129,133,132,118,134,141,121,138,119,110,132,106,128,145,128,126,143,127,131,140,129,145,128,111,123,114,126,142,134,128,146,133,139,142,113,142,132,139,148,131,127,124,128,130,132,129,144,142,125,144,143,135,127,125,123,141,145,128,142,123,140,138,129,137,123,144,141,141,152,141,152,136,126,124,144,131,129,141,141,140,130,139,132,139,132,145,114,126,136,139,122,124,134,130,128,118,127,130,136,139,149,142,135,144,131,139,127,145,143,143,119,140,133,137,144,133,142,133,135,135,152,139,128,134,138,135,134,130,122,125,130,123,139,139,129,127,131,129,135,133,136,125,126,114
104,134,137,128,125,138,133,132,140,144,146,135,147,147,127,131,147,149,144,145,146,140,140,139,138,142,141,138,127,122,143,129,135,137,129,132,141,132,128,130,141,139,126,124,135,137,137,134,131,154,129,123,134,135,130,131,126,123,142,131,132,129,119,133,121,119,131,133,126,130,129,120,135,129,140,132,124,150,125,130,144,132,125,132,122,119,132,138,141,137,140,158,141,140,136,134,135,141,124,116,134,137,135,135,131,137,127,131,134,131,129,139,122,120,134,135,137,136,133,124,124,144,148,137,148,137,119,124,138,139,136,139,148,124,132,132,137,139,139,133,119,121,139,135,136,129,129,134,130,132,135,130,137,125,121,123,135,132,131,134,131,119,119,134,129,122,127,134,129,136,136,137,147,144,134,133,144,152,140,136,132,150,130,120,131,132,141,135,128,123,128,131,118,116,120,140,123
119,116,110,112,108,133,122,120,125,131,136,131,130,138,116,119,125,125,143,132,149,148,138,154,143,143,147,140,128,116,128,132,133,148,145,135,146,141,138,140,122,152,134,113,134,143,142,123,129,122,146,141,152,144,156,148,140,117,129,140,150,143,141,144,143,133,148,124,155,144,145,124,136,135,147,138,133,107,149,147,118,152,154,152,128,122,138,140,144,140,144,156,151,152,150,147,148,139,128,125,136,144,120,143,146,149,136,150,147,147,152,152,133,117,138,135,152,145,143,146,138,114,115,141,117,144,128,109,137,143,115,137,113,122,136,143,148,145,139,141,121,112,131,134,140,133,127,140,138,126,137,123,138,139,133,118,128,126,124,133,128,134,138,131,124,125,124,126,132,118,140,127,114,137,133,131,126,105,106,107,105,121,132,126,115,126,106,107,110,111,117,116,114,125,122,126,130
128,122,120,137,124,116,118,115,114,114,111,119,127,108,126,120,112,106,106,107,104,110,125,122,126,112,111,112,114,107,110,126,120,115,110,116,115,112,117,117,128,109,118,108,106,122,112,124,119,129,126,126,114,110,106,116,132,109,110,123,114,117,122,115,123,122,115,125,112,118,123,106,114,119,111,118,121,127,127,124,128,111,115,117,114,105,114,130,125,124,123,127,125,121,129,121,121,121,110,108,114,118,123,116,121,122,119,124,122,121,110,105,112,108,114,125,114,117,114,117,116,126,123,100,128,110,112,107,114,100,125,114,135,118,112,114,105,115,100,108,110,108,112,119,117,119,108,116,113,121,111,112,93,111,108,108,113,112,110,116,108,128,126,117,106,119,120,98,112,123,112,105,127,120,109,101,110,109,100,110,113,88,103,119,111,110,98,109,122,120,122,128,121,127,120,104,124
117,129,140,155,144,142,142,140,137,135,135,126,108,144,144,144,139,145,142,147,151,152,139,146,145,134,147,139,137,145,149,136,141,143,137,137,152,146,135,123,102,143,135,132,151,150,144,116,133,119,151,134,149,150,140,152,143,133,149,158,158,147,148,140,138,125,148,118,128,139,140,131,139,148,150,133,127,110,150,140,100,143,129,154,140,127,145,148,142,141,139,111,137,132,154,147,141,142,131,129,145,158,118,152,146,142,145,132,146,135,142,159,136,130,143,151,144,137,137,135,137,101,107,133,100,151,127,127,138,156,110,146,108,124,136,138,148,139,150,155,133,133,137,145,144,133,129,150,152,152,149,124,141,146,128,128,139,150,154,130,134,143,135,125,131,120,118,143,131,146,139,140,103,100,123,132,107,110,135,132,129,147,151,152,146,140,145,138,135,137,147,152,160,152,162,145,156
124,118,119,122,123,125,123,122,120,122,122,121,125,120,124,119,120,120,123,124,122,121,123,123,121,120,119,119,118,115,119,118,117,123,118,117,123,120,118,121,131,121,121,118,122,124,120,129,119,134,124,122,123,122,117,121,129,120,123,122,124,119,119,120,117,117,120,130,121,122,122,120,123,119,120,121,123,129,120,122,132,120,119,122,123,122,122,119,121,125,119,125,120,124,126,123,124,123,120,125,120,126,129,127,125,125,122,126,124,123,127,123,123,124,121,125,124,125,122,116,122,130,130,124,130,125,122,124,120,122,127,123,130,128,124,124,124,122,121,126,123,121,120,115,121,122,122,122,122,128,128,121,126,125,121,121,117,124,127,123,126,126,130,125,125,127,127,120,120,124,122,122,130,121,119,123,122,127,123,125,120,129,125,123,124,118,121,124,123,123,121,121,125,118,127,127,126
131,120,129,116,131,141,140,135,138,138,143,145,135,140,119,132,139,142,135,139,127,126,129,129,111,113,123,109,129,131,139,109,109,115,105,104,115,115,97,121,115,119,124,127,150,122,118,124,116,124,124,124,115,115,113,116,120,122,145,110,128,102,110,113,105,110,116,127,123,116,133,125,148,104,122,116,118,138,115,122,129,121,113,126,132,129,147,128,122,129,120,114,129,131,123,130,119,135,133,125,145,134,124,133,132,127,127,137,133,121,128,124,123,126,140,94,119,120,114,109,120,141,129,114,132,116,119,128,150,119,121,113,114,119,113,112,111,112,122,126,125,126,147,130,121,119,123,127,123,117,120,122,133,124,124,128,141,120,105,100,109,108,112,114,103,122,123,131,134,139,151,120,114,128,122,109,129,137,143,141,134,144,127,130,135,141,146,141,135,131,131,126,130,142,134,131,123
130,127,135,144,146,142,143,140,133,133,128,134,135,123,122,127,113,120,100,106,112,116,119,108,105,115,96,91,137,131,116,100,105,100,126,85,103,101,101,124,136,100,132,137,130,103,100,138,106,109,104,118,110,106,104,97,135,135,126,88,97,111,121,106,114,106,117,138,128,111,137,140,127,82,100,127,123,142,111,107,128,102,112,125,137,133,129,114,110,107,125,117,109,109,124,118,119,111,138,139,131,106,137,121,123,114,115,121,120,114,122,96,140,126,130,100,109,119,129,126,110,122,125,108,131,106,138,137,131,103,133,124,121,126,104,105,102,100,106,108,144,142,136,119,120,128,127,116,109,135,108,129,119,116,137,138,135,120,121,126,123,124,128,142,143,126,129,120,138,135,132,129,137,136,134,123,133,122,122,125,118,119,135,138,127,136,126,127,125,127,127,135,135,136,131,122,136
96,118,119,106,111,115,109,108,109,110,114,107,118,108,108,111,117,119,124,123,125,114,115,126,123,125,126,126,104,112,111,126,127,123,124,131,119,123,131,127,134,125,105,108,115,131,131,135,112,129,134,123,132,132,129,121,102,112,109,133,138,131,126,136,126,128,130,129,116,113,103,110,109,136,132,119,118,138,117,132,137,131,133,123,104,108,112,133,136,139,138,138,132,129,134,134,131,150,106,107,109,133,136,133,136,142,125,120,130,117,119,127,108,106,111,124,125,120,116,116,111,133,135,132,134,133,102,103,104,128,133,121,141,128,121,129,132,138,137,137,106,100,117,138,130,147,149,143,131,108,120,110,117,97,100,98,114,123,117,110,110,109,104,101,105,128,129,111,108,103,101,115,136,113,108,106,113,125,119,112,111,100,104,105,97,118,116,113,106,103,101,97,93,107,98,98,97
128,130,131,103,109,126,125,123,127,132,131,127,123,129,122,127,148,139,130,128,144,125,152,133,131,136,123,117,127,103,131,119,123,121,119,126,117,116,133,134,124,117,127,102,135,111,116,123,123,128,126,119,123,120,122,122,124,101,132,120,119,122,105,112,121,118,118,115,131,134,136,107,136,114,122,130,119,120,115,112,122,121,120,128,131,96,132,121,120,121,133,123,123,113,119,118,120,122,125,105,129,122,122,133,126,133,132,143,140,138,136,119,124,101,131,142,134,139,134,134,134,128,131,132,125,122,114,98,134,129,123,134,129,117,127,126,131,127,131,128,119,97,124,131,139,137,144,134,130,139,139,152,121,149,125,106,122,138,139,159,143,149,142,148,138,117,116,147,127,122,143,144,126,149,156,147,154,136,132,130,131,130,141,122,147,143,135,129,133,123,124,122,127,126,131,129,111
121,123,124,145,134,138,135,138,141,139,128,136,116,144,141,139,139,140,126,135,128,130,131,125,146,129,139,154,139,144,147,146,142,123,129,149,134,140,155,115,119,142,145,137,140,126,136,111,130,125,133,130,127,124,136,155,152,134,141,144,134,127,120,126,139,138,139,119,133,160,151,132,148,163,147,134,116,114,127,124,122,128,130,128,138,142,141,131,129,122,130,128,125,110,126,127,129,128,150,138,149,122,114,136,124,127,142,133,132,141,135,155,146,146,150,158,137,124,124,118,134,118,115,150,107,147,149,146,147,155,111,117,117,123,139,138,149,132,135,156,148,139,152,143,147,132,124,132,137,125,139,131,129,179,151,150,155,145,154,126,131,152,155,137,144,122,116,147,136,140,140,147,124,105,128,141,104,111,121,108,108,149,141,116,126,130,115,112,108,96,97,104,117,119,107,146,121
118,129,122,122,116,135,134,134,134,131,132,132,130,138,143,135,135,132,136,132,143,135,141,156,144,142,146,139,125,112,128,129,135,134,130,136,138,138,136,155,126,138,125,106,116,135,137,125,128,137,141,142,149,140,158,146,116,112,118,137,155,142,132,140,127,132,152,135,151,146,124,112,117,152,150,158,141,129,139,146,111,156,158,156,117,112,113,143,142,146,144,141,142,148,147,158,155,161,112,111,114,147,126,166,162,148,156,158,167,160,162,158,112,111,111,145,156,152,142,142,144,138,139,140,115,148,111,118,123,154,126,142,123,138,138,141,143,141,151,137,111,122,124,140,134,141,141,154,142,144,143,146,154,131,120,126,134,150,152,149,156,138,152,145,138,141,138,137,116,123,131,145,128,142,152,146,143,137,121,114,116,139,130,123,130,122,130,117,107,106,124,119,128,119,132,134,126
126,127,133,112,105,119,118,111,115,120,128,121,120,124,116,126,133,135,126,131,124,128,110,130,151,132,140,145,106,112,123,124,135,134,138,142,128,124,158,120,121,134,111,116,130,126,119,125,111,105,128,128,125,122,145,135,101,118,129,134,128,134,131,135,130,126,127,115,115,143,119,129,130,133,127,104,116,120,134,126,110,131,132,122,105,115,123,131,139,129,118,144,139,124,131,132,149,144,105,110,123,131,118,131,121,132,126,129,125,129,115,132,105,108,124,145,131,117,116,120,122,102,116,130,130,162,108,103,125,137,115,111,116,123,139,143,143,145,156,160,103,105,132,147,156,152,161,156,138,117,130,118,140,127,90,106,133,138,133,122,122,126,122,105,120,124,122,129,108,86,111,140,113,121,113,120,112,114,130,115,119,133,100,120,113,122,129,118,107,112,110,109,107,101,98,108,101
105,103,107,131,132,132,131,134,130,129,128,130,134,122,113,108,105,122,132,123,129,135,138,137,134,137,131,124,110,111,112,119,121,130,133,128,127,126,136,145,119,126,117,113,115,123,123,115,124,131,122,130,122,131,133,121,119,116,118,131,122,138,128,134,128,134,126,117,120,118,124,114,121,142,126,134,129,129,125,125,118,129,130,127,114,111,116,127,128,128,129,116,135,124,126,123,129,126,114,109,116,119,118,132,122,127,123,134,130,133,132,116,117,106,113,141,134,133,121,124,122,128,118,139,126,130,124,108,117,126,116,129,124,114,132,128,133,130,126,136,123,102,111,123,117,124,131,131,127,132,128,127,124,128,104,104,116,129,131,137,126,125,126,125,132,113,112,112,115,134,111,116,112,121,137,139,128,117,119,130,132,114,114,122,114,104,123,126,129,133,134,132,134,135,128,121,124
120,115,127,108,106,126,124,125,135,133,140,132,119,141,108,152,143,145,145,149,152,146,131,139,159,128,140,143,115,141,145,152,159,156,145,149,152,155,135,121,118,148,121,134,148,138,147,107,136,132,140,141,158,150,141,162,113,131,141,147,160,144,128,136,130,133,156,115,158,146,131,134,135,144,151,148,131,105,131,133,117,136,135,143,123,140,128,130,128,129,118,117,127,129,131,137,130,135,127,133,132,131,110,143,147,140,149,135,142,138,143,151,120,130,133,155,150,129,144,129,140,109,125,148,106,134,126,132,135,150,116,158,126,115,137,133,148,139,130,134,130,127,129,128,139,141,132,142,143,145,154,144,139,132,124,128,128,139,141,130,141,144,133,130,145,117,112,111,108,115,135,126,116,118,120,121,114,100,117,106,106,141,130,101,118,146,119,118,107,96,100,100,105,108,104,136,100
130,110,123,110,120,120,120,119,123,124,122,119,123,116,114,113,113,120,114,118,117,115,116,108,113,112,114,117,111,102,116,120,120,118,116,118,119,113,107,116,116,113,113,102,118,108,116,120,116,122,117,114,113,120,116,121,106,108,116,124,116,134,125,121,115,121,125,120,119,112,114,106,116,120,129,119,115,123,127,126,123,120,131,127,118,106,118,121,123,123,124,133,131,115,116,113,117,118,113,113,117,112,122,112,116,123,129,116,115,115,114,126,121,109,117,123,109,112,119,118,115,122,119,104,119,117,116,109,118,114,126,118,123,121,114,115,114,116,114,111,116,110,116,121,121,111,111,120,121,116,113,108,104,114,116,117,117,109,115,110,108,124,121,112,121,121,119,112,121,115,113,117,125,124,118,113,126,139,127,126,120,119,115,103,120,112,127,121,117,115,105,105,103,107,103,124,104
145,117,124,142,124,115,122,122,126,127,128,133,139,124,135,126,119,115,124,117,115,121,100,125,127,125,115,128,131,133,138,136,137,128,134,128,127,128,123,131,147,131,133,135,133,141,137,152,128,136,134,118,125,138,130,117,137,134,130,142,131,130,154,141,129,119,127,144,119,112,129,138,120,127,122,131,124,152,132,142,156,142,132,117,125,126,122,137,138,146,155,148,144,135,138,137,140,134,130,125,123,130,148,126,134,139,126,113,127,126,130,121,135,121,125,103,107,109,116,108,103,154,137,123,144,127,128,127,124,114,147,129,141,140,124,127,111,126,118,117,124,132,116,109,106,121,117,120,121,89,107,113,121,106,140,132,114,115,112,104,117,116,107,88,105,138,139,93,118,135,115,106,150,152,118,106,119,127,112,130,129,104,109,142,126,107,116,129,139,144,152,158,141,144,125,104,146
124,127,124,125,125,127,126,125,127,128,127,120,112,129,128,126,125,131,128,126,128,130,124,124,128,128,128,127,125,132,129,122,124,127,127,127,125,123,128,119,136,125,126,130,128,122,123,138,127,118,122,118,127,127,126,127,122,131,128,122,125,126,129,123,127,127,128,136,128,127,124,130,126,125,128,128,123,128,125,127,134,128,128,127,122,130,125,123,127,128,130,125,124,127,127,128,129,127,128,132,127,128,139,130,129,128,130,125,132,132,130,130,125,130,127,130,129,132,131,131,130,133,130,127,129,127,127,132,126,127,138,131,127,131,131,131,131,128,126,123,129,132,127,128,124,128,131,128,127,131,131,127,129,126,122,130,126,131,134,127,133,133,129,129,133,131,133,124,129,123,123,130,140,125,122,132,125,127,127,125,126,127,129,129,126,121,126,128,128,129,132,135,134,134,134,129,132
142,133,111,136,136,150,140,143,145,155,152,145,160,155,125,118,145,132,150,141,160,151,158,136,138,138,121,112,127,140,130,117,105,108,143,122,121,119,123,148,141,108,129,127,148,114,118,139,135,159,97,106,120,127,133,107,145,130,140,112,111,139,134,121,142,137,126,143,137,134,145,131,154,125,117,137,152,152,148,131,154,128,132,144,152,140,152,127,118,110,125,151,138,139,130,134,132,109,137,144,147,130,146,118,121,123,117,134,124,146,147,115,148,133,148,143,132,141,141,163,149,162,152,143,162,115,150,136,152,130,154,143,156,135,137,123,121,127,136,113,149,146,139,135,127,131,135,118,115,126,134,144,133,139,162,154,132,136,136,154,137,123,132,156,150,133,137,146,148,160,162,156,147,152,164,171,182,159,146,141,144,119,123,160,150,151,146,133,136,143,142,142,145,151,139,126,147
127,114,109,121,125,135,137,133,130,127,137,129,129,127,117,120,133,124,143,139,156,148,144,160,129,143,131,133,117,128,127,129,139,135,151,139,143,142,130,146,116,139,127,133,144,132,143,126,150,148,148,160,152,136,130,124,129,124,135,128,144,139,151,168,160,136,144,118,139,135,131,130,133,135,136,151,140,131,151,146,125,142,139,140,135,130,127,143,139,135,147,144,143,155,151,148,129,127,133,115,128,142,120,134,139,136,123,141,134,124,141,128,130,117,132,125,139,131,129,125,122,113,109,141,119,125,138,115,123,114,108,135,125,118,134,134,128,132,125,115,136,118,124,124,125,121,119,127,118,144,106,115,122,101,133,124,129,105,103,132,119,98,100,123,111,119,122,106,123,121,148,118,115,122,126,133,124,102,127,130,124,121,112,104,122,136,146,137,133,136,130,126,123,108,113,125,107
137,130,128,134,126,127,125,124,129,126,115,127,128,126,126,107,120,118,127,127,113,138,108,103,120,120,123,106,112,96,111,129,110,119,126,125,122,131,122,123,136,114,107,103,97,129,125,144,123,114,130,116,123,125,129,112,103,96,104,126,116,122,126,130,132,115,112,138,129,118,102,93,101,113,109,100,125,132,123,127,128,125,126,139,96,91,96,130,129,122,120,118,112,127,127,118,118,114,107,108,110,126,137,125,133,123,122,114,122,130,120,116,102,101,111,123,109,124,120,136,136,138,135,113,131,108,104,103,111,113,133,131,125,131,114,113,115,118,107,110,102,100,108,113,107,117,130,112,118,120,121,120,119,134,129,92,110,109,101,103,117,111,114,110,117,133,135,113,103,110,109,109,138,101,103,111,123,122,122,118,122,130,112,120,110,110,124,117,119,123,120,119,134,131,131,113,109
122,114,129,115,116,127,126,120,119,118,127,126,117,132,116,134,131,132,110,124,122,117,125,104,107,117,117,97,133,122,140,110,107,119,111,103,119,106,100,119,111,108,134,120,134,116,108,113,96,94,103,91,113,110,101,97,138,122,128,105,106,102,97,107,87,83,100,111,105,87,128,121,124,91,98,93,86,118,106,113,122,112,109,122,131,117,123,106,118,121,115,126,113,110,116,114,118,122,134,117,128,122,111,118,123,118,114,102,116,111,111,109,129,121,129,97,104,103,101,110,94,115,112,97,114,110,128,125,127,109,112,117,125,117,111,123,114,126,132,98,132,122,129,129,97,134,138,111,119,122,119,120,127,107,123,113,133,123,111,121,121,107,110,122,117,116,116,123,129,114,144,121,114,116,126,127,130,135,139,132,133,134,136,114,133,137,135,128,121,129,129,127,116,119,123,139,121
128,114,114,110,108,108,104,107,110,108,102,104,112,114,104,108,122,127,131,124,124,139,123,145,143,144,138,142,113,114,127,139,144,150,142,141,144,149,138,132,143,140,116,116,119,135,144,131,140,121,129,138,133,138,142,136,97,112,110,138,138,137,130,134,136,142,135,135,138,138,105,109,108,141,135,145,133,135,128,128,136,134,124,126,114,111,114,129,119,125,107,113,117,114,122,120,115,118,111,112,113,124,135,131,126,122,131,134,126,131,132,131,111,119,112,128,133,143,145,138,133,146,136,135,126,124,105,117,115,139,138,139,149,122,137,126,125,127,117,129,109,122,107,121,136,124,119,128,134,135,141,139,130,121,100,122,106,132,129,145,141,126,129,128,120,121,127,124,120,110,111,119,142,122,121,131,123,110,104,111,117,113,112,119,108,116,105,109,123,120,122,119,121,128,125,107,109
108,150,156,130,129,121,121,117,121,123,124,120,117,141,148,141,139,145,133,125,120,127,116,127,129,131,124,122,125,121,140,117,130,118,112,111,125,121,111,111,121,122,124,118,133,126,118,133,116,114,119,106,125,116,106,109,112,117,126,120,117,120,117,123,111,107,110,132,115,112,103,116,121,112,114,107,100,128,114,123,131,116,119,111,111,119,125,111,117,116,113,104,114,117,115,113,111,110,123,115,125,109,129,102,109,110,107,101,107,106,110,110,114,123,126,100,107,100,116,107,109,124,121,105,117,108,115,122,129,102,118,98,125,127,106,112,114,109,97,117,124,118,135,104,103,104,100,102,106,100,110,111,102,111,121,119,138,107,115,100,100,101,103,102,115,134,134,124,141,134,118,121,120,118,107,109,103,121,130,125,125,132,128,138,123,117,134,123,118,119,121,122,135,139,135,135,130
109,156,156,141,144,131,134,139,146,150,143,132,123,135,123,138,133,152,145,128,127,131,120,132,128,126,128,154,120,133,136,143,143,136,125,141,130,125,138,114,117,152,119,137,125,151,139,120,123,132,141,135,136,133,139,145,113,123,131,154,141,133,114,119,138,131,131,120,133,126,120,118,118,152,141,146,116,105,128,123,118,125,127,133,117,126,123,146,127,123,112,100,114,131,132,127,121,141,118,124,127,161,119,160,144,137,139,136,140,156,148,139,130,130,129,148,148,164,152,149,147,120,128,145,116,140,123,124,127,152,123,142,118,120,133,133,138,133,119,135,119,129,121,141,129,132,127,140,149,150,152,136,137,122,123,128,114,152,143,126,143,125,130,128,141,120,116,126,132,156,130,131,123,112,115,138,127,121,142,142,152,123,125,152,140,123,137,136,143,141,138,141,144,135,134,134,136
114,80,76,112,108,100,107,110,104,105,107,113,132,100,127,110,112,97,101,103,96,102,101,105,98,101,106,111,124,134,111,114,116,127,114,123,102,111,119,131,123,112,132,128,118,117,106,134,111,102,111,113,106,121,116,104,151,121,127,118,111,127,124,114,111,120,102,128,93,103,135,118,127,119,94,110,109,112,116,123,117,118,135,109,123,120,113,123,110,120,124,114,130,109,124,121,126,118,132,120,121,121,129,120,126,122,114,113,106,110,110,96,136,121,119,103,112,119,106,105,101,117,114,124,125,117,131,124,115,112,120,108,113,127,115,120,110,131,142,132,138,129,115,129,119,134,127,130,122,126,112,125,118,122,145,133,115,122,118,115,118,108,112,107,110,131,130,128,126,124,124,113,132,122,116,114,113,101,120,117,118,129,124,124,130,122,124,122,121,125,125,127,122,125,114,125,127
130,117,116,120,112,118,114,116,118,118,119,115,112,116,123,120,122,111,117,118,115,119,120,121,115,117,114,111,117,124,113,107,107,119,121,116,113,118,112,112,113,115,119,122,121,121,119,121,117,112,120,124,123,119,112,111,109,118,117,109,113,121,129,125,116,106,112,121,103,114,117,122,117,114,114,110,112,115,117,124,108,117,122,108,119,124,120,105,121,122,117,114,117,129,127,119,119,115,116,122,118,124,125,113,117,118,115,118,116,116,116,113,122,125,118,111,115,129,123,121,112,113,108,121,109,111,125,121,118,112,113,113,101,126,119,118,122,122,121,120,130,125,121,123,124,117,125,125,118,122,123,113,114,130,135,125,120,115,113,117,121,124,129,123,121,127,125,125,129,122,135,116,114,111,115,121,117,118,120,119,117,141,137,116,127,126,116,117,120,120,120,121,125,118,124,139,127
120,124,118,118,121,132,127,130,129,121,134,129,134,126,129,128,135,123,120,118,120,126,126,130,147,131,131,136,128,142,128,142,146,127,130,147,127,140,135,100,111,114,126,143,136,114,123,125,132,113,139,143,125,119,129,131,132,144,125,128,125,130,135,127,144,156,136,123,121,137,123,142,127,138,127,141,133,116,135,128,111,125,120,128,135,147,129,135,129,126,126,110,118,125,122,120,121,117,128,137,128,125,128,129,117,122,146,145,122,141,121,143,126,137,127,156,141,151,154,149,154,120,111,134,116,128,126,137,125,136,128,125,121,126,140,125,136,123,121,141,127,142,128,145,170,125,126,140,139,141,154,128,119,152,150,146,131,128,125,141,134,143,139,147,138,124,123,118,123,123,137,123,122,122,128,131,127,121,121,121,122,121,126,114,129,121,131,125,118,118,126,121,121,119,124,137,120
133,110,111,109,110,110,105,105,106,106,103,107,126,107,120,115,115,103,103,111,120,114,112,115,127,108,124,125,115,127,117,123,124,119,117,123,120,121,116,109,129,119,120,127,120,116,118,115,133,132,125,131,131,122,125,125,121,124,120,126,126,121,118,116,119,137,128,122,132,132,115,122,117,127,133,130,129,130,124,119,129,122,124,131,114,120,118,128,125,123,130,122,121,114,124,123,126,123,116,118,116,124,118,124,124,126,137,133,134,123,127,127,115,120,114,127,126,129,141,132,140,126,134,122,135,122,114,120,116,120,123,126,132,115,124,121,125,120,120,119,115,116,110,132,136,121,118,119,125,132,132,114,109,126,108,117,106,109,117,115,114,140,142,122,123,115,116,108,106,110,108,103,126,119,108,107,113,125,109,106,114,134,126,118,126,123,114,106,107,105,111,112,105,102,109,132,125
118,110,111,107,108,116,117,117,116,114,115,118,135,106,108,105,108,103,104,105,103,102,115,110,108,104,102,104,115,107,106,108,104,101,113,106,103,111,115,119,123,100,120,112,112,101,102,119,119,130,107,120,100,103,111,106,121,117,113,100,102,111,114,110,116,108,108,118,102,108,114,114,115,107,107,115,130,121,104,106,118,103,106,98,122,111,119,98,104,102,106,114,111,100,102,102,103,102,122,115,120,97,118,102,98,102,102,114,101,108,100,101,121,113,117,110,104,103,98,104,105,114,118,110,119,98,118,113,115,110,115,96,124,119,101,103,103,101,100,96,117,115,114,100,102,100,100,106,100,101,100,100,100,112,112,113,110,106,111,101,97,113,120,117,112,120,119,96,113,111,107,112,119,133,125,114,122,122,112,112,113,98,105,110,111,110,109,116,115,116,111,109,106,113,104,101,104
115,132,148,137,131,106,115,118,118,117,115,118,129,111,149,127,110,103,109,91,114,116,115,120,113,123,117,114,119,131,100,116,111,120,110,122,123,125,133,124,127,126,121,130,97,125,116,130,121,132,131,137,119,114,133,114,121,131,103,131,122,119,121,121,131,129,131,128,115,96,107,128,100,125,123,105,122,134,120,113,131,111,113,108,112,123,92,116,107,111,109,120,114,119,122,108,110,116,114,131,96,114,125,105,104,117,121,106,108,103,118,116,119,134,103,116,107,102,93,96,120,126,124,113,140,123,123,143,97,109,124,101,114,132,121,121,122,118,116,131,126,142,104,102,113,113,120,122,123,122,114,108,112,112,129,139,111,106,103,101,107,110,118,97,100,132,129,122,108,139,125,96,124,115,112,106,107,135,116,131,143,132,111,118,126,94,105,116,125,131,125,132,117,121,115,116,107
143,146,143,138,143,150,143,147,155,148,146,148,152,133,132,130,137,128,125,129,132,138,132,126,141,135,137,139,147,135,118,115,116,129,134,136,121,125,141,139,148,125,140,142,116,114,104,125,118,135,134,142,113,131,139,130,142,139,126,119,121,121,115,118,131,137,125,136,134,130,133,135,128,127,111,132,120,140,121,108,138,119,118,121,131,139,122,108,106,107,109,126,124,116,113,112,113,118,138,143,125,114,133,116,117,114,118,122,112,131,111,121,135,144,121,144,120,124,131,145,124,146,142,126,137,113,135,142,129,124,138,129,140,133,122,127,112,110,122,132,135,139,116,135,125,132,138,120,126,118,113,117,111,139,143,138,112,123,111,120,112,118,112,110,120,131,127,114,118,129,118,115,140,127,124,122,119,143,134,136,134,107,98,128,112,128,123,137,140,139,134,133,134,126,126,102,114
145,162,169,152,158,179,170,170,166,179,172,161,131,162,133,156,145,163,173,166,166,169,163,154,167,156,156,155,136,158,165,151,152,159,143,162,163,145,155,144,121,163,143,154,155,149,156,120,144,117,143,130,144,152,141,134,129,146,148,143,139,134,134,138,124,126,128,126,147,125,156,144,150,143,144,141,123,113,144,154,124,148,140,130,156,145,148,145,158,151,138,141,141,137,143,140,145,150,144,135,156,133,121,143,138,139,154,111,133,162,125,127,150,142,156,132,127,141,140,142,119,124,119,137,130,148,150,148,148,127,119,136,111,129,137,149,130,137,140,137,137,142,139,134,129,138,149,135,145,113,131,121,118,116,122,140,145,113,122,107,124,122,120,113,123,125,126,130,145,133,137,119,114,125,112,112,116,133,158,154,147,150,124,155,123,134,143,141,152,160,162,160,156,119,149,135,148
141,136,135,138,137,133,131,129,129,131,127,129,138,123,133,131,132,130,127,128,129,126,129,124,126,126,122,126,132,132,131,130,124,124,130,126,125,128,123,123,146,123,130,131,126,126,125,144,133,139,123,125,123,126,119,127,130,130,126,129,119,122,131,128,125,120,122,144,126,125,135,132,131,122,122,119,126,145,123,119,143,121,121,122,129,128,127,128,121,119,124,133,129,124,122,119,120,115,129,135,128,123,146,116,118,118,116,118,114,120,113,116,125,132,130,125,119,118,118,115,123,140,139,119,152,120,128,137,124,124,143,121,149,141,116,119,117,118,124,124,127,135,128,124,119,119,122,116,119,128,118,117,117,124,135,133,128,118,119,122,120,136,132,128,125,141,142,125,132,132,126,123,146,141,124,125,129,133,129,133,138,129,133,138,135,128,128,138,139,139,138,139,137,134,142,130,140
127,129,129,118,118,132,131,131,134,131,129,128,141,133,123,132,131,128,123,123,132,128,122,121,129,124,127,126,138,131,133,126,127,119,120,130,126,129,136,116,179,121,138,138,136,118,124,199,128,119,128,131,123,124,128,133,129,138,143,124,127,119,121,127,129,124,125,208,124,124,132,133,137,124,126,119,108,155,119,123,176,121,116,124,128,128,142,123,122,121,122,128,119,127,119,118,125,127,137,128,142,119,198,123,124,118,128,123,118,128,122,128,130,127,137,124,125,124,127,132,133,163,166,121,162,125,131,130,137,121,198,127,146,215,126,126,116,123,129,124,129,127,139,122,127,131,131,129,131,127,127,121,131,137,127,122,138,116,124,125,120,129,133,131,136,217,215,134,126,114,126,120,191,123,121,133,140,151,133,133,129,131,127,124,127,133,135,132,124,125,126,123,127,140,132,134,119
89,135,130,124,128,137,143,138,139,143,140,141,133,140,137,137,146,148,141,132,140,137,131,135,132,139,147,144,146,134,150,143,139,148,119,128,139,137,149,145,115,143,149,131,149,134,137,107,130,134,133,138,137,135,138,148,141,131,145,139,139,112,110,128,117,116,133,114,138,155,148,128,140,129,147,144,135,116,126,125,118,133,119,137,141,131,143,134,128,130,135,128,136,126,137,137,141,154,150,126,146,146,113,144,134,142,139,140,141,141,152,160,143,125,141,138,134,132,123,128,132,119,121,139,110,143,148,126,139,147,116,136,122,116,145,136,143,136,132,139,147,123,148,154,158,141,138,143,130,125,141,151,154,149,145,120,148,144,142,145,149,142,144,145,132,117,117,155,145,126,126,147,112,142,158,148,156,147,139,131,135,114,142,125,134,124,133,137,140,134,133,133,132,131,143,119,128
106,128,129,106,109,109,113,110,111,109,114,111,125,110,112,132,116,107,123,118,117,129,115,125,123,117,121,121,112,119,121,142,138,134,135,131,141,136,117,129,130,127,116,118,114,140,142,129,133,130,137,132,134,130,120,125,115,117,117,130,134,129,129,140,124,126,135,123,106,109,118,120,117,126,129,120,116,131,132,133,136,128,120,118,114,113,125,122,130,131,125,126,132,134,132,124,126,125,117,113,121,131,126,120,126,128,126,121,124,115,109,114,110,114,119,121,122,118,129,112,127,134,132,121,133,123,107,112,115,112,129,119,132,122,126,129,120,127,111,124,108,108,122,123,128,120,116,130,134,123,129,112,119,113,113,108,120,117,111,109,118,128,124,121,122,121,121,102,107,104,110,108,133,132,112,118,124,114,109,111,111,113,107,112,112,113,110,112,111,104,111,110,112,119,118,106,102
121,128,135,131,126,123,116,120,120,116,116,115,125,138,128,130,137,137,146,147,137,146,132,138,136,144,141,146,135,133,141,131,133,142,138,138,138,137,139,140,128,143,138,131,132,141,138,129,144,134,132,138,140,139,138,134,134,135,130,139,137,140,137,136,144,142,135,132,141,135,124,135,124,133,145,141,145,140,139,140,131,144,146,141,125,134,123,132,137,138,145,145,147,145,146,143,140,138,131,133,122,134,130,140,138,143,137,142,139,142,132,142,130,131,118,136,141,142,131,134,134,124,126,138,126,141,129,127,128,138,129,137,119,132,143,143,140,136,132,142,126,129,126,137,136,134,136,137,140,140,142,127,131,131,133,127,119,136,129,131,131,129,131,116,130,133,133,131,123,132,122,125,126,135,122,132,125,125,123,121,118,128,139,129,118,129,122,118,116,119,125,125,133,140,132,126,132
115,109,114,127,130,139,140,136,136,138,135,138,136,136,127,125,123,129,129,127,130,131,145,131,122,128,114,116,137,137,131,112,118,117,131,126,120,122,133,129,126,119,140,136,136,112,115,122,131,148,115,135,126,120,128,124,137,142,134,107,114,115,116,113,135,128,120,117,122,120,139,144,132,116,116,117,126,132,124,104,127,118,112,115,144,140,137,115,104,107,113,148,121,115,119,118,111,115,148,137,137,111,123,113,119,114,116,131,119,120,125,119,143,137,135,117,136,125,135,142,123,121,136,113,134,118,142,131,128,116,129,131,134,119,123,123,125,116,124,121,143,136,124,128,138,129,126,127,130,126,132,128,116,136,122,136,120,124,123,140,126,126,120,141,123,117,119,129,135,128,120,132,118,141,151,124,141,136,139,140,127,111,127,129,130,131,137,143,140,137,129,128,123,115,121,122,121
124,131,133,118,126,127,126,130,130,121,122,126,148,114,133,120,114,116,117,113,111,117,125,129,138,124,120,128,128,120,110,127,127,124,130,135,123,140,137,130,134,120,126,124,110,125,120,133,137,142,131,148,121,119,127,128,134,124,117,128,122,132,141,125,150,144,135,130,127,129,119,125,113,132,129,129,140,147,132,130,143,126,127,119,128,128,117,120,119,121,127,133,132,128,124,118,121,122,117,129,119,116,132,114,114,118,131,130,118,141,121,127,126,131,120,131,120,135,125,129,139,140,143,130,146,127,120,126,121,122,139,117,149,129,132,122,116,118,122,122,120,130,116,124,128,121,122,124,130,119,121,116,124,129,131,134,112,119,128,121,117,135,139,131,128,128,130,122,120,129,117,122,139,135,127,124,139,143,124,132,137,135,130,127,130,128,122,125,129,137,137,130,127,132,129,130,125
146,150,137,135,130,147,139,140,134,142,140,137,140,123,145,130,137,115,118,122,126,119,147,124,129,126,122,121,148,144,121,123,121,110,107,114,112,123,125,120,131,108,149,138,134,101,108,127,118,132,124,141,120,122,123,136,156,147,136,120,116,117,115,125,142,123,126,129,119,154,146,149,144,114,116,126,121,130,107,105,133,111,110,108,145,151,135,113,109,111,119,118,115,108,106,119,111,119,144,159,132,107,134,107,101,111,117,134,108,126,105,128,141,142,135,129,124,120,118,118,124,141,126,113,125,124,147,139,134,114,138,109,131,133,118,116,114,108,120,130,141,145,121,134,135,110,117,119,115,123,120,102,116,140,148,151,125,117,121,115,108,139,129,133,112,128,128,127,142,133,136,139,131,128,118,115,135,130,124,124,133,136,133,147,147,127,130,128,132,135,138,149,156,139,151,145,154
139,124,122,124,122,125,123,124,127,125,127,124,130,123,124,122,121,125,120,119,122,125,128,123,123,130,127,125,125,122,124,122,124,123,119,128,121,121,128,121,124,123,125,121,125,115,118,129,125,123,120,123,119,121,127,122,122,124,122,122,121,120,119,121,124,128,125,128,124,124,125,127,126,126,124,124,125,130,124,118,124,122,121,123,127,126,125,119,116,117,117,119,122,116,116,117,116,117,125,128,123,116,127,122,121,120,121,128,122,124,124,125,124,123,123,132,124,125,131,129,134,125,126,125,127,120,121,122,123,126,127,127,133,127,125,123,126,118,122,127,125,126,118,120,128,121,125,125,123,129,127,130,124,135,124,125,118,124,129,133,128,134,132,134,131,128,128,127,126,118,124,129,130,125,131,131,132,120,124,123,123,127,126,124,128,128,122,123,122,123,127,128,125,127,127,133,124
109,143,144,128,139,158,151,147,145,150,158,151,171,152,137,146,151,151,154,154,159,145,152,152,141,146,141,152,152,145,159,140,143,145,147,132,141,143,141,159,143,149,156,147,161,146,146,124,143,160,143,141,139,144,140,152,155,146,159,148,151,143,134,140,142,139,137,116,148,160,165,147,164,144,148,143,141,154,140,132,158,137,144,146,152,140,166,146,143,144,152,151,144,137,138,142,139,146,151,140,164,147,127,145,141,145,137,147,150,147,144,154,155,140,160,143,150,145,138,134,132,152,156,142,156,151,154,142,159,147,139,148,166,104,148,146,148,143,152,155,150,142,159,148,159,146,148,156,152,150,150,161,161,144,141,139,152,155,159,164,156,146,138,154,149,104,105,151,152,149,151,152,142,162,164,152,160,158,152,146,133,132,143,131,142,144,148,147,149,146,138,139,134,133,125,134,136
117,129,127,126,129,131,130,131,132,131,129,129,123,128,126,128,128,127,124,124,121,121,129,122,123,122,122,121,126,125,126,121,121,120,118,121,117,120,123,118,116,118,128,125,128,120,119,122,114,116,120,122,118,119,122,123,121,126,129,122,120,119,119,119,118,118,119,121,120,125,128,125,126,123,121,120,120,116,119,117,116,117,119,121,128,127,126,120,119,119,118,117,115,117,118,119,121,122,129,125,127,122,121,121,119,119,118,123,119,121,122,122,128,126,128,125,119,119,120,121,121,114,116,124,117,121,127,126,127,123,118,119,117,123,122,121,120,121,127,122,128,126,126,126,123,124,126,124,121,122,120,122,124,124,125,126,125,125,125,126,123,124,122,123,122,123,123,127,127,124,128,125,118,115,122,126,123,118,127,126,126,128,129,124,127,129,127,127,127,127,127,125,127,119,125,128,127
154,127,110,140,129,123,118,120,127,130,134,133,133,139,117,111,126,142,136,129,147,146,147,143,140,141,128,135,135,135,129,114,120,125,126,132,126,116,141,141,126,123,136,121,141,122,121,125,116,103,117,124,119,114,116,112,145,127,155,109,116,123,122,119,131,113,121,120,122,117,133,132,147,109,108,122,129,109,128,122,117,109,112,146,145,152,143,133,133,131,145,138,149,120,131,140,146,149,129,138,141,135,120,120,118,130,117,111,114,121,137,119,131,137,133,122,113,115,123,117,110,121,105,120,143,138,133,130,147,132,128,132,124,120,126,127,127,137,156,123,125,134,133,142,130,142,133,129,116,135,111,128,100,118,148,145,136,127,121,137,123,115,118,132,110,119,126,164,152,146,158,155,130,127,138,142,134,112,134,142,146,137,145,152,150,169,133,135,144,144,148,154,147,139,143,137,148
118,104,118,108,109,107,106,104,106,109,110,108,110,114,119,114,107,124,129,124,128,130,122,131,130,129,129,124,116,114,118,139,134,141,142,137,138,139,133,143,120,132,115,116,113,138,137,122,158,134,140,144,143,144,143,129,124,111,110,133,135,148,147,145,134,139,143,120,137,127,115,109,111,139,137,143,147,132,151,145,121,143,146,132,116,107,110,139,148,144,144,141,155,140,146,142,135,138,114,112,114,141,121,138,140,144,146,128,138,131,135,131,114,114,115,139,137,137,131,137,136,128,129,135,131,136,110,111,112,134,126,140,126,121,146,147,135,139,125,128,113,110,114,145,138,141,138,139,141,134,139,126,136,120,114,111,110,136,131,128,130,134,132,122,135,120,121,105,104,118,107,126,125,150,128,121,117,128,114,113,116,121,108,123,109,106,115,111,107,112,115,116,116,131,120,118,116
118,127,125,123,122,123,122,123,123,122,120,122,122,122,120,123,128,122,121,124,124,123,120,119,124,123,122,123,120,123,126,124,119,124,121,122,122,126,124,121,125,121,120,122,120,120,120,123,123,124,118,121,122,119,122,121,124,123,122,122,121,117,116,120,126,125,124,123,125,124,120,121,123,119,124,124,124,129,118,119,128,122,123,119,121,121,123,120,115,116,119,124,114,117,119,117,123,122,119,123,123,116,123,116,119,118,124,123,116,125,112,122,118,123,122,121,119,124,128,127,129,129,125,120,124,118,116,122,124,119,127,122,129,123,121,122,119,122,127,122,119,122,125,125,122,122,125,120,125,123,125,119,121,122,120,125,126,123,122,119,120,125,127,126,131,123,123,123,120,126,122,127,125,120,120,124,124,125,122,124,124,126,129,128,126,132,119,119,123,121,123,127,125,132,126,128,126
115,125,117,126,127,120,123,120,120,120,124,118,101,137,134,124,125,130,134,132,123,126,127,128,125,133,135,127,123,133,124,126,132,130,126,127,135,125,121,115,120,129,126,135,125,138,134,134,105,100,137,117,142,128,128,130,122,128,124,133,132,131,140,131,117,117,121,132,116,124,128,128,132,124,122,115,104,103,119,132,125,132,142,140,130,133,129,135,137,139,128,126,116,133,140,140,145,135,129,125,130,143,130,136,143,131,127,123,128,125,121,128,126,132,137,117,121,123,131,129,128,120,119,125,128,130,140,134,134,125,126,134,122,136,131,134,132,152,141,140,138,136,138,128,129,138,143,125,127,135,133,127,137,139,137,137,141,142,141,118,128,135,131,118,130,136,136,144,140,115,118,136,120,131,115,116,107,119,123,137,142,141,119,146,125,126,121,136,130,135,143,142,142,124,143,120,143
140,122,125,133,132,124,125,126,121,117,118,129,126,118,130,121,120,102,109,112,110,112,112,119,109,108,107,113,117,113,112,110,113,108,105,102,108,108,101,101,117,112,116,111,109,105,106,117,97,96,110,106,109,112,110,109,118,109,114,102,102,106,112,112,107,103,107,118,114,105,122,111,114,96,106,118,110,106,104,112,109,114,115,105,119,112,118,104,104,109,108,93,96,109,108,107,110,110,117,111,117,108,115,110,114,110,111,114,110,109,112,102,124,108,115,92,105,108,112,110,116,111,110,108,106,107,129,107,111,103,116,108,104,118,111,110,106,116,116,104,118,107,116,106,110,114,115,109,114,114,105,111,109,106,122,108,115,100,103,112,117,116,121,114,115,119,120,104,111,123,108,108,120,101,111,110,112,120,120,124,121,115,104,120,121,115,116,118,122,123,120,120,116,113,113,107,116
125,127,143,125,113,111,116,119,125,120,108,124,113,113,143,129,129,119,108,116,125,128,123,129,134,125,128,135,141,125,136,135,132,147,140,140,139,139,136,132,128,139,147,119,135,135,131,131,135,130,136,139,144,146,150,142,147,118,124,134,127,136,135,136,146,155,143,134,138,143,127,117,121,147,141,150,131,131,149,152,130,154,158,137,131,115,121,142,133,135,140,138,135,146,141,145,152,159,131,114,120,142,125,146,159,148,149,142,145,133,126,144,132,118,123,142,125,132,144,146,156,121,129,141,132,145,128,119,123,129,126,144,129,135,137,138,138,149,154,132,122,124,122,144,139,158,148,134,137,149,123,134,141,129,125,123,124,130,119,126,134,126,129,138,141,134,132,119,129,123,127,124,122,112,116,120,131,134,126,129,140,124,123,122,135,144,120,121,135,135,135,132,127,123,124,123,135
124,137,139,109,124,136,127,125,130,123,138,123,130,121,132,147,152,132,121,135,120,105,131,117,131,119,122,122,126,135,152,108,111,111,102,118,115,103,120,113,124,113,130,136,152,113,109,124,88,104,109,114,114,103,109,130,144,132,155,123,110,96,97,101,106,115,114,127,107,132,146,134,152,122,102,107,100,132,104,102,116,103,97,160,144,131,147,125,126,118,122,134,119,117,117,120,131,130,135,122,150,128,132,126,131,124,130,126,129,107,124,122,129,123,147,134,129,113,125,113,106,121,116,102,132,121,120,122,162,115,130,116,113,130,112,117,130,126,136,124,121,122,154,144,139,136,140,129,122,136,127,139,117,152,132,131,145,136,131,142,132,129,122,128,115,131,129,146,135,106,146,133,117,115,111,113,130,118,128,111,106,172,151,114,146,156,137,124,112,100,100,100,118,124,116,158,126
149,110,111,141,137,130,127,127,128,131,127,131,146,120,109,104,106,106,111,117,112,116,109,101,119,104,115,107,117,105,106,102,119,119,112,101,112,120,125,112,138,112,123,118,103,113,121,129,130,140,119,131,122,121,127,116,122,118,115,123,123,121,127,119,123,119,123,133,124,122,110,120,112,115,120,127,139,146,109,116,149,119,116,98,113,119,110,112,107,113,116,109,117,112,111,106,105,107,122,120,120,105,132,111,106,114,117,125,111,121,102,114,124,119,122,97,115,133,131,118,135,138,146,109,138,113,122,126,117,115,139,114,151,125,123,110,112,108,114,113,121,123,118,106,118,100,93,111,120,122,121,122,115,107,115,112,129,131,120,118,123,127,121,115,129,122,128,123,110,114,122,118,147,108,113,121,118,134,118,126,130,121,107,115,108,125,112,128,133,140,140,137,131,125,134,106,122
114,128,129,126,120,126,122,127,124,116,121,124,125,135,117,135,136,132,127,135,127,129,120,117,134,123,126,137,121,121,135,138,139,136,131,126,133,137,122,115,141,129,121,125,131,124,133,134,129,145,125,118,128,124,131,129,122,127,132,126,125,119,117,118,134,125,127,136,140,131,116,126,134,121,131,123,130,134,119,115,148,126,123,122,119,124,137,116,119,127,123,122,109,113,113,118,122,129,125,127,138,120,135,133,138,124,136,132,125,144,124,132,123,131,137,117,118,128,143,141,137,152,143,125,135,122,120,134,139,129,133,124,151,130,132,130,131,131,119,119,123,136,138,129,117,128,137,118,141,127,137,138,135,121,129,127,138,138,127,124,141,132,129,128,134,128,128,129,120,128,131,129,143,137,131,134,136,136,112,115,119,125,115,135,124,128,121,118,122,120,124,129,132,134,134,116,134
133,133,132,131,131,130,129,129,129,130,130,128,132,132,132,132,133,133,133,133,135,132,132,131,132,131,132,132,132,134,133,133,131,133,133,133,134,134,132,134,142,133,130,133,131,134,133,139,131,131,132,131,134,132,133,133,132,133,131,134,134,134,132,134,131,133,134,139,134,133,130,132,131,134,133,133,129,139,132,133,142,133,134,135,129,133,131,133,135,133,134,135,133,134,133,134,134,134,130,133,131,135,140,133,133,133,134,130,134,133,134,133,130,133,132,135,135,132,134,134,134,139,141,131,139,134,129,133,133,133,142,134,137,135,133,134,135,135,134,133,129,133,133,134,133,135,135,133,134,134,135,135,134,134,131,133,132,134,134,133,133,134,133,132,134,134,136,134,131,131,132,133,141,135,131,130,133,135,130,130,131,134,132,130,133,133,130,129,130,130,131,131,131,134,131,133,131
134,150,149,144,149,136,145,146,150,142,141,152,169,146,167,143,144,125,123,122,137,135,140,144,103,118,122,112,161,152,129,109,118,114,137,132,123,129,117,154,134,125,170,151,142,111,115,132,166,169,117,150,126,124,119,127,133,152,141,108,113,128,135,121,166,158,122,129,140,126,131,158,134,117,118,133,155,136,141,134,133,132,127,129,163,154,152,111,115,117,130,154,144,136,130,125,111,121,156,146,151,126,130,120,118,121,117,141,125,139,131,120,155,141,146,125,142,140,136,150,146,125,140,127,130,117,154,132,145,114,126,134,146,126,129,113,133,130,128,116,146,129,135,131,147,113,112,132,122,144,129,125,134,121,107,133,125,116,123,138,125,117,97,142,132,131,132,131,134,138,128,129,122,123,146,122,135,142,130,144,144,161,149,128,160,158,148,143,155,148,152,138,121,126,128,163,131
103,128,142,124,130,129,127,127,121,123,133,128,116,148,123,137,135,139,143,149,151,140,141,141,142,146,152,156,142,139,149,155,150,152,148,146,152,137,137,144,108,142,131,130,135,147,151,106,115,112,147,124,147,148,143,154,133,129,134,152,155,149,144,150,130,132,147,104,149,136,145,130,136,136,150,142,150,111,141,147,115,156,154,150,138,125,130,156,160,152,143,144,135,139,139,144,139,140,138,119,131,152,104,154,156,145,145,146,146,144,148,154,141,130,136,138,148,149,138,143,148,110,112,131,108,147,139,131,134,143,107,156,121,108,148,152,147,148,143,140,142,135,136,154,144,147,137,133,141,142,148,150,167,147,134,140,149,160,146,143,152,136,143,152,155,108,108,142,133,135,155,154,110,125,145,144,146,132,137,139,148,124,125,146,145,139,140,133,141,141,135,137,127,124,138,130,130
139,98,97,108,110,118,105,110,109,112,112,104,130,115,98,111,111,114,113,111,112,116,109,121,128,111,105,113,97,114,123,110,112,113,121,119,107,115,113,125,136,109,100,112,120,107,106,128,134,133,107,123,112,108,113,105,119,112,119,107,108,115,107,107,119,122,108,133,113,106,119,110,122,109,110,112,129,149,121,112,142,118,118,115,116,108,120,109,107,110,114,128,114,111,114,113,119,114,103,110,116,109,135,112,120,107,118,114,116,124,112,113,109,108,115,113,116,123,124,127,124,152,140,112,128,110,109,109,116,106,140,129,152,125,119,112,112,120,108,111,112,108,121,110,112,123,118,108,107,115,116,121,115,114,122,107,122,106,109,116,120,110,107,114,108,122,126,117,116,114,136,110,139,133,112,105,121,115,100,98,108,129,126,123,118,130,109,107,109,107,109,107,113,120,114,122,119
117,135,123,126,119,118,120,121,121,127,126,112,109,124,128,130,127,124,129,130,118,123,125,129,110,124,122,125,126,129,135,124,118,134,125,121,134,131,117,124,124,135,121,128,132,148,139,132,122,125,137,133,133,133,135,128,120,125,132,138,138,139,133,136,130,133,125,133,123,109,123,122,127,134,132,127,135,114,142,144,114,143,146,134,123,129,129,143,148,151,135,130,132,143,145,144,145,149,121,126,130,152,131,143,139,137,137,131,142,136,132,135,126,129,125,138,136,149,137,133,139,116,122,148,116,139,127,130,127,135,131,139,109,135,138,138,140,138,139,147,127,132,136,142,130,137,136,142,145,146,144,124,143,130,128,133,138,140,133,124,135,120,120,128,129,135,137,141,129,121,131,128,126,105,118,122,124,129,138,134,136,150,127,125,135,130,143,141,131,133,130,129,127,113,123,145,126
150,138,138,137,125,114,114,113,114,118,112,111,117,129,130,128,128,131,128,126,121,126,118,113,116,122,121,132,120,132,127,137,132,122,112,123,110,113,116,115,136,128,112,127,121,120,124,135,121,106,114,114,112,125,117,114,109,125,118,125,115,116,112,114,109,109,115,135,119,114,113,125,115,120,120,123,116,124,112,117,129,122,124,113,115,127,112,125,116,113,117,114,111,102,102,112,115,131,115,129,113,109,130,116,107,112,115,112,111,114,114,123,115,125,116,105,108,110,110,106,114,132,127,112,123,127,122,126,113,124,133,108,119,131,108,112,113,114,112,118,120,127,119,119,114,113,113,111,106,106,113,115,127,116,116,135,123,119,115,108,116,117,119,113,107,131,133,114,116,129,126,114,136,108,102,115,104,106,119,116,114,144,131,143,139,123,121,120,117,116,126,130,143,138,138,134,139
121,144,144,134,141,139,141,142,143,145,143,145,140,145,148,154,150,130,126,135,131,134,129,132,129,125,131,126,155,151,147,117,114,127,119,124,123,125,113,119,114,131,158,155,147,127,123,106,122,118,122,119,123,123,111,123,139,155,146,126,120,118,122,121,119,122,115,111,125,131,145,154,145,127,121,123,125,116,119,123,116,125,130,129,156,158,156,129,125,124,105,117,110,114,123,128,128,132,161,160,155,129,106,121,124,125,126,119,130,135,128,136,160,156,154,125,125,127,132,134,124,122,125,127,116,128,158,152,149,131,115,134,121,108,125,134,129,129,135,126,155,152,154,125,124,126,132,126,129,134,125,136,134,132,147,151,152,128,118,135,135,126,124,132,125,109,111,128,162,132,140,134,119,116,131,133,139,138,150,152,155,129,135,129,138,130,152,160,156,150,139,135,126,116,122,125,120
137,118,124,106,105,114,118,120,122,122,125,119,130,126,114,113,114,118,132,128,123,126,120,129,129,132,132,128,116,114,118,128,128,132,133,127,130,128,135,144,140,131,110,118,110,131,124,131,117,126,122,131,124,130,135,129,115,114,113,124,127,124,127,131,127,122,123,133,129,126,119,115,118,125,129,120,123,134,123,130,137,129,121,120,110,116,117,124,125,128,137,134,129,134,121,125,122,123,109,114,120,119,130,126,127,125,121,116,124,125,125,128,113,121,117,126,123,131,127,119,115,136,133,126,140,123,112,115,118,132,134,129,136,121,121,122,124,125,121,123,112,119,125,121,116,121,120,122,124,114,120,125,134,119,115,118,123,127,133,123,127,121,124,119,120,120,123,112,120,113,116,126,139,139,130,118,124,126,121,122,114,121,123,111,115,117,115,121,118,111,112,108,113,119,117,127,120
109,117,122,102,116,121,126,125,124,120,127,124,110,132,114,131,136,130,140,142,134,132,115,134,127,138,156,148,113,115,140,140,142,146,134,144,150,141,144,135,110,155,116,121,131,144,152,115,127,103,150,123,151,154,162,149,96,122,127,139,154,144,132,147,126,133,159,118,149,140,112,118,121,143,155,145,108,108,138,145,110,154,156,151,102,118,119,151,151,152,139,127,140,148,152,159,156,161,117,118,124,155,114,154,156,162,158,139,165,133,152,162,109,122,124,133,159,142,146,122,138,111,119,163,108,159,102,122,131,154,116,152,117,122,152,160,156,164,158,163,114,121,133,168,159,156,150,162,167,140,152,155,152,140,119,118,132,156,147,137,156,137,144,117,129,125,121,149,121,105,117,136,115,100,113,133,118,120,132,120,114,119,110,105,102,120,127,114,108,105,103,112,112,104,111,115,112
114,132,126,112,117,130,132,131,132,136,138,132,121,159,122,137,138,156,156,146,138,149,129,135,144,144,151,151,121,111,138,151,148,144,140,139,142,141,139,131,125,137,119,112,130,140,142,132,141,122,149,149,143,140,141,148,113,111,133,136,142,144,141,139,138,141,138,131,130,145,132,113,126,143,145,131,129,118,135,131,125,132,134,136,113,113,125,136,126,127,126,140,128,136,133,129,127,116,121,112,131,133,135,129,132,126,122,128,129,127,135,139,124,117,130,132,135,135,127,145,142,125,132,136,124,127,118,122,129,136,132,146,125,130,122,122,134,123,122,124,124,114,129,131,140,123,118,130,133,143,134,133,138,134,132,106,132,124,117,126,119,133,147,135,131,131,133,130,134,102,121,121,126,112,112,121,120,113,128,130,123,102,119,125,122,114,127,129,129,133,132,124,129,130,127,117,130
140,115,110,124,131,112,119,116,117,116,122,117,113,111,117,109,111,106,101,108,112,109,111,104,106,100,106,106,116,115,106,101,103,97,102,89,96,100,96,100,120,103,114,115,113,102,100,122,105,106,100,103,98,102,101,112,109,117,117,110,103,96,101,100,109,97,105,117,116,124,110,118,117,107,109,102,112,116,94,96,117,102,96,117,117,117,115,110,110,109,106,112,100,103,109,108,108,104,118,107,118,105,120,110,111,107,105,112,112,102,114,125,119,113,116,109,103,101,116,119,109,116,123,103,117,108,119,115,115,115,118,120,120,116,107,105,123,103,110,101,122,116,111,105,114,101,107,107,102,107,116,122,103,101,120,122,111,113,109,119,117,106,106,119,114,118,118,107,114,128,114,117,116,126,125,116,121,103,112,113,105,97,112,103,117,112,114,115,114,109,102,105,100,102,98,105,104
137,156,158,119,120,131,120,127,135,132,126,127,125,148,129,146,158,140,117,123,116,113,131,117,133,113,100,119,125,110,159,102,100,100,112,120,109,120,121,100,128,105,131,119,145,100,104,129,101,128,114,112,100,96,94,114,143,124,142,118,103,101,98,91,121,132,113,134,116,117,149,119,152,125,107,105,120,136,93,97,139,104,102,136,141,120,143,119,96,98,103,87,89,82,90,93,89,100,132,124,148,106,126,118,100,98,114,116,107,124,110,98,139,122,150,136,104,113,87,103,107,146,124,106,121,100,128,115,151,122,127,110,139,126,123,116,108,100,80,106,126,114,152,103,103,101,100,98,113,114,117,124,104,136,122,112,132,135,140,121,126,129,112,129,119,122,122,105,127,113,119,130,125,133,126,118,141,138,130,116,104,97,129,90,129,130,131,114,103,98,101,100,118,128,124,116,107
124,135,130,158,152,154,154,148,145,140,148,146,166,144,146,142,143,127,127,140,135,118,139,125,113,130,122,118,155,161,130,108,116,131,117,102,120,105,121,129,135,126,162,164,146,119,112,123,116,124,100,108,109,118,101,102,162,172,161,111,108,114,120,114,121,105,101,125,119,140,149,170,155,109,123,147,137,132,108,114,129,120,129,125,160,168,150,114,122,137,132,135,122,112,116,122,133,138,158,176,152,120,128,110,115,120,105,106,117,127,135,111,159,165,159,124,116,114,103,135,94,114,130,124,144,123,158,156,155,111,129,117,131,130,119,119,117,121,125,108,156,159,140,123,117,130,130,116,115,114,115,122,100,134,152,155,133,121,117,124,105,111,101,120,110,130,127,127,152,152,149,125,122,140,123,115,146,167,158,156,149,128,150,139,141,146,144,152,155,155,146,155,152,158,152,128,150
108,120,109,133,127,130,132,139,137,142,138,145,131,134,122,109,128,138,135,135,128,138,124,126,136,129,134,152,135,110,158,142,135,135,128,140,134,124,128,110,104,148,138,123,150,127,128,107,115,120,126,144,117,143,150,154,123,119,156,129,118,141,134,124,150,141,118,118,138,137,134,120,150,137,131,127,132,90,135,132,105,134,136,150,133,121,154,141,129,122,123,120,122,127,133,128,127,125,138,118,154,133,107,123,109,115,126,118,120,136,129,156,133,110,137,152,113,116,106,118,136,112,107,135,119,150,130,106,133,140,100,133,93,117,138,141,150,132,147,152,127,100,140,137,127,120,118,127,133,125,134,146,142,152,108,100,137,137,129,129,130,146,139,139,142,122,123,148,127,114,122,124,101,107,126,121,118,143,152,154,147,145,123,88,133,136,160,154,133,133,123,121,114,118,111,127,96
122,105,100,103,103,101,101,100,96,103,98,96,120,94,107,135,107,98,91,93,101,97,103,110,100,91,93,112,124,134,94,101,94,96,103,97,109,115,96,107,134,110,119,121,107,100,110,130,125,137,123,120,112,113,105,122,128,123,106,120,125,107,114,102,123,120,130,126,117,123,126,121,122,115,117,104,129,134,117,103,132,107,107,115,129,123,125,123,119,114,125,102,114,101,118,113,105,117,126,132,128,107,129,104,121,113,114,116,111,109,112,119,127,121,130,113,108,125,140,135,136,147,140,107,133,98,118,127,130,130,137,134,135,123,114,116,118,116,106,121,119,115,130,117,125,123,124,114,130,120,124,118,133,141,136,114,127,122,120,100,118,118,133,141,128,125,127,109,123,116,142,122,135,126,127,122,131,111,101,87,87,98,122,109,106,112,101,87,96,96,97,103,105,134,123,122,103
121,126,129,115,116,121,118,114,116,116,113,115,119,112,119,116,107,118,113,112,110,117,120,110,128,113,113,123,120,110,107,130,123,118,116,121,110,112,125,113,125,110,117,105,109,113,113,129,103,107,106,114,102,102,110,110,120,111,107,114,101,113,111,104,118,121,112,131,112,118,113,108,108,128,116,113,111,110,103,106,119,102,115,106,115,114,112,102,101,97,97,103,97,101,101,100,103,100,114,116,111,98,129,103,98,97,98,103,94,103,105,104,111,114,110,112,102,113,114,116,110,119,119,110,121,104,110,109,110,107,124,100,113,132,106,100,104,100,109,101,108,115,110,109,100,101,107,97,100,106,100,105,102,119,113,119,106,107,116,106,103,126,127,119,116,132,132,94,107,115,118,107,125,123,112,118,112,124,115,115,114,116,120,126,132,128,97,102,114,122,126,128,127,114,122,112,124
149,120,105,114,104,112,105,105,114,120,118,131,131,137,108,124,116,125,104,105,115,111,110,112,123,114,102,106,118,124,130,83,92,100,113,104,103,100,114,111,143,100,125,133,126,90,85,139,123,141,105,109,102,91,112,124,108,131,120,86,103,101,100,86,115,118,96,148,114,103,104,128,118,114,100,114,128,150,92,84,132,104,104,111,116,117,118,98,84,79,79,101,82,96,85,90,77,86,118,114,116,87,137,92,93,86,91,103,98,113,114,88,108,118,112,109,98,120,113,114,108,149,136,111,143,87,113,121,109,107,133,101,143,132,92,100,96,87,88,90,113,120,119,102,104,94,90,86,97,97,94,118,118,97,94,115,114,111,100,107,108,85,96,112,108,136,143,105,107,101,106,122,139,141,125,106,115,120,103,100,100,124,106,105,98,110,110,103,96,90,90,85,100,130,114,124,104
110,93,86,116,114,115,115,110,108,109,104,106,120,103,126,100,101,103,100,104,103,101,118,102,102,111,105,105,130,113,110,101,97,108,104,110,103,103,117,123,129,105,135,111,102,116,103,128,112,132,110,110,94,103,111,100,134,113,111,108,103,107,96,109,107,102,100,126,100,110,127,113,110,112,100,100,112,127,108,100,125,97,104,102,126,108,105,107,106,104,92,103,107,102,105,109,121,111,126,112,108,113,125,115,108,115,112,119,119,122,119,104,128,110,107,125,115,120,115,114,109,125,119,113,144,115,128,107,109,118,123,123,135,125,111,116,116,123,129,123,123,103,103,115,112,119,133,125,121,139,125,126,121,134,125,102,106,131,128,135,126,121,125,132,130,124,126,120,127,125,118,128,123,135,138,133,135,128,111,122,128,125,123,121,115,124,106,116,128,129,134,136,129,137,127,133,127
135,132,130,138,137,134,133,132,130,130,129,128,129,128,134,131,130,129,127,128,123,126,127,125,126,124,124,124,122,134,124,123,123,123,124,122,123,121,119,120,131,123,124,135,123,122,123,132,128,124,118,125,121,124,125,120,128,137,124,123,126,127,126,124,123,125,126,135,120,120,123,135,124,125,122,121,126,132,126,126,129,124,124,126,129,133,125,125,124,128,123,130,133,129,126,128,126,127,125,134,123,124,134,126,128,126,125,129,125,119,123,121,124,133,126,128,125,124,122,128,129,130,132,130,136,123,127,132,123,121,135,126,133,134,124,126,124,125,126,122,128,132,123,124,130,126,127,127,125,126,121,123,126,127,135,130,124,124,123,124,125,122,120,128,126,134,135,126,126,132,128,128,135,142,127,122,122,121,124,127,130,137,129,135,136,132,128,127,128,130,131,132,132,132,128,135,135
138,126,128,121,121,127,130,128,126,128,131,123,121,127,122,120,123,124,129,125,128,123,121,127,132,131,128,128,126,117,122,131,131,128,127,127,124,121,126,126,132,128,124,119,122,134,135,134,124,125,129,119,128,132,124,115,118,119,126,126,132,134,133,133,129,123,129,134,116,113,128,121,127,123,126,126,137,134,127,136,141,125,130,135,121,118,123,135,143,136,134,130,135,134,137,133,128,136,122,117,124,136,135,136,129,140,139,134,133,130,129,135,124,117,122,128,128,131,126,128,132,134,134,129,135,133,121,118,128,131,139,120,127,134,127,127,125,131,124,129,127,121,120,131,122,130,124,135,125,121,125,122,133,131,120,126,124,128,129,119,125,124,121,134,133,133,133,124,130,121,124,131,136,134,135,122,126,134,141,135,128,118,117,124,130,122,144,136,135,132,127,129,130,122,133,123,123
138,133,129,127,131,131,132,132,132,130,130,130,132,125,128,128,126,125,123,123,123,123,125,123,123,118,120,122,130,128,124,118,123,118,120,124,121,118,122,125,127,119,129,124,125,118,118,124,128,130,120,123,117,119,123,122,130,125,126,120,118,118,121,120,129,127,120,123,125,129,127,124,128,124,120,123,130,128,124,120,132,122,121,125,133,125,129,118,119,115,120,128,125,119,118,120,123,117,132,123,130,118,124,118,119,120,119,126,122,129,123,122,130,124,131,126,127,126,125,135,132,132,132,120,129,124,132,124,131,120,127,121,129,118,123,120,119,120,126,120,132,126,129,118,127,123,124,121,119,122,123,120,123,132,132,127,128,120,124,124,122,124,124,131,128,117,119,123,132,125,126,123,128,130,124,123,121,129,128,128,129,126,134,126,129,124,127,128,128,128,130,133,125,123,120,128,131
133,152,116,115,124,143,149,143,147,145,156,152,160,146,147,113,130,115,121,134,130,113,139,151,141,147,143,148,140,135,117,128,129,138,136,140,124,120,149,145,133,127,144,136,112,125,127,119,110,116,124,123,109,113,143,130,146,134,134,132,126,129,111,118,134,144,134,131,125,152,144,133,128,135,122,135,122,139,148,131,127,134,131,147,140,127,123,140,140,143,141,152,140,130,137,132,133,129,151,126,135,131,124,134,124,139,135,149,146,152,159,129,146,130,140,154,125,134,119,125,128,135,127,135,129,138,141,129,145,130,123,121,123,126,135,131,138,141,133,129,143,116,152,120,125,127,126,143,123,131,152,165,152,147,141,117,150,143,152,152,151,161,152,150,161,130,129,165,161,142,152,152,148,142,149,156,147,130,147,155,156,154,160,140,168,140,147,162,159,156,146,151,150,124,142,169,144
149,136,136,132,133,105,121,118,119,125,122,122,129,111,128,128,118,115,120,126,125,122,100,101,108,126,124,119,122,117,118,113,121,123,136,127,128,141,132,110,135,140,119,134,108,138,130,137,116,104,120,96,135,141,125,122,121,131,116,123,120,124,144,132,118,112,132,135,100,110,119,131,112,120,125,107,112,129,134,127,146,129,130,119,112,129,110,120,131,132,129,125,121,115,129,138,131,152,124,136,126,135,143,124,136,138,134,120,137,113,113,134,119,138,117,122,109,100,118,112,117,135,136,108,121,122,120,144,112,115,134,114,121,135,114,120,100,132,130,113,122,135,130,131,102,149,129,123,127,129,108,121,139,115,140,125,142,120,109,119,137,107,119,120,124,134,134,132,129,134,125,116,139,135,131,116,114,114,106,109,114,110,123,142,107,108,108,109,115,113,126,122,133,128,135,118,139
136,131,128,120,124,131,126,131,130,120,124,128,131,119,123,123,137,115,113,119,134,113,143,133,137,121,127,119,139,129,119,118,129,118,109,127,125,120,138,137,123,115,140,123,128,111,116,126,131,144,131,140,124,119,138,137,147,127,128,125,136,123,112,130,140,138,141,127,140,147,138,125,133,131,127,142,126,125,119,128,132,120,125,128,141,123,130,128,124,122,132,135,130,126,111,114,122,129,137,128,129,118,126,129,117,125,121,143,129,137,138,125,138,124,136,143,142,128,124,120,126,137,133,136,150,137,140,114,135,121,131,133,147,128,138,134,133,130,150,136,134,120,129,120,138,133,125,138,126,121,132,141,141,137,136,132,121,129,143,147,138,134,125,140,133,132,130,130,128,131,130,127,132,131,146,147,162,144,143,138,129,118,133,119,140,128,147,132,132,129,124,116,115,141,112,130,112
143,116,122,141,134,133,139,131,137,136,132,135,145,117,130,98,114,130,141,134,140,128,128,148,134,136,138,124,122,117,115,137,127,126,136,121,127,132,133,135,126,130,120,115,112,122,127,119,116,137,128,136,126,116,125,118,127,122,112,119,120,119,115,134,136,129,136,127,129,107,130,121,114,130,119,128,134,133,131,126,127,120,121,104,128,118,111,118,126,119,128,121,119,131,107,117,111,109,118,129,103,119,124,118,115,122,132,146,127,131,131,116,135,128,105,126,143,120,115,134,146,130,117,129,114,121,126,118,113,138,123,109,118,121,116,117,123,123,115,109,122,122,104,100,115,119,122,127,121,130,122,131,121,127,121,118,100,117,122,115,126,134,149,144,125,121,124,137,116,136,114,131,125,124,135,150,142,143,138,140,141,129,114,142,131,118,136,132,146,137,137,145,146,149,135,125,134
126,130,127,112,131,131,129,132,133,138,129,126,120,126,130,134,131,135,135,129,140,137,132,140,134,140,130,127,115,138,135,123,131,137,148,146,141,137,121,131,133,130,118,145,136,143,137,137,140,127,149,135,146,145,133,118,128,141,127,141,140,148,144,144,135,134,138,134,137,108,124,141,123,135,129,137,140,126,146,141,125,145,145,139,124,138,126,149,142,145,143,145,150,145,142,147,136,144,119,134,121,146,133,137,151,140,136,130,138,123,130,121,123,134,128,121,137,139,148,129,124,119,122,128,129,127,123,135,121,124,130,143,135,132,136,135,135,140,131,138,129,139,130,150,144,146,145,144,141,143,138,120,120,115,134,135,127,126,119,123,127,119,117,123,129,129,134,143,138,123,133,137,128,133,135,139,133,135,141,142,148,140,154,139,150,144,143,144,141,136,127,132,124,117,121,161,146
119,126,132,123,124,122,123,123,123,122,120,115,102,127,112,132,132,123,110,116,118,110,114,101,102,110,106,104,125,120,129,103,98,105,105,101,109,106,105,102,112,105,124,119,133,102,104,111,117,121,102,106,109,104,104,100,115,118,133,97,105,104,103,100,105,103,107,112,106,113,119,115,135,101,109,109,115,116,106,103,116,103,96,105,115,119,133,102,103,103,104,97,101,106,103,101,100,106,126,115,131,106,109,105,105,104,108,108,107,96,117,109,123,122,134,104,108,103,116,107,108,112,115,107,114,103,120,125,138,116,108,112,116,112,108,103,116,106,107,102,124,124,136,109,110,105,102,107,107,110,117,117,107,103,121,120,138,117,116,116,113,111,107,109,119,115,112,115,129,126,127,123,109,119,122,125,114,115,126,118,114,119,111,118,122,117,127,122,111,105,109,102,107,111,113,118,117
155,137,139,151,147,146,145,147,152,147,149,150,152,125,126,135,111,108,96,104,131,110,128,114,122,126,120,101,136,152,117,90,108,113,108,125,97,94,122,123,137,91,134,151,133,71,78,133,135,169,93,123,93,96,119,110,134,146,133,93,102,118,108,96,130,137,111,140,120,131,138,145,133,113,112,128,140,145,98,85,145,102,114,109,147,137,134,87,78,81,96,133,111,81,69,74,85,77,138,146,131,73,133,109,98,91,115,145,111,143,121,110,145,140,135,133,135,137,139,149,135,151,142,127,145,98,139,135,138,107,140,130,144,129,106,77,106,86,105,93,139,140,131,73,114,84,87,94,83,122,132,148,116,124,149,138,124,111,133,160,135,140,127,146,147,133,133,106,135,152,125,133,149,154,150,142,145,151,136,152,155,124,140,161,149,126,121,137,147,140,142,134,135,150,138,131,161
116,104,109,106,118,101,104,105,109,106,107,96,104,107,94,113,114,117,116,119,113,125,102,113,104,121,106,100,96,102,115,97,97,113,115,119,125,125,110,125,124,115,100,101,102,119,117,118,141,123,122,118,127,127,119,96,89,100,104,116,108,120,130,133,102,105,112,118,101,70,92,101,94,96,96,106,112,143,127,127,138,128,118,104,102,100,101,111,122,121,123,138,132,130,130,132,138,136,103,101,101,126,126,122,123,132,125,107,122,107,111,103,103,101,98,90,112,112,110,103,107,123,129,94,125,118,101,100,97,100,123,108,129,111,110,124,102,121,123,108,97,104,107,116,92,120,115,118,113,115,97,93,92,88,80,103,104,104,81,96,103,85,96,88,91,108,107,100,110,98,96,84,118,92,83,80,94,105,105,109,100,118,121,94,98,87,96,105,104,105,105,106,103,96,84,115,108
125,138,146,129,124,121,126,123,130,122,126,122,125,148,151,148,149,148,147,148,119,124,134,146,132,132,129,143,126,126,147,131,133,119,133,113,130,126,127,147,143,145,122,123,142,136,131,133,128,131,130,122,125,122,127,141,136,118,138,141,131,127,131,113,134,128,118,134,131,140,132,120,137,137,124,128,133,127,123,128,132,125,137,133,123,122,130,122,119,118,116,111,125,133,124,130,135,123,124,122,130,125,132,128,132,120,115,116,127,128,142,118,122,125,126,124,128,128,115,120,108,120,118,140,132,127,115,123,138,129,121,136,119,132,122,118,131,119,116,127,118,131,133,107,106,113,106,116,117,104,118,118,120,114,142,132,132,128,131,120,108,101,109,96,114,130,130,118,126,139,127,129,122,133,122,129,123,109,109,103,100,105,110,129,114,123,111,107,113,111,115,120,124,133,124,108,128
129,108,127,142,137,132,128,133,130,133,136,126,123,134,133,133,139,151,145,143,146,141,136,147,151,131,138,144,119,136,141,145,138,124,141,142,141,146,136,126,134,140,116,133,133,135,139,129,156,145,142,141,143,134,131,140,136,137,134,147,129,145,137,149,146,133,130,123,131,139,127,132,133,146,133,129,116,123,133,129,139,129,129,119,118,138,130,135,127,115,117,122,134,133,136,136,120,133,116,148,130,131,129,124,126,127,135,131,121,114,111,126,122,140,129,141,124,117,111,124,132,130,123,122,118,130,128,141,129,123,121,116,121,123,126,136,141,135,136,132,123,144,139,135,140,140,142,138,148,147,139,122,131,129,152,152,142,113,114,119,122,133,135,135,117,121,124,132,124,149,141,113,111,110,111,134,149,126,147,141,144,129,118,141,111,124,147,144,138,130,144,141,147,135,145,124,132
119,122,128,132,129,133,132,129,135,134,138,131,128,133,128,122,123,128,126,129,128,127,127,119,124,127,131,127,131,125,123,123,122,127,127,125,120,124,127,127,122,128,131,125,128,122,125,124,130,123,123,124,123,123,131,127,132,124,129,128,126,121,122,119,129,129,127,123,122,133,133,125,125,127,129,123,127,126,122,117,123,126,123,124,129,123,125,118,121,121,122,129,122,118,119,120,121,123,129,127,124,120,122,121,122,122,120,124,121,132,131,128,130,127,130,127,127,128,131,130,133,127,132,133,125,127,129,125,131,133,122,127,124,126,128,123,127,123,130,131,128,125,126,117,119,123,123,121,125,121,129,128,129,135,127,127,124,127,130,127,127,133,131,127,136,126,125,132,130,134,132,131,122,130,128,133,127,121,129,126,126,127,131,118,127,131,122,123,124,123,120,122,123,124,117,133,123
107,96,100,97,114,115,113,118,115,111,105,109,105,110,111,91,100,107,120,114,136,125,125,138,131,128,134,139,91,104,116,140,142,144,149,147,138,147,135,142,133,131,96,105,115,130,137,127,141,131,132,137,133,137,130,139,100,100,115,125,141,139,141,144,137,131,142,131,139,138,113,104,124,139,147,156,141,140,135,133,131,140,137,123,107,104,119,126,128,132,132,135,136,130,126,131,121,123,98,101,115,121,129,127,127,135,139,135,136,151,130,143,98,96,107,133,146,151,148,156,143,142,141,146,126,121,96,92,113,134,134,138,144,125,142,139,130,128,123,118,93,94,107,125,143,118,118,126,126,128,126,125,129,133,98,103,107,117,125,140,133,135,135,136,127,124,126,114,100,91,106,119,135,139,128,122,124,107,105,104,110,111,112,96,101,114,108,103,107,104,111,106,109,115,112,98,102
124,118,119,122,123,121,122,122,122,121,121,121,116,120,119,118,119,120,120,119,119,120,120,121,121,121,120,120,119,120,119,121,121,120,121,120,119,120,120,122,117,120,120,121,121,122,122,120,119,119,123,123,122,120,119,118,121,121,119,120,122,122,118,120,122,121,120,120,118,119,123,122,120,122,120,120,123,115,120,120,116,118,120,119,122,121,120,120,121,120,119,120,120,120,120,120,120,120,122,122,120,119,119,122,121,120,120,119,119,122,125,121,123,121,119,122,122,123,119,119,118,115,115,120,118,123,123,121,119,122,118,120,113,124,119,119,120,119,120,119,122,121,118,117,119,118,118,119,119,122,120,118,118,119,122,122,118,121,122,121,118,118,119,119,117,125,124,121,121,122,120,121,117,118,121,123,119,120,123,122,119,115,118,119,118,121,122,122,122,123,122,122,119,116,117,114,119
132,121,126,119,121,122,122,121,122,119,120,123,122,109,109,126,118,104,97,94,91,94,108,94,96,94,89,96,119,118,110,94,91,87,90,93,82,91,86,96,123,86,116,119,108,89,87,125,109,109,89,107,85,91,87,100,116,122,114,87,89,87,91,87,97,96,86,122,89,106,109,123,117,84,87,96,105,113,87,86,120,87,91,94,117,123,118,90,89,93,103,109,103,88,89,96,97,102,115,125,119,92,125,96,96,98,96,107,96,101,97,96,118,119,121,93,93,97,109,109,102,123,118,97,118,98,117,118,114,92,121,96,115,120,91,96,87,89,110,103,112,117,120,104,105,101,104,102,100,103,97,105,103,113,120,118,118,98,100,109,103,124,120,124,110,121,121,122,108,114,110,108,123,112,109,106,120,128,125,122,121,128,116,130,114,121,117,120,117,122,126,128,135,127,131,120,128
137,120,120,116,113,115,112,110,111,112,115,117,127,119,126,111,120,111,122,127,121,115,122,133,123,127,122,122,128,109,120,123,129,126,126,123,127,127,131,124,135,130,124,117,112,138,127,130,124,123,132,128,126,131,119,135,130,115,116,135,130,123,136,126,130,127,126,134,126,126,121,115,119,128,123,122,125,133,125,126,135,125,124,126,117,112,120,131,137,143,145,122,126,129,135,139,140,139,124,115,124,138,133,136,135,140,126,133,141,125,131,128,120,117,119,128,124,132,126,116,123,136,126,130,126,128,123,116,116,126,127,127,133,134,131,128,130,134,124,132,116,112,121,129,131,141,137,136,133,135,129,123,134,134,112,111,127,133,131,129,138,130,135,128,132,135,134,127,117,119,117,115,132,116,118,122,120,126,118,116,112,121,120,112,114,116,116,114,110,110,110,111,110,123,116,123,108
136,134,138,129,125,135,129,137,139,140,142,144,137,142,144,145,152,128,129,128,139,115,134,142,129,122,132,146,117,136,123,142,142,136,137,140,131,133,127,135,108,138,114,131,127,135,136,121,139,123,144,138,132,128,134,126,117,134,132,135,144,125,117,129,129,145,137,117,132,143,119,133,131,148,145,136,128,102,133,130,103,132,137,135,121,127,129,139,132,134,123,126,125,141,138,140,145,149,111,127,126,149,118,152,148,148,143,152,146,138,147,146,119,124,122,142,150,152,145,142,128,97,98,145,103,143,120,118,123,147,106,152,116,127,145,149,149,139,147,134,110,121,117,140,137,155,152,143,136,139,131,124,135,130,139,132,105,139,150,142,144,140,136,144,132,128,127,119,114,120,109,127,109,121,143,146,132,125,134,130,130,120,116,140,123,139,141,133,131,127,128,130,130,114,129,121,139
109,104,117,100,107,105,100,102,108,110,109,103,131,112,94,108,112,119,119,116,109,110,109,120,101,117,122,107,96,106,119,114,114,121,120,117,117,118,119,141,136,123,93,103,107,126,121,125,142,127,119,124,126,132,128,116,108,101,102,119,126,136,146,129,104,119,125,128,130,121,100,98,94,125,130,131,125,137,133,136,137,133,143,122,96,100,92,127,127,135,126,130,141,133,130,132,125,127,84,109,88,126,131,128,133,127,126,120,125,124,130,133,88,104,87,119,124,121,122,122,124,132,140,136,136,126,92,102,98,126,138,133,128,120,125,123,121,124,125,128,86,102,89,121,128,117,124,124,126,128,114,124,130,124,100,107,85,121,119,109,121,109,114,111,114,116,120,134,105,92,98,110,135,124,109,110,117,127,104,106,109,135,118,96,110,105,105,102,96,102,100,102,100,110,100,118,100
122,138,132,124,130,136,134,134,137,139,138,136,127,130,128,135,131,127,134,126,132,142,130,141,143,137,138,141,129,134,133,131,128,135,144,144,143,140,138,134,122,135,134,136,137,136,134,133,141,119,139,140,136,147,145,144,125,131,143,137,140,143,147,135,137,135,140,136,146,133,129,130,133,142,140,136,137,121,150,144,122,142,145,137,129,134,135,144,135,136,140,139,148,148,144,143,138,136,133,132,136,140,135,136,139,140,139,135,137,131,138,137,127,133,136,136,128,129,140,133,134,116,119,130,123,132,122,129,135,131,126,137,115,136,138,140,136,144,141,138,129,131,135,143,138,144,143,146,143,144,137,136,141,123,130,129,132,139,136,134,138,131,124,141,138,135,136,131,126,125,136,132,120,122,126,128,134,125,133,132,130,130,129,124,138,138,137,135,129,128,128,130,126,118,134,130,118
131,132,132,138,149,149,159,154,148,144,145,146,154,124,154,130,138,129,127,127,140,131,134,125,118,108,124,119,152,148,128,128,124,110,128,130,123,128,113,117,127,116,156,148,147,124,130,124,120,117,125,144,124,128,114,137,143,152,152,119,126,107,123,136,136,126,123,125,116,129,152,151,154,117,120,105,116,135,125,122,138,109,102,128,165,151,156,115,122,119,136,136,137,128,129,132,128,139,158,151,158,122,132,124,126,124,119,134,124,124,130,124,160,151,159,118,126,123,109,102,101,130,124,115,134,126,159,147,159,125,123,137,136,125,124,130,127,137,146,132,154,145,154,133,138,140,144,138,129,123,117,130,129,139,140,142,146,122,122,126,122,123,124,134,116,126,126,144,152,142,151,137,129,132,130,114,134,145,151,156,160,140,142,119,137,129,143,147,151,147,141,134,118,130,125,140,114
143,154,163,152,150,147,154,143,146,141,151,149,145,137,152,152,145,141,137,134,124,122,130,129,116,126,120,116,150,156,140,120,119,118,121,103,122,116,108,125,133,125,147,151,143,134,128,140,122,129,111,118,124,115,111,107,128,152,140,121,126,126,125,128,108,110,112,135,120,111,125,154,130,114,122,128,132,133,115,127,129,126,133,121,146,152,140,119,119,127,119,131,124,128,128,126,129,124,146,148,141,130,136,122,133,132,114,119,130,118,130,118,148,158,147,105,120,116,126,134,125,142,146,126,134,116,150,162,140,119,135,124,124,137,116,112,114,119,119,111,152,160,143,118,117,121,124,119,115,102,109,124,125,120,143,155,142,120,117,124,116,113,115,127,115,141,140,120,141,155,141,136,133,138,145,132,134,133,140,148,135,125,142,149,135,138,144,146,144,146,139,131,133,132,133,138,149
133,123,120,120,124,121,121,125,126,122,121,123,135,123,126,127,126,120,119,119,120,120,121,118,120,122,118,116,122,127,123,121,119,119,119,121,121,119,121,122,132,117,121,130,123,121,121,127,128,133,122,128,124,124,126,120,124,129,127,121,120,122,125,124,121,123,124,128,128,123,126,125,126,120,123,123,119,126,126,124,132,120,123,131,121,124,127,128,123,121,124,126,127,125,125,124,124,119,121,122,126,126,128,125,124,125,131,126,126,126,134,129,122,125,126,128,126,124,123,125,125,132,136,122,132,127,125,124,126,129,130,123,131,127,125,122,122,121,128,131,123,122,129,119,124,120,123,126,123,132,124,125,125,136,127,123,131,128,128,125,127,127,129,129,128,127,126,136,127,125,132,127,130,129,126,125,128,135,125,126,127,131,128,119,124,127,125,125,126,125,123,122,118,120,124,127,120
137,114,113,89,97,106,105,102,106,113,114,108,104,119,106,111,117,118,127,129,118,126,119,120,112,127,122,117,92,93,112,115,114,125,123,116,116,116,123,124,112,125,91,96,107,120,121,120,117,118,123,120,119,122,123,118,97,96,104,114,123,125,125,121,119,113,123,118,120,113,100,96,106,116,112,116,125,112,117,121,106,122,122,119,100,97,105,115,119,123,120,118,114,121,122,126,131,124,93,92,102,121,116,124,124,123,116,110,120,117,123,113,87,94,98,110,126,131,123,126,121,116,110,127,109,119,91,96,101,121,112,127,113,117,119,124,126,127,121,111,89,96,105,119,111,124,123,122,119,127,116,120,117,103,100,93,103,115,114,118,119,112,114,113,113,118,118,111,98,91,107,112,110,117,118,117,106,104,109,102,98,131,118,94,116,118,114,108,102,98,96,96,100,100,98,127,105
132,135,142,122,131,122,128,121,124,127,127,130,136,106,125,132,113,111,120,125,123,142,116,119,126,127,119,136,102,118,124,122,130,141,124,133,137,132,138,122,132,137,105,118,132,135,133,124,128,115,127,127,135,140,128,138,111,121,126,130,130,122,126,127,115,137,126,122,135,142,121,120,127,121,131,145,115,118,131,134,119,132,126,137,130,116,128,130,135,139,140,133,141,111,139,141,151,144,128,102,124,132,121,129,129,132,150,141,133,147,140,140,124,118,133,144,136,148,140,128,122,128,128,150,134,139,106,122,136,152,124,152,137,125,154,146,149,151,154,152,116,121,130,155,148,151,151,150,142,147,156,141,137,139,119,109,124,150,152,145,147,131,138,136,156,126,121,147,129,115,136,134,127,125,138,138,128,117,133,126,121,124,137,110,131,117,126,129,129,130,128,125,121,120,114,126,118
111,112,116,98,102,112,120,112,114,116,113,117,109,125,92,132,133,123,132,142,140,139,124,127,134,146,134,133,111,110,147,135,130,155,141,141,158,152,138,138,106,142,114,106,137,134,143,105,141,125,151,140,156,154,141,138,100,104,144,145,152,162,151,155,134,149,154,104,152,123,113,105,142,143,142,146,147,120,152,152,108,160,152,143,119,107,143,149,152,152,143,115,151,139,144,144,143,148,122,109,143,136,106,139,150,143,152,138,144,142,139,143,115,116,133,141,144,136,146,134,147,97,106,133,107,143,111,119,144,136,101,131,110,103,145,147,146,148,117,130,120,112,141,140,141,137,133,131,140,121,139,130,120,111,97,94,135,128,135,132,133,131,134,116,125,100,103,128,121,98,116,128,90,84,118,124,114,108,122,120,109,97,109,91,112,100,119,119,115,104,103,109,110,105,109,105,83
127,145,136,119,131,152,148,150,154,161,159,152,155,163,129,128,179,156,134,148,149,134,152,152,129,132,128,138,117,97,147,130,138,133,144,141,130,128,123,146,141,132,117,98,149,132,130,128,125,140,132,143,129,127,112,119,108,109,155,127,119,106,122,132,142,141,122,129,134,133,147,113,163,130,122,138,129,139,149,130,131,134,119,139,132,105,156,134,137,138,145,154,136,128,135,142,142,151,114,109,145,137,133,121,125,121,122,146,138,124,133,120,131,114,151,129,130,129,133,132,117,134,123,113,129,123,123,118,155,137,120,141,137,132,142,145,149,138,149,135,125,114,155,152,160,163,144,151,135,145,132,143,120,126,123,106,146,138,131,165,146,110,128,140,116,135,129,141,134,130,156,155,117,152,172,123,139,148,159,156,132,128,133,139,142,144,168,155,152,137,126,121,120,131,128,132,122
89,119,112,123,123,129,121,118,120,126,126,126,138,124,128,123,122,122,121,123,130,121,129,128,122,132,124,110,130,136,120,117,122,119,117,115,112,125,120,112,124,113,129,134,117,123,114,120,102,122,114,118,127,121,120,129,125,134,126,125,108,123,135,125,127,120,122,118,124,123,127,129,116,121,109,108,136,108,115,122,116,118,122,125,129,137,113,125,124,118,110,111,108,125,120,125,119,112,130,140,109,112,119,108,116,113,106,112,113,104,112,110,133,136,116,112,107,110,110,110,117,108,105,103,117,107,136,136,114,102,112,112,124,115,113,101,100,111,97,105,137,136,110,118,117,119,123,104,104,117,110,116,105,113,137,137,123,104,100,115,112,112,111,130,113,116,119,100,136,147,141,104,119,107,114,128,132,105,117,125,128,119,137,145,137,131,123,120,135,130,133,130,137,123,131,133,149
123,98,101,111,101,98,96,96,89,89,89,96,114,82,122,100,81,78,76,78,82,79,97,91,88,74,85,86,112,98,78,81,82,86,78,85,85,90,83,93,128,91,103,100,80,94,91,136,97,106,88,97,87,83,88,96,122,97,84,94,93,88,91,87,91,92,87,135,80,97,104,96,89,98,94,90,104,120,88,91,128,91,88,85,103,91,84,87,97,98,96,96,102,97,96,93,92,93,102,96,81,96,136,94,97,90,87,100,93,92,89,91,102,92,86,97,96,92,92,90,85,120,115,96,108,86,102,94,85,87,135,88,115,140,87,87,89,92,97,97,98,97,83,91,96,90,87,90,89,96,94,83,100,102,113,98,90,92,100,96,96,101,97,101,100,138,135,100,98,104,102,82,132,113,94,82,93,109,87,97,108,116,115,124,115,109,82,96,107,112,115,115,116,125,122,121,121
131,119,127,127,125,131,132,132,137,137,139,134,143,139,128,118,133,143,145,149,152,140,139,140,136,130,131,129,124,124,135,135,129,134,146,140,139,143,133,134,147,134,123,127,133,151,145,142,141,145,135,124,148,145,127,129,128,125,138,145,138,140,142,144,136,129,138,138,137,126,133,125,136,143,137,134,122,140,142,148,147,139,138,151,116,122,131,151,152,150,156,152,149,146,152,150,156,149,119,129,134,145,143,139,144,142,126,118,139,135,135,139,119,117,125,126,132,136,129,124,117,144,145,134,150,140,113,113,133,129,141,138,146,131,131,137,134,145,156,125,111,114,124,136,124,144,148,141,124,128,121,128,135,118,114,116,118,128,121,128,128,105,110,117,117,130,134,122,125,120,121,129,143,129,123,121,127,128,133,131,131,136,135,131,133,130,139,133,129,131,132,133,132,137,133,131,129
139,114,110,137,137,134,134,128,125,129,126,131,118,115,126,114,119,115,117,113,120,113,123,139,143,119,122,110,132,120,107,100,119,124,130,132,118,124,142,137,125,109,124,125,123,108,112,118,138,131,133,139,118,132,130,115,139,124,110,115,108,145,133,131,129,127,110,120,132,122,125,126,111,133,118,146,140,121,107,117,124,125,126,126,126,121,118,120,126,119,137,131,123,118,120,122,127,122,116,124,116,111,129,130,116,125,118,126,119,141,139,109,124,130,118,134,123,151,116,134,119,136,123,141,132,119,122,122,124,127,125,141,130,124,125,122,118,131,122,124,121,126,107,135,130,142,131,123,109,120,111,124,120,115,130,131,103,121,112,144,133,124,119,150,125,123,120,116,121,151,138,121,118,149,147,127,139,145,123,130,129,121,145,170,146,133,121,118,135,145,144,140,134,138,134,141,139
125,118,130,129,123,120,126,128,130,128,120,127,134,142,109,129,130,140,134,143,145,144,124,133,138,138,135,137,120,120,132,152,139,143,138,140,147,130,125,127,133,139,118,120,128,142,138,132,128,133,142,124,147,152,124,137,116,117,137,154,137,134,147,146,135,125,133,129,139,119,125,116,132,132,128,125,120,141,140,145,140,135,127,150,116,113,130,148,142,141,146,135,136,130,137,139,140,142,117,109,132,143,135,137,138,145,146,129,139,131,138,138,119,116,128,135,119,133,122,117,126,126,130,125,136,137,120,119,139,132,133,134,139,124,136,127,125,137,118,130,120,118,140,133,122,132,123,141,133,134,130,125,112,112,118,116,136,136,124,118,124,122,121,110,117,124,124,124,119,116,120,125,131,107,116,121,126,141,131,125,122,96,116,114,103,109,131,129,120,120,115,123,124,125,126,110,122
137,117,117,124,124,123,122,122,121,121,116,119,126,117,121,132,127,127,123,122,119,114,129,126,121,115,117,123,123,129,130,127,122,124,125,124,124,123,128,132,136,122,123,125,130,129,126,130,114,127,128,115,123,133,129,121,123,125,131,128,129,124,122,132,127,124,129,130,117,125,129,126,133,134,122,128,120,129,128,129,132,123,122,135,125,127,137,129,129,130,131,132,124,128,127,125,130,134,125,132,138,125,132,133,129,129,127,123,132,130,139,134,128,128,135,135,127,128,128,122,122,137,137,129,133,135,131,129,132,129,137,127,130,122,118,122,122,126,136,128,129,128,135,128,123,135,129,126,120,121,116,135,131,127,126,129,139,130,127,132,129,122,116,127,130,124,127,140,135,132,135,137,141,135,134,134,134,140,134,127,128,124,125,133,119,131,129,126,123,124,124,117,125,129,129,116,127
123,127,128,126,126,127,132,128,126,126,132,130,136,123,126,130,129,119,118,121,121,117,126,124,123,127,121,121,135,123,126,116,119,116,114,117,118,115,127,119,131,118,132,122,123,119,120,129,126,128,118,124,120,123,125,117,126,122,126,117,124,117,117,119,125,115,130,129,125,123,128,122,127,120,123,115,124,131,122,117,137,117,118,118,126,122,125,118,114,114,115,124,127,116,118,118,117,120,125,121,125,117,130,122,120,120,128,131,120,120,116,117,126,123,123,119,116,117,125,125,124,133,133,127,132,116,128,125,124,114,132,113,129,128,119,123,121,114,116,119,126,126,128,115,120,110,120,128,126,123,123,123,120,124,124,120,127,120,121,117,124,129,129,126,120,128,128,124,130,125,123,119,128,121,120,129,132,123,125,126,124,123,128,127,125,119,120,123,122,122,122,120,120,124,116,120,120
121,123,121,117,119,120,122,121,121,119,120,121,113,116,122,121,119,118,115,114,109,113,116,111,109,112,112,112,122,120,120,113,113,112,112,110,112,113,112,106,102,111,122,117,119,114,113,107,104,107,111,110,112,110,110,114,122,116,120,110,111,108,110,113,113,111,112,106,106,116,120,118,120,110,111,107,115,104,112,112,102,112,111,110,124,118,122,111,113,112,109,111,111,113,113,113,114,115,122,117,121,113,105,113,112,113,111,110,111,111,109,113,124,119,119,111,109,111,109,109,112,105,103,110,108,115,125,120,122,112,103,108,105,112,111,114,113,114,115,116,123,120,119,117,112,116,116,114,114,112,112,110,114,118,123,119,122,116,117,114,114,117,117,121,113,113,110,118,125,124,122,118,103,118,123,115,118,117,121,126,126,126,123,116,122,117,120,124,122,121,120,118,116,115,119,120,120
114,123,123,118,120,123,121,120,121,120,120,119,121,116,118,122,116,120,120,114,125,124,126,127,128,124,122,121,118,121,117,124,122,121,130,131,122,126,128,133,119,117,124,119,119,122,119,120,134,130,124,129,124,127,129,127,123,118,120,126,122,129,134,129,131,127,123,121,126,122,124,120,120,126,124,131,133,119,136,130,119,130,127,127,124,116,119,127,122,126,132,137,138,135,129,128,128,125,120,117,117,126,120,128,129,130,134,139,133,139,130,124,122,118,122,135,132,134,131,134,133,115,121,132,120,127,125,117,120,127,119,133,120,124,132,129,129,128,128,133,120,117,119,131,132,129,129,131,128,131,132,136,131,134,124,118,119,133,138,137,135,137,134,134,135,124,123,126,117,116,122,130,118,125,135,137,133,133,120,121,121,128,119,119,115,124,119,118,117,116,116,119,121,118,118,119,113
144,141,141,127,131,128,129,123,127,128,131,128,115,128,121,145,127,123,108,116,108,107,115,106,102,103,106,102,133,143,129,107,107,107,107,109,109,113,103,111,120,111,134,143,132,114,110,117,123,118,107,113,111,108,112,114,124,140,136,107,112,105,124,112,120,115,107,121,109,125,129,140,130,107,111,103,111,113,105,106,116,107,107,104,133,142,128,103,107,108,97,103,109,108,107,107,106,108,132,143,129,112,116,107,103,108,114,117,111,114,112,115,129,151,131,106,110,110,114,109,115,117,119,115,106,107,135,151,129,117,121,103,104,120,117,113,124,117,104,111,143,154,131,106,114,104,98,110,110,113,117,121,126,125,127,147,130,120,121,117,120,120,121,121,118,121,119,117,128,132,123,120,118,120,127,117,117,118,119,123,128,117,120,128,119,112,117,120,125,130,131,131,130,126,129,122,132
115,110,113,73,79,98,93,93,101,111,107,98,113,148,62,115,126,135,142,144,134,156,113,126,131,150,155,143,94,101,140,147,143,151,137,149,142,137,136,140,96,173,100,106,132,163,164,115,128,106,140,126,156,159,167,144,100,101,128,155,135,134,136,146,127,123,136,114,152,130,118,106,123,140,135,139,122,104,140,148,107,150,144,148,106,100,123,156,143,145,144,117,140,144,159,160,163,163,102,102,122,152,115,154,152,152,144,137,138,122,136,133,107,106,123,131,120,136,139,109,134,81,89,137,103,155,101,120,135,138,110,142,117,123,151,150,142,152,151,148,104,113,130,144,133,146,148,150,143,140,144,135,151,114,102,107,126,148,133,130,146,128,132,124,144,123,121,125,121,96,110,133,109,96,115,141,131,121,123,108,94,105,107,77,93,113,122,103,103,89,83,85,77,73,78,90,88
142,146,143,145,148,147,143,142,143,152,136,129,119,117,137,128,135,119,118,108,107,118,131,125,133,115,107,113,143,133,130,132,121,104,122,114,105,129,120,120,130,104,144,139,143,107,96,127,126,137,121,139,100,102,119,135,136,136,137,124,108,120,124,102,158,142,118,133,124,133,128,134,133,124,118,127,160,134,122,111,124,103,104,114,133,132,134,111,96,100,108,126,115,120,96,94,101,96,143,124,134,105,128,105,103,100,117,137,105,123,115,115,137,124,133,144,127,124,138,133,134,144,131,115,126,107,129,133,137,119,123,116,133,131,118,109,108,103,120,125,137,124,138,108,116,98,108,114,115,123,127,128,129,165,141,119,137,140,136,132,132,152,151,158,155,132,133,152,143,125,138,147,139,144,145,142,148,148,151,147,138,150,142,141,144,137,146,154,147,144,146,146,149,154,156,135,147
128,123,126,132,149,144,147,144,146,140,145,161,145,116,132,118,116,100,126,116,130,146,143,143,131,144,139,132,142,135,122,120,121,130,135,126,132,135,114,130,124,123,148,145,133,134,115,131,142,133,135,147,128,125,127,125,165,139,150,129,123,117,140,135,141,134,123,132,150,142,170,144,158,130,133,148,145,141,138,128,131,140,137,142,172,146,156,131,121,133,131,135,123,130,140,133,136,124,155,152,159,142,130,132,137,125,132,154,144,152,139,129,166,156,162,155,151,148,161,168,155,134,128,128,129,140,168,149,154,144,128,167,144,130,150,149,140,143,147,129,161,151,155,156,158,143,140,128,134,176,138,152,134,146,148,160,147,144,136,171,156,150,152,174,155,127,125,137,152,162,155,128,119,121,136,146,156,154,164,167,145,149,146,138,147,155,154,163,159,164,159,149,156,141,151,142,145
151,130,133,156,154,140,147,151,152,148,146,151,150,126,132,122,133,133,134,126,118,116,136,132,113,123,118,130,139,161,123,142,132,121,124,121,118,111,124,120,143,128,139,156,128,122,122,125,127,133,119,114,116,111,103,119,146,158,132,124,121,135,122,120,112,118,112,125,100,128,142,155,130,133,129,125,118,130,115,114,125,108,121,121,137,154,138,133,121,119,106,123,125,124,120,116,103,116,138,155,136,125,130,109,103,122,105,111,111,112,117,111,141,155,133,137,124,105,94,100,83,122,120,126,140,122,142,152,140,130,130,106,112,124,110,107,116,117,125,123,147,152,137,129,109,133,134,126,121,118,115,122,114,125,128,154,137,141,149,141,122,117,107,105,107,121,124,122,142,164,134,138,133,156,158,134,117,136,154,160,155,133,149,155,144,126,148,165,166,158,160,162,152,137,147,134,146
121,121,119,124,123,122,123,123,123,123,121,124,120,119,119,119,118,121,121,120,119,122,123,123,122,121,122,122,121,120,119,122,123,120,121,121,121,122,119,119,103,120,120,120,119,119,120,105,120,122,122,124,120,121,119,120,120,120,119,119,120,119,120,120,124,121,119,105,118,119,122,121,118,119,120,119,123,111,120,119,105,119,117,116,121,120,120,120,118,118,115,118,119,120,121,118,117,119,121,117,120,120,104,118,119,118,120,122,118,120,117,119,122,118,120,120,119,120,117,119,119,106,108,120,111,118,121,118,119,120,102,119,109,111,120,118,118,119,119,119,120,118,118,119,120,118,117,118,118,119,118,114,117,119,119,117,119,119,119,118,117,118,118,119,117,112,110,118,121,121,120,119,102,115,120,119,115,109,119,119,119,119,121,122,120,120,120,119,120,122,123,122,122,113,120,121,121
127,125,139,139,142,156,144,146,152,162,156,152,154,152,143,121,147,142,139,133,124,138,159,132,90,137,123,117,161,122,150,101,92,108,97,90,104,90,87,121,124,130,152,126,151,123,96,128,110,132,107,117,112,113,123,118,156,131,149,100,116,96,101,92,101,101,104,124,109,115,161,137,152,100,110,104,102,129,100,100,123,104,101,132,154,134,154,110,102,116,109,116,103,131,131,125,132,130,150,142,152,134,132,136,138,116,91,121,127,106,132,134,161,140,148,116,123,125,136,129,119,127,131,131,128,119,151,135,144,124,127,141,150,131,119,119,123,120,129,118,144,141,139,127,127,130,132,124,110,139,119,137,136,140,146,145,138,132,129,149,138,115,117,130,135,130,129,120,143,149,136,142,125,149,131,125,130,134,134,138,151,138,145,135,146,142,136,137,136,133,129,134,133,133,131,139,137
123,121,122,131,120,125,112,114,112,113,115,108,123,122,118,112,115,116,107,112,109,112,112,118,125,132,125,120,111,114,117,123,119,124,108,122,111,121,136,120,121,120,109,119,116,136,127,139,124,111,125,130,111,123,126,133,117,116,112,131,126,114,126,119,119,114,121,130,115,130,122,117,115,113,120,112,120,108,105,114,115,116,133,105,117,125,110,130,131,130,132,105,112,109,130,127,138,130,114,124,113,124,127,123,115,123,121,108,110,116,104,135,124,131,118,128,116,127,133,107,129,123,110,106,111,138,114,130,128,118,127,106,123,133,130,137,126,128,127,143,106,135,112,137,133,117,128,120,134,128,128,127,123,133,114,126,115,132,128,110,129,124,125,127,123,133,133,137,122,132,123,129,140,116,121,118,116,129,115,119,136,122,126,136,121,118,110,106,109,125,125,127,132,121,141,123,129
108,144,136,133,139,138,146,140,137,139,145,138,123,161,125,144,145,146,144,144,150,141,144,140,141,148,150,135,154,134,134,138,142,132,131,138,135,125,139,146,112,134,148,132,145,132,140,119,137,136,146,143,145,136,139,147,143,131,144,131,146,135,138,139,156,150,134,119,142,135,149,132,148,130,133,131,152,117,136,134,121,135,144,139,141,126,143,134,131,138,139,122,125,132,119,130,134,142,149,122,146,133,121,151,142,135,137,141,137,150,148,133,141,123,144,152,135,148,122,131,135,124,117,145,113,141,143,120,152,144,119,136,121,126,140,141,140,138,133,135,144,116,140,118,131,126,130,130,142,133,141,149,142,130,137,119,140,150,148,146,146,137,139,141,146,124,123,142,139,152,149,135,119,116,138,150,140,140,145,151,144,130,145,135,143,135,132,141,147,138,124,117,127,139,128,140,125
131,149,146,147,149,155,155,152,154,152,156,152,151,158,150,145,152,152,148,152,152,143,155,138,140,144,138,145,147,150,154,138,144,140,142,137,137,135,141,139,134,140,149,145,155,137,141,145,129,133,134,139,137,136,138,139,142,150,156,133,139,134,133,134,146,134,135,145,141,143,156,148,162,133,141,138,143,133,131,134,132,137,138,150,156,148,163,137,137,139,141,144,137,136,140,141,145,145,150,148,164,144,144,144,140,142,138,149,143,142,148,146,152,146,163,139,143,141,141,147,136,126,137,142,132,142,156,145,160,144,138,141,134,149,140,140,151,147,152,143,152,146,161,147,143,149,152,143,141,146,149,152,152,144,145,147,160,156,150,156,152,142,139,151,154,149,149,151,156,141,152,160,135,128,152,152,151,139,152,147,146,144,148,136,143,147,154,149,146,145,145,145,150,137,147,141,144
106,108,108,127,124,115,115,116,115,112,113,111,102,113,116,109,111,114,114,112,115,116,113,110,116,116,112,116,115,115,112,124,119,116,119,120,118,120,114,104,101,117,114,116,110,116,120,110,115,108,121,118,115,114,113,115,116,118,113,119,112,117,121,119,119,117,119,109,112,115,109,115,109,118,117,118,116,98,121,120,100,118,117,111,109,113,108,118,117,115,116,116,116,117,119,120,117,114,111,115,106,117,106,111,113,117,124,114,113,117,113,116,111,113,107,120,116,115,111,112,117,101,101,113,101,115,112,113,106,118,107,114,97,115,114,115,113,117,108,110,112,114,105,114,113,116,115,116,117,116,115,111,111,116,114,111,105,112,112,112,113,120,122,117,116,116,114,116,113,120,112,116,104,101,115,113,107,108,116,119,121,116,114,122,112,110,118,119,123,128,129,131,128,123,127,116,123
128,129,131,131,129,129,126,127,128,131,129,129,116,129,125,135,123,134,124,127,123,129,123,119,119,125,127,126,124,139,125,128,121,127,117,117,119,117,122,121,112,124,125,138,130,120,123,115,117,113,123,127,114,122,126,119,119,134,123,125,113,118,120,114,122,120,114,114,118,122,118,134,116,123,119,116,124,110,109,111,107,115,111,118,124,133,120,119,113,112,111,113,110,117,115,114,121,119,124,132,121,116,114,119,119,112,118,120,119,114,121,115,123,134,125,122,115,120,122,120,118,108,110,117,115,120,127,133,122,119,112,116,108,116,116,117,119,116,124,124,125,133,125,119,121,121,126,119,117,124,122,125,115,135,129,134,126,122,120,127,124,126,128,126,121,117,119,131,118,120,123,121,111,128,127,129,132,130,129,129,127,129,121,126,122,121,128,128,125,125,124,127,130,119,129,129,123
149,136,122,122,115,124,110,119,130,124,120,124,126,120,122,146,135,130,136,136,132,136,138,135,144,145,141,127,118,132,141,127,132,128,118,131,123,121,142,122,142,122,113,126,137,115,123,118,118,118,122,136,135,127,135,132,110,122,129,117,128,139,125,116,123,135,144,125,135,147,130,125,132,125,135,122,128,120,115,119,131,116,114,140,121,140,134,146,132,117,114,102,119,117,122,115,121,110,123,136,130,123,119,119,108,116,117,133,122,110,130,128,118,129,128,132,115,105,129,121,137,124,148,137,131,128,116,129,126,120,136,112,119,127,105,107,122,109,139,129,117,128,120,121,114,104,94,111,107,131,124,131,136,135,125,136,136,120,125,133,120,143,142,146,143,126,127,140,138,137,130,124,130,125,139,145,134,125,144,143,137,138,125,134,146,150,152,139,131,129,131,141,132,106,121,141,134
167,136,123,152,155,163,159,160,160,163,158,161,166,138,155,131,138,127,121,116,133,127,161,124,131,113,106,107,160,148,127,113,122,102,111,109,104,104,119,123,136,96,146,137,135,90,98,134,118,156,94,126,92,94,98,115,133,136,136,93,96,98,84,101,123,111,104,132,116,141,129,137,145,97,111,128,139,156,100,93,151,90,97,100,154,140,152,88,83,79,91,131,110,105,89,84,86,89,142,134,152,79,143,93,88,89,79,122,90,120,106,116,144,131,152,109,129,118,114,146,124,152,151,114,150,93,144,131,151,103,145,123,156,129,98,86,93,86,107,80,141,135,151,97,119,105,106,84,74,101,91,116,111,115,133,135,145,94,113,132,107,123,111,144,129,126,130,135,158,150,163,136,143,168,150,132,142,150,145,159,171,164,176,155,181,161,135,152,163,160,158,155,148,169,160,164,155
131,134,135,133,133,135,135,134,134,136,135,134,136,136,135,133,135,135,135,134,135,135,135,134,135,135,134,134,133,133,134,133,133,134,135,134,135,135,133,137,136,135,134,134,135,135,134,137,136,136,135,134,136,135,134,135,133,134,133,135,136,134,135,135,134,134,136,136,136,134,133,133,134,134,135,135,136,136,136,136,136,136,136,136,133,133,134,134,136,137,136,136,135,137,137,136,136,135,133,134,133,135,137,135,136,136,136,134,136,136,136,135,134,134,134,135,136,136,139,135,138,136,139,135,137,134,131,134,134,135,136,136,137,138,137,136,136,135,135,135,132,134,134,135,137,135,136,137,137,136,137,135,135,135,134,133,133,135,136,134,136,138,137,136,137,138,137,135,134,132,131,135,135,138,136,135,137,135,135,133,133,133,133,136,132,134,134,133,134,133,133,135,135,134,135,134,136
128,126,127,131,134,119,112,112,111,112,107,120,131,106,140,122,109,107,111,113,107,97,102,103,108,110,108,111,129,129,115,104,105,109,106,112,112,111,114,115,129,109,129,121,121,103,112,128,110,119,110,116,114,114,134,130,136,129,119,114,112,118,104,109,116,119,128,127,139,131,121,126,124,114,125,125,131,132,111,112,130,122,129,126,131,128,131,107,107,115,121,116,121,116,116,126,139,136,129,128,130,115,126,126,119,124,142,134,124,133,130,134,134,140,133,116,124,124,114,119,133,129,124,118,136,135,133,141,137,124,131,125,121,121,116,120,117,131,136,117,140,146,141,126,117,119,118,119,123,124,119,136,136,129,144,136,141,122,128,121,121,125,128,124,129,119,122,130,133,131,131,134,130,139,125,126,146,143,124,118,122,117,131,125,122,133,136,124,119,111,119,125,124,130,129,111,124
119,115,105,123,127,134,133,125,125,125,128,126,136,115,130,103,118,117,120,120,112,108,131,125,115,109,106,118,131,111,119,112,106,114,112,104,104,120,102,112,136,117,134,106,121,118,111,140,111,120,110,126,111,115,106,126,148,118,126,117,104,105,108,117,125,124,107,135,118,139,144,115,134,121,107,116,125,118,101,111,119,111,113,108,124,121,119,107,101,107,103,115,101,108,98,108,105,107,135,122,129,114,135,114,106,106,106,110,112,116,116,120,137,111,138,125,115,129,110,122,115,131,133,110,125,110,140,107,132,127,133,107,106,130,103,104,105,109,97,117,134,104,118,110,124,104,98,109,110,122,112,115,124,140,140,106,111,124,123,122,115,112,110,136,118,134,136,120,125,129,124,130,133,114,112,108,116,110,96,105,116,140,139,143,134,125,107,104,112,119,125,130,140,149,131,133,142
149,136,139,113,119,146,137,138,145,145,147,148,139,136,121,136,136,139,130,130,120,130,125,121,140,131,126,135,134,134,152,131,128,127,118,127,118,115,130,111,130,119,133,140,147,121,111,120,100,112,107,110,130,119,127,133,126,136,144,126,114,117,126,102,117,114,122,127,127,139,140,138,149,123,118,107,108,131,121,105,124,115,128,137,146,140,140,128,110,111,114,104,109,109,119,124,127,115,137,140,147,109,116,117,121,114,127,121,115,123,131,128,141,145,152,138,108,111,113,113,117,117,127,109,116,123,131,144,147,128,116,122,122,122,115,117,118,116,124,116,138,148,147,127,121,129,133,115,113,122,124,134,125,118,126,140,142,127,133,131,128,133,131,130,133,124,120,123,139,129,132,147,126,135,126,127,127,114,146,144,142,126,122,132,130,131,150,143,133,135,131,116,137,123,135,120,144
137,122,128,138,135,131,134,131,129,131,133,132,120,126,126,131,129,124,123,129,127,128,119,123,130,128,130,132,123,129,129,129,122,130,127,130,127,128,126,124,118,129,127,128,132,129,132,120,122,122,126,114,124,118,123,127,121,128,127,128,123,127,121,123,114,120,123,122,125,121,124,128,128,126,120,125,117,121,120,122,122,124,121,128,127,133,129,129,127,126,115,115,119,121,126,124,120,129,128,132,126,132,119,125,124,124,121,111,123,117,127,128,128,131,129,121,123,119,122,114,116,117,117,121,114,128,126,132,127,126,120,118,117,120,119,121,125,130,127,123,133,133,127,132,119,127,122,120,114,111,121,124,124,118,131,128,123,123,116,120,122,121,120,111,117,119,120,126,128,130,126,124,121,120,128,122,119,124,123,127,127,118,122,127,131,127,129,129,128,130,123,124,124,123,130,120,128
136,140,140,139,136,125,123,131,132,135,123,134,127,141,130,148,141,149,127,132,126,130,119,118,134,130,121,135,136,148,150,129,132,125,121,123,124,130,132,126,136,130,135,146,142,125,133,124,133,132,120,111,120,124,136,127,132,137,143,132,129,126,112,114,118,123,128,127,127,120,117,137,142,123,132,136,118,124,120,118,140,121,128,136,131,136,143,126,125,124,128,115,124,120,114,123,125,138,141,133,148,125,123,143,135,130,135,129,131,136,136,139,138,138,145,120,127,140,138,130,139,134,129,145,143,132,133,141,141,138,133,140,143,125,138,135,122,128,131,124,136,144,156,136,127,146,135,129,127,116,132,141,151,130,139,142,171,145,146,136,143,146,145,121,152,126,129,148,148,131,148,155,140,130,140,142,140,135,129,134,142,139,137,133,135,143,137,148,139,131,129,136,136,131,134,136,126
126,122,126,121,119,116,115,113,118,119,117,116,106,127,117,121,127,125,126,132,128,129,127,128,136,133,134,136,117,118,132,136,134,137,134,134,133,134,135,122,125,134,119,119,126,132,132,126,129,135,140,135,131,134,137,139,115,118,122,140,135,142,135,133,141,143,138,130,142,141,123,117,126,138,139,142,146,124,133,133,120,137,139,137,114,119,126,136,132,130,129,129,132,134,126,130,129,123,115,120,127,129,125,136,132,131,142,140,134,140,131,141,118,125,126,141,137,144,146,145,152,134,128,137,119,137,116,124,121,136,126,137,128,129,137,134,131,130,125,132,115,127,124,128,131,129,129,130,134,138,141,136,136,134,120,126,123,130,132,135,142,147,149,147,146,130,128,132,118,114,113,131,127,122,124,135,126,115,122,119,122,120,111,122,109,119,123,119,117,113,116,119,118,123,122,115,122
139,124,118,140,130,126,130,131,125,133,128,129,120,136,133,120,135,133,126,150,123,124,115,115,113,120,124,107,156,155,142,100,105,122,115,108,113,108,116,117,115,116,156,166,135,113,118,124,111,105,120,121,126,140,145,124,146,160,155,109,130,127,130,120,103,114,117,124,128,132,137,156,155,119,134,119,121,119,121,116,110,127,143,143,142,149,148,119,128,132,136,127,122,129,129,144,151,133,154,149,145,130,125,150,138,134,130,132,140,127,137,128,149,160,141,128,124,136,133,125,123,121,117,151,114,144,142,158,146,139,117,134,119,121,143,141,134,131,161,139,140,156,136,124,124,129,146,150,130,150,141,141,150,123,133,147,130,147,140,119,134,133,143,116,135,122,125,134,144,140,121,119,119,104,112,135,119,112,142,137,126,138,117,120,110,101,132,136,143,139,118,110,103,120,110,121,122
119,121,114,107,107,103,109,110,109,98,105,115,137,130,131,118,124,113,122,127,131,128,121,110,121,129,136,125,131,123,127,139,142,131,109,126,118,119,117,127,123,131,142,126,134,127,125,123,130,144,118,120,115,129,120,115,143,132,136,131,118,119,120,119,125,123,111,126,139,126,138,136,129,124,124,126,122,119,102,104,125,110,114,133,131,128,129,140,128,118,127,137,115,101,112,106,110,119,136,138,128,113,121,112,116,115,111,105,112,120,132,121,131,132,135,139,119,117,123,126,139,110,134,107,131,121,128,126,136,114,120,130,134,124,116,108,112,117,114,109,130,128,127,123,125,119,122,100,105,102,97,109,102,104,145,137,129,100,96,105,98,108,93,105,105,126,123,113,132,112,129,105,114,116,113,121,130,143,110,100,96,120,116,124,107,131,117,104,100,104,111,117,119,109,114,110,114
105,106,112,130,129,136,132,135,134,135,133,130,129,133,127,115,117,151,149,140,137,145,137,137,132,140,144,146,139,129,133,140,135,140,133,136,132,136,133,136,100,141,141,124,128,133,142,118,144,131,126,127,133,141,140,140,145,128,129,130,136,137,133,128,128,118,127,118,136,130,141,129,133,131,131,136,134,112,134,130,104,140,135,126,136,137,129,141,127,130,131,127,130,128,136,135,134,137,138,132,129,133,116,138,137,134,143,142,137,134,130,155,128,129,125,148,149,139,148,126,142,102,106,133,114,144,136,122,121,145,113,142,119,126,138,141,140,140,151,151,134,121,128,145,147,133,137,141,147,148,138,138,133,122,121,121,134,148,150,143,138,126,125,121,135,125,119,140,128,117,132,141,103,113,120,136,114,127,138,139,139,126,119,138,132,124,132,132,123,127,136,145,145,134,136,121,134
129,114,105,121,111,109,117,120,121,124,130,135,118,126,137,109,112,110,93,103,101,92,116,89,93,98,96,100,129,109,111,103,102,87,79,92,86,76,96,100,127,100,122,109,111,88,86,137,103,120,105,108,85,90,107,108,126,114,115,101,101,101,98,91,103,100,90,130,90,113,130,117,123,102,85,87,103,100,100,92,115,81,97,115,129,123,125,101,87,86,92,109,100,100,91,93,100,108,125,125,125,100,131,101,97,100,101,115,97,91,113,108,127,123,128,118,105,90,96,100,90,113,115,100,130,120,129,121,130,112,127,102,114,133,100,105,109,103,128,117,128,131,136,96,120,86,102,114,108,112,107,128,124,115,134,140,147,123,120,127,106,120,107,113,112,133,130,109,134,127,136,135,130,118,116,115,121,116,130,133,133,136,149,109,137,131,124,129,124,129,129,131,131,117,120,138,130
96,127,145,142,148,137,140,139,137,138,138,137,114,130,136,156,144,142,146,149,134,138,136,141,132,135,131,138,127,125,144,120,128,139,133,124,146,135,133,122,108,146,133,122,138,144,140,126,115,115,132,126,139,138,141,145,135,118,146,126,143,132,135,135,107,105,118,123,139,123,137,117,139,115,132,110,121,117,139,130,112,146,125,136,134,123,136,133,139,149,140,159,138,155,159,150,149,139,138,121,134,146,128,134,145,147,122,105,140,119,132,119,132,126,141,118,126,129,125,117,94,109,110,129,102,134,131,132,130,117,115,135,125,123,123,139,130,139,135,138,135,123,141,130,118,142,136,130,136,137,114,118,116,100,102,116,140,121,117,133,125,107,105,103,107,120,118,123,118,124,121,109,110,110,115,112,113,107,137,122,114,124,119,138,128,101,136,131,127,128,131,134,141,131,135,128,147
118,128,116,126,132,129,129,131,127,126,123,127,133,112,116,111,114,108,110,105,116,108,112,119,111,115,110,110,118,129,103,116,116,107,109,109,102,109,111,109,127,110,117,126,112,110,113,131,107,118,100,101,107,107,102,109,115,121,119,119,104,105,102,107,110,110,116,129,110,111,119,120,120,116,118,111,106,125,103,106,124,108,107,108,121,119,119,111,117,116,119,109,107,101,111,114,114,116,115,111,122,111,127,110,107,109,109,114,109,112,105,112,116,118,121,115,106,102,100,109,106,121,124,102,130,111,115,123,115,104,130,108,125,131,108,110,105,113,107,111,119,125,118,109,119,111,108,113,114,109,105,112,105,116,119,130,122,106,113,114,108,111,113,115,111,130,130,107,126,111,119,117,126,127,124,105,121,116,115,119,120,108,109,114,112,106,109,118,120,113,108,112,111,119,111,113,113
147,123,124,137,145,131,129,132,129,117,122,132,128,114,132,129,123,110,116,113,123,121,137,144,152,119,118,125,117,140,117,138,133,135,145,141,141,142,126,134,144,121,120,140,124,128,131,150,128,123,138,148,137,129,129,141,130,147,123,135,136,150,151,150,165,158,136,151,136,139,136,155,132,138,139,150,163,161,150,152,152,137,145,133,135,150,142,135,144,140,148,139,147,148,140,138,127,128,132,148,137,123,146,130,132,133,134,145,135,138,134,137,132,140,133,148,137,125,115,138,131,148,139,133,147,128,138,135,126,123,148,128,151,140,127,130,123,137,131,126,134,139,121,130,131,133,128,134,135,135,127,119,126,130,110,137,123,116,121,136,131,131,134,141,137,142,145,113,137,156,127,119,152,130,128,118,114,124,132,144,150,119,150,148,137,126,112,125,143,154,162,158,156,151,149,138,159
137,134,142,116,118,126,135,136,136,134,136,132,137,139,129,146,150,139,140,136,139,134,140,142,156,150,146,147,131,130,152,158,149,143,148,152,147,147,155,152,119,139,133,123,150,147,146,115,137,119,155,146,140,150,156,140,118,121,143,156,155,156,143,149,143,156,156,118,138,140,132,125,136,162,156,154,128,121,156,148,119,152,156,145,129,125,141,160,150,149,145,129,144,140,142,148,151,144,126,126,144,147,118,139,140,146,149,137,148,149,146,138,123,126,141,160,149,149,141,132,138,118,121,152,124,147,119,125,132,145,115,147,125,122,147,148,146,146,149,149,122,124,142,161,147,150,147,144,152,143,147,148,138,132,136,127,147,146,150,146,141,143,147,125,132,122,120,130,127,121,147,129,123,138,135,133,139,145,146,139,128,116,125,100,123,124,156,139,128,131,120,130,125,118,123,135,105
120,116,117,121,119,119,117,119,115,114,114,116,122,112,118,118,113,112,108,112,119,112,113,114,116,117,117,115,118,121,112,116,114,117,116,119,116,119,118,119,121,116,116,121,112,114,114,115,121,119,119,118,121,116,123,122,115,119,115,117,116,119,118,118,119,120,120,116,126,127,117,118,117,116,117,122,114,122,117,119,120,120,120,120,115,118,116,119,117,114,123,120,120,115,115,118,120,118,115,118,115,113,114,115,117,118,122,120,116,120,120,124,115,117,115,121,119,115,118,116,120,121,123,115,119,120,115,117,117,119,118,115,119,112,117,116,118,119,120,121,115,117,119,119,122,121,119,119,120,119,122,124,120,127,115,118,123,117,119,116,117,125,125,118,117,112,112,120,116,116,121,115,117,119,114,113,119,120,117,118,121,119,114,118,117,119,114,118,122,120,120,121,119,123,120,120,113
129,125,127,125,132,126,127,128,126,124,122,122,119,116,124,129,118,124,128,120,125,124,124,126,120,124,120,122,121,121,121,128,122,120,136,125,120,127,119,127,119,125,123,123,122,125,121,126,120,128,119,123,125,128,125,127,127,120,119,123,124,122,128,125,125,120,127,125,125,127,125,122,123,123,124,120,127,134,125,124,127,127,123,118,124,128,126,124,120,122,121,130,125,127,122,125,119,125,126,133,124,120,123,122,116,121,122,127,119,125,122,124,126,130,126,116,122,120,125,128,131,127,129,126,121,125,129,130,122,118,124,121,128,125,127,125,124,128,120,125,127,126,124,128,122,125,128,122,122,125,123,119,126,123,129,127,127,120,116,119,123,124,122,124,124,124,125,118,128,127,121,120,130,121,117,127,126,125,120,127,127,126,126,124,126,115,125,125,125,125,127,124,127,116,121,127,124
152,137,137,140,138,137,129,132,130,126,127,124,100,127,137,126,141,129,126,133,122,126,135,131,142,128,135,132,118,113,129,143,139,135,124,137,125,129,133,115,116,123,115,121,128,134,131,123,120,115,137,142,125,122,125,140,110,123,131,140,129,128,122,122,141,139,120,118,124,141,124,127,132,136,136,129,127,111,114,106,104,113,109,111,112,125,138,122,124,113,118,119,108,117,109,111,116,115,120,134,136,111,119,115,110,115,121,133,118,124,122,128,119,134,132,130,120,121,117,129,127,106,93,113,102,119,127,137,132,121,111,112,91,124,116,114,115,118,112,121,125,133,133,119,111,116,110,109,114,118,124,128,125,122,128,136,137,127,132,129,119,132,134,129,113,130,126,128,122,126,129,120,107,103,115,122,112,104,118,116,119,123,115,126,124,126,126,125,112,111,117,120,119,111,114,122,114
125,135,131,94,100,127,117,117,116,117,118,114,114,131,121,131,140,122,112,118,112,116,115,116,131,127,127,126,118,96,131,133,122,117,130,120,122,106,127,116,131,124,116,111,123,119,119,132,111,126,121,104,108,115,120,137,109,107,124,148,132,144,137,119,123,127,122,131,129,119,124,107,119,147,134,139,137,127,131,132,125,127,136,133,123,113,126,144,136,134,140,130,126,126,125,119,126,121,116,105,131,126,126,128,116,121,124,125,126,136,132,134,120,119,130,141,125,131,113,112,114,132,130,124,125,129,111,118,133,133,134,120,124,128,120,109,116,106,119,114,111,119,140,113,107,106,96,107,103,97,110,119,100,116,113,118,138,112,125,116,114,128,130,100,112,126,122,125,130,112,122,126,141,119,115,120,111,105,110,109,101,115,133,116,114,122,110,111,106,97,101,96,106,104,103,116,114
141,131,135,145,143,138,137,138,136,135,135,138,144,130,138,132,128,130,134,130,139,137,129,128,133,135,136,129,136,141,129,136,135,135,143,137,135,136,135,136,166,132,132,139,129,134,134,192,137,137,130,126,133,132,130,125,138,138,127,134,133,137,135,134,129,134,132,195,126,122,136,133,129,137,135,131,128,147,140,134,151,133,129,126,135,132,125,131,129,131,135,138,139,134,132,127,126,124,131,136,122,125,191,129,135,129,128,126,130,129,127,128,138,137,125,126,126,131,128,133,130,149,147,126,149,128,137,133,129,129,184,133,147,201,129,128,124,121,120,123,134,134,122,125,124,128,128,128,131,121,126,120,114,129,144,138,121,118,126,120,120,133,138,125,128,200,200,122,135,139,127,128,176,132,127,128,130,141,128,137,141,117,132,156,130,127,122,133,142,144,151,151,152,159,156,128,155
124,133,139,113,120,137,127,125,127,132,123,126,116,97,138,138,137,113,112,116,122,111,130,94,90,96,98,81,103,120,116,94,96,104,113,101,96,96,100,132,132,97,110,126,123,97,104,126,131,122,90,105,102,107,110,85,138,125,114,93,101,93,89,97,107,100,97,124,105,89,124,127,116,94,108,121,124,133,105,106,134,107,106,113,143,128,122,103,112,108,124,129,115,96,97,104,121,105,119,127,121,113,124,113,107,107,108,128,124,107,109,104,126,130,121,115,100,110,115,124,113,143,148,100,137,113,133,130,129,123,138,115,142,119,118,114,117,121,135,132,120,131,123,123,125,119,131,128,127,134,131,141,136,137,132,143,117,143,130,149,135,126,124,139,128,120,123,120,126,139,133,142,138,154,151,123,143,135,128,133,132,112,127,104,134,142,119,122,120,123,125,120,107,106,100,108,96
105,136,139,142,139,133,148,142,133,134,138,140,125,144,131,142,129,140,147,145,141,150,132,134,151,152,167,151,134,121,137,129,137,148,147,146,151,156,151,131,113,156,135,137,140,150,150,117,150,130,140,126,148,143,138,141,128,141,134,151,144,134,140,140,148,151,149,116,138,127,130,138,131,151,152,136,127,112,137,134,109,141,134,147,137,138,146,133,143,141,123,105,127,128,141,128,143,150,134,131,147,142,111,146,145,122,147,133,149,148,151,140,136,134,137,159,145,149,159,140,158,121,118,165,118,163,142,134,135,152,113,134,108,119,174,152,160,144,147,158,141,139,147,136,140,150,161,135,151,148,171,151,133,147,126,140,146,158,164,154,156,161,162,143,167,119,117,135,143,125,139,164,117,125,137,167,139,127,159,155,149,133,119,133,140,140,150,150,144,151,147,139,140,134,139,128,138
141,131,131,124,129,117,123,124,123,118,121,123,130,121,138,127,123,116,116,121,123,113,132,123,125,121,121,118,127,126,115,121,112,117,118,117,118,123,117,117,134,118,128,130,118,120,118,134,121,131,112,120,122,116,123,127,129,133,121,118,120,124,120,120,131,126,121,132,125,138,131,133,121,117,118,121,126,144,116,123,137,123,122,120,131,130,124,117,116,121,129,134,116,118,114,119,119,121,126,133,126,121,133,128,128,121,122,122,124,131,130,125,129,135,129,123,124,127,127,133,128,138,139,124,133,118,125,133,127,126,132,115,134,131,118,113,122,121,122,114,123,132,126,116,115,112,120,112,124,132,123,130,134,130,130,130,121,129,126,136,131,126,124,123,124,132,131,122,117,132,125,122,134,124,126,132,122,137,126,126,131,130,127,125,126,127,114,125,125,126,124,122,118,120,119,124,119
119,120,124,115,117,118,116,120,122,122,119,124,118,134,129,126,131,139,138,127,122,115,139,138,117,122,106,117,120,118,125,133,122,122,115,107,127,121,116,109,125,132,121,119,125,139,133,120,107,121,126,126,120,126,111,116,114,118,123,119,122,117,117,123,107,103,111,122,122,125,120,121,127,116,116,123,108,117,111,129,125,118,113,135,116,114,126,138,137,129,119,114,117,129,136,130,118,131,115,113,119,141,123,125,112,132,116,115,130,102,125,117,115,108,111,100,115,109,96,89,83,113,115,117,116,118,116,105,111,117,120,105,116,119,96,114,117,127,119,125,114,101,113,123,108,128,113,115,113,105,105,121,127,121,120,106,116,130,124,129,129,107,105,113,109,122,124,140,115,112,116,128,118,114,125,111,105,118,109,115,118,119,115,120,119,113,115,119,114,115,122,125,124,110,127,116,121
111,122,110,141,147,128,143,138,128,120,133,145,134,131,148,144,141,118,125,136,148,128,148,134,142,133,123,131,162,166,123,132,143,138,133,132,141,126,136,131,115,121,162,160,128,113,121,117,136,140,135,111,140,125,141,135,161,156,138,122,130,152,128,121,134,144,139,114,156,118,139,162,141,129,128,143,146,120,148,131,117,139,137,129,156,159,143,127,123,127,131,159,129,132,134,134,132,132,168,166,146,115,113,131,142,132,140,129,146,134,138,126,158,167,146,137,141,136,139,141,124,104,126,123,112,121,156,166,138,110,113,141,125,119,135,142,146,133,130,117,161,161,140,132,133,136,134,133,132,142,163,131,111,96,130,154,144,125,125,133,117,119,107,113,130,113,109,103,136,141,135,109,98,106,110,122,111,100,118,131,122,113,120,130,112,108,121,141,140,144,141,136,133,125,126,122,127
115,126,120,135,117,127,130,129,128,122,132,130,124,126,121,124,129,116,110,109,118,120,111,124,113,104,109,114,118,127,124,116,108,112,111,104,123,126,102,100,112,118,122,133,131,119,116,113,115,121,119,109,121,119,104,107,132,134,135,128,122,117,118,116,119,116,119,117,127,103,136,137,130,114,119,119,131,117,118,124,108,120,115,124,129,136,136,123,123,117,112,109,120,117,113,112,112,129,118,132,136,115,110,116,118,115,120,108,120,123,103,113,128,128,136,113,116,119,112,125,116,104,113,110,113,115,128,130,136,105,117,119,118,118,117,117,109,116,119,121,120,127,141,129,119,125,121,116,121,128,121,106,121,110,124,124,135,112,108,103,122,103,103,131,119,120,120,126,117,121,125,107,109,131,130,109,127,143,141,133,123,130,124,119,123,128,140,130,122,121,123,128,125,115,117,127,114
122,144,144,140,135,139,134,136,139,138,137,140,142,134,136,135,137,137,127,132,132,127,134,129,117,129,125,124,131,136,138,118,119,117,119,117,119,118,123,125,132,124,134,133,134,121,120,134,117,134,117,122,116,121,117,120,140,137,135,121,117,117,121,120,125,123,116,132,126,116,132,136,133,117,118,120,128,132,119,123,133,119,118,128,129,137,129,127,128,124,129,131,122,121,129,126,128,129,131,134,131,125,135,126,124,122,123,126,121,124,124,126,130,135,131,117,116,118,122,130,120,131,136,118,135,124,131,133,134,113,132,125,140,134,120,121,125,126,130,125,132,134,133,132,126,131,132,119,121,123,119,127,124,113,136,136,132,122,115,123,126,119,111,125,124,133,133,132,130,139,135,127,131,132,131,122,133,141,137,126,127,127,135,121,125,133,129,126,127,126,125,125,125,123,123,127,121
123,131,121,131,142,134,137,139,143,144,133,148,145,143,155,146,123,120,140,134,128,128,111,132,108,125,125,124,156,163,139,121,109,116,123,98,126,132,104,132,141,142,156,160,144,128,126,131,127,152,115,108,124,131,131,116,150,160,148,121,124,119,124,115,108,114,116,134,147,137,149,159,150,108,126,138,137,151,125,138,146,139,138,139,150,166,152,129,130,132,139,139,135,150,141,144,135,129,164,156,151,124,134,130,131,139,131,125,148,125,132,144,160,165,149,111,124,123,126,131,136,149,142,136,140,129,152,164,156,119,126,138,143,127,122,133,122,131,115,123,159,156,158,116,122,130,123,126,124,129,127,156,148,142,152,145,162,131,141,135,144,120,141,148,148,124,126,141,151,141,138,146,143,127,133,127,130,133,125,133,122,130,138,100,120,112,121,127,133,123,118,119,128,121,130,149,129
139,136,141,126,131,128,134,125,134,135,130,124,119,140,136,137,127,130,135,142,126,134,125,128,129,129,127,131,127,122,133,140,130,133,134,128,141,146,119,108,125,131,126,133,123,138,141,125,118,125,134,121,141,139,118,136,125,132,121,135,135,135,148,144,136,132,140,125,126,129,115,133,121,130,134,125,131,119,135,136,122,127,121,134,120,134,122,130,139,133,115,105,111,134,139,133,129,130,132,131,124,129,127,123,132,130,139,125,137,127,120,132,128,139,127,127,130,131,141,140,149,131,133,120,118,128,124,144,128,127,124,136,138,125,128,134,139,134,123,140,134,140,131,137,134,138,133,129,143,156,148,129,141,150,140,133,129,128,140,132,144,150,147,151,152,124,125,140,144,137,138,131,129,127,123,121,108,120,141,141,143,146,138,120,135,136,128,140,142,139,132,130,120,109,114,132,122
96,122,126,120,121,122,121,115,119,119,122,119,113,122,109,118,121,130,133,133,127,127,129,136,135,137,136,128,102,110,122,133,136,135,135,142,131,125,134,128,108,135,107,110,123,138,139,117,132,124,139,129,137,138,139,133,112,111,121,138,138,138,136,142,117,122,141,113,128,132,116,114,117,133,135,127,118,111,135,137,110,137,137,136,104,115,119,140,143,141,139,127,139,143,142,146,142,140,112,117,117,143,119,142,138,142,132,136,139,126,141,131,102,107,113,146,144,130,131,124,132,107,111,135,115,143,107,112,117,136,118,141,116,120,139,133,142,140,127,139,112,111,111,142,146,144,141,139,137,144,129,122,122,125,104,112,111,125,129,124,126,129,132,122,122,120,121,128,112,123,116,112,108,123,117,118,121,119,119,122,123,131,118,103,118,120,131,124,121,116,109,114,110,107,111,125,109
100,139,141,135,131,130,130,128,127,128,122,120,111,121,122,128,131,136,151,143,152,156,136,162,161,154,156,156,116,134,140,158,165,161,170,166,167,169,170,156,107,150,108,135,129,152,154,115,149,143,166,165,168,149,166,140,105,129,118,152,158,169,152,166,166,169,169,112,160,134,112,128,117,156,155,152,151,110,159,161,103,158,162,143,119,127,127,152,152,147,151,125,141,156,149,142,140,139,116,124,132,146,102,149,150,156,156,148,152,146,149,141,113,120,123,143,148,152,152,145,151,107,104,154,119,147,121,117,113,140,107,147,107,116,150,147,151,149,132,129,112,117,131,117,133,136,135,141,141,143,156,136,131,115,124,118,132,122,129,123,142,138,141,140,144,119,116,115,113,129,109,123,103,109,133,146,130,114,125,120,103,112,118,142,118,128,140,118,119,124,134,134,138,124,136,123,119
120,115,116,104,102,113,113,113,112,113,119,115,115,114,107,115,116,107,109,109,112,100,120,119,100,114,108,100,109,108,113,104,103,102,112,103,101,106,103,124,114,108,113,105,115,123,110,122,113,109,118,122,117,115,109,104,126,102,111,116,115,111,119,123,106,110,109,120,108,103,125,102,113,114,97,112,120,112,122,122,111,120,120,128,116,102,115,123,124,125,116,119,124,128,132,127,133,131,111,105,116,125,122,125,132,125,115,114,123,122,127,116,121,106,117,125,122,126,114,117,113,110,113,121,119,122,119,104,126,115,121,127,116,125,119,126,121,124,118,121,112,105,120,133,129,126,123,125,119,117,113,127,130,112,112,103,109,129,123,122,117,107,106,114,114,126,127,111,110,112,113,121,119,130,128,115,115,121,128,130,132,126,113,129,126,115,121,125,124,126,128,126,128,122,122,121,124
136,133,133,132,129,123,127,128,128,122,126,129,128,125,132,129,124,122,121,124,126,121,124,121,119,119,122,120,133,132,125,115,111,121,123,119,119,120,120,125,132,119,133,134,128,117,118,131,131,130,118,118,122,124,126,117,128,137,129,119,121,131,128,120,122,123,118,129,126,119,126,136,126,119,120,129,125,130,123,124,131,130,130,131,126,134,129,122,124,124,124,129,126,120,125,128,131,127,128,135,130,126,131,127,127,127,123,121,128,125,128,123,126,134,131,119,122,126,127,127,124,129,128,122,130,126,127,132,134,122,133,127,127,128,122,127,124,129,132,123,126,129,128,129,127,127,128,126,124,125,120,126,118,124,122,128,129,122,120,123,124,123,122,123,124,126,127,128,128,128,126,124,133,129,124,117,123,128,125,127,129,132,134,131,132,130,127,126,130,132,132,131,127,124,128,131,127
130,138,138,136,134,130,128,130,131,130,126,130,138,139,137,138,140,137,135,138,139,138,132,132,128,129,130,127,134,135,139,131,134,129,130,134,137,131,130,133,148,133,133,136,133,135,136,145,132,147,139,132,139,132,130,129,125,138,131,129,132,133,139,137,140,134,136,147,130,129,125,138,129,126,134,132,137,147,132,134,148,132,132,134,132,134,132,132,134,136,136,135,140,138,138,134,136,132,133,135,132,136,148,133,135,138,131,141,136,131,135,130,134,138,130,135,138,136,135,137,134,146,146,138,150,133,130,141,132,131,150,135,154,143,130,130,143,137,133,126,135,138,128,128,131,136,134,138,123,134,139,132,136,128,131,134,128,130,128,137,132,129,127,129,130,142,144,131,133,131,129,130,152,134,132,133,130,135,136,133,138,123,133,132,129,128,134,133,133,135,136,138,139,141,142,128,136
119,120,128,127,134,121,122,127,126,119,118,124,114,120,129,119,113,139,130,127,145,141,111,127,135,128,138,140,142,128,129,145,140,145,144,137,149,136,134,109,125,139,138,140,127,148,156,120,131,124,130,115,143,133,135,128,111,137,129,145,152,142,133,145,115,114,143,124,141,119,125,141,128,142,154,128,117,122,144,140,125,137,143,128,129,150,137,150,152,140,138,148,131,137,150,140,143,141,147,144,129,142,126,141,141,150,136,114,143,137,145,152,136,148,132,132,155,124,148,152,138,111,128,140,110,155,135,138,121,144,128,134,105,123,145,148,148,144,133,139,141,134,138,142,128,152,154,132,136,128,143,122,141,100,120,133,137,119,123,129,133,124,135,130,134,124,128,117,130,139,127,110,112,100,110,129,109,115,128,128,124,116,134,138,123,115,118,121,124,138,143,132,142,127,148,118,141
128,120,137,135,118,124,120,116,115,115,115,112,108,112,104,117,112,143,129,132,140,133,125,132,140,128,129,140,90,96,111,162,162,149,139,152,156,152,156,132,120,142,98,98,109,139,146,125,144,138,147,138,143,136,134,144,104,97,107,140,139,135,143,134,141,137,142,118,108,134,105,98,101,147,148,133,123,121,148,134,122,123,119,125,94,105,94,126,131,131,128,120,129,126,142,134,129,138,96,106,100,134,122,140,144,136,151,138,137,138,125,147,91,107,101,143,140,122,150,125,149,128,115,140,118,135,102,109,100,138,121,124,116,121,140,142,150,133,123,138,90,112,108,138,134,141,144,139,144,133,139,142,137,152,103,108,113,124,143,138,148,168,161,141,143,122,119,132,91,110,104,109,128,131,130,137,140,128,118,104,109,102,93,117,88,104,117,105,103,105,103,104,120,112,110,109,102
127,154,141,136,134,149,139,138,133,142,139,124,130,127,144,146,152,139,128,135,138,121,144,143,130,117,126,131,137,145,141,127,125,127,136,125,137,147,126,125,123,128,139,144,149,123,125,111,122,139,124,137,123,126,120,142,134,144,143,123,130,111,125,125,143,126,135,119,127,156,137,143,150,129,136,124,128,122,123,121,120,123,113,125,142,146,147,125,118,120,126,126,112,124,125,122,118,123,144,146,152,135,111,134,118,126,143,144,139,130,129,148,135,146,154,152,140,124,129,132,143,136,129,131,112,141,135,144,156,156,119,135,120,117,137,127,129,122,141,144,137,144,154,139,152,140,137,146,141,150,138,142,159,169,155,152,150,145,149,134,147,152,151,163,149,118,119,151,140,156,150,152,125,147,149,148,155,161,151,142,144,125,136,123,124,145,151,144,144,142,136,140,142,152,143,132,126
127,122,100,120,109,110,109,108,107,101,102,103,120,103,114,103,109,84,93,98,96,105,103,119,128,104,113,126,114,103,94,132,125,116,134,129,122,142,134,132,140,125,114,108,101,125,118,133,138,136,131,160,119,106,130,131,121,110,110,132,124,136,137,133,155,156,135,136,128,133,108,109,104,137,135,133,145,137,132,123,135,131,135,111,114,115,111,127,121,122,129,133,131,121,119,118,118,115,111,116,112,119,137,117,115,122,128,135,119,132,126,127,112,110,110,139,125,137,125,138,137,142,144,129,141,129,108,105,113,130,136,134,135,136,132,127,128,124,122,132,114,103,111,120,132,119,122,129,135,140,140,120,124,142,119,112,113,121,128,125,118,147,149,140,138,133,136,120,122,103,115,109,132,113,104,122,122,133,123,127,131,132,138,149,134,130,123,123,120,128,138,141,144,127,145,136,139
118,135,129,128,121,131,134,133,129,140,138,127,114,139,149,127,135,118,139,139,117,131,122,133,135,131,140,159,145,121,130,124,139,145,145,130,133,136,143,148,126,159,144,118,117,136,132,112,135,118,136,125,131,135,133,138,124,119,114,130,130,127,123,124,115,123,129,108,126,140,116,114,120,130,137,132,113,104,132,134,117,136,139,120,114,113,108,123,132,145,138,146,143,156,139,134,138,136,126,113,107,126,105,123,142,144,116,114,130,119,135,138,123,116,118,114,131,130,117,114,113,106,113,141,124,120,124,118,111,132,104,138,123,110,141,149,137,136,129,126,123,115,123,120,126,147,146,142,139,117,126,123,132,117,117,114,128,124,130,123,117,115,121,107,129,112,110,124,123,121,124,130,112,129,113,118,117,122,127,126,115,131,111,133,114,124,128,120,121,122,125,125,126,123,125,121,131
133,122,123,117,116,120,120,119,122,123,126,123,134,132,112,127,129,133,135,138,134,137,128,127,130,137,133,124,115,121,131,130,128,132,128,129,133,130,125,130,134,132,115,122,125,134,134,138,124,127,132,124,132,136,129,126,115,119,123,136,130,127,137,134,124,127,133,136,130,125,123,118,123,124,129,123,128,129,132,132,130,129,130,131,116,119,125,127,133,132,129,130,129,133,137,134,132,135,115,120,123,133,137,130,132,131,131,117,129,126,128,126,117,124,124,126,127,128,126,122,123,126,127,130,128,128,116,123,130,128,131,128,124,138,128,131,128,127,129,131,118,122,129,127,128,138,135,136,132,130,129,127,131,133,118,123,129,127,128,120,125,125,126,118,125,139,139,123,120,119,122,123,133,120,117,126,121,123,126,120,116,124,124,118,123,121,123,123,119,120,117,122,120,115,120,125,121
110,132,130,139,131,132,133,129,135,140,146,136,130,144,141,138,136,139,148,151,137,138,139,146,141,145,133,138,136,128,142,142,146,141,141,126,139,144,141,132,112,134,134,120,139,143,148,120,129,127,127,117,135,144,136,133,139,119,138,139,140,149,139,146,134,142,140,118,142,133,133,118,139,137,133,141,141,120,136,139,118,141,141,141,139,123,128,139,139,143,137,121,119,132,138,142,144,140,133,125,131,143,116,142,137,136,134,115,132,130,132,129,135,127,133,128,129,131,130,120,119,119,120,134,117,145,135,124,139,138,115,139,124,119,136,152,144,143,152,145,133,122,131,145,138,139,147,147,142,131,133,152,143,127,119,113,122,156,145,138,142,127,127,133,135,121,116,152,132,131,127,146,114,127,141,145,144,125,135,127,124,120,132,122,128,123,133,127,119,119,121,128,120,135,123,117,124
131,125,127,123,126,126,124,123,122,123,118,121,122,121,119,120,117,123,124,118,119,121,125,119,125,126,120,122,126,117,121,124,128,120,123,120,123,126,125,121,129,122,125,118,122,126,126,129,120,128,123,129,125,125,121,130,129,118,120,126,126,126,128,126,131,121,123,126,125,133,125,119,123,123,127,126,125,129,121,120,132,119,121,118,122,119,123,120,121,122,126,121,119,124,121,122,118,119,123,118,122,121,127,122,121,121,123,126,123,128,121,127,122,118,119,126,131,126,129,127,135,134,128,128,129,124,119,118,119,127,126,128,127,125,128,123,123,117,114,122,119,119,120,122,125,118,118,119,120,124,126,120,126,126,121,120,121,121,130,126,123,131,132,130,131,124,124,118,121,120,120,126,127,123,123,127,131,118,121,121,124,121,123,123,127,120,122,124,123,123,125,126,127,123,126,121,122
135,134,141,145,143,139,140,137,141,142,140,139,141,138,133,121,134,149,149,145,130,147,144,156,148,149,141,146,146,117,155,145,146,143,139,135,136,138,139,132,126,144,147,118,156,135,136,127,114,107,150,145,132,143,139,136,131,123,150,143,141,134,136,136,139,142,131,130,138,149,133,124,150,137,129,135,137,124,129,127,121,126,125,130,142,122,152,130,127,135,118,92,110,117,123,118,127,125,144,123,151,120,120,127,128,119,118,123,124,118,129,122,147,128,154,127,124,136,140,131,122,136,119,133,131,127,141,134,146,126,132,122,118,130,118,124,113,121,126,109,144,130,156,107,116,124,125,117,115,116,114,130,114,109,143,134,158,117,126,138,127,134,124,115,117,133,133,127,158,129,136,137,135,138,135,136,117,147,158,156,147,113,133,115,134,128,166,156,142,140,137,140,130,128,127,121,118
120,131,131,136,145,131,144,138,135,135,136,138,144,100,135,127,100,109,122,126,119,129,152,131,127,141,125,116,131,114,96,108,125,128,121,148,140,127,169,162,120,131,131,122,111,127,132,116,138,140,152,154,139,142,144,123,146,125,110,130,121,133,126,127,140,145,130,113,125,118,145,128,117,134,129,141,142,131,139,141,126,141,118,149,152,139,110,148,141,141,144,148,152,134,142,133,136,131,141,139,110,130,116,134,129,130,131,151,135,137,139,114,146,135,115,141,123,143,117,119,137,135,132,146,155,144,150,142,114,131,118,138,152,120,167,149,151,154,156,143,150,138,105,143,147,144,154,149,135,136,132,146,110,128,149,140,105,119,123,150,137,119,121,120,113,113,109,123,126,135,131,110,112,125,128,146,152,129,146,148,142,140,142,132,140,145,137,141,139,138,125,118,117,120,118,151,132
130,136,143,118,135,154,147,148,147,145,151,135,144,155,131,158,165,160,148,149,140,137,164,128,113,121,116,129,133,140,164,133,131,112,127,109,114,107,122,117,122,126,143,142,164,134,135,131,107,125,126,131,129,128,109,147,137,142,158,131,128,113,109,118,128,124,120,131,118,135,161,144,152,135,120,116,127,135,118,115,138,110,103,128,151,146,159,128,134,124,125,132,108,127,118,126,124,140,150,159,158,135,133,135,130,128,131,121,121,130,130,136,164,163,159,144,124,144,118,125,117,129,114,131,131,149,144,152,162,140,136,134,142,133,146,144,138,133,134,145,146,149,156,148,142,143,156,139,128,134,141,125,121,143,136,154,152,140,145,136,128,143,130,134,140,124,126,165,164,141,154,151,136,148,147,152,158,160,156,142,137,132,151,125,136,169,151,146,137,124,119,117,114,120,119,135,133
146,114,138,142,126,117,119,122,122,122,109,110,125,100,103,124,101,116,106,110,126,106,114,107,125,116,125,94,104,117,103,111,124,120,110,121,124,140,134,111,134,109,108,129,100,111,120,129,130,141,106,115,121,108,120,124,103,123,109,104,131,118,131,125,125,135,139,134,125,119,97,121,106,123,150,143,141,145,129,134,151,133,130,120,106,128,113,110,130,130,124,123,130,119,125,130,120,116,109,122,114,112,137,131,129,125,135,119,138,129,110,148,101,129,110,111,136,129,139,132,168,154,159,131,137,104,107,129,107,119,138,116,133,125,121,127,129,110,105,119,116,131,109,121,124,125,109,114,137,130,149,113,126,132,116,120,111,100,123,112,123,137,146,128,142,126,130,113,114,124,84,100,144,121,102,91,107,102,98,98,105,120,107,132,105,105,88,100,102,101,107,100,104,115,113,123,114
146,127,122,133,135,134,134,135,131,134,134,131,126,139,126,124,128,134,141,138,147,138,142,134,137,138,137,137,130,128,134,141,141,136,141,139,133,130,138,126,119,138,130,126,140,141,136,131,144,135,135,138,137,138,137,135,135,127,138,138,135,140,136,136,132,130,135,130,139,137,136,127,138,136,134,135,134,127,140,139,121,134,133,133,134,130,140,141,139,136,138,148,139,133,134,133,129,134,130,131,138,129,130,133,128,130,127,137,129,136,129,136,133,131,136,140,136,131,123,138,132,120,124,135,123,133,132,128,138,127,129,125,115,134,138,133,136,130,141,134,127,127,135,136,137,132,133,133,131,129,135,130,138,131,119,129,131,131,138,133,128,130,130,123,130,132,132,132,129,129,137,135,126,112,122,135,132,129,137,141,139,126,136,121,132,136,140,137,138,145,142,135,132,130,126,134,130
107,111,113,117,120,115,117,114,112,117,118,120,117,119,113,112,109,131,140,135,124,135,113,138,124,137,134,133,111,114,126,131,129,134,135,131,137,136,116,129,128,141,116,116,116,140,144,125,132,126,143,125,142,141,126,129,107,114,114,148,145,135,142,145,123,133,139,126,136,120,112,115,113,138,137,136,135,130,141,147,131,138,142,142,108,111,108,143,144,149,147,126,145,146,146,143,141,138,116,106,109,145,124,140,145,147,143,125,146,131,135,140,110,111,113,131,134,136,137,116,131,131,130,126,125,139,106,115,108,132,127,137,129,120,142,137,134,137,122,139,111,112,109,126,124,130,130,134,142,134,135,130,121,123,108,106,112,124,126,121,135,120,127,113,127,121,122,118,108,114,104,107,129,124,116,114,113,118,110,103,103,111,100,121,107,101,114,106,108,102,111,115,114,112,113,112,119
137,124,120,126,121,121,120,122,115,111,114,117,116,100,119,118,120,100,100,101,101,105,107,104,110,91,98,102,108,115,105,104,106,100,102,106,98,109,106,110,119,96,110,114,107,94,100,117,118,117,97,108,96,100,102,108,121,112,111,98,100,106,113,102,120,110,104,117,102,120,111,114,105,106,106,110,124,116,100,100,117,104,107,96,112,112,109,96,97,100,102,100,105,104,98,96,97,96,114,111,110,96,116,93,96,89,96,105,94,112,100,105,114,111,111,108,104,109,113,126,115,124,124,111,114,101,115,112,104,104,121,102,112,114,107,100,107,100,102,104,109,109,103,98,113,100,100,94,98,97,101,103,107,121,115,108,105,96,100,104,100,112,108,116,108,116,115,109,108,114,108,100,121,129,120,104,109,119,112,112,112,112,111,126,120,115,115,112,118,120,119,114,118,134,122,115,128
125,127,127,132,131,130,132,132,131,130,127,134,127,131,120,128,132,130,125,119,127,121,137,136,130,128,122,133,126,129,125,135,134,120,133,134,128,126,129,143,121,132,130,128,127,130,126,119,133,144,131,132,125,120,120,117,136,131,129,134,124,127,123,131,140,134,122,119,131,120,143,129,132,137,126,145,142,134,138,129,129,124,128,131,137,126,136,131,121,123,131,144,138,134,124,124,124,125,135,126,138,130,118,130,126,128,130,144,126,136,135,119,137,130,137,130,131,136,129,141,134,132,127,136,132,124,138,127,135,122,120,133,130,121,132,122,126,128,121,130,133,126,133,123,126,127,123,133,127,119,117,127,118,125,134,127,133,126,125,132,125,123,119,130,126,120,118,133,141,132,132,136,116,139,140,143,143,121,131,133,133,129,140,136,136,132,134,134,135,133,132,129,133,142,133,143,136
149,107,112,109,100,101,101,104,104,109,104,100,113,116,110,110,109,119,116,118,113,119,110,106,116,128,118,112,100,108,116,114,111,122,110,122,118,114,115,111,130,122,106,115,116,120,117,131,102,93,122,114,117,120,116,113,102,117,114,121,123,120,121,112,111,120,121,133,106,100,119,117,107,116,116,106,100,123,117,118,120,119,118,125,102,116,104,126,126,126,123,108,121,111,110,119,123,131,103,119,101,126,130,130,129,124,133,115,121,117,119,118,100,115,102,112,111,122,126,107,120,115,119,124,124,128,104,116,113,117,128,116,114,134,120,122,114,117,130,125,103,118,109,123,105,122,133,123,125,119,117,115,118,107,102,112,109,118,115,109,118,113,118,105,113,134,133,117,96,102,103,114,125,108,110,126,121,130,117,106,108,118,105,125,103,119,114,101,101,109,118,123,119,110,122,115,125
147,142,154,131,150,163,166,162,159,158,159,164,167,144,129,150,138,134,132,138,122,132,145,126,124,111,127,128,150,156,111,115,125,103,124,114,103,105,125,124,128,125,152,152,141,94,107,121,105,132,119,144,104,102,110,135,133,154,139,111,108,106,94,102,139,122,110,123,117,170,144,159,137,124,126,123,130,124,106,97,129,109,105,93,152,156,146,100,96,92,101,107,96,106,93,98,101,90,147,144,134,86,128,108,98,97,115,145,103,130,114,116,156,138,143,130,144,136,132,137,130,138,135,138,134,133,147,129,133,143,130,117,132,127,126,109,129,104,130,136,161,140,123,97,130,94,114,126,130,140,127,141,136,166,144,161,125,131,152,154,146,159,146,155,147,121,123,146,174,171,165,149,147,152,174,178,162,174,171,171,156,163,163,161,171,159,162,168,181,174,159,171,166,141,156,158,150
144,160,158,154,161,176,173,172,176,165,167,170,165,142,154,150,160,160,125,120,138,119,152,123,146,123,109,120,154,131,154,124,123,119,126,124,107,125,146,111,136,107,163,141,154,108,117,134,140,139,118,141,110,94,113,119,156,148,179,127,124,124,126,114,147,138,132,133,134,159,160,152,166,131,137,133,145,131,119,103,140,115,118,125,151,148,158,126,102,90,108,116,115,100,108,92,85,83,158,151,164,98,132,100,88,107,116,127,103,128,105,117,151,143,167,130,122,114,113,128,131,144,144,113,133,96,146,145,173,120,138,102,120,132,115,96,107,84,94,103,151,139,155,112,128,106,96,106,107,119,108,116,113,129,133,135,164,127,125,127,121,143,148,159,129,132,132,134,141,166,164,145,135,143,152,144,156,152,152,149,137,127,148,154,151,150,152,163,152,145,139,135,129,149,138,148,146
107,156,147,133,137,132,131,135,128,130,120,132,138,122,147,145,137,122,113,127,119,104,126,111,111,110,103,107,149,141,142,118,120,114,114,105,112,105,105,98,109,113,146,134,148,108,116,116,115,105,110,114,115,123,104,123,130,134,142,112,119,119,110,117,105,109,120,112,117,129,141,137,145,111,112,108,121,104,111,119,107,119,117,126,140,142,163,121,129,130,133,126,119,113,125,131,135,133,149,136,152,128,110,128,118,126,124,128,121,110,118,134,144,137,146,129,126,118,111,104,111,108,100,106,110,137,141,130,152,124,107,113,110,116,124,126,128,133,140,117,150,134,152,136,131,126,132,121,115,112,125,110,117,111,127,147,156,122,120,114,120,122,117,126,123,120,115,125,144,132,137,134,120,108,141,121,127,128,128,127,122,114,135,127,137,135,143,138,133,125,129,126,121,122,129,117,126
123,126,107,152,143,135,135,139,136,134,133,136,156,116,150,111,120,110,101,100,113,91,122,103,103,94,98,96,144,140,114,100,98,92,102,103,94,97,98,119,144,93,146,139,133,100,98,141,115,133,101,107,98,102,100,93,151,143,133,96,97,105,112,106,113,107,96,138,102,100,146,144,133,100,92,105,127,152,106,104,149,98,100,90,148,150,131,101,103,100,115,128,119,108,100,104,103,97,145,149,126,105,137,106,105,106,96,125,106,109,102,97,151,142,129,107,112,101,105,110,94,144,147,102,151,94,152,137,125,105,141,100,150,132,94,100,94,100,104,97,147,144,125,97,106,103,101,108,96,106,97,106,105,111,145,152,125,111,109,119,104,109,103,119,104,134,136,102,148,156,134,120,146,146,131,110,129,128,122,136,140,123,141,143,143,132,122,129,143,144,152,150,142,138,145,145,147
137,120,131,130,129,133,132,133,128,127,127,131,130,127,123,128,124,118,113,123,122,120,121,125,120,129,119,122,126,134,128,112,111,117,126,123,122,122,124,129,123,117,121,134,126,119,115,134,128,107,131,127,118,124,122,113,135,134,123,120,123,131,130,126,126,141,130,132,124,131,135,130,131,134,129,136,141,119,129,127,123,127,132,123,127,131,133,123,125,125,135,128,123,124,126,125,123,125,120,137,130,114,132,128,132,127,131,123,128,137,124,129,125,141,129,120,121,140,141,142,139,125,121,139,127,119,128,142,132,124,128,133,122,137,130,134,124,125,132,121,128,143,129,127,111,130,130,121,124,129,128,125,132,137,146,146,127,119,126,120,126,138,131,137,139,136,136,130,132,131,132,127,122,120,132,133,130,127,124,130,133,141,123,122,124,131,119,131,136,139,138,137,139,134,142,137,125
139,97,94,97,84,100,93,89,88,87,93,96,127,80,102,87,87,80,78,76,90,62,98,91,80,77,73,89,105,107,89,92,87,83,82,82,67,74,92,101,142,84,107,106,81,82,82,139,97,121,73,98,79,74,86,86,109,107,84,77,76,81,73,79,92,84,77,140,82,86,96,106,87,81,73,91,101,147,83,76,152,82,89,74,97,110,88,73,70,81,82,112,82,84,76,81,79,92,94,113,82,76,136,76,81,77,73,96,76,85,77,84,97,104,85,90,85,86,88,96,96,143,140,85,143,73,101,98,82,74,137,84,141,136,76,76,73,79,83,71,94,104,85,71,88,84,81,79,69,79,70,89,90,96,110,112,85,67,69,101,78,88,93,97,82,139,138,86,96,104,96,81,143,127,106,80,102,129,84,94,88,109,103,96,103,103,86,86,87,92,98,98,101,117,97,111,94
123,108,93,93,100,100,100,103,98,96,101,98,113,100,116,119,117,94,97,103,98,82,101,94,104,96,93,102,122,123,102,108,108,92,97,98,94,103,102,93,124,103,132,124,114,109,96,117,82,104,101,108,101,101,96,105,145,126,121,111,102,110,118,108,108,110,108,119,112,108,130,129,129,111,101,113,139,146,114,118,130,114,112,117,139,128,136,132,126,122,118,134,122,117,128,124,125,133,136,133,132,126,129,114,117,116,119,129,116,121,112,113,140,127,130,124,108,103,108,112,109,125,127,101,140,113,138,122,126,94,124,102,135,114,100,102,90,105,106,114,133,121,122,113,111,120,115,102,103,100,102,101,90,109,144,123,130,106,107,103,96,111,109,103,109,115,115,108,127,115,137,100,122,105,103,96,109,126,116,116,113,118,121,104,118,111,109,116,116,117,100,103,90,100,85,101,103
104,129,130,112,120,122,131,131,135,134,131,134,121,130,107,150,133,127,137,141,124,131,140,140,139,122,128,145,134,126,140,142,136,140,136,150,146,141,121,115,108,140,136,122,140,140,141,112,127,122,143,125,147,139,147,158,143,121,139,140,149,143,133,140,141,144,152,111,155,160,154,121,145,142,141,137,132,103,145,146,108,142,143,144,125,120,144,156,140,140,136,149,141,141,146,147,147,147,134,114,139,143,109,134,135,145,141,142,139,131,139,151,130,105,142,135,129,121,122,114,123,103,100,119,92,136,119,104,143,134,112,129,103,114,122,130,132,146,148,150,131,97,143,147,147,159,143,146,148,138,144,127,144,152,130,97,142,136,141,129,141,129,129,132,128,116,114,138,133,111,136,130,102,119,123,112,126,122,143,136,121,147,135,126,115,111,135,138,129,125,128,119,118,132,121,141,130
122,120,137,125,122,122,118,117,112,119,117,109,111,130,125,125,132,132,125,124,135,128,116,128,120,126,133,133,131,143,144,134,127,127,132,121,121,124,120,137,134,134,120,140,142,141,132,135,130,122,120,114,130,133,129,141,122,137,147,145,124,130,131,133,124,121,122,134,131,141,130,137,143,135,131,118,105,109,121,137,126,135,139,130,128,140,140,133,133,130,127,126,127,132,127,119,127,123,125,135,140,122,128,123,120,117,108,105,116,126,131,134,132,129,138,121,119,128,117,114,111,113,127,118,133,129,127,128,145,128,126,122,125,134,130,128,119,120,133,127,137,127,141,120,117,121,122,115,117,128,119,121,140,144,142,130,139,134,124,110,127,122,127,122,121,137,137,118,136,138,132,126,126,133,131,119,121,120,131,131,126,128,146,139,130,127,128,131,134,133,119,114,109,107,103,132,123
125,125,121,128,124,126,127,127,128,124,122,126,130,115,130,115,121,117,110,108,113,114,120,113,116,112,105,108,127,127,113,110,113,105,120,112,110,115,119,121,126,107,127,128,114,109,111,107,127,133,111,117,112,106,113,107,124,130,120,106,105,115,113,115,127,119,111,103,121,115,122,126,119,113,110,117,122,134,116,111,133,110,114,110,121,121,116,109,108,107,119,127,120,120,113,111,107,104,124,128,118,109,107,111,112,110,103,115,111,121,118,115,125,123,120,116,116,114,111,132,122,135,134,121,141,106,126,124,126,111,121,117,137,93,117,111,115,111,109,100,121,125,118,112,115,109,113,107,107,117,117,116,122,118,126,125,118,110,114,118,113,117,111,120,120,93,98,121,122,121,120,122,122,124,123,115,127,126,117,119,116,121,124,120,125,124,115,116,121,121,115,113,122,127,124,127,121
110,119,135,130,137,129,133,128,130,141,142,148,121,156,135,156,151,156,145,149,147,135,143,137,137,154,152,144,146,128,161,138,144,146,134,133,141,134,164,151,102,150,140,118,149,139,150,105,125,108,140,122,147,147,159,143,121,113,131,132,145,141,132,132,127,129,142,107,147,139,131,115,139,134,140,141,117,80,139,144,96,150,146,155,133,112,137,154,159,149,155,137,143,152,149,151,144,147,131,119,141,148,103,147,144,148,139,136,152,139,148,158,129,113,131,135,138,133,142,131,134,86,101,156,97,163,129,109,136,140,98,142,101,117,147,149,152,144,156,145,134,111,132,164,156,148,156,148,141,135,142,146,137,123,139,117,134,145,134,137,140,115,114,112,128,119,115,135,134,134,142,139,100,79,110,135,121,136,170,166,159,116,126,144,152,137,163,162,151,154,152,148,136,107,132,121,129
105,144,134,118,126,124,129,136,136,144,142,139,124,137,138,122,132,125,121,135,136,133,129,124,113,143,139,122,130,112,122,104,108,138,127,124,124,120,130,136,132,130,124,113,114,110,116,114,134,132,113,119,123,128,140,123,105,110,114,110,118,121,118,113,110,124,125,121,138,129,110,111,108,118,120,118,114,123,118,127,118,135,125,128,129,108,109,107,118,129,122,132,125,122,122,126,138,125,117,107,108,119,116,113,125,127,125,106,129,119,132,129,118,114,107,109,119,125,124,131,133,131,133,127,132,116,127,113,117,128,124,128,127,120,117,120,116,128,129,104,115,112,115,117,109,118,130,115,114,118,116,132,118,118,105,114,120,113,112,117,124,124,136,122,119,119,118,127,120,126,114,119,125,148,128,122,130,129,116,118,112,120,129,125,132,137,118,118,108,112,120,124,122,109,129,130,135
144,115,120,134,118,115,107,110,115,113,110,104,108,132,123,110,120,123,116,122,120,121,108,115,129,122,122,133,111,93,129,133,126,125,121,125,134,119,112,116,129,124,110,92,128,123,125,131,117,111,125,124,122,128,125,137,126,100,129,132,125,133,128,125,128,141,130,131,140,129,131,102,137,129,127,127,134,120,117,125,122,128,124,141,106,104,125,132,120,116,119,121,117,124,124,120,121,124,110,110,124,120,127,126,136,126,132,125,130,127,128,131,113,108,125,134,125,128,141,132,139,134,132,120,121,108,110,115,125,123,130,126,123,131,117,116,129,122,112,115,108,117,125,130,131,126,117,116,125,126,136,133,135,130,130,121,121,127,125,124,132,129,131,130,135,134,130,130,119,116,130,126,130,135,129,125,119,125,122,115,119,129,130,138,117,124,117,120,117,121,131,135,124,117,128,130,140
96,134,140,144,138,141,142,136,137,136,131,136,131,141,132,135,132,145,145,141,150,149,135,143,131,151,139,139,141,132,146,126,125,141,146,136,142,137,135,138,118,141,136,127,137,138,137,121,128,128,133,127,144,142,136,120,120,129,133,128,130,131,138,138,130,128,130,121,141,119,125,126,127,128,129,135,133,127,136,146,124,141,139,129,128,127,127,133,142,140,139,137,136,137,142,141,135,140,133,126,130,135,122,133,132,137,136,131,136,138,139,131,133,128,128,121,130,132,135,138,133,127,131,137,128,133,131,131,130,126,124,132,121,121,135,135,136,143,130,129,132,133,123,140,131,143,138,135,133,131,136,134,134,124,123,132,119,125,128,127,133,121,123,126,127,121,121,124,121,135,120,122,121,129,130,130,133,129,135,136,140,127,130,138,134,133,138,131,134,130,140,136,141,125,130,129,150
116,155,152,141,140,122,129,122,127,121,128,124,119,152,129,151,156,163,161,169,166,160,143,148,156,156,162,160,123,134,166,156,150,162,149,137,162,152,150,152,145,162,127,133,160,150,152,134,143,141,138,127,158,155,160,160,126,126,151,152,151,147,140,143,125,125,141,131,164,151,126,128,143,138,151,130,121,131,123,130,130,140,139,166,120,127,134,141,137,134,135,136,121,127,137,143,148,145,122,117,131,133,126,126,132,131,122,108,137,119,137,133,110,118,121,117,115,107,112,114,110,119,120,117,118,124,103,124,127,117,116,124,96,128,114,119,132,131,128,119,107,120,120,132,113,123,119,110,109,110,123,126,118,122,115,117,117,125,125,113,114,123,124,107,119,133,132,136,117,127,114,128,119,127,120,120,110,116,124,120,118,109,116,139,120,112,116,116,117,120,124,124,135,130,134,119,132
122,128,123,118,116,109,108,110,111,112,104,110,114,109,126,113,121,111,118,115,116,122,118,124,122,124,119,117,125,108,115,125,120,123,118,126,124,123,124,125,114,125,121,110,109,124,118,121,110,100,129,125,123,119,109,116,123,111,108,126,120,123,124,119,119,124,123,121,108,110,113,109,106,129,118,119,107,112,116,125,116,115,120,126,111,112,109,126,127,122,125,118,116,122,124,116,118,112,118,111,113,120,124,116,118,118,120,113,118,123,122,115,117,112,110,125,121,121,113,124,116,115,109,122,131,117,119,110,109,121,120,127,121,123,114,118,112,117,115,118,122,111,111,125,121,114,112,113,113,118,104,117,116,130,119,119,115,113,110,118,114,116,112,131,116,121,121,111,117,120,108,107,118,125,126,112,122,120,114,122,125,136,127,117,126,116,117,119,122,118,117,117,108,102,115,128,123
107,120,107,144,150,137,132,127,125,116,112,128,136,108,140,96,103,115,122,119,144,140,137,131,149,138,140,124,134,108,121,109,117,131,123,149,129,137,141,117,131,119,135,111,123,98,122,129,150,143,137,150,134,133,137,134,146,104,123,122,136,125,138,137,146,136,143,133,139,141,122,111,119,126,135,139,138,156,144,126,142,143,135,141,123,106,114,123,132,129,138,161,146,109,135,134,128,130,120,109,104,127,129,136,140,148,143,144,145,156,137,133,113,91,103,137,148,148,166,159,152,124,139,134,139,142,123,90,113,122,137,152,137,129,143,134,136,132,129,145,123,90,97,145,149,133,133,152,138,145,147,156,116,139,120,92,94,125,132,158,152,152,138,150,144,125,125,145,101,105,96,121,135,112,131,139,143,123,101,100,97,119,97,121,96,124,115,104,116,113,118,114,119,136,121,107,108
134,136,137,136,137,139,139,139,138,137,136,138,146,141,139,133,136,133,131,134,137,132,136,138,136,135,133,134,142,130,135,132,131,131,138,135,133,133,133,136,150,132,140,129,134,136,130,145,137,143,138,136,136,133,131,132,136,132,137,136,134,137,139,139,143,139,138,145,134,135,138,129,138,137,134,135,138,146,141,139,150,138,142,141,134,128,136,138,141,142,142,140,138,142,140,139,140,140,133,130,135,139,148,136,138,139,134,134,138,143,138,137,134,127,133,137,141,142,138,141,139,149,150,135,151,135,133,128,134,136,148,140,152,142,136,138,138,139,136,134,134,130,136,134,139,139,137,140,135,137,135,130,137,137,131,134,135,131,135,135,135,139,136,138,138,141,143,136,136,132,133,133,150,133,132,135,137,139,137,136,137,133,136,134,133,134,134,136,136,140,140,139,135,138,139,133,135
137,129,121,129,129,123,126,126,126,124,123,121,119,116,113,133,122,129,137,130,127,129,133,122,116,128,121,128,130,133,112,133,143,127,118,123,111,112,120,126,134,115,129,127,107,115,124,139,124,138,127,137,115,108,123,130,125,132,119,118,109,122,122,115,128,105,116,131,110,120,119,125,120,115,127,128,144,127,116,105,132,94,100,90,120,122,119,109,101,96,102,131,133,123,104,107,96,89,125,124,120,106,136,117,104,96,118,156,111,128,118,134,127,114,117,119,130,134,127,137,155,139,144,135,132,117,121,120,128,126,141,131,128,137,136,115,127,103,117,113,128,119,117,121,151,104,116,133,113,149,126,144,146,119,120,120,117,120,125,155,131,146,140,156,149,134,135,122,126,118,120,132,134,172,158,154,145,132,115,120,121,124,107,114,120,133,118,127,130,124,117,122,122,127,94,117,114
121,122,126,123,123,130,124,123,125,128,127,119,120,127,111,121,111,131,135,135,134,147,132,135,127,144,137,127,113,122,123,132,128,137,125,121,130,124,126,134,119,131,111,119,120,132,125,114,121,115,123,112,126,135,126,120,116,121,120,130,129,127,130,128,113,112,124,113,129,124,121,118,115,127,126,125,120,115,125,129,115,124,119,136,110,124,107,135,136,135,137,132,120,122,132,130,131,128,111,121,106,130,113,127,129,125,123,118,126,120,128,127,110,113,108,129,123,121,122,122,113,114,120,116,115,124,111,117,113,120,118,125,116,112,122,128,119,125,129,124,113,116,108,129,123,129,130,123,122,117,117,127,121,115,106,110,106,125,123,122,125,113,113,113,114,112,114,128,109,125,111,119,116,126,117,111,115,121,126,125,129,128,128,113,120,120,125,125,123,121,122,124,122,111,125,128,118
111,113,111,125,116,112,114,110,105,104,106,111,114,108,121,110,104,120,117,112,129,115,118,118,123,125,120,121,112,124,109,123,125,129,126,132,130,126,131,131,127,118,119,114,116,127,125,126,132,128,130,119,126,125,132,118,131,116,105,127,123,130,116,127,118,122,125,123,125,119,117,114,105,136,134,139,123,125,134,131,126,132,130,128,122,118,113,136,135,131,135,164,139,133,128,132,129,122,117,125,114,131,123,132,127,137,131,133,131,131,133,127,116,119,113,131,131,127,122,128,123,118,123,138,120,134,129,111,109,132,126,123,130,124,136,136,129,137,137,132,118,120,106,135,123,130,126,130,128,128,117,122,116,135,141,127,105,118,121,127,132,126,126,123,121,126,126,122,123,122,128,109,121,116,125,129,121,110,117,126,136,151,135,127,135,143,120,118,125,135,128,130,115,125,115,146,130
144,137,132,116,121,134,115,128,126,120,131,125,133,147,130,143,136,134,130,135,110,120,128,125,121,112,117,119,100,104,126,118,112,117,126,106,120,117,113,135,133,132,111,112,114,139,128,146,112,114,119,124,117,132,105,118,112,111,125,126,111,125,134,120,122,111,114,135,115,111,118,110,127,126,115,141,138,144,131,130,140,138,133,149,115,102,122,132,131,139,129,144,132,139,139,138,146,133,104,105,115,149,142,120,132,116,115,116,117,122,118,116,102,109,112,120,119,119,114,129,112,138,132,111,136,125,115,107,122,115,139,137,143,128,124,132,123,140,137,121,105,104,118,154,141,135,133,125,115,112,111,128,115,110,80,97,114,140,116,115,108,90,93,123,115,128,135,131,103,108,117,121,132,135,123,117,131,126,124,125,115,119,110,110,115,122,130,122,102,104,113,110,120,116,114,118,111
114,102,103,120,121,115,116,118,120,121,113,113,100,132,94,117,119,124,117,116,131,113,115,126,136,110,130,132,109,112,129,128,135,117,122,128,116,107,128,93,113,122,108,115,129,113,121,101,110,105,114,104,111,103,106,135,110,120,124,134,130,119,112,114,113,127,132,107,101,139,126,121,133,142,141,124,107,98,125,124,116,125,132,133,109,128,132,130,131,125,110,103,118,121,113,101,104,120,102,122,128,123,112,122,115,117,109,96,114,122,118,131,107,108,125,140,138,119,119,123,112,98,116,139,113,122,112,108,124,131,124,116,117,115,118,112,128,119,124,122,104,108,122,120,121,119,112,120,118,102,114,89,120,135,126,116,127,127,125,100,114,130,123,107,108,111,114,124,116,112,122,137,118,139,116,134,110,121,125,121,117,109,102,134,118,127,137,138,130,130,124,120,126,121,133,109,132
125,136,142,128,135,145,147,139,141,138,150,143,132,146,129,138,160,146,142,139,145,131,152,150,131,134,140,135,152,132,152,129,133,131,127,119,138,126,128,142,125,141,149,129,154,147,141,135,117,117,128,122,138,134,127,128,154,134,155,140,140,126,135,135,128,127,131,131,132,131,154,134,152,149,137,134,132,122,140,146,124,132,146,152,154,134,158,152,148,146,143,125,142,148,145,148,148,156,150,139,152,152,130,147,152,144,136,136,147,132,146,139,148,135,152,135,141,132,127,130,127,128,120,134,122,139,140,140,156,156,133,148,121,133,136,148,151,155,149,151,144,142,151,161,143,152,156,154,152,160,146,147,152,148,156,139,147,160,159,149,156,140,143,154,147,134,133,165,159,148,160,161,131,149,159,149,151,137,155,154,154,152,158,147,156,164,156,159,152,152,149,148,139,147,144,162,151
112,133,128,132,131,128,128,123,125,124,128,127,123,122,125,134,128,121,125,124,112,124,118,120,123,120,117,122,132,132,126,117,118,121,119,122,117,122,115,121,111,123,134,124,130,122,119,116,125,123,118,122,121,118,115,116,129,130,129,121,115,119,121,124,120,120,116,113,119,115,123,127,128,118,115,123,121,111,124,130,106,125,125,108,127,127,132,116,116,120,122,121,120,129,119,120,119,118,131,125,128,115,108,114,121,119,117,113,114,115,110,110,130,123,126,110,116,111,117,117,119,110,112,118,121,116,130,126,128,117,110,113,122,121,117,116,116,119,121,116,127,125,131,118,111,122,120,117,121,114,117,114,114,113,128,123,131,112,111,113,112,119,118,112,123,122,121,132,131,124,123,118,112,118,120,125,114,122,126,129,128,119,127,132,120,122,127,132,132,125,132,132,135,128,129,123,135
105,79,78,121,118,94,102,100,94,97,96,92,80,93,100,101,83,104,119,119,116,131,107,141,151,122,132,136,106,103,102,147,136,146,146,156,156,155,147,123,120,138,106,110,104,146,146,113,141,130,159,152,154,142,140,147,102,110,108,152,162,158,152,163,146,176,168,119,139,145,110,120,116,167,155,160,146,125,149,160,128,155,152,123,116,114,121,150,147,154,145,135,152,156,152,151,139,150,127,119,120,143,117,164,162,160,167,147,155,147,145,155,109,124,124,152,144,156,154,145,156,117,114,139,105,136,115,130,107,143,117,137,120,117,156,152,145,150,134,149,126,125,128,142,150,147,136,158,172,162,169,127,148,141,123,114,126,135,147,127,143,145,142,129,149,118,118,107,103,96,106,103,118,116,112,127,103,96,98,96,109,127,112,97,101,96,107,107,94,93,89,86,97,100,91,114,101
138,141,128,110,88,103,100,90,88,86,89,89,92,123,108,136,126,124,109,106,104,104,100,120,130,122,139,122,114,111,113,126,123,128,112,125,119,133,119,116,128,134,108,106,89,120,123,140,128,125,127,141,119,115,129,129,106,113,98,111,128,134,146,130,129,129,120,133,113,141,98,111,92,119,132,129,129,127,113,126,123,115,116,141,100,106,102,121,128,128,115,117,132,125,121,126,110,113,98,98,100,123,131,116,115,117,120,122,116,104,115,124,100,107,97,128,100,121,109,110,128,128,121,105,137,118,98,103,102,133,131,105,131,133,108,114,117,108,101,112,96,108,101,122,114,108,108,106,122,116,135,103,118,118,87,89,100,120,123,112,116,145,151,119,136,137,141,107,97,98,91,124,136,133,116,109,108,110,96,102,118,113,101,111,111,119,101,98,101,109,114,106,102,108,110,134,108
140,141,139,116,123,125,130,126,128,127,130,131,131,128,133,138,128,136,127,125,124,130,120,115,98,122,125,113,138,134,147,115,108,115,98,122,119,106,119,118,129,124,128,128,129,121,120,119,114,108,120,102,123,123,122,117,129,129,133,125,129,107,102,108,103,111,112,119,112,132,120,129,119,138,121,108,87,116,102,109,128,120,125,139,118,126,123,119,118,117,115,106,112,116,112,119,132,134,116,116,116,125,127,134,137,126,114,110,135,118,148,135,117,117,118,136,129,126,130,125,123,135,140,138,141,136,111,118,124,140,129,124,137,120,121,117,136,134,139,120,109,120,128,115,124,121,125,125,110,115,140,144,146,117,100,113,124,133,133,141,144,117,126,120,119,122,125,131,129,105,119,134,123,145,129,124,111,124,129,128,129,139,135,121,139,135,127,126,123,127,123,125,123,134,132,137,124
101,119,109,116,122,123,114,116,106,108,106,115,112,116,128,108,111,117,124,120,139,124,118,121,144,139,142,145,121,128,127,141,135,135,152,146,135,140,149,123,109,138,117,129,126,127,137,113,147,117,134,117,129,136,144,135,124,121,117,131,137,146,154,142,124,123,133,118,143,123,109,122,118,134,134,138,136,115,136,128,105,134,129,124,125,126,142,137,135,131,145,131,147,125,131,137,131,129,123,115,140,123,115,138,126,135,139,135,131,146,135,136,120,122,128,143,142,139,146,139,141,100,107,132,103,131,116,123,120,132,116,144,114,119,140,125,131,126,113,120,110,132,131,125,130,123,114,123,119,119,132,124,122,117,132,130,140,119,137,137,131,131,141,121,137,118,115,125,138,124,142,130,115,116,130,134,122,100,102,121,123,125,146,132,127,147,120,127,134,127,124,118,118,107,124,120,122
130,120,120,123,127,123,125,124,124,124,124,123,102,125,122,126,121,127,125,131,126,124,124,124,117,123,124,123,119,126,129,123,123,123,118,119,126,120,116,115,96,125,123,124,132,126,128,103,115,110,126,118,128,125,120,129,126,123,131,127,131,122,114,118,115,118,126,103,123,128,127,122,128,125,129,119,115,100,119,123,96,123,124,133,127,125,129,131,129,126,124,120,118,128,126,124,128,129,128,120,132,132,102,130,132,129,125,126,134,116,130,132,128,125,132,126,126,122,120,119,122,101,101,124,100,132,126,125,129,132,100,126,94,109,124,129,132,131,130,132,126,123,131,129,129,130,131,132,130,127,130,126,130,128,128,122,131,133,132,128,133,123,123,127,121,110,107,130,127,126,125,128,96,118,124,127,118,113,133,132,129,114,121,124,126,124,129,129,129,127,123,127,129,118,125,117,126
129,113,118,117,119,125,122,126,126,126,125,126,124,114,124,122,118,122,130,124,132,140,133,139,139,137,142,144,118,122,119,142,149,144,138,140,139,140,140,133,126,135,115,121,112,134,134,123,147,130,137,132,136,136,135,141,125,121,106,141,137,140,133,139,142,145,141,123,128,137,127,124,111,140,139,140,132,127,139,135,129,136,134,122,125,123,109,136,132,128,133,126,140,130,127,125,125,129,119,126,110,133,123,136,135,136,136,137,136,141,140,138,125,124,113,141,142,142,137,142,138,137,132,138,123,138,126,122,110,142,130,136,126,126,137,137,136,133,122,141,124,121,106,141,141,138,134,137,140,136,134,137,137,141,120,124,109,140,145,138,143,136,135,143,137,125,123,123,124,125,115,133,131,133,138,135,129,131,126,123,127,115,120,122,129,121,123,123,124,121,124,124,120,129,123,121,118
145,131,127,145,141,127,129,125,124,123,125,125,136,117,139,125,114,114,115,122,109,122,120,104,111,112,104,109,139,143,127,120,109,109,115,119,113,107,116,117,134,102,133,145,131,109,121,137,137,137,114,103,110,117,111,106,134,140,122,113,108,123,129,110,126,122,106,139,121,110,117,140,122,108,108,131,130,140,119,106,133,102,96,120,131,138,125,119,125,117,121,130,113,106,118,120,115,102,129,143,127,111,139,102,109,106,123,110,114,121,115,100,128,142,126,126,108,109,122,127,112,133,135,105,134,113,133,148,118,105,135,116,125,131,105,92,105,108,105,101,133,154,126,114,109,108,108,111,97,112,106,118,87,116,141,146,132,101,101,122,113,126,116,101,96,129,129,112,119,139,132,104,125,136,123,107,121,127,119,125,121,143,126,141,132,134,125,127,132,132,139,137,145,134,137,142,140
134,134,124,134,133,130,132,132,127,127,127,129,141,115,133,129,126,121,119,113,114,117,122,118,119,118,113,119,129,130,121,114,116,112,118,122,119,116,127,123,138,118,129,132,126,113,106,132,116,129,115,115,116,111,116,118,133,131,127,117,112,118,122,117,126,125,119,131,122,120,126,126,125,122,116,120,127,136,123,123,142,121,124,111,128,131,126,119,114,114,120,127,121,124,119,111,115,116,130,128,124,118,132,115,116,113,117,121,115,122,121,109,133,134,126,122,121,120,120,122,120,147,142,122,147,113,136,133,127,118,135,116,139,126,120,115,116,115,115,112,133,133,130,119,116,119,118,110,114,113,112,118,117,116,133,131,131,115,112,113,113,114,111,117,114,126,127,125,133,134,131,124,137,128,125,123,126,129,126,131,134,126,132,128,130,130,130,131,128,130,127,126,122,133,125,129,126
143,137,125,151,154,139,136,143,135,130,126,138,137,126,132,127,129,123,123,127,115,130,134,128,137,129,123,127,140,152,120,127,122,122,126,130,116,125,125,142,134,117,145,148,123,116,109,127,152,149,129,146,105,115,114,122,146,149,129,129,112,135,136,125,149,148,112,129,122,135,141,156,132,136,118,141,150,151,133,124,136,123,127,122,145,161,136,117,117,122,121,136,133,131,120,120,119,108,146,159,137,119,132,112,115,108,110,133,112,134,120,118,148,160,140,138,123,132,132,146,132,139,137,120,142,110,148,158,134,109,136,123,145,122,114,109,115,112,112,115,146,156,133,130,135,112,113,116,116,115,114,127,120,121,143,151,129,115,115,132,115,123,117,124,118,122,123,114,135,158,130,107,128,143,134,120,127,142,129,135,143,131,139,163,137,132,134,140,147,152,154,154,148,154,154,136,158
113,140,131,113,132,138,139,144,140,135,131,136,134,130,126,133,131,127,112,117,119,124,126,103,125,125,122,127,147,139,137,135,133,115,112,121,112,107,128,108,110,112,151,137,150,110,116,115,100,104,127,128,117,109,117,138,136,129,146,115,109,104,110,111,118,111,116,117,112,136,144,127,141,112,115,111,109,109,93,94,109,90,89,116,145,126,146,114,112,100,110,101,96,96,103,103,103,110,147,112,145,101,118,109,105,101,119,126,111,109,110,124,144,124,147,117,103,98,105,100,118,109,104,96,112,116,143,123,142,112,116,108,109,121,96,107,109,100,122,114,148,124,144,113,110,107,107,108,112,121,116,126,110,119,139,121,141,110,106,118,115,121,128,122,116,123,121,119,136,110,135,117,113,107,108,101,120,121,121,122,122,127,129,135,121,130,127,127,128,124,125,125,117,112,122,123,127
131,135,136,137,134,137,137,136,136,135,132,138,134,134,134,141,130,135,130,131,135,131,129,128,133,131,130,129,141,143,138,129,130,128,132,128,133,133,128,134,143,126,140,141,139,131,127,141,133,137,129,128,131,132,127,129,138,141,139,129,129,128,138,132,130,130,132,142,133,129,136,139,136,129,128,133,135,139,132,129,141,131,130,135,139,141,139,128,132,130,133,135,129,131,130,135,135,134,141,141,142,128,144,132,133,132,135,132,133,136,135,130,141,142,142,130,129,136,139,138,137,142,142,127,140,131,140,142,139,130,142,139,149,139,133,131,130,131,134,133,144,140,142,132,134,139,138,133,132,142,132,138,134,136,140,136,141,134,132,134,136,135,135,136,139,138,139,133,135,133,133,135,143,133,133,133,140,139,134,134,137,134,127,131,132,131,135,134,134,131,133,136,138,133,137,133,136
125,139,137,150,144,155,158,155,146,144,149,159,160,142,143,116,125,141,139,123,141,150,161,152,148,148,140,143,150,143,121,139,141,131,137,134,135,151,159,144,127,141,148,142,137,138,135,123,148,140,119,144,118,120,140,140,129,145,141,131,117,130,131,126,149,140,122,128,146,152,146,144,137,132,133,140,159,140,139,137,128,136,134,132,148,129,141,125,123,131,137,146,143,137,123,119,119,111,135,124,134,125,121,121,119,127,117,132,116,148,139,129,143,119,134,148,137,152,139,169,143,136,121,145,114,126,142,124,141,131,124,133,124,132,161,128,121,121,125,121,136,120,126,111,138,103,113,117,117,126,119,122,140,144,144,114,140,129,138,145,132,140,143,150,142,130,130,148,152,143,163,145,132,128,147,152,146,116,125,129,125,142,151,143,152,154,133,139,148,144,134,142,135,144,142,150,131
101,134,137,132,133,131,125,124,128,137,136,125,136,134,118,132,141,134,135,136,139,132,127,132,127,140,135,132,121,128,139,136,136,137,141,142,146,136,130,140,130,140,114,125,135,139,142,127,132,128,134,120,144,143,139,130,120,126,130,144,141,143,133,141,131,132,141,127,134,117,137,121,131,143,136,134,126,135,142,144,136,143,144,142,124,121,127,142,145,144,143,144,140,138,138,141,144,150,118,117,118,141,128,134,144,146,131,117,134,126,135,136,126,113,122,132,138,127,131,119,131,136,124,128,124,147,122,114,125,135,131,138,136,127,139,143,136,143,135,133,114,117,125,151,133,145,142,138,140,129,127,133,137,126,109,123,120,132,130,125,140,126,136,135,136,124,125,131,128,132,131,130,133,107,131,132,145,135,140,132,130,123,127,132,130,127,137,126,126,126,130,127,130,129,128,128,133
113,79,93,117,104,105,104,105,103,100,120,109,125,126,96,80,93,121,145,140,119,135,116,134,134,126,139,154,91,94,115,148,149,150,141,133,142,156,148,133,123,158,96,100,116,143,154,125,139,151,136,124,134,155,148,144,106,93,110,138,149,147,141,133,132,135,152,128,129,138,105,92,109,133,151,128,139,125,130,138,131,152,148,129,100,92,102,132,133,142,141,133,139,138,147,144,140,133,103,85,102,135,123,140,135,143,131,126,133,125,124,154,105,88,98,126,128,143,140,117,135,133,129,145,132,151,94,89,102,136,130,122,121,134,142,140,128,126,121,142,96,91,100,115,120,123,128,124,141,129,134,125,139,131,107,100,102,131,132,112,122,137,144,104,137,131,135,115,103,97,93,102,134,109,97,126,115,123,113,105,107,100,86,122,89,92,98,106,105,118,115,115,118,102,122,111,116
115,112,114,112,113,114,116,113,113,112,110,111,110,116,111,115,112,116,111,114,111,109,111,106,108,108,110,107,113,113,115,113,107,109,108,105,112,109,108,106,111,110,116,112,115,109,113,110,115,120,104,107,112,108,106,107,109,111,113,107,109,107,102,108,107,102,105,109,108,116,114,111,116,111,109,105,104,111,104,107,116,104,107,115,116,114,118,109,111,108,108,110,109,107,105,108,108,112,118,110,118,108,112,109,110,109,109,101,108,106,108,108,115,112,117,105,108,106,101,107,106,113,108,104,108,112,113,114,116,114,111,103,105,109,106,106,112,107,112,105,112,112,119,110,111,113,108,111,109,105,107,111,106,108,108,111,116,107,108,114,107,109,115,116,109,111,108,119,111,112,109,117,115,107,106,108,106,111,114,114,114,111,111,112,111,106,115,114,114,115,115,107,112,112,115,113,114
133,131,136,132,129,131,131,133,129,129,126,133,145,126,130,133,127,121,123,124,137,124,127,130,133,129,130,129,130,135,119,139,136,130,131,135,132,132,132,138,181,130,128,131,126,129,130,205,130,142,130,133,130,130,134,132,129,132,127,127,126,130,130,136,130,134,133,207,127,135,125,135,125,134,131,137,132,164,133,137,172,130,136,134,127,135,126,134,134,132,136,139,135,130,129,134,133,134,126,133,124,133,203,134,135,132,133,133,134,132,140,136,129,130,122,130,129,129,130,128,136,159,166,132,160,138,125,129,127,128,193,134,168,217,134,137,136,135,136,131,124,132,122,133,138,132,131,129,130,123,121,127,126,134,135,131,122,125,125,130,128,130,125,124,121,214,211,134,129,128,122,128,187,142,134,128,135,144,126,124,129,129,121,123,121,128,128,124,122,124,122,118,119,138,121,124,113
114,123,123,115,112,112,110,113,116,116,116,114,112,121,121,122,126,123,122,120,118,119,113,124,125,123,122,124,119,117,128,121,122,122,118,125,122,125,126,118,102,125,119,116,120,123,123,101,111,104,127,120,120,122,123,121,115,117,119,126,126,122,123,121,129,129,125,105,118,120,114,111,114,131,124,119,120,110,128,128,102,127,127,124,110,114,116,121,126,128,119,112,122,126,125,128,131,129,114,112,116,127,102,125,124,124,129,118,124,120,126,125,116,115,116,118,122,119,116,115,121,101,101,125,104,127,115,113,119,129,104,115,100,110,124,125,124,127,123,129,114,113,118,127,117,128,125,124,126,119,124,120,122,120,119,116,120,126,127,118,122,120,122,112,116,110,107,122,118,125,116,118,102,111,115,122,112,114,120,113,112,120,116,120,116,112,116,113,116,116,117,116,119,114,122,121,115
120,127,138,137,132,130,137,137,133,130,136,137,139,132,135,133,129,134,135,139,152,141,136,141,147,144,144,137,137,134,140,133,134,144,147,145,143,139,146,150,141,141,131,130,139,141,141,140,151,136,140,130,145,143,142,137,134,134,141,144,141,136,143,140,138,137,143,138,132,130,133,135,141,144,142,138,129,136,137,138,139,137,133,140,132,132,138,142,139,143,146,137,138,134,141,141,144,141,130,130,142,142,137,146,145,143,137,133,140,140,140,138,132,132,142,144,140,137,129,132,130,133,140,143,141,137,133,132,147,143,136,136,144,138,142,137,140,146,147,135,132,133,143,144,139,140,149,144,137,135,138,147,141,129,136,131,141,140,135,141,146,140,132,125,137,138,138,123,137,134,134,130,136,125,141,143,133,119,130,136,137,120,135,132,137,122,122,130,143,137,128,128,137,152,143,126,130
125,129,125,129,120,127,128,127,124,128,125,121,125,132,113,127,129,138,133,126,141,139,129,131,124,129,132,136,133,135,135,137,142,132,130,127,132,131,127,135,122,130,131,137,135,125,127,123,156,144,134,139,134,127,130,135,123,134,134,132,130,133,137,138,121,122,126,124,138,143,129,137,132,125,138,141,120,131,129,131,122,133,129,131,128,138,132,125,121,122,132,130,138,133,123,125,119,115,128,132,136,119,123,120,126,124,119,127,122,123,120,134,125,136,133,120,140,125,135,126,134,126,128,130,131,119,122,137,130,124,121,138,128,128,130,130,125,117,122,121,129,136,134,126,142,122,121,124,121,124,121,136,132,133,133,135,132,116,122,134,131,128,132,134,125,127,124,132,125,120,119,135,124,141,138,127,135,124,123,119,119,138,125,129,122,128,122,114,112,117,124,124,131,137,133,126,131
126,132,129,130,126,129,133,130,131,128,132,135,133,132,128,128,131,126,127,130,128,128,125,119,120,126,124,122,127,130,127,123,125,122,120,115,121,119,118,115,134,121,127,125,126,122,123,133,115,125,120,118,123,123,117,122,121,125,129,120,121,118,123,122,122,122,118,132,124,127,124,124,125,121,120,116,124,128,120,118,130,120,119,120,125,123,127,121,121,122,121,120,117,120,121,119,120,122,125,120,127,121,132,120,121,119,117,123,118,121,121,119,123,127,126,125,122,125,119,122,123,127,129,123,133,119,123,128,125,121,131,123,130,131,122,120,118,120,127,123,127,129,126,118,126,126,119,121,122,115,124,123,123,123,123,127,126,123,123,126,120,121,120,122,125,130,130,127,123,126,124,128,133,129,128,121,129,134,132,129,126,117,128,122,126,126,132,129,125,124,120,120,123,127,124,123,130
102,108,110,119,115,118,115,119,120,131,120,119,117,134,133,94,126,130,141,134,140,143,137,141,142,142,148,141,117,90,130,144,143,152,155,156,162,152,144,145,114,156,117,91,121,165,158,116,143,119,156,142,156,152,142,136,124,93,118,150,151,151,154,152,133,140,152,116,138,123,131,91,114,161,152,156,136,117,155,172,111,154,147,154,115,93,116,154,151,156,144,120,148,164,163,160,149,143,106,93,115,159,110,160,163,155,163,147,156,149,141,136,111,91,110,144,147,144,130,122,130,116,115,148,107,142,106,93,114,147,112,144,110,115,139,151,140,144,128,128,106,88,113,132,124,131,125,146,152,155,138,124,131,115,107,96,108,133,128,124,128,126,125,124,126,113,112,105,110,101,118,120,105,104,106,116,107,92,105,98,96,128,127,93,103,119,110,98,92,81,80,78,96,100,101,133,101
122,134,135,119,124,123,125,129,126,133,129,132,130,109,103,96,103,110,119,107,110,119,96,126,133,121,121,129,110,105,101,142,146,121,138,146,125,148,129,104,123,124,111,111,104,135,139,123,106,114,134,131,122,113,124,138,118,115,111,134,142,122,127,133,142,144,151,124,108,117,115,110,106,134,124,109,128,123,129,128,127,123,121,106,103,113,114,127,123,117,98,98,104,125,138,118,127,122,109,111,116,128,120,113,111,119,117,111,118,128,112,129,112,106,110,142,116,138,143,117,152,118,117,132,116,136,106,98,110,128,114,102,107,122,147,125,131,130,123,156,103,105,111,138,142,121,125,138,142,135,136,108,137,142,121,100,112,131,143,105,118,159,150,125,154,124,127,100,118,100,109,116,133,97,110,124,96,102,109,115,118,122,106,125,117,131,109,119,122,129,125,126,136,132,117,121,121
119,109,110,94,100,105,104,107,106,106,106,105,109,96,115,107,96,97,110,100,87,96,104,119,107,94,112,124,111,92,87,117,125,114,123,121,123,123,118,121,118,128,100,86,77,139,125,118,115,101,132,137,124,115,117,120,109,89,69,129,122,124,121,127,124,126,114,119,91,102,96,91,76,123,112,108,114,118,117,125,107,122,122,94,100,100,84,114,126,133,123,116,134,137,132,135,133,127,98,98,82,137,121,127,128,123,125,134,124,122,117,120,105,93,86,112,126,134,134,134,127,118,118,121,105,123,100,91,92,127,113,109,109,123,123,127,131,122,110,123,93,102,89,125,118,115,108,124,132,131,133,100,137,114,96,114,88,126,121,109,122,114,120,131,123,120,121,108,109,105,101,103,118,103,111,124,102,100,96,94,100,127,107,107,101,116,98,97,104,108,108,105,102,126,112,104,107
123,136,128,124,131,131,134,130,132,134,140,134,130,141,126,136,126,137,142,140,138,136,142,140,127,141,146,143,123,132,134,128,132,144,134,132,142,129,123,141,124,148,129,133,135,147,141,120,132,132,135,126,145,145,136,140,123,131,136,138,141,130,125,129,119,131,119,121,142,133,131,131,127,130,140,125,120,121,135,141,126,143,142,138,125,125,130,134,144,140,133,134,132,142,142,144,146,140,127,118,129,148,121,140,147,139,135,128,140,138,135,142,124,126,131,138,135,137,129,117,125,125,126,138,127,142,125,130,131,144,122,140,124,122,145,148,150,145,135,138,128,127,123,131,126,136,141,133,141,138,137,133,147,133,116,121,121,141,141,136,137,120,124,124,125,124,122,122,130,125,125,128,120,124,122,135,128,114,122,122,121,128,137,124,126,123,124,121,126,124,118,122,116,131,125,130,126
134,138,138,96,98,96,109,100,98,100,102,105,127,128,121,141,134,119,117,122,121,118,94,108,105,116,134,114,138,132,145,117,112,109,105,118,120,121,108,114,141,124,132,123,142,110,120,139,119,134,107,123,134,124,129,131,114,128,131,105,129,98,93,119,102,113,125,138,128,126,121,132,133,103,120,123,116,160,93,102,142,111,106,122,115,132,133,108,104,97,90,102,91,92,106,117,116,133,121,131,128,112,137,121,117,123,124,121,131,123,125,129,122,123,125,118,131,126,135,128,136,131,137,122,141,120,114,122,125,126,138,133,139,130,121,111,115,111,127,129,119,130,133,126,136,119,121,118,125,139,124,120,129,129,123,133,137,121,125,120,116,126,126,117,126,136,137,137,136,117,118,138,142,132,128,128,137,145,117,109,107,105,115,126,124,140,119,111,110,108,114,104,117,119,124,87,108
123,133,147,125,135,145,148,146,150,144,143,149,133,152,118,132,133,137,110,121,121,110,140,109,119,111,112,103,138,126,127,116,113,97,100,100,102,112,112,100,102,100,148,129,147,113,117,119,82,108,126,112,111,103,118,119,131,135,146,114,123,121,128,117,123,103,126,123,120,131,137,142,141,110,122,107,129,126,114,117,121,111,127,126,136,132,154,113,121,125,124,114,109,118,115,112,102,113,142,139,154,110,119,122,117,114,117,127,116,125,118,124,142,146,152,110,110,121,116,126,133,128,122,117,117,110,136,146,144,118,122,114,116,128,111,117,120,120,112,119,142,143,149,119,118,126,133,126,119,123,131,124,137,145,140,140,139,137,128,128,129,137,142,145,141,126,127,151,149,139,134,152,125,123,143,134,139,148,155,150,147,139,122,141,125,131,163,152,152,155,149,150,139,127,140,112,122
158,117,117,107,133,128,131,128,131,121,130,129,138,114,130,104,109,112,106,107,124,111,121,120,125,109,91,118,143,124,124,115,111,96,111,101,111,122,106,102,152,107,148,117,111,103,103,134,122,137,114,123,101,102,97,130,152,122,127,103,106,97,112,98,136,114,119,136,111,130,147,123,121,111,103,106,128,130,109,91,151,96,104,91,120,132,117,96,90,87,91,129,100,100,110,92,90,103,143,131,126,94,142,81,82,84,104,123,84,122,96,100,146,142,120,129,100,117,120,136,123,158,149,94,149,100,139,142,110,100,144,106,136,131,112,100,100,87,80,120,144,146,116,106,120,105,107,97,110,119,111,117,111,146,133,143,125,100,107,110,111,133,130,145,135,131,133,120,123,128,107,127,146,151,141,130,130,132,124,131,126,113,124,143,121,104,123,126,130,129,142,125,145,146,156,121,139
106,120,111,125,126,115,112,119,120,122,117,114,108,148,115,112,118,147,148,139,140,154,121,152,160,154,147,165,139,136,133,148,152,149,162,142,161,169,139,133,120,156,141,134,118,163,152,121,134,125,158,130,147,142,129,134,128,131,130,161,150,142,152,156,148,146,155,117,139,120,134,138,125,149,147,146,145,131,151,156,129,149,164,133,135,148,135,144,143,154,141,141,133,148,148,148,142,152,143,145,131,146,115,147,149,147,141,116,144,124,131,138,138,147,129,126,143,150,149,143,129,124,121,134,116,131,140,144,126,148,115,143,132,124,150,160,148,148,115,142,140,143,133,138,142,154,148,147,155,128,143,121,125,131,123,135,126,138,135,126,135,124,145,109,122,125,121,130,142,112,108,136,115,123,124,130,133,116,122,127,127,114,119,116,124,131,130,131,130,120,118,113,120,116,127,127,121
141,108,104,110,106,96,94,96,98,100,94,100,107,105,105,100,113,110,121,110,121,123,105,120,131,141,131,129,96,107,114,134,128,131,135,131,133,133,133,123,134,135,98,103,103,136,136,126,111,120,130,114,137,135,142,133,119,106,103,141,140,134,120,135,126,131,148,127,132,128,115,103,110,138,137,138,116,118,133,134,128,138,133,120,106,104,103,142,135,132,125,112,123,132,127,132,132,126,98,105,100,127,129,140,128,130,135,130,142,138,129,137,103,105,107,130,137,130,137,131,144,130,126,145,120,138,110,102,103,139,132,127,121,127,138,133,130,128,119,131,100,111,107,128,123,117,112,120,128,126,128,125,126,129,104,106,104,121,134,132,133,139,145,123,133,127,127,94,102,105,97,109,138,108,112,132,113,110,103,104,103,91,106,111,96,97,100,98,104,105,104,110,110,126,112,103,112
133,96,101,113,97,108,100,105,102,107,104,101,119,114,112,101,115,120,130,125,115,129,122,128,118,121,120,125,114,103,106,130,117,123,133,125,130,133,125,133,120,129,120,101,102,130,131,115,131,119,116,120,127,131,125,126,122,106,106,122,119,128,140,132,124,129,123,112,137,126,125,104,113,127,122,129,124,103,122,131,117,129,130,119,122,112,106,122,121,123,126,114,119,121,123,126,123,124,114,114,108,125,114,122,125,132,125,110,119,120,125,124,123,114,111,112,117,123,122,124,115,117,120,125,130,126,119,113,120,129,122,120,129,114,120,126,118,128,114,121,116,118,104,129,123,120,122,118,125,117,109,108,124,120,105,115,97,115,109,106,118,105,108,108,105,114,116,109,110,110,100,115,125,132,123,113,106,102,94,91,105,97,113,100,101,103,88,82,97,105,117,118,123,132,120,101,103
128,131,131,128,131,133,133,131,131,135,134,131,138,131,129,133,134,132,132,131,129,131,131,133,131,133,130,132,132,132,132,131,133,131,136,133,132,135,133,134,144,131,133,132,134,135,131,142,129,133,133,131,134,130,131,131,128,134,133,133,130,131,133,134,131,133,131,141,130,129,130,132,132,134,132,135,127,137,133,135,139,132,130,130,134,132,133,130,132,130,133,132,131,133,132,130,129,133,134,130,134,131,142,130,131,129,132,130,131,131,132,129,133,133,135,131,134,129,133,130,134,142,142,129,137,131,132,134,134,131,141,132,138,139,134,132,131,129,130,130,135,133,135,131,132,132,133,131,131,135,131,128,127,133,132,133,134,129,130,129,131,135,136,133,132,139,140,131,134,130,132,132,142,130,129,133,135,135,131,133,129,133,132,128,132,133,133,134,130,128,129,132,129,127,127,134,128
163,112,108,120,106,116,111,115,114,124,115,112,108,123,84,129,120,134,132,128,123,136,135,127,131,126,116,136,115,127,136,148,141,130,138,127,118,130,151,142,128,130,119,127,130,130,137,128,130,144,137,136,128,134,117,130,113,133,126,129,120,127,138,135,135,132,132,130,115,143,138,130,131,140,120,141,145,146,131,124,137,116,115,139,125,124,126,128,121,118,138,128,132,128,123,121,115,111,116,131,126,129,132,126,127,114,115,136,117,118,115,117,115,125,128,139,113,127,127,124,127,132,126,124,125,111,126,121,130,131,124,144,129,130,115,114,112,112,112,127,118,127,130,129,126,130,128,130,111,127,115,122,115,145,138,128,132,132,129,121,119,133,135,127,131,129,130,129,126,116,127,139,134,141,139,142,133,131,124,109,100,115,122,118,122,143,123,112,114,107,105,111,104,115,107,113,111
129,122,123,118,121,121,121,123,122,121,119,118,119,124,121,127,125,130,126,128,126,125,125,128,129,127,130,135,125,125,130,128,131,129,131,129,129,128,128,130,115,131,121,122,126,130,132,116,126,124,132,131,128,130,132,130,129,124,125,132,131,130,125,125,128,130,126,118,137,128,121,123,127,134,131,134,125,121,134,128,116,130,130,130,123,123,127,130,129,130,132,130,129,129,129,129,129,128,118,127,126,128,118,130,133,131,130,129,130,134,133,132,120,127,124,132,135,135,135,131,131,117,119,134,123,130,122,124,124,129,116,129,118,120,133,132,129,128,132,129,123,124,128,127,132,127,129,128,126,128,128,128,129,128,123,127,125,125,130,125,127,129,128,128,129,120,120,125,127,126,120,125,118,120,125,128,124,121,127,126,125,130,129,117,124,125,126,126,126,123,125,122,120,119,123,131,125
122,106,107,115,115,109,112,111,113,116,115,114,118,112,117,108,110,113,110,108,114,111,120,112,109,112,107,108,118,114,110,108,111,113,117,115,115,116,117,126,111,112,116,118,111,112,118,104,131,123,114,119,113,116,115,108,120,120,109,112,113,116,116,116,117,122,117,103,116,114,114,118,110,115,117,126,123,118,120,119,118,120,115,117,114,118,111,113,117,115,114,113,124,121,115,112,114,115,116,116,109,112,102,112,112,112,114,116,114,113,114,111,114,117,108,115,110,120,114,115,119,124,120,119,123,109,117,115,109,113,108,113,121,105,119,112,112,110,108,111,111,116,107,110,117,113,111,115,111,114,113,114,113,115,121,119,110,110,112,117,111,117,118,121,115,106,104,107,112,112,110,112,112,132,122,118,123,115,116,119,121,110,106,112,108,116,112,117,117,114,115,116,117,120,120,110,114
136,128,155,134,141,134,144,141,138,129,131,133,112,125,129,137,138,126,133,127,141,124,150,143,128,124,138,123,127,133,144,139,126,134,152,135,128,140,140,150,125,137,129,131,141,137,134,117,145,131,121,147,147,143,144,152,136,136,140,130,141,143,136,143,147,148,143,120,135,154,144,134,149,148,155,152,141,116,135,129,122,133,140,140,137,131,148,133,131,126,125,141,140,138,126,139,149,144,128,127,144,126,128,133,139,126,120,151,132,152,141,148,140,118,139,151,139,137,142,162,132,116,124,149,120,131,138,118,140,150,129,135,120,124,118,116,122,137,143,121,134,116,121,133,131,136,139,127,123,133,116,127,123,140,115,105,114,130,132,145,134,141,137,132,131,125,127,131,140,123,133,137,117,132,154,135,128,116,138,132,136,126,140,136,149,150,132,128,136,146,143,142,125,126,131,128,139
115,132,154,124,119,150,132,124,120,126,135,114,115,147,117,134,151,139,156,152,123,142,136,140,138,134,136,134,108,100,146,124,130,140,142,149,141,137,149,146,107,134,107,112,135,141,137,116,130,119,141,133,135,145,129,128,117,107,139,123,138,130,122,132,113,136,137,113,128,123,131,111,138,133,141,143,132,113,129,136,101,147,150,149,120,113,126,138,144,152,140,149,133,143,150,152,155,152,121,105,126,152,108,145,143,155,141,137,150,137,151,135,116,107,125,146,136,126,114,120,131,109,105,125,119,163,109,108,142,143,109,124,121,123,142,162,134,154,152,151,114,105,133,144,134,150,150,159,148,127,139,129,127,124,100,113,129,132,134,129,135,126,127,124,131,126,120,124,122,110,137,130,117,133,130,135,126,125,129,108,103,105,123,88,136,131,137,122,107,103,100,100,96,96,94,117,101
148,158,162,125,125,158,146,147,146,155,149,152,141,158,115,140,151,151,146,138,107,139,142,124,130,139,143,141,132,114,152,142,125,123,112,136,117,123,123,128,149,138,134,127,143,122,115,135,119,148,98,118,100,118,136,143,135,126,147,137,119,116,103,100,138,152,112,139,142,154,148,132,149,129,145,141,141,129,114,122,140,135,129,119,130,124,142,134,115,116,108,120,119,109,111,109,112,102,132,131,139,122,122,123,113,106,112,125,104,156,130,152,142,122,139,133,121,144,159,143,137,143,158,148,130,126,135,121,147,150,142,128,145,130,121,109,115,107,116,127,125,121,134,114,118,90,91,87,111,110,120,132,152,168,140,119,133,138,138,127,122,143,124,137,149,131,133,128,152,137,145,151,152,147,141,140,128,131,144,144,131,117,134,139,146,146,141,142,145,146,136,141,146,160,145,108,123
130,145,144,155,147,130,136,135,132,122,128,138,120,116,141,148,139,123,113,120,114,113,115,115,123,112,105,123,140,145,129,126,136,131,126,138,126,132,126,120,132,117,143,148,123,115,119,125,119,122,129,140,123,136,123,129,147,152,122,119,122,127,122,128,135,139,128,119,101,132,132,145,123,120,120,123,113,112,125,119,125,119,119,105,129,152,123,110,120,120,129,116,122,118,113,117,112,129,138,151,121,108,123,129,128,123,130,150,129,138,118,127,139,146,125,136,128,140,140,125,125,129,111,130,117,105,148,146,121,132,113,108,114,121,125,119,139,129,114,128,142,142,130,126,138,123,109,134,130,123,132,131,126,156,152,135,147,131,142,127,144,144,143,131,129,121,120,129,134,128,132,124,118,127,136,133,109,115,119,124,123,145,125,130,126,144,128,135,133,128,127,121,135,126,128,148,127
118,110,113,119,117,127,125,133,128,133,131,128,108,138,91,126,124,131,140,143,136,145,126,127,133,141,133,137,112,119,141,143,133,140,123,130,145,138,117,113,111,132,113,126,137,139,139,116,119,110,127,137,149,145,131,156,96,123,136,143,145,133,147,142,140,127,141,119,141,147,127,115,140,126,129,133,138,119,138,138,115,143,144,132,115,118,146,139,140,138,126,124,134,142,141,143,143,145,117,108,146,138,118,132,142,138,144,132,126,135,131,142,112,116,138,132,130,129,150,132,135,116,125,119,108,134,115,119,142,135,113,146,131,121,136,145,144,140,129,147,114,117,144,156,158,143,145,141,149,145,150,132,124,147,100,116,141,144,143,123,131,142,140,134,140,119,120,127,114,114,127,133,121,121,119,135,112,120,129,119,105,129,118,120,127,128,131,122,113,107,116,109,115,106,116,138,123
135,146,147,130,127,141,141,137,143,147,150,132,116,162,138,155,161,172,172,171,160,161,147,142,135,156,154,144,136,129,169,133,136,148,140,131,149,126,134,145,128,152,131,124,158,150,152,126,133,123,133,110,150,148,146,126,128,125,154,127,152,143,142,138,123,127,145,129,154,134,142,125,148,135,141,139,128,129,143,148,123,149,147,168,135,123,148,146,147,148,142,124,142,151,151,148,148,148,137,128,148,159,125,155,158,155,143,130,158,142,158,143,135,128,148,131,144,147,155,144,139,129,132,156,118,151,127,127,163,150,132,150,118,131,137,144,149,148,142,136,137,124,156,141,119,142,148,144,138,144,141,164,158,129,123,129,148,159,148,151,158,125,131,145,145,133,133,141,140,129,141,151,125,144,151,152,143,124,147,131,124,124,139,124,131,135,148,130,128,125,131,132,122,121,123,125,126
117,105,102,112,113,109,105,106,106,104,104,105,100,105,110,110,109,117,125,118,118,123,121,129,123,119,122,120,106,124,107,125,124,127,132,124,130,126,117,119,115,131,110,126,105,123,133,112,129,120,126,123,130,123,125,124,108,124,103,121,134,126,125,122,114,125,129,113,121,107,102,122,100,123,125,123,116,108,137,133,116,138,138,113,100,118,103,117,121,125,117,122,133,136,128,122,118,117,101,117,98,118,111,124,127,128,126,128,131,130,121,122,100,121,102,121,131,128,137,131,129,120,122,121,113,121,108,121,100,111,116,129,110,112,128,122,124,118,107,116,106,120,100,115,118,117,112,118,123,122,122,120,125,114,115,116,100,110,119,113,122,125,121,113,118,111,110,96,104,108,106,102,112,125,108,102,103,94,100,96,105,133,120,121,122,112,103,100,108,111,111,115,124,120,121,134,119
132,132,139,159,156,144,142,141,139,141,137,139,160,120,143,134,134,120,137,138,135,134,133,136,123,131,123,121,141,152,128,132,136,135,139,122,136,143,141,137,148,127,142,135,129,129,132,150,125,149,136,143,142,144,137,133,147,144,130,119,129,125,134,134,133,129,139,152,140,127,140,140,134,111,124,129,144,155,135,138,151,138,137,122,144,137,135,134,135,136,149,148,144,133,139,146,147,140,140,137,134,130,149,134,136,139,132,138,131,126,120,123,143,135,135,116,122,131,125,128,129,143,140,127,136,129,141,135,131,113,144,136,150,154,140,136,135,129,135,133,143,137,127,143,149,145,144,144,138,143,129,130,131,118,139,139,133,124,127,134,126,123,129,134,123,149,148,125,128,141,145,122,148,119,123,124,141,155,136,143,150,127,136,147,139,123,133,138,146,146,152,148,156,154,148,136,141
122,141,116,121,121,122,126,120,119,117,116,125,129,117,146,117,120,111,102,104,119,115,122,117,121,112,113,121,147,133,114,121,111,116,123,128,123,122,125,127,139,115,147,142,117,120,108,126,121,120,100,123,102,116,117,100,135,141,120,116,89,119,126,110,149,146,115,129,110,113,132,138,124,129,116,119,134,136,131,129,135,126,132,105,148,138,129,122,102,106,112,140,121,117,117,118,120,109,145,136,129,113,136,117,105,107,121,130,116,130,105,112,137,129,130,121,107,129,126,140,138,147,151,115,128,109,142,133,126,124,140,110,136,125,124,117,119,122,124,105,146,127,128,127,115,133,129,108,113,115,115,104,108,124,120,117,130,106,113,112,112,127,131,124,117,121,128,122,124,127,141,128,138,129,123,116,121,118,116,122,117,123,136,114,135,144,128,133,127,115,112,116,115,102,110,134,101
131,131,132,118,121,123,122,122,121,126,124,125,116,129,131,126,131,130,129,126,130,133,126,130,132,138,131,127,124,117,126,125,130,131,134,132,129,131,129,127,122,126,127,121,129,124,126,131,116,114,128,127,136,132,135,134,124,123,124,126,134,139,136,132,136,134,141,131,127,123,132,123,127,127,128,130,132,116,130,131,116,131,129,135,129,122,128,131,127,128,120,112,126,129,133,131,134,134,124,129,125,131,129,131,134,133,131,124,133,131,128,126,125,127,128,128,136,139,138,134,136,118,112,132,117,134,129,122,130,129,125,138,123,134,133,136,137,136,133,133,126,123,126,138,135,137,135,132,130,132,129,127,131,121,126,128,125,127,128,130,134,128,127,134,131,134,133,119,122,122,122,128,121,128,135,130,130,122,126,127,124,126,123,136,133,121,128,124,127,131,136,139,141,137,144,126,129
139,126,115,118,118,107,109,113,106,106,107,116,117,122,129,144,123,113,124,125,114,115,97,116,120,128,120,120,127,134,125,117,114,119,121,116,119,116,120,125,114,125,129,136,126,125,122,123,108,98,117,105,123,132,119,114,131,133,122,118,125,123,132,125,115,129,129,121,115,113,110,140,125,124,120,129,113,105,122,136,107,131,133,126,123,140,128,134,137,133,135,105,116,119,130,136,134,142,136,134,123,132,124,131,127,128,125,106,123,109,114,120,126,140,125,126,119,117,117,112,107,104,107,125,108,125,125,139,125,120,115,122,101,127,110,124,114,125,114,132,135,144,125,138,120,130,120,127,137,120,119,127,109,136,151,147,127,120,121,112,113,116,110,118,119,128,125,131,131,119,108,123,123,122,124,116,111,129,124,120,122,116,117,110,117,110,125,121,114,111,105,108,114,119,117,119,119
113,106,105,100,112,136,128,123,128,128,137,125,130,117,96,100,103,118,137,128,122,124,139,144,130,119,119,113,106,98,110,110,121,122,127,113,107,121,125,118,110,108,106,96,117,116,112,114,117,122,140,138,120,122,129,134,114,98,113,125,131,136,125,117,136,126,124,118,125,130,132,107,124,126,125,131,152,120,125,126,123,122,125,113,130,112,120,117,118,125,125,128,129,133,125,124,128,119,114,110,118,124,114,138,126,130,126,141,129,141,145,127,126,110,127,145,140,146,146,134,138,120,129,131,130,126,117,103,127,134,121,116,112,118,135,120,112,120,142,140,123,106,123,120,132,116,124,146,137,143,138,139,147,149,122,118,96,152,146,151,132,132,121,137,146,116,117,149,140,109,133,161,141,129,140,137,126,142,137,135,123,149,136,131,144,155,121,127,126,136,130,123,118,117,110,145,107
137,140,140,146,152,159,154,159,161,152,161,159,135,149,124,136,152,144,144,145,148,144,144,130,129,146,131,126,132,131,159,123,120,133,143,133,129,121,132,149,118,127,136,131,156,127,129,114,136,130,125,117,132,137,130,119,137,128,161,123,122,138,135,127,119,118,116,113,133,119,145,126,160,126,122,131,142,118,137,127,116,124,127,127,137,124,156,127,127,139,140,144,138,136,132,127,128,135,135,129,159,128,118,127,135,133,120,125,125,134,129,123,144,123,155,130,122,135,139,147,119,123,118,131,113,117,146,122,149,119,112,138,121,125,130,135,129,122,118,120,142,125,146,127,133,138,135,127,126,117,126,116,105,132,140,123,154,128,131,123,116,128,119,118,123,124,119,116,141,140,139,135,108,133,133,125,122,110,138,133,133,114,127,150,121,121,137,137,137,140,151,152,158,136,156,115,156
134,111,137,114,100,117,107,105,112,116,113,108,102,133,111,134,137,150,152,148,156,145,119,131,139,145,141,133,106,109,141,133,142,146,139,126,146,137,140,125,133,150,107,104,130,152,151,135,112,125,127,112,156,152,144,135,97,97,132,133,143,131,117,140,115,126,137,132,171,138,103,94,132,126,147,132,122,119,124,140,121,152,154,143,96,89,126,138,137,134,130,125,116,143,149,145,152,143,92,93,127,143,129,142,147,144,126,107,141,131,138,146,96,96,123,112,136,140,138,139,136,108,135,134,120,136,96,102,128,126,133,145,126,129,137,144,144,155,150,135,89,98,127,142,130,146,133,126,127,106,130,133,145,108,91,87,130,126,124,118,125,104,98,105,127,130,129,140,120,98,125,130,130,121,123,115,120,112,116,113,117,119,115,113,113,119,111,122,106,100,90,104,106,109,109,112,97
132,134,140,135,130,137,134,138,139,136,136,139,129,133,130,139,143,130,125,129,131,126,144,138,143,136,131,137,137,133,140,132,139,132,134,137,135,135,141,130,123,135,136,130,141,132,130,131,129,129,133,136,134,132,135,140,142,128,138,134,131,136,133,128,144,139,136,134,136,135,142,131,143,136,137,145,143,122,132,130,119,132,132,136,137,132,145,133,130,132,130,133,132,126,137,136,138,136,139,133,146,136,130,134,133,134,138,141,133,142,140,138,145,135,147,139,140,142,139,144,139,122,123,135,122,143,145,136,146,135,128,137,123,137,140,137,135,135,140,142,144,139,146,134,141,137,139,137,139,145,136,141,137,141,146,138,147,139,137,141,140,137,138,143,144,137,137,138,143,143,143,142,126,133,141,138,135,141,148,142,138,137,140,129,131,138,140,141,138,135,138,139,134,130,136,132,128
130,136,136,142,136,123,127,124,125,130,124,124,106,132,130,127,123,137,135,135,124,130,128,122,139,132,131,125,121,140,135,125,122,124,129,126,131,119,136,125,130,129,122,136,139,136,131,126,119,111,130,115,131,129,126,119,126,138,133,135,127,138,142,129,130,124,126,124,131,125,126,141,128,134,130,129,118,121,132,133,124,127,127,141,117,136,125,132,131,133,128,119,124,138,134,129,129,131,122,133,122,139,128,133,134,134,126,118,132,135,129,126,119,127,123,128,128,123,129,127,130,125,128,129,111,129,123,133,125,129,131,123,112,125,126,126,136,131,127,128,124,135,128,137,130,131,130,124,123,120,125,126,123,121,121,137,126,125,127,130,126,123,118,121,122,124,127,130,127,134,128,135,133,107,120,129,131,123,128,125,121,117,124,121,124,129,136,132,130,132,136,140,138,131,137,107,124
142,133,135,129,130,130,131,132,132,135,131,131,132,135,137,138,135,138,131,128,126,128,134,130,135,134,138,139,133,140,134,138,140,137,137,140,139,144,138,146,151,137,130,138,134,141,139,147,142,135,144,137,138,141,144,138,129,135,131,139,138,144,146,148,139,143,136,150,140,140,127,133,132,138,138,142,145,146,147,142,145,144,139,134,129,127,138,136,140,143,148,137,137,145,141,142,143,138,131,129,137,138,145,140,150,137,144,138,137,145,144,137,130,129,136,137,140,150,152,142,143,152,149,143,142,137,126,132,138,142,149,144,145,150,148,145,150,151,138,141,127,130,143,144,145,149,159,148,146,148,151,148,144,135,128,126,141,140,140,146,148,134,137,141,134,150,148,142,143,138,132,136,148,125,132,137,132,131,142,140,139,140,142,143,133,133,145,141,137,140,137,134,134,135,137,137,141
137,131,140,133,133,135,128,129,132,131,127,129,115,126,133,129,128,134,137,135,128,135,128,127,127,133,138,144,132,126,118,126,125,131,130,124,121,120,126,120,132,130,130,118,113,117,115,110,120,103,116,108,112,121,123,129,131,115,109,114,111,118,112,111,111,109,119,122,119,142,130,124,115,125,120,117,107,117,127,129,125,130,135,129,131,128,114,123,126,126,124,126,131,127,126,126,130,135,131,124,110,123,112,127,126,126,126,130,125,135,131,133,125,120,111,109,118,122,108,115,118,115,123,126,123,128,123,113,111,116,112,119,116,112,126,123,126,130,120,129,124,120,113,118,116,129,128,121,134,134,131,134,137,128,127,126,112,140,132,134,141,131,135,137,133,118,122,132,124,126,117,121,118,121,120,123,114,113,116,118,126,120,130,124,114,104,114,109,119,122,135,139,139,135,143,131,142
112,148,142,135,125,131,138,137,142,145,138,141,134,152,132,142,146,142,131,129,123,125,106,121,135,141,131,133,134,130,142,152,144,135,132,131,134,140,151,121,112,132,137,133,132,149,141,110,115,130,136,129,133,141,134,137,125,126,130,152,146,150,144,139,126,137,154,120,127,130,130,118,122,152,145,143,139,114,128,132,121,129,136,125,125,116,128,130,131,129,127,115,137,122,117,125,122,128,139,112,137,127,113,133,121,134,142,132,128,140,130,150,135,119,130,133,136,137,141,123,141,116,120,152,122,140,125,122,131,133,113,125,127,119,136,122,121,125,112,125,128,115,137,121,117,117,111,130,125,118,135,135,139,124,112,104,131,137,145,125,137,150,151,137,148,122,117,137,133,117,110,145,120,113,131,150,130,132,127,119,119,123,125,102,119,115,125,129,120,104,109,115,118,104,103,104,113
135,137,136,139,138,138,135,136,135,134,134,135,139,134,134,135,134,134,135,136,141,140,128,138,140,141,138,139,134,141,132,141,136,136,137,139,133,137,137,133,136,137,135,140,130,133,133,138,134,130,134,136,138,137,137,138,136,139,130,137,136,136,131,134,138,138,138,139,135,144,134,138,130,136,136,138,129,137,136,135,141,134,136,139,134,140,128,138,136,134,132,132,133,132,138,135,134,134,131,139,129,137,139,138,138,138,140,137,140,142,139,139,132,137,129,140,139,139,137,140,141,138,137,135,138,136,132,138,133,138,136,138,142,138,138,137,139,137,137,139,132,138,129,134,135,135,135,137,139,144,141,141,141,139,139,138,128,141,139,141,144,139,138,145,141,138,138,139,129,136,131,135,139,135,137,138,135,133,133,130,139,137,139,135,137,134,132,125,134,139,135,135,138,136,138,139,141
132,124,134,96,100,106,109,106,111,107,112,107,122,128,107,122,124,124,135,125,125,124,119,132,120,129,128,134,117,105,120,126,131,127,119,126,121,114,121,128,139,130,114,109,112,125,128,137,113,120,117,100,120,120,116,125,122,105,109,127,129,125,121,127,109,119,120,139,118,113,109,104,113,129,126,113,117,138,123,134,141,124,127,119,103,106,110,123,129,130,125,118,118,126,125,125,127,132,108,105,111,128,133,122,122,124,125,117,129,112,119,127,107,107,111,121,124,117,118,105,112,134,130,117,138,125,102,105,111,122,135,115,127,137,116,117,111,115,110,112,103,103,108,110,108,112,111,110,113,111,111,110,113,116,108,107,109,120,115,113,107,116,116,109,115,138,138,116,114,108,101,121,138,126,122,121,124,131,110,109,113,117,109,113,111,104,104,103,110,106,112,114,118,134,124,113,115
138,118,121,132,117,100,108,109,115,113,117,116,130,105,140,130,113,101,101,100,112,114,97,96,121,116,115,105,124,151,124,100,100,110,104,119,108,105,128,113,121,102,124,158,131,98,107,123,139,129,101,115,111,110,128,125,151,148,139,109,108,112,111,96,127,123,118,118,115,121,134,151,134,115,110,118,128,129,103,102,124,106,106,113,146,159,131,102,94,89,88,109,107,88,96,102,108,102,135,156,132,100,118,112,107,110,128,118,115,122,121,112,133,152,129,121,119,129,121,121,124,139,127,123,134,111,136,154,141,123,119,127,130,123,115,116,124,108,143,127,135,149,128,116,125,114,116,111,112,119,133,141,125,150,152,141,129,133,133,135,141,124,130,131,126,122,118,134,117,131,140,133,131,121,121,126,141,114,102,103,111,112,89,117,126,118,94,108,113,110,115,121,134,133,131,106,115
124,131,130,144,141,126,126,131,129,127,125,128,124,127,139,135,130,123,126,124,115,126,123,126,121,117,127,125,135,144,116,129,130,119,123,125,122,127,129,125,124,127,129,142,121,127,125,127,127,123,126,128,123,120,125,136,133,145,122,124,126,123,124,126,134,129,129,130,125,142,127,148,118,119,128,124,131,118,123,126,125,121,124,121,135,143,122,121,125,127,122,126,128,127,130,125,126,123,138,146,124,131,126,119,120,124,115,126,124,124,127,134,139,150,128,124,122,123,123,119,127,124,121,128,126,131,142,150,122,123,124,121,123,131,121,122,127,122,133,127,143,151,120,127,135,126,122,130,124,126,133,128,131,128,145,147,120,128,129,124,124,134,135,129,131,132,131,121,127,146,124,127,129,118,123,127,126,127,126,129,132,113,127,146,125,115,126,130,135,137,141,138,137,134,130,123,145
126,139,142,145,146,128,137,126,127,129,133,128,130,117,145,135,124,117,119,112,114,123,104,114,132,120,123,128,132,154,118,137,134,123,114,141,122,132,130,100,117,115,140,141,135,129,119,111,123,121,119,111,122,116,122,123,136,134,118,133,116,111,112,123,114,126,124,113,104,119,120,136,121,128,115,109,102,122,123,118,116,125,125,91,135,128,122,114,110,106,106,111,107,110,119,120,123,118,139,125,128,110,121,120,127,125,129,116,119,125,97,121,132,129,136,126,121,123,137,126,129,124,114,121,102,116,128,126,114,129,116,113,117,117,114,124,111,121,116,131,129,126,116,125,116,121,129,120,132,123,114,86,112,119,133,131,108,116,117,106,115,121,117,106,115,112,111,96,127,118,118,115,119,109,111,120,101,119,121,123,128,100,130,132,144,121,121,127,132,132,129,135,131,126,118,106,144
128,143,129,134,135,145,135,129,136,134,134,132,127,145,122,135,150,141,130,131,139,138,136,128,143,133,134,131,131,123,133,125,124,124,137,124,114,116,121,134,135,122,136,124,128,108,107,131,124,152,116,136,122,110,132,129,131,127,130,113,119,108,103,107,123,113,116,129,144,144,138,114,134,105,123,115,123,147,102,101,126,105,114,124,130,118,128,118,102,100,113,133,110,120,103,112,112,100,129,121,127,112,133,104,112,109,107,129,109,118,125,119,131,125,132,131,127,116,119,143,111,123,132,101,138,104,131,122,132,125,135,135,147,128,113,115,110,115,114,104,128,121,125,108,119,104,109,104,105,115,118,131,111,128,123,116,117,126,122,135,125,126,129,136,119,128,130,116,132,132,126,137,129,142,139,138,156,126,113,109,116,113,142,121,136,151,124,113,118,115,122,126,126,134,137,127,131
114,101,96,115,126,112,115,113,110,104,103,109,121,93,102,122,105,101,121,119,127,123,126,141,105,125,131,111,100,112,102,117,112,126,138,132,134,131,115,129,128,122,96,110,100,144,127,123,148,137,137,136,140,136,124,121,101,112,113,146,147,128,132,142,128,143,132,121,129,109,100,111,117,132,138,136,140,135,137,134,115,136,119,117,114,106,114,133,131,140,120,119,139,142,137,132,117,130,104,114,114,149,126,146,131,144,150,142,152,137,132,135,105,114,116,142,142,146,149,140,152,127,136,127,121,124,112,118,122,121,130,133,124,123,133,128,135,134,115,136,108,113,120,140,139,130,117,127,144,140,150,134,139,109,111,114,124,129,140,146,134,129,121,122,124,130,126,103,100,131,133,104,125,113,100,113,118,100,104,98,91,118,100,108,103,106,108,106,109,104,106,98,87,96,91,108,112
113,100,96,129,108,109,108,108,106,113,111,110,137,124,113,112,114,142,139,136,118,127,125,139,134,130,141,152,121,130,128,142,140,129,134,135,120,124,136,116,125,151,124,123,114,127,126,127,121,115,140,141,114,130,144,148,127,119,126,156,124,149,132,128,132,142,122,129,112,144,126,118,126,151,126,121,118,115,142,131,114,122,147,125,119,121,112,129,127,130,113,119,130,151,134,123,134,124,123,117,116,139,135,130,132,122,135,133,121,135,110,125,118,114,115,150,131,114,103,126,132,125,120,140,137,136,117,115,124,128,121,124,128,132,127,134,122,126,131,145,118,110,119,129,111,127,150,139,142,140,123,112,126,148,126,123,114,125,128,118,116,141,132,127,127,134,130,127,119,142,141,117,136,136,120,125,133,121,123,121,124,135,126,130,115,116,124,119,117,118,122,126,126,122,114,121,112
137,118,121,131,128,128,122,128,122,124,120,114,119,104,111,132,114,127,135,127,123,126,135,149,143,129,124,141,118,134,135,141,140,144,127,138,139,134,124,129,135,137,122,127,139,136,129,132,124,152,133,143,124,126,141,149,128,125,134,132,130,133,118,122,140,149,139,138,143,145,128,129,135,132,143,140,148,143,128,131,140,129,135,131,119,132,133,150,131,132,130,119,121,121,119,116,126,127,116,135,127,137,127,126,122,130,136,155,135,122,128,145,122,130,129,150,130,126,140,123,147,141,144,128,139,142,130,131,120,133,127,119,135,129,126,129,128,120,125,148,125,132,129,131,135,117,115,130,135,144,133,137,131,158,125,139,128,139,140,139,143,159,147,137,143,131,130,148,130,133,141,137,135,132,131,140,135,130,120,123,131,140,142,134,127,134,112,113,123,127,119,119,125,137,126,141,137
113,122,126,122,126,127,122,122,121,127,127,122,120,132,118,127,127,131,133,135,130,136,128,133,126,133,132,135,116,115,131,129,131,132,133,132,127,130,128,133,123,132,117,117,126,127,126,123,134,129,126,128,126,132,127,129,118,116,126,126,124,128,130,128,125,127,126,126,127,126,122,116,126,125,123,129,128,122,129,129,123,132,130,121,117,121,127,120,125,128,122,122,127,126,126,126,124,126,118,119,127,124,125,125,126,122,126,126,124,128,119,123,119,123,128,121,122,132,130,123,130,125,123,126,125,127,118,123,126,120,127,128,127,125,128,124,122,122,121,129,121,121,131,126,126,122,124,125,124,124,124,122,124,127,115,122,132,121,125,123,124,124,123,124,127,125,125,124,128,121,128,125,127,124,121,120,120,129,129,127,123,122,125,124,126,121,126,129,128,127,124,124,123,121,121,121,131
114,127,136,127,141,127,132,131,133,132,131,129,116,112,144,116,103,118,124,113,115,116,132,131,118,114,141,121,133,116,103,112,135,133,149,145,145,140,144,132,118,132,123,119,100,147,143,122,141,129,138,146,152,140,152,138,125,114,104,124,156,139,131,152,134,137,145,120,126,137,125,113,115,140,149,141,123,105,150,155,112,152,147,139,126,119,114,138,154,159,152,152,171,167,162,166,167,154,132,114,118,151,130,168,160,156,147,144,164,134,139,148,135,121,118,123,143,132,133,122,131,115,117,165,121,150,120,123,121,139,128,135,108,122,139,149,147,145,139,146,132,129,118,137,142,146,140,152,145,131,135,126,148,122,136,122,125,120,138,134,127,133,135,120,117,123,124,131,122,121,122,128,123,111,118,119,117,113,118,125,131,130,116,119,139,128,112,123,125,128,131,129,136,122,129,108,134
122,111,118,109,107,111,111,108,111,113,115,114,129,107,100,120,107,123,131,125,125,117,123,135,119,121,120,120,112,120,120,109,115,117,119,102,122,111,102,111,118,126,111,114,117,119,118,117,103,116,123,115,124,123,112,122,105,112,115,113,128,113,102,116,96,97,123,120,117,120,112,115,111,112,121,113,103,115,108,122,113,121,112,129,113,116,103,119,127,128,118,122,123,122,120,123,122,127,109,119,109,127,116,134,121,128,119,121,137,111,126,129,111,117,111,111,127,121,122,112,121,120,121,126,120,132,111,109,106,123,119,123,116,118,122,123,122,124,124,126,106,111,109,102,125,118,112,121,124,119,125,125,132,105,103,116,114,129,132,130,132,123,125,126,123,119,119,111,108,114,97,113,122,134,133,122,128,124,112,105,97,96,108,122,107,113,111,108,113,110,111,117,115,116,116,105,118
144,131,136,98,114,112,107,100,107,118,123,114,122,112,118,116,112,132,110,101,105,105,106,100,113,113,109,108,98,96,130,108,104,107,121,110,106,117,132,125,144,108,96,83,121,107,111,127,123,139,105,107,100,107,121,112,104,88,105,103,117,112,112,101,123,122,110,130,107,121,109,86,110,122,121,121,110,145,111,100,141,106,104,102,96,81,101,97,104,105,109,120,105,105,106,100,100,96,79,86,92,94,130,112,103,105,101,107,105,121,117,111,89,85,96,125,119,129,114,135,134,142,138,131,134,101,81,82,90,110,133,106,135,126,127,112,107,97,108,102,81,89,90,89,100,91,97,97,104,100,106,107,109,111,91,91,92,107,121,119,110,130,136,119,116,125,125,106,112,109,113,117,145,129,120,121,118,108,111,112,119,133,120,128,118,122,114,116,116,112,116,118,117,131,130,123,137
128,107,104,110,113,117,124,122,120,114,114,122,113,118,127,102,113,106,109,117,115,119,96,108,119,121,123,121,149,122,113,128,115,111,129,122,106,140,111,108,120,115,145,137,110,114,123,118,147,123,134,140,114,131,117,136,131,144,118,124,115,121,142,143,135,138,133,120,112,131,115,148,106,122,114,120,136,120,119,130,127,126,114,106,115,147,115,107,108,116,105,96,113,119,114,110,107,106,146,149,114,110,116,117,111,106,117,118,110,110,121,120,120,134,120,123,114,124,131,133,133,136,128,117,123,124,123,141,120,116,119,128,125,118,120,119,118,116,125,130,139,136,120,113,117,100,110,110,117,130,115,115,139,138,132,136,133,122,135,128,141,146,156,145,128,118,123,137,118,128,116,126,131,134,131,129,121,118,124,130,128,132,126,140,135,110,133,133,122,127,130,131,144,141,137,129,133
133,151,151,147,130,122,121,125,129,119,117,133,131,139,151,168,130,122,117,109,123,146,97,128,162,143,156,163,163,167,124,138,147,139,139,156,142,145,149,123,125,148,156,167,121,127,127,117,130,110,127,114,126,119,144,164,139,164,123,135,137,123,123,130,133,130,135,119,133,149,122,159,117,139,127,123,112,113,127,118,120,123,117,94,130,160,129,114,106,105,104,122,127,105,116,111,107,105,149,165,131,104,107,96,89,101,124,112,104,111,110,132,140,159,126,120,121,100,122,108,118,114,114,124,118,124,156,161,118,124,110,97,129,119,110,116,117,110,91,124,148,158,137,103,112,104,83,102,111,103,126,110,106,121,139,162,149,102,117,114,122,128,128,125,120,118,115,111,139,150,124,112,116,119,118,125,112,114,98,117,124,84,129,139,106,92,100,117,127,125,134,137,138,134,147,114,150
139,119,114,127,128,127,121,124,126,125,124,112,109,135,118,127,128,145,129,136,119,123,115,112,102,122,113,116,122,133,140,113,109,113,109,96,119,109,97,111,127,124,124,132,135,117,126,125,101,103,101,92,113,112,103,104,123,131,130,102,108,104,100,101,87,91,96,122,111,113,114,131,120,94,112,101,91,125,108,119,129,115,115,120,127,136,125,115,114,125,116,111,112,124,119,124,129,134,128,138,130,124,126,120,123,114,110,101,119,97,120,111,127,138,136,87,102,107,104,97,101,117,111,105,133,117,134,135,132,112,120,109,128,122,118,122,118,129,124,114,131,140,140,121,110,129,127,109,119,103,113,119,126,117,135,146,143,126,119,106,119,113,107,103,113,123,123,132,135,133,133,134,120,104,108,114,116,126,130,122,126,131,138,127,119,135,138,126,119,131,128,132,128,137,125,125,131
145,126,129,129,122,104,98,96,94,90,102,107,116,127,113,164,132,145,146,141,129,132,119,117,134,116,125,111,110,137,138,121,129,126,128,128,132,129,106,118,133,122,104,138,126,131,126,134,122,110,122,102,138,126,126,121,109,126,120,103,124,124,121,131,107,107,131,133,108,103,93,125,113,116,115,113,101,137,118,126,130,131,138,144,112,139,120,118,131,126,110,126,118,141,141,139,146,142,111,126,117,143,137,131,137,127,113,93,124,102,115,129,101,138,111,110,121,110,103,111,110,119,121,116,138,127,109,138,114,121,129,121,125,129,117,126,118,134,139,133,118,145,129,138,118,136,128,122,118,115,120,117,129,120,128,143,130,120,108,116,116,96,93,110,111,127,130,129,113,124,126,107,139,121,104,113,108,105,96,92,96,134,116,130,106,125,111,101,96,92,106,108,121,122,121,120,116
155,113,111,120,113,116,106,109,114,123,129,124,137,133,138,108,124,119,129,132,147,129,130,123,119,132,129,119,144,138,127,125,125,122,127,131,121,124,116,126,123,123,143,133,125,114,130,131,124,120,116,121,131,131,123,121,145,134,131,109,122,127,122,130,106,103,118,129,134,119,124,138,128,110,127,121,116,121,123,124,116,130,122,143,147,142,127,119,122,119,121,127,130,120,131,124,123,125,145,147,128,128,133,124,123,135,119,119,120,100,127,130,136,144,124,98,119,110,106,106,111,118,118,107,120,127,149,141,137,111,120,129,123,133,124,125,126,131,135,114,150,145,128,138,123,125,137,129,121,123,130,134,126,111,140,145,128,130,123,122,124,112,116,125,116,132,130,134,123,149,130,128,122,121,118,122,119,114,113,115,117,121,140,129,126,147,109,106,111,120,126,127,130,116,122,139,133
146,106,101,123,111,115,110,110,105,118,110,116,137,104,145,83,87,84,98,92,91,112,122,112,117,91,93,101,125,112,77,97,98,87,100,112,87,97,102,105,143,85,122,111,98,92,80,126,114,138,97,131,104,96,91,112,140,114,104,107,98,116,138,102,137,142,96,135,96,111,119,118,100,114,97,109,137,124,96,105,125,92,100,77,116,124,108,76,81,92,80,111,107,108,90,84,85,68,119,127,106,83,134,98,87,87,92,115,91,130,108,98,123,111,108,112,116,112,116,141,122,128,142,121,133,91,122,106,102,107,139,96,118,122,96,71,92,83,96,88,120,112,89,66,93,60,68,96,83,111,106,88,108,128,116,120,96,93,111,110,100,118,118,125,131,122,126,94,109,136,123,101,141,124,127,125,105,116,93,102,105,122,123,108,126,122,96,96,108,112,117,132,123,138,128,133,118
143,125,125,138,127,115,118,115,115,113,116,118,118,101,137,117,108,109,112,113,112,123,111,115,122,118,119,125,131,134,105,112,118,120,121,118,116,126,118,122,126,115,127,133,100,122,119,124,138,116,123,118,118,117,118,110,135,131,103,119,112,123,131,124,119,112,116,124,114,112,119,130,107,116,116,115,122,119,120,118,120,120,125,110,125,133,102,107,118,124,125,128,127,117,122,120,119,118,128,134,102,115,122,112,116,116,120,111,113,110,112,109,120,132,106,108,108,109,121,123,109,123,124,110,117,118,128,133,105,98,123,105,117,130,114,117,108,113,115,112,124,132,98,114,109,117,115,114,113,113,109,115,102,103,125,131,106,103,100,111,110,115,118,112,108,128,128,110,113,124,111,100,120,129,117,107,107,109,108,108,113,119,116,139,123,117,105,106,116,129,131,128,132,134,135,118,138
140,134,127,114,105,100,96,98,105,103,101,101,120,131,134,134,134,130,113,111,96,108,103,106,110,105,106,114,118,130,136,134,121,103,84,97,105,119,101,96,141,125,128,132,134,120,112,135,88,106,103,103,101,111,96,102,127,139,114,114,96,73,96,98,107,101,94,133,108,108,108,138,115,105,100,79,96,129,96,96,136,100,93,117,121,144,124,114,98,98,82,91,82,103,100,100,104,112,124,144,112,114,137,106,107,100,103,87,100,92,91,96,116,146,112,100,91,93,116,97,108,143,142,96,142,105,118,144,116,118,135,96,142,130,91,103,102,102,106,121,122,146,119,117,111,100,112,96,110,92,98,93,107,129,169,150,119,101,106,96,105,112,107,110,100,129,131,131,148,123,113,119,136,100,98,100,120,142,123,120,120,118,110,122,119,129,120,120,118,120,108,112,118,123,110,96,114
146,136,152,122,118,119,127,122,122,118,127,132,138,112,134,127,113,113,107,117,123,110,115,115,111,124,110,107,121,131,108,107,92,113,113,102,117,100,101,121,135,113,118,135,113,110,108,135,127,127,120,122,123,109,114,101,127,124,112,106,116,120,110,113,90,92,115,132,102,96,105,118,107,102,107,111,124,143,126,119,130,124,119,122,109,120,103,100,118,129,135,137,124,127,121,125,122,116,116,119,106,127,138,132,142,129,127,124,139,118,130,102,112,111,103,114,128,117,117,138,121,133,146,122,149,117,114,104,101,108,134,130,143,130,108,118,123,131,112,88,110,107,105,103,94,126,130,123,116,110,117,136,104,107,107,114,100,117,107,127,117,110,115,109,106,130,134,100,110,110,107,110,129,145,116,119,139,107,101,100,118,122,120,150,115,107,100,101,110,116,129,126,132,123,141,117,140
116,97,100,131,132,125,130,128,130,134,134,129,127,125,97,104,123,125,129,128,123,124,136,125,126,130,114,119,112,125,130,123,113,111,119,106,114,113,121,119,119,120,111,116,136,124,116,114,94,122,119,113,117,121,115,117,114,122,127,118,125,123,110,114,134,125,117,119,119,129,131,120,131,119,112,108,133,124,108,112,121,103,109,116,125,130,130,124,120,121,111,91,103,115,110,115,119,130,121,131,132,126,122,115,114,110,102,117,112,105,118,114,126,127,126,114,117,106,112,108,112,120,121,119,125,123,124,122,126,116,123,106,128,115,105,108,117,120,122,122,122,126,133,129,126,118,124,117,114,110,121,122,119,104,108,126,131,132,124,134,118,112,105,114,107,113,114,121,123,131,127,133,119,131,122,123,131,141,134,122,117,112,123,105,111,131,137,134,128,118,110,113,111,110,107,108,108
120,127,129,111,111,100,105,102,98,96,103,104,126,113,118,139,123,103,108,103,114,120,107,126,134,123,130,125,109,128,115,130,123,123,125,138,124,139,121,126,126,116,107,123,108,115,119,124,148,141,130,146,124,116,123,135,112,117,107,125,119,122,130,128,130,139,125,122,130,133,108,114,102,127,129,143,151,148,139,136,134,134,127,121,106,110,110,117,121,121,126,144,144,137,118,115,106,107,107,106,106,116,120,113,125,118,131,130,123,131,110,117,100,108,104,112,117,128,125,139,138,134,139,114,135,102,104,116,97,108,127,115,148,118,123,123,116,118,106,113,107,107,108,108,127,106,98,108,118,109,120,97,109,131,109,100,116,96,97,101,108,122,135,116,111,117,121,125,106,112,111,113,120,129,111,91,121,120,101,98,100,118,113,112,117,142,121,109,107,98,94,103,113,129,109,114,98
137,96,96,111,109,118,110,115,121,117,124,117,137,117,110,116,116,113,133,121,131,125,146,139,134,139,143,135,118,126,129,136,129,138,133,125,136,133,136,143,138,142,125,128,126,150,130,132,126,129,142,134,133,139,147,145,135,128,123,155,134,138,141,136,132,138,132,134,147,148,136,123,136,144,138,139,117,126,137,139,142,146,134,143,133,117,124,143,124,130,143,159,143,147,137,133,128,119,108,122,125,140,139,136,136,128,125,147,128,146,141,139,122,121,125,141,150,147,156,148,136,134,150,156,142,128,122,120,133,136,137,142,146,130,131,123,127,118,133,152,112,121,121,136,138,122,128,123,133,131,131,138,136,143,126,120,118,137,137,145,141,140,132,141,141,129,128,131,114,125,143,129,139,136,143,146,151,150,134,132,134,119,123,118,119,138,124,127,129,129,123,123,113,123,112,116,124
104,114,109,149,145,128,134,136,133,121,126,135,112,128,129,113,109,114,134,126,133,147,125,145,149,147,149,159,116,122,112,156,152,154,146,152,162,161,151,140,111,156,123,127,116,152,156,116,148,125,149,125,152,149,154,150,128,125,121,163,154,159,154,154,145,152,170,118,160,143,123,125,121,160,163,158,132,111,152,155,121,152,145,138,119,116,119,163,151,148,144,126,143,139,150,145,146,147,120,112,124,145,109,144,143,151,155,137,155,151,140,152,120,117,125,152,152,152,163,150,152,128,133,150,118,152,126,118,116,149,120,147,119,121,158,156,146,147,131,152,119,112,123,151,150,148,138,149,151,138,149,133,149,143,121,115,127,141,141,136,146,143,154,135,149,120,115,131,128,120,126,130,116,122,120,139,112,97,119,129,137,124,126,129,119,132,124,138,141,145,145,147,131,125,133,140,128
113,124,126,115,115,114,115,114,113,114,117,111,103,120,116,126,118,122,124,123,118,123,116,127,128,130,129,131,116,120,119,127,128,127,130,131,130,129,129,127,106,130,115,119,120,129,129,112,123,109,127,123,128,132,128,131,113,116,120,129,129,129,130,131,130,131,129,114,126,122,117,116,119,128,125,127,119,103,129,128,102,127,131,120,118,118,119,125,129,128,124,115,124,126,129,128,127,126,117,117,121,124,111,127,129,127,129,121,126,126,127,126,116,120,120,124,125,125,121,124,122,104,103,127,102,127,118,121,120,127,109,122,103,118,125,127,124,125,123,124,118,121,122,122,122,124,121,127,127,121,123,117,121,120,119,120,123,122,127,118,123,123,124,119,124,119,116,120,120,118,117,117,107,111,116,124,112,109,115,113,111,115,120,113,114,113,114,113,113,108,112,114,116,110,114,117,117
106,136,132,128,126,131,131,132,128,131,136,129,132,140,127,138,123,135,139,147,140,143,136,136,145,140,143,141,113,128,133,135,135,145,125,135,143,134,132,134,123,137,121,139,145,139,140,123,135,139,145,143,142,139,139,138,136,136,143,128,137,138,139,136,127,142,130,122,134,122,135,142,142,133,139,137,116,124,121,130,121,128,121,146,130,140,144,129,142,144,146,123,125,120,137,141,141,136,132,134,145,135,121,142,142,131,134,137,135,132,142,127,133,137,146,126,141,136,149,137,130,124,136,133,121,129,128,138,150,133,119,141,114,123,132,136,142,136,134,132,132,129,149,135,124,128,142,131,143,144,142,154,133,137,136,125,150,143,149,144,138,146,152,135,136,123,124,158,149,127,147,146,117,125,128,136,143,141,149,145,145,118,134,130,130,141,144,143,139,135,134,134,121,124,130,129,122
107,129,131,111,116,122,127,127,132,127,131,136,142,124,131,130,129,128,126,126,131,124,120,129,128,126,124,128,123,128,137,134,135,135,133,133,136,141,131,127,133,129,125,128,128,130,134,120,142,138,132,124,136,136,137,133,133,125,127,143,139,139,136,138,140,138,144,123,134,120,128,125,121,141,140,137,136,131,144,140,132,141,137,137,127,122,121,143,134,134,128,128,133,134,132,131,135,145,126,127,122,133,123,139,137,141,141,129,139,132,132,133,126,125,124,126,127,129,123,115,119,126,134,133,129,142,123,121,122,134,126,132,126,122,141,145,136,137,144,154,125,121,119,146,147,139,133,149,149,135,137,126,127,127,125,123,115,129,130,135,131,117,127,116,124,120,120,136,118,130,119,129,126,119,120,127,128,132,124,123,127,113,120,118,114,121,127,120,119,125,121,118,116,115,114,114,117
108,122,125,109,125,127,123,125,125,125,125,122,96,124,115,102,119,132,130,124,122,115,121,116,112,117,123,130,125,117,125,146,128,123,120,127,117,123,116,128,112,125,119,112,123,131,131,118,127,111,124,114,122,133,116,117,105,114,110,135,124,111,117,123,109,122,123,115,111,127,118,113,116,140,123,112,117,108,123,126,112,127,123,113,119,119,111,131,132,132,131,125,127,132,119,121,121,138,114,120,107,132,114,127,126,132,125,117,117,118,116,131,116,119,109,116,121,119,119,118,122,109,102,127,110,130,117,118,107,129,113,101,97,129,105,110,108,122,124,125,117,120,108,121,111,112,110,103,110,96,100,101,131,133,127,124,109,117,114,100,106,123,119,111,107,130,124,138,130,123,118,136,109,119,127,128,122,136,124,122,127,136,119,128,133,133,125,124,125,121,117,117,123,117,120,126,125
113,145,152,137,144,152,145,152,154,148,135,149,124,125,130,147,141,124,131,122,130,135,139,131,152,125,120,126,141,142,127,124,122,114,119,142,125,132,125,98,118,113,140,152,137,109,111,120,131,116,125,125,129,121,130,131,126,154,144,118,119,136,141,124,150,151,134,125,124,135,129,154,132,127,122,125,147,129,149,131,123,132,137,109,136,148,133,123,119,120,121,107,117,124,126,122,111,109,138,144,132,119,121,111,119,119,147,137,121,140,112,121,135,141,139,146,128,131,145,141,156,129,137,134,106,128,137,144,133,117,122,109,107,123,133,116,120,115,119,138,142,144,132,103,118,110,105,117,129,140,145,128,131,158,132,142,138,121,132,114,124,166,152,141,156,122,122,136,144,140,142,131,127,107,118,140,110,111,132,133,132,152,135,144,146,135,138,134,134,135,136,137,136,141,134,141,142
146,146,139,133,128,125,114,117,122,136,125,120,127,124,131,122,143,132,146,148,131,139,122,109,105,120,139,118,108,104,136,128,115,130,112,121,127,114,122,137,126,142,110,104,135,141,138,130,126,124,131,111,128,133,138,114,120,104,128,137,128,117,106,122,100,111,114,123,136,114,120,111,130,121,131,125,104,137,128,137,132,142,126,131,127,112,123,145,144,138,137,138,136,128,130,125,139,123,118,113,123,148,134,139,139,132,115,125,136,120,142,138,120,115,124,109,117,123,129,126,116,133,140,124,143,135,117,116,128,141,139,142,141,127,136,137,144,145,134,134,126,122,127,138,130,136,130,128,124,108,123,143,125,123,123,130,120,135,127,143,129,113,117,108,116,128,128,122,129,129,109,121,129,125,122,135,135,127,139,138,141,145,137,142,126,128,141,131,130,123,140,138,150,124,148,123,138
151,103,113,129,120,124,128,128,130,135,130,137,135,124,125,104,93,125,119,106,125,132,117,119,120,120,122,129,130,130,112,135,139,126,129,135,130,125,150,144,133,124,130,129,117,126,120,135,135,143,132,128,129,119,122,124,145,131,104,126,110,144,144,137,131,127,125,134,117,128,123,136,115,128,114,118,122,150,146,147,151,121,138,128,122,147,113,118,125,117,127,141,144,134,126,115,122,109,128,139,107,102,135,98,108,116,114,109,108,94,111,118,132,122,111,114,109,98,93,101,89,124,125,107,161,128,136,116,102,103,130,108,135,136,123,121,123,111,119,115,125,120,98,100,109,103,96,101,97,118,105,91,103,110,143,127,106,91,93,101,79,87,100,94,82,133,137,108,131,113,109,104,124,122,93,90,108,121,118,136,147,122,105,129,114,111,107,123,133,135,135,149,136,133,125,119,137
142,154,142,143,149,166,154,159,156,166,167,167,146,144,161,161,147,131,120,125,120,119,135,106,104,115,111,105,151,159,148,112,97,113,113,110,105,108,108,119,135,112,149,154,154,116,112,152,124,143,103,120,117,111,108,104,136,150,152,105,115,107,114,119,123,109,113,139,114,121,144,145,144,109,110,111,120,130,108,108,134,107,101,130,152,146,149,106,112,114,114,119,121,126,125,117,127,131,161,144,152,122,143,111,114,113,106,111,111,100,115,107,141,139,150,107,118,110,109,107,110,113,125,104,144,104,156,140,152,104,137,111,138,142,107,110,126,136,140,113,160,139,152,149,125,145,140,120,112,122,117,138,123,117,156,140,152,139,113,143,126,114,109,120,105,142,147,145,148,138,154,145,122,127,125,113,149,137,152,151,152,148,148,127,152,147,140,150,139,126,132,143,147,140,132,140,138
130,133,116,131,133,131,130,133,137,137,136,149,132,155,118,128,140,156,136,141,137,141,136,122,135,136,133,139,131,140,146,144,151,137,139,130,130,123,127,120,128,138,136,130,150,140,146,130,118,117,135,127,134,141,124,137,131,128,149,136,130,121,124,142,111,106,130,121,117,151,149,127,146,134,129,117,106,118,109,118,116,113,114,142,139,132,144,139,137,123,118,120,115,117,126,124,130,137,134,120,144,130,127,129,125,131,131,127,121,121,133,136,136,123,150,140,117,125,125,117,110,109,108,118,129,133,127,120,144,139,121,120,120,127,127,128,133,129,141,124,127,122,139,133,134,137,126,126,123,130,135,133,129,137,129,126,135,145,135,131,131,132,142,148,140,126,129,136,134,127,141,135,116,116,135,145,139,140,145,137,131,140,134,114,143,154,156,144,137,135,133,139,136,125,138,135,126
136,118,119,121,112,88,97,94,89,85,90,94,116,107,126,121,108,106,111,111,123,126,104,118,133,127,131,136,122,118,111,141,133,131,122,139,134,131,129,126,137,128,117,112,110,130,129,138,119,111,133,127,129,132,137,138,120,112,100,133,128,128,126,138,127,128,140,140,132,135,117,114,106,133,129,125,118,127,128,125,134,125,124,127,113,117,110,138,128,121,121,118,126,123,126,120,118,121,118,121,108,124,138,119,118,119,130,122,123,120,116,127,116,112,105,131,118,116,124,112,119,126,132,116,124,128,116,114,103,126,141,119,122,141,119,125,124,124,125,131,121,115,108,134,134,124,113,126,131,131,131,121,122,124,127,124,110,120,126,124,121,139,134,116,120,139,140,119,117,119,116,114,134,114,108,112,114,111,104,114,124,124,116,111,115,116,108,112,117,113,106,109,113,117,113,123,109
94,104,107,102,100,104,101,103,107,114,111,108,121,120,105,116,118,114,124,126,126,126,123,127,127,114,129,140,112,117,132,142,136,135,133,133,136,134,133,130,116,135,121,110,127,147,137,115,115,111,140,122,140,137,137,149,105,114,126,152,143,137,132,142,127,129,136,114,133,141,121,110,123,147,133,128,114,115,128,135,118,135,139,132,119,108,121,137,144,141,136,136,132,139,134,139,137,142,121,111,119,142,117,137,132,140,143,123,133,134,123,143,114,115,117,129,135,133,117,106,127,125,118,140,123,140,116,110,119,149,123,134,126,115,126,145,143,149,133,137,116,110,124,138,123,144,134,135,140,127,139,124,138,121,101,109,115,135,137,120,142,127,138,128,131,117,118,125,112,106,111,123,125,129,125,126,120,119,103,96,106,127,117,90,103,116,104,101,106,103,96,103,87,97,104,112,96
125,119,107,115,106,106,107,100,98,113,113,114,140,110,111,106,109,109,137,138,125,139,137,144,143,146,152,147,110,102,120,132,134,145,143,156,150,143,148,146,126,144,113,93,120,141,141,117,140,140,160,154,147,151,154,139,122,90,112,152,148,152,147,151,140,152,152,126,134,139,116,100,112,143,140,135,130,129,155,151,128,140,144,133,122,96,104,142,141,137,120,144,146,143,149,143,135,135,114,108,110,137,119,137,137,152,150,150,150,151,129,137,117,100,114,143,144,144,126,151,139,131,128,124,132,147,110,100,107,140,124,125,117,127,147,148,130,140,128,146,115,103,103,127,136,128,127,158,152,135,144,120,119,145,119,105,100,138,148,125,125,126,125,129,123,123,120,129,116,96,110,127,121,129,120,132,122,105,98,91,96,110,118,110,104,116,114,108,112,116,120,129,137,137,122,112,125
149,146,144,128,130,131,131,134,130,128,127,139,129,122,132,143,133,125,125,130,126,125,119,126,119,115,127,126,133,133,131,125,131,129,127,131,127,131,131,128,132,125,131,132,130,123,126,131,133,133,128,127,129,125,134,126,128,130,130,121,128,126,122,127,122,130,136,130,137,136,127,134,129,127,135,141,130,133,140,135,132,143,137,122,132,133,134,118,123,128,137,134,134,135,123,128,127,127,133,132,133,123,130,136,131,133,137,137,139,140,135,131,133,135,134,127,134,136,140,140,130,130,130,142,127,129,130,137,131,131,127,131,133,129,134,134,134,126,131,126,133,134,136,124,136,126,122,131,133,129,125,132,136,131,121,132,138,130,132,127,133,131,131,131,131,130,130,125,129,133,127,133,131,135,123,133,121,130,125,127,135,133,130,135,134,129,128,128,129,129,132,132,125,130,125,130,139
141,133,132,126,129,142,145,140,133,132,144,135,125,138,133,137,136,130,137,139,136,134,139,137,129,128,136,133,143,142,132,126,135,134,126,129,141,131,127,136,128,135,138,137,139,139,137,126,143,140,139,142,136,133,123,132,133,136,141,132,146,128,121,129,138,127,127,127,136,143,129,134,150,126,139,131,132,138,132,137,124,139,137,145,143,133,151,138,144,143,150,143,138,143,138,145,145,143,142,134,149,147,131,144,142,146,139,141,152,140,149,152,142,129,147,129,148,145,142,155,141,138,142,142,133,151,138,129,143,144,132,145,128,130,142,138,154,152,156,145,138,130,146,147,143,145,143,149,138,150,148,158,158,142,138,133,148,151,138,155,152,134,136,148,139,133,134,159,142,141,144,156,125,160,162,148,152,146,148,148,152,137,139,151,151,152,156,158,154,152,161,152,155,147,156,142,152
113,137,131,124,127,132,134,134,131,127,126,133,132,113,132,120,124,112,110,104,107,117,129,123,122,115,118,124,118,127,106,127,115,117,126,128,111,123,130,126,129,112,117,117,108,108,106,121,135,135,119,138,103,105,130,132,132,117,110,118,110,124,116,109,139,144,121,124,120,139,126,116,110,125,118,124,145,129,128,114,125,119,121,109,122,120,114,114,100,100,106,112,125,117,104,97,101,96,119,124,115,102,122,110,100,105,118,145,110,147,112,126,122,114,110,146,131,134,120,137,136,132,122,126,120,115,120,117,113,129,128,115,114,124,122,113,119,107,113,128,119,118,112,109,124,106,106,119,120,127,129,118,124,152,123,117,115,125,136,126,121,152,146,140,133,119,120,134,125,125,135,126,131,123,124,133,126,108,119,128,127,138,140,129,138,127,122,126,131,130,126,133,134,141,134,146,135
108,119,118,115,114,114,117,115,113,113,114,115,122,123,116,119,124,122,125,122,121,125,120,123,117,122,125,124,117,113,124,121,122,125,126,121,124,120,119,124,109,130,121,114,124,128,126,113,122,127,124,118,123,124,119,118,120,115,123,123,125,123,122,122,120,118,121,112,119,114,116,116,119,121,123,118,115,117,123,124,115,121,127,120,117,114,119,122,123,126,125,126,123,125,125,123,119,122,118,111,119,125,114,121,124,126,121,120,124,121,122,117,118,110,118,118,123,119,114,114,118,114,113,125,115,121,118,112,119,120,111,119,115,115,122,124,122,122,118,120,117,109,121,120,117,119,121,126,123,117,123,118,116,113,113,112,120,122,122,117,121,117,117,116,117,115,114,114,122,116,122,120,110,115,118,120,119,120,119,119,118,115,119,112,115,116,123,121,120,118,112,113,111,113,108,117,111
140,130,129,115,107,109,100,115,116,116,102,104,116,118,122,119,119,133,125,128,114,113,107,93,108,106,113,124,112,106,125,143,130,127,116,109,118,107,128,102,117,127,112,111,104,136,140,127,93,94,121,98,114,125,125,118,132,116,109,132,121,120,107,119,98,96,113,130,102,117,124,119,123,128,123,122,96,113,113,119,113,114,120,125,119,136,114,125,124,130,128,91,110,110,115,114,119,127,114,137,116,117,129,136,125,117,114,113,116,100,123,124,119,139,107,117,103,117,125,102,121,119,108,134,118,123,119,137,120,124,122,119,118,126,114,121,115,123,120,109,107,136,123,109,102,125,120,107,117,97,114,121,120,107,94,131,123,132,138,123,118,134,136,100,127,125,129,96,111,122,107,120,130,98,100,112,105,108,115,117,105,120,113,135,116,111,105,111,118,119,122,122,119,120,119,113,126
125,134,129,142,139,120,127,124,119,115,115,118,117,117,138,125,123,112,125,121,122,130,121,124,127,132,136,127,136,140,120,149,146,135,133,140,135,135,133,133,110,133,131,141,122,131,140,117,124,123,127,129,127,137,136,135,125,144,127,128,133,128,115,122,126,128,132,119,144,137,124,139,127,130,141,141,131,119,123,123,119,130,128,130,132,139,129,130,130,124,125,110,120,119,120,118,125,124,137,133,131,128,116,122,118,120,116,132,130,124,135,141,133,142,129,138,136,127,124,128,144,122,114,131,120,129,132,149,134,132,117,134,125,125,126,128,132,128,126,118,140,141,132,130,138,128,115,116,119,121,123,134,135,137,145,133,131,130,133,135,135,137,137,135,127,124,123,130,134,144,137,120,115,128,126,116,116,119,110,116,119,121,137,131,141,135,119,117,127,123,124,129,134,139,135,129,135
137,123,123,117,117,118,118,120,119,122,119,120,121,123,126,125,121,123,125,128,124,124,125,125,126,125,128,123,118,128,123,117,119,124,120,124,127,126,123,131,131,125,123,127,124,126,126,129,120,129,124,118,129,130,129,125,128,128,126,128,125,128,127,126,121,125,127,129,129,121,123,128,126,126,125,124,123,123,124,124,128,126,127,127,120,128,125,123,131,128,128,118,123,122,124,126,128,130,122,126,123,124,128,125,128,130,126,124,129,126,131,129,123,127,123,121,125,123,124,120,120,126,123,122,127,126,122,129,126,124,129,124,127,129,125,126,129,129,127,124,124,128,124,124,119,126,128,125,125,129,126,128,128,127,125,129,125,127,129,125,128,127,124,127,126,128,129,127,125,122,121,127,130,126,122,127,126,126,118,119,120,128,126,117,123,126,114,115,118,116,117,117,121,119,122,127,121
123,105,104,112,117,114,115,112,112,111,113,112,128,109,107,103,110,105,115,114,119,122,113,120,115,123,121,113,105,109,114,114,108,119,117,120,123,122,121,125,127,118,107,110,118,117,123,123,130,130,119,119,121,121,124,117,116,112,122,121,121,119,115,122,112,115,124,125,131,117,120,115,121,118,123,126,120,129,120,123,135,124,122,117,113,115,116,123,122,121,125,124,124,120,116,120,119,123,111,116,114,119,127,125,119,127,123,118,127,125,130,117,114,114,117,115,132,118,119,119,115,122,131,118,129,121,108,112,116,123,133,128,133,120,123,123,122,120,119,112,108,110,117,116,121,117,116,123,123,120,118,124,118,106,108,108,113,115,116,129,123,115,120,119,115,118,120,116,109,113,112,115,134,124,122,124,128,123,111,111,106,101,109,102,112,108,111,112,117,112,114,113,116,117,110,110,110
161,155,148,147,156,144,152,155,147,142,145,146,139,126,141,155,148,141,135,132,148,128,158,148,148,133,119,129,155,152,138,130,142,128,131,129,127,129,140,144,137,123,166,159,147,119,123,139,137,137,136,140,127,119,127,122,165,165,154,127,137,129,124,124,143,147,142,146,146,142,154,167,154,139,135,158,156,142,138,130,136,129,129,143,160,162,148,131,127,122,127,129,131,124,123,127,131,119,160,164,147,122,143,138,138,134,134,158,138,145,156,148,161,160,154,142,143,142,141,155,140,149,138,137,140,130,161,158,152,138,143,149,139,138,133,122,135,135,134,125,160,161,145,125,134,119,136,136,117,138,132,168,149,149,156,155,145,143,151,162,152,147,146,164,156,140,140,145,154,145,135,162,144,156,170,160,148,141,145,150,151,126,136,151,152,144,141,144,155,158,163,163,161,164,162,133,166
138,123,131,137,145,138,138,136,134,128,135,135,117,120,128,130,117,128,126,125,106,127,123,122,133,130,126,120,136,132,119,119,130,124,126,135,127,137,136,120,131,118,126,136,123,120,122,137,125,121,130,143,127,126,143,128,138,135,123,120,130,132,146,136,150,136,141,135,120,132,120,138,119,129,130,128,133,133,129,126,128,131,132,107,126,140,127,108,121,121,119,119,124,125,126,128,119,117,128,138,129,119,136,124,122,126,139,127,122,130,116,139,124,142,131,127,133,127,135,134,151,141,134,147,137,129,128,139,126,133,133,123,123,135,128,121,127,117,133,133,132,142,131,114,126,124,125,134,135,139,136,128,134,133,146,149,129,124,132,127,141,155,151,146,152,136,135,129,128,135,130,129,140,134,132,143,119,125,133,141,146,162,135,143,128,135,129,139,139,143,143,150,156,143,152,151,146
125,127,127,127,125,126,123,124,125,125,123,125,131,128,125,129,125,130,127,130,126,128,124,127,127,125,126,127,122,124,127,126,127,127,125,127,131,131,126,125,121,130,124,123,125,126,128,119,127,127,127,125,129,128,125,128,127,124,125,123,124,124,125,125,121,125,126,120,122,122,126,123,126,124,125,125,124,124,125,126,124,128,126,129,127,122,126,127,127,128,124,124,123,126,126,127,128,127,124,122,124,128,119,126,131,126,127,125,128,121,125,124,126,122,124,118,125,119,127,125,125,121,122,123,125,126,123,122,125,119,119,123,122,126,126,129,126,125,126,125,125,123,126,125,124,122,123,126,127,124,128,123,123,125,128,124,126,122,123,123,125,124,124,122,126,126,124,133,123,127,126,126,117,126,126,122,127,126,125,123,124,124,122,128,125,127,127,124,123,124,127,127,129,125,127,125,125
117,120,126,126,126,126,127,128,125,127,125,126,116,123,121,130,128,126,129,127,113,125,120,124,115,123,126,124,125,132,131,119,123,129,130,122,124,116,115,123,111,124,133,130,127,125,124,107,119,100,130,121,127,123,124,109,127,128,127,121,125,127,138,132,107,112,114,111,104,103,131,129,126,115,112,97,105,101,124,132,107,119,116,114,128,127,127,114,115,123,127,126,129,122,121,114,118,104,129,124,129,109,109,109,119,119,114,104,116,96,111,104,132,124,131,96,100,90,89,87,89,96,94,91,106,116,133,124,123,104,113,96,102,114,100,114,108,108,110,109,128,128,124,89,96,101,103,117,113,111,97,96,102,105,135,127,127,100,105,98,92,85,91,89,84,112,112,100,134,127,129,106,110,115,102,92,105,112,123,121,123,101,112,100,126,124,113,120,125,115,103,96,89,103,91,117,109
164,137,136,139,144,143,144,141,142,146,131,139,146,127,147,132,132,124,114,117,121,119,128,103,111,103,106,106,155,148,133,117,115,100,112,108,100,102,102,119,152,93,159,151,144,106,96,148,108,134,100,106,96,103,101,118,152,156,148,113,97,103,111,101,129,116,102,142,122,133,149,156,150,109,100,109,133,139,100,98,145,102,98,123,149,152,159,112,113,96,108,123,111,109,110,111,116,104,162,155,160,111,141,107,100,98,103,131,108,137,135,127,156,156,156,129,121,124,113,131,126,148,149,124,162,118,144,149,166,119,138,129,139,135,123,97,117,117,124,106,149,146,151,112,127,110,111,103,100,127,120,140,133,129,136,142,152,116,129,142,126,119,115,151,139,139,143,141,150,146,151,134,141,155,158,146,152,141,126,129,140,128,130,142,131,121,125,139,146,143,140,150,147,159,149,124,133
143,125,125,120,121,123,129,125,129,125,134,132,149,126,130,107,131,130,117,111,131,100,128,112,104,103,96,107,123,106,112,110,100,94,96,87,101,93,92,100,119,97,130,121,111,107,96,120,84,87,97,86,103,98,92,92,115,124,121,111,107,92,93,106,100,93,103,123,96,97,113,128,123,100,100,80,91,122,104,114,130,94,96,103,109,125,122,109,110,110,107,113,101,113,104,92,103,113,125,119,130,105,136,102,96,100,94,103,104,96,104,108,114,125,126,103,102,84,80,80,87,121,111,91,120,93,112,123,128,86,131,73,116,128,88,78,85,98,89,92,106,117,122,96,77,102,104,91,85,74,71,94,112,101,94,111,128,101,103,96,85,70,73,82,84,123,127,94,120,122,127,97,132,111,104,87,117,136,127,125,120,94,109,114,100,90,113,123,123,124,119,119,93,103,106,108,93
135,136,136,137,137,137,138,140,141,138,141,142,142,144,136,135,139,141,139,142,141,140,145,142,142,141,138,139,140,136,142,142,140,140,136,138,142,140,136,135,137,136,140,135,138,138,137,138,137,135,140,144,140,142,136,142,132,136,142,142,137,138,142,142,141,139,135,136,132,138,137,135,138,142,137,133,132,138,139,140,139,133,133,138,138,134,132,139,139,140,139,137,136,140,141,139,139,139,138,131,134,141,139,140,140,139,138,137,139,135,135,135,139,132,133,139,135,135,138,136,132,133,138,133,137,139,137,133,132,136,137,132,140,133,139,137,141,139,143,144,137,134,133,146,141,140,144,139,143,144,140,139,139,142,134,130,136,145,143,142,140,142,141,137,136,134,134,138,136,138,137,138,136,139,134,136,136,135,135,134,136,140,132,130,133,134,135,133,134,133,133,134,132,135,134,136,132
96,131,136,111,123,131,131,131,133,131,127,134,122,127,122,126,127,129,127,127,133,132,138,132,141,134,122,121,133,116,126,127,127,124,127,122,120,117,120,129,117,112,131,113,127,117,119,123,132,124,133,137,132,128,129,115,123,108,119,121,126,138,134,126,131,133,131,121,132,120,130,104,121,123,124,131,123,114,127,132,118,125,135,117,125,108,119,124,127,127,118,119,124,131,129,127,122,119,124,109,119,116,116,136,125,128,128,120,127,134,113,120,126,109,118,119,121,131,134,127,129,115,120,126,117,117,122,107,116,117,117,121,109,124,123,127,123,121,109,115,123,109,111,119,121,123,116,125,127,123,116,116,107,122,124,116,114,106,108,114,112,113,109,110,104,125,123,105,127,120,118,116,111,106,125,119,121,143,144,138,135,104,118,113,129,116,141,139,132,125,119,118,120,120,118,119,116
136,131,121,123,132,125,130,125,126,129,125,124,116,116,143,123,104,114,130,126,125,124,115,124,110,125,133,126,134,123,110,123,114,116,119,118,127,125,98,114,119,134,127,116,100,135,129,131,116,128,120,105,131,115,132,126,102,118,108,137,133,121,110,116,112,119,116,129,129,114,109,114,104,127,128,123,121,125,129,133,124,137,136,126,123,120,107,129,133,136,117,134,128,149,129,127,130,123,125,111,107,145,133,136,142,132,129,118,144,118,138,131,121,109,107,128,139,136,144,135,122,112,121,138,115,134,121,107,112,131,134,142,123,132,136,139,140,138,130,121,121,109,110,118,121,130,123,113,119,115,132,131,123,116,121,112,108,120,126,133,131,115,121,114,116,133,132,128,123,121,117,123,124,112,117,124,120,127,117,139,142,134,134,121,149,136,116,124,130,132,129,124,121,119,131,147,124
101,115,101,122,123,131,128,136,135,135,136,133,137,129,119,126,123,138,134,131,140,125,135,133,122,117,123,129,131,138,118,125,115,125,121,114,126,115,116,115,122,121,135,140,127,125,126,126,103,124,110,118,119,115,127,120,132,136,137,125,126,116,106,115,117,114,114,122,107,125,143,136,138,121,129,116,116,125,109,112,126,129,128,128,145,135,128,120,120,124,118,130,108,123,119,119,124,125,139,133,127,126,126,126,121,119,107,112,125,132,132,127,142,137,135,133,137,124,114,111,112,115,122,138,125,131,146,137,135,140,121,123,119,117,131,134,135,133,138,134,143,136,129,130,135,136,134,133,130,117,129,134,118,130,133,135,125,144,142,136,130,121,117,122,126,114,119,138,142,136,134,141,119,126,143,151,149,144,133,137,137,133,131,136,120,118,126,133,143,145,138,145,133,111,129,119,124
134,134,127,109,118,131,122,123,115,119,118,119,122,117,128,117,133,125,128,126,123,121,119,115,121,126,126,124,136,114,122,127,125,126,115,127,127,117,132,119,122,122,133,122,120,127,129,127,127,126,130,122,126,128,129,116,119,122,121,125,119,126,120,119,109,119,125,125,120,114,117,124,121,122,132,124,113,119,126,125,130,124,121,117,126,122,120,124,125,130,136,131,132,129,126,124,125,119,129,122,118,122,124,120,120,123,120,115,123,123,116,123,124,126,123,118,118,114,122,123,127,118,130,117,127,120,122,129,117,126,129,119,124,127,131,130,123,116,117,114,130,130,125,117,119,118,120,123,118,116,117,111,111,115,129,123,126,109,117,113,107,120,125,119,120,127,126,119,130,115,128,118,120,107,101,123,112,121,117,122,118,133,128,119,117,131,123,122,122,123,118,110,115,105,116,127,111
141,112,114,121,118,98,107,102,107,102,106,114,109,94,121,98,92,100,101,98,109,111,102,118,122,104,130,126,131,134,108,117,125,124,134,142,126,126,123,106,125,117,119,125,108,107,120,119,152,137,140,127,129,123,127,130,110,122,102,124,140,136,125,138,134,143,142,117,124,122,100,120,102,131,138,124,123,125,135,134,125,138,132,115,94,122,103,126,130,133,138,146,142,138,130,124,115,123,121,103,100,118,126,135,134,140,139,119,142,129,120,134,104,102,93,125,140,127,129,137,124,121,117,120,112,126,107,102,91,120,127,123,114,111,132,136,127,114,121,118,112,101,88,110,120,122,118,137,134,105,124,92,106,100,98,103,100,107,108,108,104,109,108,98,87,112,115,86,100,102,98,90,109,115,97,91,73,98,100,111,116,117,106,114,122,112,107,120,124,123,125,133,131,130,124,119,114
112,117,116,113,117,107,106,107,104,104,103,106,117,110,110,122,110,111,121,117,124,115,116,130,118,126,130,126,120,126,111,125,127,128,133,130,130,129,134,123,123,135,118,128,115,129,128,122,126,118,126,126,129,119,127,132,114,130,114,129,123,128,131,127,128,123,125,121,123,131,121,131,117,129,128,118,119,121,123,133,121,129,130,122,130,130,127,133,136,132,128,122,134,127,131,133,126,129,122,135,122,134,125,127,128,137,128,128,132,126,130,134,125,142,127,128,127,119,98,109,112,120,118,125,122,134,127,146,121,135,120,116,118,121,119,128,134,130,118,128,131,144,124,122,120,126,115,128,127,117,121,116,119,113,124,138,122,122,127,122,115,116,122,115,113,118,118,115,114,115,119,123,121,111,114,114,101,106,100,104,104,104,103,104,113,113,108,100,103,104,105,107,106,121,111,106,112
123,141,135,136,139,145,140,141,141,137,136,137,140,138,144,137,138,137,136,135,136,147,148,136,141,145,136,141,126,135,134,151,146,144,143,141,136,141,143,136,121,135,132,136,139,137,140,119,140,121,136,136,130,132,131,135,140,139,138,139,130,138,144,138,139,129,134,121,131,136,144,141,139,142,126,126,134,122,139,126,118,128,127,132,145,137,143,140,135,130,126,117,131,128,127,121,113,124,139,134,143,127,118,116,122,124,126,128,122,128,129,128,142,138,143,140,128,126,128,132,126,123,117,126,120,135,139,140,145,138,116,123,115,117,134,122,126,116,123,132,138,132,145,128,126,124,118,126,127,123,128,124,126,135,136,126,146,135,133,133,135,136,128,129,127,117,120,135,145,138,152,134,125,132,136,135,134,128,145,150,143,125,143,141,141,141,143,149,145,145,139,133,135,137,132,132,142
116,138,133,144,150,155,149,152,156,151,149,142,133,154,132,128,138,155,158,161,149,156,144,154,152,158,145,154,150,138,135,132,142,155,156,158,139,155,148,145,141,154,150,146,141,141,144,147,150,139,134,135,141,147,140,152,145,148,151,144,143,134,143,130,144,134,138,134,135,149,141,148,147,129,138,124,132,126,136,129,128,142,130,122,147,135,141,134,123,135,130,150,129,130,142,137,137,133,133,139,136,143,137,136,133,136,130,130,137,135,140,138,143,143,138,136,136,143,139,125,127,116,134,141,133,140,150,151,143,126,127,128,131,132,145,142,139,141,141,141,141,149,146,127,140,134,145,145,139,129,131,133,124,121,137,156,142,132,135,123,125,131,117,121,135,137,137,144,146,144,143,138,127,116,131,137,130,132,144,148,152,149,151,147,128,131,134,134,135,145,147,141,141,140,139,133,134
144,112,114,129,128,112,116,115,111,120,116,112,117,133,123,127,113,136,143,141,141,141,116,133,139,136,145,138,119,130,129,139,143,146,148,151,145,144,141,132,132,144,116,132,121,143,151,127,149,140,138,124,154,150,146,144,118,128,125,144,152,141,146,152,127,137,154,127,131,125,121,125,125,139,147,136,134,133,143,149,134,147,142,136,118,127,123,137,146,147,142,133,145,145,156,154,152,149,119,128,127,148,128,151,156,149,150,125,151,127,146,143,118,129,119,133,145,143,143,127,138,133,128,135,128,148,118,130,122,139,129,144,139,128,148,151,149,152,149,140,119,130,133,143,141,155,154,148,149,133,143,144,137,109,119,127,129,148,144,127,144,129,132,111,126,128,129,126,111,122,114,131,130,139,126,123,115,119,119,111,111,105,107,125,106,114,116,116,108,106,109,110,115,131,115,109,111
129,103,110,114,96,89,96,92,96,87,94,96,100,101,101,124,111,111,110,121,106,112,98,105,124,108,125,112,94,105,112,106,90,113,97,103,116,109,123,110,137,110,102,102,111,116,127,135,114,140,117,97,138,129,110,122,91,96,114,123,122,120,104,108,108,107,113,136,135,135,101,106,104,118,106,116,100,119,106,110,138,117,115,150,102,102,110,117,127,114,104,118,100,111,114,124,141,137,106,106,110,124,137,116,123,119,136,117,135,136,136,128,96,100,106,132,120,120,123,113,121,134,125,120,135,129,106,106,116,127,133,125,124,135,109,121,118,119,132,128,110,107,108,124,103,130,118,107,106,110,124,116,85,140,102,98,115,123,123,105,112,120,117,112,119,133,132,142,100,94,110,97,124,111,106,114,112,130,98,94,100,137,126,131,101,124,104,97,101,107,124,121,135,138,141,131,132
117,120,126,139,137,128,133,135,135,134,129,133,127,126,117,127,121,130,128,130,128,131,121,129,134,131,130,134,125,132,129,134,135,129,132,136,132,135,133,128,120,128,124,133,130,129,129,118,135,125,133,129,130,130,129,129,120,132,132,135,130,130,132,135,130,137,128,118,130,127,126,134,131,134,131,133,127,120,134,134,124,131,131,126,125,131,131,134,132,130,134,124,130,129,129,130,129,131,128,131,132,129,119,131,132,131,138,133,131,136,134,131,130,134,131,130,131,132,134,129,131,124,123,128,123,129,129,135,129,131,120,130,128,118,133,130,132,127,126,135,130,132,134,128,133,128,127,127,135,128,133,130,127,129,124,129,133,129,133,126,130,129,129,122,129,117,116,127,133,125,121,127,121,123,128,130,126,128,131,133,132,118,123,132,119,117,126,133,133,133,134,133,132,130,130,118,129
123,137,136,125,126,135,133,133,133,133,134,132,137,136,140,138,138,121,129,135,132,130,136,135,127,134,125,120,141,134,134,128,127,124,129,129,125,137,131,140,126,119,146,138,142,131,126,124,130,127,136,141,134,124,119,121,131,138,136,133,129,129,145,134,149,143,132,126,129,127,138,139,133,134,126,130,145,136,133,134,130,125,125,135,144,137,144,134,127,129,139,139,129,132,127,127,122,118,145,138,136,128,122,119,131,132,126,140,127,133,123,119,135,135,132,123,126,134,139,145,132,142,132,135,136,115,139,135,125,121,128,130,141,129,123,119,120,122,127,122,139,131,132,118,122,119,121,127,128,139,129,127,133,135,137,130,133,126,124,127,126,135,126,144,130,131,129,146,142,123,140,138,130,144,138,139,140,134,133,142,144,159,150,135,142,149,131,139,144,145,141,141,133,135,137,160,136
125,136,139,127,116,122,126,124,126,130,124,120,126,131,122,135,132,135,126,138,107,133,125,123,132,125,125,127,103,135,145,130,136,148,120,125,131,127,134,122,128,141,109,130,141,125,131,128,108,104,131,121,118,132,134,121,122,131,127,123,125,131,129,122,122,112,122,127,124,133,125,133,127,125,128,131,117,125,124,122,113,115,128,143,132,133,126,124,131,133,121,119,117,113,131,124,143,136,116,132,125,136,129,139,134,129,128,127,124,138,143,130,126,125,125,137,138,135,133,137,126,120,116,141,133,138,117,127,133,137,122,127,120,130,133,125,140,135,142,126,111,130,120,126,123,123,134,133,127,138,122,147,133,126,137,118,106,128,130,140,128,122,121,123,130,130,132,141,120,113,127,138,126,124,128,137,134,107,119,111,107,148,150,143,142,146,113,108,110,116,119,124,131,130,130,146,147
130,114,119,120,123,123,122,123,128,130,126,127,127,132,117,121,123,134,145,141,142,150,127,147,144,143,150,154,135,128,133,148,151,150,150,149,152,151,145,134,133,148,132,126,122,132,143,126,147,138,142,136,141,136,141,150,126,127,121,142,138,139,131,139,139,139,143,130,143,146,126,124,127,140,149,138,133,132,154,145,132,152,140,140,123,124,128,138,144,141,140,136,139,148,142,135,132,131,133,126,126,133,127,135,144,139,131,129,138,129,135,130,129,129,123,135,127,137,144,142,133,123,135,136,131,134,131,124,121,128,127,137,128,130,139,146,140,140,132,134,132,129,125,144,143,140,138,139,140,132,138,128,126,114,131,130,124,132,124,127,132,131,132,122,118,128,128,122,131,116,121,119,124,127,115,126,122,101,116,112,119,113,121,133,129,127,116,114,116,114,125,127,138,140,138,120,137
121,104,104,109,112,114,114,117,117,119,115,119,118,122,121,114,117,108,106,107,109,108,114,96,97,105,98,103,117,112,109,107,100,104,101,100,101,103,93,103,122,101,120,114,110,103,106,116,121,128,100,103,106,106,98,107,116,115,113,97,101,101,107,102,108,101,104,118,106,112,118,112,112,97,100,100,122,122,102,101,121,105,101,107,120,115,114,97,101,102,101,108,102,98,106,104,107,112,118,122,116,104,117,102,100,100,101,94,98,104,101,103,117,122,115,106,101,106,105,111,104,121,124,103,114,101,115,126,119,98,121,105,117,120,104,104,104,109,113,102,121,123,123,112,113,117,116,106,109,108,96,113,121,114,118,122,122,112,106,110,107,105,100,107,107,118,118,114,110,122,124,114,120,127,112,104,107,128,118,119,115,132,126,113,124,118,122,123,120,118,114,110,104,116,104,132,111
119,112,103,98,116,147,133,131,134,141,142,131,119,114,116,85,124,121,120,115,129,133,139,121,120,123,121,111,118,97,105,107,107,123,112,123,121,127,102,119,125,114,122,109,117,118,108,126,128,130,113,121,125,107,112,120,132,114,135,114,120,119,131,119,132,121,111,126,123,123,134,122,140,103,105,117,139,123,123,109,133,117,113,123,116,115,127,116,119,122,125,135,115,113,110,104,97,102,120,116,125,113,126,96,109,112,111,110,103,123,115,115,125,116,132,124,112,128,119,124,129,126,125,109,123,100,119,118,128,100,128,129,124,121,115,110,116,119,108,118,116,112,123,113,110,107,106,104,110,127,120,108,114,120,132,100,124,105,96,104,103,106,90,118,119,124,128,92,120,98,134,94,122,110,110,96,113,122,120,134,139,139,130,113,120,116,117,132,134,141,133,133,120,125,129,131,110
152,118,119,119,119,118,118,123,121,113,113,117,127,123,124,143,133,130,122,136,121,125,117,102,122,123,123,131,117,127,130,130,119,133,126,121,138,127,121,125,151,128,118,126,124,118,120,139,135,128,113,104,118,127,129,132,114,124,130,122,121,121,118,123,100,108,123,138,133,141,123,119,126,129,132,117,118,145,114,120,147,115,113,128,118,124,126,118,118,107,117,112,112,115,110,111,107,109,121,125,132,115,141,108,110,113,117,101,108,108,101,121,115,126,133,114,109,101,116,115,109,138,140,114,129,104,130,127,138,123,135,102,138,130,109,111,116,111,118,111,127,122,143,124,110,106,107,100,119,105,119,118,123,129,122,129,145,124,123,100,110,129,131,124,131,128,126,161,124,115,131,141,139,116,118,124,121,142,135,119,122,142,130,108,129,141,128,119,121,124,126,127,126,126,132,132,121
146,148,147,140,137,144,136,130,135,132,141,144,158,130,164,145,137,126,108,108,132,125,147,111,102,115,113,92,136,129,113,87,96,94,104,102,88,86,96,131,151,96,129,120,123,88,96,132,142,158,100,126,101,94,91,87,134,122,119,92,103,98,98,90,123,103,106,128,110,100,135,128,126,96,105,114,150,160,118,104,152,108,105,103,146,123,120,115,107,113,128,146,155,124,115,111,115,111,131,138,116,109,129,105,117,106,111,138,115,109,105,101,130,129,119,108,105,118,120,114,127,134,140,109,152,110,133,134,121,101,139,130,147,130,126,113,124,113,138,104,134,133,121,133,141,133,131,119,103,122,116,107,96,100,139,127,121,107,111,128,102,119,120,121,124,120,120,130,130,152,158,134,132,130,132,126,142,106,122,138,128,146,159,143,176,168,126,140,140,136,134,136,148,168,149,152,144
109,129,129,120,122,126,122,122,124,124,127,123,121,127,124,127,131,128,126,126,127,123,131,126,120,121,123,123,125,125,132,121,120,121,124,121,123,123,120,126,121,121,127,126,132,127,123,124,118,117,123,119,125,125,121,123,129,127,131,123,124,123,121,123,118,121,123,125,121,119,134,128,132,125,125,122,121,119,128,127,121,128,129,126,126,126,127,128,127,130,128,124,126,127,129,128,129,129,125,128,126,127,125,127,128,128,126,128,130,127,125,125,128,123,127,122,128,127,129,130,130,120,120,126,116,125,129,123,129,124,124,130,120,127,126,126,125,129,129,131,129,123,126,132,131,129,128,130,128,130,126,126,128,125,132,123,127,127,128,127,126,120,122,124,124,126,126,126,132,127,126,130,123,123,129,122,123,121,127,128,127,121,122,125,128,127,127,125,125,125,123,123,124,125,125,118,125
111,112,112,125,122,109,109,107,106,108,102,104,109,109,100,113,113,115,119,115,115,119,100,125,124,121,126,129,115,119,120,124,128,131,129,134,127,132,127,122,121,125,115,110,112,127,128,122,139,135,130,126,128,126,128,132,108,108,112,125,129,130,126,129,122,124,130,118,124,122,111,108,117,130,131,127,121,115,134,126,117,125,128,120,108,109,111,122,119,121,118,124,130,130,123,123,120,121,109,113,112,121,119,119,118,118,124,116,119,118,110,124,115,116,117,122,118,124,118,118,131,122,123,121,116,124,114,116,106,125,122,117,113,118,124,128,112,116,114,120,116,120,113,124,124,126,114,120,123,113,108,103,110,101,122,119,111,100,106,105,104,109,109,102,103,119,119,110,115,126,114,103,121,112,107,111,106,124,117,117,122,89,105,119,105,102,109,115,120,116,113,106,113,115,112,96,119
115,124,123,123,130,135,136,138,142,141,140,141,151,141,139,127,127,130,136,139,134,139,137,139,138,136,142,142,140,123,126,132,134,135,134,138,139,135,141,148,144,139,140,127,130,135,135,136,130,136,145,138,141,142,147,148,140,128,133,138,138,138,135,142,138,136,145,146,145,141,138,125,131,132,133,140,129,149,132,134,146,136,135,148,140,124,130,133,135,134,135,136,139,134,134,133,135,135,139,123,132,133,136,138,139,136,145,141,137,138,146,141,138,128,134,127,135,130,129,130,139,141,143,143,150,149,137,130,135,133,134,134,141,137,138,136,137,137,140,140,138,126,135,122,126,130,132,141,132,132,135,139,140,134,138,121,129,125,126,122,130,123,124,123,129,138,139,129,130,116,122,125,132,123,129,129,134,135,130,126,124,127,131,114,123,123,125,125,123,125,122,120,122,134,123,132,127
108,135,123,115,112,114,114,115,119,116,124,116,113,124,112,116,127,123,138,137,132,136,125,144,135,136,151,155,116,114,124,140,135,151,147,142,152,151,145,131,108,149,116,117,111,145,155,108,134,124,155,136,152,150,150,156,112,118,114,145,147,141,145,146,142,146,152,112,146,148,115,117,121,144,152,143,128,103,147,145,111,150,146,128,113,120,117,133,144,147,138,131,139,151,152,151,144,141,114,117,116,140,108,147,142,152,161,148,154,147,138,147,117,121,114,149,155,156,142,135,156,110,113,150,105,143,120,113,119,147,111,140,96,115,156,163,155,149,136,147,112,113,114,137,147,142,139,154,162,156,154,130,135,129,105,109,109,140,145,132,145,147,150,132,147,115,112,116,108,110,103,117,112,118,112,126,116,106,115,111,106,93,104,109,110,103,103,111,113,110,112,107,107,104,112,102,113
149,114,124,140,144,114,127,127,126,116,110,116,124,101,107,117,107,98,105,105,131,114,136,129,129,96,112,119,115,139,105,115,113,113,122,131,133,132,123,118,145,112,125,145,111,118,115,140,141,150,149,135,127,117,132,123,119,144,108,121,135,142,132,140,137,125,126,144,144,139,103,137,111,128,134,141,140,169,145,143,164,152,142,120,109,136,118,118,127,127,134,167,156,146,135,126,122,108,129,144,129,121,147,130,135,145,130,149,140,142,120,135,113,146,126,124,142,138,148,161,118,149,162,131,148,113,117,145,118,110,147,133,152,136,127,134,140,126,132,113,121,143,115,116,130,118,108,135,122,123,119,114,135,112,116,138,117,107,106,109,121,106,109,127,124,136,143,94,107,114,121,94,139,150,125,103,109,121,111,112,117,130,123,129,103,108,120,124,135,134,138,145,148,152,150,117,132
139,122,116,127,130,127,128,132,128,126,127,128,125,118,122,117,119,114,117,119,122,118,126,127,114,122,121,125,127,122,114,119,119,121,124,121,121,114,119,126,110,123,127,123,120,124,117,122,121,128,120,125,121,123,122,118,131,125,122,122,117,121,120,122,126,120,120,120,129,122,140,127,127,117,118,123,136,120,121,120,111,122,121,119,135,128,127,126,121,123,119,133,128,121,122,122,120,120,126,129,125,122,118,125,121,123,125,139,126,132,125,123,133,127,125,128,128,125,124,129,120,114,113,122,111,120,134,125,123,121,117,123,111,128,120,118,119,119,120,120,127,126,123,115,121,121,119,118,119,122,120,120,118,121,123,131,125,123,123,134,123,117,115,127,120,130,126,116,136,131,126,124,114,123,132,127,129,117,125,127,123,114,129,124,126,121,124,130,133,133,129,128,124,121,125,118,122
103,143,149,116,118,122,126,122,129,119,126,125,133,129,118,125,130,134,133,132,138,138,138,144,141,143,140,143,124,113,129,134,133,137,129,133,137,145,140,147,120,142,128,127,127,143,130,121,135,122,138,144,135,140,143,146,123,124,128,148,134,134,137,137,141,139,130,119,132,135,116,123,121,142,132,130,120,109,135,132,115,137,134,136,119,123,119,130,131,133,127,115,120,128,133,129,135,141,121,132,124,144,120,133,137,134,137,127,137,147,139,135,125,132,126,148,131,133,125,133,129,122,112,137,116,139,126,131,133,135,116,126,115,119,134,126,130,139,135,152,122,128,128,131,122,135,128,126,139,140,141,135,136,146,120,121,129,143,148,135,139,141,136,128,130,120,120,136,126,115,128,118,115,120,124,133,119,127,124,131,134,122,124,112,109,107,127,130,124,129,118,110,118,124,110,117,113
128,129,129,154,140,122,116,122,122,119,115,115,106,103,135,146,109,137,116,115,116,118,113,103,127,122,114,114,127,136,123,127,133,107,124,138,123,142,136,107,119,120,124,137,132,121,129,133,146,138,129,134,116,126,127,142,125,136,109,130,129,122,149,132,163,149,137,125,133,133,122,138,107,125,130,120,170,133,147,147,135,133,122,126,127,132,131,126,145,137,131,137,134,140,151,147,154,142,135,133,124,141,132,141,151,136,156,143,141,161,131,125,120,132,120,141,145,145,156,159,156,150,139,134,131,137,136,131,112,142,123,149,139,131,148,149,144,141,138,156,141,137,131,163,152,158,156,133,144,142,151,141,142,156,140,144,136,148,155,142,147,163,150,146,167,135,132,139,143,140,132,138,136,154,134,132,133,144,142,132,130,178,151,152,139,161,133,131,127,136,137,132,138,148,132,150,138
133,116,117,129,120,111,116,115,113,109,113,117,112,110,126,118,115,114,111,113,111,121,106,115,122,112,117,117,120,122,118,118,120,121,120,123,119,128,124,122,84,117,121,125,120,119,119,60,120,109,124,136,118,114,122,124,111,129,117,117,121,119,129,121,133,128,122,58,119,125,112,130,114,122,121,124,120,106,120,118,94,120,115,109,116,125,117,115,116,117,118,115,118,123,118,115,115,109,126,124,117,110,65,112,114,113,118,124,112,113,108,119,117,125,114,120,119,122,123,122,135,103,94,122,94,113,118,127,111,119,73,119,98,46,120,114,118,110,108,118,116,125,118,105,117,106,105,115,118,123,124,106,112,118,114,126,115,108,114,109,114,128,129,120,122,48,50,115,116,119,110,106,79,103,104,120,102,105,123,123,125,111,119,137,123,119,123,124,123,128,132,130,131,123,127,116,133
158,135,135,135,136,131,140,136,132,132,141,140,146,142,152,147,149,135,136,139,125,136,121,125,128,119,141,143,134,143,129,137,139,134,125,142,122,133,121,136,147,127,135,141,132,122,131,136,148,136,117,145,122,137,140,141,115,133,139,133,127,127,148,127,146,152,114,135,147,139,109,133,124,140,136,138,147,145,116,122,132,131,144,136,119,127,132,117,124,128,129,140,125,123,120,131,137,130,134,131,138,128,140,135,127,124,126,127,132,131,146,133,128,134,134,122,134,138,130,146,148,145,155,134,148,125,127,136,133,135,150,150,140,127,138,132,132,140,134,124,129,125,141,128,140,141,142,128,126,135,139,125,156,129,117,121,142,125,131,122,131,127,116,130,132,129,131,134,127,127,130,124,135,147,120,118,119,133,129,126,124,118,114,145,119,119,136,131,122,124,118,110,124,141,127,111,136
123,117,115,133,132,112,114,111,110,105,103,110,108,97,128,107,96,98,111,107,109,111,108,117,124,116,116,120,118,114,96,121,124,118,124,124,118,126,125,116,108,115,117,118,98,117,120,109,128,116,131,128,124,123,130,131,115,118,96,121,126,127,127,124,125,120,132,109,118,132,107,118,94,126,125,119,128,116,122,124,110,123,121,116,111,118,96,119,124,123,122,124,132,126,127,127,124,119,116,115,101,118,110,124,125,122,125,124,123,119,114,121,111,117,100,119,122,120,119,121,129,109,110,125,110,123,115,119,100,118,111,118,108,115,119,126,118,120,120,127,114,122,97,114,121,123,123,125,120,115,120,117,126,132,117,128,105,116,120,112,117,131,132,122,123,114,113,120,112,128,113,103,109,123,112,111,103,120,107,116,122,117,117,129,107,108,100,111,122,121,115,115,114,113,115,118,127
118,132,136,132,126,118,116,117,119,123,116,115,125,121,126,134,119,128,136,125,140,138,137,127,142,127,136,144,133,134,120,146,150,133,137,138,131,140,141,133,133,135,126,127,122,136,139,140,119,124,126,137,131,131,128,133,126,128,115,130,121,122,119,141,138,133,136,135,120,141,121,125,110,132,130,118,123,132,122,126,134,124,127,120,121,122,115,128,132,122,131,137,122,128,124,127,129,136,122,124,113,130,139,129,124,130,122,126,119,114,125,124,119,124,111,122,116,117,111,112,114,129,135,114,138,137,117,123,109,120,134,124,131,136,122,126,128,136,146,135,118,124,110,131,134,133,139,138,134,129,131,127,142,122,124,128,111,125,119,127,135,126,127,129,118,136,137,121,106,118,108,119,131,129,124,131,133,126,118,120,136,134,117,124,119,115,116,120,122,123,132,133,133,128,135,134,124
120,94,97,117,127,115,120,120,121,116,112,116,106,97,124,111,101,96,102,97,112,111,130,132,115,113,110,108,117,128,115,108,118,113,111,98,114,112,110,119,127,114,121,138,120,120,113,127,128,134,119,128,124,120,117,115,127,139,122,121,118,124,116,114,116,115,122,123,136,132,131,141,121,123,126,126,118,133,110,100,130,112,100,134,120,133,121,108,114,121,125,121,109,111,114,113,106,114,130,126,125,113,123,125,120,115,100,107,115,108,119,123,122,125,124,116,110,118,126,125,107,134,130,113,126,122,127,128,111,121,130,132,136,121,109,116,106,109,109,108,118,122,116,126,109,118,123,106,110,123,110,120,109,102,117,116,124,115,100,132,112,110,107,136,125,122,125,108,107,113,119,114,124,133,136,123,128,128,116,113,105,90,112,150,109,112,116,116,116,129,129,126,129,136,125,100,132
144,111,116,111,116,113,119,107,107,118,122,119,119,113,110,122,115,119,127,127,134,114,124,132,120,116,127,115,126,125,125,105,113,131,123,127,128,126,128,121,133,125,124,121,126,125,124,123,137,135,124,124,134,127,122,118,116,124,123,125,134,130,123,125,115,129,127,120,118,110,117,120,124,131,135,123,109,140,122,125,134,131,131,121,120,117,117,113,127,132,128,131,138,133,124,124,120,125,122,120,120,131,125,137,130,127,125,123,133,122,132,122,122,117,124,127,134,131,128,126,116,136,133,134,139,129,118,120,127,134,130,126,131,118,124,127,129,128,125,131,120,118,118,124,118,126,128,136,134,134,123,128,132,120,114,115,117,134,129,128,124,117,116,117,114,118,119,117,115,118,104,132,129,139,125,122,122,126,114,110,109,109,108,120,118,107,120,113,113,111,115,117,124,122,123,111,124
126,121,118,133,130,147,152,143,144,146,144,151,140,132,147,136,122,131,137,143,147,140,136,141,145,137,142,143,145,137,135,146,144,152,147,160,145,152,152,131,125,133,146,141,139,142,151,129,147,147,152,145,149,144,147,155,138,132,138,152,152,152,147,143,143,143,159,134,147,151,134,129,139,154,156,163,127,119,144,139,126,141,137,124,132,132,135,140,145,146,151,136,134,129,137,139,138,141,139,132,141,139,135,146,133,142,147,129,138,155,150,161,139,136,141,166,148,140,147,143,160,120,134,150,127,150,128,136,136,156,129,143,122,131,155,140,138,133,145,143,125,134,133,133,162,141,139,154,136,140,137,137,145,140,144,132,133,132,148,141,143,162,150,149,165,133,129,152,124,128,135,137,132,108,133,164,147,156,140,139,133,130,133,128,119,142,137,129,132,131,134,139,139,123,128,135,119
133,133,131,132,131,130,134,135,132,134,130,133,137,144,133,129,132,137,151,143,156,149,137,147,150,151,155,152,135,122,135,152,152,152,145,149,155,148,146,150,138,149,132,126,133,156,154,136,141,141,148,136,155,149,146,146,135,127,127,146,154,142,139,147,136,140,151,133,138,145,137,125,130,152,152,133,127,148,145,147,145,146,150,161,135,119,129,149,161,151,149,149,143,151,150,154,159,160,131,124,127,152,139,163,146,151,149,143,150,145,152,163,133,125,127,152,160,148,143,147,142,147,152,152,150,162,129,119,131,155,142,151,151,130,149,154,155,156,149,150,131,122,130,150,148,154,150,147,140,149,151,149,152,136,135,122,128,152,155,152,152,141,148,139,143,133,136,135,132,132,130,145,146,142,144,139,146,139,136,140,142,130,127,134,143,132,137,143,141,140,148,145,148,131,147,137,134
119,152,147,152,155,146,149,148,150,148,146,155,146,151,152,150,151,149,141,144,152,146,149,141,139,140,141,143,149,152,150,130,128,142,137,136,139,133,132,151,181,139,152,152,149,129,131,201,142,145,134,138,141,139,127,133,146,149,145,128,133,133,133,133,134,132,131,209,140,136,152,149,146,134,130,141,141,154,138,134,159,135,136,146,152,149,142,131,138,141,136,144,142,140,142,141,142,143,146,147,143,145,199,142,143,140,138,140,140,140,142,135,148,151,144,135,143,144,143,136,132,148,148,137,145,137,150,150,146,144,191,136,145,220,135,137,141,149,146,142,149,152,138,144,143,146,151,150,143,146,136,134,130,133,148,150,137,144,135,148,138,138,124,130,132,219,217,141,145,150,147,141,176,136,133,149,141,150,144,150,155,135,142,146,139,136,139,146,152,149,145,151,154,148,147,133,151
108,109,114,115,117,113,117,117,118,120,120,118,122,115,120,119,121,115,108,113,111,112,114,104,100,110,106,108,120,123,117,101,104,108,100,102,108,105,104,111,115,112,116,125,117,107,107,108,116,123,101,102,107,106,106,105,122,120,120,102,107,100,100,102,101,100,103,110,117,112,115,120,118,103,110,108,106,120,105,104,117,110,103,113,117,124,118,107,107,109,113,117,110,104,107,109,108,108,121,121,119,110,110,108,110,109,109,110,110,107,111,110,118,121,115,105,104,104,104,104,104,118,119,105,119,110,117,123,116,109,109,110,119,107,107,110,112,111,109,105,120,118,115,109,109,109,115,108,109,113,108,115,111,106,121,116,113,108,107,115,106,100,98,108,109,107,107,111,113,118,113,109,113,125,117,111,113,127,116,118,117,114,110,109,114,117,118,117,113,112,110,114,114,114,109,114,112
152,127,120,161,152,140,143,151,145,150,139,142,146,128,149,127,113,124,110,114,128,135,132,117,127,130,109,129,142,155,122,135,128,126,125,121,117,119,122,113,142,117,140,152,130,118,117,143,137,146,129,126,111,102,116,114,161,142,122,114,100,111,117,111,134,125,113,145,111,130,144,137,116,126,116,116,150,156,129,119,151,120,119,106,137,138,127,130,115,116,128,137,122,119,111,109,119,107,136,130,122,109,126,103,114,104,114,118,96,121,102,108,140,130,128,119,100,120,128,137,131,149,137,113,145,110,138,138,113,113,138,110,133,141,133,123,124,117,113,114,137,141,126,106,123,106,122,111,115,126,126,96,113,123,147,156,133,112,112,113,100,123,120,126,132,139,140,117,135,138,131,124,142,139,119,113,128,113,122,131,135,152,151,145,152,145,138,132,129,138,137,145,154,148,138,166,151
154,148,127,126,117,137,128,135,144,152,136,144,150,143,138,137,136,134,124,123,123,136,134,102,116,134,119,118,141,144,126,136,135,124,127,142,121,129,138,149,147,119,140,148,127,119,116,138,128,149,113,139,112,125,134,129,152,148,129,114,100,124,120,121,137,137,126,137,135,154,152,147,140,127,128,140,135,142,132,121,132,122,117,137,145,143,128,131,119,106,120,130,121,118,116,109,114,110,135,145,126,114,129,97,94,103,119,135,114,119,130,140,139,144,129,156,120,115,104,126,148,148,149,125,152,135,144,138,123,136,133,135,141,133,129,115,138,123,137,133,133,144,131,135,144,115,107,100,100,115,122,148,144,151,152,149,133,127,129,135,117,114,120,143,142,134,133,154,140,122,136,134,142,146,150,148,161,160,136,136,132,117,131,132,151,139,128,132,139,140,136,131,144,148,148,124,134
156,112,102,121,131,133,121,124,131,126,119,131,131,110,114,100,106,117,106,104,128,108,117,114,109,100,112,111,118,124,110,113,111,98,107,105,101,106,97,131,133,105,123,128,121,102,105,130,123,147,107,124,116,100,109,111,121,126,123,106,108,102,102,103,116,106,107,135,123,122,108,132,120,108,110,117,130,139,107,106,132,104,102,108,121,127,119,116,108,101,113,125,115,114,100,106,105,105,114,135,120,111,134,105,94,105,109,135,100,113,117,122,120,126,122,115,113,116,113,128,125,135,127,104,134,111,120,126,115,112,136,123,140,127,116,106,114,103,101,113,121,132,115,110,131,102,96,107,109,110,105,121,114,112,121,131,118,114,110,122,110,115,117,128,113,126,131,118,120,126,127,122,139,142,129,128,127,134,110,117,120,93,129,124,108,127,119,114,124,129,126,127,119,113,119,120,126
114,152,152,144,152,147,146,152,154,159,156,148,141,147,156,156,147,145,137,134,146,129,141,137,131,131,132,125,155,149,149,116,115,125,115,124,121,120,134,133,122,137,158,150,152,129,130,121,133,133,127,130,137,124,124,134,143,149,154,123,136,121,114,123,142,138,131,121,126,136,152,149,152,126,129,127,125,123,120,126,125,136,143,149,156,152,148,136,139,141,139,136,147,132,145,145,151,152,154,144,152,147,121,135,137,149,137,138,150,143,146,154,152,150,158,128,142,152,141,146,141,119,120,147,133,149,154,155,151,146,125,154,122,132,144,143,151,151,161,142,156,158,158,152,145,156,145,145,137,145,142,146,155,152,149,152,156,139,135,127,136,131,134,139,124,132,132,154,147,150,160,137,108,134,142,132,131,134,156,155,158,162,155,164,156,139,160,155,145,155,155,156,147,133,149,147,160
124,127,136,111,96,94,94,98,96,96,90,88,92,109,104,125,107,119,111,122,115,105,81,103,117,108,117,125,96,115,114,124,122,124,117,115,119,107,119,118,137,123,100,120,106,113,117,126,96,106,110,82,116,128,131,116,94,126,107,116,118,116,104,120,82,100,114,125,122,113,96,125,116,108,115,111,88,115,82,110,135,117,124,124,90,119,103,113,117,117,125,111,89,98,104,120,118,126,100,129,104,114,125,114,108,116,114,82,120,100,119,118,91,130,107,102,102,100,113,100,90,125,131,103,116,121,96,129,115,124,133,116,133,122,101,122,117,132,121,120,106,128,131,126,88,124,124,115,126,100,136,139,113,117,111,119,130,136,123,106,129,113,115,90,119,123,125,115,100,92,86,121,131,118,105,112,102,124,98,100,113,132,106,110,102,96,98,97,90,96,93,94,100,115,111,106,107
126,124,134,135,121,120,118,119,122,121,121,112,97,136,138,131,127,118,120,128,118,120,116,117,131,123,118,128,103,113,120,117,124,125,122,108,121,113,112,90,109,132,100,110,111,131,128,123,87,88,104,93,109,125,96,127,90,111,107,125,115,111,131,113,114,108,112,125,109,131,96,106,106,108,118,98,104,96,110,119,108,118,115,123,96,116,108,112,123,131,119,109,106,112,126,130,142,140,96,111,109,127,126,131,130,119,116,106,119,105,110,120,96,106,103,116,104,106,113,84,80,94,101,104,109,125,101,117,121,113,115,101,104,128,107,110,119,127,138,137,107,117,120,131,118,135,150,119,119,113,126,109,116,123,98,118,128,137,136,109,122,131,121,103,117,130,131,135,116,118,124,119,110,87,102,106,98,109,113,117,139,151,147,130,128,108,108,122,123,124,135,139,125,116,134,136,152
132,124,114,121,122,127,117,110,111,109,114,117,130,131,124,129,127,131,117,120,137,121,136,126,101,125,119,110,143,116,122,97,100,115,112,107,117,121,110,129,123,116,141,123,118,112,116,120,134,146,118,131,134,127,126,118,140,127,126,105,120,114,119,126,144,119,125,125,143,130,134,125,121,108,121,115,135,137,114,120,128,133,128,117,133,125,120,104,109,115,120,129,113,117,121,129,122,121,135,133,120,122,125,130,130,126,134,131,133,133,132,120,141,142,129,103,125,114,107,133,119,119,117,116,119,131,138,140,127,124,122,121,124,120,116,114,119,121,127,113,143,140,114,113,112,114,120,130,130,143,118,138,136,122,135,140,109,129,115,121,136,113,114,139,107,122,125,132,141,151,116,126,121,124,135,130,136,133,123,128,127,114,148,132,118,118,128,126,131,129,133,120,124,145,138,125,149
134,124,123,139,124,113,118,118,115,117,118,119,119,127,129,126,117,126,122,124,122,115,109,120,113,120,123,124,117,134,116,124,120,118,111,118,123,118,102,125,141,130,117,124,113,128,126,131,120,133,121,106,122,121,116,119,121,128,119,122,125,109,118,120,107,112,121,129,119,108,117,127,119,118,130,117,122,144,120,118,144,119,121,123,117,131,119,112,115,119,111,116,116,124,122,120,125,126,120,130,122,123,130,115,119,112,118,112,122,115,121,123,121,127,121,118,118,116,113,110,119,154,150,123,144,123,129,125,120,115,137,119,146,124,121,118,113,128,109,115,124,121,126,110,111,120,119,115,119,115,116,117,107,117,124,121,123,115,124,108,111,113,123,109,110,124,126,110,120,129,114,117,140,136,116,112,116,120,109,116,113,100,107,131,108,107,111,116,117,113,117,122,128,139,132,101,131
80,132,144,120,121,115,109,107,111,111,115,117,113,132,126,133,127,142,147,146,138,145,142,148,143,156,143,142,113,111,139,150,155,150,155,145,144,141,143,152,122,156,110,107,125,154,155,118,144,124,143,142,154,151,148,138,134,104,116,144,151,161,159,152,145,145,152,120,152,133,125,108,118,138,143,142,149,119,149,152,123,150,151,150,118,111,112,148,148,148,136,118,140,149,150,154,150,151,112,110,111,150,116,151,154,146,152,152,154,156,156,158,116,107,111,142,145,155,144,150,160,130,132,156,126,156,114,114,116,149,120,162,133,119,155,147,152,148,149,148,114,114,116,137,139,142,146,149,143,144,147,143,152,127,138,124,120,148,146,148,148,139,141,140,149,120,118,137,124,127,126,130,120,123,128,141,137,122,127,122,128,138,121,116,114,126,137,129,123,119,120,119,120,131,120,128,116
114,144,134,149,152,138,150,147,149,147,155,152,152,134,144,121,136,116,133,127,125,133,135,122,114,122,126,123,136,135,127,120,127,120,133,127,120,110,137,147,140,123,140,154,134,132,123,141,120,126,115,121,118,123,116,117,144,152,132,121,112,128,127,128,131,112,110,133,132,109,145,147,129,111,93,120,136,136,136,124,140,123,130,132,144,137,127,132,128,129,144,139,155,135,128,134,131,127,137,140,128,123,130,119,132,128,115,123,120,122,132,116,144,151,133,118,116,125,114,118,116,130,131,107,141,118,139,149,132,122,124,137,136,131,115,123,120,122,132,124,130,150,125,130,132,133,144,127,120,113,104,131,121,102,110,148,119,129,109,140,126,92,98,125,113,134,129,126,126,121,130,150,138,146,147,122,144,131,134,142,140,131,129,129,150,135,128,129,140,140,139,135,134,134,122,125,132
116,156,167,139,147,158,156,158,149,156,154,155,142,160,156,156,142,141,143,155,133,148,126,141,116,144,146,143,149,148,134,128,126,136,150,127,127,104,126,150,124,141,149,134,149,134,124,116,124,113,123,133,120,143,133,103,124,143,149,117,124,130,138,126,111,122,115,118,105,87,145,144,152,118,112,104,110,130,126,136,113,125,144,139,147,147,150,139,140,143,166,152,147,138,138,146,162,148,147,143,152,137,136,150,147,152,142,139,143,136,144,123,145,142,147,124,138,128,122,136,114,125,119,122,143,142,155,134,156,131,124,134,131,125,132,136,139,145,148,133,145,131,149,144,127,147,152,135,134,129,120,149,144,98,131,119,152,159,150,138,152,121,116,127,132,124,118,139,144,135,149,149,123,148,142,128,140,154,149,154,156,114,134,133,126,124,135,145,143,144,141,144,132,147,162,108,123
135,108,120,114,116,122,124,117,125,119,126,126,134,128,106,103,119,128,129,128,123,132,137,134,137,131,128,134,121,101,130,136,135,131,133,133,130,135,134,131,134,129,122,105,120,123,126,137,140,136,140,135,122,126,139,140,123,109,113,139,131,132,123,126,142,138,138,137,135,145,123,107,115,137,138,143,135,138,138,126,141,128,127,122,118,105,114,121,117,118,120,127,129,123,118,116,116,118,115,105,114,120,137,131,127,126,128,140,128,136,128,135,121,111,116,136,134,144,145,133,138,139,135,131,135,125,117,110,118,135,134,134,133,134,132,122,128,115,120,121,115,116,110,113,133,110,105,123,118,127,134,132,134,128,108,113,108,132,133,138,132,137,137,133,130,135,135,122,115,110,107,130,133,125,132,126,133,135,121,121,121,127,122,120,118,117,126,115,119,126,133,130,132,130,130,127,123
126,106,122,136,125,101,113,120,119,120,110,106,125,104,115,115,98,106,100,98,117,96,115,105,110,109,97,93,111,119,97,96,113,106,101,101,97,100,113,120,128,102,110,126,115,96,100,131,115,123,111,127,104,112,108,98,108,124,111,88,100,97,123,97,115,101,107,127,104,105,112,129,121,96,104,111,114,128,110,101,141,107,97,110,132,129,115,100,100,111,121,134,113,100,125,113,125,127,118,125,114,103,137,116,120,113,116,124,115,112,119,96,128,118,119,96,109,110,124,118,112,128,133,125,133,107,122,118,123,104,134,118,137,126,112,119,116,119,116,98,121,117,113,117,111,123,134,119,105,111,102,127,100,107,121,117,118,112,116,122,104,113,120,116,113,121,121,117,112,119,128,125,134,135,132,119,133,129,117,121,119,107,102,116,118,118,110,117,116,122,121,115,118,131,115,119,113
137,137,140,135,136,138,134,138,139,138,140,138,139,136,140,138,138,136,136,137,138,132,136,133,135,136,131,129,137,139,135,134,131,134,137,140,133,133,134,132,156,130,135,140,137,135,132,173,136,137,125,128,133,133,131,132,136,140,134,133,129,138,138,138,135,136,132,173,132,132,143,141,135,137,128,132,131,143,138,137,154,140,142,133,141,137,137,131,136,138,137,140,139,137,136,135,137,134,136,140,133,135,175,135,137,139,133,136,138,138,138,135,136,141,133,135,139,133,128,131,130,147,148,138,143,139,138,136,133,141,170,138,139,173,138,138,141,139,138,138,139,138,135,135,135,134,135,137,137,131,135,134,136,128,141,135,135,136,135,139,133,129,129,131,133,172,175,127,138,128,134,140,164,139,135,139,148,144,135,133,135,124,135,136,138,126,137,137,136,141,141,137,136,146,141,133,136
144,120,119,125,118,114,111,112,112,115,114,114,119,117,130,111,116,118,120,120,118,120,119,120,121,115,116,123,124,122,117,120,116,117,120,126,120,124,120,117,137,118,125,122,117,122,116,133,124,122,114,117,116,116,116,118,133,125,119,121,115,119,120,124,123,126,118,136,126,117,125,125,118,120,115,118,129,129,123,125,135,124,124,123,129,123,124,121,121,119,122,121,124,127,125,124,123,124,122,129,122,125,136,124,124,122,122,119,121,126,125,122,128,128,124,120,117,126,120,122,123,130,129,119,126,119,129,127,127,121,132,119,127,132,123,125,124,125,119,121,125,126,127,128,124,125,126,122,127,122,121,124,125,120,127,127,127,127,118,121,127,113,116,120,116,133,135,131,119,129,124,120,133,125,125,117,123,122,116,116,122,121,122,128,123,123,119,118,117,118,123,123,128,125,128,126,123
111,122,126,132,130,117,118,123,123,123,125,126,111,120,130,123,109,119,122,124,122,126,115,114,116,117,110,114,120,130,113,125,117,113,117,110,106,109,107,103,122,120,120,129,113,115,116,139,104,113,106,113,110,123,104,111,122,130,111,110,113,110,111,110,109,108,112,139,103,113,121,126,109,109,108,109,113,105,102,111,121,110,110,117,117,124,109,109,112,109,106,107,101,107,112,117,119,126,124,127,110,113,136,121,120,113,108,100,111,114,111,107,118,125,108,110,109,116,112,118,109,111,107,117,117,123,129,124,110,109,125,106,115,156,114,116,112,124,126,114,130,124,106,122,107,124,122,115,109,101,108,105,109,112,115,123,107,121,118,109,112,124,114,116,122,155,152,116,114,125,111,112,122,112,112,109,105,100,111,114,121,117,117,131,102,113,105,117,117,122,127,124,123,117,118,108,125
151,112,109,110,113,114,113,110,113,114,114,112,123,112,112,116,112,121,120,120,112,116,114,114,115,121,115,115,113,124,109,117,116,121,119,112,116,111,117,123,128,116,117,129,110,112,115,130,116,118,113,119,121,116,119,114,116,126,114,105,113,121,115,114,109,111,111,132,123,114,114,124,113,105,106,115,120,132,114,115,123,120,120,118,117,129,112,114,112,118,118,116,117,120,121,119,120,113,122,132,113,116,129,118,120,119,120,115,116,113,120,110,111,130,115,110,117,120,116,114,117,123,118,115,125,116,119,129,114,110,129,123,119,131,115,123,117,120,121,116,124,127,114,123,118,118,124,117,128,134,124,136,122,122,116,122,113,123,119,123,122,121,117,116,118,131,131,116,106,118,117,122,132,122,117,119,124,119,110,109,112,128,121,138,125,126,116,117,116,116,123,132,133,125,131,122,126
125,134,136,137,138,126,126,124,125,126,130,129,128,130,131,130,135,138,138,135,138,130,131,126,125,123,121,123,115,132,135,127,124,121,126,122,120,119,120,122,128,125,115,127,123,116,127,120,126,135,120,131,126,128,118,119,126,128,120,115,125,122,116,121,123,124,127,121,126,125,126,129,126,127,120,124,126,120,124,121,124,126,131,133,123,129,118,121,130,125,126,135,126,126,127,127,125,130,118,130,119,121,121,126,125,130,127,125,135,128,130,130,119,136,117,125,129,124,115,122,127,120,123,127,126,134,127,134,120,132,122,126,129,120,127,132,132,133,131,125,121,134,111,131,127,131,127,131,126,127,127,130,125,141,121,133,114,133,134,125,132,133,132,134,125,121,120,114,116,130,118,126,122,131,133,128,118,119,117,117,122,107,111,121,119,118,122,120,127,127,122,121,122,121,118,115,122
123,122,135,128,129,130,135,131,133,132,134,131,134,127,129,122,122,116,123,129,129,131,128,124,121,125,122,123,131,114,116,114,107,122,122,112,120,121,113,126,123,120,128,113,123,111,111,118,109,136,121,115,123,127,128,117,127,117,116,106,117,116,117,118,115,106,114,118,132,118,119,118,115,98,112,117,115,129,114,117,127,121,120,122,126,119,118,116,122,118,132,123,115,117,128,123,125,123,127,117,120,116,119,127,130,122,117,115,128,125,127,118,127,120,123,115,120,123,135,134,118,128,136,122,131,127,121,119,117,119,122,131,133,116,122,130,130,124,132,120,127,120,119,124,120,123,130,127,125,125,125,133,126,110,120,124,119,129,122,127,129,113,105,123,125,115,115,118,116,120,119,125,124,137,130,127,133,134,131,129,131,108,120,135,121,124,122,121,127,131,142,143,148,137,150,118,146
118,140,129,124,127,134,131,133,135,133,134,127,119,128,129,141,133,128,139,134,124,139,129,145,148,142,141,148,120,123,133,147,155,146,148,155,150,154,155,133,125,152,120,125,130,154,152,133,141,129,159,145,145,146,151,143,116,128,131,155,146,155,160,156,152,152,144,132,138,142,128,128,127,154,151,140,142,129,156,155,123,151,155,137,124,130,129,146,150,149,145,130,146,147,144,147,145,138,121,126,127,147,131,142,150,151,152,146,145,143,143,141,124,124,128,145,151,148,149,146,145,117,131,149,126,139,126,128,131,152,130,146,129,133,151,146,144,148,135,145,128,132,134,134,136,141,144,150,152,140,146,136,139,138,135,129,130,141,138,135,137,139,141,124,131,134,134,134,129,123,137,135,130,126,129,135,127,114,127,118,118,138,131,130,132,130,131,123,113,117,116,121,128,126,127,131,128
130,136,125,105,110,113,116,114,118,123,124,124,127,140,129,142,140,132,119,123,125,118,134,123,111,128,136,127,125,113,134,119,121,138,114,121,134,125,125,143,134,134,125,111,130,114,110,127,113,125,128,119,124,128,129,116,124,106,124,119,121,136,132,117,117,118,116,129,135,108,121,107,131,120,121,121,124,131,113,123,118,121,136,151,117,116,124,125,125,123,111,118,109,123,136,132,125,131,114,124,120,133,125,124,133,135,118,110,129,109,134,122,116,123,119,117,121,119,119,127,105,113,127,117,125,134,112,120,120,119,123,125,124,133,101,120,124,128,143,126,110,115,127,123,100,133,144,121,120,139,110,137,141,121,128,117,118,125,108,133,123,93,101,114,107,135,131,139,127,119,123,132,114,117,119,105,119,135,136,148,142,151,133,131,137,156,137,134,124,132,126,119,120,108,124,136,125
118,134,124,164,156,161,156,165,159,152,147,148,145,130,150,134,138,123,119,123,126,126,138,135,113,109,113,121,149,145,123,135,117,112,121,113,122,125,111,116,115,117,152,152,141,124,131,125,132,129,115,131,122,120,131,145,152,148,155,136,133,118,136,128,148,135,136,119,123,156,166,142,156,128,121,121,152,128,117,122,122,120,109,119,158,139,160,126,125,126,140,137,123,120,111,114,100,117,164,146,162,120,126,114,107,119,122,128,119,121,116,133,165,144,167,130,124,121,102,110,108,117,109,125,97,116,156,146,168,142,129,128,115,118,120,112,108,108,125,117,156,134,163,124,124,110,113,118,116,122,114,123,146,145,141,122,159,141,130,119,120,122,136,133,123,117,119,151,152,152,156,151,127,108,135,131,143,123,134,156,156,138,143,148,143,150,156,160,168,170,162,165,147,141,158,144,135
120,87,84,132,124,101,104,110,115,113,119,124,115,126,89,80,84,117,133,138,130,152,123,128,118,132,142,139,105,111,114,132,141,155,148,138,152,152,140,159,115,133,118,115,117,130,142,120,134,108,127,132,138,145,144,124,104,118,110,135,128,148,150,151,134,135,142,124,147,132,116,120,101,145,154,152,129,118,158,152,117,154,151,125,116,122,117,135,135,132,135,130,147,141,124,130,127,106,110,120,110,116,113,122,139,139,123,115,130,115,121,107,121,126,109,103,126,119,117,111,114,104,115,130,103,122,114,115,106,120,114,113,113,128,142,139,125,118,115,106,117,117,102,105,112,117,111,121,117,110,107,126,108,108,109,124,107,114,118,115,125,107,119,124,117,129,126,113,105,116,109,119,123,122,128,120,113,102,114,108,105,115,93,127,109,125,110,106,112,119,122,120,122,121,130,104,129
141,129,127,132,159,160,166,160,162,159,159,156,151,133,118,128,139,141,125,133,120,125,139,109,112,128,116,100,151,132,152,87,96,116,127,118,113,113,128,146,129,116,164,144,169,109,121,140,140,161,103,114,102,105,115,91,145,142,171,100,101,123,124,113,123,106,114,134,126,106,160,142,166,115,116,133,143,143,118,106,141,96,101,129,166,139,161,118,118,112,130,133,131,108,108,105,110,93,169,136,161,109,136,105,100,100,116,130,111,121,137,108,167,138,162,112,118,124,117,114,107,137,130,125,144,112,167,145,160,121,133,116,138,130,118,108,115,103,121,102,165,141,163,103,102,97,100,115,104,139,127,151,103,120,147,140,152,119,121,155,119,129,136,152,146,136,134,152,179,147,146,147,131,152,154,146,178,158,162,169,163,138,142,140,160,171,161,175,167,165,155,147,141,127,146,138,141
124,107,100,108,106,102,104,110,112,113,104,109,112,116,106,109,106,113,129,130,130,134,108,118,119,127,128,125,119,117,114,126,123,127,134,135,132,120,121,123,111,131,118,123,108,131,128,108,116,104,131,116,130,134,129,114,107,120,113,130,124,130,137,136,118,123,136,110,122,104,116,117,121,124,121,113,120,104,137,131,109,126,117,117,106,119,115,124,119,123,122,119,123,134,125,125,121,123,116,116,115,120,108,126,125,129,127,132,130,118,120,114,117,120,111,114,123,125,117,119,117,103,109,132,100,116,116,125,109,119,108,134,114,111,123,127,117,122,113,109,115,121,114,121,117,123,117,123,122,115,114,112,112,96,118,116,111,110,107,113,118,103,110,109,101,113,111,109,113,123,112,120,110,105,118,110,103,103,107,115,122,98,106,120,112,114,108,115,123,120,116,119,113,104,117,107,109
140,123,127,118,121,125,122,121,125,126,123,124,122,123,118,120,119,121,122,129,127,133,125,126,131,130,127,126,110,110,119,128,126,129,126,125,126,124,123,126,128,124,112,110,121,123,123,135,130,127,128,120,125,127,125,117,116,106,121,123,123,125,125,124,122,126,125,133,123,122,121,108,121,123,122,127,123,126,123,125,125,128,124,129,117,109,119,125,129,129,131,127,124,124,130,129,132,131,113,108,118,123,133,128,128,128,124,127,129,124,125,122,113,110,116,119,123,127,132,130,126,125,121,127,119,125,114,112,117,124,130,131,129,138,127,129,130,132,130,125,116,111,118,127,124,131,130,131,126,129,126,128,124,120,122,113,118,124,126,132,129,129,128,130,131,138,136,123,115,113,120,124,126,118,126,133,127,125,118,116,116,120,112,110,115,121,119,119,117,116,112,115,112,111,112,117,110
100,138,131,108,127,149,149,147,144,147,155,142,126,149,132,121,146,137,148,146,148,146,163,152,127,129,142,136,148,135,145,150,143,142,128,116,141,125,124,148,118,142,146,132,148,144,139,115,135,142,134,139,138,132,132,137,143,134,152,142,144,133,115,138,120,115,133,113,145,146,156,137,156,137,152,145,142,125,131,131,119,133,129,139,135,131,144,138,128,125,135,132,137,129,121,119,118,119,139,125,146,124,111,136,127,131,129,152,134,131,135,145,143,115,147,129,139,139,123,134,128,135,131,131,132,131,137,106,140,139,125,145,133,115,127,132,119,120,118,131,122,96,120,121,134,109,114,135,125,143,129,136,152,128,108,105,121,123,126,148,135,118,136,156,131,120,118,132,127,128,134,131,118,156,152,139,154,136,148,136,127,128,123,110,140,124,142,136,131,122,117,123,128,119,123,133,117
121,120,97,144,136,120,129,122,116,112,119,137,147,138,141,100,130,125,123,119,134,109,147,131,127,126,125,109,158,115,131,117,115,109,102,104,105,103,122,117,127,108,161,115,142,103,110,130,112,165,110,131,118,110,122,111,134,127,138,112,112,128,114,101,123,117,116,137,144,129,141,125,147,123,127,122,118,131,109,109,137,111,106,137,148,123,147,122,113,106,116,129,111,120,109,116,119,112,146,120,148,116,135,126,113,109,120,142,115,140,152,122,145,116,145,118,129,125,100,119,109,131,144,128,160,133,152,119,144,125,133,126,134,132,106,96,110,122,135,117,147,121,136,115,127,122,111,106,92,110,107,139,107,116,128,133,139,121,124,135,117,114,124,133,124,134,135,144,142,138,138,133,132,155,156,140,144,147,134,136,143,144,147,139,140,130,149,137,149,140,142,152,152,140,144,147,147
117,130,122,136,134,125,138,146,142,133,133,133,127,124,122,143,133,121,130,133,122,136,137,138,140,128,143,156,114,139,125,141,147,151,135,152,147,137,134,139,136,146,122,147,121,141,129,131,163,151,138,134,130,125,137,142,123,139,132,138,144,143,129,133,135,150,136,137,127,139,136,135,130,155,148,129,134,129,143,139,122,135,140,146,118,126,134,130,130,139,124,148,152,145,128,124,125,127,128,126,140,138,129,137,142,125,126,124,133,140,149,138,131,134,139,151,127,146,122,130,134,132,133,136,139,127,125,143,134,146,122,134,132,133,137,123,144,131,136,123,134,136,146,132,118,122,122,127,128,136,131,135,143,131,120,122,148,143,133,150,137,133,136,141,131,136,133,140,121,126,132,137,127,136,135,125,143,124,128,129,133,125,117,108,119,132,132,142,122,117,114,109,106,113,107,124,109
120,138,145,145,141,154,156,156,156,159,158,150,122,151,132,142,138,154,152,152,150,138,144,148,135,142,151,146,145,139,141,134,139,149,143,135,142,139,156,150,119,156,144,142,138,150,151,119,133,118,138,123,152,148,143,133,139,140,145,137,152,144,137,141,120,120,143,121,137,131,141,139,151,136,144,140,115,110,141,152,119,147,151,144,146,139,149,140,147,151,149,120,147,140,143,140,142,154,146,140,152,141,123,152,143,150,132,126,149,131,143,135,148,141,149,127,141,128,122,121,123,110,113,142,115,140,154,142,147,150,120,130,115,124,140,142,152,138,135,139,142,133,158,131,131,139,136,152,150,130,135,138,141,108,121,137,158,133,150,128,136,125,129,118,127,124,124,129,145,136,132,134,119,137,139,139,131,132,150,152,144,122,133,132,138,121,142,154,148,137,130,129,130,130,130,127,133
107,126,120,125,126,122,119,122,122,125,122,125,129,125,123,123,124,119,119,120,113,118,124,129,126,120,128,128,117,127,120,123,127,126,121,126,128,126,126,118,118,130,112,123,113,133,132,118,119,112,124,111,122,122,123,123,121,123,111,133,128,125,121,125,119,128,126,119,114,118,118,124,113,135,129,118,110,116,124,126,118,125,126,118,118,129,113,131,135,132,129,130,131,127,128,131,133,129,117,126,109,128,119,122,127,128,116,114,121,112,117,124,112,121,106,118,118,115,126,112,117,121,114,120,124,129,112,123,114,119,121,116,115,122,120,130,122,127,126,124,118,121,111,129,126,122,124,129,124,122,121,111,112,117,125,118,110,119,119,119,116,118,119,115,119,122,121,112,115,125,127,115,122,132,117,111,116,118,112,117,121,133,136,120,134,129,111,114,115,118,122,123,120,131,117,137,127
128,166,145,134,142,147,151,154,152,150,151,147,144,127,135,161,134,121,129,128,136,126,158,141,124,135,123,116,150,156,132,115,105,130,134,120,124,118,128,172,132,113,154,152,154,134,111,134,147,126,123,136,130,140,131,116,159,143,148,122,109,139,152,131,118,123,107,133,139,114,155,141,155,125,108,128,144,126,139,143,127,137,135,127,161,137,152,127,122,140,141,149,137,143,138,139,139,137,152,132,155,121,127,133,127,127,122,133,119,127,140,114,149,131,150,116,103,121,107,122,107,122,125,116,139,127,159,131,142,118,113,125,124,127,122,124,112,129,137,128,152,132,143,124,127,134,137,141,136,148,118,134,122,143,146,139,142,138,136,128,138,114,128,139,119,131,128,135,143,123,145,150,129,151,159,152,143,147,145,147,142,150,148,128,152,149,143,151,150,151,140,139,127,119,126,163,126
106,114,108,112,108,109,100,100,104,105,104,101,121,119,97,114,114,126,114,117,141,128,126,135,129,132,130,123,119,119,128,130,130,142,141,129,135,136,128,151,126,138,119,103,122,133,129,123,145,159,145,150,148,145,139,142,137,106,118,143,140,150,144,150,132,131,141,129,151,136,140,102,118,146,137,160,148,141,140,137,122,141,146,149,128,112,110,133,140,137,148,142,136,144,135,142,133,131,119,110,107,137,122,133,138,140,138,148,139,147,120,134,126,106,112,146,145,148,149,150,135,124,132,149,134,124,119,106,119,139,116,146,139,122,131,137,125,129,123,126,113,101,113,134,134,132,127,133,137,144,131,124,126,138,128,107,112,124,136,128,135,146,141,138,145,122,121,114,128,127,116,120,116,115,119,129,128,111,116,117,113,109,125,134,120,117,128,118,124,123,127,121,116,116,118,108,146
116,123,122,125,122,121,126,125,126,124,122,127,139,119,118,126,123,113,113,118,117,113,122,114,113,118,117,119,124,132,124,116,118,118,118,115,119,115,118,120,154,117,127,125,128,113,116,168,113,128,116,116,110,113,115,118,127,125,131,114,112,111,115,116,120,113,112,175,113,119,126,128,131,109,116,115,125,150,113,111,149,112,106,113,133,126,133,113,111,105,100,127,115,115,111,107,108,108,132,125,132,111,168,111,112,111,106,115,107,114,111,113,131,131,134,113,117,114,113,127,118,144,145,121,149,115,131,128,127,119,162,116,152,189,115,114,113,112,117,113,131,127,131,109,109,116,114,116,113,113,111,108,117,118,128,121,129,116,113,119,117,116,117,125,118,189,185,117,125,124,129,120,155,135,127,124,130,135,128,130,129,121,122,129,121,125,122,127,124,129,128,127,126,136,125,125,132
119,119,111,93,100,114,109,118,117,120,118,122,112,141,110,108,129,130,140,137,131,134,117,124,124,140,137,123,100,84,122,116,122,125,120,124,125,119,110,128,110,124,92,79,108,120,123,113,136,128,125,131,132,130,128,112,100,84,115,122,139,137,127,129,115,125,122,117,141,111,97,88,119,121,132,139,134,127,122,128,112,136,126,126,98,93,117,119,124,131,121,125,133,125,128,127,117,117,83,89,108,116,112,130,125,133,131,135,135,112,131,112,89,91,110,111,131,125,125,118,119,129,125,135,108,120,84,90,109,125,113,118,119,120,116,114,125,117,111,100,82,92,105,111,117,116,101,123,122,111,112,129,112,103,97,100,109,112,116,127,132,113,122,113,109,120,112,107,90,110,117,111,113,112,120,119,107,111,102,101,85,117,96,102,105,103,117,110,100,96,102,106,116,126,114,98,96
129,139,137,152,151,129,132,130,130,133,129,133,142,135,144,133,129,130,141,145,130,140,127,137,139,137,141,143,143,136,131,149,140,145,143,143,145,154,132,128,121,148,142,130,132,146,145,127,123,114,147,134,143,147,144,142,133,129,130,144,148,146,143,144,137,130,145,123,143,133,131,131,131,138,146,137,118,124,136,144,125,138,135,138,138,130,126,142,138,138,138,117,125,133,139,138,136,143,141,135,126,139,120,138,145,135,147,131,136,132,131,136,137,137,134,137,143,122,139,126,136,122,123,124,126,142,134,140,134,131,126,129,131,123,133,139,139,144,137,148,139,137,132,137,134,138,143,147,150,145,148,135,136,120,131,131,131,138,135,131,140,124,128,119,120,124,123,140,137,139,132,130,124,115,113,122,130,139,128,131,141,126,139,130,131,132,126,128,135,137,135,136,127,113,130,130,136
129,128,125,115,120,126,127,124,126,125,126,125,121,127,127,127,124,124,121,125,123,125,124,119,119,122,123,123,124,120,121,122,120,121,124,124,120,122,117,118,122,119,123,119,123,118,120,123,122,120,119,117,118,121,119,120,125,118,121,120,118,119,121,121,118,123,122,123,116,118,121,118,122,119,119,119,117,123,119,117,122,121,125,125,124,119,122,123,122,120,118,115,116,119,120,120,122,123,121,119,124,120,123,121,121,120,122,118,122,123,119,124,122,118,123,124,119,121,123,122,124,128,121,118,125,121,119,118,125,122,122,119,125,124,121,122,118,121,122,120,118,118,121,124,120,123,124,124,123,123,122,121,124,128,124,119,121,123,123,122,126,128,129,127,130,124,124,122,120,118,121,123,125,129,130,127,125,122,123,119,117,117,122,119,122,120,119,117,116,117,119,116,118,119,118,117,120
130,143,156,126,124,122,117,125,130,121,127,124,141,125,145,122,132,110,116,118,100,110,127,118,96,110,116,122,124,117,113,101,103,113,100,96,111,98,93,118,147,117,126,126,117,121,107,135,92,103,105,101,104,106,96,104,117,117,109,108,111,115,125,102,107,102,100,136,115,100,103,107,104,107,97,105,102,135,100,108,132,112,119,122,123,106,106,109,104,126,101,127,119,128,134,118,135,128,119,104,110,126,135,113,120,114,110,117,110,113,136,106,121,114,116,97,113,131,139,107,98,132,134,119,132,120,127,129,123,108,125,114,141,127,121,124,135,124,124,132,122,137,122,134,138,122,122,121,115,110,117,116,128,118,134,127,128,132,124,121,115,101,96,105,101,129,130,111,128,137,145,120,127,130,102,96,104,97,110,110,110,125,129,117,132,112,98,111,110,112,122,127,119,135,127,131,116
136,142,135,141,156,142,150,144,135,124,134,147,146,109,146,134,126,109,110,112,125,112,137,120,105,111,107,107,151,143,127,103,100,103,113,97,111,106,97,121,128,105,150,144,137,114,105,126,118,127,109,106,108,96,100,100,151,149,142,97,101,104,106,111,100,88,93,119,107,108,137,152,142,98,94,100,110,119,109,107,126,106,107,108,150,148,152,110,111,108,114,133,122,122,121,113,115,107,147,148,149,119,127,108,114,111,97,115,111,111,119,111,144,145,145,109,118,105,104,131,103,116,127,104,126,106,148,144,143,112,129,123,134,123,105,107,114,120,125,104,150,147,143,119,123,127,122,113,108,125,105,115,111,110,142,142,149,104,100,136,119,98,102,131,103,123,125,109,134,146,156,115,118,136,136,114,131,124,130,139,135,128,144,114,140,134,133,145,142,138,134,129,118,137,120,137,122
113,132,136,139,133,130,133,131,131,133,133,136,126,136,128,138,131,130,126,122,122,128,127,121,127,131,123,123,130,129,133,125,128,122,126,130,120,122,131,125,130,123,133,127,131,121,125,123,143,124,129,127,127,128,118,114,138,129,129,123,126,129,125,126,120,130,133,126,122,119,136,128,131,120,120,127,132,122,141,131,132,128,129,116,135,127,130,121,129,129,134,125,135,131,130,127,125,128,128,124,127,122,125,130,133,132,140,130,127,137,122,122,130,122,121,130,128,141,140,129,131,129,136,129,125,125,126,119,124,126,127,128,130,124,132,131,128,126,126,124,127,122,122,130,130,131,135,141,133,139,132,117,132,123,125,124,125,137,132,123,130,127,126,129,129,124,123,119,125,137,133,127,126,140,128,126,119,124,123,130,133,137,136,121,135,132,129,129,124,122,123,124,124,135,126,124,120
136,156,166,122,148,129,130,131,129,122,128,123,132,125,133,150,139,105,129,137,123,136,113,115,107,123,130,124,129,141,141,125,123,127,136,125,130,128,120,137,145,138,129,139,135,127,125,140,126,116,129,116,139,133,135,126,115,133,138,121,126,123,136,132,126,114,122,132,134,139,123,138,135,121,125,111,111,127,130,131,146,126,133,122,129,141,135,127,125,134,131,140,134,149,137,124,120,117,136,130,134,120,132,108,119,121,108,115,120,108,124,111,128,136,136,115,120,112,104,117,123,123,137,119,141,118,121,136,124,107,130,132,131,130,116,117,117,115,112,105,128,122,140,98,113,119,107,110,106,100,97,82,97,96,109,104,131,76,87,88,83,80,89,96,80,126,127,96,125,119,123,83,128,89,85,71,80,94,117,131,130,103,109,130,123,98,113,131,129,131,137,138,131,120,124,89,128
119,126,138,117,119,113,115,107,100,103,112,114,104,113,111,136,112,116,117,113,117,108,122,124,124,118,111,130,108,144,109,126,138,118,120,121,118,117,130,98,124,124,108,143,123,115,114,117,121,113,117,128,127,131,136,136,96,147,118,119,123,116,119,121,114,131,122,120,123,146,115,141,119,125,123,125,117,121,121,125,128,128,126,125,121,145,119,128,126,127,115,132,129,120,126,131,135,135,115,144,120,117,115,121,117,133,121,124,116,117,116,129,114,147,127,125,125,116,118,116,102,114,119,133,119,124,125,144,127,125,130,117,124,120,120,127,124,133,141,136,124,146,122,131,143,137,124,128,129,124,126,141,142,142,116,147,120,131,131,125,130,124,122,120,124,125,126,135,110,141,126,130,127,140,129,124,111,131,117,115,122,123,112,106,126,126,116,107,102,104,106,107,111,110,116,117,112
158,116,102,138,136,120,128,132,127,119,117,129,145,111,135,106,106,101,90,101,113,102,112,104,105,97,90,91,146,136,100,100,94,90,91,111,101,111,113,100,149,89,146,142,114,87,100,151,126,141,116,120,102,100,100,104,140,152,124,102,102,91,116,100,121,117,115,154,114,111,117,143,122,102,100,118,130,165,112,102,161,106,92,105,132,150,132,105,100,91,114,121,112,96,97,104,94,109,144,150,136,94,155,103,101,101,125,131,112,119,113,118,138,147,139,113,101,108,116,124,131,156,147,105,151,111,140,147,138,104,154,119,141,149,109,101,102,101,103,113,140,145,142,117,118,110,110,120,108,111,107,131,122,127,154,140,151,110,109,123,124,128,125,136,126,148,148,145,130,138,131,125,149,156,142,126,137,143,137,138,130,163,151,127,137,134,140,142,138,140,135,139,127,138,120,160,132
119,134,130,82,97,120,118,114,116,120,123,111,109,132,108,131,132,135,133,133,132,124,105,113,97,122,113,104,120,106,128,100,103,110,112,97,117,108,97,98,110,118,111,100,119,118,116,112,114,108,110,79,113,109,104,94,86,96,112,105,120,105,110,108,81,91,108,115,109,88,90,100,111,100,112,101,91,117,109,120,118,121,111,113,107,100,118,109,127,134,130,104,111,121,132,129,132,133,114,102,123,134,122,133,129,141,135,109,144,113,137,116,113,118,131,123,133,122,127,118,120,128,134,124,125,133,109,123,133,138,123,140,138,121,138,147,151,160,140,142,119,120,142,139,125,151,147,140,152,142,147,160,147,129,115,119,145,158,152,145,158,131,129,134,146,122,122,144,137,116,129,154,140,132,139,145,132,152,149,139,142,133,142,134,143,142,145,140,127,121,125,121,123,121,128,140,130
102,112,115,115,107,116,114,113,118,125,128,125,129,132,107,104,126,130,147,142,145,140,150,142,125,141,148,137,102,107,129,132,137,150,131,128,145,122,130,139,117,152,105,91,127,147,148,117,122,140,141,127,143,145,140,130,114,96,123,134,147,136,117,133,116,119,137,116,136,125,130,100,136,133,149,130,123,118,139,142,110,141,139,145,123,105,131,152,148,148,135,150,137,149,150,143,139,143,106,103,130,160,119,149,152,150,132,132,149,139,151,160,121,108,121,120,139,145,135,135,139,107,113,141,112,141,121,102,123,138,116,147,118,121,136,145,150,143,133,129,108,107,118,141,136,141,134,131,129,123,135,138,139,107,108,109,117,130,133,139,143,116,119,134,135,120,118,135,127,123,122,137,106,111,150,135,137,113,122,110,108,101,103,94,103,114,128,116,107,100,96,106,110,96,98,107,107
118,119,130,110,118,140,131,130,128,128,125,125,139,130,102,125,132,152,133,146,137,128,136,126,132,130,121,126,112,122,139,114,126,135,134,136,131,120,141,139,121,129,116,106,133,133,131,133,127,116,116,118,124,130,132,113,121,105,132,124,115,134,131,133,131,116,120,128,127,123,124,109,129,121,127,135,125,145,125,122,121,122,124,128,114,109,122,132,139,139,144,148,134,124,130,132,136,131,111,112,123,137,132,129,126,124,120,125,122,123,117,126,112,109,119,127,114,119,105,115,113,123,139,133,132,126,110,111,128,133,123,115,124,126,119,121,126,133,132,130,108,116,123,143,112,141,143,132,132,118,131,133,127,107,110,131,125,139,121,126,122,109,112,115,120,127,127,138,126,129,132,134,117,108,125,128,143,139,133,125,120,125,127,124,128,123,140,132,123,120,109,117,110,113,100,138,122
102,119,119,119,121,131,130,124,127,123,129,127,129,120,133,109,111,115,112,113,130,109,130,124,123,118,115,121,127,120,115,115,120,121,111,116,113,111,114,110,130,112,127,119,126,111,119,124,134,140,116,127,124,113,128,119,130,125,123,124,121,123,118,113,131,134,120,123,121,130,129,127,129,122,128,130,126,135,122,117,134,125,122,122,134,126,123,125,121,117,123,126,119,113,119,112,112,119,132,131,122,112,121,118,118,120,117,127,121,125,125,121,133,124,122,124,118,122,128,142,122,136,146,130,139,117,133,125,116,120,132,129,139,120,122,118,133,117,122,122,135,126,120,125,129,120,113,127,122,115,129,131,125,121,143,129,119,123,125,130,125,128,120,123,122,117,121,128,136,129,135,133,129,139,138,130,132,126,131,136,129,140,151,141,139,145,136,137,134,137,142,142,151,145,154,146,149
130,147,144,131,140,136,138,144,144,143,134,138,143,133,136,142,132,145,148,149,143,140,139,132,144,138,126,134,114,144,149,151,152,143,143,146,156,141,142,134,118,140,114,129,140,150,149,118,142,141,145,133,140,142,126,129,122,123,138,149,138,132,141,144,128,126,136,117,124,124,121,117,136,142,142,115,120,123,127,129,120,120,122,139,116,120,131,140,130,130,137,125,143,131,137,132,137,131,123,121,136,142,119,143,144,137,147,148,142,132,146,133,120,120,125,138,150,128,135,135,132,126,136,132,127,136,113,115,129,137,125,142,120,118,122,129,140,136,139,138,117,116,138,125,126,133,127,134,130,135,133,151,146,129,113,113,135,148,155,146,144,147,142,131,148,118,116,135,126,119,118,142,112,133,150,138,144,130,125,121,117,139,121,113,131,128,128,132,122,111,110,111,115,119,110,130,111
119,105,110,109,96,115,113,116,115,115,124,113,117,146,100,129,134,141,133,137,136,142,127,121,138,143,134,141,128,122,131,148,135,137,134,136,137,137,135,116,102,141,128,126,132,142,146,125,131,114,134,124,138,149,123,146,114,128,140,143,128,133,138,137,130,126,141,122,131,139,128,129,137,140,132,136,126,107,132,138,112,135,128,137,121,121,135,140,139,139,142,112,126,129,136,139,134,132,124,121,137,139,117,127,130,129,138,114,134,122,116,135,123,121,131,131,114,132,127,124,145,120,106,113,100,128,119,124,143,135,110,122,97,124,130,137,126,124,126,121,121,116,134,146,123,132,128,134,143,144,133,121,118,122,100,113,127,138,131,111,132,141,145,139,143,125,120,128,119,111,127,132,108,93,110,119,125,119,126,123,116,119,132,140,128,126,131,131,123,119,133,132,140,127,130,142,145
109,118,115,129,125,119,121,122,119,123,116,118,132,118,131,118,119,117,119,118,128,117,122,123,125,125,123,127,132,133,118,130,132,129,132,125,127,128,130,133,127,126,133,130,118,128,125,125,133,136,122,123,127,124,126,128,137,133,117,129,123,129,116,135,123,119,127,125,126,134,126,131,124,132,127,132,131,132,120,123,128,120,119,124,129,133,124,128,124,124,127,134,127,126,120,120,116,119,135,134,124,126,123,120,117,121,119,119,121,124,117,124,135,134,125,125,122,120,120,116,120,128,132,126,132,119,135,132,117,126,128,118,139,122,114,122,122,118,123,124,133,131,120,124,122,122,127,123,121,117,122,131,129,123,125,128,127,127,122,127,125,128,131,134,128,122,123,129,128,127,134,128,127,135,138,130,135,136,128,133,144,133,126,127,136,127,120,132,142,135,129,129,122,130,127,127,132
119,121,120,117,116,121,117,118,120,121,118,122,131,122,119,122,127,122,120,118,116,116,121,117,118,115,113,119,126,122,126,117,121,115,115,115,113,119,118,114,129,117,129,118,122,116,118,130,119,126,115,114,111,109,111,119,128,122,125,124,116,118,117,116,121,115,113,130,117,117,128,121,128,119,123,120,124,131,118,117,130,119,120,118,125,122,128,117,116,115,109,113,116,115,114,111,114,117,126,123,127,117,128,117,116,111,113,117,114,120,117,118,126,122,126,121,123,116,120,123,120,131,130,121,127,112,123,125,126,120,129,114,136,128,119,111,115,110,112,111,124,123,125,117,119,115,116,111,108,118,117,117,118,121,126,119,129,121,122,126,118,126,121,126,123,127,127,122,131,120,130,123,131,128,129,126,135,132,125,125,124,124,129,128,128,126,126,129,126,128,128,127,126,117,129,129,124
130,149,149,139,130,124,117,113,107,117,120,117,124,114,126,143,135,115,108,110,126,123,118,118,125,117,121,111,126,120,133,118,114,117,118,121,123,124,114,119,132,114,125,119,129,111,108,128,122,126,122,126,126,125,129,138,141,112,130,120,129,119,130,128,130,120,131,137,136,133,137,112,135,122,125,130,135,146,129,114,125,128,119,128,126,121,127,128,114,111,112,114,107,107,130,121,114,117,119,130,125,118,130,101,111,121,125,104,119,112,104,122,119,125,130,145,128,111,134,130,131,126,128,109,117,115,130,132,134,119,133,120,122,133,121,128,121,116,119,135,125,130,130,138,149,128,117,125,137,140,131,106,102,110,128,130,132,116,109,117,107,111,106,114,105,128,129,106,116,134,128,107,125,118,100,108,117,117,109,107,112,92,101,126,112,120,118,109,114,111,113,106,115,114,118,110,126
139,124,118,139,150,138,141,130,132,126,134,143,129,133,125,114,116,121,136,139,117,124,131,130,113,123,118,117,141,112,111,127,129,118,119,122,114,113,112,105,123,121,126,113,110,125,131,127,131,105,128,142,134,130,122,133,131,117,114,115,130,127,138,127,116,112,113,125,128,129,133,114,125,119,117,121,127,140,132,132,128,122,126,138,115,120,117,138,139,137,131,111,120,127,135,128,118,135,117,129,113,132,124,128,132,122,121,128,122,106,124,122,122,134,117,115,110,116,134,125,122,120,124,111,119,119,127,139,116,120,124,133,124,128,121,124,125,125,126,132,121,142,106,133,135,130,131,127,127,128,128,123,122,116,102,136,109,123,135,132,128,123,134,131,132,127,123,127,117,142,132,129,133,129,141,128,125,142,145,142,142,135,121,142,117,143,141,137,147,156,155,154,136,135,146,137,136
121,143,150,127,128,129,132,130,131,129,128,134,132,144,110,148,138,145,152,152,143,149,143,136,140,142,143,139,132,147,149,137,151,145,142,136,145,135,131,135,130,143,136,147,149,145,147,129,129,136,141,126,143,142,139,137,132,146,145,136,143,130,120,144,122,122,145,126,142,130,136,151,139,132,141,131,119,119,123,127,127,126,130,161,136,145,138,139,144,140,134,132,130,135,139,143,145,146,135,140,140,149,131,139,144,138,137,131,145,122,143,134,133,139,134,130,136,129,130,121,119,117,121,133,131,136,132,138,138,138,127,129,126,124,122,126,126,139,148,140,134,141,138,139,130,133,138,132,124,129,131,128,127,127,127,143,140,141,129,139,127,123,116,120,123,124,124,144,140,114,130,150,128,123,135,129,145,149,144,138,131,127,127,119,125,136,138,144,130,128,122,122,120,117,126,115,125
123,127,125,128,130,123,129,127,124,124,123,122,115,122,126,132,129,127,123,124,121,125,126,115,118,123,116,114,127,130,127,116,110,120,112,110,120,115,116,121,111,115,124,131,124,119,118,113,123,110,113,113,117,121,123,111,119,128,126,112,109,113,117,112,110,112,115,112,123,126,118,125,123,114,121,117,115,112,111,113,114,118,111,123,123,129,124,115,116,112,112,109,111,112,120,120,124,120,127,125,126,121,110,119,119,115,121,118,120,122,121,123,122,125,129,121,117,121,128,129,122,121,115,123,121,119,123,128,135,120,111,118,107,114,120,120,122,120,123,121,124,130,134,122,116,122,125,118,121,127,128,136,124,130,123,127,128,122,124,129,131,128,123,128,128,115,114,131,121,123,123,127,111,122,125,128,130,128,126,129,135,134,130,132,128,133,128,128,131,132,132,135,133,133,138,133,136
125,127,136,152,136,137,132,130,130,134,133,131,129,131,124,121,121,131,134,129,132,127,124,128,126,134,129,121,106,131,126,128,128,127,119,133,122,115,129,119,114,119,106,127,123,126,127,129,120,104,111,108,119,124,121,100,108,123,125,125,117,126,128,122,106,113,115,126,113,101,106,119,112,127,117,118,108,110,131,134,120,129,120,127,112,119,118,126,130,134,126,121,125,132,125,128,133,125,104,124,120,139,129,130,128,124,134,123,121,126,129,116,107,124,119,123,119,112,113,111,106,116,114,120,122,135,106,124,126,130,127,113,117,129,130,132,120,137,127,137,106,124,116,120,118,124,134,132,125,123,119,126,132,118,101,119,115,136,120,120,126,103,110,117,107,129,129,132,115,139,126,125,119,115,128,133,130,140,138,137,136,124,127,149,114,133,130,132,139,150,147,140,143,147,138,116,141
138,119,123,128,128,127,127,127,124,118,120,128,135,122,107,118,121,139,152,136,152,147,149,152,146,147,151,149,108,116,124,147,151,148,146,140,152,149,144,136,120,148,108,116,126,146,144,127,136,130,154,156,148,144,147,159,113,120,122,149,148,140,149,145,146,143,147,126,154,158,116,120,124,147,151,143,135,115,144,144,124,144,142,132,117,119,126,152,144,137,139,144,135,145,146,139,138,130,112,121,124,139,127,135,133,139,137,147,137,139,136,145,114,123,124,148,143,143,142,144,148,126,124,145,121,143,118,124,130,141,127,142,129,129,140,138,143,134,132,154,116,125,120,138,143,138,128,140,140,142,147,140,147,154,114,119,113,136,145,141,142,152,145,141,147,127,128,125,121,127,112,131,126,124,134,146,133,128,125,122,117,117,117,130,115,112,128,125,131,135,132,128,134,130,131,110,137
131,111,105,124,129,126,124,125,119,120,128,119,119,101,116,102,111,103,105,104,109,106,111,111,85,77,102,101,127,123,98,89,102,96,105,98,107,122,115,117,141,111,130,132,101,116,109,129,121,147,106,119,107,111,98,112,132,139,124,97,107,96,101,104,114,97,106,128,110,121,134,140,126,110,114,113,125,141,117,116,152,118,101,124,122,136,122,116,115,118,123,143,127,117,119,117,110,102,121,139,117,126,138,117,116,111,100,128,118,103,124,109,128,123,114,100,96,100,98,112,96,136,134,101,142,118,136,134,125,111,142,113,147,125,116,114,118,105,119,107,131,136,110,124,123,111,110,115,106,110,100,109,121,90,134,129,109,109,96,113,110,94,101,115,101,124,129,111,120,134,121,116,135,127,121,112,128,143,127,135,151,129,121,118,114,113,117,115,121,137,126,118,113,119,112,131,117
90,97,118,93,96,118,115,110,118,115,123,114,128,128,100,107,126,129,136,147,142,139,136,141,133,139,137,136,100,106,132,129,135,146,148,137,149,136,142,133,113,140,101,108,128,138,146,113,127,116,144,127,148,154,146,133,115,111,129,134,138,149,140,142,128,139,149,112,142,123,124,111,130,139,140,132,126,115,138,141,110,138,140,151,117,108,128,143,144,140,129,127,126,131,146,140,147,145,106,103,127,138,113,139,132,140,130,115,141,115,134,132,115,111,127,124,127,116,117,119,118,101,114,135,119,147,104,110,136,123,117,127,108,115,132,140,137,144,161,141,110,109,136,143,133,146,144,144,141,125,129,140,132,120,124,105,123,137,126,130,137,119,124,123,119,112,114,148,116,103,131,137,104,110,127,130,129,126,138,130,119,134,128,104,132,141,141,128,115,117,116,111,109,108,105,129,97
128,141,149,152,146,128,131,132,128,126,125,130,108,124,147,154,138,141,140,152,134,131,128,123,110,117,127,133,134,140,142,133,131,131,112,127,136,131,133,133,135,142,125,134,133,133,141,119,131,137,140,134,135,128,152,139,122,135,139,126,143,115,113,114,129,125,125,120,131,128,129,133,137,124,138,115,129,119,116,114,121,124,125,106,133,149,134,118,123,122,119,115,113,119,119,129,120,140,134,149,137,133,129,148,130,127,146,144,138,129,141,137,131,148,133,117,132,139,136,136,143,130,140,150,121,141,133,150,136,150,133,133,120,125,144,132,151,133,140,126,122,146,142,113,137,131,147,140,135,139,148,125,144,132,132,145,144,135,140,127,144,128,138,138,132,121,125,124,128,146,118,132,121,135,143,149,131,120,130,130,133,112,113,152,116,127,140,132,134,138,151,148,150,132,148,119,159
106,112,118,126,130,128,135,133,137,127,133,137,148,131,123,108,124,127,127,123,141,134,132,133,124,134,134,128,132,122,123,133,126,130,130,125,128,127,130,138,122,128,129,121,130,123,125,117,139,150,127,139,128,126,132,130,131,120,136,118,126,121,123,124,124,112,124,114,132,136,128,117,131,119,129,120,123,131,120,117,127,121,118,127,129,117,132,123,120,120,121,141,131,123,126,124,122,117,126,116,134,124,121,124,120,122,128,136,125,129,136,129,129,117,134,135,128,122,117,124,125,128,129,120,139,125,129,116,132,134,117,136,139,108,126,125,133,126,126,130,125,115,127,123,130,122,120,125,121,135,128,137,131,135,135,117,127,130,132,137,136,129,137,132,132,108,112,137,123,129,130,137,120,131,136,132,147,136,124,127,131,119,120,125,120,122,116,121,127,132,132,133,138,132,135,115,119
111,128,127,110,121,100,109,103,106,104,108,111,111,108,148,117,119,110,105,100,137,103,114,109,116,107,110,110,118,124,109,104,120,119,124,117,124,113,109,96,111,110,114,119,108,111,112,115,107,114,105,100,127,107,119,113,119,115,111,112,124,112,77,100,105,116,123,123,130,128,101,116,105,122,126,124,93,121,114,105,122,127,128,121,112,112,110,114,108,117,110,116,115,102,122,112,120,122,106,115,108,115,115,102,119,120,112,115,113,100,103,107,105,118,101,109,107,100,118,110,111,125,119,116,109,106,116,116,117,103,116,114,115,127,113,120,138,125,122,120,112,122,105,131,134,128,128,129,135,115,127,98,100,122,119,136,108,110,110,111,110,124,121,112,107,126,120,111,121,138,108,102,109,109,123,110,113,116,114,122,125,112,133,124,135,100,119,122,125,131,129,129,115,109,114,126,131
152,121,119,120,118,113,107,106,116,121,118,112,123,120,115,118,113,132,143,135,127,136,125,142,140,142,143,143,104,117,119,144,139,136,135,135,137,137,148,126,130,136,103,120,107,141,144,131,130,128,143,139,133,140,147,141,101,119,106,140,146,144,138,138,136,143,141,136,136,139,102,120,105,146,146,138,133,126,134,142,130,140,137,124,100,124,105,137,131,131,130,125,140,138,128,133,133,131,106,123,105,138,134,151,135,140,138,139,139,138,135,142,100,121,103,139,148,149,148,139,148,134,132,156,128,148,103,118,104,149,135,141,132,129,148,137,140,138,129,145,105,111,105,129,140,128,125,140,139,122,138,131,140,129,101,111,109,140,140,126,135,136,139,123,138,128,131,113,101,104,106,121,140,128,126,139,110,106,109,106,116,105,113,128,111,104,107,110,108,113,124,127,131,130,135,108,131
117,125,125,144,136,135,132,137,134,128,127,124,134,135,137,128,133,134,139,132,143,138,134,138,155,143,149,151,131,140,133,156,158,147,155,152,151,148,155,134,128,145,134,143,131,139,150,126,138,139,146,141,146,144,158,152,129,141,137,149,140,154,150,152,155,150,152,124,151,151,123,140,138,149,154,148,139,134,149,147,132,145,145,136,131,134,138,140,140,138,145,140,139,143,147,144,142,135,130,140,141,138,124,140,138,140,155,152,147,150,142,149,126,139,137,151,151,145,147,138,148,132,130,147,141,151,136,137,133,151,125,148,135,124,159,154,156,147,146,149,127,137,139,141,150,140,136,146,151,149,159,154,152,147,132,136,141,151,159,147,159,158,158,149,156,126,125,141,131,129,132,137,125,126,135,151,144,137,128,131,137,146,132,132,134,130,122,130,135,137,138,137,133,136,141,143,136
112,126,123,125,125,127,124,121,122,124,127,125,121,133,125,128,129,133,149,140,130,132,124,133,126,126,133,136,121,131,134,124,129,134,127,119,133,124,122,123,115,146,123,134,134,138,133,114,112,116,128,115,131,129,128,117,127,134,132,131,125,131,126,126,123,114,122,117,131,123,129,134,138,129,126,113,130,115,117,129,113,125,124,131,129,126,139,133,132,132,124,112,114,125,128,130,137,133,129,122,139,136,110,126,127,128,116,106,116,114,128,115,132,126,139,104,115,108,111,109,100,118,113,113,110,132,131,127,134,127,112,115,115,114,119,124,123,134,136,132,128,124,142,126,106,120,126,122,120,115,114,123,119,104,120,116,143,132,116,122,119,92,104,106,104,114,113,133,135,133,134,126,108,118,120,118,120,116,140,130,120,109,118,104,131,125,134,129,124,123,115,115,109,114,108,114,106
111,109,115,137,139,138,136,138,134,134,137,140,135,139,137,114,123,130,126,126,141,130,144,138,138,125,138,134,135,141,127,127,128,128,130,138,128,138,135,126,110,132,131,142,128,123,123,113,126,128,140,141,122,123,132,135,131,140,130,136,132,129,128,131,141,139,134,113,140,133,134,142,132,137,131,143,133,115,133,125,109,123,138,126,136,141,129,136,129,122,123,124,135,131,123,131,123,126,137,139,131,120,111,125,121,134,138,147,131,133,146,137,135,148,133,144,140,134,131,130,141,105,104,127,118,132,131,145,131,141,112,129,104,119,125,126,128,126,132,128,134,154,131,126,129,123,117,131,128,137,133,140,134,142,140,150,130,128,139,151,145,149,150,159,145,120,121,133,136,138,137,136,107,137,141,149,134,122,133,141,137,138,124,134,139,145,140,145,146,143,138,140,143,122,144,140,140
133,132,132,133,137,129,132,139,137,136,128,133,126,113,139,131,124,124,107,113,113,107,124,112,122,112,114,120,128,132,118,125,126,116,118,126,120,127,128,121,131,115,124,128,119,118,118,132,119,140,127,128,116,113,128,132,130,129,124,117,124,124,112,122,135,134,127,131,130,134,124,130,119,125,120,130,143,135,129,117,133,117,121,106,128,131,122,112,108,114,117,125,120,122,109,110,112,112,129,134,119,109,132,112,112,116,117,132,113,133,113,118,129,127,122,124,130,133,133,129,128,142,139,124,123,108,130,128,121,123,130,122,139,129,119,114,123,115,105,117,132,127,127,119,128,121,118,123,119,120,129,118,127,137,137,129,127,111,127,126,117,139,139,133,127,130,129,114,136,123,129,121,131,120,117,121,128,121,130,129,136,148,143,134,135,130,123,137,134,134,147,136,136,133,137,151,152
136,102,103,121,118,124,114,113,111,109,107,121,136,116,139,100,92,107,115,111,114,126,124,141,134,137,137,132,147,109,108,112,118,122,125,128,118,123,123,142,135,126,142,104,104,122,110,128,135,118,127,140,111,127,124,114,137,109,112,121,113,136,128,109,116,116,117,133,130,111,128,113,109,119,116,131,124,122,121,122,126,125,129,122,133,125,111,136,122,126,131,123,135,127,124,130,127,121,141,127,117,131,133,134,133,132,126,146,122,145,134,130,136,116,116,137,132,135,129,135,119,130,146,121,140,131,136,109,120,130,141,140,137,126,121,121,113,126,116,120,133,113,105,128,122,122,123,127,118,130,119,136,119,129,142,122,113,130,124,137,132,130,124,132,135,127,131,105,120,141,115,111,135,143,128,128,121,143,124,123,117,94,117,120,122,117,112,119,126,126,119,114,107,114,119,98,113
140,141,123,123,134,143,136,134,134,143,132,136,122,118,140,123,125,109,114,114,100,112,126,115,100,101,113,115,134,126,112,121,134,116,97,119,109,121,119,104,115,120,136,132,122,107,109,124,108,144,117,140,119,103,119,135,134,139,125,120,112,97,96,109,130,128,102,126,109,115,125,136,128,126,126,122,132,134,105,98,120,116,107,100,138,143,129,98,106,103,92,119,114,103,106,111,111,110,134,152,125,108,122,111,121,114,102,128,111,114,117,110,132,146,125,128,129,125,134,146,122,133,142,132,129,110,125,136,123,133,128,119,137,128,118,120,119,110,124,129,135,138,115,127,152,130,143,113,123,128,116,114,132,151,124,132,111,116,131,139,121,146,131,141,130,127,123,109,123,151,124,126,122,146,150,127,128,136,129,130,119,128,104,123,134,121,131,131,139,143,144,148,156,152,152,120,128
155,149,138,161,161,152,152,158,156,151,152,152,154,152,155,142,146,152,149,148,152,152,147,150,146,152,150,156,147,152,147,151,147,149,151,145,144,147,150,140,151,147,152,154,155,148,142,139,143,156,140,143,143,147,149,156,156,155,161,152,148,144,146,146,156,158,148,136,156,158,156,156,158,152,151,143,149,163,148,147,160,148,150,150,151,156,158,144,142,139,152,151,136,145,147,145,146,143,156,163,159,143,146,147,146,148,148,150,154,156,145,147,149,159,158,152,151,150,148,152,147,167,154,152,164,151,154,156,155,151,140,148,158,114,146,151,145,144,152,150,156,154,155,145,137,152,152,141,146,152,146,152,150,152,159,154,152,155,152,154,152,152,145,149,156,113,120,139,148,143,148,143,146,156,150,145,152,154,150,152,156,142,143,151,141,147,143,150,155,159,155,156,149,151,149,138,148
96,117,97,109,114,114,116,113,115,124,120,109,101,116,113,106,109,118,132,133,138,136,137,145,129,139,133,130,125,128,114,137,134,143,138,139,131,141,131,140,113,133,127,131,124,129,136,116,120,128,127,125,129,138,133,133,132,135,126,133,118,129,121,125,134,136,123,115,133,121,139,133,121,129,127,125,127,113,127,129,115,130,133,135,134,134,118,137,141,133,141,144,131,123,138,136,142,132,129,135,120,138,114,129,129,126,122,135,136,127,125,130,135,128,121,132,124,113,107,120,121,107,111,112,107,132,126,121,128,119,112,116,104,122,125,132,127,131,133,120,130,123,107,126,109,117,125,123,121,132,120,123,119,115,119,135,106,130,122,125,119,109,113,128,117,122,123,115,114,121,125,111,105,109,123,118,131,119,126,115,97,105,122,115,122,127,115,115,114,114,107,111,111,118,119,119,103
101,108,119,141,138,146,146,139,138,135,134,137,132,123,111,117,118,114,137,138,138,131,147,152,150,131,125,146,134,128,124,150,156,128,154,142,133,136,142,126,117,137,141,137,138,130,133,122,139,152,142,160,135,136,134,152,128,134,137,152,136,139,137,141,149,150,126,123,140,150,146,128,143,147,130,145,155,134,145,135,112,139,145,133,139,119,144,158,140,139,141,148,147,152,147,151,140,144,142,119,146,144,124,145,143,151,154,152,140,137,131,129,141,119,142,154,138,141,132,137,135,122,123,138,106,130,139,116,143,124,110,139,131,127,147,142,145,142,138,148,133,110,141,146,168,150,146,149,152,140,136,136,136,138,121,118,134,144,151,133,137,152,139,137,138,125,125,138,133,136,143,132,126,124,149,144,154,134,144,148,150,148,145,139,160,135,155,151,152,152,149,147,143,154,142,145,132
127,132,141,132,118,105,108,108,101,96,98,101,102,101,143,123,114,115,111,106,105,119,109,116,142,110,116,131,129,132,107,117,126,125,135,141,130,143,144,121,126,123,126,133,105,115,126,121,151,140,125,119,127,129,121,127,135,133,103,130,129,129,133,125,140,142,135,125,112,120,107,128,100,126,125,124,126,129,136,125,125,126,123,108,119,128,101,115,129,127,130,119,136,122,129,126,119,124,131,135,107,118,119,114,113,121,129,117,118,122,113,119,116,122,109,126,124,122,132,124,136,124,125,112,119,122,132,132,112,113,127,110,113,122,132,134,132,129,120,122,129,125,109,125,133,135,142,128,136,137,148,107,103,121,119,132,113,107,123,111,118,134,131,117,142,119,119,113,109,145,121,100,120,108,104,113,96,108,113,127,137,139,113,142,127,106,119,121,125,130,140,140,135,127,140,114,133
130,136,127,120,120,118,118,118,118,119,114,122,123,111,130,132,124,111,113,103,113,128,124,105,113,116,119,116,129,132,125,124,113,109,112,119,113,130,137,128,129,115,131,134,127,117,115,120,121,135,116,125,101,107,131,135,119,135,128,111,104,103,115,117,134,120,116,125,134,128,117,134,122,112,117,110,126,142,116,108,142,106,97,106,129,137,122,126,110,103,110,127,122,112,108,108,107,105,130,131,124,105,126,98,97,100,110,117,98,119,100,118,128,136,122,119,112,104,110,125,125,145,135,119,135,98,124,131,115,108,128,103,139,122,117,105,111,104,103,123,121,131,120,119,125,110,105,104,113,113,119,116,118,143,116,126,127,114,117,118,117,134,143,139,133,121,121,117,116,118,127,112,133,132,128,126,140,132,125,129,119,131,136,114,143,134,120,127,121,120,118,123,133,144,129,146,120
132,129,114,151,132,145,137,130,132,138,128,128,116,137,139,116,146,144,141,138,159,156,160,163,155,145,144,147,140,123,146,150,145,140,151,146,140,148,152,135,111,137,143,119,155,136,131,123,150,147,155,163,146,149,152,145,154,126,155,152,142,142,135,147,162,156,150,127,160,156,152,127,159,156,150,147,164,127,147,144,113,145,139,125,139,132,156,143,135,134,139,126,129,142,132,134,125,136,139,124,149,123,120,139,125,139,151,148,137,154,129,146,143,122,145,168,152,141,131,133,140,115,106,138,118,141,136,123,137,151,121,141,122,131,143,141,120,137,140,134,137,122,144,122,143,137,135,140,142,140,132,139,133,144,140,124,137,144,143,133,143,158,156,131,136,130,126,139,151,137,148,148,129,125,140,152,149,147,155,159,160,146,144,169,147,152,151,156,160,154,164,168,172,166,174,150,173
132,154,150,137,146,130,140,139,134,132,132,132,135,127,144,152,127,127,130,120,121,119,129,126,119,116,124,115,135,127,121,113,121,113,111,119,125,115,121,118,127,129,126,135,110,126,135,138,114,128,125,117,128,125,126,117,117,135,110,113,130,118,116,128,98,105,121,133,117,110,108,136,108,105,120,118,102,123,120,124,128,124,114,123,126,134,112,120,121,128,118,134,133,132,134,133,129,132,132,140,115,123,138,128,124,129,117,117,127,109,112,121,122,135,116,103,112,98,102,100,104,114,115,107,122,121,123,133,114,104,129,115,127,131,112,125,116,129,120,122,134,132,122,121,123,118,120,130,124,117,132,113,127,106,142,127,121,111,102,102,110,108,105,110,121,131,132,115,119,122,117,100,124,103,100,87,97,87,101,113,118,126,117,110,119,100,107,120,117,119,114,111,110,126,104,109,109
110,135,119,120,130,126,127,134,126,125,129,127,134,125,120,149,138,122,121,125,128,110,141,114,110,118,115,118,140,152,136,119,118,112,123,116,119,112,113,125,124,121,139,142,144,113,124,116,112,116,115,126,116,126,127,117,131,148,143,112,114,123,124,113,124,118,110,121,132,118,131,148,146,118,117,135,126,123,124,123,127,114,112,122,147,156,145,125,122,116,117,133,121,115,120,126,130,127,142,156,145,111,121,118,108,117,111,125,116,110,117,114,147,155,144,101,113,109,111,111,108,109,118,109,120,123,145,152,150,111,121,108,125,121,109,105,121,121,135,116,142,152,143,131,120,120,128,113,108,114,116,133,118,116,119,156,143,119,113,122,126,113,104,132,123,120,123,124,139,147,141,130,118,116,131,113,124,128,126,125,126,138,144,123,131,145,120,127,134,125,133,138,131,131,137,143,137
125,167,159,117,113,138,136,140,141,150,148,140,132,145,127,168,162,171,159,152,145,143,163,150,162,147,134,144,137,163,160,148,158,135,130,143,131,141,140,120,121,143,137,163,158,154,151,121,134,134,152,169,147,142,139,156,141,158,152,144,147,132,149,143,160,143,138,120,127,141,141,155,152,122,135,127,143,122,127,115,112,113,111,115,139,155,148,145,125,126,142,134,122,115,142,135,129,144,140,145,147,142,118,124,124,128,129,146,119,123,116,142,136,141,147,139,119,114,122,108,138,111,110,113,111,131,142,145,148,132,122,124,120,130,123,121,137,125,129,144,144,141,156,150,147,130,141,149,136,147,136,132,144,138,132,131,154,135,138,129,122,144,141,134,139,129,125,138,150,118,131,143,112,110,130,135,120,130,148,137,123,137,145,138,116,120,142,147,135,130,121,121,124,124,122,130,137
102,120,118,119,117,112,112,111,111,112,111,110,96,110,116,115,104,109,113,106,108,113,111,113,111,117,112,112,108,117,111,118,114,116,119,114,114,118,117,120,94,121,110,114,112,121,119,106,110,100,120,114,118,114,120,110,121,109,111,114,118,119,119,120,109,115,118,105,112,109,116,109,110,116,117,107,112,87,120,123,86,120,123,119,112,110,107,119,122,124,119,112,121,128,125,122,120,121,108,110,107,120,104,120,123,124,119,114,120,116,117,113,112,105,110,116,114,119,123,119,114,93,96,122,90,121,117,106,109,118,100,122,92,113,120,120,117,119,116,122,110,105,112,110,113,115,114,122,122,114,122,114,116,121,118,106,110,114,118,114,117,116,118,114,113,113,111,117,109,109,111,113,93,107,112,116,111,111,114,116,118,121,117,123,115,112,109,111,116,122,125,123,124,114,127,121,124
136,142,139,146,146,139,136,139,135,135,128,132,121,123,137,146,143,126,115,124,112,118,125,118,115,112,108,110,132,151,139,123,115,105,123,121,113,124,113,125,136,110,134,152,134,117,109,138,123,116,103,126,106,118,109,115,141,155,132,116,109,115,136,119,128,129,109,139,114,119,142,149,135,122,112,116,137,127,131,125,128,120,115,117,142,149,138,127,121,118,125,125,124,119,122,123,118,112,141,147,142,120,139,119,123,117,129,129,118,133,117,120,138,144,136,132,118,130,135,136,128,137,137,121,127,111,140,142,135,126,135,126,127,144,115,108,110,109,105,117,138,143,137,116,110,116,120,108,119,124,119,124,130,151,134,148,138,123,123,123,130,134,135,143,139,146,146,116,143,149,144,131,139,145,143,129,121,118,139,141,144,149,150,149,143,132,135,141,135,139,144,146,142,135,140,148,151
125,119,127,139,137,137,132,136,135,133,142,133,127,126,133,120,114,137,129,124,137,132,133,124,127,133,120,122,125,159,143,115,136,128,123,126,116,115,123,124,126,113,123,148,143,108,115,135,122,116,116,131,118,112,130,119,133,138,129,109,110,129,114,108,134,137,125,135,124,127,126,137,129,130,117,131,131,107,108,103,111,117,120,131,141,139,129,101,103,107,113,118,115,110,101,108,120,103,125,125,126,104,128,107,110,101,106,105,98,114,129,118,125,132,120,117,122,140,159,136,127,128,122,139,123,118,131,127,124,135,122,129,117,136,130,123,129,116,140,124,123,138,126,110,131,109,124,119,112,122,129,126,133,138,138,148,123,112,118,132,127,128,123,143,131,133,137,141,130,126,138,135,131,100,115,133,145,126,135,135,144,132,118,110,121,136,128,131,129,132,136,137,131,113,123,121,117
106,150,134,142,139,135,133,138,133,126,135,131,123,108,150,137,129,98,105,108,107,112,142,134,138,112,130,133,134,158,113,133,145,125,125,138,118,127,139,117,100,123,131,159,120,129,123,112,109,91,147,150,115,115,148,162,158,152,123,144,143,135,126,129,143,150,143,123,129,159,146,152,131,152,146,121,123,101,135,119,96,122,144,110,144,159,124,134,112,116,117,136,129,120,126,114,111,111,132,156,128,111,107,119,107,123,122,134,114,140,114,142,140,164,130,154,142,141,150,138,160,112,122,151,96,129,147,163,116,136,116,121,94,130,130,127,129,112,135,156,144,171,118,115,148,109,109,143,133,139,148,94,134,162,164,175,128,101,125,119,116,152,146,134,139,132,129,114,133,173,152,100,118,104,111,120,103,106,115,127,122,127,136,138,126,112,120,115,122,137,133,137,130,125,124,141,149
134,142,137,144,143,136,137,138,138,141,136,132,131,140,143,154,138,139,139,143,139,143,116,137,140,143,142,141,144,156,146,138,143,143,141,146,142,149,145,131,128,137,142,160,140,134,138,113,135,124,150,142,148,143,145,144,128,161,144,135,139,143,144,144,134,140,146,116,142,132,122,156,138,133,140,138,136,144,146,144,133,142,140,135,139,158,137,144,135,136,140,121,140,139,134,135,121,130,143,156,135,128,115,137,136,138,145,134,137,129,143,138,141,160,138,138,137,141,134,125,140,137,132,137,141,144,139,161,137,142,123,144,147,106,149,144,145,131,131,133,146,161,142,132,144,132,132,147,141,135,139,139,132,123,137,151,137,127,137,134,138,136,142,128,139,100,106,122,132,141,128,130,135,139,127,137,123,123,138,141,139,126,130,150,139,122,135,139,139,135,145,143,161,163,155,125,159
102,137,135,130,139,144,134,133,134,136,140,138,129,140,131,131,140,135,139,141,133,136,147,149,138,150,146,142,143,131,134,136,137,139,141,130,139,135,131,142,113,142,149,135,144,139,143,111,133,140,134,145,147,138,141,139,152,136,143,132,137,138,139,135,135,132,130,112,143,142,166,138,145,132,139,140,143,112,132,134,110,141,136,132,148,136,141,132,139,136,133,137,138,134,138,140,145,138,146,136,138,135,105,133,142,138,132,134,128,133,138,130,156,130,144,126,128,127,124,137,135,110,107,140,107,139,156,125,151,137,108,140,113,113,136,141,135,139,145,126,145,125,137,138,127,129,134,129,131,126,124,136,135,129,131,124,130,135,135,132,122,124,123,131,133,115,111,134,145,152,141,126,112,123,122,133,131,122,130,130,136,139,146,148,135,127,128,125,137,137,147,143,135,129,142,135,154
124,111,129,144,140,139,128,129,130,131,136,135,125,139,142,124,130,140,144,143,118,124,131,145,125,132,137,135,146,141,138,131,131,125,126,126,123,122,135,133,141,136,140,126,136,138,139,127,140,142,126,131,118,130,134,125,127,135,138,137,139,144,129,128,118,136,116,128,138,127,141,135,138,150,136,130,140,126,141,141,136,137,149,141,136,138,147,141,127,128,134,129,138,149,124,132,128,128,140,133,136,136,121,129,124,127,111,119,129,123,143,132,136,135,127,130,134,116,112,119,114,130,136,147,138,133,138,137,136,133,126,121,136,127,132,126,117,126,133,125,137,138,149,123,112,114,116,116,119,103,101,120,120,121,114,141,142,140,129,116,111,108,114,97,105,127,129,145,159,150,136,136,128,129,118,124,110,145,152,148,147,132,167,136,156,143,160,143,134,135,137,136,137,132,132,140,154
136,122,122,124,122,121,122,119,122,124,124,122,129,127,125,134,135,134,130,135,124,124,124,124,121,123,123,121,123,131,149,120,126,128,117,129,132,128,121,117,135,130,123,127,138,130,139,129,141,142,132,128,132,132,129,132,126,126,130,130,136,132,138,135,125,127,136,128,131,130,124,121,125,130,135,137,126,144,132,138,142,136,137,143,117,126,122,134,138,140,136,126,139,134,138,136,133,141,125,120,127,142,132,142,140,139,137,128,139,126,139,134,117,125,123,139,141,141,135,130,131,144,143,132,144,139,118,131,129,134,134,139,152,125,140,137,140,139,133,140,117,126,128,141,137,138,143,140,148,143,144,148,154,125,126,122,128,145,139,136,146,124,130,127,133,123,125,128,116,128,128,129,137,136,123,126,129,134,126,117,123,129,127,106,128,126,129,123,117,113,113,113,113,126,109,132,119
114,96,97,129,122,100,100,103,96,100,96,105,101,107,121,113,100,111,117,115,106,120,114,127,131,121,125,130,125,128,109,128,132,126,125,136,123,131,126,118,134,129,123,129,116,131,125,124,121,117,129,129,129,124,126,132,134,133,116,135,129,132,136,123,139,147,126,127,121,130,125,131,114,136,134,133,123,120,135,125,127,125,131,126,120,134,119,127,129,128,134,120,120,126,129,132,133,130,126,132,116,133,124,132,141,130,140,133,130,142,129,143,126,135,114,137,127,140,152,152,149,133,128,135,129,133,125,135,124,132,126,129,127,126,139,138,133,130,133,130,131,143,124,135,127,132,132,127,132,137,135,121,122,138,131,138,123,133,137,126,127,150,146,130,144,126,128,135,115,126,112,132,128,130,120,122,112,107,111,116,127,140,121,129,121,126,111,116,121,124,130,133,131,130,133,128,137
127,119,109,134,107,119,110,109,109,125,112,104,105,136,127,125,114,144,145,133,131,139,123,150,151,137,159,163,118,132,127,176,168,149,148,166,147,163,164,134,120,161,110,118,122,156,156,110,134,127,155,152,145,154,164,171,133,115,114,167,152,149,144,152,170,176,161,123,147,176,142,118,119,164,159,162,148,115,166,163,113,170,160,128,131,126,110,158,147,150,145,120,151,154,129,144,139,144,112,126,106,143,105,154,141,146,163,169,150,172,160,164,131,120,109,156,159,168,166,152,173,132,119,191,104,170,121,119,120,168,117,143,109,127,182,155,152,144,152,159,119,126,109,136,156,135,138,160,156,156,151,138,176,161,127,124,106,156,162,147,163,173,174,152,164,125,125,162,139,146,143,149,128,116,137,182,117,125,119,113,113,138,149,156,127,135,115,114,122,128,138,142,148,132,142,144,159
114,140,150,139,139,126,127,128,123,121,121,128,126,131,149,129,140,138,135,136,142,122,119,120,126,125,130,128,126,127,125,122,133,134,133,123,130,119,136,138,146,139,121,126,120,142,132,132,119,131,138,120,139,139,136,120,130,141,121,123,132,132,142,144,130,116,126,132,127,112,115,141,124,119,130,120,125,125,125,139,133,134,136,133,118,136,117,123,139,138,133,128,137,151,130,136,142,134,122,137,120,135,135,144,140,137,124,127,135,136,134,126,126,138,123,103,128,135,117,122,132,125,131,141,121,124,129,137,121,127,126,140,124,130,122,118,133,141,143,120,130,136,123,122,105,130,119,122,116,112,104,126,140,109,115,131,116,114,121,125,125,106,109,108,113,129,130,129,123,128,120,115,123,120,117,113,112,109,109,113,110,127,129,138,131,116,111,113,117,114,111,107,115,92,116,124,125
112,135,139,121,128,135,135,135,137,137,139,141,129,137,134,137,136,136,134,131,127,131,133,133,138,133,135,137,140,134,138,134,136,135,133,135,134,137,135,128,118,131,142,134,139,130,132,119,129,133,133,132,134,131,133,139,130,135,140,130,132,131,128,129,130,132,137,119,135,133,137,135,137,132,131,137,133,117,131,127,119,133,129,131,140,133,141,131,127,128,124,124,128,130,128,126,125,129,143,131,139,125,118,130,130,127,133,136,128,134,128,131,141,136,138,132,129,137,140,133,136,124,121,130,121,129,141,135,138,133,118,134,124,122,136,135,129,129,127,133,137,131,139,134,136,129,128,129,135,135,134,130,135,134,135,132,139,137,137,133,135,143,141,136,138,122,121,132,137,126,136,136,118,128,130,139,131,130,137,135,129,130,133,116,129,132,135,135,127,126,119,120,119,118,118,131,125
122,145,148,125,134,152,144,145,146,147,147,142,123,147,132,143,146,135,134,134,125,127,140,130,129,132,131,132,134,138,138,133,139,134,143,137,131,120,134,135,111,126,131,135,142,139,135,124,122,101,145,143,136,128,128,128,125,132,143,131,131,139,145,144,132,130,131,118,127,127,149,135,146,133,119,130,144,116,147,137,104,132,140,141,142,140,146,139,133,141,134,139,136,148,137,134,130,130,135,140,141,132,122,134,140,130,128,132,130,124,140,127,135,136,140,136,137,139,121,144,132,103,109,128,116,130,134,139,147,133,117,136,116,124,127,133,129,126,133,124,139,139,148,127,129,132,137,145,133,135,125,141,131,130,125,142,145,129,128,141,132,124,129,140,127,128,127,152,148,136,150,148,112,130,141,132,145,135,156,152,144,150,146,152,144,145,149,147,147,150,156,147,147,144,160,151,156
129,128,129,126,124,118,120,122,121,119,121,120,119,119,124,122,120,115,113,111,116,112,118,108,108,112,113,110,120,124,115,113,113,115,109,113,109,109,109,111,123,110,119,125,115,108,108,126,113,118,107,110,111,112,112,109,120,124,121,109,111,113,112,109,110,109,109,125,114,111,115,122,118,106,111,117,120,121,112,111,122,115,116,111,121,120,119,113,111,114,116,117,115,110,112,114,114,116,121,120,121,112,124,117,116,115,118,122,113,113,116,113,121,119,120,115,114,117,120,120,122,119,125,118,120,114,121,120,121,112,123,121,125,124,118,116,116,118,117,112,121,119,118,119,120,120,121,116,115,119,117,118,117,121,118,119,120,117,117,119,117,121,122,123,117,125,124,117,125,124,118,119,125,124,121,120,118,113,120,118,118,120,130,128,125,119,122,121,122,122,126,127,127,125,123,125,130
167,120,111,127,127,127,128,129,127,127,123,130,152,114,132,119,121,109,113,110,118,113,127,117,109,114,110,116,142,134,115,116,117,112,120,116,116,119,108,126,149,119,143,134,123,123,116,134,119,139,115,118,118,118,112,116,139,140,121,122,114,111,116,118,130,120,121,135,119,120,142,145,127,116,113,117,140,150,123,121,150,118,113,122,149,143,130,124,125,124,126,142,122,118,126,125,128,128,144,149,125,130,138,119,124,126,123,135,127,133,131,124,147,143,129,112,128,128,125,147,126,151,150,121,143,126,143,143,124,117,142,130,147,122,126,131,126,123,130,127,145,145,116,131,129,125,126,125,124,128,131,134,137,129,139,141,119,118,121,141,123,123,117,139,138,123,126,127,133,150,136,114,151,145,140,127,144,137,120,122,130,143,143,135,151,143,124,124,133,131,134,132,136,141,135,146,143
141,113,126,120,109,107,96,93,97,104,101,94,133,110,108,98,100,111,111,112,121,114,125,121,130,117,116,107,100,104,106,113,122,104,102,124,116,96,117,110,119,112,93,100,107,109,102,126,104,122,103,98,118,115,105,117,128,98,93,118,112,114,91,109,107,126,113,130,119,127,116,90,103,124,113,116,128,141,118,117,124,119,129,122,107,96,96,115,125,114,121,137,124,124,123,115,125,119,92,98,90,112,137,116,129,116,116,125,120,109,123,110,107,97,96,131,127,122,128,129,127,122,132,113,138,109,104,98,102,113,132,109,131,138,107,111,126,115,126,108,97,102,96,113,124,118,126,111,110,127,125,121,113,119,127,114,94,123,133,119,111,132,124,111,117,134,136,116,93,113,118,118,127,100,110,118,111,115,107,103,111,113,110,129,118,130,96,90,100,113,125,129,135,145,139,123,116
90,121,118,123,117,103,117,111,113,114,115,119,101,94,109,120,93,114,112,89,104,109,98,126,130,116,125,117,112,125,93,123,126,123,145,152,123,142,142,142,121,118,123,119,114,133,121,127,148,121,141,148,122,120,132,120,123,132,108,134,134,142,150,150,142,156,147,128,116,128,118,130,100,145,139,151,142,130,152,151,128,139,134,121,125,135,108,112,113,125,111,129,152,152,135,121,110,112,124,133,102,122,112,118,129,148,132,125,135,119,124,115,127,125,112,127,128,130,128,124,129,123,118,139,132,116,132,114,106,131,120,116,114,130,128,128,120,107,96,113,127,114,100,105,110,115,111,138,130,127,115,113,112,133,135,114,93,104,116,109,114,132,137,126,118,128,128,100,125,120,89,108,115,117,123,115,123,108,100,100,102,67,109,100,106,76,77,96,110,97,96,100,104,105,96,85,106
116,117,116,125,132,128,123,125,132,131,131,126,118,130,109,135,126,117,132,132,125,140,144,135,131,133,127,130,136,136,146,125,124,124,127,133,138,126,126,124,137,135,145,142,150,136,127,133,135,120,121,113,138,131,129,114,144,141,145,135,130,123,117,140,135,125,137,133,124,123,143,139,147,128,121,108,116,128,129,130,133,137,125,113,139,134,145,129,134,137,130,130,128,139,139,143,138,138,138,132,135,142,129,120,138,128,114,120,131,128,119,125,144,136,140,121,122,121,139,127,126,130,138,131,130,115,142,134,135,120,130,122,126,127,124,137,135,150,137,130,140,140,137,135,124,148,139,121,131,118,120,120,124,122,122,140,132,117,109,110,115,113,106,120,124,131,131,122,145,130,124,128,137,127,134,118,135,120,134,136,136,127,131,137,127,129,127,129,135,137,145,139,133,142,127,127,130
131,119,139,115,111,110,108,104,108,102,103,102,119,106,123,121,111,115,108,104,124,127,118,113,131,120,127,120,130,126,107,125,128,121,130,125,117,124,135,133,127,114,125,127,113,121,113,128,140,117,129,139,123,122,133,120,122,125,102,124,123,135,150,137,138,133,129,126,129,129,104,124,97,126,126,140,140,125,133,124,123,120,124,126,117,128,102,123,126,122,127,130,134,125,127,124,124,118,124,129,101,120,127,123,124,121,128,126,121,138,124,119,119,130,109,133,130,130,143,139,143,132,128,129,134,122,117,130,104,123,130,130,127,127,131,122,127,122,126,126,122,130,109,125,132,128,127,129,123,139,129,131,117,126,127,129,111,125,126,137,123,136,138,129,141,127,128,136,115,114,106,124,125,138,130,138,123,139,120,125,133,142,125,116,120,121,121,122,121,123,117,121,104,125,116,134,122
152,141,145,128,138,138,132,129,127,127,122,124,106,110,131,133,146,128,114,110,120,103,138,122,111,113,123,116,130,113,115,115,117,120,116,128,115,115,118,132,127,119,134,126,120,111,119,128,119,147,131,128,116,112,134,114,133,135,118,113,131,127,100,108,118,122,122,129,143,119,127,137,130,125,136,136,150,124,124,130,124,136,152,121,132,141,132,136,127,116,120,117,129,126,117,115,116,125,127,147,131,126,126,134,124,129,145,162,137,137,146,141,133,142,126,151,151,152,132,132,149,130,134,134,114,137,134,136,139,136,134,121,117,123,133,128,139,132,126,139,123,132,128,126,129,120,126,127,137,135,135,143,133,104,110,135,124,140,146,140,133,121,116,134,133,130,131,120,114,139,119,134,133,135,148,139,127,137,131,132,130,101,107,117,102,113,142,133,129,127,125,120,122,140,129,96,112
96,133,120,110,107,100,97,107,104,111,98,101,96,116,152,123,131,123,128,123,121,131,112,120,142,135,142,130,125,113,118,140,132,137,126,155,131,136,143,136,111,131,117,108,101,135,131,112,144,119,139,135,139,138,150,146,117,107,104,148,143,142,135,136,133,142,155,112,146,126,110,102,102,152,151,140,133,118,144,149,105,159,156,144,108,109,101,156,148,134,127,119,132,132,142,138,140,142,109,119,102,155,101,135,141,147,146,121,141,143,137,149,108,107,102,149,132,140,146,145,133,103,122,137,122,156,116,106,113,134,111,147,118,118,150,141,158,148,142,165,115,110,106,158,154,143,140,148,131,129,140,120,124,143,123,117,115,129,124,106,133,126,132,118,129,117,112,137,114,108,121,110,94,110,120,124,129,114,116,116,126,119,127,117,119,119,108,112,118,118,127,122,133,129,132,114,134
122,119,119,118,116,117,114,114,115,115,116,114,129,130,123,115,123,124,131,129,136,130,137,141,138,140,141,133,110,114,118,127,132,136,129,131,136,125,138,138,140,132,112,113,116,127,132,131,129,144,130,135,134,133,146,133,122,117,117,125,132,142,132,131,137,135,139,132,143,137,121,114,122,129,132,136,124,142,132,134,142,137,137,132,112,115,117,131,135,129,133,137,139,137,135,137,136,124,113,118,112,131,134,138,133,137,138,145,142,139,144,134,114,111,110,130,139,138,139,133,138,143,149,142,140,139,114,111,115,129,135,136,150,123,137,138,147,137,138,127,111,109,112,127,133,122,124,139,129,140,138,144,132,123,110,110,113,131,128,142,140,120,118,128,124,124,124,127,114,119,118,132,146,127,131,138,137,128,121,118,115,116,120,119,125,123,124,114,116,120,120,119,116,128,122,122,117
119,131,133,127,129,132,130,129,132,132,133,133,131,129,121,120,127,127,134,129,119,129,127,127,126,122,122,122,118,120,130,124,126,123,122,119,120,121,119,133,120,122,119,122,126,125,125,127,137,138,126,130,123,123,124,120,122,122,125,123,126,124,128,121,117,120,121,130,120,120,125,124,123,117,121,125,126,124,125,122,125,120,120,122,122,120,120,125,120,123,119,123,133,127,126,123,125,121,112,122,119,125,123,121,125,124,118,122,119,116,115,117,116,115,117,125,126,122,123,123,122,121,119,121,121,120,114,110,122,113,125,123,124,136,123,120,118,119,118,118,109,111,110,123,130,122,124,120,121,119,121,120,121,107,114,109,106,114,116,122,120,114,113,122,121,135,133,118,111,132,122,110,127,124,120,114,124,128,122,121,125,120,121,135,124,112,120,119,125,126,131,130,136,133,139,122,131
125,139,132,121,129,142,142,135,138,139,145,142,149,151,111,147,152,148,144,142,150,136,146,139,132,130,124,125,122,132,149,135,129,127,140,126,133,132,125,149,139,133,132,137,149,139,130,134,148,148,132,130,137,133,125,121,124,136,148,134,132,129,120,129,127,130,131,132,141,124,145,138,154,138,126,139,136,139,143,139,135,136,136,145,142,129,143,134,125,135,133,143,138,142,129,134,138,135,133,119,140,136,131,125,138,136,135,138,129,125,134,119,136,123,143,127,142,123,128,137,122,144,138,133,135,122,123,127,148,140,137,136,137,135,131,134,128,135,127,123,135,127,143,136,132,125,128,128,130,125,119,119,125,129,122,116,139,139,128,126,118,115,112,132,115,135,132,137,138,118,138,158,131,143,145,131,137,135,137,136,125,123,149,125,150,158,148,144,146,135,135,140,131,146,126,142,140
141,125,125,100,100,107,96,94,94,98,96,93,109,108,91,114,107,115,113,118,124,117,105,115,135,119,140,130,100,111,121,129,133,128,129,134,129,141,134,109,133,123,97,108,112,130,131,133,122,111,142,132,124,130,142,136,103,105,107,127,131,125,114,138,134,133,136,131,131,143,103,105,107,125,129,122,120,118,119,122,125,126,122,119,96,108,96,125,129,121,128,125,114,120,129,127,127,129,97,107,98,117,130,133,130,131,135,129,133,137,125,132,96,111,100,130,136,143,142,133,138,131,133,141,123,124,90,112,102,139,130,130,128,131,139,143,142,135,131,128,96,117,97,133,140,135,139,146,141,142,148,135,154,129,108,112,103,130,137,134,141,138,131,138,146,131,132,119,103,100,108,123,138,120,122,137,112,119,116,109,109,136,117,119,118,126,110,108,115,117,118,121,122,107,122,128,124
128,132,131,125,112,118,118,123,119,121,117,125,125,112,118,133,111,123,122,129,108,125,115,116,126,121,120,126,125,114,119,122,125,138,116,124,126,122,129,130,140,125,123,116,127,122,125,125,133,115,138,147,124,126,128,134,120,114,122,138,129,137,124,118,116,132,125,122,116,119,123,120,114,130,128,138,119,124,130,131,130,131,136,114,120,121,130,127,125,131,122,111,137,133,125,129,138,126,123,124,133,122,119,120,122,116,131,117,115,128,114,120,121,129,135,121,123,118,112,113,132,139,130,121,134,137,125,128,121,119,128,113,113,113,130,127,117,119,138,130,133,127,132,125,123,121,120,131,135,129,119,108,115,115,122,127,133,117,108,102,112,124,131,97,122,111,118,122,125,119,122,112,131,123,94,110,113,136,122,113,101,113,117,128,124,134,112,108,103,104,108,111,122,128,125,109,111
149,130,122,132,131,104,119,115,108,100,115,125,122,111,123,118,125,107,113,114,112,107,101,107,118,120,117,119,150,116,104,125,109,118,117,111,125,121,114,115,119,120,139,127,108,140,132,124,113,107,121,87,118,109,111,110,135,133,115,123,118,114,113,133,107,107,119,119,119,125,125,135,117,119,113,117,103,121,107,126,123,114,112,119,121,133,117,131,133,134,125,96,122,117,117,126,119,122,136,132,114,138,121,105,102,118,115,101,113,108,124,120,128,130,112,108,109,94,81,80,84,119,106,101,120,129,129,134,110,118,121,93,127,117,100,111,96,113,104,112,134,134,116,119,107,105,96,113,112,101,105,110,111,133,143,122,113,115,98,94,106,110,119,114,100,120,121,144,121,116,111,115,124,109,113,117,123,142,118,117,112,116,109,117,110,97,119,120,114,124,127,116,122,118,131,91,125
127,131,120,132,139,141,145,150,145,147,140,134,141,119,125,125,133,103,108,107,106,107,128,134,139,123,105,140,128,129,129,142,137,110,152,123,127,143,121,111,122,116,124,124,132,127,116,125,110,138,117,123,120,129,107,148,141,128,134,123,120,121,126,135,156,138,129,119,117,135,145,129,140,130,115,124,160,130,125,115,124,111,102,96,130,139,142,108,107,114,103,108,104,115,134,118,126,127,138,126,139,110,122,108,105,105,110,115,106,138,97,115,138,118,137,132,120,134,119,136,126,117,121,105,112,115,132,111,128,105,117,118,122,118,117,108,118,123,133,136,130,109,132,137,139,125,123,113,125,139,121,98,119,147,128,130,129,124,121,96,111,132,119,134,127,117,120,126,143,158,155,123,128,121,122,112,114,130,142,140,139,148,149,127,141,132,125,144,147,144,135,140,131,129,130,141,133
123,139,135,141,140,128,131,133,131,125,125,124,116,128,141,142,141,142,131,137,121,132,132,135,126,130,131,126,128,144,143,131,138,129,139,132,138,134,126,132,47,134,126,149,133,139,138,19,117,120,134,130,132,125,127,125,128,149,131,135,139,125,128,134,132,130,133,11,121,136,130,147,131,130,133,132,130,84,139,136,65,126,136,140,127,147,135,131,141,138,133,120,129,136,136,135,137,137,129,142,133,138,27,137,141,139,139,132,139,127,130,136,130,141,128,126,136,131,140,135,133,83,76,132,87,134,131,141,131,135,25,124,97,6,131,136,130,131,138,127,134,138,133,139,118,132,135,128,130,135,128,126,138,138,141,137,133,138,135,138,145,136,132,141,143,7,8,136,141,141,132,141,45,120,135,134,129,104,127,135,136,138,135,129,136,135,137,127,132,135,138,139,139,115,133,131,137
141,134,127,126,122,134,138,130,132,127,130,138,133,126,122,134,126,107,111,104,112,118,125,103,97,123,109,91,135,122,116,116,109,104,107,101,93,96,107,138,136,86,135,117,129,100,96,139,116,128,100,144,91,105,100,97,130,118,121,85,94,96,106,105,118,115,97,138,116,123,132,124,124,82,88,129,131,143,106,105,130,105,97,106,143,119,128,108,100,104,115,134,130,119,96,103,96,96,131,115,128,107,135,110,108,103,112,144,109,117,121,111,131,112,128,102,108,129,141,131,136,143,143,120,134,100,132,108,130,103,138,128,141,140,123,109,119,105,109,103,126,104,122,113,133,101,106,101,100,113,117,120,118,123,112,118,117,110,116,142,126,142,145,147,136,138,138,136,128,123,131,139,138,146,160,152,156,140,129,135,141,148,129,119,142,164,124,143,145,137,130,137,130,143,131,154,131
120,141,155,152,152,147,139,143,150,141,143,139,116,119,149,142,131,144,141,138,144,135,150,136,164,142,151,161,103,126,133,156,165,156,143,156,137,134,146,139,113,139,96,134,120,137,146,109,141,127,143,133,136,129,132,147,131,132,117,148,155,154,140,142,139,152,152,117,143,148,128,127,117,156,149,147,152,109,131,128,105,133,136,118,121,123,117,146,137,132,125,134,144,120,119,120,122,117,100,124,117,126,107,122,115,128,128,124,127,133,125,148,109,120,119,143,134,131,130,132,148,120,115,127,103,134,114,121,120,140,112,118,104,119,106,110,126,121,130,151,113,125,115,135,130,121,116,128,124,127,138,136,142,168,128,145,126,136,137,140,140,144,145,148,141,120,116,137,128,141,141,141,124,143,143,131,125,126,126,124,126,148,156,136,152,142,130,131,120,127,121,116,124,134,120,152,136
131,123,108,150,136,116,118,114,105,112,103,107,102,100,137,106,111,112,110,110,109,112,97,111,121,124,116,105,135,118,113,114,106,111,122,119,108,126,123,114,118,102,124,114,105,112,105,124,122,105,110,105,112,105,108,102,125,111,108,127,108,110,125,121,124,128,125,124,120,114,115,111,110,127,121,115,126,122,120,121,114,120,115,112,118,109,105,118,121,120,130,112,105,112,100,100,101,109,124,109,110,104,123,112,113,111,126,111,113,114,111,107,131,102,105,107,107,124,133,128,123,128,126,115,119,110,134,105,106,113,122,127,126,128,122,122,121,110,94,106,126,109,111,118,112,118,120,104,114,106,104,114,109,98,119,109,112,112,111,108,117,116,116,101,107,122,120,106,128,132,108,123,120,123,118,119,119,111,109,114,110,92,122,129,115,108,120,119,117,109,109,106,122,120,107,84,129
123,137,135,129,125,118,122,122,120,116,118,121,115,132,117,164,127,119,108,123,103,117,97,103,109,122,119,112,123,140,115,98,94,118,108,112,98,101,115,112,121,120,120,147,128,111,110,131,124,110,119,125,120,126,124,121,114,146,115,103,107,115,128,110,102,105,110,129,100,106,110,150,109,92,101,84,94,112,105,112,116,118,106,120,120,139,119,94,116,128,129,116,100,117,123,127,124,127,127,141,118,130,126,122,130,119,124,102,111,119,121,119,121,139,125,103,102,122,130,116,116,123,118,112,117,128,130,147,129,110,120,122,113,128,116,123,118,127,132,135,135,140,138,113,96,112,121,120,123,128,122,134,133,129,147,148,145,126,113,111,125,128,136,127,123,133,129,149,128,133,138,120,121,116,110,123,119,128,132,128,127,140,121,141,100,128,130,118,111,114,122,117,119,119,107,109,123
129,141,146,136,138,136,131,130,133,141,131,129,115,122,150,132,130,133,126,119,129,127,135,144,128,129,133,129,155,122,121,129,133,129,136,135,126,137,128,133,138,119,149,114,114,129,124,135,137,142,138,154,131,133,141,136,146,112,113,138,133,135,141,144,151,158,137,139,142,126,141,114,117,133,129,138,152,155,143,131,142,132,135,126,144,121,119,124,125,131,126,129,127,125,126,125,127,127,147,128,118,121,137,130,125,124,132,143,128,137,129,125,145,129,116,132,129,138,136,139,141,152,146,136,141,126,142,125,122,131,134,128,138,132,144,137,130,120,118,136,146,126,113,126,123,119,129,130,135,140,139,136,125,137,152,130,115,141,136,133,125,134,131,127,128,131,133,135,138,154,107,140,143,151,145,140,133,140,133,142,136,128,133,134,130,123,141,129,127,132,133,140,137,156,137,140,136
117,139,143,129,135,127,130,130,130,127,126,128,124,122,151,126,127,112,123,116,124,128,113,134,140,136,140,132,124,122,123,124,135,135,141,128,140,140,126,142,133,133,114,132,111,136,137,118,119,119,135,112,138,136,138,127,121,127,115,127,147,138,132,140,112,112,139,123,130,111,108,122,116,120,141,128,114,133,126,133,128,135,137,122,108,130,117,127,138,141,137,132,135,141,138,137,130,136,113,131,117,138,117,134,139,145,139,125,142,128,123,132,114,120,108,118,138,132,138,132,134,129,138,137,124,133,123,118,109,127,127,138,142,118,135,133,127,135,122,119,117,119,117,126,129,136,127,138,135,120,136,124,131,122,121,123,114,125,137,125,141,137,137,126,134,120,119,106,100,127,115,117,131,129,115,117,102,106,103,108,111,115,91,106,110,118,101,110,110,113,112,100,107,109,103,100,107
114,129,115,133,133,131,132,136,133,138,131,132,133,152,124,134,132,138,143,144,137,145,154,121,127,146,143,124,128,127,134,132,140,146,138,140,133,124,140,156,118,135,128,122,137,135,138,125,137,127,126,140,132,144,135,115,128,121,137,121,132,145,145,155,126,127,130,112,126,122,133,121,139,123,131,123,139,132,139,149,116,143,142,128,129,121,141,143,138,139,137,159,156,149,140,138,140,128,127,121,129,141,121,133,133,130,125,136,129,125,123,124,137,116,136,128,129,130,115,131,126,120,121,141,120,127,129,119,137,132,116,128,124,124,138,140,133,134,135,133,132,118,137,144,130,141,135,138,133,121,116,130,140,109,116,129,145,142,128,138,123,102,112,124,110,124,122,128,130,139,145,134,113,114,127,137,140,121,134,126,133,121,136,148,139,140,141,135,140,136,143,147,148,134,142,124,134
156,156,137,144,150,154,158,152,147,149,150,152,156,141,163,136,134,116,118,126,115,119,137,129,127,138,116,124,144,134,131,131,123,112,128,105,104,112,121,132,148,125,138,129,144,120,120,132,112,132,115,136,110,120,104,115,139,129,144,117,100,112,132,110,129,120,97,129,106,130,147,126,152,109,88,97,135,134,119,119,124,101,103,129,144,135,142,129,124,124,130,132,120,125,116,120,129,115,137,131,140,120,129,113,116,113,123,150,113,123,128,109,147,125,146,123,109,112,96,115,116,136,117,119,137,122,141,126,150,119,124,130,125,126,122,115,124,128,127,123,140,129,151,118,127,134,131,127,121,133,122,130,118,130,159,127,149,120,125,139,119,135,134,145,128,127,127,135,154,148,163,144,126,148,142,146,149,152,161,165,167,127,155,137,154,141,154,166,161,156,142,130,121,128,124,140,125
114,109,105,113,101,100,98,106,103,102,107,109,96,142,100,130,131,134,141,150,135,131,110,128,137,134,151,155,124,124,138,146,152,144,126,146,151,125,131,120,117,151,122,116,125,140,150,109,120,100,147,105,138,144,140,128,104,110,130,144,146,140,127,139,110,129,149,120,134,129,110,108,132,145,149,144,97,100,127,139,115,137,142,152,102,110,132,147,161,149,141,117,117,120,144,145,142,167,122,102,131,152,115,155,152,155,152,128,148,133,138,154,116,116,127,127,137,131,140,122,121,115,108,149,92,150,111,126,126,155,131,144,111,127,128,137,147,156,141,139,114,117,151,149,106,158,156,138,140,127,145,136,139,109,98,106,143,149,139,119,147,123,134,116,126,127,127,121,98,89,92,124,113,100,108,124,110,118,115,100,90,112,81,87,96,102,120,103,94,90,94,100,82,85,96,101,89
133,108,109,108,114,120,119,114,114,116,116,123,116,119,105,112,121,111,122,132,121,122,114,110,107,121,118,123,113,102,114,118,110,121,125,116,123,126,108,114,120,123,125,120,109,121,119,127,132,131,106,98,115,121,114,128,134,125,122,120,114,115,114,127,121,120,115,125,119,126,123,122,126,120,113,110,116,115,134,137,135,136,127,118,131,130,116,117,125,133,128,142,134,135,137,130,139,131,125,140,122,123,131,114,117,110,116,107,114,109,121,124,128,138,120,122,116,112,113,100,115,125,120,107,139,124,131,139,120,113,125,119,132,131,140,138,123,130,131,129,120,135,119,127,135,146,150,122,135,128,117,128,103,140,137,133,117,111,120,135,126,130,121,136,124,132,130,125,115,116,104,105,121,133,119,123,131,147,130,130,114,97,110,86,84,100,116,119,116,123,114,97,96,103,96,96,81
111,123,129,119,123,131,130,131,132,131,129,131,119,131,127,125,129,128,126,131,135,129,128,123,121,129,132,128,127,130,131,125,121,128,123,118,125,116,118,134,117,132,136,131,135,131,127,132,124,126,121,118,129,129,131,128,135,130,133,127,132,132,124,121,121,118,117,129,131,127,138,136,133,128,130,126,129,123,129,129,120,128,136,133,135,134,134,133,132,130,136,145,136,134,130,135,136,136,139,134,134,133,130,128,135,130,122,125,129,133,138,133,138,129,135,136,131,134,126,128,123,113,118,129,122,135,139,126,128,136,123,135,114,132,129,133,139,142,140,131,140,129,131,139,142,137,135,137,132,124,129,126,125,121,140,129,133,132,124,130,122,119,117,124,122,133,134,134,136,120,139,128,117,125,125,125,129,123,147,141,139,134,129,134,135,131,137,137,137,139,135,131,131,122,131,134,133
119,135,136,149,142,144,145,148,148,148,143,145,130,138,148,136,137,129,138,133,131,140,136,143,125,136,131,126,137,137,133,138,128,132,132,130,130,136,126,136,136,131,139,132,138,141,136,120,145,132,134,143,140,141,126,118,142,132,134,132,129,135,148,139,133,137,130,114,123,115,143,137,132,135,130,136,150,134,149,150,131,140,136,139,142,132,136,141,137,139,144,137,154,151,137,144,138,144,145,136,134,140,121,137,137,138,147,137,139,140,137,128,145,134,135,129,131,134,134,134,135,140,137,134,129,142,143,134,134,134,128,134,128,107,141,137,127,140,139,146,147,133,133,137,142,137,127,143,141,145,137,126,141,137,141,136,131,144,137,134,142,135,136,139,139,106,109,146,137,132,132,136,128,133,136,136,122,130,142,139,135,136,136,132,131,127,144,140,136,132,125,129,128,138,124,137,136
155,176,175,161,164,144,143,141,142,136,135,132,141,145,152,163,145,140,134,131,143,144,136,128,131,136,134,145,137,152,136,113,107,126,123,113,129,130,124,128,143,134,129,142,126,120,117,123,127,121,113,115,120,122,131,116,100,138,126,123,115,120,118,115,116,116,114,128,137,129,117,137,121,122,128,118,111,141,123,118,134,126,124,134,127,135,118,137,123,127,127,129,131,129,125,120,126,114,129,129,121,134,134,129,116,122,127,124,135,126,136,126,115,134,121,136,123,127,134,139,124,138,138,123,135,125,119,141,125,141,140,126,132,125,130,123,133,116,134,124,122,139,121,125,111,103,106,118,119,124,134,128,117,128,104,136,125,132,123,124,126,132,132,120,119,124,128,126,122,137,115,132,133,129,122,110,117,136,128,143,144,124,131,140,144,128,122,137,146,148,152,152,138,128,140,133,132
130,114,130,106,100,109,106,111,113,109,110,107,112,119,116,116,116,128,135,132,121,141,123,133,133,132,137,134,107,112,119,124,125,146,140,140,143,137,123,120,125,144,109,122,110,136,132,126,147,117,129,118,140,136,128,126,109,118,102,132,140,124,127,140,128,128,132,129,138,126,107,120,109,118,130,121,113,138,132,133,123,143,141,135,108,128,111,121,133,138,138,150,129,140,139,140,144,134,111,125,110,143,128,137,147,139,129,121,142,124,131,131,104,141,110,111,140,136,135,128,135,134,130,132,129,131,107,146,111,138,129,133,121,125,132,145,144,145,142,130,114,148,122,126,120,133,136,131,135,129,139,124,142,122,122,138,128,128,132,130,132,127,129,123,131,124,126,136,100,105,121,127,134,129,111,121,114,118,104,104,104,140,111,127,118,128,114,106,102,113,121,115,129,135,137,120,124
132,111,100,142,139,123,118,123,119,122,121,116,106,127,132,117,125,128,135,129,127,128,125,115,108,136,122,110,113,123,124,111,117,120,122,116,117,118,137,126,129,122,116,122,120,116,130,129,130,128,107,111,135,136,131,113,107,124,123,124,127,143,134,123,104,114,118,128,142,104,108,127,118,116,120,132,123,123,123,120,127,129,132,120,117,126,117,120,126,124,120,105,110,116,118,127,115,120,125,121,126,111,123,122,118,116,121,108,115,121,121,111,114,131,127,107,124,131,131,146,125,132,132,122,124,117,116,136,127,101,131,132,124,124,118,106,100,105,97,96,119,136,127,115,110,109,101,97,102,97,112,124,115,104,116,127,129,110,110,109,103,107,98,96,118,120,119,96,133,114,123,106,128,90,106,115,101,98,114,112,112,123,134,111,122,106,114,110,108,113,119,119,124,125,117,120,136
114,133,130,118,120,114,110,111,108,117,123,114,122,136,113,125,129,144,152,136,144,142,134,147,152,154,152,144,112,107,132,147,141,147,144,142,146,139,145,152,134,152,106,103,119,154,149,131,141,119,145,131,146,145,146,146,122,104,124,149,154,143,133,145,129,129,144,134,150,126,119,105,126,145,138,144,123,119,127,137,122,139,134,138,98,102,121,143,144,147,138,126,132,136,138,137,133,137,100,103,116,147,129,146,139,136,136,132,143,141,145,144,101,101,117,143,142,146,142,117,134,124,124,151,127,143,102,107,130,152,129,139,119,128,146,147,143,131,131,138,103,105,126,130,135,125,127,139,135,113,133,136,144,129,113,104,126,135,144,122,133,133,135,120,120,129,130,131,113,110,117,142,139,135,129,135,129,135,116,107,107,136,120,123,116,114,118,111,111,110,118,119,113,117,119,124,118
91,89,83,118,123,120,124,128,126,131,123,120,126,102,96,86,102,117,126,117,114,111,129,139,111,116,118,144,104,93,100,131,144,133,132,116,129,133,122,138,114,142,107,96,102,138,137,110,116,123,156,143,130,140,132,156,117,97,106,138,146,137,124,126,130,124,140,106,137,159,125,100,118,129,144,150,143,124,146,147,112,148,141,130,116,100,108,148,150,150,142,128,144,139,132,132,123,136,114,104,108,145,111,148,139,147,143,155,143,143,159,152,118,100,110,142,147,152,145,140,137,112,123,145,129,158,125,98,110,126,107,141,125,114,158,146,137,139,124,160,126,100,103,123,152,125,135,147,142,137,139,140,142,128,116,113,107,138,142,140,142,127,118,138,138,116,114,113,112,117,106,110,111,132,132,128,134,151,132,126,116,112,90,114,87,83,125,117,113,124,122,117,123,127,116,88,109
133,107,107,116,119,121,120,125,125,128,130,129,125,114,110,116,113,103,113,111,117,116,124,115,117,121,111,111,129,135,115,110,116,105,111,127,110,113,118,108,123,108,130,130,126,107,110,123,100,112,110,110,112,109,110,120,123,133,122,109,110,104,104,111,118,110,110,122,107,123,124,132,126,111,104,96,112,117,114,107,117,108,107,110,132,132,121,110,105,108,100,117,108,109,118,114,119,114,130,122,120,106,124,105,109,110,107,110,110,110,105,115,136,123,124,117,105,97,120,120,115,120,122,119,126,110,131,126,114,107,122,114,116,121,110,113,110,114,117,125,138,127,114,124,121,115,118,119,113,111,113,114,124,121,137,122,119,108,109,121,112,116,100,117,113,122,122,117,126,116,132,111,119,112,119,113,128,124,120,123,121,141,136,105,125,126,121,125,121,120,113,115,114,120,119,127,124
136,126,122,120,116,125,123,119,123,127,132,121,131,148,121,122,141,137,158,148,156,155,145,161,143,160,156,152,120,127,140,155,142,150,163,145,152,150,146,155,131,161,124,131,138,166,156,130,143,134,146,132,151,150,145,139,138,129,132,160,150,154,151,156,134,132,152,131,146,137,145,129,146,150,147,145,147,124,156,158,127,150,156,156,131,125,145,158,158,156,152,151,159,162,159,154,156,149,121,132,142,160,128,151,152,152,142,139,155,142,150,147,126,123,141,145,159,143,133,131,132,124,122,145,124,156,125,119,143,152,131,149,123,132,136,144,143,150,142,147,123,116,136,147,137,145,137,145,141,142,143,134,136,136,124,120,130,155,150,138,142,128,129,131,134,133,133,124,128,130,130,141,133,140,139,134,125,123,134,126,125,120,135,122,124,130,134,127,125,125,130,131,123,132,120,120,121
112,127,131,135,131,115,103,114,117,124,114,117,119,142,140,138,144,135,130,125,142,129,125,130,123,128,134,133,129,125,146,140,144,136,127,122,139,124,124,150,121,144,130,126,137,132,138,128,130,127,128,140,130,141,131,138,123,125,125,139,128,128,128,127,122,115,124,123,147,125,133,125,132,134,134,127,122,119,120,128,110,123,137,159,145,130,134,159,141,123,129,137,136,124,130,128,132,136,127,128,128,139,120,124,122,134,131,136,125,116,133,147,130,128,126,133,122,115,113,112,114,118,114,108,110,143,133,131,128,137,125,124,112,129,119,121,124,132,145,147,129,141,127,144,141,117,122,146,133,128,126,127,131,146,121,152,128,140,133,123,132,129,129,131,124,132,133,145,133,125,132,145,122,132,145,136,123,100,109,109,125,130,139,119,121,149,122,110,106,104,109,113,120,111,109,117,126
130,133,133,144,142,141,141,142,143,141,140,139,138,139,137,134,135,139,137,139,137,137,139,138,135,136,136,136,139,137,136,135,135,136,137,132,137,138,133,136,141,135,139,137,136,136,137,135,137,135,136,137,138,137,134,138,140,138,135,136,136,136,135,138,139,133,135,134,140,136,141,138,138,134,134,137,138,143,134,137,143,138,139,142,139,139,139,137,140,137,138,140,136,141,140,141,140,138,141,137,139,139,137,141,142,140,138,137,141,139,142,138,141,137,138,136,140,139,136,141,134,144,142,134,143,139,142,136,138,138,138,142,143,130,137,139,139,140,141,139,140,138,134,139,138,138,139,139,139,140,137,140,138,138,135,138,134,142,139,137,139,135,135,143,139,129,131,138,140,138,132,138,136,138,142,137,142,137,140,140,139,137,139,141,135,137,140,138,140,141,145,144,143,142,141,137,144
127,126,127,140,139,139,142,141,139,135,135,141,134,121,130,116,126,117,115,113,122,125,130,121,122,122,116,118,119,119,113,114,119,116,122,119,116,114,119,131,137,111,124,122,121,114,112,133,123,130,122,131,110,111,117,115,136,123,122,115,115,114,114,117,129,127,113,130,124,122,136,124,126,115,118,129,126,140,117,112,132,108,119,121,126,124,121,118,117,113,118,125,120,112,115,112,115,108,122,128,123,112,131,114,116,112,108,125,114,120,123,119,124,117,124,120,118,114,118,130,118,132,135,120,133,117,128,116,123,112,134,123,133,127,113,106,118,115,122,125,126,116,117,111,120,113,125,120,115,119,116,126,116,129,124,121,118,112,120,137,121,130,127,135,118,126,129,126,122,130,125,116,129,136,131,123,129,122,131,131,130,124,128,130,135,119,130,125,130,136,136,138,133,143,136,130,138
138,123,138,121,135,132,134,132,142,131,137,136,155,135,141,146,122,135,138,136,131,127,129,107,120,108,114,117,132,131,119,103,111,117,94,110,107,112,116,112,138,120,143,136,123,108,109,127,121,119,87,87,117,108,96,107,129,145,127,108,103,90,85,92,113,114,103,122,101,107,128,143,122,111,106,108,100,114,100,103,136,114,109,97,133,139,125,101,98,108,107,112,110,107,106,102,108,122,143,145,120,126,133,109,115,107,110,100,109,106,112,96,133,142,125,118,100,102,117,91,102,104,128,108,114,104,143,143,132,111,135,107,121,125,122,115,139,121,114,111,150,137,123,123,127,114,109,102,121,108,119,101,91,109,145,134,121,132,124,106,101,121,102,92,106,117,122,112,133,124,119,117,128,102,96,115,103,127,130,114,122,120,129,140,128,121,107,119,116,116,131,128,134,132,150,134,145
105,124,124,125,128,123,120,120,119,119,119,118,107,122,115,131,126,122,125,126,114,120,117,116,116,121,118,124,125,131,125,112,119,115,123,115,123,117,118,111,82,122,122,128,121,120,122,58,110,112,120,113,125,121,117,116,115,126,120,113,113,118,119,117,111,108,113,49,105,103,116,125,118,111,107,101,113,94,118,115,83,119,115,109,125,124,125,108,111,116,109,110,110,117,120,123,124,115,125,120,124,117,62,119,124,114,114,110,110,102,114,106,125,129,124,102,112,109,110,103,101,89,91,114,100,115,126,130,120,110,63,119,103,45,114,116,114,120,116,117,122,132,122,109,110,115,119,112,111,114,115,115,113,107,115,137,123,115,116,108,111,113,110,109,114,47,47,121,126,121,115,116,76,108,114,119,113,105,117,117,119,123,121,133,119,118,114,118,121,123,129,127,132,119,133,120,133
113,103,88,132,120,103,109,111,106,106,101,112,105,108,121,97,88,100,107,115,98,105,121,117,116,107,114,130,121,112,93,123,124,127,114,111,129,118,108,116,121,120,120,116,90,124,123,121,109,110,134,120,122,121,119,128,127,116,100,119,123,121,117,121,121,124,118,125,122,117,113,115,105,119,117,111,118,120,111,120,117,121,120,121,105,111,103,114,126,126,110,103,106,122,123,121,127,116,118,114,106,125,119,124,118,118,122,129,121,118,109,114,118,114,103,113,114,127,126,122,120,130,114,119,112,117,121,113,98,116,116,105,106,119,113,123,122,120,106,115,119,111,108,117,105,109,107,117,123,120,123,112,115,106,106,107,116,119,123,111,110,121,121,122,126,119,117,112,109,116,110,105,121,110,105,110,92,98,93,106,110,116,101,128,97,108,100,100,108,114,120,125,137,143,133,106,135
123,138,136,122,135,146,147,144,144,144,151,143,135,138,146,136,133,147,141,139,128,123,131,118,105,115,112,107,140,122,143,118,117,117,127,110,117,114,124,139,117,114,138,116,138,128,126,132,118,131,114,111,119,124,117,107,143,125,137,115,130,125,117,120,117,115,121,126,116,106,134,128,132,116,122,122,133,113,119,122,118,117,128,131,134,126,133,111,120,131,125,122,127,138,120,121,123,124,132,129,134,128,123,125,122,121,112,106,124,122,130,113,135,124,137,122,116,126,124,120,125,114,123,128,116,116,130,123,131,118,121,125,112,129,115,119,115,126,111,116,136,129,135,116,110,133,129,120,121,111,124,125,133,123,136,132,136,126,122,118,123,115,116,120,135,130,131,119,131,141,128,130,117,137,132,123,123,140,150,148,138,126,121,132,131,108,136,143,133,143,143,136,132,140,136,123,135
128,121,122,96,100,106,100,96,97,98,105,97,103,114,121,125,121,121,128,132,127,130,119,118,121,127,126,119,110,118,120,121,121,135,126,122,132,126,120,126,131,130,106,118,114,127,129,142,114,119,127,120,134,136,127,128,106,113,107,119,127,125,129,126,113,108,128,141,123,115,101,111,104,114,118,110,111,131,119,122,122,124,122,118,105,115,101,116,119,124,119,125,115,120,130,130,133,125,105,113,101,128,133,125,130,128,129,111,125,113,123,118,101,113,104,114,117,123,128,119,126,131,133,117,120,124,102,115,106,122,130,123,115,139,121,125,123,130,127,124,105,117,109,132,117,133,135,126,128,135,121,127,125,123,108,118,109,123,112,113,126,123,126,124,116,140,140,134,110,116,119,120,131,109,104,122,116,105,104,104,110,145,132,117,122,132,108,104,100,103,105,107,121,121,123,134,120
118,104,96,116,112,106,105,110,114,114,111,112,117,119,124,109,110,119,117,114,122,112,134,115,125,128,127,134,123,117,122,138,144,125,119,144,134,130,143,148,129,142,135,126,117,142,141,122,135,132,138,141,133,133,143,147,145,129,122,145,132,150,135,131,135,140,132,126,137,137,140,127,130,138,130,156,138,140,129,140,134,144,154,149,124,120,118,148,138,139,144,138,162,128,134,140,134,128,121,122,123,150,125,128,130,146,132,139,129,131,143,143,122,114,123,144,133,137,119,114,121,128,131,138,122,134,131,109,115,134,126,149,139,125,142,133,137,135,127,132,118,101,114,142,137,130,133,127,119,121,123,122,124,124,100,101,110,137,135,129,126,120,133,126,135,121,117,113,103,100,112,125,126,126,119,135,117,115,106,103,115,122,104,104,104,100,98,107,119,117,117,118,111,127,113,104,106
121,123,121,122,128,118,119,122,123,121,116,121,127,110,120,116,112,108,107,110,105,110,104,111,108,110,109,109,121,123,107,109,108,113,114,110,112,112,109,121,125,117,120,121,111,115,114,121,130,126,112,116,114,114,110,112,116,120,113,111,116,119,120,117,115,117,112,121,113,110,119,122,114,114,112,124,121,126,119,119,126,119,117,112,122,123,115,112,118,121,122,118,121,114,118,116,118,119,118,123,113,117,119,115,119,116,112,112,113,112,111,112,120,121,111,107,109,114,113,117,113,129,123,113,127,114,121,120,112,107,121,111,138,117,115,116,112,117,112,110,121,122,113,115,114,115,116,113,114,107,108,114,112,104,117,120,114,106,103,109,107,104,109,108,105,118,118,115,126,119,117,109,123,122,121,106,119,126,117,123,124,115,121,109,119,120,113,121,125,121,117,116,116,117,110,119,113
148,134,139,136,135,134,132,129,133,127,132,132,125,136,136,133,136,134,121,124,122,118,132,121,112,120,116,124,136,142,132,113,111,109,117,114,116,115,114,125,125,117,135,146,136,123,115,132,114,120,119,120,116,115,126,123,141,142,128,123,111,118,123,117,119,124,111,129,125,131,132,146,125,125,117,118,124,128,115,119,128,124,119,135,136,145,133,122,122,117,118,128,117,131,123,116,118,120,140,143,132,122,128,121,123,124,119,121,121,123,126,122,141,141,132,127,121,124,120,121,119,127,124,124,123,128,140,137,126,128,130,129,125,135,120,125,128,122,132,132,135,137,129,122,122,124,130,123,117,132,124,118,134,142,140,143,127,123,127,131,120,122,115,136,131,134,133,134,131,131,124,129,126,132,123,123,130,123,129,132,130,133,129,152,118,137,130,130,131,135,137,136,140,132,137,126,137
127,110,98,114,98,100,106,108,103,104,96,102,93,122,100,117,124,119,117,125,92,111,92,107,112,117,127,129,122,108,137,121,121,139,119,121,128,126,125,129,132,140,129,108,125,129,125,128,106,112,122,107,117,130,131,120,127,111,125,144,134,135,128,122,111,140,118,129,132,105,122,105,129,133,123,128,127,115,112,129,119,138,138,145,118,107,126,140,137,146,138,93,113,118,124,132,137,141,127,106,128,130,123,141,145,139,125,97,126,126,133,142,126,114,125,118,113,139,118,102,108,111,101,123,126,133,123,121,123,129,114,122,123,125,126,132,114,137,122,130,125,118,131,128,106,129,141,116,129,110,118,132,143,112,109,114,138,143,131,110,134,106,111,96,115,130,129,135,100,125,106,128,120,121,116,125,101,125,115,100,94,103,77,104,89,110,130,109,94,88,76,77,74,97,73,88,77
120,128,127,125,122,125,126,129,126,122,131,120,104,126,124,125,134,132,136,134,130,136,134,139,146,131,126,134,118,128,131,130,139,126,137,142,128,136,140,121,119,120,121,125,139,122,124,132,109,113,131,140,124,124,125,137,121,123,136,126,123,127,137,132,150,143,133,131,114,130,123,124,128,132,123,115,117,112,121,115,115,114,112,114,124,131,131,105,109,113,108,114,110,114,113,112,113,115,121,126,132,111,130,114,112,112,123,131,114,132,117,116,126,127,133,135,122,131,128,119,124,115,119,134,123,116,129,124,130,122,126,116,109,136,129,119,126,115,110,127,121,125,132,108,115,107,119,122,124,124,129,119,135,147,132,131,128,118,132,132,131,144,139,136,137,135,133,122,121,127,124,130,124,123,135,139,129,120,131,130,121,146,124,140,130,132,135,125,123,127,131,136,134,114,134,138,137
143,110,133,122,119,129,123,121,123,117,122,125,107,119,105,119,128,138,112,107,134,133,106,116,104,122,116,127,115,121,148,127,110,118,131,132,131,146,118,127,116,115,128,126,137,142,122,122,152,117,121,145,134,122,127,123,120,129,131,142,137,114,122,131,122,119,128,130,126,107,127,130,132,143,139,146,122,119,165,145,125,144,139,125,129,134,139,136,133,133,136,146,165,155,144,138,126,125,131,128,133,145,117,124,127,131,148,135,133,141,136,140,125,129,127,148,118,129,144,145,149,131,128,147,113,124,126,128,122,145,128,143,130,126,155,146,132,141,129,123,126,128,124,147,146,146,123,132,143,138,128,126,101,125,125,123,120,123,116,118,129,116,121,107,123,128,130,128,136,115,117,122,127,136,138,119,132,137,133,124,112,124,126,118,124,133,136,133,131,123,126,126,127,134,130,118,130
137,112,127,122,123,124,138,134,136,128,131,147,148,112,120,107,116,116,107,103,112,111,119,109,111,124,113,104,114,109,115,111,120,117,105,114,112,96,108,139,154,94,115,115,118,96,104,142,128,156,113,135,110,101,118,105,117,115,125,101,112,105,96,96,118,123,107,142,125,107,126,111,129,110,104,120,125,142,106,96,150,102,107,106,136,116,128,109,94,96,104,115,112,94,101,96,107,98,118,115,125,88,133,111,111,102,112,135,109,121,117,110,126,114,122,112,114,112,123,118,127,156,161,115,144,96,132,114,132,108,145,112,151,129,122,106,131,108,111,108,123,116,122,100,112,101,128,110,119,127,113,138,126,93,108,119,123,117,117,133,116,132,129,139,129,129,134,97,107,120,138,123,147,142,136,132,144,142,135,135,134,130,106,126,131,133,122,123,132,136,136,125,128,140,133,129,119
119,132,136,102,117,132,139,137,140,140,140,134,128,137,121,140,139,140,143,138,139,139,134,131,142,139,138,144,113,130,133,137,142,141,151,143,150,139,146,141,121,147,120,141,132,146,145,124,145,124,146,134,152,146,145,139,106,137,130,147,147,144,135,144,138,144,142,122,149,136,120,135,131,148,148,139,127,117,145,145,122,143,151,136,120,136,125,139,140,146,144,129,140,146,145,145,141,138,118,133,134,142,126,149,146,154,148,139,141,134,131,134,116,144,135,133,143,141,142,126,126,111,122,144,122,133,112,144,124,136,121,144,129,121,143,151,143,140,131,138,115,141,130,142,148,145,146,146,152,135,146,128,139,127,106,133,127,139,144,137,134,132,126,121,124,123,122,107,111,121,123,129,116,132,126,132,123,116,123,119,112,122,116,115,130,123,121,122,120,115,116,116,116,119,121,120,124
126,125,131,109,117,130,127,124,123,118,130,120,126,117,132,126,139,127,138,131,136,127,139,139,130,133,131,127,117,110,140,138,129,129,135,127,132,131,128,136,142,137,110,111,126,146,144,132,125,144,134,126,126,131,126,131,123,112,122,136,140,125,125,130,122,127,129,129,127,133,123,109,119,135,140,130,127,151,124,127,150,125,124,133,121,112,114,137,136,129,129,147,127,135,130,132,130,130,113,115,112,138,136,128,121,127,117,127,122,131,132,138,109,109,107,136,134,129,124,123,123,131,144,138,145,142,109,104,112,143,142,133,145,123,123,125,133,127,133,136,107,103,103,131,130,110,114,130,121,118,123,126,133,117,113,107,96,126,126,135,126,125,119,130,127,124,128,116,114,116,127,113,142,140,131,124,140,139,129,125,118,131,137,116,136,123,122,127,118,123,119,112,118,131,114,134,114
149,112,104,129,123,106,105,118,120,107,104,103,107,94,130,107,108,106,113,104,117,116,123,128,128,114,109,119,100,136,98,146,127,118,140,121,127,120,124,125,128,106,91,122,92,142,131,135,117,127,125,131,131,127,118,106,121,126,86,134,129,137,131,144,127,122,130,135,128,117,113,127,100,136,111,135,161,159,140,137,121,121,141,112,119,139,92,139,126,128,127,120,136,134,117,128,116,124,108,143,93,132,134,132,130,139,133,149,133,137,131,137,108,137,94,125,139,143,131,162,148,139,128,136,113,114,123,125,96,128,134,148,143,136,130,121,121,140,109,109,113,135,98,137,141,144,138,134,128,138,134,138,135,150,154,144,96,135,148,144,144,129,125,150,151,129,131,122,125,116,117,137,140,141,133,130,128,103,115,115,123,127,135,136,125,123,113,117,130,133,137,134,143,152,142,116,131
114,146,161,146,135,131,127,129,128,133,142,127,119,139,128,167,145,146,140,134,122,144,136,131,142,155,139,148,142,140,165,134,134,138,115,120,132,122,134,122,127,139,135,141,156,143,133,134,132,109,144,127,127,123,124,126,118,136,142,137,128,118,117,127,114,105,112,127,120,117,126,136,122,121,117,104,84,89,113,113,121,117,115,104,109,137,125,126,126,134,134,113,129,119,122,112,109,113,127,132,127,124,125,108,116,118,123,104,105,121,113,123,109,133,122,124,111,104,126,91,109,114,118,120,112,121,121,147,114,132,120,116,117,137,123,123,119,109,107,116,118,142,132,94,112,106,115,120,108,113,127,108,115,123,124,135,136,111,115,116,115,146,140,127,139,140,138,119,107,118,123,114,126,126,140,154,139,162,143,131,116,135,112,120,120,126,147,141,126,127,123,132,132,122,117,133,103
121,76,80,101,93,92,100,94,94,87,96,97,113,100,103,100,91,98,104,104,91,94,101,109,90,89,114,111,123,126,106,96,94,107,104,107,109,100,106,107,140,121,129,127,117,109,111,118,123,118,116,124,106,109,122,116,140,128,117,106,117,109,112,110,101,118,109,121,119,131,127,132,120,122,113,109,104,137,123,124,130,121,125,120,131,138,124,114,124,123,125,144,140,130,120,120,123,117,134,150,133,129,127,134,126,127,116,129,128,127,134,127,135,144,135,114,129,130,124,131,114,141,139,136,138,132,140,131,125,126,129,109,122,122,121,125,116,113,128,139,128,129,120,112,121,112,115,121,118,104,108,100,125,119,115,132,118,109,114,105,109,104,100,106,91,119,125,127,105,119,104,103,125,122,112,111,114,128,103,97,96,116,101,114,97,105,115,93,91,102,101,108,104,124,115,106,111
114,140,123,117,129,130,131,137,138,140,134,141,144,130,131,105,121,121,133,134,105,119,118,132,129,132,128,121,121,98,116,124,133,129,118,128,124,133,135,126,114,135,126,100,121,134,133,115,106,112,134,128,124,135,127,125,131,108,118,133,125,124,124,123,117,127,123,122,131,120,127,114,125,139,115,116,122,130,124,124,101,134,140,140,126,119,115,138,135,138,130,110,125,128,135,139,141,147,128,121,113,135,115,138,139,133,140,135,125,128,122,131,130,122,124,120,127,136,110,118,114,119,109,122,115,139,131,123,118,127,117,128,112,119,122,127,129,146,130,135,134,123,119,156,140,147,133,134,133,128,125,117,123,122,134,123,117,137,131,116,116,97,108,129,111,122,119,128,124,146,142,122,121,122,111,107,118,129,137,137,138,117,124,106,133,125,122,131,129,137,134,121,125,119,131,129,123
92,138,131,124,122,127,128,129,132,133,134,125,115,136,113,123,128,131,135,134,134,133,138,146,143,146,138,144,113,109,131,144,138,136,142,137,139,138,148,141,105,143,110,115,122,144,145,110,121,118,140,127,134,138,143,121,117,115,123,149,143,152,146,147,145,147,148,113,135,109,125,118,124,159,141,140,136,110,152,152,109,144,152,134,120,117,119,155,148,149,147,126,143,142,139,141,139,144,112,120,119,142,109,147,140,152,144,142,142,140,135,140,125,120,123,136,141,131,119,125,139,116,109,143,105,138,122,116,120,145,109,139,108,119,146,140,127,134,124,131,116,122,121,124,113,133,135,144,142,129,129,129,142,119,116,130,114,137,134,123,134,119,125,124,127,119,117,113,127,138,118,119,107,117,133,131,123,110,111,112,116,116,121,117,117,111,113,117,118,119,113,110,106,112,109,113,118
138,128,126,140,132,132,137,138,131,135,135,133,130,129,128,142,145,130,129,126,131,124,138,131,118,129,132,132,139,145,144,142,139,121,131,132,120,131,132,126,134,137,142,144,151,131,129,137,139,130,132,144,123,127,133,142,137,142,156,136,130,125,127,135,141,140,130,135,133,140,146,138,156,136,136,129,139,132,123,126,131,126,122,139,136,138,150,139,128,122,120,115,126,133,119,122,124,133,140,137,146,130,138,127,123,124,135,143,130,133,134,142,143,132,143,152,133,135,135,128,140,134,132,139,133,138,140,140,147,138,135,130,128,136,126,120,121,119,136,132,147,138,156,135,142,130,126,133,129,139,130,127,137,141,123,136,154,137,143,136,131,141,134,135,150,136,138,133,148,138,151,141,136,130,128,132,132,133,139,143,145,137,139,111,126,140,146,146,140,133,126,132,131,135,126,134,134
151,116,122,118,121,138,133,139,138,138,135,132,130,131,115,125,129,132,117,123,123,107,131,109,113,105,110,98,131,140,143,101,105,98,116,108,111,102,111,124,138,102,123,132,150,117,117,142,106,121,102,113,109,108,106,96,116,128,137,103,113,116,118,104,122,117,113,137,122,101,119,133,128,112,110,107,122,133,103,106,137,109,109,113,125,133,131,108,102,101,96,125,110,109,112,118,113,98,124,129,135,107,139,111,114,109,115,117,116,110,112,96,127,128,137,100,117,105,121,127,110,132,136,105,138,100,125,129,126,106,143,108,136,136,97,96,107,100,107,97,128,136,129,100,97,116,117,106,103,120,120,123,113,132,151,143,128,106,111,124,124,125,131,138,129,141,142,120,130,139,135,122,136,140,135,117,129,144,140,137,131,152,134,116,140,144,141,132,139,138,131,132,118,132,122,135,121
141,136,131,146,150,141,136,137,135,140,135,131,130,144,133,130,138,147,165,166,159,173,139,150,136,156,165,152,139,140,140,155,152,156,154,142,152,139,146,150,130,152,133,139,137,156,158,135,143,128,150,131,154,159,151,152,122,133,126,151,152,155,146,152,134,127,149,133,159,135,131,140,128,145,149,133,127,124,141,151,125,148,143,154,133,142,133,159,158,156,156,136,147,159,159,158,152,148,134,147,134,158,137,152,154,156,147,139,155,136,151,143,132,141,132,145,155,143,139,141,138,121,132,148,122,149,132,138,129,141,133,152,130,133,142,145,152,146,148,140,138,136,134,149,136,156,149,151,142,144,139,139,132,119,142,144,141,133,136,143,141,125,122,120,127,134,132,133,141,139,129,125,126,117,133,140,125,148,144,144,137,113,127,146,123,138,144,151,152,151,144,137,134,116,140,118,139
147,145,147,149,150,140,142,140,139,134,141,132,115,120,123,152,148,110,113,126,107,119,124,119,115,100,104,116,108,137,147,113,112,109,116,116,112,105,102,121,126,114,108,142,152,113,101,124,137,127,126,117,101,110,111,126,97,144,142,116,109,121,121,104,124,116,101,127,118,124,120,146,138,115,108,121,124,123,133,121,120,123,114,121,134,141,149,113,113,118,118,123,122,115,120,118,113,116,122,134,146,112,122,115,118,110,111,128,112,126,119,122,124,146,148,121,128,122,127,128,112,128,118,111,112,108,125,148,145,120,120,124,121,132,117,119,121,107,121,123,124,143,154,123,113,122,125,114,117,115,124,144,129,120,126,133,148,133,118,138,131,116,114,124,123,139,132,128,136,127,148,144,130,144,145,130,126,140,151,154,150,155,144,127,156,125,143,156,152,146,136,122,120,123,119,159,128
123,129,118,133,130,142,148,144,145,144,145,143,140,134,128,123,127,129,131,131,133,127,144,127,126,128,123,118,143,135,132,118,123,118,123,122,124,121,124,122,125,121,147,140,142,117,118,129,127,126,124,141,131,124,128,125,135,139,144,114,127,127,125,122,129,128,122,129,127,128,137,142,141,112,128,129,128,128,129,121,122,118,120,122,142,140,143,118,116,118,118,122,121,125,121,116,115,116,149,141,147,119,131,123,118,122,129,141,121,115,124,120,150,138,143,130,124,120,120,127,122,112,121,118,129,115,147,138,139,117,128,121,117,132,120,116,123,119,126,121,144,134,144,114,121,120,121,127,124,132,132,126,122,133,136,131,144,128,129,140,124,130,137,142,132,132,131,127,146,129,123,138,121,125,139,139,142,133,142,145,137,119,132,134,121,119,142,148,144,136,128,126,134,114,132,121,136
112,104,127,141,140,117,131,135,136,128,126,121,97,114,110,121,125,130,130,118,121,116,131,115,104,114,119,103,110,108,111,131,126,133,121,117,142,131,118,129,111,111,110,101,106,140,137,123,120,115,132,127,135,131,125,109,104,96,109,123,143,143,146,145,105,113,130,118,120,90,97,102,105,120,130,127,108,114,137,148,123,129,119,127,102,109,107,137,145,146,123,122,127,134,142,142,136,129,100,114,111,151,124,133,129,135,122,105,123,100,120,110,102,113,109,110,114,117,102,103,112,120,109,104,101,124,107,116,107,103,122,123,119,122,126,134,100,130,113,111,96,114,92,146,121,134,130,124,132,131,109,100,94,90,93,110,97,122,102,108,112,96,119,109,96,116,114,104,103,119,105,92,116,92,105,109,97,100,124,118,118,107,100,117,93,91,111,112,117,120,112,114,109,114,109,100,113
138,126,128,130,132,120,124,125,122,122,123,122,118,124,130,126,123,133,130,128,129,131,126,130,127,126,127,128,128,129,126,130,126,129,129,128,123,124,125,126,131,129,126,128,129,127,123,125,130,120,123,121,124,131,123,122,131,129,125,131,125,130,136,128,124,131,128,126,122,127,121,126,124,126,124,128,127,126,128,131,130,127,131,125,122,125,126,126,128,130,130,129,130,126,128,126,131,129,125,129,123,127,125,128,128,125,122,119,127,124,127,126,126,126,122,123,126,130,127,125,125,125,129,125,130,129,127,128,120,124,125,126,130,124,127,125,126,130,131,128,127,128,124,124,122,128,129,126,127,124,124,128,123,122,126,128,128,129,123,123,122,117,118,116,122,125,125,123,125,129,123,125,129,125,120,123,117,119,125,124,130,127,126,124,122,121,123,123,125,124,132,131,133,136,132,128,128
149,122,122,130,124,123,116,117,118,122,122,123,117,129,141,114,121,113,125,121,125,132,131,129,131,127,136,129,120,118,121,123,126,126,129,131,129,138,129,122,124,131,118,114,119,118,126,125,134,139,130,142,131,124,135,138,121,116,123,132,128,128,122,120,137,148,127,130,145,139,122,110,125,133,138,146,154,131,126,124,123,135,126,116,122,112,121,137,127,120,124,140,135,126,123,125,121,121,125,109,118,127,124,125,126,130,134,140,132,134,122,133,124,107,116,133,137,134,139,137,142,124,127,126,104,115,119,108,114,138,127,145,124,129,128,121,131,130,114,130,121,101,119,137,145,133,121,122,122,133,135,108,119,138,114,100,129,126,133,118,120,135,137,133,141,127,124,131,129,126,133,116,125,126,121,124,109,100,113,108,107,127,132,135,131,131,119,115,117,107,117,119,129,126,128,131,130
126,119,127,104,117,126,124,124,128,130,126,133,129,140,96,137,133,127,124,139,125,121,104,100,96,111,119,113,125,125,137,110,112,120,101,93,112,107,97,107,141,125,131,122,140,116,120,127,115,116,96,103,115,118,103,118,108,117,138,103,110,105,108,102,98,105,112,123,129,121,116,117,138,87,114,126,105,116,90,113,130,118,107,134,125,121,132,110,109,115,119,92,105,97,110,116,112,128,130,118,137,123,127,130,116,115,121,121,130,109,135,116,129,119,138,109,116,113,108,96,110,125,127,117,117,117,120,120,135,127,126,109,112,114,110,110,126,129,115,108,129,114,143,129,123,118,116,109,115,116,127,149,132,120,118,109,141,142,131,132,137,123,125,116,115,115,117,139,132,97,124,136,126,111,101,125,124,132,137,124,120,100,115,100,113,114,128,124,114,115,107,101,110,120,110,112,102
137,144,131,133,133,138,135,139,139,144,139,137,127,134,135,126,135,128,126,127,126,124,133,124,127,124,120,122,135,128,125,122,126,113,117,116,110,109,119,113,113,114,137,126,126,118,115,128,102,108,116,117,107,108,109,121,132,129,129,120,115,100,103,100,122,118,111,124,103,128,141,128,136,124,115,114,100,97,104,100,108,100,104,116,136,130,130,116,115,112,116,113,105,111,102,105,104,114,139,134,132,121,128,116,109,111,107,121,116,121,129,128,136,130,130,129,120,126,122,119,114,107,106,130,121,121,141,130,126,130,119,125,112,130,115,113,116,108,117,127,136,136,127,109,125,111,117,119,113,118,119,120,116,138,130,138,128,125,133,129,119,140,134,141,125,131,131,130,132,127,123,134,120,120,136,133,137,138,142,144,138,132,127,114,130,124,138,146,141,145,136,135,130,119,126,130,118
128,120,107,124,128,144,143,141,139,149,156,150,135,139,125,125,143,134,141,137,152,143,149,176,167,165,144,148,141,128,138,150,152,142,145,150,141,148,164,151,126,139,142,122,134,123,128,114,130,140,148,165,136,138,148,156,144,124,155,141,139,152,132,127,145,162,146,135,138,158,144,126,144,149,141,156,137,117,146,140,129,152,136,126,127,131,128,137,131,130,133,110,132,121,114,119,112,125,131,142,137,115,120,137,126,130,145,151,130,161,134,144,135,132,129,150,147,159,136,142,147,121,117,164,114,146,141,130,152,141,129,147,132,129,156,138,139,126,112,121,143,126,134,128,151,120,121,138,129,120,144,145,151,114,141,130,135,149,141,147,147,138,129,138,143,122,125,111,145,151,134,133,125,129,131,162,130,126,140,126,132,116,127,120,115,97,140,134,128,123,122,129,137,138,134,118,126
124,124,133,136,121,119,122,127,133,133,130,133,120,134,136,138,124,125,144,133,133,140,123,126,148,132,148,139,122,146,125,142,138,143,147,151,154,156,156,145,124,149,122,142,132,147,147,117,158,143,139,143,151,139,146,137,123,144,126,152,143,152,151,156,145,145,149,120,141,137,120,142,125,156,152,152,152,124,146,155,128,151,150,125,127,149,134,140,140,138,130,130,152,159,139,136,122,134,126,150,135,147,119,138,133,150,142,142,140,134,134,141,131,152,132,145,138,138,126,118,123,113,124,138,122,144,132,148,131,142,118,124,124,121,136,142,141,130,120,147,131,151,133,132,136,123,121,147,151,136,140,135,131,119,113,155,127,132,140,129,127,124,122,120,122,120,120,145,137,135,115,127,116,109,114,133,119,137,130,126,127,150,140,128,138,138,123,124,125,124,118,121,126,117,114,144,125
128,136,133,132,137,137,135,140,137,136,133,135,122,131,113,130,126,133,126,130,128,126,131,107,119,121,118,108,127,120,124,120,108,112,118,117,115,113,119,120,125,106,126,115,131,120,116,131,114,120,117,105,114,113,117,119,119,115,126,115,117,115,103,112,108,107,114,125,117,115,121,115,121,109,113,114,101,119,112,105,129,106,116,118,113,109,124,115,116,109,107,109,107,112,107,111,109,108,119,107,123,117,129,108,107,107,110,111,109,117,118,116,121,103,122,115,112,102,105,107,114,121,122,104,131,110,117,103,118,120,130,110,131,122,104,118,108,106,114,117,125,108,122,121,116,107,111,114,115,110,110,117,113,128,127,110,128,116,115,120,106,126,126,122,123,121,122,134,135,118,122,132,129,117,120,115,125,143,144,138,132,136,133,125,135,138,142,134,131,137,131,137,126,131,133,138,126
144,130,131,116,118,130,125,127,126,127,130,129,134,132,131,135,139,130,136,136,132,130,134,131,132,120,124,122,127,126,135,126,128,125,124,131,130,127,130,123,143,123,127,124,129,127,129,145,121,135,120,119,126,127,121,116,125,126,129,120,127,114,122,124,126,127,130,143,124,121,124,126,129,118,124,127,132,142,124,123,142,126,120,124,127,122,133,119,124,127,125,137,125,126,125,128,130,132,128,126,130,127,145,126,128,132,130,130,129,129,124,118,126,128,129,122,128,135,130,131,131,141,137,135,140,124,127,129,125,124,145,130,148,140,128,128,121,126,128,117,129,129,127,126,125,136,139,128,129,129,124,123,128,123,126,130,125,125,128,129,128,129,127,131,130,140,141,123,128,129,121,130,147,134,130,136,136,132,127,126,125,128,137,130,130,128,124,125,121,124,125,121,120,126,123,135,130
128,118,123,109,110,125,120,121,121,123,127,125,116,127,112,112,124,130,131,135,132,127,130,130,131,129,132,128,119,111,124,121,123,125,126,128,127,124,127,128,117,127,116,108,121,124,127,116,124,130,128,120,125,132,126,124,112,110,124,126,131,124,118,120,116,118,124,121,125,119,126,108,125,125,126,130,121,110,126,124,115,126,127,125,121,110,128,124,134,137,134,129,132,133,131,136,137,140,115,112,124,135,115,137,136,134,129,127,137,132,148,132,123,109,122,135,137,135,127,119,123,110,115,133,115,139,121,108,124,139,117,144,119,125,138,139,140,136,135,125,116,110,125,128,133,135,135,138,133,128,133,139,127,122,119,114,117,141,140,140,136,127,128,127,129,126,124,130,126,120,122,139,116,122,138,138,127,117,131,125,118,118,125,120,117,122,126,122,123,123,122,121,117,127,118,125,122
138,131,133,103,112,126,128,125,124,115,120,121,131,113,125,125,125,119,120,122,122,117,118,129,127,119,121,122,131,115,120,131,130,122,125,129,120,120,122,112,124,117,128,114,117,123,123,121,98,108,122,117,117,115,123,124,118,113,117,121,123,121,120,127,128,123,123,121,119,127,117,117,118,124,124,126,124,135,125,122,130,122,123,127,128,118,123,129,126,128,130,129,119,129,128,133,131,131,132,115,123,131,123,132,133,131,126,130,131,127,134,126,126,114,126,135,135,132,133,121,132,125,115,131,120,126,122,114,129,133,125,134,131,119,136,137,144,136,131,124,127,114,123,128,133,127,131,134,131,128,136,134,119,120,138,117,125,129,127,138,139,124,115,123,132,119,121,114,127,114,117,122,129,123,119,124,121,128,126,126,128,116,110,126,117,121,132,131,124,122,120,117,110,116,116,107,108
115,101,108,120,125,114,117,118,114,119,122,126,115,129,108,100,115,118,134,125,129,133,129,144,151,139,141,135,110,106,124,130,141,135,145,140,150,148,139,132,117,136,117,111,126,137,136,106,140,131,140,132,137,129,137,126,112,117,124,130,135,143,135,140,144,144,141,113,138,111,129,116,123,142,139,135,135,122,148,144,129,141,146,132,124,109,129,135,136,132,127,151,147,140,139,134,140,129,123,108,130,137,114,129,131,140,137,140,142,122,135,133,124,107,126,125,140,134,130,119,131,117,115,135,120,135,121,107,125,126,118,128,117,114,134,139,142,146,138,132,121,104,126,122,119,124,117,129,132,131,134,130,123,121,128,108,122,128,120,134,125,116,127,122,120,113,113,130,132,124,115,126,116,109,128,132,114,102,114,112,115,96,118,110,110,107,115,110,115,108,105,107,104,112,106,90,105
143,130,131,131,123,117,120,115,117,116,113,119,133,118,124,128,124,118,120,122,120,115,105,112,125,116,117,123,118,119,117,130,124,120,117,123,118,118,112,116,134,119,116,115,110,121,122,130,125,129,119,117,112,118,119,123,118,114,109,129,112,114,121,119,120,119,123,128,117,120,115,112,118,125,117,112,116,136,111,113,134,111,115,117,107,112,111,128,120,118,117,116,110,104,116,119,110,119,111,109,111,116,134,121,117,115,119,118,116,114,110,123,111,105,110,122,112,115,121,120,128,139,136,114,136,121,110,109,110,116,135,116,139,122,115,120,120,116,112,133,111,107,109,125,131,124,119,123,115,114,125,116,120,130,121,105,116,117,124,113,117,130,126,120,120,123,125,126,118,120,117,115,138,135,126,110,117,128,114,121,131,130,119,129,121,111,110,119,126,125,130,135,142,129,146,127,135
114,117,116,113,116,118,119,116,117,120,123,118,129,112,118,116,130,119,119,124,129,120,125,128,121,121,121,110,123,120,118,115,112,121,115,117,118,119,120,130,128,113,123,115,126,118,120,120,118,134,112,121,120,116,115,119,132,117,125,117,120,120,115,117,122,114,116,117,124,115,126,120,127,120,121,120,117,122,113,114,126,114,115,120,127,118,125,120,123,118,127,134,122,117,116,116,119,120,126,113,123,123,124,119,120,122,116,120,120,124,121,126,126,116,122,120,125,123,118,130,117,133,133,121,134,119,126,114,118,124,125,118,131,115,124,120,122,114,119,113,120,117,119,124,125,116,122,122,116,125,113,114,118,115,123,116,118,122,127,121,122,121,123,123,116,115,115,108,116,126,114,118,130,131,129,126,133,122,118,116,113,109,122,131,116,109,120,118,117,116,127,125,122,121,124,119,127
139,138,132,130,126,129,129,135,139,136,131,131,139,134,142,135,147,141,134,131,144,140,131,117,129,125,125,136,136,131,138,132,134,133,129,140,137,132,132,133,128,132,136,132,130,130,133,123,134,134,132,128,129,121,128,129,136,129,141,122,126,112,115,120,136,122,123,120,127,141,144,133,141,131,129,133,111,113,129,118,125,116,114,122,134,137,145,128,122,124,127,120,129,119,122,123,118,121,136,134,142,123,126,121,121,133,127,137,125,124,129,129,135,133,142,137,134,119,120,117,134,116,117,130,125,128,125,131,146,133,132,133,123,119,141,139,148,138,122,127,127,131,143,132,140,124,119,128,137,127,147,135,116,123,144,133,141,133,135,134,121,128,131,126,128,115,120,131,135,137,149,142,133,111,123,137,119,93,104,114,125,125,134,129,143,140,119,125,126,113,130,138,136,129,135,135,121
128,158,158,138,142,144,148,142,148,135,143,143,146,138,145,147,140,140,142,151,143,156,135,136,139,155,156,141,135,133,135,145,141,156,148,142,145,134,146,145,127,145,133,133,138,150,150,130,146,131,138,145,144,147,148,136,135,131,139,150,145,149,148,147,133,143,132,129,149,137,133,134,138,152,148,138,136,141,144,143,135,141,149,137,132,133,137,145,142,141,141,144,134,137,139,144,142,133,137,134,135,144,128,137,137,136,133,132,131,131,136,141,128,131,133,146,132,135,133,132,138,128,136,145,139,140,131,131,145,164,130,141,133,129,135,137,142,142,137,140,134,129,134,140,135,138,142,139,140,143,140,138,138,136,146,131,132,140,138,134,139,141,139,137,142,129,130,143,141,131,137,133,128,131,131,154,138,131,134,142,140,140,152,151,152,147,133,139,143,141,142,138,155,138,154,150,145
107,98,108,126,124,125,126,134,136,131,135,132,115,122,116,92,123,124,121,128,141,126,130,117,113,111,106,112,127,97,113,120,117,122,124,120,125,128,109,109,127,119,122,102,102,122,120,117,110,122,128,123,129,131,100,128,119,111,110,117,132,111,136,128,134,116,131,122,104,108,140,116,124,115,111,100,136,127,108,125,141,108,97,117,130,117,123,108,114,124,130,116,109,108,125,124,111,127,129,115,117,112,119,111,107,102,108,113,108,100,104,114,130,108,116,104,96,90,84,68,98,124,118,100,103,120,135,110,123,112,121,117,124,123,110,113,113,125,125,125,125,111,124,123,120,132,123,114,117,121,108,102,105,110,119,107,116,110,107,110,103,105,110,105,89,118,119,121,118,121,116,120,125,112,110,90,114,115,138,133,129,128,132,125,132,121,120,136,136,130,131,131,134,129,135,136,142
137,133,141,110,120,128,132,130,134,131,124,127,131,104,127,132,123,124,113,117,117,107,117,110,100,109,115,105,126,116,111,100,101,103,105,103,104,104,116,111,117,103,122,113,116,115,106,123,105,119,109,104,102,102,115,111,122,114,111,115,107,108,107,110,100,105,98,124,97,101,116,114,111,111,111,94,115,129,103,108,117,100,101,107,124,109,110,115,118,111,114,123,103,115,111,105,105,113,125,114,116,114,120,108,100,100,94,96,94,98,108,94,122,122,117,120,102,96,96,91,98,115,107,103,108,116,121,118,117,110,115,89,96,129,101,114,102,103,118,120,128,118,119,128,107,123,127,103,119,107,102,104,113,126,134,112,122,122,118,109,101,114,116,108,109,130,129,142,125,122,134,125,115,117,117,128,128,135,131,133,133,146,142,142,131,141,122,129,127,131,131,131,130,133,138,149,133
142,124,115,122,121,122,127,125,126,124,124,126,120,119,128,120,120,113,110,106,111,103,115,100,111,104,107,110,131,117,109,101,98,100,100,96,100,98,100,104,121,104,129,118,116,100,97,122,111,112,96,114,97,100,93,100,134,122,118,100,96,102,110,94,102,111,94,122,108,102,123,128,120,100,92,103,114,119,98,100,119,96,93,100,129,129,127,96,93,96,92,117,98,103,101,100,98,94,131,131,124,101,120,92,84,96,97,100,92,100,96,89,131,130,129,104,96,96,93,108,94,117,116,91,112,92,135,128,121,92,120,86,107,125,89,94,90,90,102,100,131,130,127,96,96,90,86,93,97,103,97,104,88,114,115,131,126,105,107,104,87,110,110,110,105,124,124,116,129,125,121,118,117,115,119,110,106,115,118,118,118,120,125,135,119,125,112,123,128,129,130,130,131,125,134,124,131
118,152,156,128,125,128,123,129,124,124,117,116,112,117,141,142,137,126,120,129,123,130,139,112,115,123,129,115,115,122,131,121,118,130,122,121,124,113,122,126,121,122,117,124,117,122,122,113,113,105,118,120,121,121,127,115,114,120,116,110,109,122,124,117,104,100,117,128,113,108,112,117,124,112,126,113,96,114,126,123,126,112,114,141,130,117,119,119,138,133,130,121,129,118,133,121,123,119,113,120,126,122,121,127,121,118,128,134,125,127,120,124,121,121,125,130,117,105,97,115,118,136,121,114,126,138,120,124,130,114,122,124,112,119,105,116,121,116,132,121,120,124,126,120,100,127,123,110,115,129,119,147,129,139,108,131,122,129,126,145,136,139,149,144,140,119,118,152,125,123,138,141,134,124,125,127,139,117,124,122,121,148,135,117,121,146,122,122,117,120,124,127,114,107,117,131,116
125,127,132,127,126,121,121,120,123,127,124,123,123,127,133,131,134,131,134,136,139,132,131,140,139,135,128,125,132,128,131,133,134,134,134,142,139,141,144,127,119,129,128,128,132,133,139,126,129,130,145,137,142,139,132,132,124,127,124,132,136,135,141,137,142,142,138,129,142,131,122,130,126,134,135,144,140,124,136,134,125,138,129,131,131,132,127,131,135,132,137,124,121,127,134,133,125,120,130,132,124,129,129,130,136,136,143,130,136,133,127,125,128,133,119,137,138,136,135,130,142,121,116,126,115,124,130,131,127,134,123,137,132,131,136,134,130,130,117,125,124,131,125,122,132,131,127,127,129,133,137,130,123,127,135,131,122,128,133,123,129,128,129,128,132,130,130,124,129,134,127,132,127,115,124,132,134,130,122,121,121,126,122,130,131,134,126,129,130,121,117,119,118,114,119,123,123
123,123,119,127,117,122,113,118,117,114,118,124,138,114,131,106,130,123,114,108,122,110,121,116,102,105,118,106,121,114,118,132,112,117,113,118,119,117,107,117,124,120,126,127,121,122,129,124,114,97,125,119,110,113,111,119,156,133,128,116,119,106,112,113,112,102,114,126,117,117,133,123,129,110,119,116,109,129,108,118,125,111,109,120,124,114,129,119,114,113,105,122,122,124,121,118,113,116,130,131,130,125,126,109,98,111,103,109,109,105,110,106,134,120,124,98,104,91,84,100,87,121,133,100,120,113,128,115,130,103,126,88,113,121,94,105,94,104,121,105,133,110,126,128,116,113,108,127,112,102,82,105,113,108,135,114,127,114,90,106,106,100,100,115,79,122,124,126,138,143,137,111,128,126,118,104,111,115,112,112,108,144,140,135,149,138,125,118,121,130,135,123,123,135,129,144,125
93,97,109,131,126,114,114,113,117,117,120,109,111,112,116,109,124,120,141,144,148,137,124,143,144,142,139,124,104,128,132,112,114,135,131,132,137,147,149,142,125,132,104,138,125,126,133,120,143,137,145,146,151,147,152,137,101,130,115,125,148,134,147,130,145,147,152,127,149,127,110,131,118,130,139,142,155,135,131,135,135,141,146,138,119,121,116,125,139,137,142,156,133,138,148,149,149,141,107,119,116,139,124,139,145,145,129,118,140,127,156,149,116,127,120,120,126,131,145,132,147,109,135,148,112,141,119,132,118,147,121,135,110,126,135,140,139,137,140,143,114,141,112,126,130,139,134,144,136,124,139,135,146,135,151,151,113,135,122,112,118,132,140,115,137,128,125,150,124,117,108,130,117,113,131,154,128,120,131,116,123,122,121,129,115,113,125,121,119,120,119,122,126,116,119,118,127
122,113,128,142,132,126,116,129,127,127,120,126,117,132,122,128,128,141,146,148,142,141,133,106,116,128,122,117,103,119,132,141,129,131,96,119,135,108,121,105,124,126,108,121,128,108,138,136,125,124,114,96,135,128,121,120,100,124,134,114,128,105,94,111,112,100,128,135,144,125,113,120,135,97,127,114,100,130,109,108,133,113,112,141,106,128,133,122,120,112,125,116,108,102,117,118,121,122,116,137,128,121,133,121,124,125,132,136,134,119,132,140,110,133,126,131,124,115,123,117,134,130,128,125,120,132,115,135,133,120,137,137,131,128,127,129,131,134,126,113,123,130,144,126,123,123,127,119,127,124,135,146,120,112,125,127,148,133,135,138,123,133,136,125,134,127,132,139,119,104,120,141,128,110,111,133,144,138,132,119,108,112,111,107,108,105,137,129,113,103,106,115,119,125,116,113,101
155,119,131,125,121,122,127,123,125,121,126,135,120,126,126,122,128,117,122,136,120,116,127,136,129,123,124,122,126,107,126,126,121,133,130,116,130,125,110,129,133,122,124,109,123,126,127,131,132,147,133,123,134,134,126,132,120,106,125,125,133,128,127,128,133,134,125,130,142,124,124,106,132,103,114,112,134,135,118,128,137,132,124,125,124,102,134,120,122,126,114,122,111,127,136,132,138,136,119,104,132,125,128,118,122,129,122,116,126,114,120,110,123,108,126,107,115,110,121,119,113,123,134,121,132,122,125,117,130,113,132,111,128,128,120,135,126,131,131,136,124,116,133,127,127,136,135,128,136,124,127,122,120,117,109,116,138,120,115,106,111,120,108,113,125,125,126,130,129,125,130,120,125,126,120,113,119,145,134,128,125,105,118,124,122,124,124,132,130,128,125,127,133,121,142,108,133
154,106,120,111,109,100,110,106,110,112,107,115,133,101,108,114,108,112,97,103,106,100,88,100,100,96,98,97,121,124,105,96,104,107,97,107,100,100,102,98,151,101,120,121,108,109,103,141,120,123,101,106,103,100,109,97,108,121,116,107,107,106,104,96,105,113,106,146,105,102,96,122,112,114,113,120,110,145,100,108,136,108,105,104,110,120,113,107,102,105,105,112,113,107,110,109,112,119,118,118,118,110,150,100,100,105,100,84,108,96,107,108,115,119,118,105,106,108,104,93,103,137,139,118,143,107,115,115,114,110,147,108,130,139,110,109,109,114,110,117,111,111,116,116,122,113,112,118,118,108,108,106,104,103,108,108,123,101,97,91,97,98,98,96,96,138,140,100,111,118,102,93,142,124,103,96,104,116,108,108,110,98,94,119,97,100,102,110,114,112,107,113,105,123,104,96,109
100,126,125,117,124,128,128,129,130,128,135,132,114,130,119,134,130,136,129,133,123,122,123,122,123,118,124,123,124,131,137,119,124,129,127,132,131,129,126,117,108,122,122,133,132,122,130,110,133,118,130,128,128,132,131,126,119,130,129,122,130,124,127,125,125,132,130,109,124,126,125,135,131,125,129,125,116,100,129,127,107,132,122,135,124,131,129,126,128,130,124,122,131,130,131,129,128,130,122,129,127,127,109,134,136,129,126,125,131,125,128,126,127,134,128,121,126,133,131,123,122,107,112,128,107,125,123,133,126,131,107,126,109,110,129,131,131,130,129,128,124,131,130,128,127,136,131,133,136,125,127,131,127,127,118,130,129,131,130,120,130,128,127,126,123,112,109,125,122,124,125,128,106,129,128,125,120,117,129,125,119,120,113,122,118,125,126,128,122,121,121,121,125,127,125,119,116
132,156,155,148,155,152,150,152,150,148,145,141,139,154,143,148,152,163,158,160,147,156,141,144,147,151,146,148,142,136,150,144,143,158,152,148,147,149,150,152,147,152,138,139,146,146,150,147,159,154,154,140,143,149,140,139,137,141,144,151,152,152,139,147,128,132,142,146,154,133,136,140,144,156,146,145,132,147,149,144,144,147,148,152,137,146,144,155,150,149,148,145,148,149,144,137,136,142,133,143,139,152,146,151,146,154,142,138,150,139,148,148,138,142,136,145,156,150,147,147,140,136,150,150,140,147,137,146,141,150,146,146,142,146,146,150,159,152,143,156,133,148,144,158,152,148,149,156,152,137,150,145,146,135,143,148,137,145,145,148,141,132,133,128,132,147,148,159,141,148,142,155,137,142,140,140,139,147,150,150,149,152,138,133,138,146,156,156,147,147,133,125,119,125,121,140,124
109,133,123,141,144,131,139,138,136,144,151,134,123,148,133,144,154,146,146,145,142,140,150,146,112,134,135,126,146,150,152,130,133,137,133,116,135,130,122,148,115,145,146,149,158,150,143,124,143,132,138,136,145,133,129,131,149,152,151,137,144,125,121,128,123,127,127,123,141,138,166,152,159,136,140,136,135,129,134,137,113,133,136,149,164,152,161,144,142,141,137,147,139,141,139,132,138,139,161,154,158,143,117,140,134,147,130,147,150,121,146,143,166,158,161,135,137,131,119,125,125,110,121,136,128,143,167,159,167,155,112,137,118,128,130,135,140,137,138,155,172,159,169,128,136,134,138,147,152,147,143,155,170,156,166,164,173,156,154,136,146,134,147,155,150,130,129,168,164,171,166,165,113,143,163,160,152,128,155,148,149,125,141,145,145,139,156,148,143,139,145,146,155,154,158,125,147
134,150,141,127,126,137,136,137,136,138,138,131,131,134,142,138,146,148,142,141,137,143,136,131,138,149,141,148,140,125,141,141,150,146,140,140,137,141,149,152,150,146,137,125,141,131,139,145,136,147,140,149,135,134,149,142,132,124,146,132,137,126,120,125,152,141,138,142,149,137,141,130,149,140,146,146,141,163,127,114,152,123,116,136,139,130,144,134,125,122,131,132,134,118,124,122,130,128,144,131,141,125,144,124,125,122,128,137,116,139,139,133,139,128,138,137,128,134,127,138,137,159,146,131,156,136,142,132,145,136,142,137,145,139,141,131,137,126,131,138,141,129,143,128,139,136,149,140,134,130,128,135,129,146,141,131,138,129,134,134,134,141,147,140,128,138,141,134,145,132,136,141,145,120,135,137,133,130,145,138,133,143,142,145,147,139,142,134,134,142,138,132,134,134,133,138,139
133,146,147,139,139,141,142,143,144,147,147,148,125,139,149,145,156,134,126,131,126,132,132,123,133,128,128,127,148,139,141,129,134,123,132,132,122,131,134,124,122,123,143,142,141,119,123,133,140,131,129,133,121,125,126,131,140,143,141,125,120,125,132,122,144,139,120,126,135,139,138,142,141,125,126,130,130,129,121,115,121,115,118,127,149,148,144,113,115,111,119,118,114,113,115,116,120,114,142,143,146,113,129,124,120,115,132,132,124,134,128,126,141,144,147,135,130,132,135,136,142,125,125,128,127,119,143,144,146,132,123,116,130,131,126,120,127,122,125,135,140,142,145,126,132,123,124,123,128,141,139,139,127,155,148,143,144,135,142,139,130,146,141,138,137,132,130,150,142,144,151,146,120,127,137,136,137,134,142,142,139,136,140,139,137,142,138,137,136,136,137,138,142,141,140,141,136
143,113,108,132,141,132,132,133,137,131,130,123,127,119,110,115,110,125,119,119,118,119,112,115,113,127,125,94,127,129,118,102,98,106,127,121,101,110,116,119,135,109,128,138,113,115,119,140,125,134,100,104,121,108,114,104,111,141,114,105,114,127,128,111,123,115,116,137,111,114,119,141,112,117,119,121,135,145,138,138,137,127,143,125,135,138,124,110,131,134,125,127,129,154,131,130,133,123,130,142,124,133,141,129,132,117,104,106,129,123,124,115,131,149,125,113,118,130,108,127,124,134,144,124,140,118,130,147,135,133,138,118,134,130,116,118,110,126,121,93,124,143,128,115,88,132,134,96,101,100,96,98,112,89,111,134,122,107,104,120,102,104,111,104,103,132,135,110,123,140,124,122,135,114,113,119,120,112,116,135,130,120,136,136,136,132,120,129,139,145,145,140,135,132,136,137,147
136,128,127,131,133,128,130,125,125,118,124,119,114,112,131,131,123,119,114,116,127,119,112,115,129,119,116,119,135,136,112,115,129,123,121,117,128,135,125,104,117,123,128,135,113,126,125,119,113,115,116,110,131,123,115,119,106,138,115,123,130,117,114,120,126,116,127,115,129,118,109,137,117,120,133,117,120,110,119,118,117,126,117,117,126,135,118,117,124,120,114,109,105,114,122,123,124,130,133,143,121,116,115,122,126,122,128,116,123,117,124,125,132,149,123,112,115,119,120,115,124,114,114,119,115,122,136,152,123,120,113,122,109,117,123,119,120,121,121,113,136,149,123,116,110,125,120,116,120,123,125,115,121,112,131,140,125,125,124,110,117,117,122,117,126,117,117,116,128,135,131,128,114,111,120,116,110,112,132,136,131,120,149,137,143,131,124,131,134,136,132,129,131,127,141,135,147
122,135,143,155,155,156,156,155,152,155,154,159,164,156,129,133,142,159,155,154,162,152,152,155,129,145,143,144,130,135,152,148,146,142,138,126,151,129,117,159,169,143,137,135,152,147,146,163,147,166,129,137,140,150,129,133,148,131,152,143,147,135,121,133,120,122,138,162,148,130,149,133,147,140,136,135,144,165,132,129,175,136,141,146,129,128,152,151,144,140,150,168,152,149,142,144,144,156,131,124,146,145,166,142,145,148,129,145,152,129,159,139,136,127,143,139,152,130,124,121,124,152,164,129,163,144,135,127,150,147,168,161,176,167,135,146,151,156,141,147,138,122,143,147,148,158,149,145,145,138,137,146,131,122,126,122,138,147,137,152,137,114,112,131,111,167,164,141,139,141,145,149,155,154,150,130,154,151,147,146,139,131,136,144,142,139,155,146,150,144,142,140,142,150,136,133,142
132,109,123,109,106,122,117,109,113,118,125,119,122,120,103,108,125,128,117,107,122,129,128,129,125,119,120,115,121,130,110,116,111,117,106,125,108,100,107,126,137,104,124,115,115,101,96,144,128,154,110,120,94,92,90,88,137,121,105,122,104,113,115,117,122,126,101,140,115,102,133,124,105,122,110,102,127,150,122,120,142,103,100,110,130,122,111,116,112,101,107,130,127,119,100,94,84,85,116,123,97,110,138,93,100,108,108,128,112,112,97,114,128,114,105,137,129,117,118,137,131,152,141,102,161,106,124,106,101,123,159,115,147,139,104,98,96,103,100,100,128,116,94,108,110,100,103,109,98,129,103,113,111,139,144,132,92,118,113,132,128,116,107,141,122,136,137,108,129,121,107,143,142,148,133,131,150,140,110,117,120,92,134,128,127,123,124,116,118,125,133,132,138,160,137,122,129
108,132,143,112,113,120,111,117,123,126,129,117,113,123,115,132,132,140,155,150,126,112,128,123,108,107,114,127,110,111,126,130,131,121,106,109,130,114,96,106,124,128,111,108,113,137,132,129,90,110,122,112,125,130,116,106,100,106,110,123,132,112,106,124,92,117,113,121,121,94,106,103,110,113,100,102,103,112,116,129,130,119,119,119,93,94,109,118,133,133,109,118,105,137,132,146,152,149,98,88,107,141,133,131,141,139,127,111,132,117,123,110,102,85,108,101,116,115,116,118,114,114,112,115,125,122,106,96,106,116,123,133,129,123,123,125,108,134,128,131,113,100,108,129,120,146,146,130,134,118,105,129,131,115,114,97,110,135,120,123,124,110,96,101,111,123,122,132,120,94,108,126,119,116,100,105,114,102,110,112,133,130,107,127,120,120,112,112,113,122,136,140,132,116,126,121,123
142,131,128,140,141,137,137,140,136,135,138,141,132,137,134,134,139,133,136,138,134,127,133,138,129,126,133,141,132,134,135,137,143,136,141,133,140,139,135,129,135,140,130,138,132,134,137,132,132,126,136,137,134,141,136,139,136,138,137,135,135,133,141,137,137,138,134,134,137,142,137,138,136,133,139,132,143,128,136,142,133,141,136,136,134,137,135,136,141,141,137,138,142,142,145,146,145,141,126,137,136,144,133,142,136,140,134,133,139,129,143,139,134,134,137,128,130,129,116,126,122,131,128,132,123,143,138,131,141,133,135,132,126,130,134,144,140,144,150,139,131,134,138,136,134,140,139,139,140,137,130,138,146,128,134,138,137,140,135,136,135,123,131,127,125,129,131,134,131,132,139,137,134,134,131,121,123,124,128,131,134,128,126,118,127,130,133,130,134,136,127,130,127,137,122,123,122
111,132,120,122,122,126,127,126,129,138,137,136,123,144,119,131,136,127,128,130,147,139,142,141,138,147,135,129,129,134,135,131,129,136,138,131,129,135,138,146,112,133,128,131,146,135,132,116,134,126,133,131,138,137,128,123,120,135,141,132,132,138,129,133,123,134,131,119,142,132,124,127,138,139,136,141,141,113,138,144,112,146,143,145,138,133,139,145,141,141,137,132,137,139,145,139,143,142,131,128,142,134,112,130,143,141,137,132,134,139,135,132,133,131,143,140,132,135,141,136,138,114,119,132,127,134,125,131,140,128,112,140,118,127,136,142,136,139,144,138,135,129,147,147,135,141,150,139,138,140,134,145,138,142,126,125,148,139,136,141,137,124,124,136,143,128,126,132,148,136,149,135,119,129,134,138,132,122,150,149,137,135,141,142,142,141,152,158,151,142,139,143,139,132,137,140,139
114,138,120,124,120,109,94,102,105,106,107,102,96,118,119,121,116,122,126,121,119,112,120,117,118,120,129,137,125,126,120,125,135,125,122,124,123,123,125,127,127,144,120,128,112,131,135,136,123,96,127,123,129,124,135,132,132,128,113,126,130,129,130,129,118,121,117,126,131,128,123,124,113,126,120,108,102,116,126,132,122,128,132,128,123,132,115,126,132,124,121,133,140,131,136,129,130,132,112,135,115,132,131,124,124,133,126,128,121,113,127,123,114,127,117,131,124,118,116,109,117,117,123,119,131,138,120,122,120,133,132,122,120,128,133,139,141,142,140,140,124,126,121,134,129,142,138,133,139,141,133,136,137,137,136,138,123,137,135,126,137,131,122,134,136,129,130,154,133,122,137,140,128,119,120,129,117,114,100,100,109,150,143,125,134,140,113,104,107,113,113,113,120,125,127,136,121
114,131,128,135,136,138,134,136,136,134,133,138,124,140,133,132,131,137,141,139,140,140,139,148,145,149,149,156,143,132,131,146,149,146,145,145,146,145,149,125,118,155,140,135,132,143,143,126,119,117,152,140,140,143,155,154,128,134,134,149,152,147,141,144,141,144,146,123,152,140,134,134,132,149,158,147,127,115,151,152,119,154,150,144,131,134,129,155,155,152,149,135,138,145,150,150,152,150,141,128,131,155,125,160,156,154,156,151,161,154,161,159,138,132,136,161,159,152,152,145,149,114,127,154,120,159,130,133,132,162,122,158,124,130,162,154,163,152,151,166,136,134,134,152,160,146,148,158,154,156,167,151,149,147,146,134,139,155,160,152,156,149,152,142,156,129,127,142,140,127,135,134,121,108,120,149,123,119,130,129,127,127,139,131,130,140,129,131,129,130,134,130,132,124,132,126,135
122,105,100,121,108,111,120,121,118,124,123,125,107,124,118,117,118,122,114,111,114,109,111,116,117,115,114,118,133,133,115,118,110,117,124,120,110,113,124,127,114,122,135,145,122,116,112,120,138,127,117,128,121,125,120,117,139,146,132,114,110,123,126,117,123,126,108,119,105,111,129,144,130,119,108,126,133,113,124,124,109,124,113,117,131,146,125,120,109,118,126,116,123,120,112,118,118,119,126,139,126,124,115,125,129,123,116,120,127,116,111,107,132,140,130,113,114,123,118,116,104,98,109,119,114,116,126,134,123,115,113,119,111,123,126,114,106,118,118,119,117,140,128,126,131,124,128,121,122,125,105,123,112,101,113,135,128,129,113,114,113,94,98,105,104,123,120,123,117,139,114,111,97,112,118,110,115,136,140,129,111,143,118,107,119,128,134,126,113,108,97,100,98,115,91,135,97
125,130,116,143,134,125,128,129,125,132,136,130,129,139,143,118,119,134,125,134,141,142,132,123,140,124,117,137,139,130,130,135,130,123,125,132,128,121,125,104,120,118,131,140,134,112,122,130,100,118,129,132,120,122,124,110,122,137,139,118,112,121,121,114,131,127,127,131,116,116,126,134,134,118,115,112,124,128,117,113,121,107,108,120,129,126,143,129,119,113,112,109,109,107,117,114,119,106,129,126,141,101,120,103,100,108,112,105,101,115,107,112,124,127,134,119,105,121,134,116,124,122,128,123,129,116,134,131,130,109,122,119,115,127,114,122,125,126,124,110,133,133,147,115,116,113,125,124,116,111,127,129,124,112,121,121,141,126,127,124,141,144,138,131,144,134,129,119,133,122,128,141,130,125,130,111,124,110,123,127,129,140,142,142,155,152,139,138,127,129,132,145,149,138,136,151,146
127,114,113,116,132,139,134,135,139,145,145,129,121,125,106,109,120,128,146,144,142,142,125,160,170,145,147,154,107,105,120,164,172,156,159,171,165,174,167,148,119,149,112,108,127,169,173,134,147,132,175,162,179,165,152,174,115,110,127,171,179,162,169,181,169,167,185,136,154,135,118,111,116,159,148,156,163,137,155,161,127,164,151,150,120,120,125,161,166,168,159,152,161,162,163,171,160,152,122,120,129,160,126,163,168,156,159,155,152,159,148,168,117,119,124,152,166,175,173,159,168,136,127,156,120,155,120,126,130,141,131,173,139,131,166,152,152,152,146,152,126,126,130,148,169,159,161,167,150,144,156,131,136,140,111,119,129,139,139,127,142,141,148,143,156,130,131,112,116,107,119,125,132,123,127,138,136,117,139,123,118,137,131,110,122,111,142,133,122,120,118,113,120,125,115,131,112
148,119,139,131,131,129,130,133,132,129,133,135,135,121,110,137,120,115,111,102,92,105,117,109,110,108,109,101,119,145,117,94,96,107,107,120,111,107,121,113,125,108,122,148,132,110,100,135,114,119,114,115,100,100,112,98,130,150,120,116,116,119,118,119,123,128,108,134,96,105,126,144,123,132,117,107,117,135,124,117,125,116,116,114,132,138,132,114,105,116,104,114,122,123,114,106,115,106,124,133,130,124,133,115,121,120,114,114,110,121,119,102,130,137,130,119,122,128,133,134,120,134,134,137,135,115,140,134,118,129,137,120,126,134,123,122,113,109,108,120,130,139,123,117,115,110,117,122,120,104,107,97,100,126,139,142,119,113,115,114,111,132,129,115,114,134,134,117,124,119,122,119,136,133,115,137,119,109,113,115,126,128,109,141,111,111,110,112,129,143,144,142,136,139,143,113,133
151,129,129,127,129,126,117,124,126,121,113,124,126,127,152,119,126,117,112,121,111,113,101,109,85,107,110,101,128,140,114,106,106,114,111,102,107,111,96,94,139,112,129,141,125,107,103,140,125,126,105,101,117,121,113,114,133,143,118,100,113,110,125,115,115,108,109,143,116,115,116,144,113,93,115,96,114,140,115,116,135,124,122,112,131,149,116,103,104,109,106,126,118,117,121,119,114,114,126,156,113,117,147,123,119,119,122,124,134,101,113,116,130,151,121,108,131,104,121,120,119,137,130,112,122,116,133,145,112,116,140,110,117,141,113,113,112,111,121,119,139,155,121,110,130,128,101,116,120,141,120,120,127,121,156,154,112,135,121,123,123,96,96,117,121,138,136,105,128,126,113,118,132,108,97,111,109,115,100,116,124,137,154,151,144,108,98,116,119,124,129,123,131,135,135,140,156
113,120,120,117,107,91,100,98,96,96,92,94,108,101,120,121,104,102,101,102,96,96,90,94,96,94,100,107,111,121,113,111,107,102,101,105,107,108,91,92,134,108,107,119,107,115,109,145,100,103,102,89,109,105,100,107,112,116,102,113,107,106,111,112,96,105,105,147,98,96,96,117,97,104,105,98,91,126,100,108,132,100,107,106,96,115,101,108,110,105,98,97,94,104,107,105,103,112,107,119,97,112,142,102,110,108,100,86,108,91,100,103,105,112,96,96,100,96,108,96,96,127,121,96,126,101,104,113,94,103,146,102,125,150,91,100,96,102,97,105,106,113,104,111,90,105,97,96,100,87,90,90,101,103,120,116,109,100,91,87,93,97,96,82,92,152,150,103,103,102,101,96,137,109,85,86,100,123,96,102,103,104,92,111,100,101,97,100,100,98,100,102,102,116,105,103,108
143,112,115,119,116,117,119,109,114,106,121,113,130,106,129,96,107,109,103,111,93,94,109,94,112,85,89,98,121,110,110,84,105,88,85,101,96,92,101,74,140,93,124,111,124,103,106,137,113,148,90,105,93,89,92,101,117,116,121,89,96,88,98,91,127,106,92,131,98,115,119,124,114,107,100,108,131,148,100,83,150,94,98,90,121,122,116,86,77,88,85,133,112,96,97,100,112,100,121,129,118,100,139,101,111,90,92,130,92,101,92,90,118,127,124,79,98,106,111,123,104,143,141,106,134,92,122,131,121,101,134,105,159,128,93,97,102,96,107,93,117,131,113,83,100,104,108,101,101,102,102,113,97,94,131,130,112,108,112,121,104,111,102,121,114,125,126,110,118,137,127,108,140,130,123,119,131,134,132,117,113,115,127,112,113,113,130,126,120,121,116,115,121,141,109,119,112
143,152,158,140,135,139,138,134,138,136,135,132,119,155,127,152,146,152,144,145,139,151,142,146,160,146,149,160,124,137,158,154,154,156,143,152,149,150,162,143,125,160,128,132,147,156,154,132,143,108,155,148,143,143,144,148,125,121,143,158,141,149,142,142,135,142,146,130,128,139,142,126,145,165,156,150,126,101,138,135,117,145,147,151,131,121,138,150,147,149,143,105,130,129,143,139,136,146,133,125,137,145,128,142,138,130,137,124,134,133,138,146,130,120,137,141,129,127,129,127,127,122,117,136,117,141,128,119,134,144,131,130,109,132,130,130,141,139,138,147,128,120,137,139,131,143,142,138,140,136,137,138,126,118,142,122,136,132,123,129,136,135,144,129,141,134,134,143,121,129,141,123,120,118,131,138,128,141,144,134,133,140,128,132,133,140,142,134,134,129,134,144,143,137,142,139,145
131,91,94,108,105,116,113,114,106,108,106,103,114,96,113,96,93,89,94,110,103,101,103,100,106,100,94,105,121,109,96,104,114,112,106,115,103,114,115,108,127,100,122,111,106,96,106,129,126,138,102,105,111,109,96,102,127,121,108,98,106,110,122,115,111,113,106,131,112,111,116,119,115,104,103,133,118,128,109,110,135,107,98,109,126,115,119,98,105,106,113,123,108,105,100,94,94,93,118,116,113,100,132,107,112,108,106,114,101,108,105,106,114,114,114,98,100,122,128,119,111,134,127,104,128,98,118,113,112,97,129,122,142,134,115,108,111,94,116,102,120,119,103,100,115,109,117,102,102,101,107,120,101,103,121,121,94,106,101,110,107,112,103,108,123,130,126,115,106,110,103,113,126,119,116,112,120,122,116,112,120,126,112,139,111,121,103,102,118,128,133,140,117,120,135,110,123
88,112,116,97,105,114,114,111,110,113,122,127,144,135,112,123,130,116,114,121,125,119,122,111,112,118,119,105,101,124,120,109,103,107,105,107,112,109,109,118,130,106,101,119,124,112,117,131,115,129,108,113,109,119,118,115,106,113,125,118,130,112,100,117,98,103,114,128,120,113,104,109,126,103,113,113,120,130,110,108,137,111,114,114,113,108,122,103,113,114,124,128,113,108,109,119,130,131,107,104,120,114,136,122,125,131,124,115,131,127,124,114,106,107,118,115,125,114,124,122,115,118,134,122,148,110,104,106,124,113,127,124,142,128,118,125,129,130,121,107,106,109,124,120,125,136,144,126,127,118,152,140,122,117,114,104,128,122,132,135,127,145,146,125,144,126,127,135,125,109,121,133,130,139,132,139,143,131,121,120,129,147,127,104,138,137,134,120,111,115,111,109,114,118,120,138,117
156,108,111,141,142,128,130,135,130,124,123,134,128,114,105,113,114,130,109,107,116,113,121,114,112,109,111,123,110,124,121,122,105,109,107,98,108,115,110,112,138,106,119,139,125,109,100,137,122,128,103,122,97,102,97,101,121,130,137,103,96,103,104,100,122,117,100,133,115,139,133,128,134,108,106,120,122,114,109,102,133,94,104,113,120,129,135,109,103,96,102,105,94,96,96,97,94,101,129,132,139,94,134,100,102,91,96,116,87,101,113,113,117,121,134,97,91,97,86,115,113,130,122,104,131,101,125,125,131,97,130,105,129,126,105,107,94,100,114,117,125,117,132,105,106,107,112,103,102,118,96,117,105,120,108,123,146,103,96,116,104,109,101,121,124,131,130,136,109,112,135,124,141,136,121,118,119,128,116,117,132,128,118,106,110,124,121,117,121,124,123,118,113,127,106,114,117
136,148,140,133,136,145,139,142,142,140,136,147,166,129,147,125,119,119,114,109,117,134,125,120,117,117,116,123,131,108,100,114,118,112,117,114,106,120,112,121,143,116,125,114,109,101,105,132,123,135,112,125,101,106,101,113,144,113,104,105,87,96,121,104,135,116,97,130,101,119,120,119,100,102,89,109,121,152,124,110,134,105,102,100,129,118,101,102,106,103,111,128,113,104,117,106,107,100,119,124,93,104,135,100,96,102,104,119,96,116,96,82,123,114,100,113,104,100,89,112,101,137,128,103,129,107,122,109,113,101,125,108,139,127,123,110,120,98,121,122,124,109,98,109,118,101,113,113,106,131,102,98,88,128,126,118,94,106,115,112,107,113,111,127,102,125,123,118,116,142,113,111,124,125,124,121,124,131,122,126,113,124,129,106,138,126,123,123,127,125,115,112,111,124,108,124,104
125,98,100,97,90,84,83,85,84,86,83,84,91,89,96,100,90,89,86,85,79,84,87,86,88,88,89,91,88,93,89,97,96,91,86,91,94,92,88,80,106,93,86,91,84,100,96,121,76,87,96,90,90,93,89,90,91,89,80,100,96,94,93,96,92,93,94,121,79,88,84,89,79,96,88,85,87,98,85,93,104,90,92,91,87,91,83,94,98,97,84,85,85,93,96,93,94,100,85,90,82,96,118,90,93,96,92,82,89,80,82,89,85,90,80,90,84,90,96,85,90,101,93,88,100,91,87,91,82,90,114,83,96,129,86,94,89,96,89,96,87,94,85,94,92,94,92,94,96,86,91,82,88,100,101,97,92,91,89,84,86,96,92,89,92,130,125,97,92,93,94,87,109,92,87,88,86,104,91,91,96,110,96,104,96,97,92,88,85,90,93,93,93,96,93,100,100
148,116,123,126,117,109,114,112,114,114,111,118,143,114,135,125,124,119,103,100,116,106,132,116,120,113,111,118,162,135,117,119,117,110,110,114,119,120,124,126,145,111,160,134,122,123,108,146,117,150,122,135,108,100,126,126,165,138,119,126,117,122,119,115,154,145,112,139,135,127,140,134,120,127,115,118,147,156,118,108,138,116,118,116,141,142,121,120,107,109,116,123,113,111,104,106,116,104,150,144,118,104,138,91,96,106,100,115,93,118,103,109,139,141,120,123,119,106,109,114,124,150,137,119,146,110,143,137,116,114,143,103,142,131,112,102,100,107,96,96,143,134,110,115,106,110,98,97,94,93,97,101,97,118,131,130,104,97,96,101,97,106,100,98,105,131,133,102,118,149,110,96,140,115,101,116,124,145,112,111,117,120,127,146,134,115,123,116,123,129,134,126,125,126,123,137,143
110,100,102,102,107,118,112,119,119,123,106,110,104,101,112,124,122,111,106,113,116,104,108,100,96,98,100,91,118,125,123,88,100,101,104,110,100,100,100,96,119,100,117,131,132,101,107,126,106,103,110,96,107,115,100,100,93,122,113,100,117,102,104,104,98,100,111,121,96,102,97,121,109,100,115,114,96,123,108,112,124,111,117,127,124,127,131,108,129,127,117,120,110,116,123,129,134,140,130,121,131,125,138,126,124,124,129,113,131,114,127,137,120,122,136,109,122,125,136,138,126,121,123,122,132,135,120,122,121,117,127,120,138,125,129,130,121,139,134,138,125,115,135,128,125,132,136,133,131,119,137,128,123,134,133,126,140,129,127,128,140,132,127,121,123,128,130,121,112,119,127,117,131,121,120,126,132,143,128,118,124,120,114,118,108,123,129,119,114,124,126,124,133,127,138,119,133
143,100,101,118,111,109,104,97,96,92,96,92,108,97,121,112,106,108,112,109,108,110,103,100,120,113,104,114,88,96,110,119,117,118,111,112,112,105,116,113,133,107,86,94,109,102,100,125,92,119,104,104,108,116,110,104,116,96,114,113,108,118,101,105,117,125,113,127,113,113,102,97,113,107,113,120,129,145,113,112,138,121,122,113,96,97,117,119,111,111,119,120,104,107,94,98,102,100,101,103,121,107,131,105,93,109,112,106,107,102,100,102,102,96,118,96,91,97,106,104,100,123,133,94,132,103,110,92,121,101,130,97,124,122,87,94,94,100,89,100,104,92,124,89,87,96,96,83,102,87,90,112,106,107,101,109,128,101,88,88,100,111,100,100,96,122,120,127,115,105,103,113,130,119,118,109,114,140,119,114,116,97,86,131,100,100,127,107,105,125,133,122,126,118,119,90,128
118,139,129,131,129,129,129,128,127,125,128,131,125,127,136,134,138,131,138,139,126,134,136,142,129,131,136,134,140,136,132,128,121,128,139,126,136,131,125,136,129,135,137,138,130,149,142,126,136,121,137,142,142,141,134,135,138,139,133,136,146,135,140,143,134,135,138,127,130,135,144,139,136,131,132,131,131,125,144,148,124,145,143,144,135,136,137,138,141,147,141,138,146,158,148,152,147,144,132,137,134,152,128,146,146,146,136,135,146,136,137,139,133,136,135,126,138,143,122,118,124,126,121,131,124,143,132,135,138,131,126,136,126,127,139,146,145,145,139,142,125,136,139,138,130,138,130,140,143,141,139,132,136,131,132,134,136,141,133,122,132,124,126,125,122,127,126,131,124,129,126,127,129,132,120,111,116,121,126,131,133,130,130,131,122,121,122,132,132,128,132,135,136,131,134,125,127
115,139,136,137,127,124,131,127,128,122,119,120,110,120,124,143,123,134,123,119,109,121,101,120,123,112,96,109,123,132,135,123,125,116,131,118,124,127,127,131,126,119,128,137,131,136,126,142,120,118,121,129,113,124,105,108,124,130,126,118,109,113,142,128,149,136,119,134,101,113,125,141,126,124,107,102,146,140,114,122,140,98,110,104,124,137,134,116,108,110,105,110,101,105,116,113,109,117,134,125,133,118,137,109,100,107,112,131,118,117,116,101,129,134,128,115,113,119,114,122,124,151,126,118,128,105,125,137,120,124,132,104,118,127,108,106,105,111,98,124,131,141,121,112,107,113,118,107,108,104,113,108,122,129,115,128,123,119,120,105,110,122,116,122,115,127,125,126,131,113,122,129,145,104,119,127,108,87,98,110,125,172,139,115,139,133,123,122,131,124,112,104,101,115,90,167,121
123,134,130,131,129,131,129,131,129,129,123,129,140,124,135,132,129,127,119,122,120,118,123,115,123,119,120,121,139,131,131,125,125,119,125,126,119,123,122,121,143,116,138,135,133,119,120,143,136,133,122,127,121,122,119,122,132,134,131,122,120,124,127,124,127,127,123,142,123,123,126,131,128,122,121,129,133,143,127,122,147,123,120,118,134,129,131,115,118,119,126,132,126,124,119,121,122,117,136,136,132,118,143,120,122,119,129,126,122,129,122,124,134,133,133,123,129,125,134,137,133,143,142,118,145,118,131,132,131,123,142,127,150,139,124,124,120,118,124,123,130,133,133,122,129,123,128,123,127,130,130,129,132,133,135,134,131,124,132,127,127,138,137,134,135,138,140,126,133,131,131,128,143,125,128,129,136,138,133,135,138,136,135,135,134,136,130,132,135,137,141,139,140,141,142,134,135
119,149,156,156,158,152,163,154,156,152,154,149,107,164,129,142,152,167,155,152,142,150,148,143,138,144,148,136,141,140,154,133,138,140,134,142,145,127,135,134,113,134,138,139,147,137,142,120,136,122,140,127,145,144,136,123,125,133,138,134,145,145,138,136,142,137,137,121,146,123,138,136,144,141,145,141,136,107,144,142,118,140,144,156,138,128,148,152,155,156,144,139,139,152,156,158,164,163,147,129,151,161,118,165,165,155,158,156,159,160,166,152,142,133,150,152,161,160,152,148,149,116,122,162,130,155,144,132,148,163,120,166,115,129,158,163,163,165,163,152,147,134,145,154,152,170,170,163,159,158,161,155,154,135,134,138,139,165,160,167,159,145,143,159,159,129,126,138,145,145,138,164,123,146,165,163,142,141,169,161,166,148,142,159,161,158,164,152,161,165,172,174,160,142,159,151,166
114,130,131,124,126,126,128,127,126,127,127,127,132,125,128,128,128,131,130,130,134,128,126,129,127,128,130,131,126,130,127,130,131,131,136,129,133,132,132,131,130,134,126,131,128,132,132,126,121,134,131,129,135,136,136,132,127,131,127,126,131,129,131,132,131,128,131,127,136,127,123,135,124,125,129,128,133,135,133,134,133,134,134,128,124,135,127,126,132,132,133,136,130,134,134,134,132,130,127,135,125,129,127,133,135,131,132,132,132,133,132,130,125,134,127,127,130,135,138,133,132,136,137,135,135,131,125,133,126,129,128,135,136,124,137,139,136,137,132,131,129,135,130,129,133,134,132,133,131,128,140,130,134,127,128,137,131,132,134,128,132,131,128,131,134,124,125,131,129,125,131,135,131,134,128,131,130,128,124,125,123,128,129,127,128,133,125,125,123,125,124,126,128,128,128,128,124
118,125,121,113,120,120,119,116,116,118,118,119,119,131,123,127,131,129,126,126,127,127,122,119,111,124,124,116,125,123,129,114,112,123,119,115,118,115,116,124,117,117,124,123,127,113,117,111,122,122,113,116,116,117,118,113,114,122,124,114,116,117,114,112,113,112,116,107,117,115,116,122,121,115,122,121,119,120,116,115,118,118,117,123,121,119,123,120,123,122,122,122,115,120,120,117,120,122,124,115,123,121,110,120,117,118,124,117,123,122,129,126,119,119,122,116,121,123,125,125,123,121,123,118,120,123,120,120,121,121,115,125,123,100,122,117,122,123,128,120,122,115,125,128,123,126,123,118,115,126,121,130,128,115,116,120,124,131,123,127,133,117,121,123,122,100,100,124,118,121,119,128,116,121,122,122,124,129,124,129,127,121,115,123,126,121,127,127,125,122,124,126,120,114,123,119,117
127,130,120,121,128,127,127,124,123,126,129,133,133,134,133,141,143,134,132,136,134,121,134,128,123,119,113,116,140,148,151,131,135,132,138,129,136,133,137,144,139,131,144,148,148,137,129,139,140,149,131,143,134,137,125,129,147,137,143,118,118,130,139,128,139,125,118,132,119,125,130,130,132,115,105,112,131,128,121,124,126,118,114,119,131,132,142,116,125,127,132,131,132,131,127,130,127,128,136,141,148,138,137,141,140,133,135,137,137,135,133,129,136,139,143,129,135,130,125,134,131,140,139,133,135,128,133,133,133,116,124,128,122,127,124,116,120,123,120,110,135,127,132,119,111,117,118,121,110,120,114,126,122,104,107,131,136,121,118,135,124,115,112,118,115,130,130,117,129,143,134,134,135,151,144,143,143,142,140,134,140,138,146,138,150,141,146,137,139,139,140,145,150,151,151,136,143
125,116,119,136,129,138,134,136,137,135,135,138,128,131,133,123,131,136,122,128,120,115,127,114,132,120,123,131,129,131,136,129,135,124,126,130,120,124,127,113,124,123,130,132,131,111,122,128,123,117,114,130,110,117,122,123,126,134,132,113,119,123,123,119,114,125,119,128,114,136,129,132,129,120,127,132,125,117,117,114,117,124,120,119,125,134,125,114,114,116,114,121,124,110,113,117,117,122,129,134,127,112,130,121,114,116,121,126,117,120,113,120,128,133,126,122,116,119,117,115,119,120,121,125,117,118,126,134,135,123,127,114,122,132,120,120,125,124,131,121,124,133,130,126,130,129,130,124,120,121,124,124,120,120,123,136,137,122,123,122,117,124,123,131,120,132,132,136,134,138,148,131,125,120,128,125,127,132,137,140,144,139,140,132,143,143,133,135,136,137,134,139,135,122,130,143,136
114,133,128,135,123,119,121,120,117,110,121,121,141,121,150,125,136,105,107,116,111,122,102,112,124,118,127,127,134,118,109,135,131,125,115,113,129,121,122,130,141,120,132,120,121,113,122,125,129,139,135,133,115,121,121,123,146,125,123,117,112,121,128,115,133,122,107,134,121,115,132,136,124,113,105,97,129,129,102,100,135,97,100,111,135,134,123,120,111,101,110,98,96,84,110,111,116,107,134,132,125,122,131,118,104,112,123,135,119,114,130,105,135,130,132,127,118,112,100,101,115,136,132,112,134,118,133,137,128,122,133,116,132,129,122,124,134,125,125,123,144,138,132,125,124,110,104,118,121,137,147,135,114,117,144,139,135,125,128,146,129,129,134,136,128,124,123,141,127,147,141,132,133,123,135,144,134,136,138,136,137,125,141,140,142,134,141,131,126,130,124,125,136,133,136,125,131
106,121,122,110,118,114,116,115,114,115,120,114,109,114,116,116,120,112,114,109,116,111,112,119,113,111,118,117,119,119,115,122,119,123,120,113,116,121,118,122,111,119,120,120,120,118,117,107,116,113,118,118,119,119,117,118,114,121,118,118,121,123,120,119,111,113,120,111,116,120,117,122,117,119,122,116,118,106,115,122,108,122,122,113,119,122,118,117,123,119,125,122,124,122,125,119,119,117,121,118,115,113,104,114,113,116,110,111,115,108,114,114,122,121,115,113,114,109,106,106,104,110,109,117,108,116,122,124,114,113,109,109,100,110,109,113,118,119,120,114,123,129,115,116,117,113,111,115,112,108,109,116,112,119,118,127,116,107,107,109,107,114,113,112,107,110,108,114,117,123,120,113,110,121,117,111,115,113,115,120,119,114,111,111,112,112,112,115,116,122,114,114,115,119,111,112,110
130,123,121,131,124,122,123,121,122,120,120,128,131,119,125,116,125,120,125,122,128,128,126,134,134,131,128,123,123,117,127,133,129,127,132,136,135,131,136,129,139,128,125,119,128,127,127,132,136,129,130,134,131,129,133,126,126,122,129,131,128,133,133,132,135,137,136,134,131,128,126,121,127,131,136,132,133,134,137,136,133,131,135,131,122,121,127,133,128,126,131,129,133,129,127,127,123,121,123,125,125,128,131,126,127,130,134,130,133,129,128,124,125,124,125,135,129,126,124,127,133,131,132,127,128,121,124,122,122,124,137,126,128,129,128,125,125,121,118,117,123,122,125,122,127,123,118,126,124,127,125,122,121,117,122,123,122,118,119,127,121,123,126,121,124,128,130,104,117,128,117,115,137,115,117,122,124,120,120,120,120,116,117,124,122,115,123,120,122,119,123,123,122,122,127,116,124
104,125,119,100,102,123,118,123,122,126,115,113,106,119,125,109,132,107,119,130,120,127,110,126,125,116,138,132,98,104,140,124,133,138,133,149,139,143,122,109,123,128,100,106,131,141,143,119,131,125,143,139,133,133,129,134,98,104,119,138,149,111,122,145,127,136,142,121,131,133,122,103,127,127,143,139,118,126,145,140,118,138,122,121,108,94,124,130,128,131,128,134,137,132,131,131,133,123,105,96,128,135,117,143,148,134,133,137,145,134,126,142,107,94,118,116,135,137,139,147,136,131,127,126,127,133,108,100,110,134,123,134,141,123,134,134,134,127,136,126,109,97,123,109,114,125,120,126,131,128,128,126,143,114,123,93,125,113,110,119,142,132,136,120,135,121,122,123,113,111,124,108,124,119,124,128,121,128,127,123,111,96,100,105,103,102,121,119,115,113,105,100,96,90,100,97,100
121,131,144,127,138,131,128,126,127,132,126,123,102,130,140,142,142,124,127,134,128,138,126,126,141,139,131,132,125,120,136,132,124,140,140,140,137,149,140,115,108,131,128,127,119,141,139,122,136,116,134,128,138,124,124,136,121,127,132,141,137,144,135,141,136,134,141,120,141,129,123,124,127,137,146,137,136,100,126,136,113,143,137,123,114,122,128,136,138,132,134,126,131,132,127,132,124,124,134,123,136,133,115,129,131,132,149,136,130,131,102,139,128,131,139,128,118,135,142,133,159,106,116,127,114,124,132,137,141,128,118,121,104,131,126,139,135,140,128,138,130,127,144,133,126,124,128,135,148,155,156,126,134,133,107,116,156,140,130,121,137,152,169,150,158,131,131,130,127,152,152,134,121,137,136,144,142,122,130,132,142,138,155,121,134,140,142,145,132,123,130,150,144,131,137,156,134
